Timestamp_ms,Measured_Distance_m,X,Y
1771415106247,1.9502707092821974,-1.2173516729369744,1.523683282011598
1771415106258,1.982804326841929,-1.2648739006136063,1.5269600564813726
1771415106271,1.9456431714936,-1.1940919661422749,1.5361223021537542
1771415106283,1.921856894521101,-1.2387353413260556,1.469376969047804
1771415106296,1.9812093825106099,-1.2385491579213088,1.5463462098639131
1771415106307,1.9389776731534518,-1.2339198019488609,1.4956859093225616
1771415106319,1.9544153706420573,-1.2507852083203728,1.5017575715304026
1771415106331,1.9567706854752656,-1.1457409565547239,1.5862626440814924
1771415106343,1.9488144825624818,-1.2740012941524552,1.4747198343899572
1771415106355,1.9825902031415588,-1.2991815465138394,1.4975951464901305
1771415106369,1.9722608208342038,-1.30381582712343,1.4798233118653232
1771415106381,1.9668379310910824,-1.2537154092519167,1.5154699336453192
1771415106393,1.942486025699092,-1.2297344152782907,1.5036639345001308
1771415106405,1.9439675874638704,-1.248750771626242,1.4898427740781797
1771415106416,1.9700018609386678,-1.2585345705879787,1.5155850575724037
1771415106429,1.9573263525095446,-1.2848245936814005,1.4766015758151358
1771415106442,1.972475858025644,-1.2262597326045082,1.544975106170556
1771415106454,1.974650622638082,-1.277808366833113,1.5054736328266456
1771415106467,1.9442038986818482,-1.2498488924005922,1.4892301856377714
1771415106481,1.933286736441096,-1.2617404197174316,1.4647896499328301
1771415106494,1.963365821737625,-1.221444046715398,1.5371661558566052
1771415106506,1.9570897781863876,-1.2197742841511225,1.530474140782934
1771415106522,1.94427176691732,-1.2133463159247557,1.5192048648104115
1771415106536,1.9536393146487814,-1.21565215426339,1.5293450923765175
1771415106549,1.979642543410882,-1.3317291660767423,1.4647464039562788
1771415106563,1.955236053037548,-1.2012029135470577,1.5427441730837648
1771415106576,1.9475755145898288,-1.2868073308471812,1.4619087790651608
1771415106590,1.9830504445012764,-1.258765489560787,1.532318017817288
1771415106603,1.9595430581104742,-1.2999377104129697,1.4662779223718934
1771415106616,1.9857946875004229,-1.2677326564765248,1.528474550853849
1771415106629,1.9332484674479433,-1.2221877161295385,1.4979008056049252
1771415106641,1.9880843599301512,-1.3130818247108837,1.4927476490729485
1771415106653,1.9681490747316017,-1.2429238895754575,1.5260245689665275
1771415106667,1.9786779277699904,-1.2357451564203903,1.5453479382416404
1771415106681,1.9722943074117645,-1.3041388967316276,1.4795832430385474
1771415106694,1.9602942692961003,-1.2563764149556194,1.5047497885623369
1771415106706,1.9465289149401357,-1.1872098901216395,1.5425652315203355
1771415106718,1.9465124838091266,-1.2246356984441298,1.5130030587282477
1771415106731,1.9828294942520963,-1.3009281728873026,1.4963952326388
1771415106744,1.9282909242619177,-1.1661681800076285,1.5356945218788067
1771415106756,1.9545676742560196,-1.2083538028570278,1.5362994110418533
1771415106767,1.9849264300683596,-1.3520858406603655,1.4532022613076523
1771415106779,1.9667897360215003,-1.2543188058716703,1.5149079836597963
1771415106791,1.9393229189251993,-1.2297449294545135,1.4995668682487848
1771415106803,1.9798205215334872,-1.294428290642098,1.4980469611699445
1771415106815,1.9962855824005954,-1.2644946683815292,1.5447360163261459
1771415106827,1.991631313392592,-1.348287891074054,1.4658496004941917
1771415106839,1.943358539068517,-1.2202752916685249,1.5124716935909304
1771415106852,1.9315887204188766,-1.2018028210833114,1.5121854926184246
1771415106865,1.9645522097025527,-1.2101297270369948,1.5475953697231557
1771415106877,1.9336221823233666,-1.2187527253718782,1.5011783832614956
1771415106889,1.9688512013135901,-1.2353213965743592,1.5330871143152764
1771415106900,2.3546161091840347,-1.8542385394529073,1.4512120659767518
1771415106913,2.1460835908624296,-1.5992918663685376,1.4310626489208709
1771415106924,2.3780412821923904,-1.8452814638679982,1.5000055529618566
1771415106938,2.0172964808297635,-1.4016666919672591,1.4507982548230849
1771415106950,2.325976412210776,-1.7997034322783776,1.4735107145882385
1771415106962,2.346436877031324,-1.838070154711897,1.4585143551744348
1771415106975,1.8818642233464704,-0.8031648401646106,1.7018634477051235
1771415106987,1.8876724080316942,-1.0639692128112992,1.5592551536659676
1771415106999,1.8981452365909983,-1.0957233481199942,1.5499502197095902
1771415107011,1.8958278046294421,-0.9662394204644154,1.6311175454720241
1771415107023,1.8948266401003337,-1.0974584693877463,1.544653004400349
1771415107035,1.8891212445134418,-0.967091580840949,1.6228102016990678
1771415107049,1.9122566853964234,-1.160290229769094,1.5200171754114158
1771415107065,1.8789397515566233,-0.9725925534173344,1.60763127458283
1771415107077,1.9060979947289185,-1.1176628750641358,1.5440334397975242
1771415107091,1.931790248846417,-1.1292069793917716,1.5673880065991994
1771415107105,1.9249382470564662,-1.1683576675349108,1.529812934869229
1771415107120,1.9165157615743054,-1.1922758711464518,1.5005035526264872
1771415107136,1.9253148519282683,-1.2002656966603866,1.5053901608805362
1771415107150,1.9458535375925827,-1.1542237053993114,1.5665610832826955
1771415107163,1.9269044942410827,-1.1452851134211077,1.5496073499123844
1771415107177,1.9339122450048083,-1.2146012983027314,1.5049120431244003
1771415107189,1.935659573058959,-1.1954544191111278,1.5223884900387505
1771415107203,1.9492439644291044,-1.1925450627174916,1.5418781749059896
1771415107218,1.932883032971538,-1.1119790651160693,1.580993161874157
1771415107231,1.93137362801653,-1.1726505399064444,1.5346318132551722
1771415107245,1.931085462151594,-1.1342327686573535,1.5628842211235963
1771415107259,1.9425908849042444,-1.1510240663632825,1.5648651522625165
1771415107273,1.9258798590473312,-1.0737218452863226,1.5987916157020285
1771415107286,1.9104189782359708,-1.1041150655664091,1.5590479769376744
1771415107304,1.8992238245902966,-1.002288615222545,1.61321686939068
1771415107320,1.9249382470564662,-1.1683576675349108,1.529812934869229
1771415107335,1.9103851512064198,-1.0238395542962224,1.612862050210274
1771415107347,1.8981452365909983,-1.0957233481199942,1.5499502197095902
1771415107360,1.9042723678508753,-1.0611143545518613,1.5812303998862296
1771415107372,1.9087033546267347,-1.0943896905116852,1.5637965664577629
1771415107389,1.929609171766311,-1.1514575432720004,1.5483982310138042
1771415107406,1.94819798022219,-1.1677479958670816,1.5594357916535824
1771415107419,1.9160677198508882,-1.15706391869059,1.5272585226866333
1771415107433,1.9597670714712123,-1.2616385822386362,1.499651646959965
1771415107448,1.929755733908946,-1.149830390939248,1.5497894258985478
1771415107460,1.942309376271017,-1.1960447914043393,1.530373343372413
1771415107472,1.9578348314763878,-1.2442971014135529,1.511569366835676
1771415107486,1.9392674724647505,-1.190737268442918,1.5306544637183535
1771415107498,1.9372229564289596,-1.1399358762964207,1.5663265881825763
1771415107512,1.946708006714724,-1.221809458294311,1.515537433067813
1771415107526,1.9477100139072334,-1.2460755394707363,1.4969535891961478
1771415107540,1.9073413900750018,-1.065398965940575,1.5820481097823775
1771415107554,1.906113126227205,-1.0798781720723278,1.5707101525925706
1771415107568,1.9130797813021705,-1.1140729440895307,1.5552220821718181
1771415107581,1.8802656217604994,-0.9949271678507902,1.5954681880397374
1771415107597,1.8903629623737175,-1.0673750945873195,1.5601866993949947
1771415107611,1.8910402347347708,-1.0592926123920454,1.566503217589218
1771415107625,1.9059586949924232,-1.000483327320061,1.6222551151936
1771415107638,1.9122329726079343,-1.1636344241361298,1.5174287029361067
1771415107652,1.9365246904534879,-1.1102259271468473,1.5866714428094115
1771415107666,1.9162960729876026,-1.1502205240338046,1.532704598231214
1771415107680,1.9050063881097767,-1.0931833476422728,1.5601280419172945
1771415107694,1.9151225382862112,-1.131126732048348,1.54539530628815
1771415107706,1.9329279460674924,-1.1118655900884473,1.5811278741031554
1771415107722,1.8939370993149656,-1.1079991748708529,1.5360128790628989
1771415107735,1.9269891284098508,-1.1403133267349075,1.5533745903292369
1771415107749,1.9172968727628386,-1.1014843774628182,1.569318152737522
1771415107763,1.9401566833458694,-1.1053360017523695,1.5945031449206144
1771415107776,1.9164416111583775,-1.073916355357369,1.5872782083413302
1771415107789,1.9016058813370134,-1.1339844887428496,1.5264940573831716
1771415107801,1.9342751822150104,-1.1377846445376159,1.5642463307252228
1771415107814,1.924550893965678,-1.173155096536991,1.5256484729233577
1771415107828,1.9491082810635663,-1.1948776737069675,1.5398994889885493
1771415107840,1.947333517771191,-1.1780220102941348,1.5506037445774747
1771415107854,1.9190431198946816,-1.1591672363958987,1.5293978599701936
1771415107871,1.9181013668970825,-1.1719023101589379,1.5184722022930155
1771415107887,1.9525160267679664,-1.1546233449464356,1.574536047885367
1771415107904,1.9026653126874793,-1.1166853162148191,1.5405029038123728
1771415107921,1.9271407909678333,-1.1065458476170031,1.5777921014296192
1771415107934,1.8923555090319715,-1.047616737911926,1.5759151446097683
1771415107948,1.8969253062320464,-1.1117826242871771,1.5369661719623695
1771415107962,1.9442991773678269,-1.1763601185184742,1.5480556070995672
1771415107974,1.9245021364316663,-1.2113227873841503,1.4954616604560413
1771415107988,1.9606438218708373,-1.1750924911972886,1.569484575703767
1771415108005,1.9160677198508882,-1.15706391869059,1.5272585226866333
1771415108021,1.9121322959852494,-1.1275939801271175,1.5442738530878863
1771415108034,1.9308690205857264,-1.0987016479589156,1.5878003222792358
1771415108049,1.9083776632880445,-1.1285579347390746,1.5389159475664067
1771415108063,1.9288310555802288,-1.196871003896949,1.5125769537453126
1771415108075,1.9240141834389806,-1.1429089356021682,1.5477692796392768
1771415108087,1.9236862900739644,-1.182721805152995,1.5171480067001286
1771415108098,1.9304147641988882,-1.178350971466068,1.5290487728918338
1771415108112,1.9274394493889855,-1.1397154596429053,1.5543717387137084
1771415108123,1.8950124214144017,-1.1318522159889608,1.5198627038241819
1771415108138,1.8942760843205513,-1.0245069961302427,1.5933195845494987
1771415108153,1.8971862559946648,-1.107520875837912,1.5403613860124767
1771415108166,1.923282803502591,-1.1469650981985255,1.5438548525568176
1771415108181,1.9030339418027833,-1.1576246351856025,1.5104447648506847
1771415108197,1.9453368360944259,-1.237481087366093,1.5009916602956537
1771415108210,1.9406312050232677,-1.1372415432993284,1.572492017818921
1771415108222,1.8852712023993534,-1.1267672237738553,1.5115035990778398
1771415108238,1.948447401509776,-1.1608079466426702,1.564919227136476
1771415108252,1.9106600603386292,-1.1423906750951862,1.5315238854254865
1771415108269,1.9162619675586514,-1.076278696956001,1.5854602154549469
1771415108284,1.9083776632880445,-1.1285579347390746,1.5389159475664067
1771415108296,1.8971453181070554,-1.1031905238319646,1.5434153770592272
1771415108311,1.9512656529630956,-1.169009207844181,1.562323628576684
1771415108325,1.9147307326534766,-1.1682367077752527,1.5170421131841259
1771415108339,1.9483747357395131,-1.1619438699794882,1.5639854711234078
1771415108352,1.9200566269466153,-1.1106556025909942,1.56622526576315
1771415108365,1.9148859194198873,-1.129739557416621,1.5461166245793505
1771415108380,1.9257811464345416,-1.1585112782236369,1.538338273004794
1771415108394,1.9110176153298766,-1.1341592221930763,1.538073855448913
1771415108408,1.9155126206067867,-1.0893147489505615,1.5756211401928621
1771415108422,1.9214174581198544,-1.168271385798228,1.525446497748397
1771415108435,1.9352652641970096,-1.0878633306975687,1.6005639682721569
1771415108450,1.9337339770038524,-1.1437901787894154,1.55918925109302
1771415108464,1.909339304135739,-1.0750873660782434,1.5778985181615746
1771415108479,1.916164896458808,-1.1146646699231635,1.5585925009591444
1771415108495,1.925937517964014,-1.1568043375798882,1.5398178618452711
1771415108509,1.9293717037211333,-1.1184209315711324,1.5721354238561476
1771415108521,1.9218879647749354,-1.1634453415450612,1.5297216368947126
1771415108535,1.92746061129441,-1.0618070042523768,1.608623726609804
1771415108547,1.9288384246367858,-1.081007229452947,1.5974482896875821
1771415108559,1.9235041170835785,-1.1487300938980112,1.5428179606844559
1771415108571,1.9563942364224258,-1.1870998775272483,1.5550795121413177
1771415108582,1.9132485412487539,-1.1489358150196072,1.5298583181313608
1771415108594,1.9343456347330938,-1.0945639004631205,1.5948739456188805
1771415108608,1.9656958260623536,-1.2665539321443997,1.5032635223301731
1771415108621,1.9352121088686804,-1.1639522841294252,1.5460468901627336
1771415108633,1.9274064140259133,-1.1395572305383552,1.5544467836358966
1771415108645,1.9212900656167764,-1.0611015051381967,1.6016925772541903
1771415108658,1.9341583884596618,-1.2118173318567034,1.5074705389693612
1771415108671,1.95172010184216,-1.1592394798478576,1.5701513252858272
1771415108685,1.9190431198946816,-1.1591672363958987,1.5293978599701936
1771415108700,1.9342751822150104,-1.1377846445376159,1.5642463307252228
1771415108714,1.9541042570982474,-1.1352444885320352,1.5905167081383116
1771415108730,1.9104791781474122,-1.1074156117290606,1.5567791600074696
1771415108745,1.9204712122613807,-1.0630108520340005,1.5994429047586056
1771415108758,1.9307748339041433,-1.1786643875923744,1.5292618221413445
1771415108772,1.9242141969453468,-1.173225546714768,1.525169529023531
1771415108789,1.915242177971615,-1.0882956834579032,1.5759965436663719
1771415108806,1.9246364580679705,-1.1312308645855411,1.5570941611647868
1771415108821,1.9303947686260567,-1.2145484838739458,1.5004319188348223
1771415108836,1.912649149445203,-1.1196656628922697,1.5506693948786996
1771415108854,1.9045773185760781,-1.1359506281272738,1.5287350760977834
1771415108866,1.9163043395064343,-1.1185684960915385,1.5559649228574228
1771415108879,1.917905480158922,-1.1315573440052815,1.5485281424796056
1771415108893,1.9098424320895513,-1.1518741490308761,1.5233791583857668
1771415108906,1.9230055028233357,-1.1503156503917757,1.541013974093868
1771415108919,1.9181821785016722,-1.1326628935865923,1.5480625437667137
1771415108933,1.9386368207889328,-1.1645368939739005,1.549892430297097
1771415108946,1.9231095628592487,-1.0734074670341047,1.5956650025854795
1771415108958,1.9218722416502487,-1.1220666090799367,1.5603074818809286
1771415108971,1.9286810515798294,-1.165835099106196,1.5364371514693085
1771415108984,1.9070832601457008,-1.1429469523991063,1.526642992034991
1771415108998,1.918919518969418,-1.0861893728050525,1.581911744278798
1771415109011,1.9432362464677038,-1.1434131366776008,1.5712331171595704
1771415109023,1.9051864332351083,-1.1295434630687762,1.534231700370485
1771415109036,1.9119900993645915,-1.0894939848468312,1.5712125881149226
1771415109049,1.8895572487852619,-1.043503837672038,1.5752861128063869
1771415109063,1.926266771039986,-1.111513729907862,1.573226271532206
1771415109075,1.9352911092394578,-1.1208983967309853,1.577636986669366
1771415109088,1.9022027130435826,-1.088910663375756,1.5596950755506465
1771415109099,1.9142331125494898,-1.1003144733236792,1.5663960128190262
1771415109111,1.9062179098439183,-1.1161409651679846,1.545281872566813
1771415109123,1.9179413471874047,-1.135961251794015,1.5453449600893685
1771415109135,1.9122329726079343,-1.1636344241361298,1.5174287029361067
1771415109148,1.92226101156503,-1.0847566347716695,1.5869437418830747
1771415109161,1.8993715923999288,-1.0809459395185348,1.5617836988053864
1771415109176,1.9050063881097767,-1.0931833476422728,1.5601280419172945
1771415109188,1.9350938050861197,-1.1649521277016979,1.5451454865629852
1771415109204,1.936809396010916,-1.1825207283174037,1.5339085251656457
1771415109219,1.9456834251254198,-1.1971493328399616,1.5337918586589967
1771415109235,1.918919518969418,-1.0861893728050525,1.581911744278798
1771415109249,1.919958078220136,-1.1493349898136733,1.5379428153584778
1771415109263,1.9121063102615654,-1.0850097097763545,1.5744537057129144
1771415109277,1.9099748847781979,-1.114265725091817,1.55126269676322
1771415109289,1.9500124416910258,-1.220928685364679,1.5204873126742862
1771415109302,1.923282803502591,-1.1469650981985255,1.5438548525568176
1771415109316,1.9549907449930652,-1.1625236514928465,1.5717911988328093
1771415109328,1.9338398157385477,-1.0617615328743042,1.6162917064206288
1771415109342,1.9011325617425978,-1.1705497291781546,1.4980381666829858
1771415109356,1.9314617960164802,-1.133491679144529,1.5638865952431855
1771415109371,1.8939685124790946,-1.103802636232113,1.5390700005228197
1771415109386,1.9035773296967469,-1.106207323997554,1.5491649384328217
1771415109400,1.9433808564817232,-1.1462457981414702,1.5693469098904358
1771415109415,1.9239019027986546,-1.1761222325828988,1.5225422902555126
1771415109430,1.9151716856042091,-1.1676232270626647,1.5180706785139606
1771415109444,1.9205177363709431,-1.062643862095518,1.5997426036916353
1771415109460,1.9358317709177721,-1.2289010514698802,1.4957429093901335
1771415109474,1.9011877860041795,-1.1337968141505401,1.5261126373480955
1771415109487,1.9298883256692692,-1.1476123811233898,1.5515974904100738
1771415109501,1.9186748989937163,-1.1593424696470809,1.5288029323955246
1771415109516,1.9119900993645915,-1.0894939848468312,1.5712125881149226
1771415109528,1.9172968727628386,-1.1014843774628182,1.569318152737522
1771415109540,1.9059719821268148,-1.115126652314205,1.5457107575322537
1771415109556,1.9137397642800862,-1.1019488870517598,1.5646432614855657
1771415109570,1.952010536610777,-1.2012947730736308,1.5385824655264557
1771415109583,1.9121063102615654,-1.0850097097763545,1.5744537057129144
1771415109597,1.8968005836794848,-1.0704295525404164,1.5658968763283738
1771415109612,1.929705452685319,-1.1496392468365393,1.549868619030841
1771415109625,1.9249548502298666,-1.0899500055588547,1.5866506108169312
1771415109639,1.9045773185760781,-1.1359506281272738,1.5287350760977834
1771415109652,1.9362314183657006,-1.1139234913103753,1.5837192178455615
1771415109668,1.8939685124790946,-1.103802636232113,1.5390700005228197
1771415109681,1.8968005836794848,-1.0704295525404164,1.5658968763283738
1771415109694,1.922249967711222,-1.1219319093078217,1.5608695426725128
1771415109708,1.900989832368014,-1.0994710435425707,1.5507823081199956
1771415109722,1.9143301623462394,-1.0608840891623015,1.5934820111412784
1771415109736,1.943032030057684,-1.1877794254376053,1.5377104754592772
1771415109749,1.9137397642800862,-1.1019488870517598,1.5646432614855657
1771415109763,1.9083592160942644,-1.0930875762482128,1.5642872013488198
1771415109775,1.923001882219982,-1.115448148097408,1.5664327843631387
1771415109789,1.9033852083458023,-1.0711455141684603,1.5733793372312914
1771415109803,1.9257217110439138,-1.1591955661819398,1.537748271899543
1771415109816,1.9313605861866567,-1.130137842703798,1.5661871441063715
1771415109830,1.8939370993149656,-1.1079991748708529,1.5360128790628989
1771415109842,1.9231095628592487,-1.0734074670341047,1.5956650025854795
1771415109857,1.9246160698841375,-1.1313520850002616,1.5569808849892228
1771415109869,1.9144024592884457,-1.1718723339661705,1.5138203357777729
1771415109883,1.9205177363709431,-1.062643862095518,1.5997426036916353
1771415109897,1.9186283217710463,-1.1281069490259032,1.5519372888945768
1771415109909,1.9218722416502487,-1.1220666090799367,1.5603074818809286
1771415109921,1.9151716856042091,-1.1676232270626647,1.5180706785139606
1771415109938,1.9256707032148346,-1.1602706281079722,1.536873360680654
1771415109955,1.8930353560362656,-1.1545910748206671,1.500167427038665
1771415109968,1.91631084857437,-1.1504267804544237,1.5325682664002578
1771415109985,1.9465092640694357,-1.1507394824829393,1.56993533579031
1771415110000,1.9080535298663974,-1.05749611318189,1.5881971676844202
1771415110017,1.9375712350954675,-1.1730097607051833,1.5421512222735305
1771415110031,1.9123578795563838,-1.159431412620036,1.5207996116948794
1771415110042,1.9110661057254437,-1.1334898288173358,1.538627462519846
1771415110055,1.9420132211286534,-1.162448005799604,1.5556766967628626
1771415110072,1.905880066760279,-1.1609076693080729,1.511513219332158
1771415110086,1.920729101860246,-1.1030227040171692,1.5724316192303942
1771415110102,1.942941691912266,-1.1881699328687023,1.5372945810083642
1771415110115,1.9150710379262947,-1.1683747022042543,1.5173653599424286
1771415110130,1.904217363174889,-1.1059786751758796,1.5501144913434406
1771415110144,1.9187822620301707,-1.2028116324854918,1.494981453342885
1771415110156,1.9066513068840067,-1.074549936769301,1.5750116315226317
1771415110169,1.9222642109271724,-1.1946873303688343,1.5059289091015062
1771415110183,1.9368205575732598,-1.102491767366933,1.5924150762682854
1771415110198,1.9257217110439138,-1.1591955661819398,1.537748271899543
1771415110210,1.919055533688913,-1.1220217898009637,1.5568690518453634
1771415110222,1.929755733908946,-1.149830390939248,1.5497894258985478
1771415110240,1.929705452685319,-1.1496392468365393,1.549868619030841
1771415110255,1.9293717037211333,-1.1184209315711324,1.5721354238561476
1771415110267,1.9121322959852494,-1.1275939801271175,1.5442738530878863
1771415110281,1.9304260819958978,-1.1038841965328394,1.5836617500890398
1771415110298,1.9026653126874793,-1.1166853162148191,1.5405029038123728
1771415110309,1.9122329726079343,-1.1636344241361298,1.5174287029361067
1771415110323,1.9324327454743004,-1.1553613458740468,1.5490114512944873
1771415110339,1.920513279332857,-1.1049292397198716,1.5708286447941768
1771415110354,1.912054367089658,-1.0844028254601934,1.574808691505283
1771415110368,1.9424078863165197,-1.2310757089390634,1.5024649731973097
1771415110380,1.920729101860246,-1.1030227040171692,1.5724316192303942
1771415110391,1.913161250807924,-1.1129122951049413,1.5561530114346702
1771415110403,1.9362046336247822,-1.1518638640158507,1.5563091023458517
1771415110415,1.916164896458808,-1.1146646699231635,1.5585925009591444
1771415110430,1.9219793326850219,-1.0828924910973134,1.587875438437605
1771415110445,1.9390305087994968,-1.2291932382068136,1.4996410561203914
1771415110459,1.9417247172642969,-1.0861429413838768,1.609530486979695
1771415110473,1.9377271575784907,-1.1715293793014583,1.5434718820408608
1771415110489,1.950656548757407,-1.2128652164007654,1.5277496319931754
1771415110503,1.9340419296315325,-1.2138047220763795,1.5057211834326916
1771415110520,1.913463468565584,-1.1866702649864782,1.5010516739046518
1771415110536,1.9164936318222034,-1.0730885854505545,1.5879007300806895
1771415110550,1.906704175771234,-1.1134932358585141,1.5477899171401772
1771415110564,1.912649149445203,-1.1196656628922697,1.5506693948786996
1771415110585,1.9080094730697787,-1.1329682569509556,1.5352143427109872
1771415110597,1.9134716361031565,-1.1461464833105366,1.5322277705896667
1771415110612,1.924507606737186,-1.0945263057846706,1.5829534719424487
1771415110626,1.9304147641988882,-1.178350971466068,1.5290487728918338
1771415110639,1.9285925052295723,-1.0841862925706138,1.5949950263965291
1771415110650,1.8834098417084562,-1.0757876154435304,1.5459345517526268
1771415110662,1.9381693576174504,-1.1289862224568372,1.5754017164869032
1771415110675,1.9239019027986546,-1.1761222325828988,1.5225422902555126
1771415110687,1.9396617653672021,-1.2215235826920126,1.5067076361904723
1771415110699,1.930601340876013,-1.216232090865598,1.4993335314535439
1771415110712,1.9215338536008153,-1.16769640064986,1.5260332455236227
1771415110726,1.9030339418027833,-1.1576246351856025,1.5104447648506847
1771415110738,1.9350938050861197,-1.1649521277016979,1.5451454865629852
1771415110752,1.9337339770038524,-1.1437901787894154,1.55918925109302
1771415110769,1.9205069263450767,-1.1432301582710394,1.5431693553719203
1771415110785,1.9184912683254778,-1.162218717273863,1.526386713732597
1771415110801,1.9408686957385712,-1.2124965026159111,1.515527474261726
1771415110815,1.8933695529242973,-1.1157937334035928,1.529657676880035
1771415110831,1.9274394493889855,-1.1397154596429053,1.5543717387137084
1771415110845,1.9066513068840067,-1.074549936769301,1.5750116315226317
1771415110859,1.9377271575784907,-1.1715293793014583,1.5434718820408608
1771415110871,1.908403438636101,-1.1683371167408336,1.5089705319335465
1771415110888,1.9290043609802554,-1.1210612349320503,1.5698023863574262
1771415110902,1.9249548502298666,-1.0899500055588547,1.5866506108169312
1771415110914,1.9098407107162034,-1.1522514940116042,1.5230916042237903
1771415110926,1.911977439969273,-1.1267878410711458,1.5446704801237323
1771415110938,1.9318038699874525,-1.12964775674355,1.5670871506660897
1771415110951,1.9144161110159685,-1.0941254223417467,1.5709483143321423
1771415110966,1.9307454343876596,-1.0962240572332007,1.5893617425721474
1771415110980,1.9352037748089794,-1.1642461302873885,1.5458151888714784
1771415110994,1.9271407909678333,-1.1065458476170031,1.5777921014296192
1771415111008,1.90417579123808,-1.1023041938466558,1.5526786235938337
1771415111020,1.9342751822150104,-1.1377846445376159,1.5642463307252228
1771415111034,1.920695246142157,-1.1403619812804227,1.545524111815558
1771415111047,1.9254373608724002,-1.1283010232678006,1.5602069835557422
1771415111064,1.909139701069888,-1.1596910595524847,1.5165523547162019
1771415111078,1.9278964999952404,-1.1346951272181123,1.5586057496882815
1771415111095,1.9279217262787853,-1.1705907432203626,1.531861447567818
1771415111107,1.935719546363063,-1.1205882463373844,1.578382762305306
1771415111122,1.9190431198946816,-1.1591672363958987,1.5293978599701936
1771415111137,1.9186748989937163,-1.1593424696470809,1.5288029323955246
1771415111153,1.899994431735083,-1.1515962278566818,1.5112263128368904
1771415111170,1.8880123152345498,-1.1428684088180872,1.5028114660871266
1771415111186,1.946767608785998,-1.1845010076173403,1.5449470818030817
1771415111202,1.8993715923999288,-1.0809459395185348,1.5617836988053864
1771415111219,1.926266771039986,-1.111513729907862,1.573226271532206
1771415111233,1.9449214403166493,-1.1693059199593925,1.5541695771540853
1771415111249,1.9172061535318625,-1.0646299788804925,1.5944411068488424
1771415111263,1.939090049745114,-1.1966739888379134,1.5257921173801057
1771415111277,1.9260419009675154,-1.1561411609064585,1.5404463704850055
1771415111291,1.9306744051203224,-1.175222710114105,1.531781720813631
1771415111305,1.9345873358242565,-1.1362941510974813,1.565715096086529
1771415111319,1.9121322959852494,-1.1275939801271175,1.5442738530878863
1771415111332,1.9047821651921888,-1.0958762195531462,1.5579635452256728
1771415111348,1.916705729722356,-1.1887873798889361,1.5035110308099864
1771415111364,1.9200566269466153,-1.1106556025909942,1.56622526576315
1771415111379,1.9107129986722842,-1.1034570165019222,1.5598739615840471
1771415111394,1.9425908849042444,-1.1510240663632825,1.5648651522625165
1771415111406,1.9454214978503155,-1.0785710755301134,1.6190581333997798
1771415111420,1.910385438940802,-1.1411906529519684,1.5320758528650273
1771415111433,1.906704175771234,-1.1134932358585141,1.5477899171401772
1771415111447,1.9204712122613807,-1.0630108520340005,1.5994429047586056
1771415111461,1.9205069263450767,-1.1432301582710394,1.5431693553719203
1771415111473,1.9191957530231376,-1.078480162468866,1.5875115362047536
1771415111485,1.9186748989937163,-1.1593424696470809,1.5288029323955246
1771415111499,1.9401191681672103,-1.1429246472583516,1.5677326421871811
1771415111514,1.8932229563781988,-1.0716186633553901,1.5607455279147253
1771415111529,1.9330833893574149,-1.1541986100715131,1.5506891883025875
1771415111544,1.9364040017525428,-1.1905486690353464,1.5271720023171675
1771415111561,1.9243256039693843,-1.135202539923992,1.553816019817743
1771415111574,1.9236862900739644,-1.182721805152995,1.5171480067001286
1771415111588,1.9314130984162985,-1.1298725817696942,1.5664432660326806
1771415111602,1.9384598976114966,-1.2389001130389565,1.490890098082362
1771415111617,1.9104791781474122,-1.1074156117290606,1.5567791600074696
1771415111630,1.9241830339785584,-1.21756180086344,1.4899743653261648
1771415111641,1.945346140015812,-1.159925540428206,1.5617119917375142
1771415111655,1.9160240338331351,-1.0743570253395973,1.5864756790854535
1771415111669,1.9216639329751168,-1.1660168375228637,1.5274806073762686
1771415111686,1.9466590256357577,-1.186486932580767,1.5432854955918687
1771415111701,1.899994431735083,-1.1515962278566818,1.5112263128368904
1771415111715,1.9254373608724002,-1.1283010232678006,1.5602069835557422
1771415111731,1.9358317709177721,-1.2289010514698802,1.4957429093901335
1771415111746,1.9155126206067867,-1.0893147489505615,1.5756211401928621
1771415111758,1.9382237850486015,-1.2019206436416965,1.5205585182149541
1771415111772,1.9110176153298766,-1.1341592221930763,1.538073855448913
1771415111786,1.917714838511923,-1.1748692703973407,1.5156887541064725
1771415111801,1.9274394493889855,-1.1397154596429053,1.5543717387137084
1771415111815,1.9342676976299977,-1.1373678944303944,1.5645401237468546
1771415111829,1.923282803502591,-1.1469650981985255,1.5438548525568176
1771415111846,1.9179413471874047,-1.135961251794015,1.5453449600893685
1771415111860,1.9396221285821853,-1.1115470036222876,1.5895273701399424
1771415111872,1.9383943558130856,-1.2045117150144025,1.518724532968731
1771415111889,1.9137983888076047,-1.1427853304275357,1.5351436289683813
1771415111903,1.9290043609802554,-1.1210612349320503,1.5698023863574262
1771415111919,1.9506153208503783,-1.2135640463710904,1.5271419172073204
1771415111936,1.9237807692471105,-1.0609894638993353,1.604753503071299
1771415111950,1.9033852083458023,-1.0711455141684603,1.5733793372312914
1771415111964,1.9556252465569506,-1.1918994252123347,1.55043408926321
1771415111978,1.9050930462336202,-1.1253389884175227,1.5372025487732972
1771415111991,1.9177298367108948,-1.1002341081501779,1.5707236019981932
1771415112004,1.9369370815968021,-1.2204082977828041,1.5041040006487634
1771415112020,1.9350938050861197,-1.1649521277016979,1.5451454865629852
1771415112035,1.9318038699874525,-1.12964775674355,1.5670871506660897
1771415112049,1.9331944266376095,-1.1868689434265882,1.525969463099498
1771415112063,1.9109143450330415,-1.060091663342693,1.589905437239706
1771415112075,1.906704175771234,-1.1134932358585141,1.5477899171401772
1771415112089,1.9210392853683083,-1.1733928515462182,1.5210329226774202
1771415112102,1.9174896807848953,-1.176941542630235,1.5137949931043246
1771415112116,1.9298883256692692,-1.1476123811233898,1.5515974904100738
1771415112130,1.9439413469005478,-1.1764310646309102,1.5475522318684105
1771415112144,1.9151059625672724,-1.0517915173065535,1.6004266468609853
1771415112157,1.9454592942492808,-1.1592192227855271,1.56237724609181
1771415112170,1.9336380896773762,-1.1818290643651217,1.5304366450373024
1771415112187,1.9218722416502487,-1.1220666090799367,1.5603074818809286
1771415112203,1.9133659704365102,-1.1474885128771712,1.531090934477566
1771415112217,1.9365417157063305,-1.1889345190927154,1.5286034560933688
1771415112231,1.9337339770038524,-1.1437901787894154,1.55918925109302
1771415112245,1.9338677162320659,-1.1796239098789918,1.5324267601182207
1771415112261,1.9133091761427514,-1.074647818022303,1.582998443060497
1771415112274,1.9336380896773762,-1.1818290643651217,1.5304366450373024
1771415112289,1.9150710379262947,-1.1683747022042543,1.5173653599424286
1771415112304,1.9190095782597796,-1.1187816544888014,1.559142511456883
1771415112318,1.8984863816743358,-1.087517699608721,1.556134889539036
1771415112333,1.9353889418844459,-1.1200574486290105,1.5783541009986533
1771415112347,1.9181013668970825,-1.1719023101589379,1.5184722022930155
1771415112362,1.914458247145025,-1.0976352192778214,1.5685494271659184
1771415112376,1.9070832601457008,-1.1429469523991063,1.526642992034991
1771415112392,1.9280930780356103,-1.208723790248307,1.5021749952840384
1771415112405,1.9381693576174504,-1.1289862224568372,1.5754017164869032
1771415112420,1.9210392853683083,-1.1733928515462182,1.5210329226774202
1771415112436,1.9290227953916772,-1.162250074861915,1.5395790686496726
1771415112450,1.9369965922460244,-1.1466926747273773,1.5611059246890597
1771415112465,1.9290043609802554,-1.1210612349320503,1.5698023863574262
1771415112477,1.9290043609802554,-1.1210612349320503,1.5698023863574262
1771415112492,1.9332111681967734,-1.1871372166822147,1.5257819797103183
1771415112506,1.90493127654695,-1.0941477719145094,1.5593600679706106
1771415112519,1.9215976801621384,-1.1295008034971146,1.5545949888327457
1771415112536,1.9304147641988882,-1.178350971466068,1.5290487728918338
1771415112547,1.9483747357395131,-1.1619438699794882,1.5639854711234078
1771415112561,1.9130797813021705,-1.1140729440895307,1.5552220821718181
1771415112573,1.9240703197084907,-1.1379552369970416,1.551484603137956
1771415112588,1.9226830750674473,-1.1579883156862014,1.5348528489353792
1771415112604,1.9218722416502487,-1.1220666090799367,1.5603074818809286
1771415112620,1.9162619675586514,-1.076278696956001,1.5854602154549469
1771415112635,1.912649149445203,-1.1196656628922697,1.5506693948786996
1771415112649,1.9413633971461766,-1.2061426058464724,1.5212205146331759
1771415112665,1.9456834251254198,-1.1971493328399616,1.5337918586589967
1771415112679,1.9162960729876026,-1.1502205240338046,1.532704598231214
1771415112695,1.9382237850486015,-1.2019206436416965,1.5205585182149541
1771415112707,1.946029825108364,-1.2995752239063796,1.4484945003761571
1771415112722,1.9296801720149723,-1.1908901626854302,1.5183695817181015
1771415112737,1.9544751569296206,-1.1690836824414819,1.5662747148901208
1771415112752,1.904306471924341,-1.138420525314085,1.5265588251215652
1771415112768,1.9242141969453468,-1.173225546714768,1.525169529023531
1771415112782,1.9386830991659996,-1.1598529322169588,1.5534585075307312
1771415112796,1.908074829924334,-1.1758395082792088,1.5027145461998046
1771415112807,1.934702332869295,-1.1319368003811419,1.5690099415723264
1771415112822,1.914458247145025,-1.0976352192778214,1.5685494271659184
1771415112837,1.9341036672524863,-1.1805789580645307,1.5319890076155191
1771415112851,1.9324327454743004,-1.1553613458740468,1.5490114512944873
1771415112863,1.9094319258085726,-1.115809630463184,1.5494835100325035
1771415112880,1.9086465064516815,-1.124870700092751,1.5419459765708567
1771415112896,1.9352911092394578,-1.1208983967309853,1.577636986669366
1771415112910,1.9242141969453468,-1.173225546714768,1.525169529023531
1771415112924,1.9199657197640114,-1.1545074155454147,1.534073333488196
1771415112938,1.9413633971461766,-1.2061426058464724,1.5212205146331759
1771415112955,1.91349775015603,-1.1419648337865864,1.535379418335078
1771415112969,1.9545676742560196,-1.2083538028570278,1.5362994110418533
1771415112983,1.9050930462336202,-1.1253389884175227,1.5372025487732972
1771415112996,1.934334492776685,-1.1696124017429173,1.5406676343828347
1771415113008,1.933928301370697,-1.1027841966203396,1.5886930762507216
1771415113023,1.931790248846417,-1.1292069793917716,1.5673880065991994
1771415113038,1.927033550950078,-1.1813260794260374,1.5224739736872923
1771415113056,1.920412703122478,-1.0638468688585778,1.5988166842805909
1771415113071,1.926385852745715,-1.1522324917992426,1.5438013921813079
1771415113086,1.9344741358750477,-1.1315647727024778,1.5689969240085535
1771415113097,1.9356329364837361,-1.1222853223134517,1.577070233096942
1771415113111,1.9239714386379985,-1.1436591247122398,1.547161886538446
1771415113123,1.9504898289881334,-1.1409726963189943,1.581958241939629
1771415113137,1.9219793326850219,-1.0828924910973134,1.587875438437605
1771415113154,1.909139701069888,-1.1596910595524847,1.5165523547162019
1771415113170,1.9261114110206792,-1.0758087154017035,1.5976672918758172
1771415113183,1.9163498101443914,-1.1134106727588093,1.559715765332652
1771415113198,1.9066682565968733,-1.1522978888568576,1.5190765010525933
1771415113211,1.9252855947337768,-1.1280636024468156,1.5601913761215658
1771415113223,1.912649149445203,-1.1196656628922697,1.5506693948786996
1771415113237,1.9286810515798294,-1.165835099106196,1.5364371514693085
1771415113251,1.9382237850486015,-1.2019206436416965,1.5205585182149541
1771415113265,1.9307454343876596,-1.0962240572332007,1.5893617425721474
1771415113278,1.928545173448617,-1.1638295555922415,1.5377864778836892
1771415113296,1.928545173448617,-1.1638295555922415,1.5377864778836892
1771415113309,1.929944716811393,-1.1474760948765224,1.551768417527285
1771415113322,1.9181013668970825,-1.1719023101589379,1.5184722022930155
1771415113336,1.924410975271146,-1.096050066866522,1.58178122781437
1771415113347,1.9382237850486015,-1.2019206436416965,1.5205585182149541
1771415113362,1.9411051791986271,-1.1727136037936576,1.5468135376279284
1771415113376,1.9484976560888247,-1.2018417676623916,1.5336947158042182
1771415113389,1.9151225382862112,-1.131126732048348,1.54539530628815
1771415113402,1.9229035455111565,-1.1922891534998792,1.508643304358561
1771415113415,1.9212517785914847,-1.170644510125743,1.5234171548375717
1771415113428,1.9433808564817232,-1.1462457981414702,1.5693469098904358
1771415113441,1.9075991738392601,-1.0620645042426662,1.5845988756969405
1771415113455,1.9279217262787853,-1.1705907432203626,1.531861447567818
1771415113467,1.9497627848529513,-1.1452802856922286,1.5779442272787283
1771415113481,1.9121322959852494,-1.1275939801271175,1.5442738530878863
1771415113495,1.928545173448617,-1.1638295555922415,1.5377864778836892
1771415113507,1.9201457245183071,-1.146666312555864,1.5401675139527753
1771415113521,1.9322440614939016,-1.1247579213503258,1.5711418559564068
1771415113534,1.9110176153298766,-1.1341592221930763,1.538073855448913
1771415113548,1.929705452685319,-1.1496392468365393,1.549868619030841
1771415113562,1.932162847975159,-1.124725644697409,1.571065083074369
1771415113577,1.90219442808999,-1.126300707710981,1.5329025924912345
1771415113588,1.923001882219982,-1.115448148097408,1.5664327843631387
1771415113604,1.9394615190602205,-1.1549710721266535,1.558060591397519
1771415113618,1.903120578969251,-1.0357043821386005,1.5966165384697593
1771415113631,1.9055732891986157,-1.124676448430444,1.5382823040174107
1771415113645,1.9365417157063305,-1.1889345190927154,1.5286034560933688
1771415113659,1.9470812641461417,-1.101149829334127,1.6058002685721409
1771415113673,1.896554062011774,-1.1143629220054827,1.5346376080993072
1771415113687,1.9226830750674473,-1.1579883156862014,1.5348528489353792
1771415113700,1.9132608191877638,-1.0742135691113317,1.5832347173354073
1771415113714,1.911717295746508,-1.2029193585015707,1.485815612987867
1771415113730,1.930690678266422,-1.1005547990958453,1.586299350479587
1771415113743,1.9155126206067867,-1.0893147489505615,1.5756211401928621
1771415113760,1.9226830750674473,-1.1579883156862014,1.5348528489353792
1771415113773,1.8936113280373723,-1.071165943586066,1.5615272597597627
1771415113784,1.9205358136559147,-1.1043596830574733,1.5712566633023974
1771415113797,1.9098424320895513,-1.1518741490308761,1.5233791583857668
1771415113811,1.9132485412487539,-1.1489358150196072,1.5298583181313608
1771415113823,1.9110661057254437,-1.1334898288173358,1.538627462519846
1771415113838,1.9415702597182825,-1.1256543070461071,1.5819600040617547
1771415113854,1.9162180870143664,-1.1511685055500942,1.5318951755360288
1771415113869,1.9233194760095915,-1.1134654294794337,1.5682322991674382
1771415113881,1.940332090180599,-1.098097717138704,1.5997093560392084
1771415113894,1.9320327512650046,-1.2001483183061457,1.5140655752072147
1771415113906,1.929755733908946,-1.149830390939248,1.5497894258985478
1771415113921,1.924410975271146,-1.096050066866522,1.58178122781437
1771415113935,1.9353889418844459,-1.1200574486290105,1.5783541009986533
1771415113949,1.9234248639095548,-1.2218165105687986,1.485505847045704
1771415113963,1.9534551416939436,-1.2212020646720658,1.5246811167753043
1771415113977,1.9216041541049125,-1.091574141428328,1.58146401123714
1771415113989,1.91349775015603,-1.1419648337865864,1.535379418335078
1771415114002,1.926385852745715,-1.1522324917992426,1.5438013921813079
1771415114014,1.9394615190602205,-1.1549710721266535,1.558060591397519
1771415114026,1.946379535407839,-1.1101846178388746,1.598713048100999
1771415114038,1.9226830750674473,-1.1579883156862014,1.5348528489353792
1771415114051,1.9263279169332759,-1.1886376649094093,1.5158759003016047
1771415114065,1.91631084857437,-1.1504267804544237,1.5325682664002578
1771415114077,1.9414461830479042,-1.1686277344924885,1.5503298035728494
1771415114089,1.9193565653949727,-1.1145832811410483,1.5625727933525657
1771415114101,1.91584885675638,-1.1552784078698526,1.5283352519144573
1771415114115,1.923871284157941,-1.1024773970896922,1.576649709641892
1771415114127,1.9483747357395131,-1.1619438699794882,1.5639854711234078
1771415114141,1.9104189782359708,-1.1041150655664091,1.5590479769376744
1771415114153,1.9174896807848953,-1.176941542630235,1.5137949931043246
1771415114165,1.9215976801621384,-1.1295008034971146,1.5545949888327457
1771415114177,1.9249548502298666,-1.0899500055588547,1.5866506108169312
1771415114191,1.9215369459936473,-1.1669872028873889,1.5265795436581946
1771415114204,1.9206104810522733,-1.1409869708464662,1.5449573949745186
1771415114218,1.929755733908946,-1.149830390939248,1.5497894258985478
1771415114234,1.9383960198609107,-1.1257661863201633,1.5779827703592886
1771415114247,1.920695246142157,-1.1403619812804227,1.545524111815558
1771415114262,1.9296801720149723,-1.1908901626854302,1.5183695817181015
1771415114274,1.923001882219982,-1.115448148097408,1.5664327843631387
1771415114288,1.9411029101367971,-1.131289676022222,1.5773598754460185
1771415114301,1.8950124214144017,-1.1318522159889608,1.5198627038241819
1771415114315,1.9186748989937163,-1.1593424696470809,1.5288029323955246
1771415114329,1.9365417157063305,-1.1889345190927154,1.5286034560933688
1771415114340,1.9368205575732598,-1.102491767366933,1.5924150762682854
1771415114355,1.926399443270672,-1.1838208992431565,1.5197311912139855
1771415114371,1.9063572761709147,-1.1916680400222464,1.4879937321102286
1771415114386,1.918919518969418,-1.0861893728050525,1.581911744278798
1771415114400,1.9479799963276665,-1.2031562683184145,1.5320055679072588
1771415114415,1.9347251661003635,-1.1696177133085148,1.5411540718101613
1771415114430,1.9201457245183071,-1.146666312555864,1.5401675139527753
1771415114443,1.919121279925175,-1.1587110834774295,1.5298415316915026
1771415114457,1.9531118716510434,-1.1842745829108012,1.5531064662333003
1771415114473,1.9346047013118897,-1.0910598799567572,1.5975868329098146
1771415114490,1.9179413471874047,-1.135961251794015,1.5453449600893685
1771415114504,1.929944716811393,-1.1474760948765224,1.551768417527285
1771415114518,1.9535602571051371,-1.1414354061347003,1.5854093767108863
1771415114532,1.9130682667343157,-1.1557966221471523,1.5244554311028813
1771415114546,1.9110998186692667,-1.1774533008544934,1.5052927426997589
1771415114561,1.9264991610494546,-1.1131681527737227,1.5723408285656741
1771415114574,1.9257217110439138,-1.1591955661819398,1.537748271899543
1771415114588,1.9352911092394578,-1.1208983967309853,1.577636986669366
1771415114603,1.9197057746025643,-1.1882893430267287,1.5077263340180596
1771415114617,1.9055732891986157,-1.124676448430444,1.5382823040174107
1771415114631,1.949879542430537,-1.1856478826392827,1.5479888011165024
1771415114644,1.9329279460674924,-1.1118655900884473,1.5811278741031554
1771415114656,1.9413633971461766,-1.2061426058464724,1.5212205146331759
1771415114670,1.9132697720504803,-1.1118613838801013,1.557037405998431
1771415114685,1.9162180870143664,-1.1511685055500942,1.5318951755360288
1771415114698,1.9314617960164802,-1.133491679144529,1.5638865952431855
1771415114710,1.924410975271146,-1.096050066866522,1.58178122781437
1771415114724,1.9181008797501231,-1.0917187671545618,1.5771052971633568
1771415114738,1.9459010553934135,-1.2665876252531652,1.4772564790640617
1771415114751,1.9290043609802554,-1.1210612349320503,1.5698023863574262
1771415114765,1.9342751822150104,-1.1377846445376159,1.5642463307252228
1771415114778,1.8939370993149656,-1.1079991748708529,1.5360128790628989
1771415114795,1.917905480158922,-1.1315573440052815,1.5485281424796056
1771415114810,1.9055732891986157,-1.124676448430444,1.5382823040174107
1771415114822,1.9343232244099682,-1.1738559257062702,1.5374227142123442
1771415114839,1.9294357861563203,-1.073296215107779,1.6033582530226904
1771415114856,1.9181013668970825,-1.1719023101589379,1.5184722022930155
1771415114870,1.9080094730697787,-1.1329682569509556,1.5352143427109872
1771415114884,1.9467736442736912,-1.220892549476973,1.5163604468167473
1771415114898,1.9409620130517096,-1.0989892359296554,1.5998613050575656
1771415114912,1.925937517964014,-1.1568043375798882,1.5398178618452711
1771415114924,1.9000852207282382,-1.1512617494612096,1.5115952600671227
1771415114936,1.929755733908946,-1.149830390939248,1.5497894258985478
1771415114950,1.9254621185667815,-1.0833503969457035,1.5917777129590884
1771415114961,1.9565143795241386,-1.186125591701598,1.5559738423235974
1771415114975,1.9177298367108948,-1.1002341081501779,1.5707236019981932
1771415114991,1.928545173448617,-1.1638295555922415,1.5377864778836892
1771415115003,1.9229666942448294,-1.1910941745049304,1.5096673721834575
1771415115016,1.9397863927774772,-1.1113671581491367,1.5898535433781844
1771415115030,1.9148859194198873,-1.129739557416621,1.5461166245793505
1771415115044,1.9179413471874047,-1.135961251794015,1.5453449600893685
1771415115056,1.9030932737288981,-1.152604560488325,1.5143535702251605
1771415115072,1.9341036672524863,-1.1805789580645307,1.5319890076155191
1771415115088,1.9169467504145556,-1.0675328621715532,1.5921866825560174
1771415115103,1.9260419009675154,-1.1561411609064585,1.5404463704850055
1771415115116,1.9190431198946816,-1.1591672363958987,1.5293978599701936
1771415115130,1.9214174581198544,-1.168271385798228,1.525446497748397
1771415115144,1.9302173539381189,-1.110983090867474,1.5784345425928905
1771415115157,1.9432362464677038,-1.1434131366776008,1.5712331171595704
1771415115169,1.9242927702105446,-1.1758154579586704,1.5232730137142239
1771415115181,1.9260419009675154,-1.1561411609064585,1.5404463704850055
1771415115194,1.9163498101443914,-1.1134106727588093,1.559715765332652
1771415115210,1.9400074773381963,-1.1441284455860927,1.566716027915992
1771415115227,1.9208913287715865,-1.1009216175533738,1.5741013591740318
1771415115241,1.9502707092821974,-1.2173516729369744,1.523683282011598
1771415115255,1.9293825285233839,-1.1907946757729766,1.5180661980039005
1771415115272,1.9361202998868243,-1.1570299397554504,1.552367074548847
1771415115286,1.9268183671896584,-1.1423369424825676,1.5516750078476487
1771415115302,1.9383943558130856,-1.2045117150144025,1.518724532968731
1771415115315,1.923051246228624,-1.1493866231367158,1.54176408252879
1771415115330,1.929705452685319,-1.1496392468365393,1.549868619030841
1771415115343,1.9191957530231376,-1.078480162468866,1.5875115362047536
1771415115356,1.9395874465029188,-1.186779222735643,1.534129896428166
1771415115369,1.9223003847633062,-1.121324078131798,1.561368336127971
1771415115383,1.9096754694905211,-1.1545807273296977,1.5211192401822642
1771415115397,1.904217363174889,-1.1059786751758796,1.5501144913434406
1771415115410,1.9465289149401357,-1.1872098901216395,1.5425652315203355
1771415115423,1.9246364580679705,-1.1312308645855411,1.5570941611647868
1771415115439,1.9234521600246979,-1.1488390611523793,1.5426720401544185
1771415115457,1.9045773185760781,-1.1359506281272738,1.5287350760977834
1771415115469,1.9311560080182266,-1.1738807029096443,1.533416976116168
1771415115486,1.9473030213942066,-1.1368526284370462,1.5809981525437609
1771415115500,1.929643868490041,-1.150836936608894,1.5489027743980148
1771415115514,1.9181013668970825,-1.1719023101589379,1.5184722022930155
1771415115529,1.8923555090319715,-1.047616737911926,1.5759151446097683
1771415115543,1.9442991773678269,-1.1763601185184742,1.5480556070995672
1771415115555,1.9347843463070395,-1.1320776395575967,1.569009459731986
1771415115567,1.9147307326534766,-1.1682367077752527,1.5170421131841259
1771415115580,1.8999014490378456,-1.116726908264516,1.5370577505136498
1771415115591,1.921417988285595,-1.1322680473416356,1.5523582559050675
1771415115606,1.9425122920256965,-1.160542966503665,1.5577207797194588
1771415115620,1.9163498101443914,-1.1134106727588093,1.559715765332652
1771415115635,1.9219793326850219,-1.0828924910973134,1.587875438437605
1771415115649,1.9418204888413497,-1.2016982286569533,1.52531576341648
1771415115663,1.9035773296967469,-1.106207323997554,1.5491649384328217
1771415115675,1.9528443865357068,-1.1503789682908174,1.5780460789654325
1771415115689,1.9421308742910728,-1.1187664356797142,1.5875244865107168
1771415115703,1.9302205173337739,-1.1019060653513946,1.5847883987075593
1771415115731,1.9151225382862112,-1.131126732048348,1.54539530628815
1771415115745,1.9188514211510173,-1.0829418946902312,1.5840541749504689
1771415115757,1.9318038699874525,-1.12964775674355,1.5670871506660897
1771415115770,1.9172061535318625,-1.0646299788804925,1.5944411068488424
1771415115782,1.9314308421628037,-1.0539499945480866,1.6185223220733798
1771415115794,1.918244400465102,-1.1319285748035208,1.5486766226230022
1771415115807,1.9110176153298766,-1.1341592221930763,1.538073855448913
1771415115820,1.8923555090319715,-1.047616737911926,1.5759151446097683
1771415115833,1.9234731151012232,-1.111164911519207,1.5700513889442334
1771415115845,1.9578285238051127,-1.166806395922511,1.5721499174885414
1771415115857,1.9337339770038524,-1.1437901787894154,1.55918925109302
1771415115870,1.9242141969453468,-1.173225546714768,1.525169529023531
1771415115884,1.9206104810522733,-1.1409869708464662,1.5449573949745186
1771415115898,1.9342676976299977,-1.1373678944303944,1.5645401237468546
1771415115914,1.9330484545492226,-1.1523008515138988,1.552056402079345
1771415115930,1.9438768382735863,-1.139956548449841,1.5745336547761815
1771415115943,1.919958078220136,-1.1493349898136733,1.5379428153584778
1771415115957,1.9331944266376095,-1.1868689434265882,1.525969463099498
1771415115972,1.9002525414818696,-1.0716319976256277,1.5692560603907864
1771415115984,1.9362046336247822,-1.1518638640158507,1.5563091023458517
1771415115997,1.9234731151012232,-1.111164911519207,1.5700513889442334
1771415116012,1.9319058755239253,-1.1617788576713897,1.543544686023578
1771415116024,1.9301395604377338,-1.064886541278876,1.6097997940644302
1771415116039,1.9150710379262947,-1.1683747022042543,1.5173653599424286
1771415116053,1.9174896807848953,-1.176941542630235,1.5137949931043246
1771415116071,1.926399443270672,-1.1838208992431565,1.5197311912139855
1771415116085,1.9274605116743044,-1.1011739057552432,1.581935540199889
1771415116097,1.9439486598688582,-1.1770295913573658,1.5471062449861168
1771415116111,1.9214872734723263,-1.0933000332434732,1.58012922871072
1771415116123,1.9341808388177943,-1.1721759338420188,1.5385249745686607
1771415116137,1.9311560080182266,-1.1738807029096443,1.533416976116168
1771415116149,1.917075826928973,-1.1461897387896325,1.536694116891439
1771415116161,1.9086465064516815,-1.124870700092751,1.5419459765708567
1771415116174,1.9395127734248125,-1.1546737236487008,1.5583447597349092
1771415116189,1.911327806080698,-1.093422097991677,1.5676741045002733
1771415116204,1.9181008797501231,-1.0917187671545618,1.5771052971633568
1771415116217,1.9186748989937163,-1.1593424696470809,1.5288029323955246
1771415116231,1.9161748540744679,-1.1520018283589095,1.5312145045175864
1771415116245,1.9026653126874793,-1.1166853162148191,1.5405029038123728
1771415116259,1.9118003586091823,-1.0498476756623412,1.5977485625356005
1771415116273,1.9368677750388843,-1.0640778113452494,1.6183927797005218
1771415116289,1.9425867189975858,-1.1141689464835345,1.591311006534416
1771415116305,1.9162960729876026,-1.1502205240338046,1.532704598231214
1771415116323,1.8988202007510377,-1.124489996448796,1.5300458825364676
1771415116338,1.9134716361031565,-1.1461464833105366,1.5322277705896667
1771415116351,1.9308690205857264,-1.0987016479589156,1.5878003222792358
1771415116366,1.9269532395802695,-1.1083727843551343,1.576279974633232
1771415116380,1.9249548502298666,-1.0899500055588547,1.5866506108169312
1771415116393,1.9234178121686096,-1.1085401985761323,1.5718380032014336
1771415116408,1.9240780583686263,-1.1375561755401422,1.5517868159596113
1771415116423,1.9197057746025643,-1.1882893430267287,1.5077263340180596
1771415116438,1.91349775015603,-1.1419648337865864,1.535379418335078
1771415116454,1.910298486823836,-1.1101307206632625,1.5546221701111507
1771415116469,1.9162619675586514,-1.076278696956001,1.5854602154549469
1771415116486,1.952676050952682,-1.110089080756756,1.6064389165943351
1771415116502,1.9245570987631557,-1.1317667315162592,1.5566065950755377
1771415116516,1.8950124214144017,-1.1318522159889608,1.5198627038241819
1771415116528,1.9133659704365102,-1.1474885128771712,1.531090934477566
1771415116540,1.9195124341649015,-1.1544978782140738,1.5335131672446987
1771415116555,1.9192593286049844,-1.1236982843742607,1.5559108381046771
1771415116572,1.932162847975159,-1.124725644697409,1.571065083074369
1771415116587,1.9274605116743044,-1.1011739057552432,1.581935540199889
1771415116601,1.932162847975159,-1.124725644697409,1.571065083074369
1771415116614,1.9269891284098508,-1.1403133267349075,1.5533745903292369
1771415116625,1.9197057746025643,-1.1882893430267287,1.5077263340180596
1771415116639,1.9256707032148346,-1.1602706281079722,1.536873360680654
1771415116656,1.9269168991601098,-1.145903428927353,1.5491656037497563
1771415116669,1.9069500053780106,-1.073027161625494,1.5764108073167762
1771415116685,1.947333517771191,-1.1780220102941348,1.5506037445774747
1771415116699,1.935719546363063,-1.1205882463373844,1.578382762305306
1771415116713,1.9269044942410827,-1.1452851134211077,1.5496073499123844
1771415116724,1.906113126227205,-1.0798781720723278,1.5707101525925706
1771415116739,1.9341466821906161,-1.1782182845872047,1.5338595314087118
1771415116755,1.9414035887250403,-1.2059491011727301,1.52142520673714
1771415116770,1.9162180870143664,-1.1511685055500942,1.5318951755360288
1771415116784,1.8936055177584503,-1.1077428856836176,1.5357889034963694
1771415116800,1.9237291412578204,-1.1042366430922466,1.5752445032365348
1771415116813,1.9362046336247822,-1.1518638640158507,1.5563091023458517
1771415116828,1.9110661057254437,-1.1334898288173358,1.538627462519846
1771415116842,1.93137362801653,-1.1726505399064444,1.5346318132551722
1771415116855,1.9137983888076047,-1.1427853304275357,1.5351436289683813
1771415116873,1.9260419009675154,-1.1561411609064585,1.5404463704850055
1771415116887,1.9122566853964234,-1.160290229769094,1.5200171754114158
1771415116901,1.9331944266376095,-1.1868689434265882,1.525969463099498
1771415116914,1.9200566269466153,-1.1106556025909942,1.56622526576315
1771415116926,1.946507269963494,-1.187614904876567,1.5422261149830647
1771415116939,1.9373788041433841,-1.0998368374438245,1.5949280741605922
1771415116952,1.9377308381509732,-1.1716936100067832,1.5433518346088637
1771415116966,1.9488820295110447,-1.1599091883062662,1.5661263805433414
1771415116980,1.9016058813370134,-1.1339844887428496,1.5264940573831716
1771415116994,1.9052106711659094,-1.1687276452102484,1.504627326897183
1771415117005,1.900407790015282,-1.1060520659123532,1.5453797578076993
1771415117023,1.9403319845336782,-1.1818506682795575,1.5388688079532853
1771415117040,1.9055732891986157,-1.124676448430444,1.5382823040174107
1771415117054,1.9463874592094388,-1.1475979572551154,1.57208239919912
1771415117068,1.9155126206067867,-1.0893147489505615,1.5756211401928621
1771415117081,1.9409253589655575,-1.137546533034285,1.5726344566545831
1771415117093,1.9156196259216467,-1.1214513224302163,1.5530439409867671
1771415117106,1.9218879647749354,-1.1634453415450612,1.5297216368947126
1771415117118,1.9199657197640114,-1.1545074155454147,1.534073333488196
1771415117132,1.9093269797810142,-1.1574512801783,1.518497958422501
1771415117144,1.9216639329751168,-1.1660168375228637,1.5274806073762686
1771415117157,1.9060590010979352,-1.042539414621754,1.5956730506675199
1771415117171,1.9420132211286534,-1.162448005799604,1.5556766967628626
1771415117185,1.9240141834389806,-1.1429089356021682,1.5477692796392768
1771415117201,1.9193565653949727,-1.1145832811410483,1.5625727933525657
1771415117214,1.9394296634368964,-1.1141230960958286,1.5874876837836565
1771415117229,1.9290043609802554,-1.1210612349320503,1.5698023863574262
1771415117241,1.9090454292606989,-1.0829289304445018,1.572170277860351
1771415117255,1.9132485412487539,-1.1489358150196072,1.5298583181313608
1771415117268,1.9133659704365102,-1.1474885128771712,1.531090934477566
1771415117280,1.920116905276615,-1.1838973717302401,1.5116996868225099
1771415117292,1.9331944266376095,-1.1868689434265882,1.525969463099498
1771415117306,1.9040500526419073,-1.1421448819504878,1.5234538626423697
1771415117321,1.9269044942410827,-1.1452851134211077,1.5496073499123844
1771415117335,1.9264991610494546,-1.1131681527737227,1.5723408285656741
1771415117349,1.9200566269466153,-1.1106556025909942,1.56622526576315
1771415117363,1.9362046336247822,-1.1518638640158507,1.5563091023458517
1771415117377,1.9201457245183071,-1.146666312555864,1.5401675139527753
1771415117390,1.8916275598704344,-1.133772265917651,1.514204502138773
1771415117402,1.90219442808999,-1.126300707710981,1.5329025924912345
1771415117415,1.9307748339041433,-1.1786643875923744,1.5292618221413445
1771415117426,1.9150710379262947,-1.1683747022042543,1.5173653599424286
1771415117439,1.921417988285595,-1.1322680473416356,1.5523582559050675
1771415117455,1.9350938050861197,-1.1649521277016979,1.5451454865629852
1771415117469,1.9361317279579628,-1.0793797828211316,1.6073410815512972
1771415117486,1.9332943236567843,-1.1087918851320737,1.5837321419194617
1771415117502,1.947340350132472,-1.1783177396710351,1.5503876107704813
1771415117515,1.923051246228624,-1.1493866231367158,1.54176408252879
1771415117529,1.9070832601457008,-1.1429469523991063,1.526642992034991
1771415117541,1.91349775015603,-1.1419648337865864,1.535379418335078
1771415117555,1.9214174581198544,-1.168271385798228,1.525446497748397
1771415117569,1.9315887204188766,-1.2018028210833114,1.5121854926184246
1771415117582,1.9338677162320659,-1.1796239098789918,1.5324267601182207
1771415117597,1.9459060434106,-1.1534816351539712,1.567172755998654
1771415117610,1.9356862165468744,-1.0819670069947025,1.6050634020824468
1771415117623,1.9292056929826253,-1.1561090478035474,1.5444243184511655
1771415117636,1.9208913287715865,-1.1009216175533738,1.5741013591740318
1771415117647,1.9502707092821974,-1.2173516729369744,1.523683282011598
1771415117659,1.9185748654814176,-1.1608860584791536,1.5275055069248604
1771415117672,1.9336221823233666,-1.2187527253718782,1.5011783832614956
1771415117688,1.9093269797810142,-1.1574512801783,1.518497958422501
1771415117701,1.8936113280373723,-1.071165943586066,1.5615272597597627
1771415117714,1.913585344602638,-1.1852416915527142,1.5023351835337073
1771415117731,1.9245570987631557,-1.1317667315162592,1.5566065950755377
1771415117746,1.9324988281377369,-1.117130872255642,1.5768862784002766
1771415117760,1.9350938050861197,-1.1649521277016979,1.5451454865629852
1771415117772,1.9454592942492808,-1.1592192227855271,1.56237724609181
1771415117786,1.935719546363063,-1.1205882463373844,1.578382762305306
1771415117798,1.920695246142157,-1.1403619812804227,1.545524111815558
1771415117814,1.9181821785016722,-1.1326628935865923,1.5480625437667137
1771415117827,1.929643868490041,-1.150836936608894,1.5489027743980148
1771415117840,1.901821697222168,-1.1736699825296986,1.4964706947126445
1771415117855,1.9151225382862112,-1.131126732048348,1.54539530628815
1771415117867,1.9028630675894316,-1.1549356236994806,1.5122868640260527
1771415117880,1.9040500526419073,-1.1421448819504878,1.5234538626423697
1771415117892,1.946135782351559,-1.2287951061106088,1.5091411698538122
1771415117909,1.9151225382862112,-1.131126732048348,1.54539530628815
1771415117920,1.9465289149401357,-1.1872098901216395,1.5425652315203355
1771415117937,1.9122022924610729,-1.0445172797976294,1.6017182210044136
1771415117951,1.9215369459936473,-1.1669872028873889,1.5265795436581946
1771415117965,1.9386830991659996,-1.1598529322169588,1.5534585075307312
1771415117978,1.929755733908946,-1.149830390939248,1.5497894258985478
1771415117993,1.9123032427199795,-1.1637162069695912,1.5174545402593305
1771415118007,1.9145799039303277,-1.1703607217418104,1.5152135128548225
1771415118021,1.8892050353465049,-1.0856789885522586,1.5460908121435601
1771415118038,1.8956397751990253,-1.161478813648423,1.4981378850968499
1771415118053,1.923114010337052,-1.1898055573654922,1.5108706868613373
1771415118069,1.9481596951359144,-1.2051209645453769,1.5306892756419506
1771415118081,1.919447719484185,-1.1969703224768526,1.500513776991967
1771415118095,1.9134120522733855,-1.109888580682883,1.558618946457018
1771415118107,1.9139302645613288,-1.1048363973217497,1.5628389529177007
1771415118126,1.9144762651110316,-1.011753263374032,1.6252921902616408
1771415118141,1.9463874592094388,-1.1475979572551154,1.57208239919912
1771415118153,1.9425908849042444,-1.1510240663632825,1.5648651522625165
1771415118167,1.9332963133122516,-1.1496745991300203,1.5543110857167464
1771415118181,1.9326236345947714,-1.1567963097568776,1.5481784169556085
1771415118195,1.929705452685319,-1.1496392468365393,1.549868619030841
1771415118207,1.8981452365909983,-1.0957233481199942,1.5499502197095902
1771415118220,1.899148157620211,-1.1248196488586564,1.530210600582067
1771415118231,1.900989832368014,-1.0994710435425707,1.5507823081199956
1771415118243,1.9307748339041433,-1.1786643875923744,1.5292618221413445
1771415118256,1.9375712350954675,-1.1730097607051833,1.5421512222735305
1771415118269,1.9025746859662749,-1.0846188995524466,1.5631353998976893
1771415118282,1.9151225382862112,-1.131126732048348,1.54539530628815
1771415118294,1.923282803502591,-1.1469650981985255,1.5438548525568176
1771415118306,1.9456431714936,-1.1940919661422749,1.5361223021537542
1771415118320,1.945039737715582,-1.1635371381447637,1.5586407249429204
1771415118337,1.9376550652006777,-1.1347437269017728,1.5706252977572077
1771415118353,1.9245570987631557,-1.1317667315162592,1.5566065950755377
1771415118367,1.929944716811393,-1.1474760948765224,1.551768417527285
1771415118382,1.9269044942410827,-1.1452851134211077,1.5496073499123844
1771415118396,1.9154867489170146,-1.1228863281731525,1.5518427044254484
1771415118409,1.9331944266376095,-1.1868689434265882,1.525969463099498
1771415118422,1.9037053518774727,-1.1816297070423498,1.492596831767354
1771415118434,1.8988202007510377,-1.124489996448796,1.5300458825364676
1771415118448,1.9033852083458023,-1.0711455141684603,1.5733793372312914
1771415118462,1.9123217595212345,-1.1595110779275062,1.5206934510616474
1771415118476,1.9016058813370134,-1.1339844887428496,1.5264940573831716
1771415118490,1.9332963133122516,-1.1496745991300203,1.5543110857167464
1771415118504,1.9199657197640114,-1.1545074155454147,1.534073333488196
1771415118519,1.9528443865357068,-1.1503789682908174,1.5780460789654325
1771415118533,1.9362046336247822,-1.1518638640158507,1.5563091023458517
1771415118545,1.9198847139703088,-0.989281748995999,1.6453810914314873
1771415118558,1.9535602571051371,-1.1414354061347003,1.5854093767108863
1771415118574,1.9212435461973407,-1.0971610956244138,1.5771538587129568
1771415118589,1.9395127734248125,-1.1546737236487008,1.5583447597349092
1771415118603,1.9207457839078852,-1.1766070513317237,1.5181766080256878
1771415118615,1.9215976801621384,-1.1295008034971146,1.5545949888327457
1771415118629,1.910492842815173,-1.107813658511897,1.5565127048830947
1771415118643,1.9059719821268148,-1.115126652314205,1.5457107575322537
1771415118656,1.930711605710335,-1.2150227132097127,1.5004556344021267
1771415118670,1.9110176153298766,-1.1341592221930763,1.538073855448913
1771415118682,1.9408579591862587,-1.24834601012065,1.486123096096855
1771415118694,1.9460805770116774,-1.1892766209240127,1.5404060280152325
1771415118707,1.9408686957385712,-1.2124965026159111,1.515527474261726
1771415118721,1.9285020309715553,-1.130830338091688,1.5621596685079449
1771415118738,1.9497627848529513,-1.1452802856922286,1.5779442272787283
1771415118754,1.9377308381509732,-1.1716936100067832,1.5433518346088637
1771415118769,1.9341808388177943,-1.1721759338420188,1.5385249745686607
1771415118787,1.9274394493889855,-1.1397154596429053,1.5543717387137084
1771415118801,1.9341036672524863,-1.1805789580645307,1.5319890076155191
1771415118814,1.910385438940802,-1.1411906529519684,1.5320758528650273
1771415118828,1.919447719484185,-1.1969703224768526,1.500513776991967
1771415118842,1.9234178121686096,-1.1085401985761323,1.5718380032014336
1771415118855,1.913161250807924,-1.1129122951049413,1.5561530114346702
1771415118872,1.9181821785016722,-1.1326628935865923,1.5480625437667137
1771415118886,1.9144024592884457,-1.1718723339661705,1.5138203357777729
1771415118902,1.9098424320895513,-1.1518741490308761,1.5233791583857668
1771415118918,1.9389996165822156,-1.1970764913616272,1.5253613955175722
1771415118932,1.914458247145025,-1.0976352192778214,1.5685494271659184
1771415118944,1.9107224417840796,-1.101037518267664,1.5615942600125996
1771415118956,1.909339304135739,-1.0750873660782434,1.5778985181615746
1771415118970,1.962098179170998,-1.236093738228012,1.523778702771385
1771415118984,1.9342751822150104,-1.1377846445376159,1.5642463307252228
1771415118996,1.9050908843362269,-1.0547073299215397,1.5864941619151212
1771415119009,1.9386919671416036,-1.0841686223396345,1.60720407596346
1771415119021,1.9200566269466153,-1.1106556025909942,1.56622526576315
1771415119033,1.9340419296315325,-1.2138047220763795,1.5057211834326916
1771415119044,1.9154103961746096,-1.1238821804531025,1.5510273467072573
1771415119056,1.9073076897704662,-1.144918363202508,1.5254456939069456
1771415119068,1.9121063102615654,-1.0850097097763545,1.5744537057129144
1771415119082,1.9221244751430175,-1.123464591991613,1.5596120698702416
1771415119096,1.91631084857437,-1.1504267804544237,1.5325682664002578
1771415119108,1.9117839533117715,-1.1655365826466662,1.515401715273121
1771415119120,1.926399443270672,-1.1838208992431565,1.5197311912139855
1771415119131,1.924550893965678,-1.173155096536991,1.5256484729233577
1771415119143,1.9218440204664333,-1.2391627510519143,1.4689996989135279
1771415119155,1.9224957783883896,-1.1921491659725911,1.5082341940136603
1771415119166,1.9375712350954675,-1.1730097607051833,1.5421512222735305
1771415119180,1.9503289965617014,-1.1756903789905278,1.5561283133400285
1771415119191,1.91706492670306,-1.1042737935516596,1.567072851551591
1771415119207,1.914458247145025,-1.0976352192778214,1.5685494271659184
1771415119219,1.9165338812500763,-1.1110798357699059,1.5616029317739515
1771415119232,1.944510240998432,-1.1285472379882837,1.5835091439511162
1771415119247,1.932883032971538,-1.1119790651160693,1.580993161874157
1771415119261,1.9302205173337739,-1.1019060653513946,1.5847883987075593
1771415119273,1.9233194760095915,-1.1134654294794337,1.5682322991674382
1771415119286,1.929944716811393,-1.1474760948765224,1.551768417527285
1771415119300,1.9155126206067867,-1.0893147489505615,1.5756211401928621
1771415119314,1.9098424320895513,-1.1518741490308761,1.5233791583857668
1771415119328,1.9104425085042402,-1.1446175939771233,1.5295885531272766
1771415119340,1.9083776632880445,-1.1285579347390746,1.5389159475664067
1771415119356,1.9370443681378586,-1.2152994065225236,1.5083727114478696
1771415119369,1.9344717173330603,-1.135270236452512,1.5663148838552794
1771415119383,1.9249382470564662,-1.1683576675349108,1.529812934869229
1771415119397,1.91631084857437,-1.1504267804544237,1.5325682664002578
1771415119408,1.923001882219982,-1.115448148097408,1.5664327843631387
1771415119422,1.9086465064516815,-1.124870700092751,1.5419459765708567
1771415119438,1.9122329726079343,-1.1636344241361298,1.5174287029361067
1771415119451,1.9260419009675154,-1.1561411609064585,1.5404463704850055
1771415119465,1.952090013001607,-1.1591068390891182,1.5707089973758497
1771415119478,1.9472487058720953,-1.2122007175408687,1.523924848184435
1771415119490,1.9130609680039878,-1.0766218623089032,1.5813562637492111
1771415119505,1.9448943180588991,-1.1701718843305475,1.553483720397509
1771415119519,1.9376550652006777,-1.1347437269017728,1.5706252977572077
1771415119533,1.943984565486554,-1.1800000289105639,1.5448870258439658
1771415119548,1.9078148812527438,-1.0972065030923022,1.560735567193041
1771415119560,1.9403319845336782,-1.1818506682795575,1.5388688079532853
1771415119572,1.9055732891986157,-1.124676448430444,1.5382823040174107
1771415119586,1.9320327512650046,-1.2001483183061457,1.5140655752072147
1771415119600,1.9121929605338726,-1.1243799912686618,1.5466905164091425
1771415119615,1.9306859959096823,-1.2154320563838596,1.5000911076052228
1771415119628,1.9162960729876026,-1.1502205240338046,1.532704598231214
1771415119639,1.9236751604572733,-1.1792382875136862,1.5198431446113458
1771415119656,1.93437998839562,-1.2092822650655868,1.5097888405016389
1771415119670,1.9147634354229175,-1.1719938752994417,1.51418273992711
1771415119685,1.9290227953916772,-1.162250074861915,1.5395790686496726
1771415119699,1.896554062011774,-1.1143629220054827,1.5346376080993072
1771415119713,1.9117839533117715,-1.1655365826466662,1.515401715273121
1771415119726,1.913161250807924,-1.1129122951049413,1.5561530114346702
1771415119738,1.9374030408255656,-1.2152849175332123,1.508844959502613
1771415119752,1.9269693049879562,-1.1816731644634977,1.5221232652950911
1771415119764,1.9343232244099682,-1.1738559257062702,1.5374227142123442
1771415119778,1.9267731717811207,-1.1837385497681687,1.5202690226694198
1771415119794,1.9214174581198544,-1.168271385798228,1.525446497748397
1771415119810,1.9193565653949727,-1.1145832811410483,1.5625727933525657
1771415119822,1.9275991187345936,-1.1375716209097613,1.5561391871703252
1771415119834,1.8981452365909983,-1.0957233481199942,1.5499502197095902
1771415119849,1.9541042570982474,-1.1352444885320352,1.5905167081383116
1771415119862,1.9439486598688582,-1.1770295913573658,1.5471062449861168
1771415119876,1.9047821651921888,-1.0958762195531462,1.5579635452256728
1771415119889,1.951187049152104,-1.170375027512179,1.5612024839061591
1771415119902,1.9324988281377369,-1.117130872255642,1.5768862784002766
1771415119919,1.9392178061082908,-1.1115850908529352,1.5890073270192695
1771415119935,1.9124374243973132,-1.0423080424288749,1.6034371976861195
1771415119947,1.919958078220136,-1.1493349898136733,1.5379428153584778
1771415119964,1.937963132821887,-1.1682684009251927,1.5462373839668073
1771415119978,1.9349794085522098,-1.0873188019754378,1.600588371315923
1771415119989,1.9094319258085726,-1.115809630463184,1.5494835100325035
1771415120005,1.9386368207889328,-1.1645368939739005,1.549892430297097
1771415120023,1.9479799963276665,-1.2031562683184145,1.5320055679072588
1771415120038,1.9245570987631557,-1.1317667315162592,1.5566065950755377
1771415120053,1.9208913287715865,-1.1009216175533738,1.5741013591740318
1771415120065,1.9400010627442625,-1.1485168924730427,1.5634938666822245
1771415120078,1.9340539588116472,-1.1402511636471948,1.5621754060912056
1771415120091,1.9194608533961983,-1.113260483652906,1.5636435217968832
1771415120107,1.9463874592094388,-1.1475979572551154,1.57208239919912
1771415120121,1.912649149445203,-1.1196656628922697,1.5506693948786996
1771415120134,1.9314130984162985,-1.1298725817696942,1.5664432660326806
1771415120148,1.9383943558130856,-1.2045117150144025,1.518724532968731
1771415120164,1.9359156407098417,-1.154928032141544,1.553676481291603
1771415120180,1.91631084857437,-1.1504267804544237,1.5325682664002578
1771415120192,1.9290227953916772,-1.162250074861915,1.5395790686496726
1771415120207,1.895267681965085,-1.0880473254173602,1.5518352373732966
1771415120219,1.9081296980206925,-1.1308387421538455,1.5369328819803576
1771415120232,1.914458247145025,-1.0976352192778214,1.5685494271659184
1771415120245,1.9241830339785584,-1.21756180086344,1.4899743653261648
1771415120257,1.9066682565968733,-1.1522978888568576,1.5190765010525933
1771415120272,1.9199657197640114,-1.1545074155454147,1.534073333488196
1771415120288,1.9089577861603257,-1.1215540021772281,1.5447447845978874
1771415120304,1.9051864332351083,-1.1295434630687762,1.534231700370485
1771415120319,1.899148157620211,-1.1248196488586564,1.530210600582067
1771415120331,1.9303947686260567,-1.2145484838739458,1.5004319188348223
1771415120344,1.9162960729876026,-1.1502205240338046,1.532704598231214
1771415120355,1.9110176153298766,-1.1341592221930763,1.538073855448913
1771415120370,1.9104425085042402,-1.1446175939771233,1.5295885531272766
1771415120385,1.9291900795511485,-1.1921950878439882,1.5167218715239892
1771415120397,1.9174896807848953,-1.176941542630235,1.5137949931043246
1771415120409,1.9060979947289185,-1.1176628750641358,1.5440334397975242
1771415120423,1.9144024592884457,-1.1718723339661705,1.5138203357777729
1771415120436,1.9190431198946816,-1.1591672363958987,1.5293978599701936
1771415120452,1.913161250807924,-1.1129122951049413,1.5561530114346702
1771415120465,1.9055732891986157,-1.124676448430444,1.5382823040174107
1771415120479,1.9260419009675154,-1.1561411609064585,1.5404463704850055
1771415120491,1.9296801720149723,-1.1908901626854302,1.5183695817181015
1771415120504,1.9151716856042091,-1.1676232270626647,1.5180706785139606
1771415120516,1.9392674724647505,-1.190737268442918,1.5306544637183535
1771415120528,1.9403319845336782,-1.1818506682795575,1.5388688079532853
1771415120539,1.9110661057254437,-1.1334898288173358,1.538627462519846
1771415120551,1.9066682565968733,-1.1522978888568576,1.5190765010525933
1771415120566,1.9134716361031565,-1.1461464833105366,1.5322277705896667
1771415120577,1.9331944266376095,-1.1868689434265882,1.525969463099498
1771415120591,1.9268711744822309,-1.1832484331026032,1.5207746935725772
1771415120604,1.8958272960436313,-1.0815002722890856,1.5570864771947446
1771415120616,1.9066513068840067,-1.074549936769301,1.5750116315226317
1771415120628,1.9474499189890166,-1.2092510148562712,1.5265232294463802
1771415120640,1.9314130984162985,-1.1298725817696942,1.5664432660326806
1771415120654,1.9345873358242565,-1.1362941510974813,1.565715096086529
1771415120670,1.9087057589233731,-1.0867392819786514,1.569125682395064
1771415120687,1.9342751822150104,-1.1377846445376159,1.5642463307252228
1771415120701,1.9254621185667815,-1.0833503969457035,1.5917777129590884
1771415120717,1.9090454292606989,-1.0829289304445018,1.572170277860351
1771415120731,1.920729101860246,-1.1030227040171692,1.5724316192303942
1771415120745,1.9449201226840678,-1.201867023107538,1.529127183195706
1771415120761,1.918919518969418,-1.0861893728050525,1.581911744278798
1771415120773,1.9420603122654698,-1.1573491264944291,1.5595323837225172
1771415120789,1.9257811464345416,-1.1585112782236369,1.538338273004794
1771415120804,1.9569810858306664,-1.175928551900801,1.5642784314576033
1771415120818,1.9193565653949727,-1.1145832811410483,1.5625727933525657
1771415120832,1.9107129986722842,-1.1034570165019222,1.5598739615840471
1771415120846,1.9353889418844459,-1.1200574486290105,1.5783541009986533
1771415120859,1.9290043609802554,-1.1210612349320503,1.5698023863574262
1771415120875,1.9302205173337739,-1.1019060653513946,1.5847883987075593
1771415120889,1.9472464025289569,-1.137746090649137,1.5802855391904875
1771415120902,1.9368205575732598,-1.102491767366933,1.5924150762682854
1771415120916,1.9292056929826253,-1.1561090478035474,1.5444243184511655
1771415120928,1.9087033546267347,-1.0943896905116852,1.5637965664577629
1771415120944,1.935719546363063,-1.1205882463373844,1.578382762305306
1771415120956,1.9090454292606989,-1.0829289304445018,1.572170277860351
1771415120969,1.9050908843362269,-1.0547073299215397,1.5864941619151212
1771415120983,1.9143301623462394,-1.0608840891623015,1.5934820111412784
1771415120997,1.9329279460674924,-1.1118655900884473,1.5811278741031554
1771415121013,1.9369965922460244,-1.1466926747273773,1.5611059246890597
1771415121024,1.9344741358750477,-1.1315647727024778,1.5689969240085535
1771415121039,1.9344741358750477,-1.1315647727024778,1.5689969240085535
1771415121054,1.9330340963596777,-1.110381047374598,1.582300460506906
1771415121068,1.9060799870132936,-0.9990998587795521,1.6232499465822499
1771415121080,1.908474481387595,-1.1274651900039976,1.5398367093419025
1771415121094,1.9236862900739644,-1.182721805152995,1.5171480067001286
1771415121107,1.912649149445203,-1.1196656628922697,1.5506693948786996
1771415121119,1.934334492776685,-1.1696124017429173,1.5406676343828347
1771415121132,1.9256824036719802,-1.196742283466702,1.5086618662824347
1771415121145,1.9147634354229175,-1.1719938752994417,1.51418273992711
1771415121157,1.9352121088686804,-1.1639522841294252,1.5460468901627336
1771415121171,1.9256707032148346,-1.1602706281079722,1.536873360680654
1771415121185,1.9094319258085726,-1.115809630463184,1.5494835100325035
1771415121199,1.906704175771234,-1.1134932358585141,1.5477899171401772
1771415121212,1.930601340876013,-1.216232090865598,1.4993335314535439
1771415121224,1.9181821785016722,-1.1326628935865923,1.5480625437667137
1771415121239,1.9188651905063776,-1.2013023180584175,1.4963008921886498
1771415121254,1.9098424320895513,-1.1518741490308761,1.5233791583857668
1771415121269,1.9096754694905211,-1.1545807273296977,1.5211192401822642
1771415121286,1.927033550950078,-1.1813260794260374,1.5224739736872923
1771415121300,1.9123032427199795,-1.1637162069695912,1.5174545402593305
1771415121315,1.91349775015603,-1.1419648337865864,1.535379418335078
1771415121329,1.9162960729876026,-1.1502205240338046,1.532704598231214
1771415121345,1.9286191058706517,-1.1252030787973548,1.5663619272040117
1771415121357,1.907385324567388,-1.1026910236419551,1.5563390641998605
1771415121373,1.9389004276593451,-1.1982963343847604,1.5242771281422671
1771415121386,1.946493025013466,-1.1421524233038034,1.5761735115041502
1771415121402,1.9368209485764036,-1.1820384574733112,1.5342947799880293
1771415121415,1.9271407909678333,-1.1065458476170031,1.5777921014296192
1771415121431,1.9569028531334998,-1.1778399845914262,1.562741740435604
1771415121445,1.9193565653949727,-1.1145832811410483,1.5625727933525657
1771415121458,1.9375712350954675,-1.1730097607051833,1.5421512222735305
1771415121473,1.945039737715582,-1.1635371381447637,1.5586407249429204
1771415121486,1.9266951160879588,-1.1107259079635874,1.5743068404017235
1771415121504,1.9164936318222034,-1.0730885854505545,1.5879007300806895
1771415121518,1.9130797813021705,-1.1140729440895307,1.5552220821718181
1771415121532,1.9260080484626227,-1.076709014380169,1.5969360353800293
1771415121546,1.9321411887039823,-1.1989598799630479,1.5151451347397158
1771415121559,1.9341583884596618,-1.2118173318567034,1.5074705389693612
1771415121571,1.8870367220406654,-1.1104912123813784,1.5256857007764464
1771415121585,1.93709306842809,-1.214629774228599,1.5089745085022264
1771415121601,1.9185900611571538,-1.2003926673040446,1.4966780772944102
1771415121615,1.9206104810522733,-1.1409869708464662,1.5449573949745186
1771415121629,1.9005436800752182,-1.1045003470631587,1.546656155456414
1771415121640,1.9157863997359663,-1.1562312078130716,1.52753622657285
1771415121655,1.912649149445203,-1.1196656628922697,1.5506693948786996
1771415121670,1.9066682565968733,-1.1522978888568576,1.5190765010525933
1771415121686,1.9107518950797073,-1.0998076934038652,1.5624966694621665
1771415121700,1.9114813758434703,-1.053146847898211,1.595193645598712
1771415121714,1.9522593992684705,-1.1148699912689206,1.6026171297599832
1771415121729,1.9183181914802923,-1.094296776981458,1.5755821932391252
1771415121745,1.9420602921072467,-1.120117786310527,1.5864848952859556
1771415121759,1.915242177971615,-1.0882956834579032,1.5759965436663719
1771415121773,1.938202202552987,-1.1283511785083808,1.5758970131134833
1771415121788,1.9460030513824103,-1.1529255423952935,1.56770232176972
1771415121803,1.9025746859662749,-1.0846188995524466,1.5631353998976893
1771415121818,1.9493303255955623,-1.268296713277813,1.480308131902003
1771415121832,1.9083592160942644,-1.0930875762482128,1.5642872013488198
1771415121847,1.9179413471874047,-1.135961251794015,1.5453449600893685
1771415121860,1.9340539588116472,-1.1402511636471948,1.5621754060912056
1771415121872,1.946785556393927,-1.2208419238245205,1.5164164993880986
1771415121886,1.924375671568585,-1.0537425333581243,1.610232405187849
1771415121903,1.9234178121686096,-1.1085401985761323,1.5718380032014336
1771415121916,1.9221244751430175,-1.123464591991613,1.5596120698702416
1771415121933,1.8957787895526665,-1.083227684981154,1.555826147552529
1771415121947,1.9281831632331248,-1.2078375587724643,1.5030032410458312
1771415121960,1.9257811464345416,-1.1585112782236369,1.538338273004794
1771415121972,1.895267681965085,-1.0880473254173602,1.5518352373732966
1771415121989,1.9245021364316663,-1.2113227873841503,1.4954616604560413
1771415122002,1.9289413553097488,-1.121394135036023,1.5694871602313352
1771415122013,1.9401191681672103,-1.1429246472583516,1.5677326421871811
1771415122025,1.963660075810018,-1.2173405073572419,1.5407929719717113
1771415122040,1.9163498101443914,-1.1134106727588093,1.559715765332652
1771415122054,1.8815354464576526,-1.1369737846753836,1.4991551785047246
1771415122070,1.911977439969273,-1.1267878410711458,1.5446704801237323
1771415122084,1.9282909242619177,-1.1661681800076285,1.5356945218788067
1771415122098,1.9401191681672103,-1.1429246472583516,1.5677326421871811
1771415122112,1.929700867134761,-1.1174716451431463,1.5732140855337264
1771415122125,1.9289413553097488,-1.121394135036023,1.5694871602313352
1771415122139,1.9376240491191719,-1.0947887444861404,1.598694642723067
1771415122154,1.9357048977051363,-1.194440053742249,1.5232420717062227
1771415122167,1.8939084210957187,-1.1080400826101622,1.5359480078526562
1771415122180,1.9110176153298766,-1.1341592221930763,1.538073855448913
1771415122192,1.9154867489170146,-1.1228863281731525,1.5518427044254484
1771415122205,1.9594853974122448,-1.1836906857738174,1.5615567178569378
1771415122219,1.9163498101443914,-1.1134106727588093,1.559715765332652
1771415122231,1.917905480158922,-1.1315573440052815,1.5485281424796056
1771415122246,1.9313391783633729,-1.1722242489002965,1.534914112310993
1771415122258,1.8908878449871973,-1.1023151077619047,1.5363457441344992
1771415122273,1.912649149445203,-1.1196656628922697,1.5506693948786996
1771415122285,1.9415969329109617,-1.2042916125907097,1.5229840320019514
1771415122297,1.9369965922460244,-1.1466926747273773,1.5611059246890597
1771415122313,1.9545310441701724,-1.1676717068245241,1.5673973292392862
1771415122325,1.9466590256357577,-1.186486932580767,1.5432854955918687
1771415122340,1.9184912683254778,-1.162218717273863,1.526386713732597
1771415122355,1.8975371395118386,-1.0987535017228367,1.5470578328810385
1771415122371,1.9171636086801396,-1.1409140511736209,1.5407243200138214
1771415122388,1.9267883510310044,-1.0628830229431818,1.607107037259168
1771415122402,1.9425908849042444,-1.1510240663632825,1.5648651522625165
1771415122416,1.9289413553097488,-1.121394135036023,1.5694871602313352
1771415122430,1.9257811464345416,-1.1585112782236369,1.538338273004794
1771415122443,1.9157863997359663,-1.1562312078130716,1.52753622657285
1771415122456,1.9190095782597796,-1.1187816544888014,1.559142511456883
1771415122470,1.9105276122079162,-1.0647924024472915,1.5862953371612132
1771415122485,1.9465289149401357,-1.1872098901216395,1.5425652315203355
1771415122502,1.918919518969418,-1.0861893728050525,1.581911744278798
1771415122517,1.9186748989937163,-1.1593424696470809,1.5288029323955246
1771415122531,1.896554062011774,-1.1143629220054827,1.5346376080993072
1771415122546,1.9376550652006777,-1.1347437269017728,1.5706252977572077
1771415122560,1.9383960198609107,-1.1257661863201633,1.5779827703592886
1771415122575,1.9099748847781979,-1.114265725091817,1.55126269676322
1771415122589,1.9236862900739644,-1.182721805152995,1.5171480067001286
1771415122601,1.9359234838954151,-1.2317401445609608,1.493524673975862
1771415122615,1.9205069263450767,-1.1432301582710394,1.5431693553719203
1771415122629,1.9577198769409072,-1.1673932227981068,1.5715788812320464
1771415122643,1.9386830991659996,-1.1598529322169588,1.5534585075307312
1771415122656,1.9130609680039878,-1.0766218623089032,1.5813562637492111
1771415122671,1.9107129986722842,-1.1034570165019222,1.5598739615840471
1771415122687,1.8956737381620707,-1.161317425795074,1.4983059627799864
1771415122700,1.9163498101443914,-1.1134106727588093,1.559715765332652
1771415122714,1.931790248846417,-1.1292069793917716,1.5673880065991994
1771415122730,1.9274394493889855,-1.1397154596429053,1.5543717387137084
1771415122741,1.9218722416502487,-1.1220666090799367,1.5603074818809286
1771415122756,1.9467826528969152,-1.2209339226190823,1.5163387003629274
1771415122770,1.9133659704365102,-1.1474885128771712,1.531090934477566
1771415122785,1.914458247145025,-1.0976352192778214,1.5685494271659184
1771415122799,1.9456431714936,-1.1940919661422749,1.5361223021537542
1771415122813,1.9240940081554476,-1.099828121361164,1.578770361921856
1771415122828,1.9224957783883896,-1.1921491659725911,1.5082341940136603
1771415122843,1.9224254300316783,-1.1974495360627138,1.5039395408777825
1771415122855,1.9156196259216467,-1.1214513224302163,1.5530439409867671
1771415122869,1.9252855947337768,-1.1280636024468156,1.5601913761215658
1771415122881,1.9219793326850219,-1.0828924910973134,1.587875438437605
1771415122894,1.9040500526419073,-1.1421448819504878,1.5234538626423697
1771415122912,1.9361202998868243,-1.1570299397554504,1.552367074548847
1771415122926,1.9181821785016722,-1.1326628935865923,1.5480625437667137
1771415122938,1.9492439644291044,-1.1925450627174916,1.5418781749059896
1771415122949,1.947333517771191,-1.1780220102941348,1.5506037445774747
1771415122961,1.9522134042023547,-1.1538144237266488,1.5747537747685152
1771415122973,1.912402304653019,-1.1227048331382208,1.5481655055226682
1771415122986,1.931848405429408,-1.1617447300716461,1.5434984430542533
1771415122998,1.9106600603386292,-1.1423906750951862,1.5315238854254865
1771415123012,1.919958078220136,-1.1493349898136733,1.5379428153584778
1771415123023,1.939676359355441,-1.1891823666640533,1.5323803959388345
1771415123036,1.938202202552987,-1.1283511785083808,1.5758970131134833
1771415123050,1.9284595176195047,-1.1649530324978823,1.5368280785993078
1771415123063,1.9093269797810142,-1.1574512801783,1.518497958422501
1771415123075,1.9207457839078852,-1.1766070513317237,1.5181766080256878
1771415123088,1.923871284157941,-1.1024773970896922,1.576649709641892
1771415123105,1.9264991610494546,-1.1131681527737227,1.5723408285656741
1771415123122,1.9215976801621384,-1.1295008034971146,1.5545949888327457
1771415123138,1.9269168991601098,-1.145903428927353,1.5491656037497563
1771415123155,1.928545173448617,-1.1638295555922415,1.5377864778836892
1771415123168,1.9488820295110447,-1.1599091883062662,1.5661263805433414
1771415123185,1.923282803502591,-1.1469650981985255,1.5438548525568176
1771415123201,1.9123217595212345,-1.1595110779275062,1.5206934510616474
1771415123215,1.9234521600246979,-1.1488390611523793,1.5426720401544185
1771415123230,1.9286191058706517,-1.1252030787973548,1.5663619272040117
1771415123242,1.9395127734248125,-1.1546737236487008,1.5583447597349092
1771415123256,1.919121279925175,-1.1587110834774295,1.5298415316915026
1771415123269,1.916705729722356,-1.1887873798889361,1.5035110308099864
1771415123283,1.90219442808999,-1.126300707710981,1.5329025924912345
1771415123297,1.9314130984162985,-1.1298725817696942,1.5664432660326806
1771415123309,1.9600184899949284,-1.17743053448502,1.5669492070850028
1771415123322,1.9320443012970125,-1.159817851120378,1.5451918115226893
1771415123335,1.9320327512650046,-1.2001483183061457,1.5140655752072147
1771415123350,1.9207457839078852,-1.1766070513317237,1.5181766080256878
1771415123364,1.9058725861068442,-1.120648044186677,1.5415895288740664
1771415123377,1.9189784588233134,-1.12322517652125,1.5559060152389368
1771415123389,1.917905480158922,-1.1315573440052815,1.5485281424796056
1771415123403,1.9246364580679705,-1.1312308645855411,1.5570941611647868
1771415123417,1.9323915931954376,-1.1560139336682267,1.548473136550103
1771415123431,1.9415969329109617,-1.2042916125907097,1.5229840320019514
1771415123444,1.9318038699874525,-1.12964775674355,1.5670871506660897
1771415123456,1.9421209898574725,-1.1935162968922013,1.5321073031278507
1771415123469,1.8852712023993534,-1.1267672237738553,1.5115035990778398
1771415123486,1.908074829924334,-1.1758395082792088,1.5027145461998046
1771415123501,1.9094376090170275,-1.0780662607893716,1.5759838578095542
1771415123517,1.9119900993645915,-1.0894939848468312,1.5712125881149226
1771415123532,1.93709306842809,-1.214629774228599,1.5089745085022264
1771415123548,1.9295774438272673,-1.1885292180478795,1.520087961130364
1771415123562,1.9403974640219455,-1.1399958132672892,1.5702075863133031
1771415123574,1.9269044942410827,-1.1452851134211077,1.5496073499123844
1771415123588,1.943984565486554,-1.1800000289105639,1.5448870258439658
1771415123601,1.905880066760279,-1.1609076693080729,1.511513219332158
1771415123615,1.9177298367108948,-1.1002341081501779,1.5707236019981932
1771415123631,1.9269044942410827,-1.1452851134211077,1.5496073499123844
1771415123643,1.9205069263450767,-1.1432301582710394,1.5431693553719203
1771415123655,1.9121322959852494,-1.1275939801271175,1.5442738530878863
1771415123669,1.9206104810522733,-1.1409869708464662,1.5449573949745186
1771415123682,1.952676050952682,-1.110089080756756,1.6064389165943351
1771415123694,1.9154867489170146,-1.1228863281731525,1.5518427044254484
1771415123708,1.9286810515798294,-1.165835099106196,1.5364371514693085
1771415123723,1.9365246904534879,-1.1102259271468473,1.5866714428094115
1771415123739,1.9177599494773567,-1.0141544052195632,1.627665219322803
1771415123750,1.909139701069888,-1.1596910595524847,1.5165523547162019
1771415123765,1.9198063748960872,-1.186659878983147,1.5091371205769735
1771415123779,1.9234178121686096,-1.1085401985761323,1.5718380032014336
1771415123795,1.922249967711222,-1.1219319093078217,1.5608695426725128
1771415123808,1.90219442808999,-1.126300707710981,1.5329025924912345
1771415123822,1.9330484545492226,-1.1523008515138988,1.552056402079345
1771415123838,1.9347843463070395,-1.1320776395575967,1.569009459731986
1771415123852,1.9414461830479042,-1.1686277344924885,1.5503298035728494
1771415123865,1.9418204888413497,-1.2016982286569533,1.52531576341648
1771415123880,1.8981452365909983,-1.0957233481199942,1.5499502197095902
1771415123894,1.9234731151012232,-1.111164911519207,1.5700513889442334
1771415123906,1.9181821785016722,-1.1326628935865923,1.5480625437667137
1771415123921,1.917714838511923,-1.1748692703973407,1.5156887541064725
1771415123936,1.9161771008054322,-1.1147228362657569,1.5585659049134684
1771415123950,1.9332943236567843,-1.1087918851320737,1.5837321419194617
1771415123964,1.9280818568413067,-1.1690687174628922,1.5332246999478876
1771415123980,1.91631084857437,-1.1504267804544237,1.5325682664002578
1771415123992,1.959635455882697,-1.149358547502766,1.587181794639454
1771415124004,1.9257811464345416,-1.1585112782236369,1.538338273004794
1771415124016,1.9123578795563838,-1.159431412620036,1.5207996116948794
1771415124028,1.9256707032148346,-1.1602706281079722,1.536873360680654
1771415124040,1.9409253589655575,-1.137546533034285,1.5726344566545831
1771415124053,1.9486490132917786,-1.2362900097334404,1.5062602659687707
1771415124065,1.9117839533117715,-1.1655365826466662,1.515401715273121
1771415124077,1.9117839533117715,-1.1655365826466662,1.515401715273121
1771415124089,1.931790248846417,-1.1292069793917716,1.5673880065991994
1771415124103,1.9110142726543105,-1.0602887264485081,1.5898941369961346
1771415124118,1.9094319258085726,-1.115809630463184,1.5494835100325035
1771415124130,1.916705729722356,-1.1887873798889361,1.5035110308099864
1771415124143,1.9503289965617014,-1.1756903789905278,1.5561283133400285
1771415124156,1.9051864332351083,-1.1295434630687762,1.534231700370485
1771415124172,1.920619052616206,-1.1411986184851333,1.5448117226510145
1771415124185,1.931848405429408,-1.1617447300716461,1.5434984430542533
1771415124197,1.9481771665052035,-1.1303936031079165,1.5866961190300255
1771415124212,1.9155126206067867,-1.0893147489505615,1.5756211401928621
1771415124225,1.9324327454743004,-1.1553613458740468,1.5490114512944873
1771415124239,1.9246632586774552,-1.0936384910811527,1.583756139728797
1771415124255,1.926681666510229,-1.0689892549206723,1.6029236466316104
1771415124270,1.9206104810522733,-1.1409869708464662,1.5449573949745186
1771415124284,1.9500374538131628,-1.1874529659564024,1.5468036478220066
1771415124297,1.9193565653949727,-1.1145832811410483,1.5625727933525657
1771415124312,1.9239019027986546,-1.1761222325828988,1.5225422902555126
1771415124328,1.939632264347181,-1.1929811351102269,1.5293689326541478
1771415124342,1.925866827872677,-1.120912324912253,1.5660519143885925
1771415124356,1.9055732891986157,-1.124676448430444,1.5382823040174107
1771415124373,1.9500644620169647,-1.2554582971731776,1.4921715283708301
1771415124387,1.923051246228624,-1.1493866231367158,1.54176408252879
1771415124401,1.9512656529630956,-1.169009207844181,1.562323628576684
1771415124414,1.9414035887250403,-1.2059491011727301,1.52142520673714
1771415124428,1.9365788627528873,-1.189097664224933,1.5285236133590068
1771415124443,1.9240141834389806,-1.1429089356021682,1.5477692796392768
1771415124456,1.9252855947337768,-1.1280636024468156,1.5601913761215658
1771415124469,1.91349775015603,-1.1419648337865864,1.535379418335078
1771415124486,1.9137397642800862,-1.1019488870517598,1.5646432614855657
1771415124502,1.9508353176689188,-1.251427646690801,1.4965584792323738
1771415124517,1.934670069546777,-1.206860741610968,1.512096368740549
1771415124533,1.9119900993645915,-1.0894939848468312,1.5712125881149226
1771415124546,1.938202404172544,-1.1280929421996628,1.5760821277140153
1771415124561,1.916164896458808,-1.1146646699231635,1.5585925009591444
1771415124576,1.904217363174889,-1.1059786751758796,1.5501144913434406
1771415124589,1.94819798022219,-1.1677479958670816,1.5594357916535824
1771415124602,1.9420132211286534,-1.162448005799604,1.5556766967628626
1771415124616,1.9090454292606989,-1.0829289304445018,1.572170277860351
1771415124630,1.9154103961746096,-1.1238821804531025,1.5510273467072573
1771415124643,1.9307748339041433,-1.1786643875923744,1.5292618221413445
1771415124656,1.917523469131404,-1.0604339727115717,1.5976157373376392
1771415124673,1.9207457839078852,-1.1766070513317237,1.5181766080256878
1771415124688,1.939632264347181,-1.1929811351102269,1.5293689326541478
1771415124705,1.9237894990870175,-1.0652400602053764,1.6019455830118334
1771415124718,1.9122566853964234,-1.160290229769094,1.5200171754114158
1771415124730,1.944123561968083,-1.2514551644409813,1.4877756536499256
1771415124744,1.9193557286705945,-1.0767127022179093,1.5889040783078243
1771415124756,1.9271407909678333,-1.1065458476170031,1.5777921014296192
1771415124770,1.9280818568413067,-1.1690687174628922,1.5332246999478876
1771415124783,1.907057003736568,-1.1433547426875261,1.5263048017596739
1771415124797,1.9162619675586514,-1.076278696956001,1.5854602154549469
1771415124808,1.9342676976299977,-1.1373678944303944,1.5645401237468546
1771415124821,1.9132485412487539,-1.1489358150196072,1.5298583181313608
1771415124834,1.9364040017525428,-1.1905486690353464,1.5271720023171675
1771415124848,1.9395874465029188,-1.186779222735643,1.534129896428166
1771415124862,1.917905480158922,-1.1315573440052815,1.5485281424796056
1771415124878,1.8986202178204787,-1.1317565550316142,1.5244296742256283
1771415124893,1.899148157620211,-1.1248196488586564,1.530210600582067
1771415124905,1.9289413553097488,-1.121394135036023,1.5694871602313352
1771415124922,1.8897699385780051,-1.0748644159846754,1.5543155754231637
1771415124938,1.935719546363063,-1.1205882463373844,1.578382762305306
1771415124951,1.9318383628931508,-1.0873029188288816,1.5968004956950268
1771415124965,1.9019647709561076,-1.1249537685371125,1.5336065364402525
1771415124981,1.9078130443154044,-1.1394577429782542,1.5301590322665528
1771415124994,1.9244850021194155,-1.0174994866495042,1.6335046121913956
1771415125006,1.944774568388039,-1.2041749005704747,1.5271250540427168
1771415125020,1.9221244751430175,-1.123464591991613,1.5596120698702416
1771415125038,1.9060979947289185,-1.1176628750641358,1.5440334397975242
1771415125054,1.938688882631533,-1.163627640102048,1.5506402867298528
1771415125070,1.8975371395118386,-1.0987535017228367,1.5470578328810385
1771415125084,1.914458247145025,-1.0976352192778214,1.5685494271659184
1771415125100,1.9418204888413497,-1.2016982286569533,1.52531576341648
1771415125114,1.9352037748089794,-1.1642461302873885,1.5458151888714784
1771415125127,1.9301395604377338,-1.064886541278876,1.6097997940644302
1771415125139,1.9643958259747691,-1.209382293687561,1.5479810815452848
1771415125152,1.9175628052794425,-1.1761582753173794,1.5144962276590896
1771415125166,1.9070832601457008,-1.1429469523991063,1.526642992034991
1771415125181,1.9215976801621384,-1.1295008034971146,1.5545949888327457
1771415125195,1.9234622354011413,-1.1819440620410984,1.517470001423469
1771415125209,1.9135356337965361,-1.1858212175815752,1.5018144564966944
1771415125223,1.9393602183893268,-1.110162631218474,1.5901751441011684
1771415125237,1.9094319258085726,-1.115809630463184,1.5494835100325035
1771415125250,1.9190431198946816,-1.1591672363958987,1.5293978599701936
1771415125265,1.9337339770038524,-1.1437901787894154,1.55918925109302
1771415125280,1.9256707032148346,-1.1602706281079722,1.536873360680654
1771415125292,1.9375222034061392,-1.1411028721840661,1.5658469030480138
1771415125311,1.935719546363063,-1.1205882463373844,1.578382762305306
1771415125329,1.9110176153298766,-1.1341592221930763,1.538073855448913
1771415125342,1.9285661950253774,-1.1675486710692378,1.5349910974592391
1771415125355,1.9447501692994527,-1.2046487082902675,1.526720246346671
1771415125367,1.9104791781474122,-1.1074156117290606,1.5567791600074696
1771415125379,1.9269168991601098,-1.145903428927353,1.5491656037497563
1771415125391,1.9285020309715553,-1.130830338091688,1.5621596685079449
1771415125403,1.9264991610494546,-1.1131681527737227,1.5723408285656741
1771415125417,1.9320327512650046,-1.2001483183061457,1.5140655752072147
1771415125430,1.9394615190602205,-1.1549710721266535,1.558060591397519
1771415125442,1.9340539588116472,-1.1402511636471948,1.5621754060912056
1771415125454,1.9303947686260567,-1.2145484838739458,1.5004319188348223
1771415125466,1.956121035467394,-1.18608078727776,1.5555133787430433
1771415125478,1.942309376271017,-1.1960447914043393,1.530373343372413
1771415125489,1.9206104810522733,-1.1409869708464662,1.5449573949745186
1771415125503,1.9172725948257903,-1.1798543117226257,1.511250477577939
1771415125521,1.9285020309715553,-1.130830338091688,1.5621596685079449
1771415125534,1.8975371395118386,-1.0987535017228367,1.5470578328810385
1771415125550,1.9341808388177943,-1.1721759338420188,1.5385249745686607
1771415125564,1.9114813758434703,-1.053146847898211,1.595193645598712
1771415125578,1.9198063748960872,-1.186659878983147,1.5091371205769735
1771415125590,1.9406312050232677,-1.1372415432993284,1.572492017818921
1771415125604,1.903274477396444,-1.071992298469739,1.5726685119027064
1771415125618,1.9119900993645915,-1.0894939848468312,1.5712125881149226
1771415125631,1.9118003586091823,-1.0498476756623412,1.5977485625356005
1771415125644,1.9375712350954675,-1.1730097607051833,1.5421512222735305
1771415125656,1.906717033672696,-1.1111376950775766,1.5494976182864222
1771415125670,1.9237291412578204,-1.1042366430922466,1.5752445032365348
1771415125685,1.9454186041562185,-1.1222553258270112,1.5890866965178578
1771415125698,1.926385852745715,-1.1522324917992426,1.5438013921813079
1771415125712,1.9598424190756272,-1.224737159295645,1.5300330709656702
1771415125728,1.9569028531334998,-1.1778399845914262,1.562741740435604
1771415125744,1.9357267616218259,-1.1198631775898646,1.5789061273987295
1771415125755,1.9567065940335326,-1.184235185777888,1.5576545573072096
1771415125770,1.933928301370697,-1.1027841966203396,1.5886930762507216
1771415125786,1.9331414331307244,-1.1504923934967026,1.5535131325460172
1771415125803,1.9425144913906205,-1.1560920649721678,1.561029687921069
1771415125817,1.9120199000747278,-1.0850593425085644,1.5743145560899365
1771415125831,1.9342751822150104,-1.1377846445376159,1.5642463307252228
1771415125844,1.9361202998868243,-1.1570299397554504,1.552367074548847
1771415125859,1.900666438380763,-1.1032318813885524,1.5477119647644033
1771415125871,1.919958078220136,-1.1493349898136733,1.5379428153584778
1771415125885,1.931808103613085,-1.202412088131236,1.511981388609352
1771415125898,1.9285661950253774,-1.1675486710692378,1.5349910974592391
1771415125912,1.9224978156172987,-1.0419998926111285,1.615621884864055
1771415125925,1.928545173448617,-1.1638295555922415,1.5377864778836892
1771415125940,1.9393229189251993,-1.2297449294545135,1.4995668682487848
1771415125953,1.8996361269140025,-0.9970901104176488,1.6169195175963933
1771415125968,1.8981115119405763,-1.0585660860294768,1.575520597538977
1771415125983,1.8939370993149656,-1.1079991748708529,1.5360128790628989
1771415125997,1.9337339770038524,-1.1437901787894154,1.55918925109302
1771415126008,1.92407589503231,-1.1749105884502329,1.5236972005591902
1771415126023,1.90417579123808,-1.1023041938466558,1.5526786235938337
1771415126036,1.9390305087994968,-1.2291932382068136,1.4996410561203914
1771415126050,1.9062179098439183,-1.1161409651679846,1.545281872566813
1771415126062,1.9208913287715865,-1.1009216175533738,1.5741013591740318
1771415126074,1.926385852745715,-1.1522324917992426,1.5438013921813079
1771415126088,1.9312924326298222,-1.204979974538046,1.5092758930346386
1771415126102,1.9215976801621384,-1.1295008034971146,1.5545949888327457
1771415126117,1.9160677198508882,-1.15706391869059,1.5272585226866333
1771415126129,1.9312924326298222,-1.204979974538046,1.5092758930346386
1771415126143,1.9551242840436678,-1.202567530313236,1.5415389392076961
1771415126157,1.9408686957385712,-1.2124965026159111,1.515527474261726
1771415126173,1.927663659352416,-1.0948159401978934,1.586589184595858
1771415126189,1.9194608533961983,-1.113260483652906,1.5636435217968832
1771415126204,1.9122566853964234,-1.160290229769094,1.5200171754114158
1771415126217,1.9271407909678333,-1.1065458476170031,1.5777921014296192
1771415126231,1.9347843463070395,-1.1320776395575967,1.569009459731986
1771415126243,1.9290227953916772,-1.162250074861915,1.5395790686496726
1771415126256,1.9425908849042444,-1.1510240663632825,1.5648651522625165
1771415126268,1.899148157620211,-1.1248196488586564,1.530210600582067
1771415126282,1.9266951160879588,-1.1107259079635874,1.5743068404017235
1771415126296,1.9308064980244815,-1.1368864902967426,1.5606097657628304
1771415126309,1.9441890328223,-1.21436844063572,1.5182820178525727
1771415126323,1.9278394063516358,-1.0926608285405202,1.5882874709747512
1771415126338,1.8852712023993534,-1.1267672237738553,1.5115035990778398
1771415126352,1.9221244751430175,-1.123464591991613,1.5596120698702416
1771415126365,1.9499533625988392,-1.1850585515073406,1.5485329656839222
1771415126377,1.9214174581198544,-1.168271385798228,1.525446497748397
1771415126390,1.9341697323732852,-1.0922284896201515,1.5962610939602042
1771415126403,1.9295774438272673,-1.1885292180478795,1.520087961130364
1771415126419,1.9495151230908514,-1.2299649372392392,1.5125460218856193
1771415126435,1.9279217262787853,-1.1705907432203626,1.531861447567818
1771415126448,1.9024846951615784,-1.0817329990452933,1.565024515495051
1771415126463,1.9084388747882841,-1.0519303961677826,1.5923508973908558
1771415126475,1.9216639329751168,-1.1660168375228637,1.5274806073762686
1771415126488,1.94819798022219,-1.1677479958670816,1.5594357916535824
1771415126503,1.93768622316632,-1.1343686037202,1.5709346804824325
1771415126517,1.9000486134754426,-1.0730422066602476,1.5680450109278299
1771415126532,1.9240141834389806,-1.1429089356021682,1.5477692796392768
1771415126544,1.9135356337965361,-1.1858212175815752,1.5018144564966944
1771415126556,1.912402304653019,-1.1227048331382208,1.5481655055226682
1771415126569,1.941523795583125,-1.168320711221399,1.5506583648717178
1771415126582,1.910492842815173,-1.107813658511897,1.5565127048830947
1771415126596,1.9369965922460244,-1.1466926747273773,1.5611059246890597
1771415126610,1.9267731717811207,-1.1837385497681687,1.5202690226694198
1771415126622,1.929705452685319,-1.1496392468365393,1.549868619030841
1771415126638,1.9133091761427514,-1.074647818022303,1.582998443060497
1771415126653,1.8981115119405763,-1.0585660860294768,1.575520597538977
1771415126669,1.9274394493889855,-1.1397154596429053,1.5543717387137084
1771415126683,1.9289413553097488,-1.121394135036023,1.5694871602313352
1771415126699,1.9574673815378076,-1.211378669337539,1.537608620312235
1771415126715,1.9218879647749354,-1.1634453415450612,1.5297216368947126
1771415126731,1.9491082810635663,-1.1948776737069675,1.5398994889885493
1771415126744,1.933165261451572,-1.2237981871734593,1.4964778398473124
1771415126756,1.929643868490041,-1.150836936608894,1.5489027743980148
1771415126770,1.9421308742910728,-1.1187664356797142,1.5875244865107168
1771415126786,1.949235121512377,-1.1926161908785768,1.541811979520086
1771415126801,1.9442651030455131,-1.2134434775302836,1.519118730632926
1771415126815,1.9314181973595603,-1.1710479408835572,1.5359111215314623
1771415126831,1.9434808353547488,-1.145345345269793,1.5701279557602976
1771415126845,1.912649149445203,-1.1196656628922697,1.5506693948786996
1771415126858,1.9467736442736912,-1.220892549476973,1.5163604468167473
1771415126873,1.9207457839078852,-1.1766070513317237,1.5181766080256878
1771415126885,1.934681159535323,-1.0903078868866884,1.5981926982856687
1771415126899,1.9433808564817232,-1.1462457981414702,1.5693469098904358
1771415126911,1.928545173448617,-1.1638295555922415,1.5377864778836892
1771415126926,1.945039737715582,-1.1635371381447637,1.5586407249429204
1771415126940,1.9151716856042091,-1.1676232270626647,1.5180706785139606
1771415126955,1.9234731151012232,-1.111164911519207,1.5700513889442334
1771415126970,1.919958078220136,-1.1493349898136733,1.5379428153584778
1771415126984,1.9065596056630443,-1.1489527620633824,1.5214720110777418
1771415126998,1.93137362801653,-1.1726505399064444,1.5346318132551722
1771415127012,1.9219844327405744,-1.2038580759843514,1.498248942126896
1771415127026,1.9302180883433162,-1.0633566147844404,1.610904894263439
1771415127039,1.9345873358242565,-1.1362941510974813,1.565715096086529
1771415127051,1.9252855947337768,-1.1280636024468156,1.5601913761215658
1771415127064,1.9132900860857498,-1.1071242088602444,1.5604342151047554
1771415127080,1.927033550950078,-1.1813260794260374,1.5224739736872923
1771415127091,1.9271407909678333,-1.1065458476170031,1.5777921014296192
1771415127106,1.9306744051203224,-1.175222710114105,1.531781720813631
1771415127123,1.9218722416502487,-1.1220666090799367,1.5603074818809286
1771415127137,1.9186748989937163,-1.1593424696470809,1.5288029323955246
1771415127153,1.9285020309715553,-1.130830338091688,1.5621596685079449
1771415127170,1.9151716856042091,-1.1676232270626647,1.5180706785139606
1771415127183,1.9428236608483305,-1.1897077875166886,1.5359554542610454
1771415127197,1.9253015683017245,-1.2003196539216985,1.5053301489422093
1771415127212,1.9214872734723263,-1.0933000332434732,1.58012922871072
1771415127228,1.9093269797810142,-1.1574512801783,1.518497958422501
1771415127240,1.9525131744195758,-1.2286124847456408,1.5175042202936873
1771415127255,1.9336380896773762,-1.1818290643651217,1.5304366450373024
1771415127269,1.9033293403492924,-1.075707277462111,1.5701963033485735
1771415127281,1.9130797813021705,-1.1140729440895307,1.5552220821718181
1771415127296,1.9145799039303277,-1.1703607217418104,1.5152135128548225
1771415127310,1.952010536610777,-1.2012947730736308,1.5385824655264557
1771415127324,1.920695246142157,-1.1403619812804227,1.545524111815558
1771415127338,1.9380187194609573,-1.130634292562899,1.5740338793882047
1771415127353,1.9123217595212345,-1.1595110779275062,1.5206934510616474
1771415127369,1.9368205575732598,-1.102491767366933,1.5924150762682854
1771415127384,1.9181821785016722,-1.1326628935865923,1.5480625437667137
1771415127399,1.9162619675586514,-1.076278696956001,1.5854602154549469
1771415127413,1.9205274038463145,-1.1828297367492808,1.5130562853992882
1771415127424,1.91631084857437,-1.1504267804544237,1.5325682664002578
1771415127439,1.9569810858306664,-1.175928551900801,1.5642784314576033
1771415127455,1.9161826593124338,-1.1956254053641138,1.497409721451537
1771415127468,1.9347843463070395,-1.1320776395575967,1.569009459731986
1771415127482,1.9133250992663142,-1.1880373614586819,1.499793373522081
1771415127496,1.924507606737186,-1.0945263057846706,1.5829534719424487
1771415127509,1.9493710868438867,-1.1950489645724298,1.5400992196924455
1771415127522,1.9290043609802554,-1.1210612349320503,1.5698023863574262
1771415127538,1.9352911092394578,-1.1208983967309853,1.577636986669366
1771415127553,1.8914045766579493,-1.0963637651637475,1.5412325480077975
1771415127567,1.9060979947289185,-1.1176628750641358,1.5440334397975242
1771415127580,1.9229854733338945,-1.1546160921917794,1.5377694268988984
1771415127594,1.9314308421628037,-1.0539499945480866,1.6185223220733798
1771415127607,1.900666438380763,-1.1032318813885524,1.5477119647644033
1771415127620,1.917905480158922,-1.1315573440052815,1.5485281424796056
1771415127635,1.9121929605338726,-1.1243799912686618,1.5466905164091425
1771415127649,1.9245021364316663,-1.2113227873841503,1.4954616604560413
1771415127664,1.9356862165468744,-1.0819670069947025,1.6050634020824468
1771415127679,1.9157863997359663,-1.1562312078130716,1.52753622657285
1771415127691,1.9497272427955477,-1.1458186694002037,1.5775093971679137
1771415127715,1.9198063748960872,-1.186659878983147,1.5091371205769735
1771415127734,1.919958078220136,-1.1493349898136733,1.5379428153584778
1771415127746,1.927663659352416,-1.0948159401978934,1.586589184595858
1771415127761,1.940255242267295,-1.1789595031954896,1.5409882851503978
1771415127775,1.9156925383908912,-1.083151986007926,1.580082174082608
1771415127787,1.916705729722356,-1.1887873798889361,1.5035110308099864
1771415127801,1.9042521063103024,-1.0610740304320094,1.5812330588278234
1771415127813,1.9120199000747278,-1.0850593425085644,1.5743145560899365
1771415127824,1.93137362801653,-1.1726505399064444,1.5346318132551722
1771415127837,1.946708006714724,-1.221809458294311,1.515537433067813
1771415127848,1.9144161110159685,-1.0941254223417467,1.5709483143321423
1771415127861,1.9175628052794425,-1.1761582753173794,1.5144962276590896
1771415127873,1.9181821785016722,-1.1326628935865923,1.5480625437667137
1771415127888,1.9312924326298222,-1.204979974538046,1.5092758930346386
1771415127905,1.945346140015812,-1.159925540428206,1.5617119917375142
1771415127920,1.9086465064516815,-1.124870700092751,1.5419459765708567
1771415127933,1.9251415801862124,-1.0899885416223434,1.5868506807175853
1771415127947,1.920619052616206,-1.1411986184851333,1.5448117226510145
1771415127961,1.9428236608483305,-1.1897077875166886,1.5359554542610454
1771415127974,1.9403319845336782,-1.1818506682795575,1.5388688079532853
1771415127989,1.9376422741538812,-1.1721066298915863,1.5429269687034486
1771415128002,1.927978232244994,-1.095263527026382,1.5866624941607028
1771415128020,1.9376422741538812,-1.1721066298915863,1.5429269687034486
1771415128036,1.9290043609802554,-1.1210612349320503,1.5698023863574262
1771415128050,1.943330492195042,-1.25984401667004,1.4796372716161634
1771415128064,1.9121322959852494,-1.1275939801271175,1.5442738530878863
1771415128075,1.9269142896618567,-1.2533642803257228,1.4635834996701216
1771415128089,1.94819798022219,-1.1677479958670816,1.5594357916535824
1771415128103,1.9257811464345416,-1.1585112782236369,1.538338273004794
1771415128117,1.9242927702105446,-1.1758154579586704,1.5232730137142239
1771415128130,1.9314181973595603,-1.1710479408835572,1.5359111215314623
1771415128144,1.9313735247633126,-1.0919458952540517,1.59306555232184
1771415128158,1.928545173448617,-1.1638295555922415,1.5377864778836892
1771415128174,1.9199657197640114,-1.1545074155454147,1.534073333488196
1771415128190,1.8981452365909983,-1.0957233481199942,1.5499502197095902
1771415128206,1.9080535298663974,-1.05749611318189,1.5881971676844202
1771415128221,1.912649149445203,-1.1196656628922697,1.5506693948786996
1771415128237,1.93685371849041,-1.1811724288797127,1.5350029381354708
1771415128251,1.9181013668970825,-1.1719023101589379,1.5184722022930155
1771415128265,1.9567706854752656,-1.1457409565547239,1.5862626440814924
1771415128278,1.9352911092394578,-1.1208983967309853,1.577636986669366
1771415128291,1.9536920222262533,-1.1779645651199384,1.558625035418173
1771415128305,1.9249382470564662,-1.1683576675349108,1.529812934869229
1771415128323,1.9094376090170275,-1.0780662607893716,1.5759838578095542
1771415128339,1.8895572487852619,-1.043503837672038,1.5752861128063869
1771415128354,1.9215976801621384,-1.1295008034971146,1.5545949888327457
1771415128367,1.9208913287715865,-1.1009216175533738,1.5741013591740318
1771415128381,1.9590687000056628,-1.1933104167693336,1.5536925115902687
1771415128394,1.9278394063516358,-1.0926608285405202,1.5882874709747512
1771415128406,1.8832689073998696,-1.0726332657019966,1.5479533761998676
1771415128420,1.927663659352416,-1.0948159401978934,1.586589184595858
1771415128436,1.9220262236388235,-1.1620583102477398,1.530949146098421
1771415128450,1.9367492511306132,-1.1458649735633748,1.5614067772734939
1771415128464,1.9148859194198873,-1.129739557416621,1.5461166245793505
1771415128478,1.912402304653019,-1.1227048331382208,1.5481655055226682
1771415128490,1.9123578795563838,-1.159431412620036,1.5207996116948794
1771415128502,1.9293717037211333,-1.1184209315711324,1.5721354238561476
1771415128516,1.9133659704365102,-1.1474885128771712,1.531090934477566
1771415128530,1.9149149365427955,-1.088145386155256,1.5757026473239573
1771415128545,1.9228316312396398,-1.0728601099520696,1.5956981752729202
1771415128556,1.9355683512481165,-1.0796427471377346,1.6064857238414034
1771415128570,1.9467736442736912,-1.220892549476973,1.5163604468167473
1771415128584,1.9364095607517553,-1.1868762508186497,1.53003488594655
1771415128600,1.9398741370105597,-1.1504241301411355,1.561933413507591
1771415128612,1.9278394063516358,-1.0926608285405202,1.5882874709747512
1771415128625,1.9312924326298222,-1.204979974538046,1.5092758930346386
1771415128639,1.918244400465102,-1.1319285748035208,1.5486766226230022
1771415128653,1.947333517771191,-1.1780220102941348,1.5506037445774747
1771415128668,1.9062179098439183,-1.1161409651679846,1.545281872566813
1771415128682,1.9171818004780508,-1.067360365366942,1.592585290189511
1771415128697,1.9193565653949727,-1.1145832811410483,1.5625727933525657
1771415128712,1.9221244751430175,-1.123464591991613,1.5596120698702416
1771415128726,1.9020389185126414,-1.0870002435274964,1.5608275106839649
1771415128740,1.9132608191877638,-1.0742135691113317,1.5832347173354073
1771415128754,1.9137983888076047,-1.1427853304275357,1.5351436289683813
1771415128768,1.9139302645613288,-1.1048363973217497,1.5628389529177007
1771415128781,1.9133659704365102,-1.1474885128771712,1.531090934477566
1771415128798,1.9254621185667815,-1.0833503969457035,1.5917777129590884
1771415128814,1.9249382470564662,-1.1683576675349108,1.529812934869229
1771415128828,1.910051739136827,-1.070504675323671,1.5818714822291282
1771415128842,1.8993272992270875,-1.0438480101688488,1.5867657424004962
1771415128855,1.910385438940802,-1.1411906529519684,1.5320758528650273
1771415128869,1.912402304653019,-1.1227048331382208,1.5481655055226682
1771415128884,1.9274605116743044,-1.1011739057552432,1.581935540199889
1771415128897,1.9294357861563203,-1.073296215107779,1.6033582530226904
1771415128909,1.9161748540744679,-1.1520018283589095,1.5312145045175864
1771415128923,1.9324327454743004,-1.1553613458740468,1.5490114512944873
1771415128939,1.93855222128221,-1.0813973324037642,1.6089016514716532
1771415128954,1.9531147731956902,-1.1843594056777131,1.5530454325157348
1771415128970,1.901865288527206,-1.0929175784946847,1.5564776716426059
1771415128987,1.9044064532449363,-1.1010391285323609,1.553858673303868
1771415128998,1.9453368360944259,-1.237481087366093,1.5009916602956537
1771415129011,1.929755733908946,-1.149830390939248,1.5497894258985478
1771415129023,1.944774568388039,-1.2041749005704747,1.5271250540427168
1771415129037,1.9280818568413067,-1.1690687174628922,1.5332246999478876
1771415129049,1.9269903739648757,-1.1406803263423926,1.5531066590703628
1771415129062,1.9464434391867136,-1.1841674134472626,1.5447943548843714
1771415129074,1.9240141834389806,-1.1429089356021682,1.5477692796392768
1771415129086,1.9099748847781979,-1.114265725091817,1.55126269676322
1771415129099,1.927978232244994,-1.095263527026382,1.5866624941607028
1771415129111,1.9274064140259133,-1.1395572305383552,1.5544467836358966
1771415129123,1.9121929605338726,-1.1243799912686618,1.5466905164091425
1771415129138,1.920729101860246,-1.1030227040171692,1.5724316192303942
1771415129150,1.9464434391867136,-1.1841674134472626,1.5447943548843714
1771415129162,1.8993272992270875,-1.0438480101688488,1.5867657424004962
1771415129174,1.9350938050861197,-1.1649521277016979,1.5451454865629852
1771415129187,1.9302180883433162,-1.0633566147844404,1.610904894263439
1771415129202,1.907057003736568,-1.1433547426875261,1.5263048017596739
1771415129219,1.8950124214144017,-1.1318522159889608,1.5198627038241819
1771415129233,1.9330833893574149,-1.1541986100715131,1.5506891883025875
1771415129247,1.9376240491191719,-1.0947887444861404,1.598694642723067
1771415129262,1.9146904014879544,-1.0133925743702967,1.624522952672952
1771415129275,1.9222510462663283,-1.1594263288123914,1.5332252518559086
1771415129290,1.919121279925175,-1.1587110834774295,1.5298415316915026
1771415129306,1.8999014490378456,-1.116726908264516,1.5370577505136498
1771415129323,1.9221244751430175,-1.123464591991613,1.5596120698702416
1771415129340,1.9162960729876026,-1.1502205240338046,1.532704598231214
1771415129355,1.927663659352416,-1.0948159401978934,1.586589184595858
1771415129371,1.9117839533117715,-1.1655365826466662,1.515401715273121
1771415129385,1.920619052616206,-1.1411986184851333,1.5448117226510145
1771415129400,1.9278964999952404,-1.1346951272181123,1.5586057496882815
1771415129414,1.9205069263450767,-1.1432301582710394,1.5431693553719203
1771415129429,1.9278412518485544,-1.2075108344911656,1.5028271613580353
1771415129442,1.942309376271017,-1.1960447914043393,1.530373343372413
1771415129456,1.9365788627528873,-1.189097664224933,1.5285236133590068
1771415129469,1.9268711744822309,-1.1832484331026032,1.5207746935725772
1771415129486,1.9059719821268148,-1.115126652314205,1.5457107575322537
1771415129501,1.9320248152379094,-1.200737218075017,1.5135884578790058
1771415129516,1.9600184899949284,-1.17743053448502,1.5669492070850028
1771415129530,1.9095268750693035,-1.1512440728392792,1.5234598686425476
1771415129542,1.9321411887039823,-1.1989598799630479,1.5151451347397158
1771415129555,1.920619052616206,-1.1411986184851333,1.5448117226510145
1771415129568,1.9269903739648757,-1.1406803263423926,1.5531066590703628
1771415129580,1.9347535813879229,-1.2453372601023793,1.4806777263449642
1771415129591,1.9342676976299977,-1.1373678944303944,1.5645401237468546
1771415129607,1.9290043609802554,-1.1210612349320503,1.5698023863574262
1771415129621,1.9280930780356103,-1.208723790248307,1.5021749952840384
1771415129635,1.8886996535809675,-1.127654364640516,1.5151178222646782
1771415129648,1.9329279460674924,-1.1118655900884473,1.5811278741031554
1771415129662,1.9256707032148346,-1.1602706281079722,1.536873360680654
1771415129674,1.923282803502591,-1.1469650981985255,1.5438548525568176
1771415129689,1.923871284157941,-1.1024773970896922,1.576649709641892
1771415129702,1.929048413657105,-1.1203734816328597,1.570347427764588
1771415129715,1.9441890328223,-1.21436844063572,1.5182820178525727
1771415129730,1.9453176694369128,-1.1975016959276554,1.5330526811802165
1771415129742,1.9326236345947714,-1.1567963097568776,1.5481784169556085
1771415129756,1.929944716811393,-1.1474760948765224,1.551768417527285
1771415129770,1.9161826593124338,-1.1956254053641138,1.497409721451537
1771415129784,1.9220262236388235,-1.1620583102477398,1.530949146098421
1771415129799,1.920729101860246,-1.1030227040171692,1.5724316192303942
1771415129814,1.9433855619401061,-1.145935726285566,1.5695791644831536
1771415129830,1.9086465064516815,-1.124870700092751,1.5419459765708567
1771415129842,1.928545173448617,-1.1638295555922415,1.5377864778836892
1771415129855,1.9045773185760781,-1.1359506281272738,1.5287350760977834
1771415129871,1.898031834232966,-1.056013229748121,1.577136932025466
1771415129886,1.9199657197640114,-1.1545074155454147,1.534073333488196
1771415129900,1.9226830750674473,-1.1579883156862014,1.5348528489353792
1771415129918,1.9066039771005387,-1.1484473662689025,1.5219091209417246
1771415129931,1.8976330273029232,-1.1432306542674266,1.5146071363406843
1771415129947,1.9330833893574149,-1.1541986100715131,1.5506891883025875
1771415129961,1.9184912683254778,-1.162218717273863,1.526386713732597
1771415129975,1.9269044942410827,-1.1452851134211077,1.5496073499123844
1771415129989,1.9029895660496663,-1.113013386014895,1.5435577381638677
1771415130004,1.9329279460674924,-1.1118655900884473,1.5811278741031554
1771415130021,1.9564469681309224,-1.187115583275528,1.5551338627440023
1771415130038,1.929755733908946,-1.149830390939248,1.5497894258985478
1771415130051,1.9044505592424907,-1.1371310430765968,1.5276992254598307
1771415130065,1.9044505592424907,-1.1371310430765968,1.5276992254598307
1771415130078,1.9205358136559147,-1.1043596830574733,1.5712566633023974
1771415130092,1.9193565653949727,-1.1145832811410483,1.5625727933525657
1771415130127,1.9179130829512079,-1.13562034639008,1.5455604234776075
1771415130139,1.931085462151594,-1.1342327686573535,1.5628842211235963
1771415130151,1.9029895660496663,-1.113013386014895,1.5435577381638677
1771415130166,1.9285661950253774,-1.1675486710692378,1.5349910974592391
1771415130180,1.9117839533117715,-1.1655365826466662,1.515401715273121
1771415130192,1.9050063881097767,-1.0931833476422728,1.5601280419172945
1771415130205,1.9133659704365102,-1.1474885128771712,1.531090934477566
1771415130217,1.9234724161040821,-1.0650870264248518,1.6016665575751847
1771415130231,1.9133659704365102,-1.1474885128771712,1.531090934477566
1771415130243,1.9165338812500763,-1.1110798357699059,1.5616029317739515
1771415130256,1.9162180870143664,-1.1511685055500942,1.5318951755360288
1771415130270,1.932883032971538,-1.1119790651160693,1.580993161874157
1771415130283,1.913161250807924,-1.1129122951049413,1.5561530114346702
1771415130298,1.929705452685319,-1.1496392468365393,1.549868619030841
1771415130312,1.9086465064516815,-1.124870700092751,1.5419459765708567
1771415130326,1.9231095628592487,-1.0734074670341047,1.5956650025854795
1771415130340,1.8906221124282914,-1.146705818221302,1.5031692314773575
1771415130353,1.9246632586774552,-1.0936384910811527,1.583756139728797
1771415130367,1.9086465064516815,-1.124870700092751,1.5419459765708567
1771415130381,1.9403974640219455,-1.1399958132672892,1.5702075863133031
1771415130395,1.9320443012970125,-1.159817851120378,1.5451918115226893
1771415130411,1.9331944266376095,-1.1868689434265882,1.525969463099498
1771415130426,1.9342676976299977,-1.1373678944303944,1.5645401237468546
1771415130440,1.9197057746025643,-1.1882893430267287,1.5077263340180596
1771415130458,1.935719546363063,-1.1205882463373844,1.578382762305306
1771415130471,1.9505683345409124,-1.1778322391285962,1.5548080409436487
1771415130487,1.9098246866355364,-1.0350151339446547,1.6050464187019806
1771415130504,1.9234521600246979,-1.1488390611523793,1.5426720401544185
1771415130518,1.9354232421747373,-1.161348242678467,1.5482678662227052
1771415130532,1.9320443012970125,-1.159817851120378,1.5451918115226893
1771415130548,1.9500124416910258,-1.220928685364679,1.5204873126742862
1771415130564,1.9352911092394578,-1.1208983967309853,1.577636986669366
1771415130580,1.9145799039303277,-1.1703607217418104,1.5152135128548225
1771415130591,1.9533583268981503,-1.2189804907009898,1.5263339466030084
1771415130605,1.9311560080182266,-1.1738807029096443,1.533416976116168
1771415130619,1.9588408421243397,-1.1581654291257084,1.5797817202235427
1771415130633,1.897602687413152,-1.1021699335257544,1.5447062493915957
1771415130649,1.9337837669109958,-1.1807265690430147,1.5314713272942435
1771415130661,1.9307748339041433,-1.1786643875923744,1.5292618221413445
1771415130676,1.9417539280234326,-1.2058692798761776,1.5219354772280387
1771415130691,1.9078130443154044,-1.1394577429782542,1.5301590322665528
1771415130704,1.9095268750693035,-1.1512440728392792,1.5234598686425476
1771415130720,1.9314130984162985,-1.1298725817696942,1.5664432660326806
1771415130734,1.8947754016984255,-1.0564466531580694,1.5729253929899358
1771415130747,1.953749031223057,-1.1398459540751844,1.5867849501376883
1771415130760,1.9306764891198753,-1.21606562368349,1.4995653051919855
1771415130774,1.9393602183893268,-1.110162631218474,1.5901751441011684
1771415130789,1.9240780583686263,-1.1375561755401422,1.5517868159596113
1771415130804,1.9342676976299977,-1.1373678944303944,1.5645401237468546
1771415130822,1.8990076268953153,-1.0813110583505594,1.561088198051401
1771415130836,1.9029441642492313,-1.0761477611346717,1.5694274396909973
1771415130852,1.9479003090606608,-1.1302782670701437,1.5864383546257104
1771415130866,1.895872987769848,-1.0815608189660857,1.5571000547918492
1771415130878,1.9381693576174504,-1.1289862224568372,1.5754017164869032
1771415130894,1.91631084857437,-1.1504267804544237,1.5325682664002578
1771415130911,1.9369965922460244,-1.1466926747273773,1.5611059246890597
1771415130923,1.9321411887039823,-1.1989598799630479,1.5151451347397158
1771415130938,1.9183181914802923,-1.094296776981458,1.5755821932391252
1771415130952,1.9288310555802288,-1.196871003896949,1.5125769537453126
1771415130964,1.9028630675894316,-1.1549356236994806,1.5122868640260527
1771415130979,1.9171818004780508,-1.067360365366942,1.592585290189511
1771415130993,1.9214174581198544,-1.168271385798228,1.525446497748397
1771415131006,1.92226101156503,-1.0847566347716695,1.5869437418830747
1771415131023,1.9119900993645915,-1.0894939848468312,1.5712125881149226
1771415131037,1.9531147731956902,-1.1843594056777131,1.5530454325157348
1771415131054,1.9395668070011378,-1.1542863951397822,1.5586989179491322
1771415131068,1.9342676976299977,-1.1373678944303944,1.5645401237468546
1771415131082,1.9269891284098508,-1.1403133267349075,1.5533745903292369
1771415131096,1.9331944266376095,-1.1868689434265882,1.525969463099498
1771415131108,1.9391105906573782,-1.1594584893735678,1.5542862973786942
1771415131122,1.9094122322120688,-1.1157235098666576,1.5495212557599531
1771415131135,1.9278394063516358,-1.0926608285405202,1.5882874709747512
1771415131147,1.9205069263450767,-1.1432301582710394,1.5431693553719203
1771415131161,1.9046519695982478,-1.1345040358482248,1.5299018654601917
1771415131175,1.9198063748960872,-1.186659878983147,1.5091371205769735
1771415131189,1.9588408421243397,-1.1581654291257084,1.5797817202235427
1771415131206,1.921442702831634,-1.1362672227885395,1.549464055304722
1771415131220,1.9139302645613288,-1.1048363973217497,1.5628389529177007
1771415131236,1.9362046336247822,-1.1518638640158507,1.5563091023458517
1771415131249,1.9337113820594911,-1.1019311933934248,1.5890208790739566
1771415131263,1.933928301370697,-1.1027841966203396,1.5886930762507216
1771415131275,1.9139302645613288,-1.1048363973217497,1.5628389529177007
1771415131289,1.9059719821268148,-1.115126652314205,1.5457107575322537
1771415131303,1.9455526148819013,-1.1952803433626824,1.535083019919311
1771415131318,1.934534988650653,-1.2077722833896916,1.5111954651166848
1771415131334,1.908403438636101,-1.1683371167408336,1.5089705319335465
1771415131348,1.9480060948294737,-1.1240997642680661,1.5909517483145914
1771415131362,1.9162180870143664,-1.1511685055500942,1.5318951755360288
1771415131376,1.9386911066297108,-1.1231138967439227,1.5802336478716728
1771415131390,1.927033550950078,-1.1813260794260374,1.5224739736872923
1771415131404,1.920695246142157,-1.1403619812804227,1.545524111815558
1771415131417,1.923871284157941,-1.1024773970896922,1.576649709641892
1771415131431,1.9311560080182266,-1.1738807029096443,1.533416976116168
1771415131447,1.91706492670306,-1.1042737935516596,1.567072851551591
1771415131458,1.9070832601457008,-1.1429469523991063,1.526642992034991
1771415131473,1.9364428133096638,-1.149433373924707,1.55840100363376
1771415131486,1.9298883256692692,-1.1476123811233898,1.5515974904100738
1771415131500,1.929705452685319,-1.1496392468365393,1.549868619030841
1771415131512,1.926385852745715,-1.1522324917992426,1.5438013921813079
1771415131528,1.9400351744718134,-1.106924795571616,1.5932526400846212
1771415131540,1.9351368250932564,-1.2370707224570363,1.4880895670192822
1771415131553,1.94388040511539,-1.1404661902130175,1.5741689548369888
1771415131571,1.9051864332351083,-1.1295434630687762,1.534231700370485
1771415131585,1.9347843463070395,-1.1320776395575967,1.569009459731986
1771415131599,1.9184662046073768,-1.2061939902528942,1.4918473903514509
1771415131613,1.937014983208959,-1.1003103145582949,1.5941594201498888
1771415131628,1.9302205173337739,-1.1019060653513946,1.5847883987075593
1771415131642,1.9080094730697787,-1.1329682569509556,1.5352143427109872
1771415131655,1.9200995675776837,-1.024626754074373,1.6238603278136399
1771415131670,1.9215369459936473,-1.1669872028873889,1.5265795436581946
1771415131685,1.926266771039986,-1.111513729907862,1.573226271532206
1771415131700,1.9083632906155408,-1.1359234718484386,1.5334693720686974
1771415131714,1.900989832368014,-1.0994710435425707,1.5507823081199956
1771415131728,1.9395874465029188,-1.186779222735643,1.534129896428166
1771415131741,1.93137362801653,-1.1726505399064444,1.5346318132551722
1771415131755,1.9491082810635663,-1.1948776737069675,1.5398994889885493
1771415131771,1.9122329726079343,-1.1636344241361298,1.5174287029361067
1771415131789,1.9368442442846172,-1.1026328651074238,1.5923461908151266
1771415131802,1.9350938050861197,-1.1649521277016979,1.5451454865629852
1771415131816,1.9365298163820173,-1.2215790459771616,1.5026284850774316
1771415131828,1.9419339354551697,-1.1631499493998345,1.555052926714575
1771415131844,1.8820920569469977,-1.0907005090365882,1.5338327517726005
1771415131856,1.9124374243973132,-1.0423080424288749,1.6034371976861195
1771415131868,1.8932125108732656,-1.1534289048370299,1.5012845742275196
1771415131881,1.9352121088686804,-1.1639522841294252,1.5460468901627336
1771415131895,1.9303947686260567,-1.2145484838739458,1.5004319188348223
1771415131907,1.9372229564289596,-1.1399358762964207,1.5663265881825763
1771415131921,1.9122566853964234,-1.160290229769094,1.5200171754114158
1771415131935,1.899542170835089,-1.079062030361207,1.5632931885649703
1771415131952,1.9234731151012232,-1.111164911519207,1.5700513889442334
1771415131968,1.9120199000747278,-1.0850593425085644,1.5743145560899365
1771415131981,1.9442991773678269,-1.1763601185184742,1.5480556070995672
1771415131996,1.9020389185126414,-1.0870002435274964,1.5608275106839649
1771415132008,1.9004757354446586,-1.0718191809056221,1.5693985040316298
1771415132020,1.9130797813021705,-1.1140729440895307,1.5552220821718181
1771415132032,1.9235041170835785,-1.1487300938980112,1.5428179606844559
1771415132044,1.9245570987631557,-1.1317667315162592,1.5566065950755377
1771415132062,1.9078467641901933,-1.059791142375625,1.5864179809158614
1771415132078,1.9194608533961983,-1.113260483652906,1.5636435217968832
1771415132092,1.9245021364316663,-1.2113227873841503,1.4954616604560413
1771415132106,1.9342676976299977,-1.1373678944303944,1.5645401237468546
1771415132120,1.9133659704365102,-1.1474885128771712,1.531090934477566
1771415132137,1.9066513068840067,-1.074549936769301,1.5750116315226317
1771415132154,1.9067537590174408,-1.0682869320578885,1.579390049456272
1771415132170,1.9151225382862112,-1.131126732048348,1.54539530628815
1771415132184,1.9397863927774772,-1.1113671581491367,1.5898535433781844
1771415132199,1.899542170835089,-1.079062030361207,1.5632931885649703
1771415132213,1.918919518969418,-1.0861893728050525,1.581911744278798
1771415132225,1.9190095782597796,-1.1187816544888014,1.559142511456883
1771415132239,1.9268183671896584,-1.1423369424825676,1.5516750078476487
1771415132256,1.9155126206067867,-1.0893147489505615,1.5756211401928621
1771415132269,1.9094319258085726,-1.115809630463184,1.5494835100325035
1771415132282,1.9208913287715865,-1.1009216175533738,1.5741013591740318
1771415132296,1.900666438380763,-1.1032318813885524,1.5477119647644033
1771415132309,1.9148859194198873,-1.129739557416621,1.5461166245793505
1771415132322,1.9234248639095548,-1.2218165105687986,1.485505847045704
1771415132337,1.9267883510310044,-1.0628830229431818,1.607107037259168
1771415132353,1.937014983208959,-1.1003103145582949,1.5941594201498888
1771415132369,1.9214872734723263,-1.0933000332434732,1.58012922871072
1771415132380,1.9313391783633729,-1.1722242489002965,1.534914112310993
1771415132394,1.9357267616218259,-1.1198631775898646,1.5789061273987295
1771415132408,1.9362046336247822,-1.1518638640158507,1.5563091023458517
1771415132423,1.9185748654814176,-1.1608860584791536,1.5275055069248604
1771415132439,1.9353889418844459,-1.1200574486290105,1.5783541009986533
1771415132451,1.9472464025289569,-1.137746090649137,1.5802855391904875
1771415132467,1.9298883256692692,-1.1476123811233898,1.5515974904100738
1771415132481,1.9403319845336782,-1.1818506682795575,1.5388688079532853
1771415132495,1.9192593286049844,-1.1236982843742607,1.5559108381046771
1771415132509,1.9511659778357175,-1.170459741653294,1.5611126372662916
1771415132521,1.937106269455014,-1.1782503259786328,1.53756524040223
1771415132535,1.9298883256692692,-1.1476123811233898,1.5515974904100738
1771415132546,1.9342553038541515,-1.206789035633631,1.5116229040214915
1771415132562,1.917905480158922,-1.1315573440052815,1.5485281424796056
1771415132573,1.9006533200943752,-1.1440535391792768,1.517769594726796
1771415132588,1.9369965922460244,-1.1466926747273773,1.5611059246890597
1771415132616,1.9425144913906205,-1.1560920649721678,1.561029687921069
1771415132631,1.912649149445203,-1.1196656628922697,1.5506693948786996
1771415132645,1.9215165654744377,-1.1306796397553855,1.5536374942808606
1771415132659,1.9310069396943499,-1.092939228964519,1.5919395852035911
1771415132671,1.9144024592884457,-1.1718723339661705,1.5138203357777729
1771415132683,1.9285925052295723,-1.0841862925706138,1.5949950263965291
1771415132696,1.899994431735083,-1.1515962278566818,1.5112263128368904
1771415132707,1.924410975271146,-1.096050066866522,1.58178122781437
1771415132719,1.927033550950078,-1.1813260794260374,1.5224739736872923
1771415132733,1.9118003586091823,-1.0498476756623412,1.5977485625356005
1771415132745,1.9336380896773762,-1.1818290643651217,1.5304366450373024
1771415132759,1.9254621185667815,-1.0833503969457035,1.5917777129590884
1771415132773,1.9198063748960872,-1.186659878983147,1.5091371205769735
1771415132787,1.956121035467394,-1.18608078727776,1.5555133787430433
1771415132802,1.9123032427199795,-1.1637162069695912,1.5174545402593305
1771415132817,1.9162960729876026,-1.1502205240338046,1.532704598231214
1771415132834,1.9081296980206925,-1.1308387421538455,1.5369328819803576
1771415132846,1.9087895345817238,-1.1232898769421573,1.5432748749616794
1771415132862,1.9392178061082908,-1.1115850908529352,1.5890073270192695
1771415132876,1.9415969329109617,-1.2042916125907097,1.5229840320019514
1771415132890,1.9150710379262947,-1.1683747022042543,1.5173653599424286
1771415132905,1.931790248846417,-1.1292069793917716,1.5673880065991994
1771415132920,1.9199657197640114,-1.1545074155454147,1.534073333488196
1771415132935,1.9311560080182266,-1.1738807029096443,1.533416976116168
1771415132947,1.9236862900739644,-1.182721805152995,1.5171480067001286
1771415132961,1.9401191681672103,-1.1429246472583516,1.5677326421871811
1771415132977,1.9414035887250403,-1.2059491011727301,1.52142520673714
1771415132989,1.9226830750674473,-1.1579883156862014,1.5348528489353792
1771415133001,1.9500124416910258,-1.220928685364679,1.5204873126742862
1771415133014,1.9331944266376095,-1.1868689434265882,1.525969463099498
1771415133025,1.9163498101443914,-1.1134106727588093,1.559715765332652
1771415133040,1.917694163287503,-1.059458337014038,1.5984676837641747
1771415133057,1.9212517785914847,-1.170644510125743,1.5234171548375717
1771415133071,1.9275597733242522,-1.2147382602091434,1.496628757882831
1771415133085,1.929705452685319,-1.1496392468365393,1.549868619030841
1771415133099,1.9154103961746096,-1.1238821804531025,1.5510273467072573
1771415133112,1.9050930462336202,-1.1253389884175227,1.5372025487732972
1771415133126,1.9163498101443914,-1.1134106727588093,1.559715765332652
1771415133139,1.9121929605338726,-1.1243799912686618,1.5466905164091425
1771415133152,1.91584885675638,-1.1552784078698526,1.5283352519144573
1771415133164,1.9083592160942644,-1.0930875762482128,1.5642872013488198
1771415133178,1.9089770948119382,-1.045804935529414,1.5970239776969368
1771415133195,1.9090454292606989,-1.0829289304445018,1.572170277860351
1771415133209,1.9058725861068442,-1.120648044186677,1.5415895288740664
1771415133222,1.916164896458808,-1.1146646699231635,1.5585925009591444
1771415133233,1.9252855947337768,-1.1280636024468156,1.5601913761215658
1771415133248,1.9077866910165324,-1.2105397445615975,1.4745316494590925
1771415133262,1.9183181914802923,-1.094296776981458,1.5755821932391252
1771415133276,1.9346047013118897,-1.0910598799567572,1.5975868329098146
1771415133289,1.9215976801621384,-1.1295008034971146,1.5545949888327457
1771415133304,1.928545173448617,-1.1638295555922415,1.5377864778836892
1771415133319,1.9063399694717207,-1.156261112210939,1.515649141323335
1771415133333,1.9565143795241386,-1.186125591701598,1.5559738423235974
1771415133347,1.927033550950078,-1.1813260794260374,1.5224739736872923
1771415133361,1.94819798022219,-1.1677479958670816,1.5594357916535824
1771415133373,1.9401191681672103,-1.1429246472583516,1.5677326421871811
1771415133387,1.9203365318024048,-1.1847390099326798,1.5113192494369356
1771415133404,1.9493710868438867,-1.1950489645724298,1.5400992196924455
1771415133420,1.9628522405766347,-1.1859241585482299,1.5640884912652442
1771415133435,1.8995589817203982,-1.1162070276364333,1.5370121003068502
1771415133448,1.9065659823996282,-1.0718568896990406,1.5767424181673295
1771415133462,1.9035773296967469,-1.106207323997554,1.5491649384328217
1771415133476,1.9574673815378076,-1.211378669337539,1.537608620312235
1771415133490,1.9264991610494546,-1.1131681527737227,1.5723408285656741
1771415133505,1.9348347461287116,-1.163850071774569,1.5456514824685694
1771415133518,1.9242371276413504,-1.102094957138681,1.577363378820151
1771415133532,1.8976078171008803,-1.0653515748204427,1.5703316368047773
1771415133546,1.886279408942865,-1.0418611472534203,1.5724424817606624
1771415133563,1.9104791781474122,-1.1074156117290606,1.5567791600074696
1771415133578,1.920729101860246,-1.1030227040171692,1.5724316192303942
1771415133590,1.8990202955201183,-1.1223209862482693,1.5318856636916574
1771415133604,1.9270287793494578,-1.1030545274439236,1.5800982962861911
1771415133620,1.9269168991601098,-1.145903428927353,1.5491656037497563
1771415133637,1.929609171766311,-1.1514575432720004,1.5483982310138042
1771415133652,1.910385438940802,-1.1411906529519684,1.5320758528650273
1771415133667,1.9052106711659094,-1.1687276452102484,1.504627326897183
1771415133682,1.911327806080698,-1.093422097991677,1.5676741045002733
1771415133696,1.961738288282482,-1.1614923805598654,1.5809340788327828
1771415133709,1.9219844327405744,-1.2038580759843514,1.498248942126896
1771415133723,1.932859668028208,-1.073888998461657,1.6070808676831212
1771415133736,1.9293717037211333,-1.1184209315711324,1.5721354238561476
1771415133750,1.9052658273595158,-1.090240600467691,1.562502257917021
1771415133768,1.914458247145025,-1.0976352192778214,1.5685494271659184
1771415133783,1.919640569313356,-1.0774934085695997,1.5887189398514676
1771415133796,1.9199657197640114,-1.1545074155454147,1.534073333488196
1771415133810,1.9216639329751168,-1.1660168375228637,1.5274806073762686
1771415133825,1.9165338812500763,-1.1110798357699059,1.5616029317739515
1771415133837,1.9314617960164802,-1.133491679144529,1.5638865952431855
1771415133850,1.9339122450048083,-1.2146012983027314,1.5049120431244003
1771415133864,1.9525131744195758,-1.2286124847456408,1.5175042202936873
1771415133876,1.9134716361031565,-1.1461464833105366,1.5322277705896667
1771415133888,1.9264991610494546,-1.1131681527737227,1.5723408285656741
1771415133903,1.9208913287715865,-1.1009216175533738,1.5741013591740318
1771415133916,1.9151716856042091,-1.1676232270626647,1.5180706785139606
1771415133930,1.9367492511306132,-1.1458649735633748,1.5614067772734939
1771415133945,1.9382237850486015,-1.2019206436416965,1.5205585182149541
1771415133956,1.9235041170835785,-1.1487300938980112,1.5428179606844559
1771415133970,1.9246160698841375,-1.1313520850002616,1.5569808849892228
1771415133985,1.9186283217710463,-1.1281069490259032,1.5519372888945768
1771415134000,1.9221244751430175,-1.123464591991613,1.5596120698702416
1771415134014,1.9024080204948668,-1.123846982712008,1.5349671774641676
1771415134026,1.9364428133096638,-1.149433373924707,1.55840100363376
1771415134041,1.8949260201631328,-1.1340994350753544,1.518078750675686
1771415134054,1.9346047013118897,-1.0910598799567572,1.5975868329098146
1771415134066,1.9380133573221556,-1.092268963605125,1.6008885920963019
1771415134078,1.9281831632331248,-1.2078375587724643,1.5030032410458312
1771415134090,1.9137397642800862,-1.1019488870517598,1.5646432614855657
1771415134103,1.9205274038463145,-1.1828297367492808,1.5130562853992882
1771415134115,1.920412703122478,-1.0638468688585778,1.5988166842805909
1771415134128,1.9152258301712421,-1.167306646602555,1.5183824199959053
1771415134140,1.9205177363709431,-1.062643862095518,1.5997426036916353
1771415134153,1.923051246228624,-1.1493866231367158,1.54176408252879
1771415134164,1.9212517785914847,-1.170644510125743,1.5234171548375717
1771415134178,1.945039737715582,-1.1635371381447637,1.5586407249429204
1771415134194,1.9181013668970825,-1.1719023101589379,1.5184722022930155
1771415134208,1.929700867134761,-1.1174716451431463,1.5732140855337264
1771415134221,1.9214872734723263,-1.0933000332434732,1.58012922871072
1771415134237,1.9024080204948668,-1.123846982712008,1.5349671774641676
1771415134254,1.9266951160879588,-1.1107259079635874,1.5743068404017235
1771415134270,1.927033550950078,-1.1813260794260374,1.5224739736872923
1771415134284,1.9481596951359144,-1.2051209645453769,1.5306892756419506
1771415134299,1.9311560080182266,-1.1738807029096443,1.533416976116168
1771415134314,1.909735540313448,-1.03878896364504,1.602500334772371
1771415134327,1.9365788627528873,-1.189097664224933,1.5285236133590068
1771415134341,1.9449214403166493,-1.1693059199593925,1.5541695771540853
1771415134355,1.9290043609802554,-1.1210612349320503,1.5698023863574262
1771415134369,1.8971599039863616,-1.0282758499788123,1.5943225764078899
1771415134383,1.908074829924334,-1.1758395082792088,1.5027145461998046
1771415134398,1.9008943860381549,-1.0964324943856072,1.5528152665809056
1771415134412,1.9214872734723263,-1.0933000332434732,1.58012922871072
1771415134423,1.944774568388039,-1.2041749005704747,1.5271250540427168
1771415134438,1.9405040750277232,-1.1797697889794367,1.5406814434563085
1771415134452,1.9495151230908514,-1.2299649372392392,1.5125460218856193
1771415134464,1.9047523822318908,-1.1334806678971048,1.5307851623012279
1771415134475,1.941523795583125,-1.168320711221399,1.5506583648717178
1771415134489,1.929643868490041,-1.150836936608894,1.5489027743980148
1771415134503,1.9229666942448294,-1.1910941745049304,1.5096673721834575
1771415134520,1.9732144727878733,-1.2574390085041685,1.520665149042214
1771415134534,1.9040368208525666,-1.100828536709898,1.5535548744500447
1771415134549,1.9408686957385712,-1.2124965026159111,1.515527474261726
1771415134562,1.950656548757407,-1.2128652164007654,1.5277496319931754
1771415134578,1.917905480158922,-1.1315573440052815,1.5485281424796056
1771415134590,1.9419792272471972,-1.1209354923327544,1.5858079773693745
1771415134605,1.9306859959096823,-1.2154320563838596,1.5000911076052228
1771415134617,1.9364316338554646,-1.2268430636089156,1.4982067847499672
1771415134628,1.9226415933226138,-1.0797259784837745,1.5908307602511886
1771415134640,1.9050063881097767,-1.0931833476422728,1.5601280419172945
1771415134653,1.9318383628931508,-1.0873029188288816,1.5968004956950268
1771415134667,1.9472487058720953,-1.2122007175408687,1.523924848184435
1771415134681,1.9375222034061392,-1.1411028721840661,1.5658469030480138
1771415134696,1.927069414831311,-1.0634625848634356,1.6070606274107617
1771415134708,1.9278964999952404,-1.1346951272181123,1.5586057496882815
1771415134723,1.9276359849664062,-1.1371876833492487,1.556465439184621
1771415134739,1.9387775886411411,-1.0827978780903755,1.6082311069681925
1771415134752,1.9281831632331248,-1.2078375587724643,1.5030032410458312
1771415134765,1.9302173539381189,-1.110983090867474,1.5784345425928905
1771415134780,1.918244400465102,-1.1319285748035208,1.5486766226230022
1771415134793,1.91631084857437,-1.1504267804544237,1.5325682664002578
1771415134806,1.9121063102615654,-1.0850097097763545,1.5744537057129144
1771415134819,1.9122566853964234,-1.160290229769094,1.5200171754114158
1771415134830,1.9544751569296206,-1.1690836824414819,1.5662747148901208
1771415134844,1.9387190395823233,-1.2361800632342241,1.4934826298625759
1771415134857,1.9597245386349282,-1.1852370093993243,1.5606836639364265
1771415134872,1.9618935101642376,-1.1592705367464926,1.5827564461584267
1771415134885,1.9161748540744679,-1.1520018283589095,1.5312145045175864
1771415134897,1.9309691245363498,-1.09788335420049,1.5884879289696094
1771415134911,1.9415410230280254,-1.2407965765343043,1.4933202602795763
1771415134927,1.9280818568413067,-1.1690687174628922,1.5332246999478876
1771415134939,1.9488820295110447,-1.1599091883062662,1.5661263805433414
1771415134961,1.9089786705802454,-1.1661238366625235,1.5114082050517648
1771415134979,1.9301228176434135,-1.2220630581274259,1.4939665234361825
1771415134992,1.8989083779929343,-1.1246980718155064,1.5300023775361393
1771415135004,1.9425144913906205,-1.1560920649721678,1.561029687921069
1771415135017,1.9154103961746096,-1.1238821804531025,1.5510273467072573
1771415135029,1.9365246904534879,-1.1102259271468473,1.5866714428094115
1771415135042,1.920695246142157,-1.1403619812804227,1.545524111815558
1771415135054,1.9376550652006777,-1.1347437269017728,1.5706252977572077
1771415135067,1.9314617960164802,-1.133491679144529,1.5638865952431855
1771415135079,1.9338677162320659,-1.1796239098789918,1.5324267601182207
1771415135090,1.9414461830479042,-1.1686277344924885,1.5503298035728494
1771415135103,1.9199657197640114,-1.1545074155454147,1.534073333488196
1771415135116,1.91631084857437,-1.1504267804544237,1.5325682664002578
1771415135129,1.9090454292606989,-1.0829289304445018,1.572170277860351
1771415135141,1.9400010627442625,-1.1485168924730427,1.5634938666822245
1771415135156,1.9392674724647505,-1.190737268442918,1.5306544637183535
1771415135172,1.9199657197640114,-1.1545074155454147,1.534073333488196
1771415135189,1.9287211750025863,-1.120019047558879,1.5701983008552323
1771415135202,1.9105276122079162,-1.0647924024472915,1.5862953371612132
1771415135214,1.9239019027986546,-1.1761222325828988,1.5225422902555126
1771415135230,1.9252855947337768,-1.1280636024468156,1.5601913761215658
1771415135246,1.9090454292606989,-1.0829289304445018,1.572170277860351
1771415135261,1.9026653126874793,-1.1166853162148191,1.5405029038123728
1771415135273,1.935812263668135,-1.1564133811029516,1.5524423377935779
1771415135287,1.934534988650653,-1.2077722833896916,1.5111954651166848
1771415135301,1.8966060391562451,-1.113583523466821,1.5352674698654827
1771415135314,1.9277650412045357,-1.0547229146433628,1.613641108616329
1771415135327,1.9080094730697787,-1.1329682569509556,1.5352143427109872
1771415135339,1.9104442543670848,-1.069868141101529,1.582775855798971
1771415135352,1.9239019027986546,-1.1761222325828988,1.5225422902555126
1771415135368,1.913557159746584,-1.1855477971791855,1.502057729989428
1771415135384,1.9377271575784907,-1.1715293793014583,1.5434718820408608
1771415135399,1.9066513068840067,-1.074549936769301,1.5750116315226317
1771415135413,1.9354232421747373,-1.161348242678467,1.5482678662227052
1771415135427,1.9256824036719802,-1.196742283466702,1.5086618662824347
1771415135440,1.943358539068517,-1.2202752916685249,1.5124716935909304
1771415135453,1.9464434391867136,-1.1841674134472626,1.5447943548843714
1771415135466,1.9274394493889855,-1.1397154596429053,1.5543717387137084
1771415135480,1.8989083779929343,-1.1246980718155064,1.5300023775361393
1771415135497,1.9256707032148346,-1.1602706281079722,1.536873360680654
1771415135508,1.9365417157063305,-1.1889345190927154,1.5286034560933688
1771415135522,1.9311560080182266,-1.1738807029096443,1.533416976116168
1771415135536,1.9342751822150104,-1.1377846445376159,1.5642463307252228
1771415135552,1.9257811464345416,-1.1585112782236369,1.538338273004794
1771415135566,1.9205069263450767,-1.1432301582710394,1.5431693553719203
1771415135583,1.9395874465029188,-1.186779222735643,1.534129896428166
1771415135597,1.929755733908946,-1.149830390939248,1.5497894258985478
1771415135609,1.9139302645613288,-1.1048363973217497,1.5628389529177007
1771415135622,1.9383943558130856,-1.2045117150144025,1.518724532968731
1771415135637,1.9066039771005387,-1.1484473662689025,1.5219091209417246
1771415135652,1.9150710379262947,-1.1683747022042543,1.5173653599424286
1771415135667,1.9364095607517553,-1.1868762508186497,1.53003488594655
1771415135681,1.906704175771234,-1.1134932358585141,1.5477899171401772
1771415135697,1.919958078220136,-1.1493349898136733,1.5379428153584778
1771415135713,1.9329516781812341,-1.0736207877019703,1.6073707084546023
1771415135727,1.904282955290466,-1.097700033606066,1.5560681893898585
1771415135739,1.9137983888076047,-1.1427853304275357,1.5351436289683813
1771415135751,1.9341808388177943,-1.1721759338420188,1.5385249745686607
1771415135765,1.9288739630441287,-1.1956595061065338,1.513589478942901
1771415135780,1.8983538263005915,-1.01771295194489,1.6025004203661584
1771415135794,1.8950124214144017,-1.1318522159889608,1.5198627038241819
1771415135806,1.927033550950078,-1.1813260794260374,1.5224739736872923
1771415135819,1.9194608533961983,-1.113260483652906,1.5636435217968832
1771415135833,1.8730874086525677,-1.0439838302438647,1.5551701523120036
1771415135847,1.9289413553097488,-1.121394135036023,1.5694871602313352
1771415135861,1.9088817488133931,-1.0847042538773355,1.5707470237352963
1771415135873,1.9110661057254437,-1.1334898288173358,1.538627462519846
1771415135888,1.9139302645613288,-1.1048363973217497,1.5628389529177007
1771415135902,1.8939685124790946,-1.103802636232113,1.5390700005228197
1771415135916,1.91706492670306,-1.1042737935516596,1.567072851551591
1771415135930,1.9188514211510173,-1.0829418946902312,1.5840541749504689
1771415135943,1.9120199000747278,-1.0850593425085644,1.5743145560899365
1771415135956,1.9080535298663974,-1.05749611318189,1.5881971676844202
1771415135968,1.9340539588116472,-1.1402511636471948,1.5621754060912056
1771415135983,1.9289413553097488,-1.121394135036023,1.5694871602313352
1771415135999,1.930690678266422,-1.1005547990958453,1.586299350479587
1771415136013,1.923871284157941,-1.1024773970896922,1.576649709641892
1771415136025,1.9307748339041433,-1.1786643875923744,1.5292618221413445
1771415136039,1.9591732272149223,-1.1915228176386303,1.5551955212391246
1771415136052,1.93137362801653,-1.1726505399064444,1.5346318132551722
1771415136070,1.9545676742560196,-1.2083538028570278,1.5362994110418533
1771415136083,1.9392178061082908,-1.1115850908529352,1.5890073270192695
1771415136097,1.9422257901729418,-1.1962934747475251,1.5300728552227179
1771415136112,1.941479799085533,-1.1681942058549486,1.5506985869807606
1771415136127,1.940255242267295,-1.1789595031954896,1.5409882851503978
1771415136141,1.920695246142157,-1.1403619812804227,1.545524111815558
1771415136155,1.924410975271146,-1.096050066866522,1.58178122781437
1771415136170,1.9550009351012356,-1.1627112917288476,1.5716650751139507
1771415136187,1.907385324567388,-1.1026910236419551,1.5563390641998605
1771415136204,1.9218722416502487,-1.1220666090799367,1.5603074818809286
1771415136220,1.9251313029220545,-1.0484572219845139,1.6145798175249444
1771415136237,1.9420602921072467,-1.120117786310527,1.5864848952859556
1771415136253,1.9246364580679705,-1.1312308645855411,1.5570941611647868
1771415136269,1.91349775015603,-1.1419648337865864,1.535379418335078
1771415136282,1.9260080484626227,-1.076709014380169,1.5969360353800293
1771415136296,1.913288783115389,-1.188989717285427,1.4989921346640507
1771415136310,1.9562262951361908,-1.1892059162257695,1.5532580618158385
1771415136322,1.9491082810635663,-1.1948776737069675,1.5398994889885493
1771415136336,1.9209391208376907,-1.214084566357267,1.4886254638752376
1771415136353,1.9459135435937172,-1.1155060969438217,1.5944358459413217
1771415136368,1.9488281980165223,-1.161076762937737,1.565193948349645
1771415136381,1.9279217262787853,-1.1705907432203626,1.531861447567818
1771415136396,1.9481024380364056,-1.2060065005085343,1.5299187657567137
1771415136410,1.9066513068840067,-1.074549936769301,1.5750116315226317
1771415136422,1.91584885675638,-1.1552784078698526,1.5283352519144573
1771415136439,1.9288384246367858,-1.081007229452947,1.5974482896875821
1771415136455,1.9255456561547408,-1.161689693930551,1.5356442064983458
1771415136472,1.9382237850486015,-1.2019206436416965,1.5205585182149541
1771415136487,1.9536393146487814,-1.21565215426339,1.5293450923765175
1771415136500,1.9329279460674924,-1.1118655900884473,1.5811278741031554
1771415136514,1.9216639329751168,-1.1660168375228637,1.5274806073762686
1771415136528,1.929609171766311,-1.1514575432720004,1.5483982310138042
1771415136541,1.916705729722356,-1.1887873798889361,1.5035110308099864
1771415136556,1.9154103961746096,-1.1238821804531025,1.5510273467072573
1771415136570,1.9375712350954675,-1.1730097607051833,1.5421512222735305
1771415136584,1.908474481387595,-1.1274651900039976,1.5398367093419025
1771415136599,1.904306471924341,-1.138420525314085,1.5265588251215652
1771415136613,1.9293717037211333,-1.1184209315711324,1.5721354238561476
1771415136627,1.9357048977051363,-1.194440053742249,1.5232420717062227
1771415136639,1.9193565653949727,-1.1145832811410483,1.5625727933525657
1771415136652,1.9120199000747278,-1.0850593425085644,1.5743145560899365
1771415136666,1.946767608785998,-1.1845010076173403,1.5449470818030817
1771415136680,1.9234622354011413,-1.1819440620410984,1.517470001423469
1771415136694,1.9380861889562835,-1.1711592889858995,1.5442033530740482
1771415136708,1.965330325272741,-1.1935599067598515,1.5613897772215857
1771415136722,1.9239019027986546,-1.1761222325828988,1.5225422902555126
1771415136738,1.9478728758111081,-1.1681222411299514,1.5587492325894428
1771415136753,1.9298883256692692,-1.1476123811233898,1.5515974904100738
1771415136765,1.9342553038541515,-1.206789035633631,1.5116229040214915
1771415136782,1.9442991773678269,-1.1763601185184742,1.5480556070995672
1771415136798,1.9337339770038524,-1.1437901787894154,1.55918925109302
1771415136812,1.9110661057254437,-1.1334898288173358,1.538627462519846
1771415136828,1.9329279460674924,-1.1118655900884473,1.5811278741031554
1771415136840,1.9341583884596618,-1.2118173318567034,1.5074705389693612
1771415136854,1.921442702831634,-1.1362672227885395,1.549464055304722
1771415136870,1.9130797813021705,-1.1140729440895307,1.5552220821718181
1771415136883,1.9206104810522733,-1.1409869708464662,1.5449573949745186
1771415136897,1.9269891284098508,-1.1403133267349075,1.5533745903292369
1771415136911,1.9085069360678752,-1.0893183260047434,1.5670942248790953
1771415136923,1.9208913287715865,-1.1009216175533738,1.5741013591740318
1771415136937,1.9000486134754426,-1.0730422066602476,1.5680450109278299
1771415136953,1.895872987769848,-1.0815608189660857,1.5571000547918492
1771415136971,1.9234731151012232,-1.111164911519207,1.5700513889442334
1771415136986,1.921417988285595,-1.1322680473416356,1.5523582559050675
1771415137000,1.909139701069888,-1.1596910595524847,1.5165523547162019
1771415137014,1.932162847975159,-1.124725644697409,1.571065083074369
1771415137027,1.9422257901729418,-1.1962934747475251,1.5300728552227179
1771415137039,1.9269168991601098,-1.145903428927353,1.5491656037497563
1771415137054,1.920513279332857,-1.1049292397198716,1.5708286447941768
1771415137068,1.9280930780356103,-1.208723790248307,1.5021749952840384
1771415137081,1.9179130829512079,-1.13562034639008,1.5455604234776075
1771415137096,1.9165338812500763,-1.1110798357699059,1.5616029317739515
1771415137107,1.922249967711222,-1.1219319093078217,1.5608695426725128
1771415137122,1.9271407909678333,-1.1065458476170031,1.5777921014296192
1771415137136,1.9253148519282683,-1.2002656966603866,1.5053901608805362
1771415137153,1.9493591804211732,-1.2283544610817447,1.5136533725502959
1771415137167,1.9312924326298222,-1.204979974538046,1.5092758930346386
1771415137183,1.940255242267295,-1.1789595031954896,1.5409882851503978
1771415137197,1.927033550950078,-1.1813260794260374,1.5224739736872923
1771415137211,1.940162868555977,-1.17955288292702,1.5404177851809921
1771415137228,1.912402304653019,-1.1227048331382208,1.5481655055226682
1771415137241,1.9324327454743004,-1.1553613458740468,1.5490114512944873
1771415137256,1.9190431198946816,-1.1591672363958987,1.5293978599701936
1771415137270,1.929931475383002,-1.2265624309212393,1.4900268798671354
1771415137287,1.9376550652006777,-1.1347437269017728,1.5706252977572077
1771415137302,1.8981452365909983,-1.0957233481199942,1.5499502197095902
1771415137313,1.93137362801653,-1.1726505399064444,1.5346318132551722
1771415137327,1.9420603122654698,-1.1573491264944291,1.5595323837225172
1771415137341,1.9249382470564662,-1.1683576675349108,1.529812934869229
1771415137355,1.9258798590473312,-1.0737218452863226,1.5987916157020285
1771415137369,1.9376350619891878,-1.0983739837221156,1.596246918660222
1771415137380,1.9249382470564662,-1.1683576675349108,1.529812934869229
1771415137396,1.9237807692471105,-1.0609894638993353,1.604753503071299
1771415137408,1.9112157536853709,-1.1764807803826214,1.5062000632470571
1771415137422,1.927978232244994,-1.095263527026382,1.5866624941607028
1771415137437,1.927069414831311,-1.0634625848634356,1.6070606274107617
1771415137451,1.93709306842809,-1.214629774228599,1.5089745085022264
1771415137465,1.920412703122478,-1.0638468688585778,1.5988166842805909
1771415137500,1.923282803502591,-1.1469650981985255,1.5438548525568176
1771415137513,1.920695246142157,-1.1403619812804227,1.545524111815558
1771415137525,1.9307454343876596,-1.0962240572332007,1.5893617425721474
1771415137539,1.9154103961746096,-1.1238821804531025,1.5510273467072573
1771415137552,1.9130502374372569,-1.0766157375569376,1.5813474522076028
1771415137565,1.8958319633475649,-1.0436825462300967,1.5826893491601393
1771415137578,1.936809396010916,-1.1825207283174037,1.5339085251656457
1771415137590,1.9243256039693843,-1.135202539923992,1.553816019817743
1771415137603,1.9150681168628894,-1.1319321942425464,1.5447379712630966
1771415137616,1.9208913287715865,-1.1009216175533738,1.5741013591740318
1771415137629,1.9137397642800862,-1.1019488870517598,1.5646432614855657
1771415137641,1.924507606737186,-1.0945263057846706,1.5829534719424487
1771415137656,1.929755733908946,-1.149830390939248,1.5497894258985478
1771415137670,1.9235041170835785,-1.1487300938980112,1.5428179606844559
1771415137684,1.9113967057221193,-1.0593887930608488,1.5909534096831521
1771415137698,1.929048413657105,-1.1203734816328597,1.570347427764588
1771415137713,1.9256707032148346,-1.1602706281079722,1.536873360680654
1771415137728,1.9512656529630956,-1.169009207844181,1.562323628576684
1771415137741,1.930430016518009,-1.1420606191489822,1.556360366644809
1771415137756,1.9479799963276665,-1.2031562683184145,1.5320055679072588
1771415137770,1.9338677162320659,-1.1796239098789918,1.5324267601182207
1771415137785,1.916705729722356,-1.1887873798889361,1.5035110308099864
1771415137797,1.9242141969453468,-1.173225546714768,1.525169529023531
1771415137810,1.9205358136559147,-1.1043596830574733,1.5712566633023974
1771415137822,1.9154103961746096,-1.1238821804531025,1.5510273467072573
1771415137836,1.9403319845336782,-1.1818506682795575,1.5388688079532853
1771415137850,1.9210344607370287,-1.2125999876651645,1.4899579421089875
1771415137865,1.9104425085042402,-1.1446175939771233,1.5295885531272766
1771415137879,1.9252855947337768,-1.1280636024468156,1.5601913761215658
1771415137893,1.9285661950253774,-1.1675486710692378,1.5349910974592391
1771415137906,1.9332963133122516,-1.1496745991300203,1.5543110857167464
1771415137918,1.9186145070067784,-1.1642225986230568,1.5250138908718962
1771415137932,1.920695246142157,-1.1403619812804227,1.545524111815558
1771415137947,1.9269903739648757,-1.1406803263423926,1.5531066590703628
1771415137963,1.9345873358242565,-1.1362941510974813,1.565715096086529
1771415137976,1.9281831632331248,-1.2078375587724643,1.5030032410458312
1771415137989,1.9443617320565123,-1.2129777247888855,1.5196142879861911
1771415138002,1.9466590256357577,-1.186486932580767,1.5432854955918687
1771415138015,1.920159064248996,-1.109922483173479,1.5668704200933778
1771415138029,1.946135782351559,-1.2287951061106088,1.5091411698538122
1771415138042,1.9342751822150104,-1.1377846445376159,1.5642463307252228
1771415138056,1.9304147641988882,-1.178350971466068,1.5290487728918338
1771415138071,1.931790248846417,-1.1292069793917716,1.5673880065991994
1771415138085,1.944235766626618,-1.1008077385624384,1.6025838633130072
1771415138098,1.927033550950078,-1.1813260794260374,1.5224739736872923
1771415138113,1.932162847975159,-1.124725644697409,1.571065083074369
1771415138126,1.923114010337052,-1.1898055573654922,1.5108706868613373
1771415138138,1.9110176153298766,-1.1341592221930763,1.538073855448913
1771415138154,1.917671390072365,-1.0975914338588941,1.5725001127572784
1771415138168,1.9288739630441287,-1.1956595061065338,1.513589478942901
1771415138179,1.9151716856042091,-1.1676232270626647,1.5180706785139606
1771415138196,1.9107129986722842,-1.1034570165019222,1.5598739615840471
1771415138211,1.9192593286049844,-1.1236982843742607,1.5559108381046771
1771415138223,1.9505683345409124,-1.1778322391285962,1.5548080409436487
1771415138237,1.963660075810018,-1.2173405073572419,1.5407929719717113
1771415138250,1.9224957783883896,-1.1921491659725911,1.5082341940136603
1771415138264,1.9234178121686096,-1.1085401985761323,1.5718380032014336
1771415138276,1.934534988650653,-1.2077722833896916,1.5111954651166848
1771415138288,1.944774568388039,-1.2041749005704747,1.5271250540427168
1771415138302,1.9193565653949727,-1.1145832811410483,1.5625727933525657
1771415138315,1.9288310555802288,-1.196871003896949,1.5125769537453126
1771415138327,1.9405040750277232,-1.1797697889794367,1.5406814434563085
1771415138340,1.917714838511923,-1.1748692703973407,1.5156887541064725
1771415138357,1.943984565486554,-1.1800000289105639,1.5448870258439658
1771415138371,1.9324988281377369,-1.117130872255642,1.5768862784002766
1771415138386,1.8918260123008177,-1.092434640540952,1.544536246568586
1771415138403,1.92846017166961,-1.2408636439901115,1.4762168034335483
1771415138418,1.9612285440989903,-1.24117478241389,1.51851985883902
1771415138431,1.9219844327405744,-1.2038580759843514,1.498248942126896
1771415138445,1.9144024592884457,-1.1718723339661705,1.5138203357777729
1771415138460,1.9267919370140825,-1.0279454316791732,1.6296795261745172
1771415138473,1.919447719484185,-1.1969703224768526,1.500513776991967
1771415138487,1.9531118716510434,-1.1842745829108012,1.5531064662333003
1771415138502,1.9536920222262533,-1.1779645651199384,1.558625035418173
1771415138515,1.932167896658923,-1.1992272766764842,1.5149675639281752
1771415138530,1.9218879647749354,-1.1634453415450612,1.5297216368947126
1771415138544,1.9260419009675154,-1.1561411609064585,1.5404463704850055
1771415138557,1.9080094730697787,-1.1329682569509556,1.5352143427109872
1771415138571,1.927663659352416,-1.0948159401978934,1.586589184595858
1771415138585,1.900989832368014,-1.0994710435425707,1.5507823081199956
1771415138598,1.913761273163186,-1.1836514436128531,1.503812312322381
1771415138614,1.9401191681672103,-1.1429246472583516,1.5677326421871811
1771415138631,1.9341466821906161,-1.1782182845872047,1.5338595314087118
1771415138646,1.9226830750674473,-1.1579883156862014,1.5348528489353792
1771415138660,1.9265513282373758,-1.1862606852106319,1.5180202920438182
1771415138677,1.9179413471874047,-1.135961251794015,1.5453449600893685
1771415138689,1.9624954620131334,-1.2307997694624222,1.52856807696399
1771415138707,1.921417988285595,-1.1322680473416356,1.5523582559050675
1771415138721,1.9430797906992612,-1.1870414185533622,1.5383405811661819
1771415138735,1.9441890328223,-1.21436844063572,1.5182820178525727
1771415138749,1.9216639329751168,-1.1660168375228637,1.5274806073762686
1771415138763,1.9564469681309224,-1.187115583275528,1.5551338627440023
1771415138777,1.9597245386349282,-1.1852370093993243,1.5606836639364265
1771415138789,1.9398412787368515,-1.223547307655644,1.5052960415214172
1771415138806,1.962098179170998,-1.236093738228012,1.523778702771385
1771415138820,1.952090013001607,-1.1591068390891182,1.5707089973758497
1771415138833,1.9531512152055703,-1.2205343667998405,1.5248263930426667
1771415138847,1.9577389462677097,-1.2124074732640966,1.5371434222305904
1771415138864,1.934157601088625,-1.2514144628633996,1.474763529514211
1771415138877,1.9558622373348937,-1.2665160976677874,1.4904140585022054
1771415138890,1.9345873358242565,-1.1362941510974813,1.565715096086529
1771415138905,1.9256824036719802,-1.196742283466702,1.5086618662824347
1771415138921,1.9160973566319996,-1.1927784384623306,1.4995694971662703
1771415138939,1.9400010627442625,-1.1485168924730427,1.5634938666822245
1771415138953,1.93137362801653,-1.1726505399064444,1.5346318132551722
1771415138966,1.9467736442736912,-1.220892549476973,1.5163604468167473
1771415138980,1.919447719484185,-1.1969703224768526,1.500513776991967
1771415138992,1.9577163714339438,-1.1721785546889172,1.568008554475354
1771415139005,1.9382237850486015,-1.2019206436416965,1.5205585182149541
1771415139017,1.9215369459936473,-1.1669872028873889,1.5265795436581946
1771415139031,1.9506501261125953,-1.176133081104167,1.5561962890443812
1771415139043,1.923114010337052,-1.1898055573654922,1.5108706868613373
1771415139056,1.9440279414705137,-1.133942182860032,1.5790566054289215
1771415139069,1.925937517964014,-1.1568043375798882,1.5398178618452711
1771415139082,1.9386830991659996,-1.1598529322169588,1.5534585075307312
1771415139094,1.9674783356725847,-1.2098437115029674,1.5515312420565976
1771415139106,1.9493547144156986,-1.2276735624202741,1.5141999295829542
1771415139119,1.9313605861866567,-1.130137842703798,1.5661871441063715
1771415139131,1.9216639329751168,-1.1660168375228637,1.5274806073762686
1771415139145,1.929755733908946,-1.149830390939248,1.5497894258985478
1771415139160,1.919447719484185,-1.1969703224768526,1.500513776991967
1771415139171,1.931808103613085,-1.202412088131236,1.511981388609352
1771415139185,1.9450675145216716,-1.2040975259268871,1.5275590934900891
1771415139199,1.939676359355441,-1.1891823666640533,1.5323803959388345
1771415139213,1.9154372055118725,-1.2001345425532655,1.4928418429390287
1771415139229,1.908403438636101,-1.1683371167408336,1.5089705319335465
1771415139241,1.9359156407098417,-1.154928032141544,1.553676481291603
1771415139255,1.9237174903231877,-1.1784066238032935,1.5205416178296034
1771415139271,1.9285020309715553,-1.130830338091688,1.5621596685079449
1771415139288,1.9220262236388235,-1.1620583102477398,1.530949146098421
1771415139302,1.9545676742560196,-1.2083538028570278,1.5362994110418533
1771415139315,1.9486099454397585,-1.1633658973965773,1.5632211961975808
1771415139329,1.9226830750674473,-1.1579883156862014,1.5348528489353792
1771415139341,1.9458685506402114,-1.154196941244638,1.5665994501442155
1771415139355,1.9383943558130856,-1.2045117150144025,1.518724532968731
1771415139372,1.946708006714724,-1.221809458294311,1.515537433067813
1771415139387,1.9613886403412726,-1.2440550800715187,1.5163681466609726
1771415139403,1.9377271575784907,-1.1715293793014583,1.5434718820408608
1771415139416,1.9553068232202795,-1.2369586007359183,1.5143177318506247
1771415139430,1.9331175053417378,-1.223638435324019,1.4965467814460227
1771415139444,1.9588408421243397,-1.1581654291257084,1.5797817202235427
1771415139456,1.9430538089705358,-1.1502218784186284,1.5660292893052892
1771415139469,1.9301228176434135,-1.2220630581274259,1.4939665234361825
1771415139485,1.9414035887250403,-1.2059491011727301,1.52142520673714
1771415139499,1.9215338536008153,-1.16769640064986,1.5260332455236227
1771415139515,1.9584279820698922,-1.2002556182138813,1.5475227338880564
1771415139528,1.9398055008700679,-1.26521805066969,1.4703974515298117
1771415139540,1.955220205802868,-1.1595797503391245,1.5742492991210963
1771415139555,1.9453368360944259,-1.237481087366093,1.5009916602956537
1771415139572,1.926399443270672,-1.1838208992431565,1.5197311912139855
1771415139586,1.9313391783633729,-1.1722242489002965,1.534914112310993
1771415139600,1.936214823018549,-1.188551725453477,1.5284870417502119
1771415139615,1.9698317568099641,-1.224109466820736,1.5433059202170136
1771415139629,1.9428236608483305,-1.1897077875166886,1.5359554542610454
1771415139643,1.942309376271017,-1.1960447914043393,1.530373343372413
1771415139656,1.940162868555977,-1.17955288292702,1.5404177851809921
1771415139671,1.9339122450048083,-1.2146012983027314,1.5049120431244003
1771415139686,1.9313391783633729,-1.1722242489002965,1.534914112310993
1771415139702,1.9389004276593451,-1.1982963343847604,1.5242771281422671
1771415139718,1.926266771039986,-1.111513729907862,1.573226271532206
1771415139734,1.9274394493889855,-1.1397154596429053,1.5543717387137084
1771415139747,1.9361202998868243,-1.1570299397554504,1.552367074548847
1771415139760,1.9392497768525843,-1.194759990305913,1.5274941121284273
1771415139776,1.9151716856042091,-1.1676232270626647,1.5180706785139606
1771415139788,1.9319058755239253,-1.1617788576713897,1.543544686023578
1771415139809,1.929609171766311,-1.1514575432720004,1.5483982310138042
1771415139827,1.9285661950253774,-1.1675486710692378,1.5349910974592391
1771415139839,1.9342751822150104,-1.1377846445376159,1.5642463307252228
1771415139852,1.9288739630441287,-1.1956595061065338,1.513589478942901
1771415139866,1.9257217110439138,-1.1591955661819398,1.537748271899543
1771415139878,1.926266771039986,-1.111513729907862,1.573226271532206
1771415139890,1.9319058755239253,-1.1617788576713897,1.543544686023578
1771415139903,1.917714838511923,-1.1748692703973407,1.5156887541064725
1771415139916,1.953972958247283,-1.179004385617015,1.5581909319006715
1771415139929,1.9307454343876596,-1.0962240572332007,1.5893617425721474
1771415139941,1.9025746859662749,-1.0846188995524466,1.5631353998976893
1771415139954,1.914458247145025,-1.0976352192778214,1.5685494271659184
1771415139967,1.9055524620615039,-1.1604379680323018,1.5114608522941377
1771415139979,1.923001882219982,-1.115448148097408,1.5664327843631387
1771415139991,1.9395127734248125,-1.1546737236487008,1.5583447597349092
1771415140005,1.9203365318024048,-1.1847390099326798,1.5113192494369356
1771415140019,1.9239714386379985,-1.1436591247122398,1.547161886538446
1771415140036,1.9480060948294737,-1.1240997642680661,1.5909517483145914
1771415140052,1.9344717173330603,-1.135270236452512,1.5663148838552794
1771415140068,1.9096754694905211,-1.1545807273296977,1.5211192401822642
1771415140080,1.9025746859662749,-1.0846188995524466,1.5631353998976893
1771415140094,1.929048413657105,-1.1203734816328597,1.570347427764588
1771415140106,1.9504898289881334,-1.1409726963189943,1.581958241939629
1771415140121,1.9176063226188629,-1.176366413988394,1.5143896686744547
1771415140135,1.9274394493889855,-1.1397154596429053,1.5543717387137084
1771415140148,1.9220262236388235,-1.1620583102477398,1.530949146098421
1771415140163,1.9199657197640114,-1.1545074155454147,1.534073333488196
1771415140175,1.9050063881097767,-1.0931833476422728,1.5601280419172945
1771415140190,1.9257811464345416,-1.1585112782236369,1.538338273004794
1771415140205,1.9206104810522733,-1.1409869708464662,1.5449573949745186
1771415140222,1.9132485412487539,-1.1489358150196072,1.5298583181313608
1771415140239,1.9285086848151758,-1.084306867088075,1.5948117021746493
1771415140253,1.9228316312396398,-1.0728601099520696,1.5956981752729202
1771415140269,1.9104425085042402,-1.1446175939771233,1.5295885531272766
1771415140283,1.9139302645613288,-1.1048363973217497,1.5628389529177007
1771415140297,1.919121279925175,-1.1587110834774295,1.5298415316915026
1771415140311,1.9338398157385477,-1.0617615328743042,1.6162917064206288
1771415140323,1.904217363174889,-1.1059786751758796,1.5501144913434406
1771415140337,1.9411904744511685,-1.0918696156419914,1.6050050468885646
1771415140352,1.953415030181239,-1.2218516267869364,1.5241092094256528
1771415140366,1.914132103035815,-1.0636162672589797,1.5914214224693553
1771415140380,1.930601340876013,-1.216232090865598,1.4993335314535439
1771415140394,1.9236751604572733,-1.1792382875136862,1.5198431446113458
1771415140411,1.930690678266422,-1.1005547990958453,1.586299350479587
1771415140427,1.9289413553097488,-1.121394135036023,1.5694871602313352
1771415140439,1.9273596582013455,-1.2134486387216632,1.4974169937751307
1771415140453,1.933928301370697,-1.1027841966203396,1.5886930762507216
1771415140469,1.9237291412578204,-1.1042366430922466,1.5752445032365348
1771415140486,1.9332963133122516,-1.1496745991300203,1.5543110857167464
1771415140503,1.9236862900739644,-1.182721805152995,1.5171480067001286
1771415140516,1.903089886923419,-1.1524952459118687,1.5144325095099924
1771415140529,1.9425908849042444,-1.1510240663632825,1.5648651522625165
1771415140542,1.8939685124790946,-1.103802636232113,1.5390700005228197
1771415140556,1.907385324567388,-1.1026910236419551,1.5563390641998605
1771415140569,1.9154103961746096,-1.1238821804531025,1.5510273467072573
1771415140583,1.9381693576174504,-1.1289862224568372,1.5754017164869032
1771415140594,1.903274477396444,-1.071992298469739,1.5726685119027064
1771415140607,1.924507606737186,-1.0945263057846706,1.5829534719424487
1771415140621,1.9026653126874793,-1.1166853162148191,1.5405029038123728
1771415140636,1.9214872734723263,-1.0933000332434732,1.58012922871072
1771415140650,1.9161771008054322,-1.1147228362657569,1.5585659049134684
1771415140666,1.9342751822150104,-1.1377846445376159,1.5642463307252228
1771415140682,1.9234731151012232,-1.111164911519207,1.5700513889442334
1771415140696,1.9133091761427514,-1.074647818022303,1.582998443060497
1771415140710,1.9221244751430175,-1.123464591991613,1.5596120698702416
1771415140722,1.9350938050861197,-1.1649521277016979,1.5451454865629852
1771415140739,1.9237291412578204,-1.1042366430922466,1.5752445032365348
1771415140752,1.9122329726079343,-1.1636344241361298,1.5174287029361067
1771415140768,1.8932125108732656,-1.1534289048370299,1.5012845742275196
1771415140782,1.9376240491191719,-1.0947887444861404,1.598694642723067
1771415140797,1.9312924326298222,-1.204979974538046,1.5092758930346386
1771415140808,1.9342751822150104,-1.1377846445376159,1.5642463307252228
1771415140822,1.9340419296315325,-1.2138047220763795,1.5057211834326916
1771415140835,1.91706492670306,-1.1042737935516596,1.567072851551591
1771415140849,1.9164936318222034,-1.0730885854505545,1.5879007300806895
1771415140863,1.9340539588116472,-1.1402511636471948,1.5621754060912056
1771415140879,1.912054367089658,-1.0844028254601934,1.574808691505283
1771415140893,1.9340539588116472,-1.1402511636471948,1.5621754060912056
1771415140907,1.919121279925175,-1.1587110834774295,1.5298415316915026
1771415140921,1.9053434694545877,-1.085223545428455,1.5660854360605425
1771415140935,1.9326236345947714,-1.1567963097568776,1.5481784169556085
1771415140950,1.9062179098439183,-1.1161409651679846,1.545281872566813
1771415140965,1.9098246866355364,-1.0350151339446547,1.6050464187019806
1771415140979,1.917714838511923,-1.1748692703973407,1.5156887541064725
1771415140993,1.9087059582854664,-1.010323679316975,1.6193839872636295
1771415141006,1.9090454292606989,-1.0829289304445018,1.572170277860351
1771415141018,1.900989832368014,-1.0994710435425707,1.5507823081199956
1771415141032,1.9375712350954675,-1.1730097607051833,1.5421512222735305
1771415141046,1.9345873358242565,-1.1362941510974813,1.565715096086529
1771415141060,1.8944659611974126,-1.0976997819111773,1.544039010817988
1771415141074,1.9025746859662749,-1.0846188995524466,1.5631353998976893
1771415141088,1.9234731151012232,-1.111164911519207,1.5700513889442334
1771415141106,1.9269044942410827,-1.1452851134211077,1.5496073499123844
1771415141120,1.9249548502298666,-1.0899500055588547,1.5866506108169312
1771415141133,1.8988202007510377,-1.124489996448796,1.5300458825364676
1771415141147,1.929755733908946,-1.149830390939248,1.5497894258985478
1771415141163,1.8883289339926657,-1.0970128663975844,1.536993472306253
1771415141177,1.9392178061082908,-1.1115850908529352,1.5890073270192695
1771415141191,1.9073076897704662,-1.144918363202508,1.5254456939069456
1771415141207,1.9026653126874793,-1.1166853162148191,1.5405029038123728
1771415141221,1.900989832368014,-1.0994710435425707,1.5507823081199956
1771415141236,1.9201160997570086,-1.0288015551687013,1.6212381677682426
1771415141252,1.9258798590473312,-1.0737218452863226,1.5987916157020285
1771415141268,1.93685371849041,-1.1811724288797127,1.5350029381354708
1771415141282,1.9104425085042402,-1.1446175939771233,1.5295885531272766
1771415141297,1.9110176153298766,-1.1341592221930763,1.538073855448913
1771415141310,1.9122022924610729,-1.0445172797976294,1.6017182210044136
1771415141327,1.9181821785016722,-1.1326628935865923,1.5480625437667137
1771415141339,1.9234178121686096,-1.1085401985761323,1.5718380032014336
1771415141352,1.9004171780695363,-1.1468135838135962,1.5153890769971898
1771415141366,1.9368205575732598,-1.102491767366933,1.5924150762682854
1771415141380,1.9005436800752182,-1.1045003470631587,1.546656155456414
1771415141394,1.9118003586091823,-1.0498476756623412,1.5977485625356005
1771415141406,1.906704175771234,-1.1134932358585141,1.5477899171401772
1771415141419,1.906704175771234,-1.1134932358585141,1.5477899171401772
1771415141436,1.901876759347268,-1.1301307805454657,1.5296861202903564
1771415141452,1.9370146055133823,-1.1422261576869561,1.5643992414559198
1771415141466,1.9070832601457008,-1.1429469523991063,1.526642992034991
1771415141481,1.9134165596927946,-1.024923115246417,1.615764691636808
1771415141496,1.9066682565968733,-1.1522978888568576,1.5190765010525933
1771415141510,1.9352121088686804,-1.1639522841294252,1.5460468901627336
1771415141523,1.919958078220136,-1.1493349898136733,1.5379428153584778
1771415141535,1.9254373608724002,-1.1283010232678006,1.5602069835557422
1771415141549,1.9081296980206925,-1.1308387421538455,1.5369328819803576
1771415141563,1.9143344355212282,-1.0565957935257968,1.5963338185122717
1771415141579,1.9181821785016722,-1.1326628935865923,1.5480625437667137
1771415141591,1.944510240998432,-1.1285472379882837,1.5835091439511162
1771415141605,1.910298486823836,-1.1101307206632625,1.5546221701111507
1771415141622,1.9352652641970096,-1.0878633306975687,1.6005639682721569
1771415141638,1.9025746859662749,-1.0846188995524466,1.5631353998976893
1771415141655,1.920729101860246,-1.1030227040171692,1.5724316192303942
1771415141671,1.9099748847781979,-1.114265725091817,1.55126269676322
1771415141688,1.9290043609802554,-1.1210612349320503,1.5698023863574262
1771415141702,1.9123578795563838,-1.159431412620036,1.5207996116948794
1771415141714,1.9174896807848953,-1.176941542630235,1.5137949931043246
1771415141731,1.9288310555802288,-1.196871003896949,1.5125769537453126
1771415141745,1.9052658273595158,-1.090240600467691,1.562502257917021
1771415141760,1.9183181914802923,-1.094296776981458,1.5755821932391252
1771415141775,1.95156963908004,-1.2031094764984995,1.53660393196767
1771415141789,1.9172678568104018,-1.1794415573235968,1.51156662030373
1771415141803,1.9260419009675154,-1.1561411609064585,1.5404463704850055
1771415141820,1.8984887367404308,-1.0514760254708049,1.5807142851857816
1771415141834,1.9154103961746096,-1.1238821804531025,1.5510273467072573
1771415141847,1.9278394063516358,-1.0926608285405202,1.5882874709747512
1771415141861,1.9087033546267347,-1.0943896905116852,1.5637965664577629
1771415141875,1.9200566269466153,-1.1106556025909942,1.56622526576315
1771415141889,1.9336380896773762,-1.1818290643651217,1.5304366450373024
1771415141906,1.9099748847781979,-1.114265725091817,1.55126269676322
1771415141921,1.9369965922460244,-1.1466926747273773,1.5611059246890597
1771415141934,1.9341697323732852,-1.0922284896201515,1.5962610939602042
1771415141948,1.8944659611974126,-1.0976997819111773,1.544039010817988
1771415141962,1.91378850280646,-1.1429332987445138,1.5350211425564066
1771415141976,1.9590687000056628,-1.1933104167693336,1.5536925115902687
1771415141991,1.9419792272471972,-1.1209354923327544,1.5858079773693745
1771415142006,1.9239714386379985,-1.1436591247122398,1.547161886538446
1771415142022,1.9308690205857264,-1.0987016479589156,1.5878003222792358
1771415142037,1.8984863816743358,-1.087517699608721,1.556134889539036
1771415142053,1.906717033672696,-1.1111376950775766,1.5494976182864222
1771415142069,1.9122329726079343,-1.1636344241361298,1.5174287029361067
1771415142085,1.9260080484626227,-1.076709014380169,1.5969360353800293
1771415142100,1.929643868490041,-1.150836936608894,1.5489027743980148
1771415142114,1.9425908849042444,-1.1510240663632825,1.5648651522625165
1771415142128,1.9082962389600977,-1.1692839715124466,1.5081012995131773
1771415142140,1.8914045766579493,-1.0963637651637475,1.5412325480077975
1771415142156,1.8983318389167276,-1.134357187239324,1.522135848866143
1771415142172,1.9411870141651921,-1.0923342798171916,1.604684655968216
1771415142187,1.9357267616218259,-1.1198631775898646,1.5789061273987295
1771415142200,1.937106269455014,-1.1782503259786328,1.53756524040223
1771415142215,1.9094319258085726,-1.115809630463184,1.5494835100325035
1771415142230,1.9122329726079343,-1.1636344241361298,1.5174287029361067
1771415142244,1.9466590256357577,-1.186486932580767,1.5432854955918687
1771415142256,1.920412703122478,-1.0638468688585778,1.5988166842805909
1771415142272,1.9089577861603257,-1.1215540021772281,1.5447447845978874
1771415142289,1.917075826928973,-1.1461897387896325,1.536694116891439
1771415142303,1.8984887367404308,-1.0514760254708049,1.5807142851857816
1771415142319,1.9374030408255656,-1.2152849175332123,1.508844959502613
1771415142335,1.9151059625672724,-1.0517915173065535,1.6004266468609853
1771415142352,1.9245570987631557,-1.1317667315162592,1.5566065950755377
1771415142369,1.9405040750277232,-1.1797697889794367,1.5406814434563085
1771415142385,1.9121707806191262,-1.1616274564231268,1.5188873383952788
1771415142406,1.9267731717811207,-1.1837385497681687,1.5202690226694198
1771415142420,1.926266771039986,-1.111513729907862,1.573226271532206
1771415142432,1.90417579123808,-1.1023041938466558,1.5526786235938337
1771415142446,1.9234521600246979,-1.1488390611523793,1.5426720401544185
1771415142458,1.9263819939690248,-1.1886053624602064,1.515969946608084
1771415142470,1.9110142726543105,-1.0602887264485081,1.5898941369961346
1771415142483,1.934534988650653,-1.2077722833896916,1.5111954651166848
1771415142495,1.9086465064516815,-1.124870700092751,1.5419459765708567
1771415142509,1.9183181914802923,-1.094296776981458,1.5755821932391252
1771415142521,1.9193565653949727,-1.1145832811410483,1.5625727933525657
1771415142534,1.8853380852147952,-1.093652742299988,1.5357159160538472
1771415142547,1.9005436800752182,-1.1045003470631587,1.546656155456414
1771415142561,1.9035773296967469,-1.106207323997554,1.5491649384328217
1771415142573,1.9179130829512079,-1.13562034639008,1.5455604234776075
1771415142588,1.896610743303462,-1.0341475841808498,1.5898651155827725
1771415142601,1.9274394493889855,-1.1397154596429053,1.5543717387137084
1771415142617,1.9095268750693035,-1.1512440728392792,1.5234598686425476
1771415142631,1.9064609564727428,-1.033283956171864,1.6021603054853115
1771415142645,1.9181821785016722,-1.1326628935865923,1.5480625437667137
1771415142657,1.9121929605338726,-1.1243799912686618,1.5466905164091425
1771415142671,1.9285661950253774,-1.1675486710692378,1.5349910974592391
1771415142684,1.9058725861068442,-1.120648044186677,1.5415895288740664
1771415142698,1.9121063102615654,-1.0850097097763545,1.5744537057129144
1771415142713,1.9356329364837361,-1.1222853223134517,1.577070233096942
1771415142728,1.931085462151594,-1.1342327686573535,1.5628842211235963
1771415142740,1.9285925052295723,-1.0841862925706138,1.5949950263965291
1771415142756,1.9163043395064343,-1.1185684960915385,1.5559649228574228
1771415142769,1.9214872734723263,-1.0933000332434732,1.58012922871072
1771415142785,1.9280818568413067,-1.1690687174628922,1.5332246999478876
1771415142801,1.9120199000747278,-1.0850593425085644,1.5743145560899365
1771415142814,1.9312639235837112,-1.1732338039352734,1.5340478427479107
1771415142828,1.9304260819958978,-1.1038841965328394,1.5836617500890398
1771415142843,1.90417579123808,-1.1023041938466558,1.5526786235938337
1771415142856,1.9286191058706517,-1.1252030787973548,1.5663619272040117
1771415142870,1.8989083779929343,-1.1246980718155064,1.5300023775361393
1771415142883,1.9088817488133931,-1.0847042538773355,1.5707470237352963
1771415142898,1.9228316312396398,-1.0728601099520696,1.5956981752729202
1771415142913,1.883524905955962,-1.0335576240889164,1.5746189091472544
1771415142924,1.932162847975159,-1.124725644697409,1.571065083074369
1771415142940,1.939632264347181,-1.1929811351102269,1.5293689326541478
1771415142955,1.928545173448617,-1.1638295555922415,1.5377864778836892
1771415142968,1.9375712350954675,-1.1730097607051833,1.5421512222735305
1771415142982,1.9181821785016722,-1.1326628935865923,1.5480625437667137
1771415142994,1.9163043395064343,-1.1185684960915385,1.5559649228574228
1771415143008,1.91349775015603,-1.1419648337865864,1.535379418335078
1771415143023,1.9084388747882841,-1.0519303961677826,1.5923508973908558
1771415143036,1.8994467223116778,-1.1175205151091254,1.5359185359942795
1771415143052,1.9122182616226282,-1.1608859040618342,1.5195139347283406
1771415143064,1.91349775015603,-1.1419648337865864,1.535379418335078
1771415143077,1.9442651030455131,-1.2134434775302836,1.519118730632926
1771415143093,1.919640569313356,-1.0774934085695997,1.5887189398514676
1771415143105,1.917714838511923,-1.1748692703973407,1.5156887541064725
1771415143119,1.9061798429554564,-1.1126778850882855,1.5477304409118366
1771415143131,1.9029895660496663,-1.113013386014895,1.5435577381638677
1771415143146,1.912649149445203,-1.1196656628922697,1.5506693948786996
1771415143160,1.9285925052295723,-1.0841862925706138,1.5949950263965291
1771415143173,1.9237174903231877,-1.1784066238032935,1.5205416178296034
1771415143185,1.9087057589233731,-1.0867392819786514,1.569125682395064
1771415143198,1.9151225382862112,-1.131126732048348,1.54539530628815
1771415143212,1.903274477396444,-1.071992298469739,1.5726685119027064
1771415143227,1.9130797813021705,-1.1140729440895307,1.5552220821718181
1771415143243,1.9033852083458023,-1.0711455141684603,1.5733793372312914
1771415143255,1.9094961764588703,-1.0346283254017588,1.6049049430378728
1771415143272,1.900989832368014,-1.0994710435425707,1.5507823081199956
1771415143286,1.9220288448662,-1.0868824111727908,1.585207085771736
1771415143302,1.9046519695982478,-1.1345040358482248,1.5299018654601917
1771415143316,1.929944716811393,-1.1474760948765224,1.551768417527285
1771415143330,1.9087895345817238,-1.1232898769421573,1.5432748749616794
1771415143343,1.9156196259216467,-1.1214513224302163,1.5530439409867671
1771415143356,1.9194608533961983,-1.113260483652906,1.5636435217968832
1771415143369,1.9161227767943672,-1.1204141709619853,1.5544126161536787
1771415143386,1.9080306770908722,-1.0950863943354934,1.5624873931207062
1771415143403,1.9419940543241303,-1.2747198690928743,1.4650700196134376
1771415143418,1.9320443012970125,-1.159817851120378,1.5451918115226893
1771415143432,1.91378850280646,-1.1429332987445138,1.5350211425564066
1771415143446,1.923051246228624,-1.1493866231367158,1.54176408252879
1771415143458,1.9025746859662749,-1.0846188995524466,1.5631353998976893
1771415143472,1.938202404172544,-1.1280929421996628,1.5760821277140153
1771415143487,1.9024080204948668,-1.123846982712008,1.5349671774641676
1771415143505,1.90005120887986,-1.0732386212495972,1.567913727927682
1771415143519,1.919121279925175,-1.1587110834774295,1.5298415316915026
1771415143535,1.900989832368014,-1.0994710435425707,1.5507823081199956
1771415143550,1.9332963133122516,-1.1496745991300203,1.5543110857167464
1771415143565,1.9151225382862112,-1.131126732048348,1.54539530628815
1771415143579,1.9330833893574149,-1.1541986100715131,1.5506891883025875
1771415143593,1.90493127654695,-1.0941477719145094,1.5593600679706106
1771415143606,1.9181008797501231,-1.0917187671545618,1.5771052971633568
1771415143619,1.9190431198946816,-1.1591672363958987,1.5293978599701936
1771415143634,1.9403319845336782,-1.1818506682795575,1.5388688079532853
1771415143648,1.915242177971615,-1.0882956834579032,1.5759965436663719
1771415143659,1.9242927702105446,-1.1758154579586704,1.5232730137142239
1771415143672,1.938202404172544,-1.1280929421996628,1.5760821277140153
1771415143686,1.90417579123808,-1.1023041938466558,1.5526786235938337
1771415143703,1.898031834232966,-1.056013229748121,1.577136932025466
1771415143719,1.9134716361031565,-1.1461464833105366,1.5322277705896667
1771415143730,1.9147307326534766,-1.1682367077752527,1.5170421131841259
1771415143742,1.902609018889778,-1.0421711830479756,1.5917915391109183
1771415143756,1.925937517964014,-1.1568043375798882,1.5398178618452711
1771415143773,1.932883032971538,-1.1119790651160693,1.580993161874157
1771415143787,1.934334492776685,-1.1696124017429173,1.5406676343828347
1771415143801,1.9104189782359708,-1.1041150655664091,1.5590479769376744
1771415143817,1.9240780583686263,-1.1375561755401422,1.5517868159596113
1771415143828,1.9056927657481295,-1.0850774030485963,1.566611613265416
1771415143840,1.9162619675586514,-1.076278696956001,1.5854602154549469
1771415143855,1.8939685124790946,-1.103802636232113,1.5390700005228197
1771415143871,1.8912211301349757,-1.019193015677776,1.593098540537482
1771415143885,1.9019630016768956,-1.0506615909734784,1.5854253312599953
1771415143900,1.9161826593124338,-1.1956254053641138,1.497409721451537
1771415143914,1.9036601129305808,-1.0676085165593872,1.5761135368153958
1771415143925,1.8820920569469977,-1.0907005090365882,1.5338327517726005
1771415143939,1.9094319258085726,-1.115809630463184,1.5494835100325035
1771415143953,1.915242177971615,-1.0882956834579032,1.5759965436663719
1771415143970,1.9124374243973132,-1.0423080424288749,1.6034371976861195
1771415143984,1.9163498101443914,-1.1134106727588093,1.559715765332652
1771415143996,1.925937517964014,-1.1568043375798882,1.5398178618452711
1771415144009,1.923282803502591,-1.1469650981985255,1.5438548525568176
1771415144023,1.8916243374940938,-1.0566391588236927,1.5689985093174335
1771415144037,1.9121322959852494,-1.1275939801271175,1.5442738530878863
1771415144048,1.9386911066297108,-1.1231138967439227,1.5802336478716728
1771415144061,1.9293825285233839,-1.1907946757729766,1.5180661980039005
1771415144072,1.9132697720504803,-1.1118613838801013,1.557037405998431
1771415144086,1.9417247172642969,-1.0861429413838768,1.609530486979695
1771415144099,1.9162180870143664,-1.1511685055500942,1.5318951755360288
1771415144112,1.9172968727628386,-1.1014843774628182,1.569318152737522
1771415144126,1.9208913287715865,-1.1009216175533738,1.5741013591740318
1771415144138,1.9199657197640114,-1.1545074155454147,1.534073333488196
1771415144152,1.91349775015603,-1.1419648337865864,1.535379418335078
1771415144164,1.9132485412487539,-1.1489358150196072,1.5298583181313608
1771415144176,1.9044505592424907,-1.1371310430765968,1.5276992254598307
1771415144188,1.8942577358239787,-1.0218591442008862,1.5949972599167745
1771415144201,1.9367492511306132,-1.1458649735633748,1.5614067772734939
1771415144216,1.916705729722356,-1.1887873798889361,1.5035110308099864
1771415144229,1.9433855619401061,-1.145935726285566,1.5695791644831536
1771415144243,1.9307748339041433,-1.1786643875923744,1.5292618221413445
1771415144255,1.9260419009675154,-1.1561411609064585,1.5404463704850055
1771415144271,1.9531147731956902,-1.1843594056777131,1.5530454325157348
1771415144288,1.9278412518485544,-1.2075108344911656,1.5028271613580353
1771415144304,1.9550009351012356,-1.1627112917288476,1.5716650751139507
1771415144318,1.9503289965617014,-1.1756903789905278,1.5561283133400285
1771415144331,1.953121673700572,-1.2209261305544048,1.5244748787724816
1771415144346,1.941479799085533,-1.1681942058549486,1.5506985869807606
1771415144359,1.9130502374372569,-1.0766157375569376,1.5813474522076028
1771415144372,1.9467736442736912,-1.220892549476973,1.5163604468167473
1771415144385,1.9556252465569506,-1.1918994252123347,1.55043408926321
1771415144399,1.9471795391600393,-1.252598657084536,1.4908067487080678
1771415144413,1.930601340876013,-1.216232090865598,1.4993335314535439
1771415144424,1.9553068232202795,-1.2369586007359183,1.5143177318506247
1771415144441,1.946708006714724,-1.221809458294311,1.515537433067813
1771415144454,1.9342553038541515,-1.206789035633631,1.5116229040214915
1771415144468,1.9274394493889855,-1.1397154596429053,1.5543717387137084
1771415144484,1.9155126206067867,-1.0893147489505615,1.5756211401928621
1771415144496,1.9255456561547408,-1.161689693930551,1.5356442064983458
1771415144513,1.9281095388356724,-1.168696553226791,1.533543204551123
1771415144526,1.9263279169332759,-1.1886376649094093,1.5158759003016047
1771415144539,1.935659573058959,-1.1954544191111278,1.5223884900387505
1771415144555,1.9513655186050356,-1.1684689262352288,1.5628524420505574
1771415144572,1.934534988650653,-1.2077722833896916,1.5111954651166848
1771415144590,1.91706492670306,-1.1042737935516596,1.567072851551591
1771415144605,1.9286191058706517,-1.1252030787973548,1.5663619272040117
1771415144619,1.9216639329751168,-1.1660168375228637,1.5274806073762686
1771415144635,1.914458247145025,-1.0976352192778214,1.5685494271659184
1771415144649,1.9293717037211333,-1.1184209315711324,1.5721354238561476
1771415144661,1.934670069546777,-1.206860741610968,1.512096368740549
1771415144675,1.95395924074967,-1.1785779331875528,1.5584963169396273
1771415144691,1.938202202552987,-1.1283511785083808,1.5758970131134833
1771415144705,1.9242927702105446,-1.1758154579586704,1.5232730137142239
1771415144718,1.9215976801621384,-1.1295008034971146,1.5545949888327457
1771415144732,1.9257947229881167,-1.0791134445061052,1.595054697800375
1771415144748,1.9033804141996218,-1.1499456524994767,1.5167339903411794
1771415144760,1.910385438940802,-1.1411906529519684,1.5320758528650273
1771415144772,1.928100481147668,-1.0894593223662818,1.590801637637789
1771415144809,1.940255242267295,-1.1789595031954896,1.5409882851503978
1771415144824,1.93855222128221,-1.0813973324037642,1.6089016514716532
1771415144836,1.8939370993149656,-1.1079991748708529,1.5360128790628989
1771415144849,1.910298486823836,-1.1101307206632625,1.5546221701111507
1771415144862,1.90357006321381,-0.9873834091181339,1.6274682758696342
1771415144875,1.918919518969418,-1.0861893728050525,1.581911744278798
1771415144887,1.880339088148297,-1.074128897739012,1.5433477240921258
1771415144899,1.8948266401003337,-1.0974584693877463,1.544653004400349
1771415144911,1.9188514211510173,-1.0829418946902312,1.5840541749504689
1771415144923,1.9089577861603257,-1.1215540021772281,1.5447447845978874
1771415144937,1.9103340638551103,-1.0288339397754074,1.6096201290650518
1771415144948,1.9163498101443914,-1.1134106727588093,1.559715765332652
1771415144960,1.9155126206067867,-1.0893147489505615,1.5756211401928621
1771415144972,1.9253015683017245,-1.2003196539216985,1.5053301489422093
1771415144987,1.9156925383908912,-1.083151986007926,1.580082174082608
1771415145001,1.9212909030486185,-1.0501495161245216,1.6088954993786295
1771415145015,1.93993732488995,-1.2231179236403829,1.5057686971679332
1771415145028,1.9161748540744679,-1.1520018283589095,1.5312145045175864
1771415145043,1.944774568388039,-1.2041749005704747,1.5271250540427168
1771415145057,1.9399275101476212,-1.2226778808254553,1.5061133902756867
1771415145070,1.893414344056285,-1.0727074119879212,1.5602296903162265
1771415145088,1.9130609680039878,-1.0766218623089032,1.5813562637492111
1771415145101,1.9337339770038524,-1.1437901787894154,1.55918925109302
1771415145115,1.9066682565968733,-1.1522978888568576,1.5190765010525933
1771415145130,1.8906221124282914,-1.146705818221302,1.5031692314773575
1771415145142,1.9304147641988882,-1.178350971466068,1.5290487728918338
1771415145155,1.9258493402533678,-1.157924530668435,1.538865316598765
1771415145171,1.920695246142157,-1.1403619812804227,1.545524111815558
1771415145186,1.9347251661003635,-1.1696177133085148,1.5411540718101613
1771415145202,1.8988202007510377,-1.124489996448796,1.5300458825364676
1771415145219,1.9243256039693843,-1.135202539923992,1.553816019817743
1771415145232,1.9293717037211333,-1.1184209315711324,1.5721354238561476
1771415145244,1.920695246142157,-1.1403619812804227,1.545524111815558
1771415145256,1.9123217595212345,-1.1595110779275062,1.5206934510616474
1771415145271,1.9340419296315325,-1.2138047220763795,1.5057211834326916
1771415145288,1.9392497768525843,-1.194759990305913,1.5274941121284273
1771415145301,1.9185748654814176,-1.1608860584791536,1.5275055069248604
1771415145315,1.91706492670306,-1.1042737935516596,1.567072851551591
1771415145329,1.9257947229881167,-1.0791134445061052,1.595054697800375
1771415145345,1.916705729722356,-1.1887873798889361,1.5035110308099864
1771415145356,1.9154867489170146,-1.1228863281731525,1.5518427044254484
1771415145371,1.929944716811393,-1.1474760948765224,1.551768417527285
1771415145384,1.9391105906573782,-1.1594584893735678,1.5542862973786942
1771415145398,1.9190431198946816,-1.1591672363958987,1.5293978599701936
1771415145411,1.9442991773678269,-1.1763601185184742,1.5480556070995672
1771415145425,1.9381693576174504,-1.1289862224568372,1.5754017164869032
1771415145439,1.9306744051203224,-1.175222710114105,1.531781720813631
1771415145455,1.919958078220136,-1.1493349898136733,1.5379428153584778
1771415145471,1.9443914630807773,-1.1719861362943278,1.5514853070639436
1771415145485,1.916705729722356,-1.1887873798889361,1.5035110308099864
1771415145501,1.941523795583125,-1.168320711221399,1.5506583648717178
1771415145519,1.9353889418844459,-1.1200574486290105,1.5783541009986533
1771415145532,1.923001882219982,-1.115448148097408,1.5664327843631387
1771415145549,1.9246364580679705,-1.1312308645855411,1.5570941611647868
1771415145563,1.9369965922460244,-1.1466926747273773,1.5611059246890597
1771415145577,1.8958272960436313,-1.0815002722890856,1.5570864771947446
1771415145589,1.9216639329751168,-1.1660168375228637,1.5274806073762686
1771415145603,1.95172010184216,-1.1592394798478576,1.5701513252858272
1771415145618,1.9367006430437772,-1.2189853090498213,1.504953220896547
1771415145632,1.9389996165822156,-1.1970764913616272,1.5253613955175722
1771415145645,1.9442991773678269,-1.1763601185184742,1.5480556070995672
1771415145660,1.9478728758111081,-1.1681222411299514,1.5587492325894428
1771415145672,1.9292056929826253,-1.1561090478035474,1.5444243184511655
1771415145685,1.914458247145025,-1.0976352192778214,1.5685494271659184
1771415145701,1.9420132211286534,-1.162448005799604,1.5556766967628626
1771415145715,1.9472020340140341,-1.217430649084447,1.519690223676593
1771415145730,1.937106269455014,-1.1782503259786328,1.53756524040223
1771415145744,1.9337339770038524,-1.1437901787894154,1.55918925109302
1771415145756,1.955236053037548,-1.2012029135470577,1.5427441730837648
1771415145772,1.9307748339041433,-1.1786643875923744,1.5292618221413445
1771415145785,1.9513655186050356,-1.1684689262352288,1.5628524420505574
1771415145797,1.947333517771191,-1.1780220102941348,1.5506037445774747
1771415145811,1.9217317011504125,-1.205337413734352,1.4967345957980132
1771415145824,1.9098424320895513,-1.1518741490308761,1.5233791583857668
1771415145839,1.941479799085533,-1.1681942058549486,1.5506985869807606
1771415145852,1.922152714147141,-1.1958678680397756,1.504849194668098
1771415145867,1.919055533688913,-1.1220217898009637,1.5568690518453634
1771415145879,1.9618935101642376,-1.1592705367464926,1.5827564461584267
1771415145893,1.926399443270672,-1.1838208992431565,1.5197311912139855
1771415145905,1.9212517785914847,-1.170644510125743,1.5234171548375717
1771415145919,1.9246160698841375,-1.1313520850002616,1.5569808849892228
1771415145933,1.9347843463070395,-1.1320776395575967,1.569009459731986
1771415145949,1.9106600603386292,-1.1423906750951862,1.5315238854254865
1771415145963,1.936002915075818,-1.190906501390794,1.5263842871725337
1771415145977,1.9483642661738154,-1.1239118996468975,1.59152296732882
1771415145993,1.9341466821906161,-1.1782182845872047,1.5338595314087118
1771415146005,1.9106600603386292,-1.1423906750951862,1.5315238854254865
1771415146017,1.9465289149401357,-1.1872098901216395,1.5425652315203355
1771415146032,1.9563942364224258,-1.1870998775272483,1.5550795121413177
1771415146046,1.9375712350954675,-1.1730097607051833,1.5421512222735305
1771415146059,1.9293223760547902,-1.116867148301874,1.5731791391287073
1771415146072,1.9269044942410827,-1.1452851134211077,1.5496073499123844
1771415146089,1.91631084857437,-1.1504267804544237,1.5325682664002578
1771415146105,1.9106600603386292,-1.1423906750951862,1.5315238854254865
1771415146119,1.9137983888076047,-1.1427853304275357,1.5351436289683813
1771415146133,1.929700867134761,-1.1174716451431463,1.5732140855337264
1771415146146,1.9154867489170146,-1.1228863281731525,1.5518427044254484
1771415146160,1.9212900656167764,-1.0611015051381967,1.6016925772541903
1771415146173,1.9403974640219455,-1.1399958132672892,1.5702075863133031
1771415146188,1.9030932737288981,-1.152604560488325,1.5143535702251605
1771415146205,1.9061798429554564,-1.1126778850882855,1.5477304409118366
1771415146220,1.9234731151012232,-1.111164911519207,1.5700513889442334
1771415146233,1.917714838511923,-1.1748692703973407,1.5156887541064725
1771415146249,1.904306471924341,-1.138420525314085,1.5265588251215652
1771415146262,1.9377271575784907,-1.1715293793014583,1.5434718820408608
1771415146279,1.9341036672524863,-1.1805789580645307,1.5319890076155191
1771415146290,1.9122566853964234,-1.160290229769094,1.5200171754114158
1771415146305,1.9121929605338726,-1.1243799912686618,1.5466905164091425
1771415146322,1.9313605861866567,-1.130137842703798,1.5661871441063715
1771415146337,1.9026653126874793,-1.1166853162148191,1.5405029038123728
1771415146353,1.9234178121686096,-1.1085401985761323,1.5718380032014336
1771415146367,1.9181821785016722,-1.1326628935865923,1.5480625437667137
1771415146381,1.9134716361031565,-1.1461464833105366,1.5322277705896667
1771415146395,1.934334492776685,-1.1696124017429173,1.5406676343828347
1771415146410,1.9330833893574149,-1.1541986100715131,1.5506891883025875
1771415146426,1.9279217262787853,-1.1705907432203626,1.531861447567818
1771415146439,1.9320327512650046,-1.2001483183061457,1.5140655752072147
1771415146452,1.9491082810635663,-1.1948776737069675,1.5398994889885493
1771415146464,1.9147647216509578,-1.208009831857,1.4856097015757175
1771415146479,1.9236751604572733,-1.1792382875136862,1.5198431446113458
1771415146492,1.9406930110286111,-1.213904023261433,1.5141751501609724
1771415146506,1.9484439753011333,-1.1639536630343912,1.5625766525825562
1771415146522,1.9363667155705682,-1.1911394751881186,1.5266639472451438
1771415146539,1.931085462151594,-1.1342327686573535,1.5628842211235963
1771415146556,1.9326236345947714,-1.1567963097568776,1.5481784169556085
1771415146570,1.9326229196692857,-1.233743548520872,1.487584688719994
1771415146585,1.9428236608483305,-1.1897077875166886,1.5359554542610454
1771415146600,1.9399275101476212,-1.2226778808254553,1.5061133902756867
1771415146614,1.9414035887250403,-1.2059491011727301,1.52142520673714
1771415146628,1.9307748339041433,-1.1786643875923744,1.5292618221413445
1771415146640,1.916164896458808,-1.1146646699231635,1.5585925009591444
1771415146653,1.923114010337052,-1.1898055573654922,1.5108706868613373
1771415146670,1.9392497768525843,-1.194759990305913,1.5274941121284273
1771415146687,1.9184912683254778,-1.162218717273863,1.526386713732597
1771415146701,1.9265329243040232,-1.2222285165891336,1.4891899011421403
1771415146715,1.9550437667369804,-1.2435261518401028,1.5085883598738479
1771415146728,1.9425908849042444,-1.1510240663632825,1.5648651522625165
1771415146741,1.947312470590608,-1.2467190267890425,1.49590023944108
1771415146755,1.9279217262787853,-1.1705907432203626,1.531861447567818
1771415146769,1.9374030408255656,-1.2152849175332123,1.508844959502613
1771415146783,1.9439413469005478,-1.1764310646309102,1.5475522318684105
1771415146797,1.938972433919201,-1.1972721533467594,1.525173265671466
1771415146811,1.9205069263450767,-1.1432301582710394,1.5431693553719203
1771415146823,1.9304260819958978,-1.1038841965328394,1.5836617500890398
1771415146838,1.9306504411750025,-1.1425590210688148,1.556267974798525
1771415146855,1.9317158843766296,-1.199569188781981,1.5141202129546794
1771415146872,1.9400010627442625,-1.1485168924730427,1.5634938666822245
1771415146885,1.9220262236388235,-1.1620583102477398,1.530949146098421
1771415146901,1.9414035887250403,-1.2059491011727301,1.52142520673714
1771415146915,1.960959628737051,-1.2076715971456615,1.5449569505278133
1771415146929,1.9472020340140341,-1.217430649084447,1.519690223676593
1771415146942,1.9502707092821974,-1.2173516729369744,1.523683282011598
1771415146956,1.9441290185669677,-1.2148781742024448,1.5177973061910128
1771415146970,1.936809396010916,-1.1825207283174037,1.5339085251656457
1771415146984,1.918589121060742,-1.2004064335134068,1.4966658310498886
1771415146998,1.9430797906992612,-1.1870414185533622,1.5383405811661819
1771415147014,1.9370146055133823,-1.1422261576869561,1.5643992414559198
1771415147029,1.9081296980206925,-1.1308387421538455,1.5369328819803576
1771415147041,1.9303947686260567,-1.2145484838739458,1.5004319188348223
1771415147055,1.9320327512650046,-1.2001483183061457,1.5140655752072147
1771415147072,1.9288310555802288,-1.196871003896949,1.5125769537453126
1771415147086,1.9280930780356103,-1.208723790248307,1.5021749952840384
1771415147100,1.9226830750674473,-1.1579883156862014,1.5348528489353792
1771415147114,1.9242141969453468,-1.173225546714768,1.525169529023531
1771415147130,1.912402304653019,-1.1227048331382208,1.5481655055226682
1771415147144,1.9186145070067784,-1.1642225986230568,1.5250138908718962
1771415147156,1.919055533688913,-1.1220217898009637,1.5568690518453634
1771415147168,1.9045773185760781,-1.1359506281272738,1.5287350760977834
1771415147195,1.9123217595212345,-1.1595110779275062,1.5206934510616474
1771415147209,1.9430538089705358,-1.1502218784186284,1.5660292893052892
1771415147221,1.9291469177385978,-1.2330995887485328,1.4836014405656701
1771415147234,1.934334492776685,-1.1696124017429173,1.5406676343828347
1771415147246,1.9442991773678269,-1.1763601185184742,1.5480556070995672
1771415147258,1.9243256039693843,-1.135202539923992,1.553816019817743
1771415147269,1.9181013668970825,-1.1719023101589379,1.5184722022930155
1771415147284,1.9005436800752182,-1.1045003470631587,1.546656155456414
1771415147296,1.9208913287715865,-1.1009216175533738,1.5741013591740318
1771415147309,1.9329279460674924,-1.1118655900884473,1.5811278741031554
1771415147321,1.9050063881097767,-1.0931833476422728,1.5601280419172945
1771415147334,1.917905480158922,-1.1315573440052815,1.5485281424796056
1771415147346,1.9361450432264693,-1.1158330929668365,1.5822686677838533
1771415147357,1.9302173539381189,-1.110983090867474,1.5784345425928905
1771415147369,1.9343686280317973,-1.1733218841225501,1.5378874293499922
1771415147384,1.9235041170835785,-1.1487300938980112,1.5428179606844559
1771415147400,1.9448475927193374,-1.1283520826762028,1.5840624155715826
1771415147417,1.9330833893574149,-1.1541986100715131,1.5506891883025875
1771415147431,1.899542170835089,-1.079062030361207,1.5632931885649703
1771415147446,1.9293223760547902,-1.116867148301874,1.5731791391287073
1771415147463,1.9433808564817232,-1.1462457981414702,1.5693469098904358
1771415147475,1.927033550950078,-1.1813260794260374,1.5224739736872923
1771415147487,1.9458685506402114,-1.154196941244638,1.5665994501442155
1771415147500,1.9425908849042444,-1.1510240663632825,1.5648651522625165
1771415147513,1.9198063748960872,-1.186659878983147,1.5091371205769735
1771415147526,1.9312924326298222,-1.204979974538046,1.5092758930346386
1771415147540,1.9584279820698922,-1.2002556182138813,1.5475227338880564
1771415147556,1.9205069263450767,-1.1432301582710394,1.5431693553719203
1771415147571,1.9174896807848953,-1.176941542630235,1.5137949931043246
1771415147585,1.914458247145025,-1.0976352192778214,1.5685494271659184
1771415147598,1.9359156407098417,-1.154928032141544,1.553676481291603
1771415147611,1.9207457839078852,-1.1766070513317237,1.5181766080256878
1771415147623,1.91584885675638,-1.1552784078698526,1.5283352519144573
1771415147640,1.935719546363063,-1.1205882463373844,1.578382762305306
1771415147653,1.905880066760279,-1.1609076693080729,1.511513219332158
1771415147669,1.895872987769848,-1.0815608189660857,1.5571000547918492
1771415147681,1.9161227767943672,-1.1204141709619853,1.5544126161536787
1771415147692,1.9309691245363498,-1.09788335420049,1.5884879289696094
1771415147705,1.9212900656167764,-1.0611015051381967,1.6016925772541903
1771415147722,1.9286810515798294,-1.165835099106196,1.5364371514693085
1771415147736,1.925360855862425,-1.1273530977417814,1.5607976865370152
1771415147750,1.9088817488133931,-1.0847042538773355,1.5707470237352963
1771415147765,1.8855129666822108,-1.0462583259881233,1.5685989490074514
1771415147780,1.9098246866355364,-1.0350151339446547,1.6050464187019806
1771415147794,1.92746061129441,-1.0618070042523768,1.608623726609804
1771415147806,1.8988202007510377,-1.124489996448796,1.5300458825364676
1771415147818,1.9110661057254437,-1.1334898288173358,1.538627462519846
1771415147831,1.9269891284098508,-1.1403133267349075,1.5533745903292369
1771415147844,1.9162180870143664,-1.1511685055500942,1.5318951755360288
1771415147856,1.9046519695982478,-1.1345040358482248,1.5299018654601917
1771415147871,1.929705452685319,-1.1496392468365393,1.549868619030841
1771415147884,1.9251415801862124,-1.0899885416223434,1.5868506807175853
1771415147899,1.9311560080182266,-1.1738807029096443,1.533416976116168
1771415147916,1.924550893965678,-1.173155096536991,1.5256484729233577
1771415147929,1.9205417939902916,-1.1383210366997119,1.5468374186934903
1771415147943,1.9319058755239253,-1.1617788576713897,1.543544686023578
1771415147959,1.931808103613085,-1.202412088131236,1.511981388609352
1771415147975,1.951187049152104,-1.170375027512179,1.5612024839061591
1771415147989,1.9215165654744377,-1.1306796397553855,1.5536374942808606
1771415148003,1.9341466821906161,-1.1782182845872047,1.5338595314087118
1771415148019,1.9502008548874439,-1.2179505364639913,1.5231151844594002
1771415148036,1.9598424190756272,-1.224737159295645,1.5300330709656702
1771415148050,1.9502707092821974,-1.2173516729369744,1.523683282011598
1771415148064,1.9364095607517553,-1.1868762508186497,1.53003488594655
1771415148078,1.9596545002540176,-1.2228833764709979,1.5312746350399444
1771415148091,1.9420603122654698,-1.1573491264944291,1.5595323837225172
1771415148104,1.9099748847781979,-1.114265725091817,1.55126269676322
1771415148117,1.9319058755239253,-1.1617788576713897,1.543544686023578
1771415148131,1.9483747357395131,-1.1619438699794882,1.5639854711234078
1771415148143,1.9330833893574149,-1.1541986100715131,1.5506891883025875
1771415148156,1.9083776632880445,-1.1285579347390746,1.5389159475664067
1771415148172,1.910385438940802,-1.1411906529519684,1.5320758528650273
1771415148186,1.923871284157941,-1.1024773970896922,1.576649709641892
1771415148200,1.9288310555802288,-1.196871003896949,1.5125769537453126
1771415148214,1.9162180870143664,-1.1511685055500942,1.5318951755360288
1771415148230,1.9376550652006777,-1.1347437269017728,1.5706252977572077
1771415148241,1.9421209898574725,-1.1935162968922013,1.5321073031278507
1771415148256,1.9219844327405744,-1.2038580759843514,1.498248942126896
1771415148270,1.9286191058706517,-1.1252030787973548,1.5663619272040117
1771415148284,1.9370146055133823,-1.1422261576869561,1.5643992414559198
1771415148297,1.9028630675894316,-1.1549356236994806,1.5122868640260527
1771415148308,1.9186145070067784,-1.1642225986230568,1.5250138908718962
1771415148323,1.940255242267295,-1.1789595031954896,1.5409882851503978
1771415148337,1.9278412518485544,-1.2075108344911656,1.5028271613580353
1771415148353,1.9359234838954151,-1.2317401445609608,1.493524673975862
1771415148367,1.9221244751430175,-1.123464591991613,1.5596120698702416
1771415148381,1.9592294821185101,-1.1917756580968217,1.5550726492258338
1771415148396,1.9439486598688582,-1.1770295913573658,1.5471062449861168
1771415148411,1.9304147641988882,-1.178350971466068,1.5290487728918338
1771415148426,1.947340350132472,-1.1783177396710351,1.5503876107704813
1771415148441,1.9179130829512079,-1.13562034639008,1.5455604234776075
1771415148455,1.9285020309715553,-1.130830338091688,1.5621596685079449
1771415148468,1.9317897573078502,-1.2385271888981182,1.4825188257825421
1771415148482,1.9386368207889328,-1.1645368939739005,1.549892430297097
1771415148496,1.9578348314763878,-1.2442971014135529,1.511569366835676
1771415148508,1.9559959585326603,-1.2284658164846793,1.5221011554836725
1771415148522,1.9063399694717207,-1.156261112210939,1.515649141323335
1771415148539,1.9414035887250403,-1.2059491011727301,1.52142520673714
1771415148554,1.9331414331307244,-1.1504923934967026,1.5535131325460172
1771415148566,1.9066682565968733,-1.1522978888568576,1.5190765010525933
1771415148578,1.9242141969453468,-1.173225546714768,1.525169529023531
1771415148596,1.9433808564817232,-1.1462457981414702,1.5693469098904358
1771415148610,1.8971862559946648,-1.107520875837912,1.5403613860124767
1771415148622,1.923051246228624,-1.1493866231367158,1.54176408252879
1771415148636,1.9087033546267347,-1.0943896905116852,1.5637965664577629
1771415148650,1.927985657354534,-1.052923182679985,1.6150793993918213
1771415148664,1.910385438940802,-1.1411906529519684,1.5320758528650273
1771415148675,1.9080320596827467,-1.0950429894395797,1.5625195013363558
1771415148689,1.955290301509213,-1.1593949426496721,1.5744724609005876
1771415148702,1.9324327454743004,-1.1553613458740468,1.5490114512944873
1771415148716,1.9263819939690248,-1.1886053624602064,1.515969946608084
1771415148730,1.9161748540744679,-1.1520018283589095,1.5312145045175864
1771415148746,1.899282333278093,-1.0015627224691594,1.6137365009388747
1771415148761,1.9033852083458023,-1.0711455141684603,1.5733793372312914
1771415148775,1.9057388255156984,-1.1624588656722084,1.5101423299470935
1771415148789,1.9053491899537116,-1.085186137208673,1.566118317135517
1771415148806,1.9151059625672724,-1.0517915173065535,1.6004266468609853
1771415148820,1.9058850722297391,-1.1606191724785526,1.511741064145364
1771415148833,1.9199848573593175,-1.1846337519380674,1.5109549054350417
1771415148847,1.933928301370697,-1.1027841966203396,1.5886930762507216
1771415148858,1.9368205575732598,-1.102491767366933,1.5924150762682854
1771415148872,1.921417988285595,-1.1322680473416356,1.5523582559050675
1771415148884,1.9095268750693035,-1.1512440728392792,1.5234598686425476
1771415148898,1.9415702597182825,-1.1256543070461071,1.5819600040617547
1771415148909,1.9313605861866567,-1.130137842703798,1.5661871441063715
1771415148924,1.9425144913906205,-1.1560920649721678,1.561029687921069
1771415148940,1.9243256039693843,-1.135202539923992,1.553816019817743
1771415148954,1.9215976801621384,-1.1295008034971146,1.5545949888327457
1771415148971,1.9269044942410827,-1.1452851134211077,1.5496073499123844
1771415148985,1.9330833893574149,-1.1541986100715131,1.5506891883025875
1771415148997,1.9216639329751168,-1.1660168375228637,1.5274806073762686
1771415149009,1.899542170835089,-1.079062030361207,1.5632931885649703
1771415149022,1.9383943558130856,-1.2045117150144025,1.518724532968731
1771415149033,1.9224254300316783,-1.1974495360627138,1.5039395408777825
1771415149046,1.9066513068840067,-1.074549936769301,1.5750116315226317
1771415149059,1.9332943236567843,-1.1087918851320737,1.5837321419194617
1771415149071,1.9163498101443914,-1.1134106727588093,1.559715765332652
1771415149082,1.919121279925175,-1.1587110834774295,1.5298415316915026
1771415149095,1.9386830991659996,-1.1598529322169588,1.5534585075307312
1771415149108,1.9190095782597796,-1.1187816544888014,1.559142511456883
1771415149121,1.9342751822150104,-1.1377846445376159,1.5642463307252228
1771415149133,1.9240141834389806,-1.1429089356021682,1.5477692796392768
1771415149146,1.9235041170835785,-1.1487300938980112,1.5428179606844559
1771415149160,1.9549907449930652,-1.1625236514928465,1.5717911988328093
1771415149174,1.9163498101443914,-1.1134106727588093,1.559715765332652
1771415149187,1.9245570987631557,-1.1317667315162592,1.5566065950755377
1771415149200,1.929944716811393,-1.1474760948765224,1.551768417527285
1771415149214,1.9688255519298101,-1.1940016119172883,1.5654501603917765
1771415149228,1.9576564490819919,-1.2500629177292517,1.5065727577354315
1771415149239,1.9414035887250403,-1.2059491011727301,1.52142520673714
1771415149253,1.9481596951359144,-1.2051209645453769,1.5306892756419506
1771415149267,1.943922646256837,-1.2131716648981485,1.518897549579444
1771415149283,1.9249382470564662,-1.1683576675349108,1.529812934869229
1771415149297,1.9364040017525428,-1.1905486690353464,1.5271720023171675
1771415149313,1.9344741358750477,-1.1315647727024778,1.5689969240085535
1771415149326,1.9364095607517553,-1.1868762508186497,1.53003488594655
1771415149339,1.879946607288508,-1.078583975516757,1.5397583752050317
1771415149353,1.919958078220136,-1.1493349898136733,1.5379428153584778
1771415149365,1.9169702840802145,-1.0673430912955295,1.5923422356736887
1771415149377,1.9285661950253774,-1.1675486710692378,1.5349910974592391
1771415149390,1.90338632439501,-1.0746505370137163,1.5709887724583131
1771415149405,1.9030932737288981,-1.152604560488325,1.5143535702251605
1771415149419,1.9216455929564982,-1.0486425213898714,1.6103014150345347
1771415149433,1.8988305433327899,-0.9728988042784662,1.6306518171967395
1771415149449,1.9110661057254437,-1.1334898288173358,1.538627462519846
1771415149463,1.8989083779929343,-1.1246980718155064,1.5300023775361393
1771415149477,1.9118003586091823,-1.0498476756623412,1.5977485625356005
1771415149489,1.90417579123808,-1.1023041938466558,1.5526786235938337
1771415149504,1.905880066760279,-1.1609076693080729,1.511513219332158
1771415149518,1.9179130829512079,-1.13562034639008,1.5455604234776075
1771415149533,1.9162619675586514,-1.076278696956001,1.5854602154549469
1771415149546,1.9362046336247822,-1.1518638640158507,1.5563091023458517
1771415149562,1.9150710379262947,-1.1683747022042543,1.5173653599424286
1771415149579,1.9162960729876026,-1.1502205240338046,1.532704598231214
1771415149594,1.9181008797501231,-1.0917187671545618,1.5771052971633568
1771415149608,1.9148859194198873,-1.129739557416621,1.5461166245793505
1771415149622,1.9073076897704662,-1.144918363202508,1.5254456939069456
1771415149633,1.9117839533117715,-1.1655365826466662,1.515401715273121
1771415149646,1.9243256039693843,-1.135202539923992,1.553816019817743
1771415149657,1.923871284157941,-1.1024773970896922,1.576649709641892
1771415149669,1.927033550950078,-1.1813260794260374,1.5224739736872923
1771415149682,1.9184912683254778,-1.162218717273863,1.526386713732597
1771415149693,1.9154103961746096,-1.1238821804531025,1.5510273467072573
1771415149705,1.9439539436288757,-1.1014231829204981,1.6018189370448639
1771415149716,1.9496584216877755,-1.146702778449683,1.576781753811809
1771415149729,1.917714838511923,-1.1748692703973407,1.5156887541064725
1771415149742,1.929098063642636,-1.1933516857807727,1.5156949208841322
1771415149755,1.9431015882619787,-1.2233056372365543,1.5096910611815557
1771415149773,1.9331414331307244,-1.1504923934967026,1.5535131325460172
1771415149789,1.9425867189975858,-1.1141689464835345,1.591311006534416
1771415149802,1.9242927702105446,-1.1758154579586704,1.5232730137142239
1771415149816,1.9239019027986546,-1.1761222325828988,1.5225422902555126
1771415149830,1.9210392853683083,-1.1733928515462182,1.5210329226774202
1771415149843,1.9107129986722842,-1.1034570165019222,1.5598739615840471
1771415149856,1.9465289149401357,-1.1872098901216395,1.5425652315203355
1771415149872,1.9147634354229175,-1.1719938752994417,1.51418273992711
1771415149884,1.912649149445203,-1.1196656628922697,1.5506693948786996
1771415149899,1.93715036233028,-1.1782758127255641,1.5376012602174356
1771415149915,1.9320443012970125,-1.159817851120378,1.5451918115226893
1771415149931,1.9465289149401357,-1.1872098901216395,1.5425652315203355
1771415149946,1.9177476245093064,-1.1746640877160965,1.5158892546426992
1771415149961,1.9442038986818482,-1.2498488924005922,1.4892301856377714
1771415149977,1.9453176694369128,-1.1975016959276554,1.5330526811802165
1771415149990,1.9717021289778403,-1.2384430280937808,1.534232104859514
1771415150004,1.920619052616206,-1.1411986184851333,1.5448117226510145
1771415150018,1.9417173799883876,-1.2062546308622248,1.5215834348705317
1771415150033,1.931808103613085,-1.202412088131236,1.511981388609352
1771415150048,1.936002915075818,-1.190906501390794,1.5263842871725337
1771415150062,1.9661912292989943,-1.224733627599801,1.5381597744052866
1771415150078,1.9575038825002242,-1.1702042702041289,1.56921745338225
1771415150089,1.9364095607517553,-1.1868762508186497,1.53003488594655
1771415150101,1.927033550950078,-1.1813260794260374,1.5224739736872923
1771415150116,1.93342823787,-1.1840595271024583,1.5284462003194605
1771415150131,1.951081811734074,-1.2086540067806064,1.531625191740036
1771415150146,1.9713396127701293,-1.2016700909027211,1.5627440166279725
1771415150162,1.9466906294302602,-1.2218705540468329,1.5154658544041393
1771415150174,1.9280930780356103,-1.208723790248307,1.5021749952840384
1771415150189,1.9442887646453142,-1.2131007517753027,1.519422708257382
1771415150205,1.939676359355441,-1.1891823666640533,1.5323803959388345
1771415150223,1.957466440529861,-1.2115025878822676,1.537509787076236
1771415150237,1.953415030181239,-1.2218516267869364,1.5241092094256528
1771415150253,1.942486025699092,-1.2297344152782907,1.5036639345001308
1771415150271,1.9216639329751168,-1.1660168375228637,1.5274806073762686
1771415150285,1.9393325340264278,-1.1522202250758404,1.5599356494610748
1771415150299,1.946493025013466,-1.1421524233038034,1.5761735115041502
1771415150315,1.9165338812500763,-1.1110798357699059,1.5616029317739515
1771415150330,1.926202056327565,-1.2302202327884972,1.482164815612068
1771415150347,1.9575797640289576,-1.2109279926883123,1.5381066052323955
1771415150359,1.9539865506793281,-1.1369286223297463,1.5891685712859678
1771415150373,1.9395127734248125,-1.1546737236487008,1.5583447597349092
1771415150386,1.93437998839562,-1.2092822650655868,1.5097888405016389
1771415150403,1.9278964999952404,-1.1346951272181123,1.5586057496882815
1771415150417,1.9231095628592487,-1.0734074670341047,1.5956650025854795
1771415150431,1.962098179170998,-1.236093738228012,1.523778702771385
1771415150448,1.9268183671896584,-1.1423369424825676,1.5516750078476487
1771415150464,1.9249382470564662,-1.1683576675349108,1.529812934869229
1771415150475,1.9347251661003635,-1.1696177133085148,1.5411540718101613
1771415150490,1.9373093260492595,-1.145990102768403,1.562009637983806
1771415150502,1.9368442442846172,-1.1026328651074238,1.5923461908151266
1771415150520,1.91584885675638,-1.1552784078698526,1.5283352519144573
1771415150536,1.9179413471874047,-1.135961251794015,1.5453449600893685
1771415150550,1.9382237850486015,-1.2019206436416965,1.5205585182149541
1771415150564,1.944774568388039,-1.2041749005704747,1.5271250540427168
1771415150578,1.9471795391600393,-1.252598657084536,1.4908067487080678
1771415150590,1.9151716856042091,-1.1676232270626647,1.5180706785139606
1771415150604,1.9386368207889328,-1.1645368939739005,1.549892430297097
1771415150621,1.927033550950078,-1.1813260794260374,1.5224739736872923
1771415150637,1.9374030408255656,-1.2152849175332123,1.508844959502613
1771415150650,1.94819798022219,-1.1677479958670816,1.5594357916535824
1771415150664,1.9264991610494546,-1.1131681527737227,1.5723408285656741
1771415150680,1.9179130829512079,-1.13562034639008,1.5455604234776075
1771415150692,1.9199848573593175,-1.1846337519380674,1.5109549054350417
1771415150706,1.9123032427199795,-1.1637162069695912,1.5174545402593305
1771415150722,1.940255242267295,-1.1789595031954896,1.5409882851503978
1771415150735,1.9338927524085343,-1.1374048644622818,1.564049664210122
1771415150748,1.9363712848395096,-1.1907899540431728,1.5269423820501125
1771415150762,1.9215976801621384,-1.1295008034971146,1.5545949888327457
1771415150776,1.9477301438874772,-1.2459197412368,1.497109452179218
1771415150789,1.9256824036719802,-1.196742283466702,1.5086618662824347
1771415150804,1.9456431714936,-1.1940919661422749,1.5361223021537542
1771415150817,1.919958078220136,-1.1493349898136733,1.5379428153584778
1771415150830,1.958936737859919,-1.1950309195408462,1.5522030293356024
1771415150846,1.9314181973595603,-1.1710479408835572,1.5359111215314623
1771415150857,1.9178536604057657,-1.1732926841457465,1.517085014118149
1771415150872,1.9083592160942644,-1.0930875762482128,1.5642872013488198
1771415150887,1.9372229564289596,-1.1399358762964207,1.5663265881825763
1771415150901,1.9183181914802923,-1.094296776981458,1.5755821932391252
1771415150915,1.9246632586774552,-1.0936384910811527,1.583756139728797
1771415150930,1.9190431198946816,-1.1591672363958987,1.5293978599701936
1771415150944,1.9154103961746096,-1.1238821804531025,1.5510273467072573
1771415150957,1.9106600603386292,-1.1423906750951862,1.5315238854254865
1771415150971,1.932162847975159,-1.124725644697409,1.571065083074369
1771415150984,1.923282803502591,-1.1469650981985255,1.5438548525568176
1771415151000,1.9395874465029188,-1.186779222735643,1.534129896428166
1771415151013,1.9264991610494546,-1.1131681527737227,1.5723408285656741
1771415151028,1.9160677198508882,-1.15706391869059,1.5272585226866333
1771415151041,1.9288310555802288,-1.196871003896949,1.5125769537453126
1771415151055,1.9098424320895513,-1.1518741490308761,1.5233791583857668
1771415151070,1.92226101156503,-1.0847566347716695,1.5869437418830747
1771415151085,1.9352911092394578,-1.1208983967309853,1.577636986669366
1771415151101,1.9113967057221193,-1.0593887930608488,1.5909534096831521
1771415151114,1.9269891284098508,-1.1403133267349075,1.5533745903292369
1771415151128,1.9035773296967469,-1.106207323997554,1.5491649384328217
1771415151140,1.903096595463961,-1.1523193385563328,1.5145747897200765
1771415151153,1.927663659352416,-1.0948159401978934,1.586589184595858
1771415151170,1.9361202998868243,-1.1570299397554504,1.552367074548847
1771415151184,1.9121063102615654,-1.0850097097763545,1.5744537057129144
1771415151197,1.9186748989937163,-1.1593424696470809,1.5288029323955246
1771415151209,1.9269903739648757,-1.1406803263423926,1.5531066590703628
1771415151222,1.9403319845336782,-1.1818506682795575,1.5388688079532853
1771415151235,1.9257217110439138,-1.1591955661819398,1.537748271899543
1771415151249,1.932883032971538,-1.1119790651160693,1.580993161874157
1771415151264,1.947340350132472,-1.1783177396710351,1.5503876107704813
1771415151278,1.9493591804211732,-1.2283544610817447,1.5136533725502959
1771415151293,1.9104189782359708,-1.1041150655664091,1.5590479769376744
1771415151306,1.8984863816743358,-1.087517699608721,1.556134889539036
1771415151320,1.940255242267295,-1.1789595031954896,1.5409882851503978
1771415151336,1.942941691912266,-1.1881699328687023,1.5372945810083642
1771415151350,1.926266771039986,-1.111513729907862,1.573226271532206
1771415151366,1.9110176153298766,-1.1341592221930763,1.538073855448913
1771415151383,1.8903629623737175,-1.0673750945873195,1.5601866993949947
1771415151396,1.913161250807924,-1.1129122951049413,1.5561530114346702
1771415151407,1.9302173539381189,-1.110983090867474,1.5784345425928905
1771415151422,1.926385852745715,-1.1522324917992426,1.5438013921813079
1771415151437,1.9208913287715865,-1.1009216175533738,1.5741013591740318
1771415151451,1.9083776632880445,-1.1285579347390746,1.5389159475664067
1771415151463,1.917714838511923,-1.1748692703973407,1.5156887541064725
1771415151477,1.9096754694905211,-1.1545807273296977,1.5211192401822642
1771415151492,1.926266771039986,-1.111513729907862,1.573226271532206
1771415151505,1.951456924930593,-1.2444248691133282,1.503193558724838
1771415151518,1.9356389882745149,-1.1164839009213767,1.581190055594764
1771415151530,1.927978232244994,-1.095263527026382,1.5866624941607028
1771415151546,1.961301519640311,-1.2444153304237193,1.5159598069704283
1771415151558,1.9307748339041433,-1.1786643875923744,1.5292618221413445
1771415151572,1.9383943558130856,-1.2045117150144025,1.518724532968731
1771415151587,1.9286191058706517,-1.1252030787973548,1.5663619272040117
1771415151603,1.9364095607517553,-1.1868762508186497,1.53003488594655
1771415151616,1.9311560080182266,-1.1738807029096443,1.533416976116168
1771415151631,1.9432772618469158,-1.2561651515130798,1.4826920207970935
1771415151645,1.913463468565584,-1.1866702649864782,1.5010516739046518
1771415151656,1.8990202955201183,-1.1223209862482693,1.5318856636916574
1771415151670,1.9148859194198873,-1.129739557416621,1.5461166245793505
1771415151684,1.9356329364837361,-1.1222853223134517,1.577070233096942
1771415151698,1.9463745222421878,-1.1100678154534047,1.5987880490946917
1771415151713,1.9161748540744679,-1.1520018283589095,1.5312145045175864
1771415151725,1.904306471924341,-1.138420525314085,1.5265588251215652
1771415151739,1.9107133745780225,-1.1816874768208205,1.5014793727907743
1771415151755,1.9269903739648757,-1.1406803263423926,1.5531066590703628
1771415151768,1.9294357861563203,-1.073296215107779,1.6033582530226904
1771415151782,1.9583190661439815,-1.2062211053605014,1.5427391904680217
1771415151796,1.9155126206067867,-1.0893147489505615,1.5756211401928621
1771415151810,1.9418204888413497,-1.2016982286569533,1.52531576341648
1771415151822,1.9280930780356103,-1.208723790248307,1.5021749952840384
1771415151835,1.9234521600246979,-1.1488390611523793,1.5426720401544185
1771415151849,1.9130797813021705,-1.1140729440895307,1.5552220821718181
1771415151861,1.938202404172544,-1.1280929421996628,1.5760821277140153
1771415151872,1.9143301623462394,-1.0608840891623015,1.5934820111412784
1771415151889,1.9302205173337739,-1.1019060653513946,1.5847883987075593
1771415151906,1.9132697720504803,-1.1118613838801013,1.557037405998431
1771415151922,1.917905480158922,-1.1315573440052815,1.5485281424796056
1771415151936,1.9099748847781979,-1.114265725091817,1.55126269676322
1771415151950,1.8950124214144017,-1.1318522159889608,1.5198627038241819
1771415151963,1.9502707092821974,-1.2173516729369744,1.523683282011598
1771415151975,1.9364428133096638,-1.149433373924707,1.55840100363376
1771415151988,1.9308690205857264,-1.0987016479589156,1.5878003222792358
1771415152001,1.9308690205857264,-1.0987016479589156,1.5878003222792358
1771415152013,1.9345873358242565,-1.1362941510974813,1.565715096086529
1771415152026,1.8958272960436313,-1.0815002722890856,1.5570864771947446
1771415152038,1.9206104810522733,-1.1409869708464662,1.5449573949745186
1771415152052,1.9117409357879203,-1.1306122865608612,1.541580118918538
1771415152066,1.8995589817203982,-1.1162070276364333,1.5370121003068502
1771415152080,1.9343232244099682,-1.1738559257062702,1.5374227142123442
1771415152092,1.9162619675586514,-1.076278696956001,1.5854602154549469
1771415152106,1.9433855619401061,-1.145935726285566,1.5695791644831536
1771415152118,1.9246160698841375,-1.1313520850002616,1.5569808849892228
1771415152130,1.9207457839078852,-1.1766070513317237,1.5181766080256878
1771415152146,1.947629282603206,-1.2110799110558779,1.5253016985142205
1771415152159,1.9332111681967734,-1.1871372166822147,1.5257819797103183
1771415152172,1.9147307326534766,-1.1682367077752527,1.5170421131841259
1771415152190,1.9383943558130856,-1.2045117150144025,1.518724532968731
1771415152207,1.91349775015603,-1.1419648337865864,1.535379418335078
1771415152223,1.9260419009675154,-1.1561411609064585,1.5404463704850055
1771415152240,1.9290043609802554,-1.1210612349320503,1.5698023863574262
1771415152256,1.9454592942492808,-1.1592192227855271,1.56237724609181
1771415152270,1.9341808388177943,-1.1721759338420188,1.5385249745686607
1771415152286,1.9257217110439138,-1.1591955661819398,1.537748271899543
1771415152299,1.913288783115389,-1.188989717285427,1.4989921346640507
1771415152312,1.9106600603386292,-1.1423906750951862,1.5315238854254865
1771415152323,1.9320327512650046,-1.2001483183061457,1.5140655752072147
1771415152338,1.9119723516467477,-1.1635894179808806,1.5171347797161958
1771415152350,1.9110176153298766,-1.1341592221930763,1.538073855448913
1771415152364,1.9296212824967578,-1.1133254181261123,1.5760535546797734
1771415152378,1.9322440614939016,-1.1247579213503258,1.5711418559564068
1771415152393,1.924410975271146,-1.096050066866522,1.58178122781437
1771415152406,1.9612818596930353,-1.1667733732355903,1.5764727808209733
1771415152419,1.9603760347509296,-1.2514708995598762,1.5089382973404086
1771415152437,1.942309376271017,-1.1960447914043393,1.530373343372413
1771415152453,1.93137362801653,-1.1726505399064444,1.5346318132551722
1771415152467,1.9058725861068442,-1.120648044186677,1.5415895288740664
1771415152483,1.9093269797810142,-1.1574512801783,1.518497958422501
1771415152497,1.9274064140259133,-1.1395572305383552,1.5544467836358966
1771415152508,1.9269891284098508,-1.1403133267349075,1.5533745903292369
1771415152524,1.9370146055133823,-1.1422261576869561,1.5643992414559198
1771415152537,1.9486099454397585,-1.1633658973965773,1.5632211961975808
1771415152554,1.9456431714936,-1.1940919661422749,1.5361223021537542
1771415152570,1.9483232085051247,-1.2037150663249494,1.5320030561007463
1771415152587,1.9160249957275215,-1.1171855124101946,1.556614375853384
1771415152603,1.929705452685319,-1.1496392468365393,1.549868619030841
1771415152619,1.928545173448617,-1.1638295555922415,1.5377864778836892
1771415152635,1.9202687980775377,-1.1819911404549286,1.513383362124815
1771415152648,1.9260419009675154,-1.1561411609064585,1.5404463704850055
1771415152661,1.9408686957385712,-1.2124965026159111,1.515527474261726
1771415152674,1.9663454733591454,-1.259878276499146,1.5097089948084508
1771415152689,1.9341808388177943,-1.1721759338420188,1.5385249745686607
1771415152702,1.9332963133122516,-1.1496745991300203,1.5543110857167464
1771415152715,1.9105276122079162,-1.0647924024472915,1.5862953371612132
1771415152726,1.9543187974156135,-1.21206854543868,1.533053098587969
1771415152738,1.9290043609802554,-1.1210612349320503,1.5698023863574262
1771415152752,1.942309376271017,-1.1960447914043393,1.530373343372413
1771415152766,1.929609171766311,-1.1514575432720004,1.5483982310138042
1771415152779,1.943922646256837,-1.2131716648981485,1.518897549579444
1771415152795,1.9375712350954675,-1.1730097607051833,1.5421512222735305
1771415152808,1.9342553038541515,-1.206789035633631,1.5116229040214915
1771415152823,1.931808103613085,-1.202412088131236,1.511981388609352
1771415152838,1.9137983888076047,-1.1427853304275357,1.5351436289683813
1771415152856,1.9016058813370134,-1.1339844887428496,1.5264940573831716
1771415152871,1.937106269455014,-1.1782503259786328,1.53756524040223
1771415152887,1.9363712848395096,-1.1907899540431728,1.5269423820501125
1771415152899,1.9418204888413497,-1.2016982286569533,1.52531576341648
1771415152915,1.956121035467394,-1.18608078727776,1.5555133787430433
1771415152931,1.930997462909721,-1.1720407535804966,1.5346242777013015
1771415152946,1.9395127734248125,-1.1546737236487008,1.5583447597349092
1771415152960,1.9264991610494546,-1.1131681527737227,1.5723408285656741
1771415152977,1.9332963133122516,-1.1496745991300203,1.5543110857167464
1771415152991,1.93137362801653,-1.1726505399064444,1.5346318132551722
1771415153005,1.9253015683017245,-1.2003196539216985,1.5053301489422093
1771415153018,1.9260419009675154,-1.1561411609064585,1.5404463704850055
1771415153035,1.9422257901729418,-1.1962934747475251,1.5300728552227179
1771415153050,1.8926797072111323,-1.1224420108295263,1.5239292655546017
1771415153064,1.9280509317426326,-1.2097458310084894,1.5012979117254555
1771415153077,1.93715036233028,-1.1782758127255641,1.5376012602174356
1771415153089,1.9222642109271724,-1.1946873303688343,1.5059289091015062
1771415153103,1.9229854733338945,-1.1546160921917794,1.5377694268988984
1771415153120,1.9486490132917786,-1.2362900097334404,1.5062602659687707
1771415153134,1.9181821785016722,-1.1326628935865923,1.5480625437667137
1771415153148,1.932162847975159,-1.124725644697409,1.571065083074369
1771415153164,1.9194608533961983,-1.113260483652906,1.5636435217968832
1771415153177,1.946767608785998,-1.1845010076173403,1.5449470818030817
1771415153189,1.9289413553097488,-1.121394135036023,1.5694871602313352
1771415153204,1.9330833893574149,-1.1541986100715131,1.5506891883025875
1771415153219,1.9419339354551697,-1.1631499493998345,1.555052926714575
1771415153233,1.9164416111583775,-1.073916355357369,1.5872782083413302
1771415153244,1.9285925052295723,-1.0841862925706138,1.5949950263965291
1771415153257,1.9352911092394578,-1.1208983967309853,1.577636986669366
1771415153273,1.9190431198946816,-1.1591672363958987,1.5293978599701936
1771415153289,1.9332963133122516,-1.1496745991300203,1.5543110857167464
1771415153306,1.9005436800752182,-1.1045003470631587,1.546656155456414
1771415153322,1.9336380896773762,-1.1818290643651217,1.5304366450373024
1771415153338,1.9206104810522733,-1.1409869708464662,1.5449573949745186
1771415153352,1.9104791781474122,-1.1074156117290606,1.5567791600074696
1771415153364,1.9229666942448294,-1.1910941745049304,1.5096673721834575
1771415153378,1.9219844327405744,-1.2038580759843514,1.498248942126896
1771415153390,1.9333881132152075,-1.2246515026369742,1.4960676099063375
1771415153401,1.9364040017525428,-1.1905486690353464,1.5271720023171675
1771415153416,1.9489184698082611,-1.2325291492054842,1.509687086226341
1771415153427,1.9170867336234345,-1.217198603856965,1.4810972631814645
1771415153439,1.893414344056285,-1.0727074119879212,1.5602296903162265
1771415153454,1.9190095782597796,-1.1187816544888014,1.559142511456883
1771415153468,1.9432269102103445,-1.2604975824666453,1.4789444442444026
1771415153483,1.9306744051203224,-1.175222710114105,1.531781720813631
1771415153495,1.9222642109271724,-1.1946873303688343,1.5059289091015062
1771415153509,1.930430016518009,-1.1420606191489822,1.556360366644809
1771415153523,1.9428236608483305,-1.1897077875166886,1.5359554542610454
1771415153539,1.9154103961746096,-1.1238821804531025,1.5510273467072573
1771415153553,1.9342751822150104,-1.1377846445376159,1.5642463307252228
1771415153567,1.9403319845336782,-1.1818506682795575,1.5388688079532853
1771415153581,1.9401191681672103,-1.1429246472583516,1.5677326421871811
1771415153596,1.9302205173337739,-1.1019060653513946,1.5847883987075593
1771415153608,1.9264991610494546,-1.1131681527737227,1.5723408285656741
1771415153622,1.9440279414705137,-1.133942182860032,1.5790566054289215
1771415153636,1.9342751822150104,-1.1377846445376159,1.5642463307252228
1771415153652,1.929705452685319,-1.1496392468365393,1.549868619030841
1771415153666,1.961364101040406,-1.2029336976814908,1.5491609522036032
1771415153681,1.9262555947866706,-1.1119101759288097,1.5729324133963651
1771415153695,1.92746061129441,-1.0618070042523768,1.608623726609804
1771415153711,1.9425144913906205,-1.1560920649721678,1.561029687921069
1771415153724,1.9184912683254778,-1.162218717273863,1.526386713732597
1771415153736,1.9578675237884455,-1.2074756719759054,1.5411838768595507
1771415153754,1.9597245386349282,-1.1852370093993243,1.5606836639364265
1771415153768,1.9103340638551103,-1.0288339397754074,1.6096201290650518
1771415153782,1.9104791781474122,-1.1074156117290606,1.5567791600074696
1771415153797,1.9221244751430175,-1.123464591991613,1.5596120698702416
1771415153814,1.9263279169332759,-1.1886376649094093,1.5158759003016047
1771415153827,1.927440173338033,-1.2120426201520789,1.4986588366710518
1771415153840,1.9245570987631557,-1.1317667315162592,1.5566065950755377
1771415153857,1.934334492776685,-1.1696124017429173,1.5406676343828347
1771415153871,1.9081296980206925,-1.1308387421538455,1.5369328819803576
1771415153886,1.9417539280234326,-1.2058692798761776,1.5219354772280387
1771415153903,1.9222642109271724,-1.1946873303688343,1.5059289091015062
1771415153917,1.9382237850486015,-1.2019206436416965,1.5205585182149541
1771415153933,1.91584885675638,-1.1552784078698526,1.5283352519144573
1771415153944,1.9148859194198873,-1.129739557416621,1.5461166245793505
1771415153959,1.9152258301712421,-1.167306646602555,1.5183824199959053
1771415153973,1.9181013668970825,-1.1719023101589379,1.5184722022930155
1771415153985,1.9306744051203224,-1.175222710114105,1.531781720813631
1771415153997,1.9263279169332759,-1.1886376649094093,1.5158759003016047
1771415154012,1.9408686957385712,-1.2124965026159111,1.515527474261726
1771415154023,1.9246160698841375,-1.1313520850002616,1.5569808849892228
1771415154035,1.917601156225076,-1.1393715637636461,1.542409360073561
1771415154047,1.9210392853683083,-1.1733928515462182,1.5210329226774202
1771415154060,1.944123561968083,-1.2514551644409813,1.4877756536499256
1771415154072,1.9288739630441287,-1.1956595061065338,1.513589478942901
1771415154083,1.9199072892140074,-1.2215998961412275,1.4811271697341928
1771415154095,1.9199848573593175,-1.1846337519380674,1.5109549054350417
1771415154107,1.9195124341649015,-1.1544978782140738,1.5335131672446987
1771415154120,1.9132485412487539,-1.1489358150196072,1.5298583181313608
1771415154132,1.919121279925175,-1.1587110834774295,1.5298415316915026
1771415154145,1.9508353176689188,-1.251427646690801,1.4965584792323738
1771415154159,1.919958078220136,-1.1493349898136733,1.5379428153584778
1771415154171,1.9358317709177721,-1.2289010514698802,1.4957429093901335
1771415154188,1.9175628052794425,-1.1761582753173794,1.5144962276590896
1771415154202,1.909139701069888,-1.1596910595524847,1.5165523547162019
1771415154216,1.9396617653672021,-1.2215235826920126,1.5067076361904723
1771415154230,1.9347535813879229,-1.2453372601023793,1.4806777263449642
1771415154244,1.9282909242619177,-1.1661681800076285,1.5356945218788067
1771415154256,1.913761273163186,-1.1836514436128531,1.503812312322381
1771415154272,1.9160677198508882,-1.15706391869059,1.5272585226866333
1771415154284,1.9250581018078041,-1.203192108347872,1.5027233430493014
1771415154301,1.931808103613085,-1.202412088131236,1.511981388609352
1771415154315,1.947340350132472,-1.1783177396710351,1.5503876107704813
1771415154329,1.9493547144156986,-1.2276735624202741,1.5141999295829542
1771415154363,1.9290694216141693,-1.1935798083001634,1.5154788268481256
1771415154377,1.9339122450048083,-1.2146012983027314,1.5049120431244003
1771415154388,1.9441890328223,-1.21436844063572,1.5182820178525727
1771415154402,1.9222642109271724,-1.1946873303688343,1.5059289091015062
1771415154416,1.9121929605338726,-1.1243799912686618,1.5466905164091425
1771415154428,1.9269693049879562,-1.1816731644634977,1.5221232652950911
1771415154442,1.9392674724647505,-1.190737268442918,1.5306544637183535
1771415154454,1.91584885675638,-1.1552784078698526,1.5283352519144573
1771415154467,1.9295774438272673,-1.1885292180478795,1.520087961130364
1771415154479,1.9148859194198873,-1.129739557416621,1.5461166245793505
1771415154491,1.9102301743816787,-1.1429090229125438,1.530600628662929
1771415154503,1.9414035887250403,-1.2059491011727301,1.52142520673714
1771415154517,1.9493591804211732,-1.2283544610817447,1.5136533725502959
1771415154531,1.9363712848395096,-1.1907899540431728,1.5269423820501125
1771415154549,1.9415167333379895,-1.131242338958361,1.5779030376989056
1771415154561,1.9156925383908912,-1.083151986007926,1.580082174082608
1771415154577,1.927431076410787,-1.2120366460935432,1.4986519685505237
1771415154592,1.9375712350954675,-1.1730097607051833,1.5421512222735305
1771415154604,1.9550009351012356,-1.1627112917288476,1.5716650751139507
1771415154617,1.9445264354919363,-1.170075636174451,1.5530956390248247
1771415154634,1.9545310441701724,-1.1676717068245241,1.5673973292392862
1771415154650,1.9268183671896584,-1.1423369424825676,1.5516750078476487
1771415154664,1.9688255519298101,-1.1940016119172883,1.5654501603917765
1771415154678,1.9497627848529513,-1.1452802856922286,1.5779442272787283
1771415154692,1.9268183671896584,-1.1423369424825676,1.5516750078476487
1771415154705,1.9458535375925827,-1.1542237053993114,1.5665610832826955
1771415154719,1.9499533625988392,-1.1850585515073406,1.5485329656839222
1771415154733,1.9356329364837361,-1.1222853223134517,1.577070233096942
1771415154749,1.9577389462677097,-1.2124074732640966,1.5371434222305904
1771415154763,1.9376550652006777,-1.1347437269017728,1.5706252977572077
1771415154777,1.9234178121686096,-1.1085401985761323,1.5718380032014336
1771415154789,1.929944716811393,-1.1474760948765224,1.551768417527285
1771415154801,1.9364095607517553,-1.1868762508186497,1.53003488594655
1771415154816,1.936002915075818,-1.190906501390794,1.5263842871725337
1771415154829,1.9531147731956902,-1.1843594056777131,1.5530454325157348
1771415154846,1.9234178121686096,-1.1085401985761323,1.5718380032014336
1771415154860,1.9377271575784907,-1.1715293793014583,1.5434718820408608
1771415154874,1.922389756842174,-1.2331631893225963,1.4747511402644973
1771415154891,1.932162847975159,-1.124725644697409,1.571065083074369
1771415154907,1.9375712350954675,-1.1730097607051833,1.5421512222735305
1771415154920,1.9190095782597796,-1.1187816544888014,1.559142511456883
1771415154936,1.9242141969453468,-1.173225546714768,1.525169529023531
1771415154949,1.942363783264886,-1.2308844029578507,1.502564691816687
1771415154964,1.9447501692994527,-1.2046487082902675,1.526720246346671
1771415154976,1.9341583884596618,-1.2118173318567034,1.5074705389693612
1771415154990,1.9336980211379702,-1.1810372160074938,1.5311234866457277
1771415155007,1.917714838511923,-1.1748692703973407,1.5156887541064725
1771415155021,1.9338677162320659,-1.1796239098789918,1.5324267601182207
1771415155034,1.942363783264886,-1.2308844029578507,1.502564691816687
1771415155048,1.9029895660496663,-1.113013386014895,1.5435577381638677
1771415155064,1.9312924326298222,-1.204979974538046,1.5092758930346386
1771415155076,1.9147307326534766,-1.1682367077752527,1.5170421131841259
1771415155089,1.9240141834389806,-1.1429089356021682,1.5477692796392768
1771415155101,1.9418204888413497,-1.2016982286569533,1.52531576341648
1771415155116,1.9370443681378586,-1.2152994065225236,1.5083727114478696
1771415155128,1.9321350380203446,-1.195584116652625,1.5178024987309253
1771415155143,1.9175628052794425,-1.1761582753173794,1.5144962276590896
1771415155156,1.9137983888076047,-1.1427853304275357,1.5351436289683813
1771415155169,1.9320327512650046,-1.2001483183061457,1.5140655752072147
1771415155183,1.9181013668970825,-1.1719023101589379,1.5184722022930155
1771415155197,1.8989083779929343,-1.1246980718155064,1.5300023775361393
1771415155211,1.8993715923999288,-1.0809459395185348,1.5617836988053864
1771415155226,1.9019647709561076,-1.1249537685371125,1.5336065364402525
1771415155240,1.9104791781474122,-1.1074156117290606,1.5567791600074696
1771415155252,1.9024846951615784,-1.0817329990452933,1.565024515495051
1771415155266,1.9111508914621413,-1.1326790155108468,1.5393297170385285
1771415155279,1.9053434694545877,-1.085223545428455,1.5660854360605425
1771415155293,1.90493127654695,-1.0941477719145094,1.5593600679706106
1771415155306,1.9080094730697787,-1.1329682569509556,1.5352143427109872
1771415155319,1.937106269455014,-1.1782503259786328,1.53756524040223
1771415155335,1.9165338812500763,-1.1110798357699059,1.5616029317739515
1771415155351,1.923282803502591,-1.1469650981985255,1.5438548525568176
1771415155366,1.920513279332857,-1.1049292397198716,1.5708286447941768
1771415155380,1.9545140819528248,-1.2090001407327347,1.5357226169657467
1771415155394,1.931790248846417,-1.1292069793917716,1.5673880065991994
1771415155407,1.9456431714936,-1.1940919661422749,1.5361223021537542
1771415155420,1.9584762572806558,-1.2364694797822584,1.5188062667434044
1771415155433,1.945039737715582,-1.1635371381447637,1.5586407249429204
1771415155447,1.9199657197640114,-1.1545074155454147,1.534073333488196
1771415155462,1.9245570987631557,-1.1317667315162592,1.5566065950755377
1771415155475,1.9039805099356615,-1.1421872241502657,1.5233351985701546
1771415155489,1.9395127734248125,-1.1546737236487008,1.5583447597349092
1771415155505,1.9269044942410827,-1.1452851134211077,1.5496073499123844
1771415155522,1.93685371849041,-1.1811724288797127,1.5350029381354708
1771415155537,1.9052106711659094,-1.1687276452102484,1.504627326897183
1771415155550,1.9317158843766296,-1.199569188781981,1.5141202129546794
1771415155563,1.9321350380203446,-1.195584116652625,1.5178024987309253
1771415155575,1.937106269455014,-1.1782503259786328,1.53756524040223
1771415155590,1.913463468565584,-1.1866702649864782,1.5010516739046518
1771415155605,1.9347251661003635,-1.1696177133085148,1.5411540718101613
1771415155618,1.9094319258085726,-1.115809630463184,1.5494835100325035
1771415155633,1.9285661950253774,-1.1675486710692378,1.5349910974592391
1771415155649,1.9511659778357175,-1.170459741653294,1.5611126372662916
1771415155664,1.8968005836794848,-1.0704295525404164,1.5658968763283738
1771415155679,1.9302173539381189,-1.110983090867474,1.5784345425928905
1771415155694,1.9042521063103024,-1.0610740304320094,1.5812330588278234
1771415155706,1.9019399238269012,-1.0071934293195488,1.6133619772953018
1771415155719,1.921442702831634,-1.1362672227885395,1.549464055304722
1771415155734,1.9003749119621463,-0.99195859534127,1.6209389103676024
1771415155749,1.9019647709561076,-1.1249537685371125,1.5336065364402525
1771415155763,1.9060979947289185,-1.1176628750641358,1.5440334397975242
1771415155777,1.9151225382862112,-1.131126732048348,1.54539530628815
1771415155789,1.913557159746584,-1.1855477971791855,1.502057729989428
1771415155803,1.9151225382862112,-1.131126732048348,1.54539530628815
1771415155816,1.9242141969453468,-1.173225546714768,1.525169529023531
1771415155832,1.9414035887250403,-1.2059491011727301,1.52142520673714
1771415155846,1.9257811464345416,-1.1585112782236369,1.538338273004794
1771415155859,1.9162960729876026,-1.1502205240338046,1.532704598231214
1771415155872,1.9394615190602205,-1.1549710721266535,1.558060591397519
1771415155888,1.906704175771234,-1.1134932358585141,1.5477899171401772
1771415155903,1.969619744773053,-1.1885218430242088,1.57061063527986
1771415155917,1.932859668028208,-1.073888998461657,1.6070808676831212
1771415155931,1.9246632586774552,-1.0936384910811527,1.583756139728797
1771415155946,1.9255427652319004,-1.04119332454299,1.6197627609202618
1771415155958,1.921417988285595,-1.1322680473416356,1.5523582559050675
1771415155972,1.930690678266422,-1.1005547990958453,1.586299350479587
1771415155985,1.9169693848493978,-1.1053443483290875,1.5662009749922976
1771415156000,1.9218722416502487,-1.1220666090799367,1.5603074818809286
1771415156013,1.9169693848493978,-1.1053443483290875,1.5662009749922976
1771415156027,1.9324327454743004,-1.1553613458740468,1.5490114512944873
1771415156040,1.9245570987631557,-1.1317667315162592,1.5566065950755377
1771415156053,1.9266951160879588,-1.1107259079635874,1.5743068404017235
1771415156069,1.9132485412487539,-1.1489358150196072,1.5298583181313608
1771415156084,1.91349775015603,-1.1419648337865864,1.535379418335078
1771415156099,1.895872987769848,-1.0815608189660857,1.5571000547918492
1771415156114,1.9179130829512079,-1.13562034639008,1.5455604234776075
1771415156128,1.9194608533961983,-1.113260483652906,1.5636435217968832
1771415156140,1.90493127654695,-1.0941477719145094,1.5593600679706106
1771415156156,1.9236862900739644,-1.182721805152995,1.5171480067001286
1771415156169,1.9398741370105597,-1.1504241301411355,1.561933413507591
1771415156186,1.9386368207889328,-1.1645368939739005,1.549892430297097
1771415156201,1.933928301370697,-1.1027841966203396,1.5886930762507216
1771415156214,1.9350938050861197,-1.1649521277016979,1.5451454865629852
1771415156228,1.9359156407098417,-1.154928032141544,1.553676481291603
1771415156244,1.94819798022219,-1.1677479958670816,1.5594357916535824
1771415156256,1.9274064140259133,-1.1395572305383552,1.5544467836358966
1771415156270,1.9234731151012232,-1.111164911519207,1.5700513889442334
1771415156284,1.9181821785016722,-1.1326628935865923,1.5480625437667137
1771415156298,1.945039737715582,-1.1635371381447637,1.5586407249429204
1771415156311,1.9330833893574149,-1.1541986100715131,1.5506891883025875
1771415156323,1.9386092156392232,-1.2376628993434307,1.4921113358426499
1771415156340,1.9104791781474122,-1.1074156117290606,1.5567791600074696
1771415156354,1.9199848573593175,-1.1846337519380674,1.5109549054350417
1771415156370,1.917714838511923,-1.1748692703973407,1.5156887541064725
1771415156386,1.9341808388177943,-1.1721759338420188,1.5385249745686607
1771415156400,1.8995589817203982,-1.1162070276364333,1.5370121003068502
1771415156414,1.9016058813370134,-1.1339844887428496,1.5264940573831716
1771415156425,1.93715036233028,-1.1782758127255641,1.5376012602174356
1771415156439,1.9389004276593451,-1.1982963343847604,1.5242771281422671
1771415156451,1.9288384246367858,-1.081007229452947,1.5974482896875821
1771415156463,1.924375671568585,-1.0537425333581243,1.610232405187849
1771415156475,1.9109092887796637,-1.0983997999814594,1.5636790557352522
1771415156489,1.9143344355212282,-1.0565957935257968,1.5963338185122717
1771415156503,1.9240141834389806,-1.1429089356021682,1.5477692796392768
1771415156516,1.9190095782597796,-1.1187816544888014,1.559142511456883
1771415156530,1.929944716811393,-1.1474760948765224,1.551768417527285
1771415156544,1.9403974640219455,-1.1399958132672892,1.5702075863133031
1771415156556,1.9164416111583775,-1.073916355357369,1.5872782083413302
1771415156571,1.9341583884596618,-1.2118173318567034,1.5074705389693612
1771415156585,1.8984863816743358,-1.087517699608721,1.556134889539036
1771415156599,1.90219442808999,-1.126300707710981,1.5329025924912345
1771415156613,1.8947004007558974,-1.0947774056734514,1.5463997027455305
1771415156626,1.9383943558130856,-1.2045117150144025,1.518724532968731
1771415156640,1.93137362801653,-1.1726505399064444,1.5346318132551722
1771415156652,1.9160677198508882,-1.15706391869059,1.5272585226866333
1771415156666,1.929643868490041,-1.150836936608894,1.5489027743980148
1771415156680,1.9112157536853709,-1.1764807803826214,1.5062000632470571
1771415156694,1.9274064140259133,-1.1395572305383552,1.5544467836358966
1771415156706,1.929260678218915,-1.1915648109318782,1.5173068463137525
1771415156722,1.923114010337052,-1.1898055573654922,1.5108706868613373
1771415156745,1.931808103613085,-1.202412088131236,1.511981388609352
1771415156763,1.9420132211286534,-1.162448005799604,1.5556766967628626
1771415156775,1.9506153208503783,-1.2135640463710904,1.5271419172073204
1771415156788,1.9481024380364056,-1.2060065005085343,1.5299187657567137
1771415156800,1.9391105906573782,-1.1594584893735678,1.5542862973786942
1771415156813,1.9389996165822156,-1.1970764913616272,1.5253613955175722
1771415156827,1.9226830750674473,-1.1579883156862014,1.5348528489353792
1771415156839,1.9255456561547408,-1.161689693930551,1.5356442064983458
1771415156852,1.9285661950253774,-1.1675486710692378,1.5349910974592391
1771415156863,1.9337837669109958,-1.1807265690430147,1.5314713272942435
1771415156875,1.9288739630441287,-1.1956595061065338,1.513589478942901
1771415156887,1.9162960729876026,-1.1502205240338046,1.532704598231214
1771415156901,1.9134716361031565,-1.1461464833105366,1.5322277705896667
1771415156913,1.8969253062320464,-1.1117826242871771,1.5369661719623695
1771415156926,1.9147307326534766,-1.1682367077752527,1.5170421131841259
1771415156938,1.9087033546267347,-1.0943896905116852,1.5637965664577629
1771415156956,1.9005436800752182,-1.1045003470631587,1.546656155456414
1771415156971,1.9249544736574697,-1.1682326344534049,1.5299288341135229
1771415156984,1.9220262236388235,-1.1620583102477398,1.530949146098421
1771415157000,1.9324327454743004,-1.1553613458740468,1.5490114512944873
1771415157014,1.9218722416502487,-1.1220666090799367,1.5603074818809286
1771415157029,1.9118003586091823,-1.0498476756623412,1.5977485625356005
1771415157043,1.9381693576174504,-1.1289862224568372,1.5754017164869032
1771415157057,1.9571067929978303,-1.215664262768086,1.5337624977247222
1771415157069,1.9132900860857498,-1.1071242088602444,1.5604342151047554
1771415157086,1.9122329726079343,-1.1636344241361298,1.5174287029361067
1771415157101,1.9181013668970825,-1.1719023101589379,1.5184722022930155
1771415157116,1.923114010337052,-1.1898055573654922,1.5108706868613373
1771415157131,1.924550893965678,-1.173155096536991,1.5256484729233577
1771415157145,1.9199848573593175,-1.1846337519380674,1.5109549054350417
1771415157156,1.9226830750674473,-1.1579883156862014,1.5348528489353792
1771415157171,1.9267731717811207,-1.1837385497681687,1.5202690226694198
1771415157187,1.9172678568104018,-1.1794415573235968,1.51156662030373
1771415157203,1.929643868490041,-1.150836936608894,1.5489027743980148
1771415157218,1.9215976801621384,-1.1295008034971146,1.5545949888327457
1771415157233,1.942474317387995,-1.1217682130782365,1.5858255105273142
1771415157245,1.937014983208959,-1.1003103145582949,1.5941594201498888
1771415157261,1.9314617960164802,-1.133491679144529,1.5638865952431855
1771415157273,1.9503289965617014,-1.1756903789905278,1.5561283133400285
1771415157289,1.9361202998868243,-1.1570299397554504,1.552367074548847
1771415157302,1.900407790015282,-1.1060520659123532,1.5453797578076993
1771415157316,1.9263819939690248,-1.1886053624602064,1.515969946608084
1771415157330,1.9421028899627355,-1.198644259446241,1.5280757751165948
1771415157342,1.9123217595212345,-1.1595110779275062,1.5206934510616474
1771415157356,1.9341036672524863,-1.1805789580645307,1.5319890076155191
1771415157369,1.9205274038463145,-1.1828297367492808,1.5130562853992882
1771415157384,1.9055732891986157,-1.124676448430444,1.5382823040174107
1771415157398,1.9256824036719802,-1.196742283466702,1.5086618662824347
1771415157409,1.9421209898574725,-1.1935162968922013,1.5321073031278507
1771415157423,1.909139701069888,-1.1596910595524847,1.5165523547162019
1771415157437,1.9298883256692692,-1.1476123811233898,1.5515974904100738
1771415157452,1.931790248846417,-1.1292069793917716,1.5673880065991994
1771415157464,1.9162180870143664,-1.1511685055500942,1.5318951755360288
1771415157480,1.9341697323732852,-1.0922284896201515,1.5962610939602042
1771415157495,1.9219250504221113,-1.0879133398643455,1.584373839845016
1771415157506,1.9342751822150104,-1.1377846445376159,1.5642463307252228
1771415157521,1.9346047013118897,-1.0910598799567572,1.5975868329098146
1771415157539,1.9229854733338945,-1.1546160921917794,1.5377694268988984
1771415157553,1.9449201226840678,-1.201867023107538,1.529127183195706
1771415157566,1.9257811464345416,-1.1585112782236369,1.538338273004794
1771415157581,1.9257583606616366,-1.1552621633032714,1.5407513094909377
1771415157595,1.9359234838954151,-1.2317401445609608,1.493524673975862
1771415157607,1.9174896807848953,-1.176941542630235,1.5137949931043246
1771415157620,1.9133659704365102,-1.1474885128771712,1.531090934477566
1771415157634,1.9417539280234326,-1.2058692798761776,1.5219354772280387
1771415157646,1.9512521705517785,-1.2820017691030117,1.4710052675295813
1771415157660,1.9216639329751168,-1.1660168375228637,1.5274806073762686
1771415157673,1.9224254300316783,-1.1974495360627138,1.5039395408777825
1771415157684,1.9311560080182266,-1.1738807029096443,1.533416976116168
1771415157697,1.9134120522733855,-1.109888580682883,1.558618946457018
1771415157709,1.927440173338033,-1.2120426201520789,1.4986588366710518
1771415157722,1.9421209898574725,-1.1935162968922013,1.5321073031278507
1771415157739,1.9285020309715553,-1.130830338091688,1.5621596685079449
1771415157753,1.9205177363709431,-1.062643862095518,1.5997426036916353
1771415157765,1.9206104810522733,-1.1409869708464662,1.5449573949745186
1771415157779,1.9353889418844459,-1.1200574486290105,1.5783541009986533
1771415157790,1.929609171766311,-1.1514575432720004,1.5483982310138042
1771415157806,1.9212517785914847,-1.170644510125743,1.5234171548375717
1771415157820,1.9208913287715865,-1.1009216175533738,1.5741013591740318
1771415157835,1.911327806080698,-1.093422097991677,1.5676741045002733
1771415157851,1.9326232819936355,-1.2296472325707826,1.4909729821612687
1771415157865,1.9066682565968733,-1.1522978888568576,1.5190765010525933
1771415157880,1.927440173338033,-1.2120426201520789,1.4986588366710518
1771415157893,1.9165157615743054,-1.1922758711464518,1.5005035526264872
1771415157905,1.9110661057254437,-1.1334898288173358,1.538627462519846
1771415157922,1.9331944266376095,-1.1868689434265882,1.525969463099498
1771415157938,1.9163153023827315,-1.1907192777344584,1.501483246585772
1771415157952,1.939676359355441,-1.1891823666640533,1.5323803959388345
1771415157966,1.9193565653949727,-1.1145832811410483,1.5625727933525657
1771415157980,1.9143917542581785,-1.100522635243959,1.5664436530202412
1771415157995,1.9332963133122516,-1.1496745991300203,1.5543110857167464
1771415158007,1.934334492776685,-1.1696124017429173,1.5406676343828347
1771415158021,1.9276359849664062,-1.1371876833492487,1.556465439184621
1771415158039,1.9590687000056628,-1.1933104167693336,1.5536925115902687
1771415158052,1.9307454343876596,-1.0962240572332007,1.5893617425721474
1771415158067,1.9392497768525843,-1.194759990305913,1.5274941121284273
1771415158082,1.9282909242619177,-1.1661681800076285,1.5356945218788067
1771415158096,1.9243256039693843,-1.135202539923992,1.553816019817743
1771415158108,1.9398412787368515,-1.223547307655644,1.5052960415214172
1771415158122,1.9148859194198873,-1.129739557416621,1.5461166245793505
1771415158139,1.9235041170835785,-1.1487300938980112,1.5428179606844559
1771415158153,1.947651391099128,-1.247537652198381,1.4956589676787018
1771415158167,1.9207457839078852,-1.1766070513317237,1.5181766080256878
1771415158181,1.918244400465102,-1.1319285748035208,1.5486766226230022
1771415158196,1.9481024380364056,-1.2060065005085343,1.5299187657567137
1771415158213,1.9318038699874525,-1.12964775674355,1.5670871506660897
1771415158228,1.9549661912798626,-1.203746792938909,1.5404176276375778
1771415158244,1.9201457245183071,-1.146666312555864,1.5401675139527753
1771415158258,1.9289413553097488,-1.121394135036023,1.5694871602313352
1771415158273,1.9304147641988882,-1.178350971466068,1.5290487728918338
1771415158288,1.9257737792543002,-1.0799088828360723,1.5944909700701149
1771415158300,1.9602561002144037,-1.2199556301999936,1.53437682424205
1771415158313,1.9481024380364056,-1.2060065005085343,1.5299187657567137
1771415158327,1.929755733908946,-1.149830390939248,1.5497894258985478
1771415158341,1.9382237850486015,-1.2019206436416965,1.5205585182149541
1771415158355,1.9199848573593175,-1.1846337519380674,1.5109549054350417
1771415158372,1.912649149445203,-1.1196656628922697,1.5506693948786996
1771415158386,1.943330492195042,-1.25984401667004,1.4796372716161634
1771415158399,1.925937517964014,-1.1568043375798882,1.5398178618452711
1771415158413,1.9156925383908912,-1.083151986007926,1.580082174082608
1771415158426,1.9331944266376095,-1.1868689434265882,1.525969463099498
1771415158439,1.9391105906573782,-1.1594584893735678,1.5542862973786942
1771415158454,1.9215976801621384,-1.1295008034971146,1.5545949888327457
1771415158466,1.9543187974156135,-1.21206854543868,1.533053098587969
1771415158479,1.9497627848529513,-1.1452802856922286,1.5779442272787283
1771415158490,1.923871284157941,-1.1024773970896922,1.576649709641892
1771415158504,1.9254373608724002,-1.1283010232678006,1.5602069835557422
1771415158518,1.950768908457522,-1.2116047519927684,1.5288928213426518
1771415158531,1.9219793326850219,-1.0828924910973134,1.587875438437605
1771415158547,1.919958078220136,-1.1493349898136733,1.5379428153584778
1771415158559,1.940255242267295,-1.1789595031954896,1.5409882851503978
1771415158572,1.9216639329751168,-1.1660168375228637,1.5274806073762686
1771415158587,1.9179413471874047,-1.135961251794015,1.5453449600893685
1771415158603,1.9199848573593175,-1.1846337519380674,1.5109549054350417
1771415158619,1.9315887204188766,-1.2018028210833114,1.5121854926184246
1771415158632,1.9265329243040232,-1.2222285165891336,1.4891899011421403
1771415158644,1.9214174581198544,-1.168271385798228,1.525446497748397
1771415158656,1.925937517964014,-1.1568043375798882,1.5398178618452711
1771415158671,1.9099748847781979,-1.114265725091817,1.55126269676322
1771415158687,1.9543187974156135,-1.21206854543868,1.533053098587969
1771415158705,1.9531512152055703,-1.2205343667998405,1.5248263930426667
1771415158719,1.95395924074967,-1.1785779331875528,1.5584963169396273
1771415158733,1.9602988589355221,-1.1783574646735988,1.566603109211749
1771415158747,1.9352121088686804,-1.1639522841294252,1.5460468901627336
1771415158762,1.9483464573106766,-1.2036839897013654,1.5320570389680885
1771415158774,1.9408686957385712,-1.2124965026159111,1.515527474261726
1771415158787,1.9403140541101205,-1.2189634899062258,1.5096180440273248
1771415158800,1.9184912683254778,-1.162218717273863,1.526386713732597
1771415158817,1.9110176153298766,-1.1341592221930763,1.538073855448913
1771415158832,1.9281095388356724,-1.168696553226791,1.533543204551123
1771415158844,1.9336221823233666,-1.2187527253718782,1.5011783832614956
1771415158856,1.934622321783576,-1.2068140139618475,1.5120725722162174
1771415158874,1.9367006430437772,-1.2189853090498213,1.504953220896547
1771415158888,1.9306504411750025,-1.1425590210688148,1.556267974798525
1771415158901,1.9386830991659996,-1.1598529322169588,1.5534585075307312
1771415158916,1.9411643107853165,-1.1719229904242776,1.5474867967067283
1771415158930,1.947629282603206,-1.2110799110558779,1.5253016985142205
1771415158942,1.95395924074967,-1.1785779331875528,1.5584963169396273
1771415158955,1.9302205173337739,-1.1019060653513946,1.5847883987075593
1771415158969,1.911977439969273,-1.1267878410711458,1.5446704801237323
1771415158983,1.9375712350954675,-1.1730097607051833,1.5421512222735305
1771415158995,1.925937517964014,-1.1568043375798882,1.5398178618452711
1771415159008,1.943922646256837,-1.2131716648981485,1.518897549579444
1771415159022,1.9257217110439138,-1.1591955661819398,1.537748271899543
1771415159033,1.9230055028233357,-1.1503156503917757,1.541013974093868
1771415159045,1.929944716811393,-1.1474760948765224,1.551768417527285
1771415159057,1.9058725861068442,-1.120648044186677,1.5415895288740664
1771415159068,1.9279217262787853,-1.1705907432203626,1.531861447567818
1771415159081,1.9285661950253774,-1.1675486710692378,1.5349910974592391
1771415159095,1.9214174581198544,-1.168271385798228,1.525446497748397
1771415159109,1.9246364580679705,-1.1312308645855411,1.5570941611647868
1771415159121,1.896583579494323,-1.0351036840963075,1.5892103816605752
1771415159134,1.9169467504145556,-1.0675328621715532,1.5921866825560174
1771415159146,1.9278394063516358,-1.0926608285405202,1.5882874709747512
1771415159159,1.9332111681967734,-1.1871372166822147,1.5257819797103183
1771415159185,1.9196063257716298,-1.0739381132069616,1.5910830823511157
1771415159202,1.9246160698841375,-1.1313520850002616,1.5569808849892228
1771415159213,1.91631084857437,-1.1504267804544237,1.5325682664002578
1771415159225,1.9121929605338726,-1.1243799912686618,1.5466905164091425
1771415159237,1.9405040750277232,-1.1797697889794367,1.5406814434563085
1771415159250,1.9418277219442217,-1.2374131241285924,1.4964971306171633
1771415159263,1.9094376090170275,-1.0780662607893716,1.5759838578095542
1771415159274,1.9162960729876026,-1.1502205240338046,1.532704598231214
1771415159287,1.9078130443154044,-1.1394577429782542,1.5301590322665528
1771415159299,1.9199848573593175,-1.1846337519380674,1.5109549054350417
1771415159311,1.9226830750674473,-1.1579883156862014,1.5348528489353792
1771415159325,1.9181821785016722,-1.1326628935865923,1.5480625437667137
1771415159337,1.9104791781474122,-1.1074156117290606,1.5567791600074696
1771415159354,1.9109143450330415,-1.060091663342693,1.589905437239706
1771415159368,1.929643868490041,-1.150836936608894,1.5489027743980148
1771415159381,1.9370146055133823,-1.1422261576869561,1.5643992414559198
1771415159397,1.9344741358750477,-1.1315647727024778,1.5689969240085535
1771415159411,1.924442621078425,-1.0528907943864692,1.6108694475094585
1771415159422,1.9199657197640114,-1.1545074155454147,1.534073333488196
1771415159436,1.9246632586774552,-1.0936384910811527,1.583756139728797
1771415159450,1.929944716811393,-1.1474760948765224,1.551768417527285
1771415159464,1.9119900993645915,-1.0894939848468312,1.5712125881149226
1771415159480,1.8790834360528805,-1.047576459397169,1.5599801669781546
1771415159491,1.9193565653949727,-1.1145832811410483,1.5625727933525657
1771415159506,1.8918033965451662,-1.0919706634976551,1.544836613121374
1771415159520,1.9121929605338726,-1.1243799912686618,1.5466905164091425
1771415159534,1.9184912683254778,-1.162218717273863,1.526386713732597
1771415159551,1.946708006714724,-1.221809458294311,1.515537433067813
1771415159565,1.9304147641988882,-1.178350971466068,1.5290487728918338
1771415159580,1.9263819939690248,-1.1886053624602064,1.515969946608084
1771415159594,1.9234521600246979,-1.1488390611523793,1.5426720401544185
1771415159605,1.9290043609802554,-1.1210612349320503,1.5698023863574262
1771415159620,1.9235041170835785,-1.1487300938980112,1.5428179606844559
1771415159634,1.9531118716510434,-1.1842745829108012,1.5531064662333003
1771415159648,1.9268183671896584,-1.1423369424825676,1.5516750078476487
1771415159664,1.9200566269466153,-1.1106556025909942,1.56622526576315
1771415159676,1.918919518969418,-1.0861893728050525,1.581911744278798
1771415159689,1.9254373608724002,-1.1283010232678006,1.5602069835557422
1771415159704,1.920695246142157,-1.1403619812804227,1.545524111815558
1771415159719,1.9263819939690248,-1.1886053624602064,1.515969946608084
1771415159731,1.9020389185126414,-1.0870002435274964,1.5608275106839649
1771415159744,1.9005436800752182,-1.1045003470631587,1.546656155456414
1771415159757,1.9301228176434135,-1.2220630581274259,1.4939665234361825
1771415159773,1.900989832368014,-1.0994710435425707,1.5507823081199956
1771415159786,1.9257811464345416,-1.1585112782236369,1.538338273004794
1771415159799,1.8994467223116778,-1.1175205151091254,1.5359185359942795
1771415159811,1.91631084857437,-1.1504267804544237,1.5325682664002578
1771415159827,1.9123217595212345,-1.1595110779275062,1.5206934510616474
1771415159841,1.9231095628592487,-1.0734074670341047,1.5956650025854795
1771415159857,1.9497627848529513,-1.1452802856922286,1.5779442272787283
1771415159872,1.9042521063103024,-1.0610740304320094,1.5812330588278234
1771415159884,1.9276359849664062,-1.1371876833492487,1.556465439184621
1771415159897,1.926266771039986,-1.111513729907862,1.573226271532206
1771415159909,1.9324988281377369,-1.117130872255642,1.5768862784002766
1771415159922,1.9377271575784907,-1.1715293793014583,1.5434718820408608
1771415159940,1.9285661950253774,-1.1675486710692378,1.5349910974592391
1771415159953,1.9257811464345416,-1.1585112782236369,1.538338273004794
1771415159969,1.93437998839562,-1.2092822650655868,1.5097888405016389
1771415159984,1.9320327512650046,-1.2001483183061457,1.5140655752072147
1771415159998,1.9229854733338945,-1.1546160921917794,1.5377694268988984
1771415160012,1.9413330344692126,-1.2425691670850447,1.4915749447248767
1771415160026,1.9259764305186737,-1.1894442247911097,1.5147962394409775
1771415160040,1.9156925383908912,-1.083151986007926,1.580082174082608
1771415160055,1.9080094730697787,-1.1329682569509556,1.5352143427109872
1771415160070,1.953121673700572,-1.2209261305544048,1.5244748787724816
1771415160083,1.9603115380638791,-1.17856149848402,1.566465486551642
1771415160097,1.931790248846417,-1.1292069793917716,1.5673880065991994
1771415160111,1.923282803502591,-1.1469650981985255,1.5438548525568176
1771415160123,1.9483747357395131,-1.1619438699794882,1.5639854711234078
1771415160137,1.9263819939690248,-1.1886053624602064,1.515969946608084
1771415160152,1.949879542430537,-1.1856478826392827,1.5479888011165024
1771415160166,1.929755733908946,-1.149830390939248,1.5497894258985478
1771415160181,1.9370443681378586,-1.2152994065225236,1.5083727114478696
1771415160194,1.9267731717811207,-1.1837385497681687,1.5202690226694198
1771415160206,1.9364316338554646,-1.2268430636089156,1.4982067847499672
1771415160222,1.9393229189251993,-1.2297449294545135,1.4995668682487848
1771415160236,1.9275597733242522,-1.2147382602091434,1.496628757882831
1771415160251,1.9242141969453468,-1.173225546714768,1.525169529023531
1771415160265,1.9341583884596618,-1.2118173318567034,1.5074705389693612
1771415160279,1.9163498101443914,-1.1134106727588093,1.559715765332652
1771415160294,1.928545173448617,-1.1638295555922415,1.5377864778836892
1771415160307,1.9573111208119296,-1.2173727022437353,1.5326677811860723
1771415160321,1.9481024380364056,-1.2060065005085343,1.5299187657567137
1771415160335,1.9254373608724002,-1.1283010232678006,1.5602069835557422
1771415160350,1.9396221285821853,-1.1115470036222876,1.5895273701399424
1771415160362,1.93715036233028,-1.1782758127255641,1.5376012602174356
1771415160374,1.9269693049879562,-1.1816731644634977,1.5221232652950911
1771415160391,1.9157638216432176,-1.0818207743002823,1.5810802739296206
1771415160405,1.9391105906573782,-1.1594584893735678,1.5542862973786942
1771415160419,1.9162180870143664,-1.1511685055500942,1.5318951755360288
1771415160432,1.8939370993149656,-1.1079991748708529,1.5360128790628989
1771415160445,1.913161250807924,-1.1129122951049413,1.5561530114346702
1771415160457,1.9083592160942644,-1.0930875762482128,1.5642872013488198
1771415160470,1.9236862900739644,-1.182721805152995,1.5171480067001286
1771415160484,1.9215976801621384,-1.1295008034971146,1.5545949888327457
1771415160500,1.9341466821906161,-1.1782182845872047,1.5338595314087118
1771415160514,1.9210392853683083,-1.1733928515462182,1.5210329226774202
1771415160527,1.9414035887250403,-1.2059491011727301,1.52142520673714
1771415160540,1.9652308741377325,-1.2397458295293664,1.5248484078191835
1771415160552,1.9465289149401357,-1.1872098901216395,1.5425652315203355
1771415160566,1.9545310441701724,-1.1676717068245241,1.5673973292392862
1771415160580,1.9377308381509732,-1.1716936100067832,1.5433518346088637
1771415160592,1.9075991738392601,-1.0620645042426662,1.5845988756969405
1771415160605,1.9254373608724002,-1.1283010232678006,1.5602069835557422
1771415160618,1.9161227767943672,-1.1204141709619853,1.5544126161536787
1771415160632,1.9220262236388235,-1.1620583102477398,1.530949146098421
1771415160645,1.8971862559946648,-1.107520875837912,1.5403613860124767
1771415160657,1.9025746859662749,-1.0846188995524466,1.5631353998976893
1771415160671,1.9156196259216467,-1.1214513224302163,1.5530439409867671
1771415160685,1.8999014490378456,-1.116726908264516,1.5370577505136498
1771415160699,1.9212517785914847,-1.170644510125743,1.5234171548375717
1771415160712,1.9396094842446927,-1.1859291396509193,1.5348149813898722
1771415160724,1.9240141834389806,-1.1429089356021682,1.5477692796392768
1771415160738,1.912402304653019,-1.1227048331382208,1.5481655055226682
1771415160754,1.9104189782359708,-1.1041150655664091,1.5590479769376744
1771415160770,1.9179130829512079,-1.13562034639008,1.5455604234776075
1771415160786,1.9439413469005478,-1.1764310646309102,1.5475522318684105
1771415160799,1.943922646256837,-1.2131716648981485,1.518897549579444
1771415160813,1.9372229564289596,-1.1399358762964207,1.5663265881825763
1771415160828,1.9219250504221113,-1.0879133398643455,1.584373839845016
1771415160840,1.9022027130435826,-1.088910663375756,1.5596950755506465
1771415160855,1.9093269797810142,-1.1574512801783,1.518497958422501
1771415160873,1.9246364580679705,-1.1312308645855411,1.5570941611647868
1771415160887,1.9207457839078852,-1.1766070513317237,1.5181766080256878
1771415160902,1.9237291412578204,-1.1042366430922466,1.5752445032365348
1771415160917,1.9285925052295723,-1.0841862925706138,1.5949950263965291
1771415160929,1.931085462151594,-1.1342327686573535,1.5628842211235963
1771415160943,1.93685371849041,-1.1811724288797127,1.5350029381354708
1771415160956,1.930690678266422,-1.1005547990958453,1.586299350479587
1771415160970,1.9411870141651921,-1.0923342798171916,1.604684655968216
1771415160986,1.9139302645613288,-1.1048363973217497,1.5628389529177007
1771415161000,1.9375712350954675,-1.1730097607051833,1.5421512222735305
1771415161015,1.9338677162320659,-1.1796239098789918,1.5324267601182207
1771415161030,1.9246364580679705,-1.1312308645855411,1.5570941611647868
1771415161044,1.913288783115389,-1.188989717285427,1.4989921346640507
1771415161057,1.908474481387595,-1.1274651900039976,1.5398367093419025
1771415161072,1.9172725948257903,-1.1798543117226257,1.511250477577939
1771415161088,1.8923555090319715,-1.047616737911926,1.5759151446097683
1771415161105,1.923282803502591,-1.1469650981985255,1.5438548525568176
1771415161119,1.938202404172544,-1.1280929421996628,1.5760821277140153
1771415161133,1.935719546363063,-1.1205882463373844,1.578382762305306
1771415161147,1.9035079441879872,-1.035407114075393,1.597270985684284
1771415161159,1.9314181973595603,-1.1710479408835572,1.5359111215314623
1771415161173,1.9160677198508882,-1.15706391869059,1.5272585226866333
1771415161186,1.9193565653949727,-1.1145832811410483,1.5625727933525657
1771415161200,1.939090049745114,-1.1966739888379134,1.5257921173801057
1771415161213,1.934334492776685,-1.1696124017429173,1.5406676343828347
1771415161226,1.9370443681378586,-1.2152994065225236,1.5083727114478696
1771415161241,1.9317158843766296,-1.199569188781981,1.5141202129546794
1771415161256,1.9161826593124338,-1.1956254053641138,1.497409721451537
1771415161270,1.9326236345947714,-1.1567963097568776,1.5481784169556085
1771415161284,1.9511659778357175,-1.170459741653294,1.5611126372662916
1771415161300,1.9279217262787853,-1.1705907432203626,1.531861447567818
1771415161315,1.92226101156503,-1.0847566347716695,1.5869437418830747
1771415161331,1.9137397642800862,-1.1019488870517598,1.5646432614855657
1771415161345,1.9456834251254198,-1.1971493328399616,1.5337918586589967
1771415161359,1.9220262236388235,-1.1620583102477398,1.530949146098421
1771415161373,1.9245021364316663,-1.2113227873841503,1.4954616604560413
1771415161391,1.923965031345752,-1.2153715095321331,1.4914803168861615
1771415161405,1.909339304135739,-1.0750873660782434,1.5778985181615746
1771415161419,1.91706492670306,-1.1042737935516596,1.567072851551591
1771415161434,1.9286191058706517,-1.1252030787973548,1.5663619272040117
1771415161448,1.9181262361127938,-1.1296598178435036,1.5501861028966863
1771415161463,1.9271407909678333,-1.1065458476170031,1.5777921014296192
1771415161474,1.9343232244099682,-1.1738559257062702,1.5374227142123442
1771415161489,1.9239019027986546,-1.1761222325828988,1.5225422902555126
1771415161502,1.9317158843766296,-1.199569188781981,1.5141202129546794
1771415161515,1.9123578795563838,-1.159431412620036,1.5207996116948794
1771415161526,1.927033550950078,-1.1813260794260374,1.5224739736872923
1771415161540,1.935659573058959,-1.1954544191111278,1.5223884900387505
1771415161554,1.9193565653949727,-1.1145832811410483,1.5625727933525657
1771415161569,1.9442991773678269,-1.1763601185184742,1.5480556070995672
1771415161604,1.9219793326850219,-1.0828924910973134,1.587875438437605
1771415161618,1.8939370993149656,-1.1079991748708529,1.5360128790628989
1771415161632,1.920729101860246,-1.1030227040171692,1.5724316192303942
1771415161645,1.9260419009675154,-1.1561411609064585,1.5404463704850055
1771415161660,1.9104791781474122,-1.1074156117290606,1.5567791600074696
1771415161674,1.9123217595212345,-1.1595110779275062,1.5206934510616474
1771415161687,1.934334492776685,-1.1696124017429173,1.5406676343828347
1771415161701,1.941479799085533,-1.1681942058549486,1.5506985869807606
1771415161713,1.9400010627442625,-1.1485168924730427,1.5634938666822245
1771415161726,1.9214872734723263,-1.0933000332434732,1.58012922871072
1771415161738,1.917905480158922,-1.1315573440052815,1.5485281424796056
1771415161751,1.9363712848395096,-1.1907899540431728,1.5269423820501125
1771415161766,1.9123578795563838,-1.159431412620036,1.5207996116948794
1771415161780,1.8964577927309492,-1.1152282597089267,1.5338898553535525
1771415161795,1.9130797813021705,-1.1140729440895307,1.5552220821718181
1771415161810,1.9154103961746096,-1.1238821804531025,1.5510273467072573
1771415161823,1.9133659704365102,-1.1474885128771712,1.531090934477566
1771415161836,1.9375712350954675,-1.1730097607051833,1.5421512222735305
1771415161853,1.9306504411750025,-1.1425590210688148,1.556267974798525
1771415161867,1.9342751822150104,-1.1377846445376159,1.5642463307252228
1771415161879,1.920695246142157,-1.1403619812804227,1.545524111815558
1771415161894,1.9236751604572733,-1.1792382875136862,1.5198431446113458
1771415161907,1.9206104810522733,-1.1409869708464662,1.5449573949745186
1771415161921,1.9306764891198753,-1.21606562368349,1.4995653051919855
1771415161935,1.9106600603386292,-1.1423906750951862,1.5315238854254865
1771415161950,1.9151225382862112,-1.131126732048348,1.54539530628815
1771415161961,1.9246364580679705,-1.1312308645855411,1.5570941611647868
1771415161975,1.9306504411750025,-1.1425590210688148,1.556267974798525
1771415161989,1.927663659352416,-1.0948159401978934,1.586589184595858
1771415162002,1.9419792272471972,-1.1209354923327544,1.5858079773693745
1771415162014,1.9240141834389806,-1.1429089356021682,1.5477692796392768
1771415162025,1.915443543306945,-1.1647059142358394,1.5206525247209903
1771415162040,1.9056927657481295,-1.0850774030485963,1.566611613265416
1771415162057,1.9151716856042091,-1.1676232270626647,1.5180706785139606
1771415162071,1.9104189782359708,-1.1041150655664091,1.5590479769376744
1771415162084,1.8965472926661993,-0.9963428972606352,1.6137510540345972
1771415162098,1.9150111282642883,-1.0498011569319825,1.601619540427855
1771415162114,1.932883032971538,-1.1119790651160693,1.580993161874157
1771415162127,1.9361202998868243,-1.1570299397554504,1.552367074548847
1771415162139,1.9342751822150104,-1.1377846445376159,1.5642463307252228
1771415162153,1.8993272992270875,-1.0438480101688488,1.5867657424004962
1771415162171,1.9230055028233357,-1.1503156503917757,1.541013974093868
1771415162184,1.9163043395064343,-1.1185684960915385,1.5559649228574228
1771415162200,1.9379452570608013,-1.2451289735326367,1.4850204236420512
1771415162215,1.924149247365492,-1.2172277169679915,1.4902036811060695
1771415162230,1.9336380896773762,-1.1818290643651217,1.5304366450373024
1771415162244,1.9234731151012232,-1.111164911519207,1.5700513889442334
1771415162260,1.9531147731956902,-1.1843594056777131,1.5530454325157348
1771415162272,1.9342751822150104,-1.1377846445376159,1.5642463307252228
1771415162285,1.883524905955962,-1.0335576240889164,1.5746189091472544
1771415162299,1.9016572280263773,-1.0538106929682878,1.582966593548538
1771415162314,1.9119900993645915,-1.0894939848468312,1.5712125881149226
1771415162327,1.9259764305186737,-1.1894442247911097,1.5147962394409775
1771415162339,1.925937517964014,-1.1568043375798882,1.5398178618452711
1771415162354,1.9162180870143664,-1.1511685055500942,1.5318951755360288
1771415162369,1.9237291412578204,-1.1042366430922466,1.5752445032365348
1771415162384,1.9086465064516815,-1.124870700092751,1.5419459765708567
1771415162398,1.9486099454397585,-1.1633658973965773,1.5632211961975808
1771415162413,1.9249548502298666,-1.0899500055588547,1.5866506108169312
1771415162425,1.9179130829512079,-1.13562034639008,1.5455604234776075
1771415162437,1.9201457245183071,-1.146666312555864,1.5401675139527753
1771415162450,1.9291900795511485,-1.1921950878439882,1.5167218715239892
1771415162465,1.925937517964014,-1.1568043375798882,1.5398178618452711
1771415162477,1.9040500526419073,-1.1421448819504878,1.5234538626423697
1771415162490,1.9142331125494898,-1.1003144733236792,1.5663960128190262
1771415162506,1.923871284157941,-1.1024773970896922,1.576649709641892
1771415162520,1.951187049152104,-1.170375027512179,1.5612024839061591
1771415162534,1.9289413553097488,-1.121394135036023,1.5694871602313352
1771415162548,1.910385438940802,-1.1411906529519684,1.5320758528650273
1771415162562,1.931808103613085,-1.202412088131236,1.511981388609352
1771415162574,1.929609171766311,-1.1514575432720004,1.5483982310138042
1771415162588,1.93437998839562,-1.2092822650655868,1.5097888405016389
1771415162600,1.9375222034061392,-1.1411028721840661,1.5658469030480138
1771415162616,1.9425908849042444,-1.1510240663632825,1.5648651522625165
1771415162631,1.9519374280106507,-1.2020149854393396,1.5379270781308516
1771415162645,1.9674489699479591,-1.2109936618120247,1.5505965949918723
1771415162661,1.9134716361031565,-1.1461464833105366,1.5322277705896667
1771415162673,1.9370443681378586,-1.2152994065225236,1.5083727114478696
1771415162686,1.9339122450048083,-1.2146012983027314,1.5049120431244003
1771415162702,1.8794707815679812,-1.0847468680769625,1.53484026887653
1771415162715,1.9194608533961983,-1.113260483652906,1.5636435217968832
1771415162730,1.9269891284098508,-1.1403133267349075,1.5533745903292369
1771415162744,1.933928301370697,-1.1027841966203396,1.5886930762507216
1771415162756,1.9239019027986546,-1.1761222325828988,1.5225422902555126
1771415162769,1.91584885675638,-1.1552784078698526,1.5283352519144573
1771415162781,1.9313605861866567,-1.130137842703798,1.5661871441063715
1771415162795,1.9050063881097767,-1.0931833476422728,1.5601280419172945
1771415162806,1.9395127734248125,-1.1546737236487008,1.5583447597349092
1771415162821,1.9312924326298222,-1.204979974538046,1.5092758930346386
1771415162834,1.9414461830479042,-1.1686277344924885,1.5503298035728494
1771415162848,1.9400010627442625,-1.1485168924730427,1.5634938666822245
1771415162860,1.942363783264886,-1.2308844029578507,1.502564691816687
1771415162873,1.939632264347181,-1.1929811351102269,1.5293689326541478
1771415162886,1.9364040017525428,-1.1905486690353464,1.5271720023171675
1771415162900,1.91631084857437,-1.1504267804544237,1.5325682664002578
1771415162917,1.9450675145216716,-1.2040975259268871,1.5275590934900891
1771415162933,1.919640569313356,-1.0774934085695997,1.5887189398514676
1771415162947,1.9215976801621384,-1.1295008034971146,1.5545949888327457
1771415162963,1.9403319845336782,-1.1818506682795575,1.5388688079532853
1771415162975,1.946135782351559,-1.2287951061106088,1.5091411698538122
1771415162988,1.9144024592884457,-1.1718723339661705,1.5138203357777729
1771415163006,1.9415969329109617,-1.2042916125907097,1.5229840320019514
1771415163022,1.9332963133122516,-1.1496745991300203,1.5543110857167464
1771415163036,1.960245537865576,-1.2199765608825899,1.5343466882093468
1771415163047,1.9237174903231877,-1.1784066238032935,1.5205416178296034
1771415163064,1.9122566853964234,-1.160290229769094,1.5200171754114158
1771415163077,1.931848405429408,-1.1617447300716461,1.5434984430542533
1771415163091,1.9477483066286891,-1.2419463927880234,1.5004308126054138
1771415163106,1.9701608693420605,-1.2152699201316608,1.5506943194291551
1771415163121,1.9143344355212282,-1.0565957935257968,1.5963338185122717
1771415163135,1.935812263668135,-1.1564133811029516,1.5524423377935779
1771415163149,1.929609171766311,-1.1514575432720004,1.5483982310138042
1771415163163,1.9368958101496723,-1.2167127033714955,1.5070419957087402
1771415163175,1.9365298163820173,-1.2215790459771616,1.5026284850774316
1771415163188,1.9313391783633729,-1.1722242489002965,1.534914112310993
1771415163202,1.9344741358750477,-1.1315647727024778,1.5689969240085535
1771415163214,1.9723307214705386,-1.2318855752493394,1.540307243490434
1771415163226,1.9392674724647505,-1.190737268442918,1.5306544637183535
1771415163240,1.9199657197640114,-1.1545074155454147,1.534073333488196
1771415163253,1.9203365318024048,-1.1847390099326798,1.5113192494369356
1771415163266,1.9291900795511485,-1.1921950878439882,1.5167218715239892
1771415163281,1.943922646256837,-1.2131716648981485,1.518897549579444
1771415163292,1.9343456347330938,-1.0945639004631205,1.5948739456188805
1771415163308,1.9257811464345416,-1.1585112782236369,1.538338273004794
1771415163322,1.93709306842809,-1.214629774228599,1.5089745085022264
1771415163338,1.920729101860246,-1.1030227040171692,1.5724316192303942
1771415163351,1.927033550950078,-1.1813260794260374,1.5224739736872923
1771415163365,1.9367492511306132,-1.1458649735633748,1.5614067772734939
1771415163382,1.9361450432264693,-1.1158330929668365,1.5822686677838533
1771415163397,1.919121279925175,-1.1587110834774295,1.5298415316915026
1771415163409,1.9117839533117715,-1.1655365826466662,1.515401715273121
1771415163423,1.922822086160348,-1.1925509537413166,1.5083325222764075
1771415163437,1.9226830750674473,-1.1579883156862014,1.5348528489353792
1771415163454,1.9193565653949727,-1.1145832811410483,1.5625727933525657
1771415163470,1.9196063257716298,-1.0739381132069616,1.5910830823511157
1771415163487,1.9477301438874772,-1.2459197412368,1.497109452179218
1771415163502,1.927033550950078,-1.1813260794260374,1.5224739736872923
1771415163516,1.947340350132472,-1.1783177396710351,1.5503876107704813
1771415163533,1.9383943558130856,-1.2045117150144025,1.518724532968731
1771415163549,1.9222510462663283,-1.1594263288123914,1.5332252518559086
1771415163562,1.910492842815173,-1.107813658511897,1.5565127048830947
1771415163574,1.9260419009675154,-1.1561411609064585,1.5404463704850055
1771415163588,1.9237174903231877,-1.1784066238032935,1.5205416178296034
1771415163602,1.945346140015812,-1.159925540428206,1.5617119917375142
1771415163615,1.9132608191877638,-1.0742135691113317,1.5832347173354073
1771415163626,1.9428236608483305,-1.1897077875166886,1.5359554542610454
1771415163640,1.9256824036719802,-1.196742283466702,1.5086618662824347
1771415163654,1.9226830750674473,-1.1579883156862014,1.5348528489353792
1771415163672,1.9377271575784907,-1.1715293793014583,1.5434718820408608
1771415163687,1.9286191058706517,-1.1252030787973548,1.5663619272040117
1771415163701,1.9356329364837361,-1.1222853223134517,1.577070233096942
1771415163715,1.9151225382862112,-1.131126732048348,1.54539530628815
1771415163731,1.909139701069888,-1.1596910595524847,1.5165523547162019
1771415163745,1.9066039771005387,-1.1484473662689025,1.5219091209417246
1771415163759,1.9289413553097488,-1.121394135036023,1.5694871602313352
1771415163773,1.9396221285821853,-1.1115470036222876,1.5895273701399424
1771415163788,1.9428236608483305,-1.1897077875166886,1.5359554542610454
1771415163803,1.9263279169332759,-1.1886376649094093,1.5158759003016047
1771415163817,1.9087033546267347,-1.0943896905116852,1.5637965664577629
1771415163831,1.9307748339041433,-1.1786643875923744,1.5292618221413445
1771415163847,1.9249382470564662,-1.1683576675349108,1.529812934869229
1771415163862,1.9161748540744679,-1.1520018283589095,1.5312145045175864
1771415163878,1.9098407107162034,-1.1522514940116042,1.5230916042237903
1771415163891,1.9488820295110447,-1.1599091883062662,1.5661263805433414
1771415163907,1.9329279460674924,-1.1118655900884473,1.5811278741031554
1771415163922,1.931848405429408,-1.1617447300716461,1.5434984430542533
1771415163935,1.9295774438272673,-1.1885292180478795,1.520087961130364
1771415163949,1.91349775015603,-1.1419648337865864,1.535379418335078
1771415163963,1.8968005836794848,-1.0704295525404164,1.5658968763283738
1771415163975,1.9234731151012232,-1.111164911519207,1.5700513889442334
1771415163989,1.944519400685336,-1.1698219195349433,1.5532779455774288
1771415164002,1.9313391783633729,-1.1722242489002965,1.534914112310993
1771415164014,1.9137397642800862,-1.1019488870517598,1.5646432614855657
1771415164026,1.9220771681326816,-1.086659766513689,1.58541830193087
1771415164038,1.949879542430537,-1.1856478826392827,1.5479888011165024
1771415164061,1.9350938050861197,-1.1649521277016979,1.5451454865629852
1771415164074,1.9456431714936,-1.1940919661422749,1.5361223021537542
1771415164088,1.9288310555802288,-1.196871003896949,1.5125769537453126
1771415164102,1.9381693576174504,-1.1289862224568372,1.5754017164869032
1771415164117,1.946767608785998,-1.1845010076173403,1.5449470818030817
1771415164130,1.91584885675638,-1.1552784078698526,1.5283352519144573
1771415164142,1.9326236345947714,-1.1567963097568776,1.5481784169556085
1771415164154,1.9242141969453468,-1.173225546714768,1.525169529023531
1771415164168,1.929755733908946,-1.149830390939248,1.5497894258985478
1771415164180,1.9274064140259133,-1.1395572305383552,1.5544467836358966
1771415164192,1.9093269797810142,-1.1574512801783,1.518497958422501
1771415164206,1.9234521600246979,-1.1488390611523793,1.5426720401544185
1771415164219,1.952010536610777,-1.2012947730736308,1.5385824655264557
1771415164233,1.9311232451385585,-1.0956736865132806,1.5902000379187753
1771415164246,1.9290043609802554,-1.1210612349320503,1.5698023863574262
1771415164260,1.920695246142157,-1.1403619812804227,1.545524111815558
1771415164272,1.9263279169332759,-1.1886376649094093,1.5158759003016047
1771415164286,1.9396617653672021,-1.2215235826920126,1.5067076361904723
1771415164298,1.9113967057221193,-1.0593887930608488,1.5909534096831521
1771415164312,1.964161297835532,-1.2074531301976115,1.5491889950199593
1771415164326,1.93685371849041,-1.1811724288797127,1.5350029381354708
1771415164340,1.9415969329109617,-1.2042916125907097,1.5229840320019514
1771415164353,1.9311560080182266,-1.1738807029096443,1.533416976116168
1771415164367,1.9319058755239253,-1.1617788576713897,1.543544686023578
1771415164381,1.9511659778357175,-1.170459741653294,1.5611126372662916
1771415164396,1.937106269455014,-1.1782503259786328,1.53756524040223
1771415164408,1.9365298163820173,-1.2215790459771616,1.5026284850774316
1771415164422,1.928545173448617,-1.1638295555922415,1.5377864778836892
1771415164440,1.9442991773678269,-1.1763601185184742,1.5480556070995672
1771415164456,1.9401191681672103,-1.1429246472583516,1.5677326421871811
1771415164473,1.9317158843766296,-1.199569188781981,1.5141202129546794
1771415164488,1.919640569313356,-1.0774934085695997,1.5887189398514676
1771415164502,1.9162619675586514,-1.076278696956001,1.5854602154549469
1771415164515,1.9047821651921888,-1.0958762195531462,1.5579635452256728
1771415164530,1.922249967711222,-1.1219319093078217,1.5608695426725128
1771415164545,1.920116905276615,-1.1838973717302401,1.5116996868225099
1771415164557,1.9234521600246979,-1.1488390611523793,1.5426720401544185
1771415164571,1.9321350380203446,-1.195584116652625,1.5178024987309253
1771415164586,1.917714838511923,-1.1748692703973407,1.5156887541064725
1771415164602,1.9181013668970825,-1.1719023101589379,1.5184722022930155
1771415164616,1.939676359355441,-1.1891823666640533,1.5323803959388345
1771415164629,1.933928301370697,-1.1027841966203396,1.5886930762507216
1771415164644,1.9190095782597796,-1.1187816544888014,1.559142511456883
1771415164656,1.9163043395064343,-1.1185684960915385,1.5559649228574228
1771415164668,1.9026653126874793,-1.1166853162148191,1.5405029038123728
1771415164680,1.9049159864923835,-1.0137599447704022,1.6127602704597361
1771415164694,1.924507606737186,-1.0945263057846706,1.5829534719424487
1771415164707,1.9011877860041795,-1.1337968141505401,1.5261126373480955
1771415164721,1.919636514431368,-1.1112549467036064,1.565284891310517
1771415164737,1.9315887204188766,-1.2018028210833114,1.5121854926184246
1771415164752,1.960245537865576,-1.2199765608825899,1.5343466882093468
1771415164767,1.9055732891986157,-1.124676448430444,1.5382823040174107
1771415164779,1.931848405429408,-1.1617447300716461,1.5434984430542533
1771415164791,1.921155887827096,-1.054915395349602,1.6056131084377427
1771415164805,1.9163498101443914,-1.1134106727588093,1.559715765332652
1771415164819,1.9040500526419073,-1.1421448819504878,1.5234538626423697
1771415164832,1.9185748654814176,-1.1608860584791536,1.5275055069248604
1771415164846,1.929609171766311,-1.1514575432720004,1.5483982310138042
1771415164860,1.9155126206067867,-1.0893147489505615,1.5756211401928621
1771415164873,1.9291908997676996,-1.2318685420295628,1.4846809161919157
1771415164887,1.9253015683017245,-1.2003196539216985,1.5053301489422093
1771415164902,1.9181821785016722,-1.1326628935865923,1.5480625437667137
1771415164919,1.9286191058706517,-1.1252030787973548,1.5663619272040117
1771415164934,1.911710352610655,-1.2022983884671574,1.4863092065139174
1771415164947,1.93342823787,-1.1840595271024583,1.5284462003194605
1771415164964,1.9557729610834929,-1.2269724502693253,1.5230188710535997
1771415164977,1.9263279169332759,-1.1886376649094093,1.5158759003016047
1771415164991,1.9080094730697787,-1.1329682569509556,1.5352143427109872
1771415165005,1.9199657197640114,-1.1545074155454147,1.534073333488196
1771415165019,1.9308690205857264,-1.0987016479589156,1.5878003222792358
1771415165032,1.9236862900739644,-1.182721805152995,1.5171480067001286
1771415165046,1.9321574912721673,-1.2386801020138243,1.482870249197204
1771415165060,1.9330833893574149,-1.1541986100715131,1.5506891883025875
1771415165073,1.9454643611289932,-1.1956100669312963,1.5347143539680546
1771415165087,1.9333881132152075,-1.2246515026369742,1.4960676099063375
1771415165101,1.9161826593124338,-1.1956254053641138,1.497409721451537
1771415165115,1.939090049745114,-1.1966739888379134,1.5257921173801057
1771415165129,1.93137362801653,-1.1726505399064444,1.5346318132551722
1771415165144,1.9122566853964234,-1.160290229769094,1.5200171754114158
1771415165156,1.9022027130435826,-1.088910663375756,1.5596950755506465
1771415165170,1.9216639329751168,-1.1660168375228637,1.5274806073762686
1771415165184,1.940255242267295,-1.1789595031954896,1.5409882851503978
1771415165198,1.923114010337052,-1.1898055573654922,1.5108706868613373
1771415165212,1.9341583884596618,-1.2118173318567034,1.5074705389693612
1771415165226,1.9400074773381963,-1.1441284455860927,1.566716027915992
1771415165240,1.920695246142157,-1.1403619812804227,1.545524111815558
1771415165254,1.93709306842809,-1.214629774228599,1.5089745085022264
1771415165268,1.9313391783633729,-1.1722242489002965,1.534914112310993
1771415165282,1.9070832601457008,-1.1429469523991063,1.526642992034991
1771415165297,1.9375712350954675,-1.1730097607051833,1.5421512222735305
1771415165308,1.8884049877799787,-1.0910296139466034,1.5413396054613748
1771415165323,1.9240940081554476,-1.099828121361164,1.578770361921856
1771415165341,1.9193565653949727,-1.1145832811410483,1.5625727933525657
1771415165356,1.9339122450048083,-1.2146012983027314,1.5049120431244003
1771415165370,1.9083776632880445,-1.1285579347390746,1.5389159475664067
1771415165383,1.9503289965617014,-1.1756903789905278,1.5561283133400285
1771415165397,1.937106269455014,-1.1782503259786328,1.53756524040223
1771415165409,1.9202687980775377,-1.1819911404549286,1.513383362124815
1771415165423,1.9408686957385712,-1.2124965026159111,1.515527474261726
1771415165440,1.9274394493889855,-1.1397154596429053,1.5543717387137084
1771415165454,1.934334492776685,-1.1696124017429173,1.5406676343828347
1771415165468,1.9395891460586494,-1.2223901019382315,1.5059111840317678
1771415165483,1.928545173448617,-1.1638295555922415,1.5377864778836892
1771415165498,1.9276359849664062,-1.1371876833492487,1.556465439184621
1771415165512,1.9269532395802695,-1.1083727843551343,1.576279974633232
1771415165523,1.8868136284461605,-1.0346784879116646,1.577816876301872
1771415165538,1.904217363174889,-1.1059786751758796,1.5501144913434406
1771415165552,1.95156963908004,-1.2031094764984995,1.53660393196767
1771415165569,1.9083632906155408,-1.1359234718484386,1.5334693720686974
1771415165580,1.9122329726079343,-1.1636344241361298,1.5174287029361067
1771415165595,1.9438768382735863,-1.139956548449841,1.5745336547761815
1771415165610,1.9439413469005478,-1.1764310646309102,1.5475522318684105
1771415165622,1.907964643815558,-1.0914175692546395,1.5649718117501423
1771415165636,1.9288310555802288,-1.196871003896949,1.5125769537453126
1771415165649,1.9442991773678269,-1.1763601185184742,1.5480556070995672
1771415165663,1.9438768382735863,-1.139956548449841,1.5745336547761815
1771415165678,1.9288310555802288,-1.196871003896949,1.5125769537453126
1771415165694,1.9165338812500763,-1.1110798357699059,1.5616029317739515
1771415165707,1.9245570987631557,-1.1317667315162592,1.5566065950755377
1771415165720,1.8993715923999288,-1.0809459395185348,1.5617836988053864
1771415165737,1.9279217262787853,-1.1705907432203626,1.531861447567818
1771415165751,1.912649149445203,-1.1196656628922697,1.5506693948786996
1771415165766,1.9478327983085424,-1.16786911667224,1.5588888146656543
1771415165780,1.900407790015282,-1.1060520659123532,1.5453797578076993
1771415165793,1.9194608533961983,-1.113260483652906,1.5636435217968832
1771415165806,1.932588596082147,-1.1113300487812572,1.581089562416567
1771415165820,1.9433855619401061,-1.145935726285566,1.5695791644831536
1771415165835,1.928545173448617,-1.1638295555922415,1.5377864778836892
1771415165847,1.9330484545492226,-1.1523008515138988,1.552056402079345
1771415165858,1.9279217262787853,-1.1705907432203626,1.531861447567818
1771415165873,1.9113967057221193,-1.0593887930608488,1.5909534096831521
1771415165888,1.8936055177584503,-1.1077428856836176,1.5357889034963694
1771415165904,1.91378850280646,-1.1429332987445138,1.5350211425564066
1771415165917,1.927978232244994,-1.095263527026382,1.5866624941607028
1771415165932,1.919640569313356,-1.0774934085695997,1.5887189398514676
1771415165945,1.9122329726079343,-1.1636344241361298,1.5174287029361067
1771415165957,1.9137397642800862,-1.1019488870517598,1.5646432614855657
1771415165970,1.9193565653949727,-1.1145832811410483,1.5625727933525657
1771415165984,1.9380861889562835,-1.1711592889858995,1.5442033530740482
1771415165999,1.9484976560888247,-1.2018417676623916,1.5336947158042182
1771415166011,1.912402304653019,-1.1227048331382208,1.5481655055226682
1771415166025,1.9313391783633729,-1.1722242489002965,1.534914112310993
1771415166039,1.9440279414705137,-1.133942182860032,1.5790566054289215
1771415166056,1.9313391783633729,-1.1722242489002965,1.534914112310993
1771415166069,1.9284595176195047,-1.1649530324978823,1.5368280785993078
1771415166083,1.9414461830479042,-1.1686277344924885,1.5503298035728494
1771415166097,1.9367492511306132,-1.1458649735633748,1.5614067772734939
1771415166109,1.9214174581198544,-1.168271385798228,1.525446497748397
1771415166121,1.9089577861603257,-1.1215540021772281,1.5447447845978874
1771415166137,1.9329279460674924,-1.1118655900884473,1.5811278741031554
1771415166151,1.906113126227205,-1.0798781720723278,1.5707101525925706
1771415166167,1.9202687980775377,-1.1819911404549286,1.513383362124815
1771415166182,1.9367006430437772,-1.2189853090498213,1.504953220896547
1771415166198,1.9483747357395131,-1.1619438699794882,1.5639854711234078
1771415166214,1.9274605116743044,-1.1011739057552432,1.581935540199889
1771415166228,1.9442887646453142,-1.2131007517753027,1.519422708257382
1771415166242,1.9507180332279872,-1.2129225945769564,1.5277825842460604
1771415166255,1.95156963908004,-1.2031094764984995,1.53660393196767
1771415166272,1.9370146055133823,-1.1422261576869561,1.5643992414559198
1771415166286,1.9365298163820173,-1.2215790459771616,1.5026284850774316
1771415166300,1.916705729722356,-1.1887873798889361,1.5035110308099864
1771415166314,1.9478728758111081,-1.1681222411299514,1.5587492325894428
1771415166330,1.9306744051203224,-1.175222710114105,1.531781720813631
1771415166346,1.9215369459936473,-1.1669872028873889,1.5265795436581946
1771415166358,1.9389004276593451,-1.1982963343847604,1.5242771281422671
1771415166372,1.9474499189890166,-1.2092510148562712,1.5265232294463802
1771415166387,1.9121929605338726,-1.1243799912686618,1.5466905164091425
1771415166402,1.9236862900739644,-1.182721805152995,1.5171480067001286
1771415166414,1.925937517964014,-1.1568043375798882,1.5398178618452711
1771415166426,1.929609171766311,-1.1514575432720004,1.5483982310138042
1771415166440,1.9324327454743004,-1.1553613458740468,1.5490114512944873
1771415166456,1.9229854733338945,-1.1546160921917794,1.5377694268988984
1771415166471,1.9107133745780225,-1.1816874768208205,1.5014793727907743
1771415166484,1.9220262236388235,-1.1620583102477398,1.530949146098421
1771415166510,1.927663659352416,-1.0948159401978934,1.586589184595858
1771415166523,1.9133659704365102,-1.1474885128771712,1.531090934477566
1771415166537,1.9365417157063305,-1.1889345190927154,1.5286034560933688
1771415166550,1.9465289149401357,-1.1872098901216395,1.5425652315203355
1771415166562,1.9302173539381189,-1.110983090867474,1.5784345425928905
1771415166573,1.9459010553934135,-1.2665876252531652,1.4772564790640617
1771415166586,1.9252855947337768,-1.1280636024468156,1.5601913761215658
1771415166598,1.9260080484626227,-1.076709014380169,1.5969360353800293
1771415166612,1.9061349368365859,-1.0757206384821587,1.5735868280373193
1771415166625,1.9139302645613288,-1.1048363973217497,1.5628389529177007
1771415166638,1.9132608191877638,-1.0742135691113317,1.5832347173354073
1771415166652,1.931790248846417,-1.1292069793917716,1.5673880065991994
1771415166665,1.9361450432264693,-1.1158330929668365,1.5822686677838533
1771415166679,1.9259764305186737,-1.1894442247911097,1.5147962394409775
1771415166692,1.9267731717811207,-1.1837385497681687,1.5202690226694198
1771415166706,1.8793722172131606,-0.9627863391356708,1.6140267643401842
1771415166719,1.9147307326534766,-1.1682367077752527,1.5170421131841259
1771415166733,1.8841111307413965,-1.0667180245247398,1.5530574390980072
1771415166748,1.89259412684652,-1.0825297152544455,1.5524309790019881
1771415166761,1.9089933446421727,-1.0026519496900255,1.6244828893130578
1771415166773,1.8978533457581963,-1.0961717363083243,1.5492755876616573
1771415166789,1.9123032427199795,-1.1637162069695912,1.5174545402593305
1771415166803,1.9308494536416863,-1.0559288672100557,1.616537608600829
1771415166820,1.9130797813021705,-1.1140729440895307,1.5552220821718181
1771415166836,1.9234521600246979,-1.1488390611523793,1.5426720401544185
1771415166853,1.9122022924610729,-1.0445172797976294,1.6017182210044136
1771415166869,1.9143917542581785,-1.100522635243959,1.5664436530202412
1771415166883,2.0886652002458663,-1.5272482575271802,1.4247929949990268
1771415166897,1.900989832368014,-1.0994710435425707,1.5507823081199956
1771415166912,2.267794589484244,-1.7341430238340392,1.4613830001001604
1771415166923,2.3838914080291396,-1.895752192445337,1.4453587340566532
1771415166935,2.0557859827528846,-1.4850765288176595,1.4215497565819266
1771415166949,2.088783874091599,-1.4910644943414677,1.4627866373396128
1771415166961,2.0911531423660947,-1.5065405979480513,1.4502609736050682
1771415166975,2.175152851656893,-1.606865081832037,1.4660404281124155
1771415166987,2.0037209182179327,-1.3640309720192703,1.467759185110514
1771415167000,2.0173378324118305,-1.362212034608296,1.48796179482149
1771415167014,2.0164503296904135,-1.3283517027477962,1.5170872374110882
1771415167026,2.0261013593493553,-1.371160265420589,1.4916454823077252
1771415167037,2.0064644165551173,-1.370173140603962,1.465784779450702
1771415167049,1.9696079618164477,-1.2947304324848872,1.4842602974034704
1771415167061,2.01317404228847,-1.3697821675090671,1.4753191309402378
1771415167073,1.9945552469734096,-1.2804864122490525,1.5292498753554662
1771415167087,1.9891579823102519,-1.3409793616347934,1.4691915566930454
1771415167100,1.9985332170251846,-1.31480947236906,1.5051282572995657
1771415167111,1.9988889145619064,-1.3471215356577075,1.4767601230144645
1771415167125,1.974650622638082,-1.277808366833113,1.5054736328266456
1771415167138,1.9828294942520963,-1.3009281728873026,1.4963952326388
1771415167150,1.9991033930706763,-1.3399827228815535,1.4835298037335243
1771415167164,1.9871977250681172,-1.291776053525373,1.5100561003003539
1771415167178,1.9656378900550144,-1.2351385237879682,1.5291059943230907
1771415167192,1.9616107702908103,-1.272841715153659,1.4925785682119377
1771415167206,1.9659704286757187,-1.2988904424525343,1.4757788943242307
1771415167220,1.938688882631533,-1.163627640102048,1.5506402867298528
1771415167234,1.9193565653949727,-1.1145832811410483,1.5625727933525657
1771415167248,1.9312924326298222,-1.204979974538046,1.5092758930346386
1771415167262,1.9338677162320659,-1.1796239098789918,1.5324267601182207
1771415167275,1.916164896458808,-1.1146646699231635,1.5585925009591444
1771415167289,1.9050063881097767,-1.0931833476422728,1.5601280419172945
1771415167301,1.9218879647749354,-1.1634453415450612,1.5297216368947126
1771415167319,1.9035773296967469,-1.106207323997554,1.5491649384328217
1771415167334,1.921980848927628,-0.9196874425279029,1.687656775443707
1771415167350,1.8731572631080597,-0.9627103761327046,1.6068313116257424
1771415167364,1.9002160136567314,-0.9900293650275455,1.6219317972530887
1771415167379,2.086456109825783,-1.481239096104611,1.469431808013061
1771415167391,2.3674878133291446,-1.8512568885178942,1.4757528515903537
1771415167405,2.3634105767512277,-1.8605351074117369,1.4574356481121102
1771415167420,2.5035347737684313,-2.0285209007691978,1.467238671317749
1771415167432,2.3536104466850682,-1.8228671683572304,1.4888376074207619
1771415167444,2.3556574478042744,-1.8342248167776425,1.4780870518723763
1771415167456,2.1124314765624357,-1.5613276842585369,1.422892338000183
1771415167471,2.22900856579907,-1.7121950231569676,1.4271886312194821
1771415167483,2.4007098270869567,-1.8929832683665202,1.4764897627671831
1771415167494,2.35425942112459,-1.8534807078620412,1.4516014217191706
1771415167511,2.101437798884783,-1.5357040361314194,1.4344524864879247
1771415167525,2.2045225709137,-1.6528390189590931,1.4587813211973522
1771415167542,2.095052649010778,-1.4967751790023842,1.4659159817839014
1771415167560,1.9686277767156077,-1.3094548576942469,1.469973910964809
1771415167575,1.9818901853265243,-1.3110815407947982,1.4862549916083518
1771415167590,1.9821008404489635,-1.3047218422561875,1.4921208583918757
1771415167602,1.951897768483749,-1.2387084374587594,1.5084781422282254
1771415167616,1.9648803106847261,-1.279911930253616,1.49083201136512
1771415167629,1.9735620846513038,-1.2535154258945587,1.5243511337672773
1771415167645,1.9549978902609677,-1.240534238378519,1.5109902562013637
1771415167657,1.968224145079191,-1.2418625210974636,1.5269851878673102
1771415167672,1.9466906294302602,-1.2218705540468329,1.5154658544041393
1771415167684,1.9677144284537056,-1.2834671305953527,1.49151339136671
1771415167698,1.9682598528161532,-1.2009688369522482,1.5593975442065533
1771415167712,1.9612285440989903,-1.24117478241389,1.51851985883902
1771415167727,1.9569976012488466,-1.2571440848254776,1.4998094416565233
1771415167739,1.953400391904877,-1.2584612161031028,1.4940041695585815
1771415167754,1.9753549905146075,-1.2329050888300603,1.5433639818551896
1771415167772,1.943358539068517,-1.2202752916685249,1.5124716935909304
1771415167785,1.9679656463824795,-1.2813463174255721,1.4936667634253415
1771415167800,1.936002915075818,-1.190906501390794,1.5263842871725337
1771415167812,1.9738704604912796,-1.286223351294709,1.4972621966056123
1771415167824,1.9368209485764036,-1.1820384574733112,1.5342947799880293
1771415167839,1.9384598976114966,-1.2389001130389565,1.490890098082362
1771415167854,1.943358539068517,-1.2202752916685249,1.5124716935909304
1771415167870,1.9414461830479042,-1.1686277344924885,1.5503298035728494
1771415167885,1.9487576981173147,-1.2721560703152919,1.476236938547281
1771415167900,1.9210344607370287,-1.2125999876651645,1.4899579421089875
1771415167913,1.9611419563241839,-1.2097863201317285,1.5435332301175697
1771415167925,1.9661912292989943,-1.224733627599801,1.5381597744052866
1771415167938,1.9357048977051363,-1.194440053742249,1.5232420717062227
1771415167955,1.9278412518485544,-1.2075108344911656,1.5028271613580353
1771415167969,1.9493547144156986,-1.2276735624202741,1.5141999295829542
1771415167982,1.961738288282482,-1.1614923805598654,1.5809340788327828
1771415167999,1.93137362801653,-1.1726505399064444,1.5346318132551722
1771415168014,1.9460698539094925,-1.2650377311927017,1.4788060775348928
1771415168028,1.9268183671896584,-1.1423369424825676,1.5516750078476487
1771415168042,1.9406930110286111,-1.213904023261433,1.5141751501609724
1771415168057,1.939676359355441,-1.1891823666640533,1.5323803959388345
1771415168070,1.9147634354229175,-1.1719938752994417,1.51418273992711
1771415168086,1.9317158843766296,-1.199569188781981,1.5141202129546794
1771415168100,1.9418055760815283,-1.1978377933445907,1.528330303349599
1771415168114,1.9370443681378586,-1.2152994065225236,1.5083727114478696
1771415168128,1.9451363358144604,-1.235519038021104,1.5023475202472665
1771415168140,1.939632264347181,-1.1929811351102269,1.5293689326541478
1771415168154,1.9306744051203224,-1.175222710114105,1.531781720813631
1771415168168,1.9413295023362167,-1.1700275758372112,1.5491274022563417
1771415168180,1.9331175053417378,-1.223638435324019,1.4965467814460227
1771415168193,1.9341466821906161,-1.1782182845872047,1.5338595314087118
1771415168207,1.9573111208119296,-1.2173727022437353,1.5326677811860723
1771415168226,1.9342751822150104,-1.1377846445376159,1.5642463307252228
1771415168240,1.9342553038541515,-1.206789035633631,1.5116229040214915
1771415168258,1.9565143795241386,-1.186125591701598,1.5559738423235974
1771415168277,1.96710348996582,-1.2146880787281722,1.5472650101489953
1771415168289,1.9234839716096077,-1.223502850556841,1.484193843040172
1771415168305,1.927440173338033,-1.2120426201520789,1.4986588366710518
1771415168318,1.9577163714339438,-1.1721785546889172,1.568008554475354
1771415168332,1.9447501692994527,-1.2046487082902675,1.526720246346671
1771415168348,1.956552940366509,-1.2585532202085385,1.4980464613487625
1771415168362,1.9306744051203224,-1.175222710114105,1.531781720813631
1771415168374,1.9553068232202795,-1.2369586007359183,1.5143177318506247
1771415168389,1.9265513282373758,-1.1862606852106319,1.5180202920438182
1771415168404,1.9245021364316663,-1.2113227873841503,1.4954616604560413
1771415168419,1.949935406607256,-1.2614235116761652,1.4869629498179087
1771415168432,1.9392497768525843,-1.194759990305913,1.5274941121284273
1771415168446,1.9398055008700679,-1.26521805066969,1.4703974515298117
1771415168459,1.9364316338554646,-1.2268430636089156,1.4982067847499672
1771415168473,1.9567065940335326,-1.184235185777888,1.5576545573072096
1771415168485,1.9315620238846327,-1.1655079086128703,1.5402997004070835
1771415168499,1.9442887646453142,-1.2131007517753027,1.519422708257382
1771415168513,1.972228308790628,-1.272828775498213,1.5065163159617159
1771415168529,1.9516798832564042,-1.1597534594356718,1.5697217205717462
1771415168541,1.934334492776685,-1.1696124017429173,1.5406676343828347
1771415168555,1.9447867981169629,-1.2462014229596907,1.4930431017031192
1771415168572,1.9285661950253774,-1.1675486710692378,1.5349910974592391
1771415168588,1.9577163714339438,-1.1721785546889172,1.568008554475354
1771415168602,1.943358539068517,-1.2202752916685249,1.5124716935909304
1771415168615,1.9181013668970825,-1.1719023101589379,1.5184722022930155
1771415168630,1.952049699488978,-1.2371984366003073,1.509913261663982
1771415168644,1.9493547144156986,-1.2276735624202741,1.5141999295829542
1771415168656,1.9467736442736912,-1.220892549476973,1.5163604468167473
1771415168668,1.9506153208503783,-1.2135640463710904,1.5271419172073204
1771415168685,1.9451133706781563,-1.1250947600424452,1.5867034397504693
1771415168699,1.9260419009675154,-1.1561411609064585,1.5404463704850055
1771415168715,1.9546092537910278,-1.2448271148856689,1.5069514886189737
1771415168730,1.9542080013856844,-1.1671927631322907,1.5673512581331088
1771415168744,1.9313391783633729,-1.1722242489002965,1.534914112310993
1771415168762,1.9336221823233666,-1.2187527253718782,1.5011783832614956
1771415168778,1.9628067459494882,-1.1860105344260297,1.5639658993006538
1771415168792,1.9449201226840678,-1.201867023107538,1.529127183195706
1771415168806,1.9357048977051363,-1.194440053742249,1.5232420717062227
1771415168819,1.9285020309715553,-1.130830338091688,1.5621596685079449
1771415168833,1.9395874465029188,-1.186779222735643,1.534129896428166
1771415168849,1.93137362801653,-1.1726505399064444,1.5346318132551722
1771415168863,1.9341036672524863,-1.1805789580645307,1.5319890076155191
1771415168875,1.9342751822150104,-1.1377846445376159,1.5642463307252228
1771415168886,1.920695246142157,-1.1403619812804227,1.545524111815558
1771415168900,1.9336380896773762,-1.1818290643651217,1.5304366450373024
1771415168914,1.9357048977051363,-1.194440053742249,1.5232420717062227
1771415168926,1.919121279925175,-1.1587110834774295,1.5298415316915026
1771415168938,1.9123217595212345,-1.1595110779275062,1.5206934510616474
1771415168950,1.908474481387595,-1.1274651900039976,1.5398367093419025
1771415168962,1.9386830991659996,-1.1598529322169588,1.5534585075307312
1771415168974,1.9104791781474122,-1.1074156117290606,1.5567791600074696
1771415168988,1.9257217110439138,-1.1591955661819398,1.537748271899543
1771415169001,1.9236862900739644,-1.182721805152995,1.5171480067001286
1771415169014,1.929609171766311,-1.1514575432720004,1.5483982310138042
1771415169028,1.9274064140259133,-1.1395572305383552,1.5544467836358966
1771415169040,1.9144024592884457,-1.1718723339661705,1.5138203357777729
1771415169053,1.9240141834389806,-1.1429089356021682,1.5477692796392768
1771415169066,1.917671390072365,-1.0975914338588941,1.5725001127572784
1771415169078,1.9009050005403034,-1.0246381272036325,1.601111029679005
1771415169090,1.9193557286705945,-1.0767127022179093,1.5889040783078243
1771415169103,1.9133659704365102,-1.1474885128771712,1.531090934477566
1771415169115,1.9148859194198873,-1.129739557416621,1.5461166245793505
1771415169127,1.9324327454743004,-1.1553613458740468,1.5490114512944873
1771415169139,1.9242141969453468,-1.173225546714768,1.525169529023531
1771415169151,1.923051246228624,-1.1493866231367158,1.54176408252879
1771415169166,1.9151225382862112,-1.131126732048348,1.54539530628815
1771415169179,1.9257811464345416,-1.1585112782236369,1.538338273004794
1771415169193,1.9224254300316783,-1.1974495360627138,1.5039395408777825
1771415169211,1.9397863927774772,-1.1113671581491367,1.5898535433781844
1771415169225,1.9336380896773762,-1.1818290643651217,1.5304366450373024
1771415169240,1.9198063748960872,-1.186659878983147,1.5091371205769735
1771415169252,1.9361450432264693,-1.1158330929668365,1.5822686677838533
1771415169268,1.9216041541049125,-1.091574141428328,1.58146401123714
1771415169285,1.9286810515798294,-1.165835099106196,1.5364371514693085
1771415169300,1.9179130829512079,-1.13562034639008,1.5455604234776075
1771415169313,1.9151716856042091,-1.1676232270626647,1.5180706785139606
1771415169326,1.9186748989937163,-1.1593424696470809,1.5288029323955246
1771415169341,1.9207457839078852,-1.1766070513317237,1.5181766080256878
1771415169355,1.9342676976299977,-1.1373678944303944,1.5645401237468546
1771415169372,1.9066682565968733,-1.1522978888568576,1.5190765010525933
1771415169386,1.9214174581198544,-1.168271385798228,1.525446497748397
1771415169400,1.9356329364837361,-1.1222853223134517,1.577070233096942
1771415169417,1.9455526148819013,-1.1952803433626824,1.535083019919311
1771415169432,1.899148157620211,-1.1248196488586564,1.530210600582067
1771415169447,1.9353889418844459,-1.1200574486290105,1.5783541009986533
1771415169461,1.9419339354551697,-1.1631499493998345,1.555052926714575
1771415169475,1.9145799039303277,-1.1703607217418104,1.5152135128548225
1771415169489,1.9087033546267347,-1.0943896905116852,1.5637965664577629
1771415169504,1.9148859194198873,-1.129739557416621,1.5461166245793505
1771415169518,1.9260419009675154,-1.1561411609064585,1.5404463704850055
1771415169532,1.9131995107266713,-1.113178008109654,1.5560099903618219
1771415169547,1.9569810858306664,-1.175928551900801,1.5642784314576033
1771415169561,1.935719546363063,-1.1205882463373844,1.578382762305306
1771415169578,1.9309005390813074,-1.1727569396543664,1.5339550359502094
1771415169596,1.9107129986722842,-1.1034570165019222,1.5598739615840471
1771415169610,1.9175628052794425,-1.1761582753173794,1.5144962276590896
1771415169624,1.93709306842809,-1.214629774228599,1.5089745085022264
1771415169640,1.9234178121686096,-1.1085401985761323,1.5718380032014336
1771415169654,1.9240141834389806,-1.1429089356021682,1.5477692796392768
1771415169668,1.9162180870143664,-1.1511685055500942,1.5318951755360288
1771415169682,1.9443617320565123,-1.2129777247888855,1.5196142879861911
1771415169695,1.9411643107853165,-1.1719229904242776,1.5474867967067283
1771415169709,1.9321411887039823,-1.1989598799630479,1.5151451347397158
1771415169727,1.9282909242619177,-1.1661681800076285,1.5356945218788067
1771415169744,1.931848405429408,-1.1617447300716461,1.5434984430542533
1771415169761,1.9107129986722842,-1.1034570165019222,1.5598739615840471
1771415169778,1.945346140015812,-1.159925540428206,1.5617119917375142
1771415169793,1.9226830750674473,-1.1579883156862014,1.5348528489353792
1771415169807,1.91631084857437,-1.1504267804544237,1.5325682664002578
1771415169822,1.9508550718044864,-1.2113057854083562,1.5292396167447182
1771415169836,1.9104442543670848,-1.069868141101529,1.582775855798971
1771415169850,1.930430016518009,-1.1420606191489822,1.556360366644809
1771415169863,1.924305574211597,-1.2121507656672967,1.4945375419286095
1771415169881,1.929643868490041,-1.150836936608894,1.5489027743980148
1771415169895,1.9199657197640114,-1.1545074155454147,1.534073333488196
1771415169907,1.934534988650653,-1.2077722833896916,1.5111954651166848
1771415169921,1.9235041170835785,-1.1487300938980112,1.5428179606844559
1771415169936,1.918919518969418,-1.0861893728050525,1.581911744278798
1771415169948,1.934534988650653,-1.2077722833896916,1.5111954651166848
1771415169964,1.895267681965085,-1.0880473254173602,1.5518352373732966
1771415169983,1.9294357861563203,-1.073296215107779,1.6033582530226904
1771415169999,1.9321350380203446,-1.195584116652625,1.5178024987309253
1771415170016,1.9269903739648757,-1.1406803263423926,1.5531066590703628
1771415170032,1.9061349368365859,-1.0757206384821587,1.5735868280373193
1771415170048,1.9195124341649015,-1.1544978782140738,1.5335131672446987
1771415170064,1.9432362464677038,-1.1434131366776008,1.5712331171595704
1771415170082,1.8981588687903328,-1.01535207892579,1.6037665812045319
1771415170095,1.9123578795563838,-1.159431412620036,1.5207996116948794
1771415170109,1.9086465064516815,-1.124870700092751,1.5419459765708567
1771415170127,1.9420132211286534,-1.162448005799604,1.5556766967628626
1771415170144,1.9134716361031565,-1.1461464833105366,1.5322277705896667
1771415170158,1.9500374538131628,-1.1874529659564024,1.5468036478220066
1771415170173,1.9067537590174408,-1.0682869320578885,1.579390049456272
1771415170188,1.9110661057254437,-1.1334898288173358,1.538627462519846
1771415170203,1.9317664069674256,-1.125145561481269,1.570276700638087
1771415170216,1.9409253589655575,-1.137546533034285,1.5726344566545831
1771415170230,1.9110176153298766,-1.1341592221930763,1.538073855448913
1771415170244,1.9246364580679705,-1.1312308645855411,1.5570941611647868
1771415170260,1.919636514431368,-1.1112549467036064,1.565284891310517
1771415170278,1.9497328199479227,-1.227829334417885,1.514560396526006
1771415170294,1.929643868490041,-1.150836936608894,1.5489027743980148
1771415170311,1.9414461830479042,-1.1686277344924885,1.5503298035728494
1771415170324,1.91349775015603,-1.1419648337865864,1.535379418335078
1771415170338,1.91706492670306,-1.1042737935516596,1.567072851551591
1771415170353,1.932883032971538,-1.1119790651160693,1.580993161874157
1771415170367,1.9290043609802554,-1.1210612349320503,1.5698023863574262
1771415170382,1.939632264347181,-1.1929811351102269,1.5293689326541478
1771415170398,1.9377308381509732,-1.1716936100067832,1.5433518346088637
1771415170415,1.9249382470564662,-1.1683576675349108,1.529812934869229
1771415170430,1.9320443012970125,-1.159817851120378,1.5451918115226893
1771415170444,1.9243256039693843,-1.135202539923992,1.553816019817743
1771415170457,1.929260678218915,-1.1915648109318782,1.5173068463137525
1771415170470,1.9573111208119296,-1.2173727022437353,1.5326677811860723
1771415170486,1.916164896458808,-1.1146646699231635,1.5585925009591444
1771415170502,1.9382237850486015,-1.2019206436416965,1.5205585182149541
1771415170516,1.9237174903231877,-1.1784066238032935,1.5205416178296034
1771415170532,1.9364428133096638,-1.149433373924707,1.55840100363376
1771415170547,1.9281831632331248,-1.2078375587724643,1.5030032410458312
1771415170564,1.9320327512650046,-1.2001483183061457,1.5140655752072147
1771415170577,1.9357267616218259,-1.1198631775898646,1.5789061273987295
1771415170591,1.9106600603386292,-1.1423906750951862,1.5315238854254865
1771415170605,1.9400622621035803,-1.261151740482179,1.4742244972585525
1771415170619,1.9552852376259746,-1.2006209225266953,1.5432594599966694
1771415170636,1.9288783913352217,-1.1965385882621957,1.5129002793837616
1771415170653,1.9117839533117715,-1.1655365826466662,1.515401715273121
1771415170670,1.946767608785998,-1.1845010076173403,1.5449470818030817
1771415170684,1.9443914630807773,-1.1719861362943278,1.5514853070639436
1771415170698,1.9396617653672021,-1.2215235826920126,1.5067076361904723
1771415170712,1.9497272427955477,-1.1458186694002037,1.5775093971679137
1771415170726,1.9363712848395096,-1.1907899540431728,1.5269423820501125
1771415170741,1.9219844327405744,-1.2038580759843514,1.498248942126896
1771415170755,1.9350938050861197,-1.1649521277016979,1.5451454865629852
1771415170769,1.9332963133122516,-1.1496745991300203,1.5543110857167464
1771415170783,1.9336221823233666,-1.2187527253718782,1.5011783832614956
1771415170797,1.9237291412578204,-1.1042366430922466,1.5752445032365348
1771415170812,1.9574673815378076,-1.211378669337539,1.537608620312235
1771415170826,1.922822086160348,-1.1925509537413166,1.5083325222764075
1771415170840,1.924410975271146,-1.096050066866522,1.58178122781437
1771415170854,1.9469958595994155,-1.1408571001597987,1.5777319019124387
1771415170867,1.9425122920256965,-1.160542966503665,1.5577207797194588
1771415170881,1.9582812481566663,-1.278131205265139,1.4836596877348638
1771415170896,1.9341808388177943,-1.1721759338420188,1.5385249745686607
1771415170910,1.93437998839562,-1.2092822650655868,1.5097888405016389
1771415170926,1.934534988650653,-1.2077722833896916,1.5111954651166848
1771415170940,1.953121673700572,-1.2209261305544048,1.5244748787724816
1771415170955,1.9268183671896584,-1.1423369424825676,1.5516750078476487
1771415170971,1.913463468565584,-1.1866702649864782,1.5010516739046518
1771415170984,1.9571067929978303,-1.215664262768086,1.5337624977247222
1771415171000,1.9505683345409124,-1.1778322391285962,1.5548080409436487
1771415171017,1.9179130829512079,-1.13562034639008,1.5455604234776075
1771415171031,1.9682598528161532,-1.2009688369522482,1.5593975442065533
1771415171047,1.9794386837145155,-1.2989599353135066,1.4936132662224797
1771415171061,1.9211660992782749,-1.171326744391555,1.522784567458307
1771415171075,1.9545930845936452,-1.2443227456179429,1.5073470174711348
1771415171089,1.9549907449930652,-1.1625236514928465,1.5717911988328093
1771415171106,1.9665473572708203,-1.2964664863705735,1.4786761505166661
1771415171123,1.9253015683017245,-1.2003196539216985,1.5053301489422093
1771415171138,1.8878772159813195,-0.9389297852379981,1.6378312614595878
1771415171152,1.8933671825033047,-1.0354838916181448,1.5851222028537246
1771415171166,1.8994638439499616,-1.038054685468211,1.5907247921782879
1771415171180,1.9020960497918495,-1.0442845744733438,1.589792159419207
1771415171195,1.9234521600246979,-1.1488390611523793,1.5426720401544185
1771415171213,1.9151716856042091,-1.1676232270626647,1.5180706785139606
1771415171225,1.9317158843766296,-1.199569188781981,1.5141202129546794
1771415171239,1.908474481387595,-1.1274651900039976,1.5398367093419025
1771415171253,1.9331944266376095,-1.1868689434265882,1.525969463099498
1771415171265,1.9458685506402114,-1.154196941244638,1.5665994501442155
1771415171279,1.9396094842446927,-1.1859291396509193,1.5348149813898722
1771415171295,1.9486490132917786,-1.2362900097334404,1.5062602659687707
1771415171309,1.9386368207889328,-1.1645368939739005,1.549892430297097
1771415171324,1.9629772052060492,-1.2252392093009725,1.5336454571217168
1771415171339,1.93137362801653,-1.1726505399064444,1.5346318132551722
1771415171355,1.9389187281521445,-1.1981702175049118,1.524399542201244
1771415171369,1.9477483066286891,-1.2419463927880234,1.5004308126054138
1771415171382,1.9288739630441287,-1.1956595061065338,1.513589478942901
1771415171397,1.9569028531334998,-1.1778399845914262,1.562741740435604
1771415171411,1.951187049152104,-1.170375027512179,1.5612024839061591
1771415171424,1.9328736502763522,-1.2264796363848995,1.493903694843076
1771415171440,1.9656378900550144,-1.2351385237879682,1.5291059943230907
1771415171458,1.9385222686718544,-1.2383300955147414,1.4914446555870335
1771415171475,1.9357048977051363,-1.194440053742249,1.5232420717062227
1771415171490,1.9591848987943563,-1.154681071569935,1.5827561690361402
1771415171503,1.917714838511923,-1.1748692703973407,1.5156887541064725
1771415171517,1.9460698539094925,-1.2650377311927017,1.4788060775348928
1771415171531,1.946507269963494,-1.187614904876567,1.5422261149830647
1771415171546,1.9352121088686804,-1.1639522841294252,1.5460468901627336
1771415171561,1.9389776731534518,-1.2339198019488609,1.4956859093225616
1771415171577,1.9583591238612539,-1.2012049067044108,1.5466988168741402
1771415171591,1.9352037748089794,-1.1642461302873885,1.5458151888714784
1771415171609,1.9238332580638038,-1.220694048354765,1.4869567731254478
1771415171624,1.9561414574346627,-1.1491246665678225,1.5830356604258782
1771415171642,1.9234731151012232,-1.111164911519207,1.5700513889442334
1771415171655,1.9342553038541515,-1.206789035633631,1.5116229040214915
1771415171669,1.932162847975159,-1.124725644697409,1.571065083074369
1771415171683,1.9155943652096687,-1.1582158778976044,1.5257908612286661
1771415171697,1.9521255105232966,-1.2369944193320004,1.5101784051486529
1771415171711,1.912402304653019,-1.1227048331382208,1.5481655055226682
1771415171725,1.91584885675638,-1.1552784078698526,1.5283352519144573
1771415171742,1.936809396010916,-1.1825207283174037,1.5339085251656457
1771415171758,1.924410975271146,-1.096050066866522,1.58178122781437
1771415171776,1.9312924326298222,-1.204979974538046,1.5092758930346386
1771415171793,1.9361202998868243,-1.1570299397554504,1.552367074548847
1771415171809,1.9209391208376907,-1.214084566357267,1.4886254638752376
1771415171823,1.934622321783576,-1.2068140139618475,1.5120725722162174
1771415171841,1.9368442442846172,-1.1026328651074238,1.5923461908151266
1771415171854,1.9441890328223,-1.21436844063572,1.5182820178525727
1771415171869,1.9242141969453468,-1.173225546714768,1.525169529023531
1771415171883,1.9332111681967734,-1.1871372166822147,1.5257819797103183
1771415171898,1.9151716856042091,-1.1676232270626647,1.5180706785139606
1771415171912,1.927431076410787,-1.2120366460935432,1.4986519685505237
1771415171926,1.9341697323732852,-1.0922284896201515,1.5962610939602042
1771415171940,1.916164896458808,-1.1146646699231635,1.5585925009591444
1771415171954,1.9282909242619177,-1.1661681800076285,1.5356945218788067
1771415171968,1.9269532395802695,-1.1083727843551343,1.576279974633232
1771415171986,1.9201457245183071,-1.146666312555864,1.5401675139527753
1771415172003,1.9307748339041433,-1.1786643875923744,1.5292618221413445
1771415172017,1.9269044942410827,-1.1452851134211077,1.5496073499123844
1771415172034,1.9332484674479433,-1.2221877161295385,1.4979008056049252
1771415172049,1.9106600603386292,-1.1423906750951862,1.5315238854254865
1771415172062,1.931848405429408,-1.1617447300716461,1.5434984430542533
1771415172074,1.943922646256837,-1.2131716648981485,1.518897549579444
1771415172089,1.9341036672524863,-1.1805789580645307,1.5319890076155191
1771415172105,1.9234731151012232,-1.111164911519207,1.5700513889442334
1771415172118,1.951456924930593,-1.2444248691133282,1.503193558724838
1771415172134,1.9165338812500763,-1.1110798357699059,1.5616029317739515
1771415172151,1.9415167333379895,-1.131242338958361,1.5779030376989056
1771415172165,1.924550893965678,-1.173155096536991,1.5256484729233577
1771415172180,1.9134716361031565,-1.1461464833105366,1.5322277705896667
1771415172192,1.942941691912266,-1.1881699328687023,1.5372945810083642
1771415172204,1.933165261451572,-1.2237981871734593,1.4964778398473124
1771415172219,1.9045773185760781,-1.1359506281272738,1.5287350760977834
1771415172236,1.929048413657105,-1.1203734816328597,1.570347427764588
1771415172249,1.91631084857437,-1.1504267804544237,1.5325682664002578
1771415172264,1.9045773185760781,-1.1359506281272738,1.5287350760977834
1771415172279,1.9337113820594911,-1.1019311933934248,1.5890208790739566
1771415172292,1.9321350380203446,-1.195584116652625,1.5178024987309253
1771415172305,1.9151716856042091,-1.1676232270626647,1.5180706785139606
1771415172319,1.9313605861866567,-1.130137842703798,1.5661871441063715
1771415172334,1.937963132821887,-1.1682684009251927,1.5462373839668073
1771415172346,1.9374030408255656,-1.2152849175332123,1.508844959502613
1771415172363,1.9396094842446927,-1.1859291396509193,1.5348149813898722
1771415172382,1.9411643107853165,-1.1719229904242776,1.5474867967067283
1771415172397,1.929260678218915,-1.1915648109318782,1.5173068463137525
1771415172414,1.9453176694369128,-1.1975016959276554,1.5330526811802165
1771415172433,1.9397469051658824,-1.1889191940719286,1.5326738746608735
1771415172446,1.9363712848395096,-1.1907899540431728,1.5269423820501125
1771415172472,1.9450675145216716,-1.2040975259268871,1.5275590934900891
1771415172484,1.9367006430437772,-1.2189853090498213,1.504953220896547
1771415172502,1.9452677232551483,-1.2347409773130296,1.5031570889572163
1771415172520,1.9471795391600393,-1.252598657084536,1.4908067487080678
1771415172537,1.952049699488978,-1.2371984366003073,1.509913261663982
1771415172555,1.952716969877091,-1.1936131373911985,1.5454420864895286
1771415172574,1.9492228577945658,-1.229052514413102,1.512910990826508
1771415172592,1.960245537865576,-1.2199765608825899,1.5343466882093468
1771415172606,1.9617216036836531,-1.2035982808936698,1.5490974238533115
1771415172620,1.9451363358144604,-1.235519038021104,1.5023475202472665
1771415172636,1.9531512152055703,-1.2205343667998405,1.5248263930426667
1771415172651,1.9514848641034497,-1.16614974912243,1.5647325450205711
1771415172666,1.951950276176992,-1.2342963793558985,1.512158169166293
1771415172681,1.9421028899627355,-1.198644259446241,1.5280757751165948
1771415172695,1.952716969877091,-1.1936131373911985,1.5454420864895286
1771415172709,1.9551792207410204,-1.2736236373161194,1.4834448475380273
1771415172722,1.9467073523080325,-1.1852591652189066,1.5442895540651471
1771415172737,1.9565143795241386,-1.186125591701598,1.5559738423235974
1771415172752,1.93709306842809,-1.214629774228599,1.5089745085022264
1771415172767,1.9533253138845508,-1.258500960262777,1.4938725229683578
1771415172782,1.9458685506402114,-1.154196941244638,1.5665994501442155
1771415172798,1.9559922722601506,-1.2284456567240802,1.5221126888693788
1771415172811,1.951081811734074,-1.2086540067806064,1.531625191740036
1771415172824,1.9517563825052717,-1.2001226722058633,1.5391746321673583
1771415172839,1.937106269455014,-1.1782503259786328,1.53756524040223
1771415172853,1.9441290185669677,-1.2148781742024448,1.5177973061910128
1771415172867,1.9385912669532126,-1.1189885487839808,1.5830352895616646
1771415172881,1.9565143795241386,-1.186125591701598,1.5559738423235974
1771415172898,1.9418277219442217,-1.2374131241285924,1.4964971306171633
1771415172912,1.9615264965221852,-1.241758874157813,1.5184271780394736
1771415172925,1.9525160267679664,-1.1546233449464356,1.574536047885367
1771415172941,1.9341466821906161,-1.1782182845872047,1.5338595314087118
1771415172954,1.9578675237884455,-1.2074756719759054,1.5411838768595507
1771415172968,1.9531118716510434,-1.1842745829108012,1.5531064662333003
1771415172983,1.9339122450048083,-1.2146012983027314,1.5049120431244003
1771415173000,1.9288739630441287,-1.1956595061065338,1.513589478942901
1771415173014,1.9396094842446927,-1.1859291396509193,1.5348149813898722
1771415173030,1.951950276176992,-1.2342963793558985,1.512158169166293
1771415173044,1.942309376271017,-1.1960447914043393,1.530373343372413
1771415173060,1.9545676742560196,-1.2083538028570278,1.5362994110418533
1771415173075,1.9179413471874047,-1.135961251794015,1.5453449600893685
1771415173089,1.952049699488978,-1.2371984366003073,1.509913261663982
1771415173103,1.953121673700572,-1.2209261305544048,1.5244748787724816
1771415173120,1.9186748989937163,-1.1593424696470809,1.5288029323955246
1771415173135,1.943358539068517,-1.2202752916685249,1.5124716935909304
1771415173148,1.9269044942410827,-1.1452851134211077,1.5496073499123844
1771415173190,1.9496052043136367,-1.2289893017069904,1.5134549048374655
1771415173203,1.9603115380638791,-1.17856149848402,1.566465486551642
1771415173216,1.942067738574159,-1.273534560994137,1.4661980845588425
1771415173228,1.9574779527379196,-1.2477627252970322,1.5082467029018691
1771415173241,1.9502008548874439,-1.2179505364639913,1.5231151844594002
1771415173255,1.9649728537279487,-1.2021017136353125,1.5543711866741494
1771415173273,1.9222642109271724,-1.1946873303688343,1.5059289091015062
1771415173286,1.9459010553934135,-1.2665876252531652,1.4772564790640617
1771415173301,1.9240141834389806,-1.1429089356021682,1.5477692796392768
1771415173316,1.952049699488978,-1.2371984366003073,1.509913261663982
1771415173330,1.9418204888413497,-1.2016982286569533,1.52531576341648
1771415173344,1.9421775502515377,-1.159967827400174,1.5577317728343298
1771415173358,1.9311560080182266,-1.1738807029096443,1.533416976116168
1771415173370,1.9373104015084954,-1.212389104095734,1.5110540202332117
1771415173385,1.9363712848395096,-1.1907899540431728,1.5269423820501125
1771415173401,1.9375712350954675,-1.1730097607051833,1.5421512222735305
1771415173416,1.9364095607517553,-1.1868762508186497,1.53003488594655
1771415173431,1.9342553038541515,-1.206789035633631,1.5116229040214915
1771415173448,1.9304260819958978,-1.1038841965328394,1.5836617500890398
1771415173462,1.9393229189251993,-1.2297449294545135,1.4995668682487848
1771415173476,1.9558622373348937,-1.2665160976677874,1.4904140585022054
1771415173491,1.9293223760547902,-1.116867148301874,1.5731791391287073
1771415173503,1.9500124416910258,-1.220928685364679,1.5204873126742862
1771415173521,1.9546092537910278,-1.2448271148856689,1.5069514886189737
1771415173535,1.9239019027986546,-1.1761222325828988,1.5225422902555126
1771415173549,1.952010536610777,-1.2012947730736308,1.5385824655264557
1771415173564,1.9441890328223,-1.21436844063572,1.5182820178525727
1771415173577,1.945382783547777,-1.2757958549303394,1.4686249048231006
1771415173590,1.9401191681672103,-1.1429246472583516,1.5677326421871811
1771415173602,1.951187049152104,-1.170375027512179,1.5612024839061591
1771415173614,1.952521943243827,-1.2326066288016908,1.5142730392775212
1771415173625,1.9752614873795948,-1.2348166633873996,1.541715197870819
1771415173637,1.962387203538054,-1.2319381264471583,1.5275116985528359
1771415173650,1.9425324326805933,-1.2290024548090783,1.504322178952781
1771415173664,1.9471795391600393,-1.252598657084536,1.4908067487080678
1771415173676,1.929705452685319,-1.1496392468365393,1.549868619030841
1771415173688,1.9467073523080325,-1.1852591652189066,1.5442895540651471
1771415173701,1.9393229189251993,-1.2297449294545135,1.4995668682487848
1771415173718,1.9260419009675154,-1.1561411609064585,1.5404463704850055
1771415173733,1.9307454343876596,-1.0962240572332007,1.5893617425721474
1771415173745,1.943922646256837,-1.2131716648981485,1.518897549579444
1771415173762,1.93709306842809,-1.214629774228599,1.5089745085022264
1771415173776,1.9098424320895513,-1.1518741490308761,1.5233791583857668
1771415173789,1.951950276176992,-1.2342963793558985,1.512158169166293
1771415173802,1.949565231082095,-1.261434378453937,1.4864682637374778
1771415173818,1.9456431714936,-1.1940919661422749,1.5361223021537542
1771415173833,1.9491082810635663,-1.1948776737069675,1.5398994889885493
1771415173847,1.9229854733338945,-1.1546160921917794,1.5377694268988984
1771415173861,1.919958078220136,-1.1493349898136733,1.5379428153584778
1771415173873,1.922249967711222,-1.1219319093078217,1.5608695426725128
1771415173889,1.9281095388356724,-1.168696553226791,1.533543204551123
1771415173906,1.9035773296967469,-1.106207323997554,1.5491649384328217
1771415173920,1.934702332869295,-1.1319368003811419,1.5690099415723264
1771415173936,1.9300848917152034,-1.1454560632070263,1.5534342910112255
1771415173950,1.9654415681802497,-1.3053774280775925,1.4693366966751935
1771415173964,1.9496975961322998,-1.188059712891681,1.545909064262127
1771415173977,1.9456431714936,-1.1940919661422749,1.5361223021537542
1771415173992,1.9517563825052717,-1.2001226722058633,1.5391746321673583
1771415174004,1.934926694848918,-1.203734478317193,1.5149140636185914
1771415174018,1.9376550652006777,-1.1347437269017728,1.5706252977572077
1771415174032,1.9179130829512079,-1.13562034639008,1.5455604234776075
1771415174044,1.9144024592884457,-1.1718723339661705,1.5138203357777729
1771415174056,1.9134716361031565,-1.1461464833105366,1.5322277705896667
1771415174069,1.9531118716510434,-1.1842745829108012,1.5531064662333003
1771415174082,1.9318038699874525,-1.12964775674355,1.5670871506660897
1771415174095,1.9545930845936452,-1.2443227456179429,1.5073470174711348
1771415174108,1.9453176694369128,-1.1975016959276554,1.5330526811802165
1771415174121,1.9231190819574406,-1.0697462354053575,1.59813328456199
1771415174164,1.9264991610494546,-1.1131681527737227,1.5723408285656741
1771415174179,1.9395127734248125,-1.1546737236487008,1.5583447597349092
1771415174193,1.9263279169332759,-1.1886376649094093,1.5158759003016047
1771415174205,1.9458685506402114,-1.154196941244638,1.5665994501442155
1771415174219,1.9367492511306132,-1.1458649735633748,1.5614067772734939
1771415174231,1.9165338812500763,-1.1110798357699059,1.5616029317739515
1771415174243,1.9321350380203446,-1.195584116652625,1.5178024987309253
1771415174254,1.9271407909678333,-1.1065458476170031,1.5777921014296192
1771415174267,1.9421775502515377,-1.159967827400174,1.5577317728343298
1771415174281,1.926399443270672,-1.1838208992431565,1.5197311912139855
1771415174294,1.9162180870143664,-1.1511685055500942,1.5318951755360288
1771415174305,1.9453176694369128,-1.1975016959276554,1.5330526811802165
1771415174317,1.9396094842446927,-1.1859291396509193,1.5348149813898722
1771415174330,1.9459010553934135,-1.2665876252531652,1.4772564790640617
1771415174345,1.9098424320895513,-1.1518741490308761,1.5233791583857668
1771415174357,1.9389996165822156,-1.1970764913616272,1.5253613955175722
1771415174371,1.929260678218915,-1.1915648109318782,1.5173068463137525
1771415174383,1.914458247145025,-1.0976352192778214,1.5685494271659184
1771415174396,1.9365246904534879,-1.1102259271468473,1.5866714428094115
1771415174409,1.9484976560888247,-1.2018417676623916,1.5336947158042182
1771415174422,1.9419339354551697,-1.1631499493998345,1.555052926714575
1771415174434,1.9279217262787853,-1.1705907432203626,1.531861447567818
1771415174447,1.9441288444265876,-1.1328155334736234,1.5799892185873703
1771415174459,1.9098407107162034,-1.1522514940116042,1.5230916042237903
1771415174471,1.9172725948257903,-1.1798543117226257,1.511250477577939
1771415174483,1.9205069263450767,-1.1432301582710394,1.5431693553719203
1771415174495,1.9674783356725847,-1.2098437115029674,1.5515312420565976
1771415174507,1.9443914630807773,-1.1719861362943278,1.5514853070639436
1771415174520,1.916705729722356,-1.1887873798889361,1.5035110308099864
1771415174535,1.9465289149401357,-1.1872098901216395,1.5425652315203355
1771415174548,1.9179130829512079,-1.13562034639008,1.5455604234776075
1771415174559,1.9286810515798294,-1.165835099106196,1.5364371514693085
1771415174572,1.9215976801621384,-1.1295008034971146,1.5545949888327457
1771415174584,1.9156925383908912,-1.083151986007926,1.580082174082608
1771415174598,1.9364316338554646,-1.2268430636089156,1.4982067847499672
1771415174611,1.917905480158922,-1.1315573440052815,1.5485281424796056
1771415174624,1.9278394063516358,-1.0926608285405202,1.5882874709747512
1771415174637,1.9453176694369128,-1.1975016959276554,1.5330526811802165
1771415174649,1.9235041170835785,-1.1487300938980112,1.5428179606844559
1771415174661,1.895179167494658,-1.134069011956353,1.5184174501849241
1771415174674,1.9486490132917786,-1.2362900097334404,1.5062602659687707
1771415174686,1.9339864608222983,-1.0985988441086514,1.591660833961524
1771415174699,1.9415969329109617,-1.2042916125907097,1.5229840320019514
1771415174712,1.9372229564289596,-1.1399358762964207,1.5663265881825763
1771415174723,1.943922646256837,-1.2131716648981485,1.518897549579444
1771415174737,1.91631084857437,-1.1504267804544237,1.5325682664002578
1771415174749,1.9350938050861197,-1.1649521277016979,1.5451454865629852
1771415174762,1.9221244751430175,-1.123464591991613,1.5596120698702416
1771415174774,1.9090454292606989,-1.0829289304445018,1.572170277860351
1771415174787,1.957742447441433,-1.2494032221319258,1.50723159436111
1771415174799,1.929609171766311,-1.1514575432720004,1.5483982310138042
1771415174812,1.9503289965617014,-1.1756903789905278,1.5561283133400285
1771415174826,1.9523063822013853,-1.2663008899655062,1.4859280823972703
1771415174839,1.9122329726079343,-1.1636344241361298,1.5174287029361067
1771415174854,1.9104791781474122,-1.1074156117290606,1.5567791600074696
1771415174866,1.9497359467606865,-1.2595332088399405,1.488303180780097
1771415174877,1.9222642109271724,-1.1946873303688343,1.5059289091015062
1771415174889,1.9234731151012232,-1.111164911519207,1.5700513889442334
1771415174903,1.9318383628931508,-1.0873029188288816,1.5968004956950268
1771415174920,1.9265513282373758,-1.1862606852106319,1.5180202920438182
1771415174936,1.9110142726543105,-1.0602887264485081,1.5898941369961346
1771415174949,1.9289413553097488,-1.121394135036023,1.5694871602313352
1771415174960,1.9534551416939436,-1.2212020646720658,1.5246811167753043
1771415174974,1.9235041170835785,-1.1487300938980112,1.5428179606844559
1771415174988,1.9193565653949727,-1.1145832811410483,1.5625727933525657
1771415175001,1.9372229564289596,-1.1399358762964207,1.5663265881825763
1771415175015,1.942339999965157,-1.2311711921885133,1.5022989619212817
1771415175029,1.9220262236388235,-1.1620583102477398,1.530949146098421
1771415175041,1.9364095607517553,-1.1868762508186497,1.53003488594655
1771415175055,1.9342553038541515,-1.206789035633631,1.5116229040214915
1771415175070,1.912649149445203,-1.1196656628922697,1.5506693948786996
1771415175086,1.9474499189890166,-1.2092510148562712,1.5265232294463802
1771415175102,1.9179130829512079,-1.13562034639008,1.5455604234776075
1771415175118,1.9418277219442217,-1.2374131241285924,1.4964971306171633
1771415175133,1.9342751822150104,-1.1377846445376159,1.5642463307252228
1771415175147,1.9339122450048083,-1.2146012983027314,1.5049120431244003
1771415175162,1.9471795391600393,-1.252598657084536,1.4908067487080678
1771415175175,1.9317664069674256,-1.125145561481269,1.570276700638087
1771415175189,1.9393229189251993,-1.2297449294545135,1.4995668682487848
1771415175205,1.942309376271017,-1.1960447914043393,1.530373343372413
1771415175219,1.9315887204188766,-1.2018028210833114,1.5121854926184246
1771415175234,1.9291469177385978,-1.2330995887485328,1.4836014405656701
1771415175249,1.951456924930593,-1.2444248691133282,1.503193558724838
1771415175262,1.9363712848395096,-1.1907899540431728,1.5269423820501125
1771415175278,1.9214174581198544,-1.168271385798228,1.525446497748397
1771415175290,1.9338677162320659,-1.1796239098789918,1.5324267601182207
1771415175305,1.9375712350954675,-1.1730097607051833,1.5421512222735305
1771415175319,1.9389776731534518,-1.2339198019488609,1.4956859093225616
1771415175333,1.937106269455014,-1.1782503259786328,1.53756524040223
1771415175346,1.9642447769908047,-1.2111037386436523,1.546442782057915
1771415175359,1.9442887646453142,-1.2131007517753027,1.519422708257382
1771415175371,1.9278394063516358,-1.0926608285405202,1.5882874709747512
1771415175383,1.971743911928111,-1.2379454559876126,1.5346872978640282
1771415175395,1.9443914630807773,-1.1719861362943278,1.5514853070639436
1771415175407,1.9172678568104018,-1.1794415573235968,1.51156662030373
1771415175421,1.9449214403166493,-1.1693059199593925,1.5541695771540853
1771415175433,1.946767608785998,-1.1845010076173403,1.5449470818030817
1771415175445,1.9188651905063776,-1.2013023180584175,1.4963008921886498
1771415175457,1.9583591238612539,-1.2012049067044108,1.5466988168741402
1771415175470,1.9353546128359245,-1.1618926523795465,1.5477735434396447
1771415175482,1.9151225382862112,-1.131126732048348,1.54539530628815
1771415175495,1.9524919578330275,-1.195710777854242,1.54353509228843
1771415175508,1.9370146055133823,-1.1422261576869561,1.5643992414559198
1771415175521,1.9516798832564042,-1.1597534594356718,1.5697217205717462
1771415175535,1.931808103613085,-1.202412088131236,1.511981388609352
1771415175547,1.9205358136559147,-1.1043596830574733,1.5712566633023974
1771415175560,1.9414461830479042,-1.1686277344924885,1.5503298035728494
1771415175573,1.9506153208503783,-1.2135640463710904,1.5271419172073204
1771415175585,1.9240703197084907,-1.1379552369970416,1.551484603137956
1771415175598,1.93137362801653,-1.1726505399064444,1.5346318132551722
1771415175613,1.9269044942410827,-1.1452851134211077,1.5496073499123844
1771415175626,1.9248497004214922,-1.1286838141480138,1.5592046744712509
1771415175640,1.9380187194609573,-1.130634292562899,1.5740338793882047
1771415175654,1.9206104810522733,-1.1409869708464662,1.5449573949745186
1771415175668,1.9202687980775377,-1.1819911404549286,1.513383362124815
1771415175681,1.9169693848493978,-1.1053443483290875,1.5662009749922976
1771415175695,1.9184912683254778,-1.162218717273863,1.526386713732597
1771415175710,1.9274394493889855,-1.1397154596429053,1.5543717387137084
1771415175727,1.9215976801621384,-1.1295008034971146,1.5545949888327457
1771415175741,1.9157863997359663,-1.1562312078130716,1.52753622657285
1771415175753,1.934534988650653,-1.2077722833896916,1.5111954651166848
1771415175770,1.912649149445203,-1.1196656628922697,1.5506693948786996
1771415175787,1.9205069263450767,-1.1432301582710394,1.5431693553719203
1771415175800,1.925866827872677,-1.120912324912253,1.5660519143885925
1771415175813,1.9293223760547902,-1.116867148301874,1.5731791391287073
1771415175826,1.9251292747592796,-1.2378872565137,1.4743669369245143
1771415175838,1.9282909242619177,-1.1661681800076285,1.5356945218788067
1771415175850,1.9420603122654698,-1.1573491264944291,1.5595323837225172
1771415175862,1.9531118716510434,-1.1842745829108012,1.5531064662333003
1771415175874,1.9179130829512079,-1.13562034639008,1.5455604234776075
1771415175889,1.9260080484626227,-1.076709014380169,1.5969360353800293
1771415175904,1.934334492776685,-1.1696124017429173,1.5406676343828347
1771415175919,1.9338677162320659,-1.1796239098789918,1.5324267601182207
1771415175934,1.9322440614939016,-1.1247579213503258,1.5711418559564068
1771415175948,1.910492842815173,-1.107813658511897,1.5565127048830947
1771415175966,1.930601340876013,-1.216232090865598,1.4993335314535439
1771415175981,1.9312924326298222,-1.204979974538046,1.5092758930346386
1771415175995,1.8918260123008177,-1.092434640540952,1.544536246568586
1771415176011,1.9267731717811207,-1.1837385497681687,1.5202690226694198
1771415176024,1.9161771008054322,-1.1147228362657569,1.5585659049134684
1771415176039,1.9035773296967469,-1.106207323997554,1.5491649384328217
1771415176053,1.9477301438874772,-1.2459197412368,1.497109452179218
1771415176070,1.9088817488133931,-1.0847042538773355,1.5707470237352963
1771415176084,1.9340419296315325,-1.2138047220763795,1.5057211834326916
1771415176100,1.924507606737186,-1.0945263057846706,1.5829534719424487
1771415176117,1.9352121088686804,-1.1639522841294252,1.5460468901627336
1771415176132,1.929755733908946,-1.149830390939248,1.5497894258985478
1771415176149,1.9314617960164802,-1.133491679144529,1.5638865952431855
1771415176164,1.9165338812500763,-1.1110798357699059,1.5616029317739515
1771415176180,1.949879542430537,-1.1856478826392827,1.5479888011165024
1771415176194,1.9063863820708566,-1.0772677309607566,1.5728328816425075
1771415176208,1.917905480158922,-1.1315573440052815,1.5485281424796056
1771415176223,1.9342751822150104,-1.1377846445376159,1.5642463307252228
1771415176240,1.9438768382735863,-1.139956548449841,1.5745336547761815
1771415176254,1.9133659704365102,-1.1474885128771712,1.531090934477566
1771415176267,1.929643868490041,-1.150836936608894,1.5489027743980148
1771415176285,1.9369965922460244,-1.1466926747273773,1.5611059246890597
1771415176301,1.9374438222104358,-1.2540042479757059,1.4768757260786256
1771415176315,1.9361202998868243,-1.1570299397554504,1.552367074548847
1771415176331,1.895267681965085,-1.0880473254173602,1.5518352373732966
1771415176347,1.934534988650653,-1.2077722833896916,1.5111954651166848
1771415176361,1.9342812564499716,-1.1747705683104739,1.5366711069338055
1771415176377,1.932167896658923,-1.1992272766764842,1.5149675639281752
1771415176392,1.9234521600246979,-1.1488390611523793,1.5426720401544185
1771415176406,1.9439486598688582,-1.1770295913573658,1.5471062449861168
1771415176422,1.9130682667343157,-1.1557966221471523,1.5244554311028813
1771415176438,1.9282909242619177,-1.1661681800076285,1.5356945218788067
1771415176452,1.9215369459936473,-1.1669872028873889,1.5265795436581946
1771415176470,1.9418204888413497,-1.2016982286569533,1.52531576341648
1771415176486,1.9347251661003635,-1.1696177133085148,1.5411540718101613
1771415176503,1.9155126206067867,-1.0893147489505615,1.5756211401928621
1771415176516,1.9313391783633729,-1.1722242489002965,1.534914112310993
1771415176530,1.9154103961746096,-1.1238821804531025,1.5510273467072573
1771415176544,1.9020389185126414,-1.0870002435274964,1.5608275106839649
1771415176561,1.9224254300316783,-1.1974495360627138,1.5039395408777825
1771415176575,1.9420602921072467,-1.120117786310527,1.5864848952859556
1771415176591,1.9420132211286534,-1.162448005799604,1.5556766967628626
1771415176605,1.9357048977051363,-1.194440053742249,1.5232420717062227
1771415176620,1.9318038699874525,-1.12964775674355,1.5670871506660897
1771415176635,1.9235654864429386,-1.1480118783687148,1.5434289448363971
1771415176648,1.9263279169332759,-1.1886376649094093,1.5158759003016047
1771415176661,1.9356329364837361,-1.1222853223134517,1.577070233096942
1771415176678,1.9350938050861197,-1.1649521277016979,1.5451454865629852
1771415176692,1.9263279169332759,-1.1886376649094093,1.5158759003016047
1771415176705,1.9212900656167764,-1.0611015051381967,1.6016925772541903
1771415176719,1.9188651905063776,-1.2013023180584175,1.4963008921886498
1771415176734,1.9132485412487539,-1.1489358150196072,1.5298583181313608
1771415176747,1.9414461830479042,-1.1686277344924885,1.5503298035728494
1771415176761,1.9257217110439138,-1.1591955661819398,1.537748271899543
1771415176777,1.9202687980775377,-1.1819911404549286,1.513383362124815
1771415176792,1.9215976801621384,-1.1295008034971146,1.5545949888327457
1771415176806,1.9122566853964234,-1.160290229769094,1.5200171754114158
1771415176820,1.9365788627528873,-1.189097664224933,1.5285236133590068
1771415176837,1.9234731151012232,-1.111164911519207,1.5700513889442334
1771415176851,1.9398412787368515,-1.223547307655644,1.5052960415214172
1771415176869,1.9236862900739644,-1.182721805152995,1.5171480067001286
1771415176886,1.9274394493889855,-1.1397154596429053,1.5543717387137084
1771415176902,1.93685371849041,-1.1811724288797127,1.5350029381354708
1771415176915,1.9199657197640114,-1.1545074155454147,1.534073333488196
1771415176929,1.9545140819528248,-1.2090001407327347,1.5357226169657467
1771415176944,1.9160973566319996,-1.1927784384623306,1.4995694971662703
1771415176960,1.9163498101443914,-1.1134106727588093,1.559715765332652
1771415176974,1.9338677162320659,-1.1796239098789918,1.5324267601182207
1771415176990,1.966341025487672,-1.1819942728492305,1.5714281935448176
1771415177005,1.9448475927193374,-1.1283520826762028,1.5840624155715826
1771415177019,1.9301228176434135,-1.2220630581274259,1.4939665234361825
1771415177035,1.9330340963596777,-1.110381047374598,1.582300460506906
1771415177051,1.918919518969418,-1.0861893728050525,1.581911744278798
1771415177065,1.9229666942448294,-1.1910941745049304,1.5096673721834575
1771415177079,1.931085462151594,-1.1342327686573535,1.5628842211235963
1771415177093,1.93137362801653,-1.1726505399064444,1.5346318132551722
1771415177110,1.9216639329751168,-1.1660168375228637,1.5274806073762686
1771415177124,1.9285020309715553,-1.130830338091688,1.5621596685079449
1771415177139,1.9389996165822156,-1.1970764913616272,1.5253613955175722
1771415177153,1.9578348314763878,-1.2442971014135529,1.511569366835676
1771415177167,1.9395874465029188,-1.186779222735643,1.534129896428166
1771415177184,1.928545173448617,-1.1638295555922415,1.5377864778836892
1771415177198,1.9263819939690248,-1.1886053624602064,1.515969946608084
1771415177211,1.956984304486567,-1.176079493450822,1.5641689784327106
1771415177226,1.9288783913352217,-1.1965385882621957,1.5129002793837616
1771415177243,1.9479003090606608,-1.1302782670701437,1.5864383546257104
1771415177261,1.949879542430537,-1.1856478826392827,1.5479888011165024
1771415177277,1.9458535375925827,-1.1542237053993114,1.5665610832826955
1771415177294,1.9130502374372569,-1.0766157375569376,1.5813474522076028
1771415177311,1.9460228048476678,-1.2649826762768097,1.4787912583278087
1771415177326,1.9279217262787853,-1.1705907432203626,1.531861447567818
1771415177341,1.9246160698841375,-1.1313520850002616,1.5569808849892228
1771415177354,1.9199657197640114,-1.1545074155454147,1.534073333488196
1771415177367,1.932162847975159,-1.124725644697409,1.571065083074369
1771415177381,1.934534988650653,-1.2077722833896916,1.5111954651166848
1771415177398,1.9137983888076047,-1.1427853304275357,1.5351436289683813
1771415177412,1.9290043609802554,-1.1210612349320503,1.5698023863574262
1771415177427,1.93685371849041,-1.1811724288797127,1.5350029381354708
1771415177441,1.9221724665798843,-1.1230804846522842,1.5599478248553658
1771415177457,1.9218722416502487,-1.1220666090799367,1.5603074818809286
1771415177475,1.9160677198508882,-1.15706391869059,1.5272585226866333
1771415177490,1.9110661057254437,-1.1334898288173358,1.538627462519846
1771415177505,1.934702332869295,-1.1319368003811419,1.5690099415723264
1771415177521,1.9267731717811207,-1.1837385497681687,1.5202690226694198
1771415177536,1.9357048977051363,-1.194440053742249,1.5232420717062227
1771415177550,1.9411643107853165,-1.1719229904242776,1.5474867967067283
1771415177566,1.9206104810522733,-1.1409869708464662,1.5449573949745186
1771415177579,1.9061349368365859,-1.0757206384821587,1.5735868280373193
1771415177596,1.9260419009675154,-1.1561411609064585,1.5404463704850055
1771415177609,1.91631084857437,-1.1504267804544237,1.5325682664002578
1771415177627,1.9517563825052717,-1.2001226722058633,1.5391746321673583
1771415177643,1.9191632346693914,-1.1984520085689832,1.4989664120532027
1771415177657,1.9395127734248125,-1.1546737236487008,1.5583447597349092
1771415177673,1.9181821785016722,-1.1326628935865923,1.5480625437667137
1771415177687,1.929755733908946,-1.149830390939248,1.5497894258985478
1771415177703,1.907385324567388,-1.1026910236419551,1.5563390641998605
1771415177718,1.9304147641988882,-1.178350971466068,1.5290487728918338
1771415177735,1.929752187091251,-1.2263458825676812,1.4899729124694723
1771415177751,1.944774568388039,-1.2041749005704747,1.5271250540427168
1771415177768,1.9387190395823233,-1.2361800632342241,1.4934826298625759
1771415177784,1.9467826528969152,-1.2209339226190823,1.5163387003629274
1771415177802,1.9221244751430175,-1.123464591991613,1.5596120698702416
1771415177818,1.906717033672696,-1.1111376950775766,1.5494976182864222
1771415177837,1.9370146055133823,-1.1422261576869561,1.5643992414559198
1771415177850,1.8976078171008803,-1.0653515748204427,1.5703316368047773
1771415177865,1.9137696397781736,-1.0637768893227808,1.5908780480852165
1771415177879,1.8887362581682734,-0.9719231317987537,1.6194721605492306
1771415177892,1.8923555090319715,-1.047616737911926,1.5759151446097683
1771415177906,1.9298883256692692,-1.1476123811233898,1.5515974904100738
1771415177924,1.9425144913906205,-1.1560920649721678,1.561029687921069
1771415177939,1.926399443270672,-1.1838208992431565,1.5197311912139855
1771415177954,1.9397469051658824,-1.1889191940719286,1.5326738746608735
1771415177968,1.9303947686260567,-1.2145484838739458,1.5004319188348223
1771415177985,1.9052658273595158,-1.090240600467691,1.562502257917021
1771415177999,1.952010536610777,-1.2012947730736308,1.5385824655264557
1771415178013,1.9320327512650046,-1.2001483183061457,1.5140655752072147
1771415178027,1.93709306842809,-1.214629774228599,1.5089745085022264
1771415178044,1.9481596951359144,-1.2051209645453769,1.5306892756419506
1771415178060,1.9610411712455182,-1.2836996120787987,1.4824971437641072
1771415178077,1.8962485195050962,-1.0766152591103635,1.560979830611528
1771415178094,1.952010536610777,-1.2012947730736308,1.5385824655264557
1771415178109,1.9357048977051363,-1.194440053742249,1.5232420717062227
1771415178125,1.923282803502591,-1.1469650981985255,1.5438548525568176
1771415178140,1.9400010627442625,-1.1485168924730427,1.5634938666822245
1771415178153,1.9307748339041433,-1.1786643875923744,1.5292618221413445
1771415178168,1.9311560080182266,-1.1738807029096443,1.533416976116168
1771415178183,1.9139302645613288,-1.1048363973217497,1.5628389529177007
1771415178197,1.8924735601716056,-1.1249620305343673,1.5218135910171735
1771415178214,1.9314617960164802,-1.133491679144529,1.5638865952431855
1771415178232,1.9317158843766296,-1.199569188781981,1.5141202129546794
1771415178246,1.9342553038541515,-1.206789035633631,1.5116229040214915
1771415178263,1.9105276122079162,-1.0647924024472915,1.5862953371612132
1771415178277,1.9239019027986546,-1.1761222325828988,1.5225422902555126
1771415178293,1.941479799085533,-1.1681942058549486,1.5506985869807606
1771415178306,1.9090388735670552,-1.121088008181875,1.5451831926024069
1771415178319,1.90338632439501,-1.0746505370137163,1.5709887724583131
1771415178331,1.918919518969418,-1.0861893728050525,1.581911744278798
1771415178343,1.9622036953542374,-1.1933132269951294,1.5576414492238886
1771415178354,1.9121322959852494,-1.1275939801271175,1.5442738530878863
1771415178366,1.928545173448617,-1.1638295555922415,1.5377864778836892
1771415178378,1.9382237850486015,-1.2019206436416965,1.5205585182149541
1771415178389,1.9626515211756979,-1.1886188215580997,1.5617894514341921
1771415178401,1.907057003736568,-1.1433547426875261,1.5263048017596739
1771415178414,1.934926694848918,-1.203734478317193,1.5149140636185914
1771415178427,1.9577389462677097,-1.2124074732640966,1.5371434222305904
1771415178438,1.9467736442736912,-1.220892549476973,1.5163604468167473
1771415178451,1.901876759347268,-1.1301307805454657,1.5296861202903564
1771415178465,1.930690678266422,-1.1005547990958453,1.586299350479587
1771415178478,1.92226101156503,-1.0847566347716695,1.5869437418830747
1771415178493,1.90005120887986,-1.0732386212495972,1.567913727927682
1771415178508,1.9269903739648757,-1.1406803263423926,1.5531066590703628
1771415178522,1.9221244751430175,-1.123464591991613,1.5596120698702416
1771415178536,1.9147307326534766,-1.1682367077752527,1.5170421131841259
1771415178550,1.9341808388177943,-1.1721759338420188,1.5385249745686607
1771415178564,1.8994265675552702,-1.038337510548635,1.5904956773667944
1771415178579,1.964040556246841,-1.2496296218403558,1.5152165240656301
1771415178596,1.9392674724647505,-1.190737268442918,1.5306544637183535
1771415178610,1.9481596951359144,-1.2051209645453769,1.5306892756419506
1771415178625,1.9364040017525428,-1.1905486690353464,1.5271720023171675
1771415178639,1.90493127654695,-1.0941477719145094,1.5593600679706106
1771415178652,1.9147634354229175,-1.1719938752994417,1.51418273992711
1771415178669,1.9274394493889855,-1.1397154596429053,1.5543717387137084
1771415178683,1.9422257901729418,-1.1962934747475251,1.5300728552227179
1771415178696,1.9250684940326201,-1.1258582943003819,1.561515868594378
1771415178709,1.9210392853683083,-1.1733928515462182,1.5210329226774202
1771415178724,1.9000486134754426,-1.0730422066602476,1.5680450109278299
1771415178740,1.9089577861603257,-1.1215540021772281,1.5447447845978874
1771415178757,1.907385324567388,-1.1026910236419551,1.5563390641998605
1771415178772,1.924637471501666,-1.0981683694861697,1.5805871152734399
1771415178788,1.8834731520372059,-1.0784501724062083,1.5441555427099913
1771415178804,1.929944716811393,-1.1474760948765224,1.551768417527285
1771415178818,1.926266771039986,-1.111513729907862,1.573226271532206
1771415178832,1.8989083779929343,-1.1246980718155064,1.5300023775361393
1771415178848,1.9199848573593175,-1.1846337519380674,1.5109549054350417
1771415178864,1.8982600110836956,-1.0140551975677303,1.604706554471983
1771415178879,1.9090454292606989,-1.0829289304445018,1.572170277860351
1771415178896,1.9240780583686263,-1.1375561755401422,1.5517868159596113
1771415178913,1.919055533688913,-1.1220217898009637,1.5568690518453634
1771415178927,1.9139302645613288,-1.1048363973217497,1.5628389529177007
1771415178941,1.935719546363063,-1.1205882463373844,1.578382762305306
1771415178956,1.91631084857437,-1.1504267804544237,1.5325682664002578
1771415178970,1.9270287793494578,-1.1030545274439236,1.5800982962861911
1771415178987,1.9234731151012232,-1.111164911519207,1.5700513889442334
1771415178999,1.8961596104223666,-1.0441046308903432,1.5828034584086685
1771415179012,1.9215976801621384,-1.1295008034971146,1.5545949888327457
1771415179024,1.9314617960164802,-1.133491679144529,1.5638865952431855
1771415179037,1.9336380896773762,-1.1818290643651217,1.5304366450373024
1771415179051,1.9257217110439138,-1.1591955661819398,1.537748271899543
1771415179064,1.9298883256692692,-1.1476123811233898,1.5515974904100738
1771415179076,1.915285230572089,-1.0883081163799933,1.576040278123948
1771415179088,1.9234622354011413,-1.1819440620410984,1.517470001423469
1771415179100,1.8982600110836956,-1.0140551975677303,1.604706554471983
1771415179114,1.9260080484626227,-1.076709014380169,1.5969360353800293
1771415179128,1.9253148519282683,-1.2002656966603866,1.5053901608805362
1771415179140,1.9390305087994968,-1.2291932382068136,1.4996410561203914
1771415179155,1.9347843463070395,-1.1320776395575967,1.569009459731986
1771415179169,1.909735540313448,-1.03878896364504,1.602500334772371
1771415179182,1.9221244751430175,-1.123464591991613,1.5596120698702416
1771415179197,1.941523795583125,-1.168320711221399,1.5506583648717178
1771415179211,1.910385438940802,-1.1411906529519684,1.5320758528650273
1771415179224,1.9481596951359144,-1.2051209645453769,1.5306892756419506
1771415179239,1.9313605861866567,-1.130137842703798,1.5661871441063715
1771415179256,1.9134716361031565,-1.1461464833105366,1.5322277705896667
1771415179269,1.9286810515798294,-1.165835099106196,1.5364371514693085
1771415179284,1.9381693576174504,-1.1289862224568372,1.5754017164869032
1771415179299,1.9033409385002535,-1.1100974437544646,1.5460887405129204
1771415179313,1.9344741358750477,-1.1315647727024778,1.5689969240085535
1771415179328,1.9055732891986157,-1.124676448430444,1.5382823040174107
1771415179341,1.9122329726079343,-1.1636344241361298,1.5174287029361067
1771415179355,1.9194608533961983,-1.113260483652906,1.5636435217968832
1771415179369,1.9067537590174408,-1.0682869320578885,1.579390049456272
1771415179383,1.9188514211510173,-1.0829418946902312,1.5840541749504689
1771415179400,1.9243256039693843,-1.135202539923992,1.553816019817743
1771415179414,1.9318038699874525,-1.12964775674355,1.5670871506660897
1771415179428,1.9121322959852494,-1.1275939801271175,1.5442738530878863
1771415179441,1.9428236608483305,-1.1897077875166886,1.5359554542610454
1771415179455,1.9394615190602205,-1.1549710721266535,1.558060591397519
1771415179470,1.9163043395064343,-1.1185684960915385,1.5559649228574228
1771415179487,1.945039737715582,-1.1635371381447637,1.5586407249429204
1771415179500,1.9221244751430175,-1.123464591991613,1.5596120698702416
1771415179515,1.927033550950078,-1.1813260794260374,1.5224739736872923
1771415179531,1.9439675874638704,-1.248750771626242,1.4898427740781797
1771415179544,1.9065659823996282,-1.0718568896990406,1.5767424181673295
1771415179558,1.9338677162320659,-1.1796239098789918,1.5324267601182207
1771415179574,1.9517563825052717,-1.2001226722058633,1.5391746321673583
1771415179589,1.9106600603386292,-1.1423906750951862,1.5315238854254865
1771415179604,1.927440173338033,-1.2120426201520789,1.4986588366710518
1771415179617,1.9260419009675154,-1.1561411609064585,1.5404463704850055
1771415179633,1.899542170835089,-1.079062030361207,1.5632931885649703
1771415179648,1.9453176694369128,-1.1975016959276554,1.5330526811802165
1771415179664,1.9254373608724002,-1.1283010232678006,1.5602069835557422
1771415179678,1.9110176153298766,-1.1341592221930763,1.538073855448913
1771415179692,1.9185900611571538,-1.2003926673040446,1.4966780772944102
1771415179707,1.9484439753011333,-1.1639536630343912,1.5625766525825562
1771415179720,1.9320327512650046,-1.2001483183061457,1.5140655752072147
1771415179738,1.93342823787,-1.1840595271024583,1.5284462003194605
1771415179751,1.917523469131404,-1.0604339727115717,1.5976157373376392
1771415179765,1.920116905276615,-1.1838973717302401,1.5116996868225099
1771415179779,1.9304147641988882,-1.178350971466068,1.5290487728918338
1771415179794,1.953006644065365,-1.1864064066497102,1.5513461219289466
1771415179809,1.9089786705802454,-1.1661238366625235,1.5114082050517648
1771415179825,1.9389004276593451,-1.1982963343847604,1.5242771281422671
1771415179841,1.9559959585326603,-1.2284658164846793,1.5221011554836725
1771415179859,1.9083776632880445,-1.1285579347390746,1.5389159475664067
1771415179875,1.9543187974156135,-1.21206854543868,1.533053098587969
1771415179889,1.909339304135739,-1.0750873660782434,1.5778985181615746
1771415179904,1.9137983888076047,-1.1427853304275357,1.5351436289683813
1771415179918,1.9492392605948599,-1.1512066874980533,1.5729770683974242
1771415179935,1.952521943243827,-1.2326066288016908,1.5142730392775212
1771415179949,1.9280818568413067,-1.1690687174628922,1.5332246999478876
1771415179964,1.964540791235914,-1.2078424055980839,1.5493667234289195
1771415179980,1.954851343409081,-1.2414710700292566,1.5100309126334803
1771415179996,1.953415030181239,-1.2218516267869364,1.5241092094256528
1771415180010,1.9505683345409124,-1.1778322391285962,1.5548080409436487
1771415180024,1.9456431714936,-1.1940919661422749,1.5361223021537542
1771415180038,1.9376550652006777,-1.1347437269017728,1.5706252977572077
1771415180055,1.9411643107853165,-1.1719229904242776,1.5474867967067283
1771415180071,1.9413330344692126,-1.2425691670850447,1.4915749447248767
1771415180086,1.9607533576335956,-1.2149127015946293,1.539006451245562
1771415180100,1.951081811734074,-1.2086540067806064,1.531625191740036
1771415180116,1.957135204142838,-1.2868906000101015,1.4745476563681723
1771415180132,1.9536920222262533,-1.1779645651199384,1.558625035418173
1771415180146,1.9497359467606865,-1.2595332088399405,1.488303180780097
1771415180159,1.9497359467606865,-1.2595332088399405,1.488303180780097
1771415180176,1.929609171766311,-1.1514575432720004,1.5483982310138042
1771415180192,1.9389004276593451,-1.1982963343847604,1.5242771281422671
1771415180210,1.9313391783633729,-1.1722242489002965,1.534914112310993
1771415180227,1.9641550534367545,-1.2114249643367871,1.5460771745688358
1771415180244,1.9211660992782749,-1.171326744391555,1.522784567458307
1771415180262,1.9575797640289576,-1.2109279926883123,1.5381066052323955
1771415180278,1.9351368250932564,-1.2370707224570363,1.4880895670192822
1771415180292,1.90417579123808,-1.1023041938466558,1.5526786235938337
1771415180306,1.929755733908946,-1.149830390939248,1.5497894258985478
1771415180323,1.9133250992663142,-1.1880373614586819,1.499793373522081
1771415180339,1.9151716856042091,-1.1676232270626647,1.5180706785139606
1771415180354,1.9419339354551697,-1.1631499493998345,1.555052926714575
1771415180369,1.9083776632880445,-1.1285579347390746,1.5389159475664067
1771415180383,1.901876759347268,-1.1301307805454657,1.5296861202903564
1771415180397,1.9289413553097488,-1.121394135036023,1.5694871602313352
1771415180412,1.919121279925175,-1.1587110834774295,1.5298415316915026
1771415180427,1.8966060391562451,-1.113583523466821,1.5352674698654827
1771415180440,1.906704175771234,-1.1134932358585141,1.5477899171401772
1771415180454,1.9066039771005387,-1.1484473662689025,1.5219091209417246
1771415180467,1.9123578795563838,-1.159431412620036,1.5207996116948794
1771415180483,1.929705452685319,-1.1496392468365393,1.549868619030841
1771415180500,1.9065657272335363,-1.1488763473509067,1.5215373839505824
1771415180513,1.9172725948257903,-1.1798543117226257,1.511250477577939
1771415180527,1.9308690205857264,-1.0987016479589156,1.5878003222792358
1771415180544,1.9179130829512079,-1.13562034639008,1.5455604234776075
1771415180560,1.9107837050847043,-1.1770443935483805,1.505211235419652
1771415180575,1.9313605861866567,-1.130137842703798,1.5661871441063715
1771415180589,1.9212517785914847,-1.170644510125743,1.5234171548375717
1771415180607,1.9025746859662749,-1.0846188995524466,1.5631353998976893
1771415180621,1.9215976801621384,-1.1295008034971146,1.5545949888327457
1771415180635,1.9341583884596618,-1.2118173318567034,1.5074705389693612
1771415180649,1.9220262236388235,-1.1620583102477398,1.530949146098421
1771415180665,1.9274394493889855,-1.1397154596429053,1.5543717387137084
1771415180682,1.943330492195042,-1.25984401667004,1.4796372716161634
1771415180698,1.9132608191877638,-1.0742135691113317,1.5832347173354073
1771415180713,1.9341036672524863,-1.1805789580645307,1.5319890076155191
1771415180730,1.9610171453577112,-1.1696398147741534,1.574017454821258
1771415180744,1.9094376090170275,-1.0780662607893716,1.5759838578095542
1771415180761,1.8923555090319715,-1.047616737911926,1.5759151446097683
1771415180777,1.9005869930970767,-1.062323057720479,1.575976090987804
1771415180793,1.8985542264648378,-1.0532308177134209,1.5796243209846503
1771415180808,1.8805257050220496,-1.030387086085391,1.5731113692542986
1771415180822,2.2876779555539017,-1.7709747786108352,1.448143211789353
1771415180837,2.1196076969282402,-1.5546006850420866,1.4408169553916677
1771415180850,1.8862666167159876,-0.9193518860364581,1.6470561189523525
1771415180867,2.591357727583925,-2.0976140199176663,1.5215617949178968
1771415180881,2.357821886081849,-1.845776320225635,1.4671175215983496
1771415180895,2.3645406298877236,-1.848433780434708,1.4745660208134757
1771415180911,2.4649948115124776,-1.931532846696242,1.5314634448516706
1771415180927,2.3117998426367516,-1.8001354673682515,1.4504932993772142
1771415180942,2.3603669385989647,-1.8585808736026803,1.454994577690703
1771415180958,2.405855330571572,-1.9101141377018673,1.4627384771691418
1771415180972,2.35425942112459,-1.8534807078620412,1.4516014217191706
1771415180986,2.35971628763235,-1.8661477087489897,1.444213864788833
1771415181002,2.3667536248700762,-1.8593609451359345,1.464342718266066
1771415181018,2.3805130032098765,-1.8579489282404211,1.4882432390243119
1771415181034,2.3546161091840347,-1.8542385394529073,1.4512120659767518
1771415181051,2.573814254593716,-2.1022809446191424,1.4849022348427698
1771415181068,2.3337853448127337,-1.8190955964763886,1.4620004263141997
1771415181084,2.359537981036395,-1.866216743132659,1.4438332838678556
1771415181101,2.4586250355226533,-1.9611635865828716,1.4827927879377398
1771415181116,2.296310632145253,-1.7857760172451727,1.443622712323168
1771415181131,2.3473147458818593,-1.8507503634881972,1.4438177198949742
1771415181148,2.4077138296976184,-1.8934992163009918,1.4871942050669449
1771415181166,2.3560181208107784,-1.8653627609334122,1.4391814186236662
1771415181182,2.3893206969152203,-1.871251488214736,1.4856888168662943
1771415181197,2.46160032962284,-1.9296043531957585,1.5284316219338216
1771415181214,2.3652466528816047,-1.8404940080909498,1.4855886157173341
1771415181231,2.3367945243913573,-1.8214020284490307,1.4639341856747476
1771415181246,2.5213959919271773,-2.043646065343248,1.4768034763344426
1771415181263,2.3389205703766818,-1.832443459298143,1.4535131244700328
1771415181280,2.3674095738222656,-1.8912872651972352,1.4239594694822195
1771415181298,2.299259318245149,-1.7891529118599117,1.4441347826710453
1771415181312,2.3701213293375663,-1.862230458965764,1.466142160051689
1771415181329,2.398940780398821,-1.9110828578070271,1.4500617843583876
1771415181344,2.2540783971582914,-1.7352227774417384,1.4387047414890488
1771415181357,2.35431797655672,-1.8526866407015823,1.4527096565053923
1771415181371,2.363590820090015,-1.8570800591933658,1.462126950220176
1771415181384,2.477900322301006,-1.9695774026517874,1.5035806803171117
1771415181399,2.374024451982662,-1.854691597824123,1.4819281951471803
1771415181412,2.36354853481138,-1.8591019045158332,1.4594868224943385
1771415181430,2.5722553632544463,-2.079492974711794,1.5140035078940726
1771415181444,2.3626315199771906,-1.8676319278913927,1.4470586308475586
1771415181460,2.3709669356534464,-1.8523645031325695,1.479942552093264
1771415181477,2.42931656579458,-1.9137773105813591,1.4963406638690115
1771415181491,2.34209473021735,-1.8374600026439778,1.452290764273971
1771415181505,2.3770909108168436,-1.8562708213173966,1.4848635749501324
1771415181519,2.4118436834032235,-1.8808113069824195,1.5098141543577845
1771415181535,2.3604528666025226,-1.85630093405884,1.4580413497786493
1771415181552,2.3765815647822377,-1.865751305358548,1.4721114090365794
1771415181567,2.3846861322297612,-1.8871356639797798,1.4578912630867003
1771415181580,2.3513162704241686,-1.8424567837948234,1.4608357893376849
1771415181594,2.3765655569832367,-1.8658461653548317,1.4719653303898537
1771415181608,2.3652231081162087,-1.8407340301975006,1.4852537093842813
1771415181621,1.9456834251254198,-1.1971493328399616,1.5337918586589967
1771415181635,2.149338257069833,-1.5946814798184865,1.4410572234397598
1771415181653,1.9639277228077403,-1.2860963271423629,1.4842399865667684
1771415181670,1.9583591238612539,-1.2012049067044108,1.5466988168741402
1771415181685,1.9925126918607585,-1.306993895468672,1.5039527201457605
1771415181701,1.9363712848395096,-1.1907899540431728,1.5269423820501125
1771415181714,1.9583591238612539,-1.2012049067044108,1.5466988168741402
1771415181728,2.009741960929713,-1.2966970093726295,1.5354607176367905
1771415181745,1.9682967873415242,-1.2409995936711704,1.527780171218018
1771415181761,1.982161660056007,-1.2723360092928002,1.5199098414224632
1771415181779,2.151313104997037,-1.609469580556098,1.4274998231161258
1771415181798,1.9751089107087874,-1.2724199313926687,1.510629910784216
1771415181814,2.1911949271120106,-1.6539910739931023,1.4372364926317982
1771415181829,2.215798354680165,-1.6771066158962258,1.4481283601671628
1771415181846,2.420095522998875,-1.9005417524476982,1.49826679454703
1771415181859,2.2698302203925205,-1.7470900258381201,1.4490706232009933
1771415181873,2.3367822649471828,-1.8300703596433388,1.453063602367972
1771415181888,2.399921439258804,-1.864721994750195,1.5107729137461074
1771415181903,2.0533632116436666,-1.47569084228017,1.4278084664765212
1771415181920,1.8831905854618882,-0.9185572812018854,1.643976673290497
1771415181937,1.9214872734723263,-1.0933000332434732,1.58012922871072
1771415181951,1.90005120887986,-1.0732386212495972,1.567913727927682
1771415181965,1.8994265675552702,-1.038337510548635,1.5904956773667944
1771415181982,1.935659573058959,-1.1954544191111278,1.5223884900387505
1771415181998,1.9130609680039878,-1.0766218623089032,1.5813562637492111
1771415182014,1.9096936444811798,-1.0749398814514566,1.5784277199279475
1771415182029,1.915856407217363,-1.1184875558671006,1.555471427074847
1771415182048,1.8981115119405763,-1.0585660860294768,1.575520597538977
1771415182061,1.929705452685319,-1.1496392468365393,1.549868619030841
1771415182078,1.9221244751430175,-1.123464591991613,1.5596120698702416
1771415182093,1.9443451733823887,-1.0970451174008338,1.6052944164988496
1771415182106,1.9123217595212345,-1.1595110779275062,1.5206934510616474
1771415182123,1.9123032427199795,-1.1637162069695912,1.5174545402593305
1771415182138,1.9375712350954675,-1.1730097607051833,1.5421512222735305
1771415182153,1.935924773599831,-1.232443302559374,1.4929461594491948
1771415182170,1.9361202998868243,-1.1570299397554504,1.552367074548847
1771415182183,1.9104189782359708,-1.1041150655664091,1.5590479769376744
1771415182197,1.9199848573593175,-1.1846337519380674,1.5109549054350417
1771415182211,1.9313391783633729,-1.1722242489002965,1.534914112310993
1771415182224,1.9352121088686804,-1.1639522841294252,1.5460468901627336
1771415182238,1.9304147641988882,-1.178350971466068,1.5290487728918338
1771415182253,1.9503289965617014,-1.1756903789905278,1.5561283133400285
1771415182270,1.9340419296315325,-1.2138047220763795,1.5057211834326916
1771415182289,1.9343232244099682,-1.1738559257062702,1.5374227142123442
1771415182305,1.9531147731956902,-1.1843594056777131,1.5530454325157348
1771415182319,1.9367006430437772,-1.2189853090498213,1.504953220896547
1771415182334,1.9421028899627355,-1.198644259446241,1.5280757751165948
1771415182348,1.95156963908004,-1.2031094764984995,1.53660393196767
1771415182365,1.9427915238124294,-1.2268528266601162,1.5064099862632032
1771415182379,1.9472487058720953,-1.2122007175408687,1.523924848184435
1771415182394,1.9236862900739644,-1.182721805152995,1.5171480067001286
1771415182409,1.9242141969453468,-1.173225546714768,1.525169529023531
1771415182425,1.9536920222262533,-1.1779645651199384,1.558625035418173
1771415182442,1.9238332580638038,-1.220694048354765,1.4869567731254478
1771415182455,1.9365788627528873,-1.189097664224933,1.5285236133590068
1771415182468,1.950656548757407,-1.2128652164007654,1.5277496319931754
1771415182482,1.9341466821906161,-1.1782182845872047,1.5338595314087118
1771415182499,1.9481596951359144,-1.2051209645453769,1.5306892756419506
1771415182512,1.9269044942410827,-1.1452851134211077,1.5496073499123844
1771415182526,1.9288739630441287,-1.1956595061065338,1.513589478942901
1771415182543,1.944774568388039,-1.2041749005704747,1.5271250540427168
1771415182557,1.8964577927309492,-1.1152282597089267,1.5338898553535525
1771415182571,1.9211595218902897,-1.210996319445057,1.491422751214508
1771415182585,1.9403319845336782,-1.1818506682795575,1.5388688079532853
1771415182600,1.9210392853683083,-1.1733928515462182,1.5210329226774202
1771415182614,1.9379452570608013,-1.2451289735326367,1.4850204236420512
1771415182630,1.9445264354919363,-1.170075636174451,1.5530956390248247
1771415182647,1.9249382470564662,-1.1683576675349108,1.529812934869229
1771415182662,1.9267731717811207,-1.1837385497681687,1.5202690226694198
1771415182676,1.9486099454397585,-1.1633658973965773,1.5632211961975808
1771415182690,1.9161826593124338,-1.1956254053641138,1.497409721451537
1771415182704,1.9307748339041433,-1.1786643875923744,1.5292618221413445
1771415182718,1.93137362801653,-1.1726505399064444,1.5346318132551722
1771415182734,1.9230055028233357,-1.1503156503917757,1.541013974093868
1771415182749,1.9440039668612086,-1.2123541107979672,1.519654215011884
1771415182763,1.9189784588233134,-1.12322517652125,1.5559060152389368
1771415182777,1.9257217110439138,-1.1591955661819398,1.537748271899543
1771415182791,1.9329279460674924,-1.1118655900884473,1.5811278741031554
1771415182806,1.9531118716510434,-1.1842745829108012,1.5531064662333003
1771415182820,1.8981452365909983,-1.0957233481199942,1.5499502197095902
1771415182836,1.9234731151012232,-1.111164911519207,1.5700513889442334
1771415182850,1.9458535375925827,-1.1542237053993114,1.5665610832826955
1771415182865,1.9337837669109958,-1.1807265690430147,1.5314713272942435
1771415182879,1.9246632586774552,-1.0936384910811527,1.583756139728797
1771415182893,1.9500374538131628,-1.1874529659564024,1.5468036478220066
1771415182907,1.9260419009675154,-1.1561411609064585,1.5404463704850055
1771415182921,1.9205358136559147,-1.1043596830574733,1.5712566633023974
1771415182938,1.9499533625988392,-1.1850585515073406,1.5485329656839222
1771415182952,1.923051246228624,-1.1493866231367158,1.54176408252879
1771415182969,1.920412703122478,-1.0638468688585778,1.5988166842805909
1771415182982,1.8958272960436313,-1.0815002722890856,1.5570864771947446
1771415182994,1.9199657197640114,-1.1545074155454147,1.534073333488196
1771415183008,1.9398741370105597,-1.1504241301411355,1.561933413507591
1771415183021,1.9320327512650046,-1.2001483183061457,1.5140655752072147
1771415183035,1.919958078220136,-1.1493349898136733,1.5379428153584778
1771415183049,1.9169693848493978,-1.1053443483290875,1.5662009749922976
1771415183063,1.919636514431368,-1.1112549467036064,1.565284891310517
1771415183077,1.9120199000747278,-1.0850593425085644,1.5743145560899365
1771415183094,1.9353889418844459,-1.1200574486290105,1.5783541009986533
1771415183112,1.8711447099862364,-1.0250760335755937,1.5653758817288597
1771415183126,1.922249967711222,-1.1219319093078217,1.5608695426725128
1771415183140,1.9139302645613288,-1.1048363973217497,1.5628389529177007
1771415183154,1.9083592160942644,-1.0930875762482128,1.5642872013488198
1771415183171,1.9096754694905211,-1.1545807273296977,1.5211192401822642
1771415183188,1.8936113280373723,-1.071165943586066,1.5615272597597627
1771415183202,1.9029441642492313,-1.0761477611346717,1.5694274396909973
1771415183218,1.9175877780346036,-1.0986275906832152,1.5716743630463919
1771415183236,1.9050063881097767,-1.0931833476422728,1.5601280419172945
1771415183252,1.9318383628931508,-1.0873029188288816,1.5968004956950268
1771415183269,1.9191957530231376,-1.078480162468866,1.5875115362047536
1771415183282,1.8698795159815151,-0.9206724121609549,1.6275170394723963
1771415183300,1.9294357861563203,-1.073296215107779,1.6033582530226904
1771415183314,1.8716802694723973,-0.8971555839576683,1.6426499594575348
1771415183328,1.8675749045296244,-0.9097833517791247,1.6309905814732275
1771415183342,1.897264046247702,-0.9883788834256265,1.6194807945704432
1771415183357,2.051131169049498,-1.428121141541574,1.4722802307062175
1771415183370,2.3396592213054874,-1.8251060720946717,1.463896546017839
1771415183385,2.1353941066603577,-1.5654607294778085,1.4523225176325656
1771415183401,2.5210363059254677,-2.017761891549942,1.5113771881311193
1771415183414,2.094800400135669,-1.5364059458727382,1.4239541726809384
1771415183431,2.373557870036985,-1.8638624308125797,1.4696236938141447
1771415183446,2.4125202821124527,-1.9115909256662813,1.4717588948310376
1771415183461,2.419631734747315,-1.909634330477919,1.4859052646977369
1771415183478,2.3375191049219355,-1.8133409968330347,1.47505592947509
1771415183494,2.2547391443061495,-1.7622331085943241,1.4065500630409187
1771415183511,2.393665515357232,-1.862846302473932,1.503142791876275
1771415183528,2.3749701556851495,-1.843712170580936,1.497066689378558
1771415183544,2.261953232479904,-1.7581583783423154,1.423134407774264
1771415183559,2.3515601553360366,-1.8523991087320588,1.4486037091395005
1771415183575,2.376559569159763,-1.8655679905558749,1.472308207671938
1771415183590,2.4556727733819836,-1.954418202496733,1.4868013517881273
1771415183604,2.349157548834974,-1.830895082033031,1.471857461792956
1771415183620,2.3779261865346135,-1.8863037453048317,1.4478919604224665
1771415183636,2.3302635844245465,-1.8181605947593564,1.4575391674186458
1771415183655,2.408445240257984,-1.918460081962525,1.4560629757114492
1771415183671,2.382368527476935,-1.8770929813898318,1.46703842483067
1771415183687,2.153613924552787,-1.5848875701776657,1.4581441375680229
1771415183701,2.3527228757699867,-1.8743712220659674,1.4219836328391153
1771415183716,2.385862979169128,-1.8780838686528165,1.4714425363145704
1771415183732,2.3056833600764315,-1.7561836727327087,1.4939861661208238
1771415183748,2.352603347448799,-1.8635328880595003,1.43596228555903
1771415183767,2.1148443417182725,-1.5337971974897342,1.4560332230654736
1771415183785,2.32127517721735,-1.806936124280438,1.4571548617548613
1771415183800,2.370968503389871,-1.853093984124549,1.4790315514106558
1771415183818,2.407439673060811,-1.8926508363640728,1.487830162027078
1771415183834,2.4175190642077813,-1.9284287141396899,1.4579304236792674
1771415183851,2.3341341817137278,-1.8111169421987354,1.4724258215357113
1771415183868,2.2900349902042603,-1.785978001601402,1.4333676549147076
1771415183886,2.373072559674388,-1.8329595820128497,1.507226772647975
1771415183904,2.3838315417229343,-1.8963150289309734,1.4445214191432618
1771415183921,2.472027952720711,-1.9330072994365495,1.5409104384608363
1771415183936,2.3272456122772707,-1.8158728603448353,1.4555678943034136
1771415183952,2.388806275776435,-1.880798521934197,1.4727499255063707
1771415183966,2.294047973717783,-1.771356259321306,1.4577218898959758
1771415183984,2.365198839780531,-1.840979122096095,1.4849112511209082
1771415184000,2.3871527583551577,-1.8955247114681366,1.451028724710946
1771415184016,2.2945723946377226,-1.7660321107556518,1.464989098257536
1771415184030,2.3547929503764293,-1.8451809699910158,1.462995908102802
1771415184041,2.3604843387063053,-1.8557719462473028,1.4587655043903531
1771415184052,2.467703638007195,-1.9386333270288787,1.5268471005201816
1771415184065,2.3791958328448763,-1.876393700977988,1.4627780043316734
1771415184079,2.351620066337858,-1.8430563233622654,1.460568493880804
1771415184091,2.3546310205687084,-1.8540968341030728,1.451417297951695
1771415184103,2.4794206456466914,-1.9536004567511922,1.5267521060868363
1771415184117,2.353803270248723,-1.8543081736833296,1.4498037908781924
1771415184131,2.1939228829186166,-1.6608509373738742,1.4334823961312735
1771415184142,2.2278775521468046,-1.6926705305751486,1.4485526784629144
1771415184154,2.171742604534312,-1.6460137917148225,1.416723169089173
1771415184167,2.3613826604076227,-1.8475919083841548,1.4705550683150832
1771415184181,2.3396722194815673,-1.8249258895110603,1.46414193041729
1771415184198,2.0220321854305046,-1.381701130855424,1.4763184425826648
1771415184214,2.1881140331206135,-1.6506847808156448,1.4363435439764973
1771415184229,2.3799666403231043,-1.8676944132085593,1.4751131441080647
1771415184246,2.0058013084734783,-1.3756891674581329,1.4596979836980888
1771415184260,2.036923782924455,-1.435220571142413,1.4454066589070764
1771415184276,2.332425553436686,-1.838314756078562,1.4355513992568314
1771415184293,2.1749750017554517,-1.6431411073798403,1.4249924769975733
1771415184308,2.212847340393464,-1.6709911150893382,1.4506833028538368
1771415184325,2.149277027313978,-1.562358236282829,1.475950026816226
1771415184340,1.9871073644260009,-1.3243940806114107,1.4814101380095601
1771415184357,2.198204539353547,-1.6540206630230698,1.4478669977339995
1771415184374,1.95356787187094,-1.256446803000701,1.4959173978651599
1771415184390,2.004186086731953,-1.3582540076120317,1.4737394345866552
1771415184404,2.034617839613504,-1.4263013165305185,1.4509770183351738
1771415184417,2.0230353772206002,-1.409080405324873,1.451607573972934
1771415184432,1.972228308790628,-1.272828775498213,1.5065163159617159
1771415184448,1.9886188109998382,-1.3077748407095804,1.4981087215117073
1771415184463,2.211034054968495,-1.692606165579585,1.4225877689873478
1771415184479,1.9695371575904892,-1.2985951809247216,1.4807859977757463
1771415184496,2.025133253503942,-1.420487339660307,1.443391981518619
1771415184513,2.0114852282551103,-1.3879191207400303,1.4559372712355207
1771415184529,1.9571906619741413,-1.290165302733563,1.4717570380131333
1771415184546,1.993239405059118,-1.3310892815609106,1.4836457294091758
1771415184559,1.9519374280106507,-1.2020149854393396,1.5379270781308516
1771415184575,1.9901521517671925,-1.2897793251155616,1.515643388032961
1771415184589,1.9657678680234767,-1.2703354312337427,1.500163725433243
1771415184603,2.1477162444323405,-1.6099014248734758,1.421584492314442
1771415184617,1.986469245229445,-1.255176463995274,1.5396727270672692
1771415184631,1.9628469259954795,-1.2634808389504424,1.5021265674020248
1771415184646,1.9143301623462394,-1.0608840891623015,1.5934820111412784
1771415184664,1.9624798958432472,-1.2667610130774598,1.4988808749650155
1771415184678,1.9424842246109664,-1.2295761732608192,1.5037910084222963
1771415184693,2.0270517522604994,-1.3609467782998765,1.502252533024174
1771415184710,1.9502008548874439,-1.2179505364639913,1.5231151844594002
1771415184723,1.989968149657129,-1.3317983173138952,1.4786096437700165
1771415184739,2.014254289096094,-1.3918802231618665,1.455984129553919
1771415184754,1.9898969451953405,-1.2971823478294824,1.508975748306559
1771415184768,1.9761334614973338,-1.3006869020356706,1.4877220978806105
1771415184782,2.00125897211197,-1.3211015527986476,1.5032392226959959
1771415184797,1.9642907610767932,-1.2472697595204674,1.517483555442168
1771415184813,1.9683234718287832,-1.2765789931924894,1.4982133906395863
1771415184826,1.9886188109998382,-1.3077748407095804,1.4981087215117073
1771415184842,2.041493278246851,-1.3854561531324707,1.4994018983829684
1771415184856,1.9282385699302478,-1.1632158171910854,1.5378663612951298
1771415184870,2.036105424586205,-1.3773287263934735,1.4995635630011492
1771415184884,2.039669002309273,-1.4119809360351037,1.4719237328254267
1771415184898,1.9695654385627963,-1.2983489790519673,1.481039481369681
1771415184914,1.9994871797378069,-1.336384112291118,1.4872882996755301
1771415184930,1.9857069937572223,-1.303795958607438,1.49771437977181
1771415184944,1.9666695993226027,-1.295849738578763,1.4793791832809728
1771415184958,1.9533122668384921,-1.2549989903110277,1.4967986992578628
1771415184974,1.9766476723295219,-1.2593509309208504,1.523539055395202
1771415184988,1.937541250428833,-1.249773023826957,1.4805855213488175
1771415185001,1.9890131968409852,-1.3071423353694107,1.4991839154328592
1771415185016,1.9422378828993345,-1.2321112371009304,1.5013959814715452
1771415185030,1.979454013278108,-1.3025170364330785,1.4905326432132904
1771415185047,2.0107164724551922,-1.3212643116385723,1.5156653164181404
1771415185064,1.9589456676990094,-1.2673542497954233,1.4937474132269475
1771415185080,1.973152681957139,-1.2943729527423355,1.489271689626758
1771415185097,1.9819026174734005,-1.2352531813588825,1.5498669501252926
1771415185111,2.0114852282551103,-1.3879191207400303,1.4559372712355207
1771415185126,1.9957185945003861,-1.3421759077364348,1.4769754707260625
1771415185140,1.9318038699874525,-1.12964775674355,1.5670871506660897
1771415185154,1.9804940880980593,-1.322955723872286,1.4738198620133056
1771415185168,1.9845310930746447,-1.3210745548520184,1.4809205515160444
1771415185182,1.9612285440989903,-1.24117478241389,1.51851985883902
1771415185196,1.9545930845936452,-1.2443227456179429,1.5073470174711348
1771415185209,2.005027760235795,-1.3489989363094979,1.4833536965781329
1771415185225,1.9942855500108796,-1.319135658069372,1.4956791001388237
1771415185240,1.9477100139072334,-1.2460755394707363,1.4969535891961478
1771415185253,2.0031190705038227,-1.3316416225016283,1.4964012161974911
1771415185267,1.9666621837527194,-1.2191152215502716,1.543216842050218
1771415185282,1.9684626202135915,-1.2753032011962364,1.4994821880225155
1771415185295,1.9431015882619787,-1.2233056372365543,1.5096910611815557
1771415185308,1.9680401835101833,-1.2437933204811253,1.5251755111584149
1771415185324,1.9907171922557663,-1.3236604142358495,1.48690216467919
1771415185338,1.966567399639699,-1.292176178230812,1.4824533927710715
1771415185352,2.005981840507381,-1.3425129440287031,1.4905106975666973
1771415185366,1.959657168229089,-1.2269233275875622,1.528042985394428
1771415185380,1.9637955303676284,-1.2878691255891614,1.4825268970396739
1771415185393,1.9906401821370519,-1.2890228662864878,1.516927283995249
1771415185407,1.9602383887498076,-1.2570811200916687,1.5040882946946692
1771415185424,1.9869466811990766,-1.3648567577824158,1.4439955486994056
1771415185439,2.160099045957355,-1.5845772759299865,1.4680404439088788
1771415185452,1.9617893961577508,-1.275163752393372,1.4908303188019243
1771415185470,1.9509703844575268,-1.2883280212775279,1.4650926082065527
1771415185484,2.1399592786460846,-1.5917203742447266,1.430332815982944
1771415185497,1.9630843291371483,-1.2631086958332869,1.502749648415923
1771415185514,1.9544104180236384,-1.246227954751544,1.5055351098114969
1771415185529,2.002979777520119,-1.3365372411897736,1.491843219667326
1771415185543,2.155668551640655,-1.6010820055364587,1.4434137716122393
1771415185557,1.9718635504754565,-1.2775632193001292,1.5020246610442731
1771415185570,2.1462238427038938,-1.5914781053948637,1.4399563267819773
1771415185584,2.313438731510889,-1.813274185052211,1.4366751526625463
1771415185602,1.973685311362028,-1.2928116654792634,1.4913321916618574
1771415185616,2.037810485435787,-1.430432699394488,1.451390322089491
1771415185629,2.1704270716635348,-1.6258011021402625,1.4378888864197588
1771415185643,2.215831936003221,-1.6794915581692014,1.445413184750357
1771415185657,1.9701255151884323,-1.2922858366434111,1.4870749348998271
1771415185672,1.9948820704497587,-1.3512885437452589,1.467505961331924
1771415185688,2.177283594271325,-1.6187781572677877,1.4560635725941935
1771415185702,2.1459409044622344,-1.5989018884774016,1.4312844289195603
1771415185719,2.1551282753554273,-1.6068934418543133,1.4361306868673398
1771415185735,2.205667015945824,-1.6751719294486485,1.4348400579920566
1771415185754,1.9812038638602738,-1.3185402195859834,1.47872257016285
1771415185770,2.178221433343013,-1.6123652080790014,1.4645569461278214
1771415185787,2.0205798899811374,-1.3991669957995616,1.4577636329876718
1771415185802,2.020324481584612,-1.3641883189242825,1.4902017452011902
1771415185817,2.1914889283582406,-1.6491413113658857,1.443245183003621
1771415185833,2.3330124046027305,-1.8228684100085144,1.4560555071230097
1771415185847,2.0619123050519734,-1.418826667467708,1.4961327619590516
1771415185863,2.321589828740794,-1.7996726938955632,1.4666143077712679
1771415185878,1.9845310930746447,-1.3210745548520184,1.4809205515160444
1771415185895,1.9828294942520963,-1.3009281728873026,1.4963952326388
1771415185911,2.3165420917165247,-1.8187180588521004,1.4347933248728262
1771415185928,2.043179186290162,-1.4060848682825837,1.4823989107106346
1771415185943,2.132657171298933,-1.5950103804767155,1.415686581296965
1771415185957,2.1996232909923186,-1.6671312945000605,1.4349271302663529
1771415185974,2.2053692398124003,-1.6436566727728337,1.4703898210882929
1771415185988,2.2278706895952163,-1.725833814798089,1.4088667265774075
1771415186001,2.314006573927192,-1.811296674445431,1.4400801301737283
1771415186015,2.3544587268187787,-1.813475338051082,1.5015935184242168
1771415186031,2.237944673194903,-1.7238358160318248,1.4271602711844718
1771415186047,2.3337853448127337,-1.8190955964763886,1.4620004263141997
1771415186064,2.1595191926604054,-1.5950227350755142,1.4558247209265527
1771415186081,2.1260887654961986,-1.5604227043469299,1.444068704226971
1771415186095,2.219856061668669,-1.6709408118268696,1.4614095038347377
1771415186109,2.196200143543877,-1.6648760669807439,1.4322998122239898
1771415186123,2.021134046416148,-1.3911558958859733,1.4661746508940219
1771415186139,2.3530100534795007,-1.8299713801695356,1.479142001139853
1771415186153,2.1756552985596667,-1.6387662794181042,1.4310559246908896
1771415186166,2.336633151734277,-1.8229189761833977,1.4617868832542364
1771415186180,2.3436035012105028,-1.826059031676356,1.4690084355507749
1771415186195,2.3197374768166394,-1.818837958064658,1.4397952783819004
1771415186211,2.191009970193299,-1.6544010622895702,1.4364824449263496
1771415186226,2.226321345142022,-1.6715954648782994,1.470467726144741
1771415186240,2.3272456122772707,-1.8158728603448353,1.4555678943034136
1771415186253,2.0468036498312725,-1.405855304112116,1.4876074901876661
1771415186268,2.1854307118888547,-1.641319415254795,1.4429753891091435
1771415186285,2.007001714066962,-1.3669706024533015,1.4695057850502597
1771415186298,2.034753147775601,-1.389172025999792,1.486748618483417
1771415186312,2.1135730188996837,-1.5464776457786718,1.4406935126277132
1771415186327,2.36354853481138,-1.8591019045158332,1.4594868224943385
1771415186340,2.1789186897196817,-1.6421929502149415,1.4320925147049968
1771415186355,2.1684529695490258,-1.612574320573497,1.4497559593852039
1771415186372,2.17261640421682,-1.6366250047628312,1.4288879010115134
1771415186385,2.352516801047219,-1.842079491560238,1.4632424426535113
1771415186402,2.137178838775423,-1.583333525043533,1.435474951847884
1771415186415,2.1415375426167147,-1.5790822055277345,1.4466106714048883
1771415186430,2.319936889071992,-1.7864846447679759,1.4800607363501235
1771415186447,1.990181754719652,-1.3295235316350913,1.4809424687163062
1771415186463,1.9884421761780693,-1.273334292413903,1.5272596595754635
1771415186481,2.170380997395979,-1.6239912889476749,1.4398631765829812
1771415186497,2.1894320773753955,-1.6708191977482896,1.4149120219561713
1771415186514,2.3695974122807724,-1.8318506453548689,1.5031018293517853
1771415186531,2.3441823402312036,-1.8497084264866273,1.4400588811698665
1771415186549,1.9997614620716546,-1.3329867513266211,1.4907019239186157
1771415186565,2.321846655509047,-1.8006933283879065,1.4657678632027071
1771415186581,2.1725761090215516,-1.6381845129623662,1.4270383495132428
1771415186595,1.9759946951790148,-1.2658098719301811,1.517326729316961
1771415186608,2.358745521709723,-1.837228628895919,1.4792807040419658
1771415186622,2.3100912416882933,-1.8183101288096386,1.4248753701265373
1771415186638,1.9734886063738493,-1.2581437529640744,1.5204379554473348
1771415186655,2.134522449413917,-1.585037604545546,1.4296299798299221
1771415186672,2.162298141171821,-1.6051417550821379,1.4488109598587893
1771415186690,1.9885118758606692,-1.2724557396068217,1.5280824163573685
1771415186707,2.3275594699460282,-1.8470789957829588,1.4162740799269231
1771415186725,2.3131832023744567,-1.8200622681820218,1.427651872021839
1771415186742,2.1577948150371262,-1.6129021293645842,1.4333963809401413
1771415186756,2.3275431647204927,-1.821495608145198,1.4490034275821575
1771415186772,2.1742759008577193,-1.616760475835816,1.4538092229814032
1771415186790,1.971763761122611,-1.313154712439848,1.4708762799343138
1771415186805,2.175795908477759,-1.6036434013639262,1.470515445893206
1771415186823,2.1809955468310194,-1.6172707593433242,1.4632760731556447
1771415186836,1.9979530769991476,-1.356542743216594,1.4668361475354907
1771415186850,2.1376886460344555,-1.5406900742339595,1.4818862448047692
1771415186866,2.149338257069833,-1.5946814798184865,1.4410572234397598
1771415186880,1.960245537865576,-1.2199765608825899,1.5343466882093468
1771415186897,1.949879542430537,-1.1856478826392827,1.5479888011165024
1771415186911,2.329467836579067,-1.8354090401692165,1.4344664711736814
1771415186925,2.0163430087806615,-1.369845514796242,1.4795818310087718
1771415186939,2.1716278482183684,-1.6100621102710904,1.4572808625062446
1771415186955,2.3232156118375724,-1.8208171627970458,1.442898346644538
1771415186969,1.9837223730891957,-1.3304787902043076,1.4713873189310531
1771415186984,2.1383153325838564,-1.5712422225957428,1.4503759304041135
1771415186999,1.9748707403277703,-1.3142671566171988,1.4740475847272025
1771415187012,1.9799501771927484,-1.2572409223444843,1.529558095447174
1771415187027,1.9547182278214668,-1.242963227375166,1.508630427099562
1771415187041,2.119463056671973,-1.562960722028365,1.43152975169707
1771415187055,1.9617216036836531,-1.2035982808936698,1.5490974238533115
1771415187071,1.9622080654769687,-1.3056805935022218,1.4647384339787612
1771415187086,2.1512563736792853,-1.6100124357357826,1.4268019982015312
1771415187101,1.9701255151884323,-1.2922858366434111,1.4870749348998271
1771415187117,1.9484622785384123,-1.2771094453616196,1.471562678058681
1771415187132,1.965415234428769,-1.273461443916058,1.4970480936108639
1771415187149,1.9778182275254215,-1.3166561601480078,1.4758663547476456
1771415187166,1.973574041763435,-1.258034587787503,1.5206391663549867
1771415187183,1.9791844806323964,-1.2660493187066952,1.5212791758840458
1771415187199,1.953415030181239,-1.2218516267869364,1.5241092094256528
1771415187217,1.9821008404489635,-1.3047218422561875,1.4921208583918757
1771415187233,1.9498691596939064,-1.2260251089590377,1.5161966139414111
1771415187251,1.9811829651981863,-1.2832698257017603,1.5094053451723468
1771415187267,1.9468122316240983,-1.2568307370841585,1.486759685867791
1771415187284,1.9791844806323964,-1.2660493187066952,1.5212791758840458
1771415187300,1.9521566204798806,-1.2358217461481065,1.5111783755172232
1771415187316,1.9234622354011413,-1.1819440620410984,1.517470001423469
1771415187330,1.9714452390275479,-1.2780828444006287,1.5010331686319207
1771415187343,1.9544153706420573,-1.2507852083203728,1.5017575715304026
1771415187358,1.9456431714936,-1.1940919661422749,1.5361223021537542
1771415187374,1.965340208305317,-1.3101881774398376,1.4649126506650365
1771415187388,1.967184357825305,-1.2863115286089568,1.4883604902846106
1771415187405,1.9559419889228793,-1.2292096808271065,1.5214311106956213
1771415187421,1.946904928605732,-1.2555135639697228,1.4879934447830525
1771415187438,1.9798205215334872,-1.294428290642098,1.4980469611699445
1771415187450,1.9524906473995671,-1.2679422776386617,1.4847700524859948
1771415187463,1.9617893961577508,-1.275163752393372,1.4908303188019243
1771415187481,1.9747082704384697,-1.2402973797738688,1.5365985692639987
1771415187497,1.9694058286968472,-1.299969700126451,1.4794046427053893
1771415187511,1.9474230783335404,-1.2093411959826081,1.5264175437033727
1771415187527,1.9631390119516752,-1.2988303579655325,1.4720579069702815
1771415187543,1.9714452390275479,-1.2780828444006287,1.5010331686319207
1771415187560,1.9531147731956902,-1.1843594056777131,1.5530454325157348
1771415187575,1.9266651238845833,-1.2246079087618569,1.4874051127352992
1771415187590,1.9616366768855817,-1.2003428318611225,1.5515139503408693
1771415187606,1.9865124331287054,-1.3311639273378837,1.4745284824408484
1771415187621,1.9558945129399383,-1.2659763504740282,1.4909148955554168
1771415187635,1.9583908295829429,-1.2795586375449104,1.4825735511193971
1771415187651,2.01488834579953,-1.4231166338837482,1.426363941076104
1771415187668,1.9682967873415242,-1.2409995936711704,1.527780171218018
1771415187683,1.9948457523469714,-1.3525606774259367,1.466284143519886
1771415187697,1.9509703844575268,-1.2883280212775279,1.4650926082065527
1771415187711,1.9714452390275479,-1.2780828444006287,1.5010331686319207
1771415187727,1.9621928377809332,-1.3094428281330204,1.4613556078141243
1771415187741,1.9408471631674322,-1.2520332494674027,1.483003861425575
1771415187756,1.9770053524640603,-1.2512661368534175,1.5306479733875675
1771415187770,1.934926694848918,-1.203734478317193,1.5149140636185914
1771415187785,1.9871073644260009,-1.3243940806114107,1.4814101380095601
1771415187802,1.9766791964114239,-1.2948122742505639,1.4935601159564336
1771415187818,1.9508664812685805,-1.2108193947556454,1.5296393107595088
1771415187836,2.006239281427009,-1.3381290167735724,1.494793226104987
1771415187850,1.98616398840555,-1.334283006565237,1.4712362989099588
1771415187864,1.9737423458922503,-1.2523801080663421,1.5255172607636993
1771415187879,1.9638539418287615,-1.251448714396437,1.5134723056838106
1771415187893,1.9295535917289584,-1.114635996543239,1.575044017976699
1771415187908,1.9854289673209937,-1.2710479148447682,1.5252427290258015
1771415187921,1.9741701525341318,-1.2834037996436205,1.5000741575725365
1771415187936,1.959657168229089,-1.2269233275875622,1.528042985394428
1771415187952,1.9844583205653594,-1.2861936691420097,1.5112182739498954
1771415187966,1.954851343409081,-1.2414710700292566,1.5100309126334803
1771415187980,1.9823377947115943,-1.2703574199013294,1.521793401892538
1771415187995,1.9449201226840678,-1.201867023107538,1.529127183195706
1771415188011,1.974550180142039,-1.2830417536461822,1.5008838303811154
1771415188025,1.974550180142039,-1.2830417536461822,1.5008838303811154
1771415188039,1.9533122668384921,-1.2549989903110277,1.4967986992578628
1771415188053,1.9898252100441276,-1.333318045439489,1.4770468361675526
1771415188068,2.140584966617282,-1.582908955703805,1.4410077158921109
1771415188086,1.9624220587179242,-1.3029204769457612,1.4674803464776371
1771415188101,1.9775177824029009,-1.2485576711698234,1.5335189341780797
1771415188119,1.9490584448307664,-1.2704015079981454,1.4781437108218416
1771415188134,1.971578543949527,-1.239806761765178,1.5329713462565049
1771415188152,1.9652994113656401,-1.2358013463603053,1.528135075393595
1771415188168,1.9659704286757187,-1.2988904424525343,1.4757788943242307
1771415188185,1.9281095388356724,-1.168696553226791,1.533543204551123
1771415188199,1.9401803704979297,-1.2555512373659954,1.479152108612972
1771415188214,1.9645061566418391,-1.207977954111945,1.5492171254744151
1771415188229,1.9372229564289596,-1.1399358762964207,1.5663265881825763
1771415188244,1.974709751219946,-1.3126143084405717,1.4753041309642636
1771415188258,1.983037308700986,-1.26248778614976,1.529235612167964
1771415188274,1.990107174503847,-1.2943296604056682,1.5117001343539773
1771415188289,1.9594077960356175,-1.2661149806933993,1.49540354648132
1771415188306,2.1260434173296,-1.559006878410116,1.4455304097252566
1771415188322,1.926399443270672,-1.1838208992431565,1.5197311912139855
1771415188335,1.9472020340140341,-1.217430649084447,1.519690223676593
1771415188349,1.9260419009675154,-1.1561411609064585,1.5404463704850055
1771415188363,1.9341583884596618,-1.2118173318567034,1.5074705389693612
1771415188377,1.9597245386349282,-1.1852370093993243,1.5606836639364265
1771415188394,1.9720081432251253,-1.2717784926627638,1.507114986504558
1771415188408,1.9263279169332759,-1.1886376649094093,1.5158759003016047
1771415188424,1.9807728652182996,-1.2476560829498073,1.538445787885766
1771415188439,1.9767139125220674,-1.3287546724614803,1.463492026753164
1771415188453,1.9569976012488466,-1.2571440848254776,1.4998094416565233
1771415188467,1.9735430845060324,-1.2577430713606128,1.5208401207378628
1771415188484,1.989758680072198,-1.3379426734361373,1.4727691630127302
1771415188501,2.0031397311410797,-1.3314094145288904,1.496635477790031
1771415188515,1.98778562510746,-1.2438628347805514,1.5505150562427783
1771415188529,1.9684186251816247,-1.276257724191632,1.4986120596749226
1771415188543,1.98547168860328,-1.2704853674799006,1.52576694067758
1771415188559,1.9666695993226027,-1.295849738578763,1.4793791832809728
1771415188571,1.9514883745468046,-1.279831540877853,1.4732067414200731
1771415188584,1.9809387145809476,-1.2864053167312381,1.5064128092960507
1771415188601,1.971284557758956,-1.2440113487069688,1.5291823213558253
1771415188616,1.946904928605732,-1.2555135639697228,1.4879934447830525
1771415188632,1.9502008548874439,-1.2179505364639913,1.5231151844594002
1771415188647,1.9679108239405119,-1.2045077995395501,1.5562242678452922
1771415188661,1.9640521502769148,-1.249372038167961,1.5154439479081396
1771415188674,1.9701050538673013,-1.2574038164525232,1.5166573659347424
1771415188689,1.928545173448617,-1.1638295555922415,1.5377864778836892
1771415188703,1.9398407276231238,-1.2626553434732448,1.472645080168291
1771415188717,2.16797303391978,-1.610935437500332,1.4508597768250897
1771415188732,1.994287919794093,-1.358438195081706,1.460078757183943
1771415188745,1.9724183786752638,-1.2667665316714893,1.5118653428043591
1771415188759,1.9531512152055703,-1.2205343667998405,1.5248263930426667
1771415188773,1.9677144284537056,-1.2834671305953527,1.49151339136671
1771415188787,1.9657469265239966,-1.2663379185422323,1.503512306301703
1771415188804,1.958518882423828,-1.2397400068824744,1.5161929059805426
1771415188817,2.3386460047258057,-1.8360275663334833,1.448539923883191
1771415188834,1.9798205215334872,-1.294428290642098,1.4980469611699445
1771415188849,1.9477100139072334,-1.2460755394707363,1.4969535891961478
1771415188863,1.957290236676195,-1.28507288341702,1.4763376154844197
1771415188877,1.994361823170409,-1.3245616535534765,1.4909780372813268
1771415188892,1.9602383887498076,-1.2570811200916687,1.5040882946946692
1771415188906,2.075666265600313,-1.4867888374417835,1.448395456707062
1771415188920,1.9963931551817513,-1.3314589555767313,1.4875492192432045
1771415188934,1.9689343944167295,-1.3052047880854079,1.4741584415103075
1771415188948,1.9865096255886843,-1.3349933493438326,1.4710585473611273
1771415188966,2.0031397311410797,-1.3314094145288904,1.496635477790031
1771415188980,2.0039927815471588,-1.3960147100024707,1.4377517163786786
1771415188995,2.32751346795533,-1.8131525551891312,1.4593823197245377
1771415189008,2.3274948999773843,-1.8220221691473957,1.448263693032506
1771415189020,2.0204533118305896,-1.4328857961677492,1.4244542394994348
1771415189034,2.114940449544983,-1.568861515301199,1.4183252979935033
1771415189048,2.3221417372411475,-1.7975615628270598,1.4700730171267253
1771415189062,2.358167297518935,-1.847420461847485,1.465602483702516
1771415189074,2.2116913785926453,-1.6865836390039695,1.4307391036751473
1771415189086,2.356989034055213,-1.8250493587149585,1.4915066694154084
1771415189099,2.340993476060199,-1.8456741852473284,1.4400476578460952
1771415189113,2.152358032839125,-1.6013087203625989,1.4382126002847442
1771415189127,2.0940000003064454,-1.5081690882169767,1.4526740868584966
1771415189139,2.107366809957778,-1.5096031670656405,1.4704057772251202
1771415189154,2.335316025581704,-1.8331930882375627,1.4467563860501025
1771415189167,1.9266951160879588,-1.1107259079635874,1.5743068404017235
1771415189184,2.1420769573542717,-1.569346317691317,1.4579594735028947
1771415189201,1.9667897360215003,-1.2543188058716703,1.5149079836597963
1771415189217,1.9512759381797575,-1.1688680583511506,1.5624420786338622
1771415189233,2.091143900601457,-1.5407442101767719,1.41385646082954
1771415189250,1.9430797906992612,-1.1870414185533622,1.5383405811661819
1771415189265,1.958617118158766,-1.2347058968972613,1.5204217716514319
1771415189282,2.0984517143085797,-1.5297682525474257,1.4364221840331663
1771415189299,2.327257415945932,-1.815776610192683,1.455706832419394
1771415189316,1.9132697720504803,-1.1118613838801013,1.557037405998431
1771415189332,2.380078691339019,-1.866877779634864,1.4763271767706707
1771415189349,2.402779464021634,-1.9085930837573701,1.4596648907737775
1771415189366,1.9200415412219467,-1.0295648141843199,1.6206652379228585
1771415189382,2.3494695720725627,-1.8401633762683482,1.460755290504027
1771415189398,2.3443475865596626,-1.8480545678674356,1.4424492784123886
1771415189415,2.356650934576143,-1.8248217961663482,1.4912508305697034
1771415189431,2.37338753792634,-1.8612480198305117,1.4726588925684903
1771415189446,2.238929930570375,-1.7172488714676748,1.4366153094850627
1771415189459,2.370108160656969,-1.8622881612266282,1.46604757691144
1771415189473,2.3464238709928638,-1.8294629757832557,1.4692754005302782
1771415189487,2.418768810211498,-1.9147780278286426,1.4778591480234502
1771415189501,2.0470224824283947,-1.4385552431403792,1.4563172236846726
1771415189518,2.312215490322382,-1.7924166476828804,1.460678963631652
1771415189534,2.0291834821255135,-1.38076817452733,1.4869649802007745
1771415189549,2.05557152946672,-1.4539331814210266,1.4530838299000792
1771415189566,1.8755439972583037,-0.9322085538748027,1.6274681249518546
1771415189580,2.410541846610883,-1.8994382045553453,1.4841989426413742
1771415189595,2.2332154004194527,-1.7079824459346917,1.4387657867247068
1771415189610,2.3587616727742966,-1.8370664005598623,1.479507914437442
1771415189627,2.3749575268211505,-1.8838021712782056,1.4462754349334546
1771415189644,2.098258838088749,-1.53481423234868,1.4307464568530228
1771415189658,2.3494730002135764,-1.8401078796678938,1.4608307122718611
1771415189672,2.341734050713479,-1.8374948462549732,1.4516649249249536
1771415189687,2.311304384028558,-1.7729972798469253,1.4827705828229247
1771415189705,2.3383719916278722,-1.8421513293485365,1.440299292164348
1771415189718,2.399790753121974,-1.9062093191636904,1.457862027183379
1771415189731,2.233130657401154,-1.7065090761408612,1.4403816529218136
1771415189745,2.324534278248846,-1.8105154177590428,1.4579072442411014
1771415189757,2.3295682145657115,-1.8213374081246683,1.4524524474421159
1771415189773,2.391133227050784,-1.8907509548493016,1.4637550806889625
1771415189786,2.31105471403616,-1.804567208849944,1.4437835987474987
1771415189801,2.335629754816065,-1.8332941739134876,1.4471346943104557
1771415189817,2.281485690686472,-1.764219712079911,1.4466187349525803
1771415189833,2.324139522415774,-1.8195693795757224,1.4459570507333341
1771415189849,2.377968650086462,-1.8859287797820163,1.4484500469066741
1771415189866,2.4691960389452405,-1.9565734164668092,1.5062368820070318
1771415189882,2.329162565512302,-1.8263405387822416,1.4455028512543449
1771415189899,2.383568815785287,-1.8595615816813904,1.4911173741589496
1771415189913,2.443166351649534,-1.9428903152448243,1.4812964067870964
1771415189927,2.3388759432946777,-1.7977330175716308,1.4961606450028573
1771415189941,2.349476399201264,-1.8313338011878917,1.471820593357236
1771415189956,2.3928815313891456,-1.907098267086064,1.445288283679279
1771415189969,2.3409081099621347,-1.8130865296775118,1.4807322564152001
1771415189981,2.32816023028329,-1.8060473124518779,1.469191329629362
1771415189997,2.3638737564014014,-1.8578905508824097,1.4615545960192966
1771415190013,2.3102429223087286,-1.7845420942169536,1.4671850169782075
1771415190026,2.3482447277559055,-1.840765770225311,1.458024238687486
1771415190042,2.3568228446193156,-1.8651970366487296,1.4407129954978126
1771415190058,2.2565856011306096,-1.7413335270475212,1.4352477565947401
1771415190075,2.341226829533375,-1.8467156257117463,1.439091541591074
1771415190091,2.2759452484383993,-1.7531331426730157,1.4513617598485788
1771415190106,2.279942605367964,-1.7843399444654549,1.4192495363244182
1771415190123,2.3322450499362075,-1.8054800720819235,1.476349783170301
1771415190140,2.3938732130593485,-1.8999866684682032,1.4562553415682935
1771415190159,2.281386398315354,-1.72864517550714,1.4887947325317186
1771415190175,2.35256053028494,-1.8328492577542854,1.4748575005756057
1771415190190,2.3775346161848288,-1.8945457602041467,1.4364425549424642
1771415190205,2.3575217073136168,-1.8151361489027136,1.5043900296803139
1771415190221,2.3352853646134952,-1.8335869119227126,1.4462077204204504
1771415190238,2.2770984202021767,-1.7744597530920803,1.4270493333951855
1771415190255,2.2153846508453654,-1.681565122023135,1.4423133818960983
1771415190272,2.3747512715878183,-1.885579200826915,1.4436186059056222
1771415190289,2.4062903876251984,-1.9093423277561472,1.464460755710499
1771415190303,2.3302504595722016,-1.8182432366180639,1.457415087347844
1771415190322,2.366507131324052,-1.8304505707140242,1.4999355688763087
1771415190339,2.149435917519591,-1.5952789357945216,1.4405415233632055
1771415190356,2.3417777348322706,-1.8457165819296661,1.4412679343363017
1771415190373,2.356490799933306,-1.8639554625084565,1.4417763085705069
1771415190389,2.33765093339864,-1.8206837328694525,1.466193244863749
1771415190406,2.3447609666654445,-1.8396825239951162,1.4537785944581896
1771415190422,2.233976033882703,-1.69716410257624,1.4526812895087753
1771415190437,2.151368393273441,-1.5785611103571688,1.4616876494121065
1771415190452,2.352629819908008,-1.8336420187244902,1.4739823664780944
1771415190466,2.0018467366728325,-1.309959919609707,1.5137355667829833
1771415190479,2.1346610866727107,-1.5738374382933848,1.442155911398221
1771415190493,2.3067081413708226,-1.816161327794309,1.422132371086056
1771415190508,2.176985522693526,-1.6251980204430276,1.4484465334851917
1771415190522,2.148510082222627,-1.6079469261259458,1.4249920196879706
1771415190539,2.354069842033908,-1.8639163739359166,1.4378666739816781
1771415190553,1.9972954912799716,-1.3599731371159125,1.4627584714539879
1771415190570,1.9856690778085122,-1.3049354281826444,1.4966713783722483
1771415190585,1.9845310930746447,-1.3210745548520184,1.4809205515160444
1771415190600,2.201797538868927,-1.6800307239635481,1.4231687070434695
1771415190615,1.9912396215229236,-1.3173497451480218,1.493192847317853
1771415190630,2.344232799889929,-1.8577980461649677,1.4296901201817842
1771415190643,2.013528577558011,-1.3696861977354573,1.4758919514570752
1771415190657,2.0237959726818677,-1.4001958677389723,1.4612329283896026
1771415190672,2.000922551131278,-1.393583371447364,1.435833013428477
1771415190686,1.9966907071758209,-1.3667022262409245,1.4556437767910047
1771415190705,1.9886622334616963,-1.306556216447907,1.4992292459988208
1771415190718,1.9957185945003861,-1.3421759077364348,1.4769754707260625
1771415190733,1.9584789713606015,-1.2362936753651916,1.5189528727099157
1771415190750,1.980299615433896,-1.2897466218372462,1.5027109563542311
1771415190765,1.9979721697459685,-1.2832980524632367,1.531351984235981
1771415190778,2.010092333009133,-1.3330712300050944,1.504457471301467
1771415190792,1.987736974047761,-1.3562008748065266,1.4532093672869582
1771415190805,2.028711303457391,-1.3465271579688936,1.517410348464779
1771415190821,1.9909944033298437,-1.319940676843973,1.4905755008396706
1771415190835,1.9828607837731118,-1.3010574346101993,1.4963243096571164
1771415190851,1.9824512502000184,-1.3055274501158287,1.4918817099266546
1771415190865,2.009814857478377,-1.4059130636397574,1.4362326478770429
1771415190882,1.9963158574440834,-1.3357027751398192,1.483635770385202
1771415190898,1.9677144284537056,-1.2834671305953527,1.49151339136671
1771415190916,1.9341466821906161,-1.1782182845872047,1.5338595314087118
1771415190930,1.9440240767482033,-1.2518001604289608,1.4873553608088192
1771415190944,1.9425324326805933,-1.2290024548090783,1.504322178952781
1771415190959,1.9852695608329527,-1.2369799331582072,1.5527961469986271
1771415190973,1.9793537768642124,-1.3035660452963986,1.4894821044701845
1771415190988,1.9638539418287615,-1.251448714396437,1.5134723056838106
1771415191002,1.959949859045137,-1.299586525372568,1.4671326841976862
1771415191019,1.9814723582998517,-1.3155770098052424,1.481718542091673
1771415191035,1.9818829649103558,-1.2753237066758465,1.5170397258451875
1771415191052,1.9716829777676625,-1.3111238807532677,1.4725786682338056
1771415191068,1.981805648141169,-1.2769647236700932,1.515557561264633
1771415191085,1.9451821285029953,-1.2388695987363976,1.4996451681561744
1771415191103,1.990107174503847,-1.2943296604056682,1.5117001343539773
1771415191118,1.949914505870053,-1.257246054323637,1.490469368719163
1771415191133,1.9549978902609677,-1.240534238378519,1.5109902562013637
1771415191147,1.9811647945999948,-1.2862651759552972,1.5068297317504482
1771415191163,1.9451363358144604,-1.235519038021104,1.5023475202472665
1771415191177,1.9506881501457018,-1.2492023828867216,1.4982248381698244
1771415191190,1.9716704356561499,-1.31454660298424,1.4695072423853877
1771415191204,1.983492230444718,-1.2899681572082249,1.5067261136727466
1771415191218,1.9817887724302152,-1.2730780386639973,1.51880184553545
1771415191232,1.9419339354551697,-1.1631499493998345,1.555052926714575
1771415191247,1.964147241313711,-1.2481794178526961,1.516549546308714
1771415191261,1.9738704604912796,-1.286223351294709,1.4972621966056123
1771415191276,1.9859146701333952,-1.336808352805963,1.468604951959253
1771415191289,2.0217824641337616,-1.3472637760409645,1.507476251901378
1771415191303,1.9497328199479227,-1.227829334417885,1.514560396526006
1771415191319,1.9714923998849914,-1.2771832038604247,1.5018606282145834
1771415191332,1.9758513268303495,-1.3421352421854664,1.4500556739039407
1771415191348,1.942486025699092,-1.2297344152782907,1.5036639345001308
1771415191364,1.9502433755221404,-1.1394662635482662,1.5827399843320271
1771415191379,1.9442038986818482,-1.2498488924005922,1.4892301856377714
1771415191393,1.9817887724302152,-1.2730780386639973,1.51880184553545
1771415191410,1.9254379184514232,-1.1989530002077893,1.5065931372149848
1771415191424,2.12124843841923,-1.5758135062680363,1.4200375808263879
1771415191443,1.9865344750729892,-1.2543830634417068,1.540403307839903
1771415191460,1.9476877182514603,-1.253572380000715,1.490652117674316
1771415191476,2.111540306095545,-1.5375379655169885,1.4472662052504193
1771415191490,1.9546092537910278,-1.2448271148856689,1.5069514886189737
1771415191505,1.9155943652096687,-1.1582158778976044,1.5257908612286661
1771415191522,1.979454013278108,-1.3025170364330785,1.4905326432132904
1771415191536,1.983027425997291,-1.3296404042498677,1.4712084038788285
1771415191550,1.949879542430537,-1.1856478826392827,1.5479888011165024
1771415191564,2.023146381123178,-1.441367028940206,1.4197120719835745
1771415191577,1.960959628737051,-1.2076715971456615,1.5449569505278133
1771415191591,1.9775177824029009,-1.2485576711698234,1.5335189341780797
1771415191607,1.9886622334616963,-1.306556216447907,1.4992292459988208
1771415191620,1.9805756136179105,-1.2507406538540444,1.5356847261253594
1771415191633,1.9386830991659996,-1.1598529322169588,1.5534585075307312
1771415191646,1.9560224812027431,-1.3030026686411535,1.4588378910915936
1771415191658,1.9932258087731347,-1.295848946862978,1.5145047479864262
1771415191670,1.9638549924789468,-1.2512496624297529,1.513638237411408
1771415191683,1.9389187281521445,-1.1981702175049118,1.524399542201244
1771415191695,1.9478327983085424,-1.16786911667224,1.5588888146656543
1771415191706,2.124724809878632,-1.5765225114663544,1.424441044253362
1771415191718,1.9666695993226027,-1.295849738578763,1.4793791832809728
1771415191730,1.9884696751597408,-1.27679848508397,1.5244006289414749
1771415191742,1.9625068888151092,-1.2667345859572694,1.4989385502369417
1771415191757,1.986688808533123,-1.3292382606340178,1.4765019703398334
1771415191773,1.9752680005365522,-1.2347199776398319,1.541800976378197
1771415191789,1.962753659690273,-1.267715890225692,1.4984319638531611
1771415191804,1.9701255151884323,-1.2922858366434111,1.4870749348998271
1771415191818,1.9583778685473843,-1.273072300124497,1.4881299656521665
1771415191832,1.9368958101496723,-1.2167127033714955,1.5070419957087402
1771415191847,2.0522925026822514,-1.4525570474713172,1.4498215546773985
1771415191859,1.9403140541101205,-1.2189634899062258,1.5096180440273248
1771415191874,1.9456431714936,-1.1940919661422749,1.5361223021537542
1771415191891,1.9938901280899017,-1.3278508255633148,1.487417233981504
1771415191905,1.9640521502769148,-1.249372038167961,1.5154439479081396
1771415191920,1.957466440529861,-1.2115025878822676,1.537509787076236
1771415191936,1.9695371575904892,-1.2985951809247216,1.4807859977757463
1771415191950,1.9484439753011333,-1.1639536630343912,1.5625766525825562
1771415191964,1.9495151230908514,-1.2299649372392392,1.5125460218856193
1771415191978,1.924149247365492,-1.2172277169679915,1.4902036811060695
1771415191994,1.9571067929978303,-1.215664262768086,1.5337624977247222
1771415192007,1.9326229196692857,-1.233743548520872,1.487584688719994
1771415192022,1.9738704604912796,-1.286223351294709,1.4972621966056123
1771415192036,1.9718635504754565,-1.2775632193001292,1.5020246610442731
1771415192048,1.95626840463774,-1.2615884150206376,1.4951189725468688
1771415192062,1.9653965335896457,-1.2337773305281803,1.5298944515622483
1771415192079,1.9383146500036337,-1.2406001318352806,1.4892867404596717
1771415192095,1.9680401835101833,-1.2437933204811253,1.5251755111584149
1771415192112,1.976114734348538,-1.2645700205605965,1.518516416246056
1771415192126,1.9477100139072334,-1.2460755394707363,1.4969535891961478
1771415192140,1.979942883546604,-1.257103551859936,1.5296615579950925
1771415192154,1.9633210570231243,-1.293013934288799,1.4774114317567058
1771415192170,1.9569976012488466,-1.2571440848254776,1.4998094416565233
1771415192183,1.9556459835727231,-1.2322778170408792,1.518565966526673
1771415192198,1.9529873883827171,-1.2582633148448932,1.4936308679514787
1771415192214,2.004903171358003,-1.3148838532686895,1.5135115390820981
1771415192227,1.951897768483749,-1.2387084374587594,1.5084781422282254
1771415192241,1.955686319725995,-1.267531628646502,1.4893194927698197
1771415192256,1.9318038699874525,-1.12964775674355,1.5670871506660897
1771415192270,1.9769637592504927,-1.3268303152106238,1.4655739558370697
1771415192283,1.9531118716510434,-1.1842745829108012,1.5531064662333003
1771415192300,1.9578675237884455,-1.2074756719759054,1.5411838768595507
1771415192314,1.957466440529861,-1.2115025878822676,1.537509787076236
1771415192331,1.970006118426938,-1.221963881587025,1.54522761389264
1771415192345,1.9695371575904892,-1.2985951809247216,1.4807859977757463
1771415192364,1.9580738493268572,-1.241653388881281,1.514050878041199
1771415192377,1.9370443681378586,-1.2152994065225236,1.5083727114478696
1771415192391,1.9616391044712107,-1.2729644214300861,1.4925111584051154
1771415192434,1.9973854881629156,-1.323909218822931,1.495597930140138
1771415192446,1.9595699777556805,-1.299036104543246,1.467112707604466
1771415192461,1.9813090978905492,-1.314350899908837,1.4825880929282726
1771415192473,1.9817025369062276,-1.278062970507206,1.5144966121450636
1771415192485,1.9695371575904892,-1.2985951809247216,1.4807859977757463
1771415192500,1.949355934435262,-1.267286508655175,1.481206759402127
1771415192515,1.971284557758956,-1.2440113487069688,1.5291823213558253
1771415192529,1.9737033399773365,-1.2916713145343186,1.4923438241393565
1771415192541,2.1143099709751088,-1.5435955427437886,1.444859665775979
1771415192556,1.9678323293370528,-1.2461734087791014,1.5229628727043762
1771415192571,1.9507180332279872,-1.2129225945769564,1.5277825842460604
1771415192585,1.9837746145815165,-1.3644933586465209,1.4399720815583825
1771415192601,1.9493547144156986,-1.2276735624202741,1.5141999295829542
1771415192619,1.935245233651324,-1.235508780552832,1.4895274980835436
1771415192633,2.2004012862604263,-1.6581572299706508,1.446471714646573
1771415192647,2.001253816986424,-1.3561427639001153,1.471697538193255
1771415192662,1.951897768483749,-1.2387084374587594,1.5084781422282254
1771415192676,1.9710922022215434,-1.2819249615593533,1.49728850345871
1771415192689,1.9858443598201618,-1.3375532916983466,1.4678313981164413
1771415192705,1.9670671789789813,-1.2192144736324673,1.5436545448711747
1771415192721,1.9859146701333952,-1.336808352805963,1.468604951959253
1771415192736,1.9794278214389192,-1.299151802412787,1.4934319852521014
1771415192752,1.9451305509658774,-1.200104375853049,1.530778346906952
1771415192768,1.962753659690273,-1.267715890225692,1.4984319638531611
1771415192784,1.96630314552118,-1.264070753054149,1.5061451428596127
1771415192799,1.941695371046141,-1.239896569932209,1.4942681853711381
1771415192816,1.9807525718526915,-1.2485178667943804,1.5377203540293864
1771415192831,1.93715036233028,-1.1782758127255641,1.5376012602174356
1771415192847,1.9467826528969152,-1.2209339226190823,1.5163387003629274
1771415192863,1.9628469259954795,-1.2634808389504424,1.5021265674020248
1771415192875,1.9403140541101205,-1.2189634899062258,1.5096180440273248
1771415192889,1.9780361505831876,-1.279362801420926,1.5085946557489704
1771415192903,1.965710803109702,-1.2342823908854854,1.5298908265010935
1771415192919,1.9912763331439385,-1.3524895579819216,1.4614901404008978
1771415192932,1.9799501771927484,-1.2572409223444843,1.529558095447174
1771415192947,1.9636362059636816,-1.2893736087651257,1.4810073755358002
1771415192961,1.9999039613592122,-1.291302989000616,1.5271386463770553
1771415192974,1.9517563825052717,-1.2001226722058633,1.5391746321673583
1771415192991,1.9525400131161503,-1.2678295787179348,1.4849311977824158
1771415193006,2.000481629654832,-1.325728178559372,1.4981226742694012
1771415193019,1.9529873883827171,-1.2582633148448932,1.4936308679514787
1771415193034,1.9418277219442217,-1.2374131241285924,1.4964971306171633
1771415193050,1.969447357824781,-1.2603019383713085,1.513394171847022
1771415193065,1.934926694848918,-1.203734478317193,1.5149140636185914
1771415193079,1.9604140388297753,-1.2545701940266434,1.5064119064521568
1771415193093,1.9851512412056798,-1.3142807664073823,1.4877807356973252
1771415193106,1.9687370020939392,-1.2726060508915609,1.5021315597004203
1771415193124,1.9845310930746447,-1.3210745548520184,1.4809205515160444
1771415193138,1.9598424190756272,-1.224737159295645,1.5300330709656702
1771415193151,1.9214174581198544,-1.168271385798228,1.525446497748397
1771415193166,1.9556459835727231,-1.2322778170408792,1.518565966526673
1771415193180,1.9955082047898889,-1.305369464789779,1.5093255300889237
1771415193194,1.9657678680234767,-1.2703354312337427,1.500163725433243
1771415193210,1.9571960567230484,-1.2192275059465862,1.531045620873368
1771415193223,1.9674885095537944,-1.2865762207895135,1.4885337293206307
1771415193237,1.9799501771927484,-1.2572409223444843,1.529558095447174
1771415193250,1.9789694052056672,-1.2690263026858934,1.5185164305437868
1771415193264,1.930997462909721,-1.1720407535804966,1.5346242777013015
1771415193278,2.148764471108249,-1.6065340183211223,1.4269678343516026
1771415193292,1.9959975203957387,-1.3399024760043134,1.4794145653681552
1771415193305,1.9536728029815882,-1.218912549459166,1.5267906267333748
1771415193323,2.00917079042969,-1.3776235751019839,1.4625048890308345
1771415193338,1.991513424543476,-1.3143564279118094,1.4961928019288797
1771415193355,1.9521566204798806,-1.2358217461481065,1.5111783755172232
1771415193369,1.9767139125220674,-1.3287546724614803,1.463492026753164
1771415193387,1.9865941304012187,-1.330024000151451,1.4756667638615797
1771415193399,1.9583908295829429,-1.2795586375449104,1.4825735511193971
1771415193412,1.9716829777676625,-1.3111238807532677,1.4725786682338056
1771415193428,1.9653965335896457,-1.2337773305281803,1.5298944515622483
1771415193445,1.9820324991961689,-1.3100845442122044,1.4873235407557133
1771415193458,1.9926334960111276,-1.341202816349593,1.4736903524287077
1771415193471,2.087531015642592,-1.4725139008220782,1.4796920467298385
1771415193485,1.9872868075792256,-1.2866939695287796,1.5145056897736309
1771415193501,1.9367492511306132,-1.1458649735633748,1.5614067772734939
1771415193515,1.9500124416910258,-1.220928685364679,1.5204873126742862
1771415193532,2.0037209182179327,-1.3640309720192703,1.467759185110514
1771415193545,1.956178123017182,-1.2264199838018135,1.5239838819038032
1771415193563,2.150665993874144,-1.5886267150024147,1.4496997542895893
1771415193579,1.9772672104027547,-1.2473411697719627,1.5341856561465441
1771415193597,1.9834467266595743,-1.253209697893073,1.5373764570212896
1771415193613,2.1932679895264693,-1.668328114268214,1.4237646494500926
1771415193627,2.0054894749805663,-1.344790813697747,1.48779222395198
1771415193643,2.123738052682811,-1.5494678947734193,1.4523816851913984
1771415193660,2.2271410145937427,-1.700435112182619,1.438289792824148
1771415193676,2.1753914805344303,-1.6426671860280246,1.4261741161332837
1771415193692,2.292488801571918,-1.7682920912431026,1.4589886858299288
1771415193707,2.367896456451862,-1.8510394615035164,1.4766809203189617
1771415193724,2.022402431565189,-1.411425551866271,1.4484438224314329
1771415193742,2.191767890691639,-1.6455713943471015,1.4477366033824706
1771415193759,2.353803270248723,-1.8543081736833296,1.4498037908781924
1771415193774,1.9978756829610476,-1.3545028659207072,1.468614731908836
1771415193789,2.1684688922395194,-1.6459182984111531,1.411810997111803
1771415193804,2.2118116660161697,-1.6843028291258397,1.433609021220192
1771415193820,2.3741669776953502,-1.852624232165049,1.484739806287262
1771415193836,2.3447609666654445,-1.8396825239951162,1.4537785944581896
1771415193853,2.374787699570498,-1.88527092274668,1.4440810800911494
1771415193871,2.125849190681211,-1.563764186936558,1.4400959513777565
1771415193888,2.3753069420933413,-1.8440562339283204,1.4971772357563147
1771415193906,2.3749575268211505,-1.8838021712782056,1.4462754349334546
1771415193921,2.3578494220857196,-1.815477356524444,1.5044918960157205
1771415193936,2.3460720096399594,-1.829404378901256,1.468786401378018
1771415193951,1.9995745044643818,-1.3355853587384618,1.4881229614609917
1771415193967,2.331294068571693,-1.8158478563360494,1.4620631302366296
1771415193983,2.3810280847446808,-1.8876317508332672,1.451255013286451
1771415193997,2.0488241858193788,-1.4186289907198335,1.478232840620065
1771415194009,2.314854732279359,-1.8022035286592473,1.4527955371779953
1771415194021,2.341693993673645,-1.8379563430415684,1.4510159341235673
1771415194033,2.3723643119429596,-1.8729059133833512,1.45613731089972
1771415194045,2.0467338985362877,-1.4379715177302577,1.456488093193381
1771415194060,2.157764017388659,-1.6132631806205804,1.4329436362925148
1771415194071,2.3683289253608426,-1.8419916021480847,1.4886399283630598
1771415194083,2.3893622360946374,-1.87621808480531,1.4794788249666369
1771415194095,2.107897059601278,-1.541357120957603,1.437862385469835
1771415194107,2.3938698459310737,-1.8974422684437706,1.4595635228317472
1771415194118,2.3285811785925983,-1.8356890316045456,1.432667471726241
1771415194130,2.212847340393464,-1.6709911150893382,1.4506833028538368
1771415194142,2.1803921925209355,-1.6231838218388055,1.455810562445204
1771415194154,2.328532391975423,-1.8360146312043555,1.4321708607852341
1771415194166,2.29249541683335,-1.792021121077146,1.429753663333416
1771415194178,2.1784848348191774,-1.6093534254957547,1.468256696692448
1771415194191,2.142180766877413,-1.596109275287366,1.4287664677340173
1771415194203,2.351620066337858,-1.8430563233622654,1.460568493880804
1771415194214,2.073887512156101,-1.4323461839400877,1.4997979271986248
1771415194230,2.31105471403616,-1.804567208849944,1.4437835987474987
1771415194247,1.947629282603206,-1.2110799110558779,1.5253016985142205
1771415194263,2.0984764431569856,-1.5289055689785844,1.4373764794343424
1771415194279,2.026649580771712,-1.4040097156470561,1.4615283923382496
1771415194292,1.9803287030399035,-1.3283160976292647,1.4687675503164779
1771415194306,2.213340998613358,-1.6684080488298467,1.4544046750277448
1771415194323,2.183199960450868,-1.6317448966000867,1.450438092347358
1771415194339,1.926123012884908,-1.2309133002292576,1.4814865197103728
1771415194357,2.1329944570628445,-1.5566167002460316,1.4582900268382741
1771415194373,2.0029948744861796,-1.371269063591763,1.460003295357266
1771415194388,2.1509562304075676,-1.5795349733178903,1.4600280727420227
1771415194403,1.9923881671351034,-1.3397663533186004,1.474664954169372
1771415194418,2.002330665506439,-1.3398796753313633,1.4879685983452002
1771415194433,1.9695654385627963,-1.2983489790519673,1.481039481369681
1771415194450,1.957431892789951,-1.252088021771861,1.5045980196207482
1771415194465,1.968219784348957,-1.2419838730648076,1.5268808658666184
1771415194478,1.967184357825305,-1.2863115286089568,1.4883604902846106
1771415194492,1.9793507625838476,-1.3037201143262445,1.489343246146577
1771415194506,1.943584874160112,-1.2219215707514457,1.5114330411884935
1771415194521,1.939632264347181,-1.1929811351102269,1.5293689326541478
1771415194537,1.9123578795563838,-1.159431412620036,1.5207996116948794
1771415194556,1.9383146500036337,-1.2406001318352806,1.4892867404596717
1771415194573,1.980842273868346,-1.2838415036115105,1.5084717788372626
1771415194588,1.9625068888151092,-1.2667345859572694,1.4989385502369417
1771415194601,1.952521943243827,-1.2326066288016908,1.5142730392775212
1771415194619,1.962753659690273,-1.267715890225692,1.4984319638531611
1771415194633,1.947598456747936,-1.208316278043555,1.5274526247782325
1771415194646,1.9545000310008978,-1.285501348855327,1.4722624267682867
1771415194664,1.960245537865576,-1.2199765608825899,1.5343466882093468
1771415194678,1.9744667669777098,-1.2790816562142093,1.504150634290238
1771415194692,1.9577802132767415,-1.280036262087637,1.4813542895737783
1771415194706,1.9681490747316017,-1.2429238895754575,1.5260245689665275
1771415194720,1.9387190395823233,-1.2361800632342241,1.4934826298625759
1771415194733,1.950768908457522,-1.2116047519927684,1.5288928213426518
1771415194749,1.9415062654550554,-1.2449716091818446,1.4897960501801597
1771415194763,1.9525400131161503,-1.2678295787179348,1.4849311977824158
1771415194778,1.9857152945889422,-1.3037785669862976,1.4977405247343767
1771415194793,1.9437371520083409,-1.2550193083177268,1.4842643470242052
1771415194810,1.957742447441433,-1.2494032221319258,1.50723159436111
1771415194823,1.9535735749712178,-1.256439579067984,1.4959309131698868
1771415194840,1.9769190093935234,-1.2922249189441368,1.4961161480851974
1771415194853,1.9507307134848246,-1.2910732306621906,1.462354344747027
1771415194867,1.9789001804676376,-1.339824653909432,1.4563364381321096
1771415194881,1.96710348996582,-1.2146880787281722,1.5472650101489953
1771415194895,1.9728558847660196,-1.2661596312391192,1.5129441927170781
1771415194909,1.9456189372395212,-1.1940729788557316,1.5361063667961419
1771415194923,1.9447317169700935,-1.2440238337587266,1.4947863232013088
1771415194939,1.9525400131161503,-1.2678295787179348,1.4849311977824158
1771415194953,1.931085462151594,-1.1342327686573535,1.5628842211235963
1771415194966,1.9677144284537056,-1.2834671305953527,1.49151339136671
1771415194981,1.9898969451953405,-1.2971823478294824,1.508975748306559
1771415194998,1.9689082793187211,-1.2733157569031859,1.5017545723559074
1771415195014,1.9502707092821974,-1.2173516729369744,1.523683282011598
1771415195030,1.9604140388297753,-1.2545701940266434,1.5064119064521568
1771415195045,1.9606040463595151,-1.2885375799446095,1.4777141576339428
1771415195061,1.9780361505831876,-1.279362801420926,1.5085946557489704
1771415195075,1.9652994113656401,-1.2358013463603053,1.528135075393595
1771415195090,1.9798205215334872,-1.294428290642098,1.4980469611699445
1771415195106,1.9558945129399383,-1.2659763504740282,1.4909148955554168
1771415195124,1.9660895054682692,-1.2667166099141376,1.503641238354448
1771415195139,2.0037209182179327,-1.3640309720192703,1.467759185110514
1771415195151,1.962753659690273,-1.267715890225692,1.4984319638531611
1771415195166,1.9610368427326603,-1.2830546982341564,1.4830496080354623
1771415195181,1.9714923998849914,-1.2771832038604247,1.5018606282145834
1771415195198,1.949565231082095,-1.261434378453937,1.4864682637374778
1771415195210,1.9791844806323964,-1.2660493187066952,1.5212791758840458
1771415195228,1.9865344750729892,-1.2543830634417068,1.540403307839903
1771415195242,1.9726338021445906,-1.2283496324965637,1.5435158883889017
1771415195263,1.9588441496477058,-1.2362725374656425,1.51944088918171
1771415195274,1.9734886063738493,-1.2581437529640744,1.5204379554473348
1771415195288,1.9677132219905307,-1.285965213168227,1.489358517791318
1771415195304,1.977812445660594,-1.3173916688980996,1.475202108501686
1771415195319,1.9718635504754565,-1.2775632193001292,1.5020246610442731
1771415195335,1.9547182278214668,-1.242963227375166,1.508630427099562
1771415195352,1.9502008548874439,-1.2179505364639913,1.5231151844594002
1771415195366,2.1123374538910564,-1.5611139913030867,1.4229872189407387
1771415195380,1.9830504445012764,-1.258765489560787,1.532318017817288
1771415195394,1.9515994953774753,-1.277546095644271,1.4753360850537396
1771415195409,2.0097603127100276,-1.3674061276007559,1.472866931105527
1771415195423,1.9715269826240591,-1.2361395515380589,1.5358638130830526
1771415195438,1.9657469265239966,-1.2663379185422323,1.503512306301703
1771415195450,1.9747082704384697,-1.2402973797738688,1.5365985692639987
1771415195466,1.9828294942520963,-1.3009281728873026,1.4963952326388
1771415195482,1.9690191405153843,-1.232758013223627,1.535364470263943
1771415195498,1.969447357824781,-1.2603019383713085,1.513394171847022
1771415195512,1.9963931551817513,-1.3314589555767313,1.4875492192432045
1771415195526,1.9646511869347187,-1.2790157190900169,1.491299123799329
1771415195540,1.9407995195351113,-1.2484742021574164,1.4859390773430523
1771415195557,1.9652308741377325,-1.2397458295293664,1.5248484078191835
1771415195574,1.9737033399773365,-1.2916713145343186,1.4923438241393565
1771415195588,1.964147241313711,-1.2481794178526961,1.516549546308714
1771415195602,1.9659704286757187,-1.2988904424525343,1.4757788943242307
1771415195616,1.9442858873687587,-1.209992320498049,1.5218955930539613
1771415195630,1.9753549905146075,-1.2329050888300603,1.5433639818551896
1771415195645,1.992903093707194,-1.3342665317769442,1.4803363006721244
1771415195659,1.9525160267679664,-1.1546233449464356,1.574536047885367
1771415195673,1.977611063923295,-1.2842339493853825,1.5038911807035276
1771415195687,1.9625068888151092,-1.2667345859572694,1.4989385502369417
1771415195701,1.936002915075818,-1.190906501390794,1.5263842871725337
1771415195714,1.9659704286757187,-1.2988904424525343,1.4757788943242307
1771415195731,1.9918406959529145,-1.3106152127494073,1.4999057044241202
1771415195744,1.9769453998807207,-1.3270368703521354,1.4653621596163702
1771415195758,1.980383917878798,-1.2563305805941547,1.5308670531620086
1771415195774,1.9741701525341318,-1.2834037996436205,1.5000741575725365
1771415195789,1.9657851380086735,-1.2660705371916658,1.5037874197076482
1771415195803,1.9828281041615612,-1.2652304824205463,1.5266954892861913
1771415195819,1.943922646256837,-1.2131716648981485,1.518897549579444
1771415195833,1.98408787984348,-1.2500290270886871,1.5407894555640969
1771415195848,1.930199938481373,-1.216633050787511,1.498491181904308
1771415195862,1.9638539418287615,-1.251448714396437,1.5134723056838106
1771415195876,1.9734047363265785,-1.294969499086516,1.489087052455897
1771415195890,1.943143629021407,-1.2620485892512348,1.4775115977126716
1771415195904,1.9522771290866026,-1.1949092134292878,1.5438840501852553
1771415195919,1.9823247526641654,-1.3413730565342468,1.4595649174425291
1771415195932,1.9786779277699904,-1.2357451564203903,1.5453479382416404
1771415195947,1.9722943074117645,-1.3041388967316276,1.4795832430385474
1771415195961,1.9495151230908514,-1.2299649372392392,1.5125460218856193
1771415195977,1.9497272427955477,-1.1458186694002037,1.5775093971679137
1771415195991,1.9523063822013853,-1.2663008899655062,1.4859280823972703
1771415196008,1.9642907610767932,-1.2472697595204674,1.517483555442168
1771415196022,1.9694976789006435,-1.2642511496594608,1.5101622885570127
1771415196039,1.944737996869467,-1.2398855783370577,1.4982288306863032
1771415196052,1.9552558638051885,-1.2727323409755524,1.4843105743675962
1771415196065,1.9729186131726903,-1.3355721737220452,1.4521208017870355
1771415196079,1.953415030181239,-1.2218516267869364,1.5241092094256528
1771415196093,1.9618164071806794,-1.2392982438272748,1.5208101388174466
1771415196108,1.9594077960356175,-1.2661149806933993,1.49540354648132
1771415196121,1.9686568195759917,-1.2734553758791631,1.501306457358896
1771415196136,1.9503211057415641,-1.2920014291992827,1.4609875846317135
1771415196152,1.9765127959473043,-1.2601991047737153,1.5226624868535235
1771415196167,1.9594048664171841,-1.300922914140434,1.4652190969284096
1771415196181,1.93437998839562,-1.2092822650655868,1.5097888405016389
1771415196193,1.9657469265239966,-1.2663379185422323,1.503512306301703
1771415196208,1.9452677232551483,-1.2347409773130296,1.5031570889572163
1771415196222,1.9657678680234767,-1.2703354312337427,1.500163725433243
1771415196236,1.9574779527379196,-1.2477627252970322,1.5082467029018691
1771415196250,2.020818593649467,-1.323037689261377,1.5275074668339026
1771415196263,1.95626840463774,-1.2615884150206376,1.4951189725468688
1771415196277,1.9459010553934135,-1.2665876252531652,1.4772564790640617
1771415196292,2.129272555667995,-1.5590046783200275,1.4502779145036933
1771415196307,1.9643670596259315,-1.3227704099383657,1.452245291792993
1771415196321,1.9744667669777098,-1.2790816562142093,1.504150634290238
1771415196337,1.9763405883013183,-1.221898974237946,1.5533463933467822
1771415196352,1.949935406607256,-1.2614235116761652,1.4869629498179087
1771415196369,1.9575797640289576,-1.2109279926883123,1.5381066052323955
1771415196382,1.9638539418287615,-1.251448714396437,1.5134723056838106
1771415196399,1.9735620846513038,-1.2535154258945587,1.5243511337672773
1771415196414,1.9574779527379196,-1.2477627252970322,1.5082467029018691
1771415196431,1.976792560683086,-1.2930223689067883,1.4952598374458768
1771415196448,1.9983557715135534,-1.313688539246301,1.5058712466191952
1771415196461,1.9746422728344084,-1.2409869146298822,1.5359568950273452
1771415196478,2.168089774532976,-1.6099809679595767,1.4520931627283404
1771415196492,1.9710922022215434,-1.2819249615593533,1.49728850345871
1771415196506,1.9492439644291044,-1.1925450627174916,1.5418781749059896
1771415196520,1.9695371575904892,-1.2985951809247216,1.4807859977757463
1771415196537,1.9563942364224258,-1.1870998775272483,1.5550795121413177
1771415196554,1.9389996165822156,-1.1970764913616272,1.5253613955175722
1771415196570,1.9682967873415242,-1.2409995936711704,1.527780171218018
1771415196584,1.9887581969986377,-1.3094258296290726,1.4968510823824417
1771415196601,1.9725695228642972,-1.3436497103375795,1.4441731123528163
1771415196615,1.9842250180529186,-1.2854726071772504,1.511525421044591
1771415196629,1.964147241313711,-1.2481794178526961,1.516549546308714
1771415196645,1.9660895054682692,-1.2667166099141376,1.503641238354448
1771415196658,2.1158739077597333,-1.5604233971914463,1.4289860793709468
1771415196674,1.9630843291371483,-1.2631086958332869,1.502749648415923
1771415196687,1.9392497768525843,-1.194759990305913,1.5274941121284273
1771415196700,1.98197666038815,-1.3415710145664876,1.4589101052492606
1771415196714,1.9948347786685745,-1.3166401441908047,1.4986075286381413
1771415196731,1.9549978902609677,-1.240534238378519,1.5109902562013637
1771415196748,1.9648803106847261,-1.279911930253616,1.49083201136512
1771415196764,1.974650622638082,-1.277808366833113,1.5054736328266456
1771415196781,1.9780903374397734,-1.2788838377450176,1.5090717387278751
1771415196795,2.023142676221547,-1.4072740592799582,1.4535081734983786
1771415196811,1.951897768483749,-1.2387084374587594,1.5084781422282254
1771415196824,1.993519993603054,-1.2924283704653212,1.517811210958555
1771415196839,1.95356787187094,-1.256446803000701,1.4959173978651599
1771415196854,1.974550180142039,-1.2830417536461822,1.5008838303811154
1771415196868,1.9956585112383862,-1.3042769717334133,1.5104682964180776
1771415196882,1.9761334614973338,-1.3006869020356706,1.4877220978806105
1771415196897,1.9927763182619593,-1.37552736817358,1.4419021860137236
1771415196911,1.9662130774585866,-1.3000632381810153,1.475069300981977
1771415196925,1.9773453164721382,-1.2504777915762295,1.5317309794310934
1771415196939,1.9764297518238076,-1.2967024581521105,1.491588850493524
1771415196955,1.9667897360215003,-1.2543188058716703,1.5149079836597963
1771415196973,1.9590687000056628,-1.1933104167693336,1.5536925115902687
1771415196986,1.9811503876118266,-1.3196196538637683,1.477687662353232
1771415197000,1.9657851380086735,-1.2660705371916658,1.5037874197076482
1771415197015,1.9591856735566409,-1.264723093822117,1.4962900786353566
1771415197032,1.960959628737051,-1.2076715971456615,1.5449569505278133
1771415197049,1.971284557758956,-1.2440113487069688,1.5291823213558253
1771415197063,1.9702278104219473,-1.3302488070649643,1.4533532730421397
1771415197076,1.9463060123177085,-1.2638326153736834,1.4801466866164903
1771415197090,1.9560203663093334,-1.303698933147191,1.458212866877732
1771415197105,1.9637569342374346,-1.292839388471298,1.4781432990014085
1771415197121,2.0814534632057677,-1.4976419184429217,1.445516241214152
1771415197139,1.9506681888603787,-1.2489033792777942,1.4984481079638148
1771415197155,1.9557324148433777,-1.2273345162612586,1.522675035476333
1771415197173,1.9944926912642653,-1.3518387991952079,1.4664695552574663
1771415197187,1.961301519640311,-1.2444153304237193,1.5159598069704283
1771415197201,1.9694058286968472,-1.299969700126451,1.4794046427053893
1771415197215,2.131161578265489,-1.5761374773425418,1.4344477422309037
1771415197229,1.9780645971290118,-1.3143490414232992,1.4782510435392273
1771415197243,1.9174896807848953,-1.176941542630235,1.5137949931043246
1771415197256,1.9907171922557663,-1.3236604142358495,1.48690216467919
1771415197272,1.9694058286968472,-1.299969700126451,1.4794046427053893
1771415197288,1.9655418448105495,-1.2690600061554258,1.5009468493181393
1771415197303,2.00989276519121,-1.4052070373755376,1.437032396878454
1771415197318,1.965710803109702,-1.2342823908854854,1.5298908265010935
1771415197331,1.9720081432251253,-1.2717784926627638,1.507114986504558
1771415197345,2.1478518370596067,-1.6116641488198895,1.4197908949450933
1771415197359,2.321846655509047,-1.8006933283879065,1.4657678632027071
1771415197375,1.9977309933154412,-1.3554436105415832,1.467549569961811
1771415197391,1.9982586258497899,-1.3140524668345819,1.5054247407921262
1771415197405,1.9718635504754565,-1.2775632193001292,1.5020246610442731
1771415197418,1.9619920439567995,-1.2727437962019978,1.493163088808154
1771415197433,1.9830504445012764,-1.258765489560787,1.532318017817288
1771415197448,2.117932961567813,-1.5738201433384607,1.4172967882971848
1771415197467,1.9977434810250105,-1.3197509795895932,1.4997454343488552
1771415197482,1.9107133745780225,-1.1816874768208205,1.5014793727907743
1771415197495,2.003604205355738,-1.3293763010891348,1.4990625276557905
1771415197512,1.961033032919461,-1.2434101898228078,1.5164371586208603
1771415197527,1.9667600142922599,-1.2552880521314174,1.5140663327592363
1771415197540,2.158741164527342,-1.6083231471151929,1.4399514123324948
1771415197555,1.9814351561179993,-1.316963649265451,1.4804364303859137
1771415197567,1.9670496104211148,-1.2155227795421506,1.546540831104043
1771415197581,2.3292632085828364,-1.8288174090296268,1.4425304084447481
1771415197599,1.9625068888151092,-1.2667345859572694,1.4989385502369417
1771415197615,1.9760050557369893,-1.3409243327306715,1.4513848263603095
1771415197631,2.1354285241326316,-1.5997166900963253,1.414553460674614
1771415197646,2.128306808905931,-1.605167307459815,1.3975434833655644
1771415197660,2.0217722050182,-1.3837106480292327,1.474078590684593
1771415197674,2.145877082126266,-1.5603535209220707,1.473120952719373
1771415197689,2.037464749719754,-1.433117239581874,1.4482532872269995
1771415197703,2.1881834961541204,-1.6533738510132618,1.433353383373007
1771415197715,2.3155630211865343,-1.7950182365552771,1.462785574006147
1771415197730,1.974498949503991,-1.3141592571312737,1.4736456658534112
1771415197744,2.161832477129432,-1.610680656457878,1.4419526629137294
1771415197758,2.168528094365248,-1.639359174284124,1.4195124493085112
1771415197776,2.1765761908646692,-1.6259913502098235,1.446940235006888
1771415197792,2.094636784271868,-1.537856095295604,1.422146929183813
1771415197809,2.0999614946967213,-1.5143763057097375,1.4548204988636282
1771415197822,2.1469121068888395,-1.5876519567793328,1.4451964775907222
1771415197837,1.9784398870691482,-1.3525523467586662,1.4438928409074574
1771415197854,2.1734350672816904,-1.6259446678049483,1.4422634741705216
1771415197867,2.153244349452899,-1.5955021776470923,1.4459716558681996
1771415197882,2.174243901650773,-1.616615193253656,1.4539229212055982
1771415197897,2.3643326342144735,-1.850489705126509,1.471650996816962
1771415197911,2.3221417372411475,-1.7975615628270598,1.4700730171267253
1771415197924,2.1579511841779384,-1.5791049331967744,1.470775619613195
1771415197942,1.9712563600877677,-1.2799239903666904,1.499215200053109
1771415197957,2.166546946621433,-1.5918244648134419,1.4697008352505125
1771415197971,2.0037209182179327,-1.3640309720192703,1.467759185110514
1771415197985,2.083043470548279,-1.5146772966102824,1.4299730023071016
1771415198000,2.3173509869778797,-1.8100482379285037,1.4470110480639984
1771415198015,1.9589456676990094,-1.2673542497954233,1.4937474132269475
1771415198032,2.122452703873501,-1.5300412753569081,1.4709789855345115
1771415198048,2.1416036094656046,-1.6125501937034505,1.4093075934170902
1771415198065,2.357852373198098,-1.845614558504958,1.4673699994311091
1771415198082,2.1939228829186166,-1.6608509373738742,1.4334823961312735
1771415198098,2.3511221925395454,-1.8108330953522536,1.499552955059919
1771415198114,1.8857551521246407,-1.0471785839602235,1.5682759664866666
1771415198128,2.382777880947248,-1.8684951600240223,1.4786332428625633
1771415198142,2.3401558282816426,-1.823671668886723,1.466475688424617
1771415198156,2.1760993120889096,-1.6316765960783641,1.4398054388992798
1771415198170,2.377718789568427,-1.8502990480028858,1.4932983878737562
1771415198184,2.357821886081849,-1.845776320225635,1.4671175215983496
1771415198198,2.153143604901485,-1.5939128756585814,1.4475735311679172
1771415198214,2.3176460505932903,-1.8073302213231464,1.4508758344264692
1771415198229,2.3430658135437223,-1.8269814464942171,1.4670024542458013
1771415198243,2.2646163511027817,-1.7644579936461944,1.4195686691175327
1771415198257,2.085854804353155,-1.5223794593368942,1.4258860566792302
1771415198271,2.3311820095909432,-1.8082740486080053,1.471242511271096
1771415198288,2.1925961983821223,-1.6689070986524173,1.4220503455318683
1771415198303,2.276892652477335,-1.746411585466518,1.4609198215691366
1771415198319,2.3322965030898097,-1.830908059838057,1.4447777181092585
1771415198335,2.3748695672196525,-1.8845685308206486,1.4451321441122824
1771415198351,1.9754909527935454,-1.342348879058815,1.4493667553309937
1771415198367,2.341161768684335,-1.847438490350712,1.4380575271941822
1771415198381,2.3311266839265468,-1.8087860083691865,1.4705253457326892
1771415198397,2.3559174533462266,-1.8440624010785878,1.4662131181754048
1771415198414,2.350672639477964,-1.8618701142670424,1.4349569803968087
1771415198430,2.461266740714765,-1.9677871546236716,1.4783936157352533
1771415198446,2.165457514827869,-1.6374312757894334,1.4170480110395276
1771415198462,2.3812767482196993,-1.8853697648026924,1.4545995330604315
1771415198480,2.1969384640969194,-1.6614027266187656,1.4374559454161584
1771415198495,2.1624981868500748,-1.63493038752328,1.4154154994498396
1771415198508,2.356989034055213,-1.8250493587149585,1.4915066694154084
1771415198525,2.4089482839665175,-1.909135114369519,1.4690932407122816
1771415198538,2.1630271721975505,-1.5919807334652447,1.464337355919186
1771415198552,2.3662090447988446,-1.8697446130132804,1.4501725158737766
1771415198569,2.376339634607263,-1.9035634332754217,1.42247541789026
1771415198585,2.3740123951262917,-1.854659208913445,1.4819494158053532
1771415198601,2.3458552507561663,-1.870231932211958,1.416075343064415
1771415198617,2.290655700710285,-1.7732986450607,1.450005329170349
1771415198633,2.349157548834974,-1.830895082033031,1.471857461792956
1771415198649,2.3670262353193845,-1.8604076044997362,1.4634537040199844
1771415198663,2.4168191374340826,-1.9047552052689734,1.4875894430481735
1771415198679,2.15702855417124,-1.6230327103197613,1.420752267195854
1771415198693,2.3451347667775337,-1.8481770844785326,1.4435714525984327
1771415198707,2.2332154004194527,-1.7079824459346917,1.4387657867247068
1771415198725,2.0162590224247303,-1.4046354109073749,1.4464784159932011
1771415198738,2.3568228446193156,-1.8651970366487296,1.4407129954978126
1771415198751,2.402467634884159,-1.9159464507859512,1.4494826436996764
1771415198769,2.156345754522021,-1.5938044995969929,1.4524511110910145
1771415198782,2.351620066337858,-1.8430563233622654,1.460568493880804
1771415198799,2.2664767425184205,-1.7463752959344316,1.4446764863203239
1771415198815,2.341303710985531,-1.8460082256440453,1.4401238481218002
1771415198832,2.3591205137075555,-1.8370698808573427,1.4800756234201649
1771415198849,2.0574430048036763,-1.4680875145555767,1.441454393181279
1771415198866,2.3600556782291524,-1.8267430900619102,1.4942799226559689
1771415198885,2.015308971568282,-1.3841975305564207,1.4647414267662098
1771415198902,2.10390856547067,-1.512782863830299,1.4621625281623971
1771415198919,2.374027489378443,-1.854082512369999,1.4826950319092145
1771415198936,2.2318031930384388,-1.6857260290482068,1.4626254638306875
1771415198954,2.1115887279360406,-1.5362456480127724,1.4487084816857954
1771415198971,2.388806275776435,-1.880798521934197,1.4727499255063707
1771415198988,1.9759880697733228,-1.2658827423206065,1.5172573066495225
1771415199005,2.0121917246544676,-1.3451182011005478,1.4965201508285635
1771415199017,2.214394132112867,-1.6581853215064153,1.4676385153969498
1771415199028,2.0158985741629754,-1.3786510610026168,1.470771332773615
1771415199041,1.9820892253173108,-1.3088052618824624,1.4885249354941141
1771415199054,2.1831087268098943,-1.668661197786515,1.4076695351094273
1771415199066,1.9828294942520963,-1.3009281728873026,1.4963952326388
1771415199077,1.9701738129843158,-1.2150533046338985,1.5508804983838698
1771415199089,1.9766791964114239,-1.2948122742505639,1.4935601159564336
1771415199101,1.9957185945003861,-1.3421759077364348,1.4769754707260625
1771415199113,2.1823452555398526,-1.6399890141517486,1.4398148658209085
1771415199125,1.9865096255886843,-1.3349933493438326,1.4710585473611273
1771415199136,2.074670053432913,-1.5025814844100063,1.4305609785393798
1771415199148,2.1717787807642144,-1.608456442297093,1.4592775424197673
1771415199160,2.003305242068216,-1.3685778691316244,1.4629513009738688
1771415199173,1.9972954912799716,-1.3599731371159125,1.4627584714539879
1771415199188,1.954851343409081,-1.2414710700292566,1.5100309126334803
1771415199204,2.0102520774804877,-1.3666053419293096,1.474280588770296
1771415199221,2.0007780355636435,-1.322201552836258,1.5016310469856766
1771415199236,1.9898252100441276,-1.333318045439489,1.4770468361675526
1771415199250,1.9959195234305431,-1.3401542023894226,1.4790812884453568
1771415199264,1.9763029474811542,-1.2981779940477154,1.4901366501072806
1771415199277,1.9552558638051885,-1.2727323409755524,1.4843105743675962
1771415199294,2.141638861242373,-1.571742783685729,1.4547307771252256
1771415199313,1.960687832141827,-1.2869621084204432,1.47919752115768
1771415199329,1.9716704356561499,-1.31454660298424,1.4695072423853877
1771415199342,1.9914807579749558,-1.316813230750126,1.4939874580149328
1771415199356,1.9577877708017208,-1.2837148966300462,1.478177600855486
1771415199372,2.0007495599857927,-1.2858311523219668,1.5328525857047397
1771415199387,1.9280818568413067,-1.1690687174628922,1.5332246999478876
1771415199401,1.969447357824781,-1.2603019383713085,1.513394171847022
1771415199416,1.9957185945003861,-1.3421759077364348,1.4769754707260625
1771415199430,1.9830504445012764,-1.258765489560787,1.532318017817288
1771415199447,1.9472020340140341,-1.217430649084447,1.519690223676593
1771415199464,2.008901182288448,-1.3472806495599303,1.4901405341514933
1771415199481,1.9718045460311073,-1.2732365007952773,1.5056168107428725
1771415199495,1.9763029474811542,-1.2981779940477154,1.4901366501072806
1771415199508,1.9602561002144037,-1.2199556301999936,1.53437682424205
1771415199523,1.9643813665711076,-1.2820313835296897,1.4883513311636882
1771415199536,1.9686277767156077,-1.3094548576942469,1.469973910964809
1771415199550,1.9811503876118266,-1.3196196538637683,1.477687662353232
1771415199566,2.0017158206861625,-1.3505734810141272,1.477436123548717
1771415199582,1.9866209509140722,-1.2938547548303838,1.5075153982674738
1771415199597,1.976049887374918,-1.3057534097962562,1.4831659348164237
1771415199611,1.9701050538673013,-1.2574038164525232,1.5166573659347424
1771415199625,1.9549735677272932,-1.2763485889935313,1.4808294736014012
1771415199638,1.9769088218551492,-1.2915798246815868,1.4966596294429122
1771415199652,1.9665473572708203,-1.2964664863705735,1.4786761505166661
1771415199666,1.9577836352726405,-1.2803312085819467,1.4811038987432472
1771415199680,1.9988080978703222,-1.3080938131818178,1.5113319913332832
1771415199694,1.971747396968971,-1.3095518333020266,1.4740630221768722
1771415199709,1.9738704604912796,-1.286223351294709,1.4972621966056123
1771415199726,1.955604149191885,-1.273199938392488,1.4843683859520458
1771415199740,2.153613924552787,-1.5848875701776657,1.4581441375680229
1771415199758,1.9908229434471496,-1.3219101203441659,1.4885998877761766
1771415199772,1.9848643825071868,-1.3140946339682147,1.4875624053872765
1771415199786,1.9948347786685745,-1.3166401441908047,1.4986075286381413
1771415199800,2.150665993874144,-1.5886267150024147,1.4496997542895893
1771415199814,1.9386368207889328,-1.1645368939739005,1.549892430297097
1771415199829,1.9684506605900973,-1.3111894854232375,1.4681894075674078
1771415199845,2.3083338198756524,-1.7991299934030596,1.4462144691639713
1771415199859,1.9857152945889422,-1.3037785669862976,1.4977405247343767
1771415199873,1.9724183786752638,-1.2667665316714893,1.5118653428043591
1771415199889,1.9766791964114239,-1.2948122742505639,1.4935601159564336
1771415199905,1.9862094218437643,-1.2985502940729319,1.5029288077563894
1771415199919,1.9718045460311073,-1.2732365007952773,1.5056168107428725
1771415199936,2.165885942204313,-1.6374167988451478,1.417719345109593
1771415199950,1.9966045199226308,-1.3331873991953966,1.4862842822293767
1771415199964,1.9741701525341318,-1.2834037996436205,1.5000741575725365
1771415199978,1.9687370020939392,-1.2726060508915609,1.5021315597004203
1771415199993,1.9760343974170875,-1.3012844192256163,1.487067853211871
1771415200007,1.9628469259954795,-1.2634808389504424,1.5021265674020248
1771415200021,1.9698918137431594,-1.2227788322300248,1.5444370124101827
1771415200035,1.943358539068517,-1.2202752916685249,1.5124716935909304
1771415200049,1.9484439753011333,-1.1639536630343912,1.5625766525825562
1771415200063,1.9886188109998382,-1.3077748407095804,1.4981087215117073
1771415200077,1.9766791964114239,-1.2948122742505639,1.4935601159564336
1771415200089,1.9450394115637655,-1.236562232421777,1.5013634329783014
1771415200103,1.9439413469005478,-1.1764310646309102,1.5475522318684105
1771415200120,1.9636609444643611,-1.253493778382515,1.511528250603009
1771415200136,1.9767628428027761,-1.293630160274748,1.4946947330854026
1771415200154,1.9625068888151092,-1.2667345859572694,1.4989385502369417
1771415200172,1.9625068888151092,-1.2667345859572694,1.4989385502369417
1771415200184,2.0024996623103166,-1.3029212323444679,1.5206581337890859
1771415200197,1.9492228577945658,-1.229052514413102,1.512910990826508
1771415200211,2.003305242068216,-1.3685778691316244,1.4629513009738688
1771415200223,1.972228308790628,-1.272828775498213,1.5065163159617159
1771415200238,1.9772672104027547,-1.2473411697719627,1.5341856561465441
1771415200253,1.9582812481566663,-1.278131205265139,1.4836596877348638
1771415200268,2.005027760235795,-1.3489989363094979,1.4833536965781329
1771415200282,1.9780903374397734,-1.2788838377450176,1.5090717387278751
1771415200296,1.955686319725995,-1.267531628646502,1.4893194927698197
1771415200313,1.9472020340140341,-1.217430649084447,1.519690223676593
1771415200327,1.9456431714936,-1.1940919661422749,1.5361223021537542
1771415200344,1.9820343486507688,-1.348783912258205,1.4523230072077382
1771415200362,1.9584789713606015,-1.2362936753651916,1.5189528727099157
1771415200375,1.9464172152756705,-1.2651802689593323,1.4791412586218693
1771415200392,1.9766476723295219,-1.2593509309208504,1.523539055395202
1771415200406,1.9900944226875947,-1.330767308764158,1.479707464716209
1771415200420,1.970006118426938,-1.221963881587025,1.54522761389264
1771415200433,2.1204632656450837,-1.552073945308105,1.4447944245621753
1771415200449,1.99994006094136,-1.3660133349837604,1.4607422140831954
1771415200463,1.94427176691732,-1.2133463159247557,1.5192048648104115
1771415200477,1.9695654385627963,-1.2983489790519673,1.481039481369681
1771415200491,1.9937224389970778,-1.3257679315449529,1.4890495476804904
1771415200505,1.9617893961577508,-1.275163752393372,1.4908303188019243
1771415200518,1.976792560683086,-1.2930223689067883,1.4952598374458768
1771415200536,1.967017380500946,-1.3259594034069386,1.4529243048794795
1771415200552,1.9677144284537056,-1.2834671305953527,1.49151339136671
1771415200566,1.9793441657972026,-1.3006602885395402,1.4920074197173632
1771415200583,1.976114734348538,-1.2645700205605965,1.518516416246056
1771415200599,1.9811503876118266,-1.3196196538637683,1.477687662353232
1771415200617,1.9573111208119296,-1.2173727022437353,1.5326677811860723
1771415200631,1.980842273868346,-1.2838415036115105,1.5084717788372626
1771415200643,1.959657168229089,-1.2269233275875622,1.528042985394428
1771415200657,1.9533122668384921,-1.2549989903110277,1.4967986992578628
1771415200671,1.992621558376615,-1.3023054522970137,1.5081582091493984
1771415200685,1.9753060110562781,-1.3094438279441547,1.4789153791796283
1771415200701,1.965415234428769,-1.273461443916058,1.4970480936108639
1771415200718,1.943984565486554,-1.1800000289105639,1.5448870258439658
1771415200736,2.0047019615225277,-1.355430312082638,1.4770371097639468
1771415200752,1.9334803743296303,-1.1800079538704702,1.5316421209669946
1771415200766,1.9737033399773365,-1.2916713145343186,1.4923438241393565
1771415200779,1.9773453164721382,-1.2504777915762295,1.5317309794310934
1771415200793,1.9517824459843394,-1.2764143496809404,1.476557186288832
1771415200807,2.133949259579476,-1.5845703758257734,1.4292921907416833
1771415200820,1.964597889319009,-1.2790509161580663,1.4911987193502803
1771415200832,1.9646511869347187,-1.2790157190900169,1.491299123799329
1771415200844,1.999898970564795,-1.2956070773634911,1.5234822590210098
1771415200856,1.9646511869347187,-1.2790157190900169,1.491299123799329
1771415200869,1.9751089107087874,-1.2724199313926687,1.510629910784216
1771415200880,1.95626840463774,-1.2615884150206376,1.4951189725468688
1771415200892,1.992903093707194,-1.3342665317769442,1.4803363006721244
1771415200905,1.9584762572806558,-1.2364694797822584,1.5188062667434044
1771415200919,1.9660885209168457,-1.2303054791609,1.533575071533069
1771415200931,1.977027616935368,-1.254139880550357,1.5283230542454944
1771415200946,1.9660895054682692,-1.2667166099141376,1.503641238354448
1771415200958,1.965710803109702,-1.2342823908854854,1.5298908265010935
1771415200973,1.9783566860527462,-1.350036764418273,1.4461313605508472
1771415200989,1.9689377550893965,-1.2704960007056392,1.504179442622272
1771415201001,1.984123068646155,-1.285782886106314,1.5111276323758864
1771415201013,1.9616586976235617,-1.2403447712550204,1.5197531689002985
1771415201024,1.9613088379979378,-1.2409791320095738,1.5187834447101358
1771415201039,1.9866209509140722,-1.2938547548303838,1.5075153982674738
1771415201054,1.9341583884596618,-1.2118173318567034,1.5074705389693612
1771415201068,1.9882797839938817,-1.280201209115047,1.5212959487289541
1771415201082,2.1551282753554273,-1.6068934418543133,1.4361306868673398
1771415201097,1.9331414331307244,-1.1504923934967026,1.5535131325460172
1771415201113,1.951897768483749,-1.2387084374587594,1.5084781422282254
1771415201124,1.9660885209168457,-1.2303054791609,1.533575071533069
1771415201138,1.9582812481566663,-1.278131205265139,1.4836596877348638
1771415201152,1.9696248186392682,-1.2263043218420715,1.5412980362120843
1771415201164,1.9654315802062758,-1.3086153888830865,1.4664402682859288
1771415201180,1.9794386837145155,-1.2989599353135066,1.4936132662224797
1771415201208,1.9544104180236384,-1.246227954751544,1.5055351098114969
1771415201221,1.9844463718957746,-1.3186115358431834,1.483000681210762
1771415201233,1.9934472938309595,-1.2931186059380355,1.5171276756617578
1771415201245,1.953121673700572,-1.2209261305544048,1.5244748787724816
1771415201257,1.962753659690273,-1.267715890225692,1.4984319638531611
1771415201268,2.011655907412264,-1.3528398741377023,1.488819587716976
1771415201283,1.9535000398618707,-1.2958052324557192,1.4618656591084935
1771415201296,1.9885118758606692,-1.2724557396068217,1.5280824163573685
1771415201309,1.9477301438874772,-1.2459197412368,1.497109452179218
1771415201321,2.0090377275413833,-1.3401917880517031,1.496702562944096
1771415201337,1.9453176694369128,-1.1975016959276554,1.5330526811802165
1771415201350,1.9658777803657028,-1.3045651259021382,1.4706411117657228
1771415201364,1.9828306315218407,-1.3358235734159227,1.4653302337724479
1771415201376,2.006066957947735,-1.3379171766892615,1.4947515740381463
1771415201389,2.001562172986808,-1.3127050377314537,1.5109786948352828
1771415201400,2.329661385848273,-1.8242035747395149,1.4490008594269614
1771415201412,1.9657851380086735,-1.2660705371916658,1.5037874197076482
1771415201424,1.9487576981173147,-1.2721560703152919,1.476236938547281
1771415201436,1.9220262236388235,-1.1620583102477398,1.530949146098421
1771415201449,2.372653754648254,-1.8734712654287144,1.455881608187763
1771415201463,2.193764174816669,-1.6633077599805302,1.4303875524827567
1771415201475,1.9570505876248967,-1.2524585823446122,1.503793370790774
1771415201486,2.3071957192101022,-1.814752241886774,1.4247197574640247
1771415201499,2.1362903596171967,-1.5584159936247557,1.461189957332015
1771415201512,1.9257217110439138,-1.1591955661819398,1.537748271899543
1771415201524,1.9716704356561499,-1.31454660298424,1.4695072423853877
1771415201538,2.321846655509047,-1.8006933283879065,1.4657678632027071
1771415201552,2.009891660699367,-1.3666484222324007,1.4737491570001149
1771415201565,2.1336281096090848,-1.5459724012685085,1.4704891174810233
1771415201579,2.284899769449945,-1.7659987027825021,1.449832934583475
1771415201593,2.3261713694735016,-1.8238208015827322,1.4438666572340901
1771415201606,2.367907849571393,-1.8506177836219115,1.477227607041021
1771415201617,2.0082300607883186,-1.3136803228572338,1.5189575327808105
1771415201630,2.3195766597971796,-1.8211052994869446,1.436666756369203
1771415201642,1.9714452390275479,-1.2780828444006287,1.5010331686319207
1771415201654,2.1602125215965957,-1.5929683296466004,1.459099050512213
1771415201668,2.000150898776005,-1.3643456707304311,1.462588290884892
1771415201681,2.159377618250395,-1.5996308839094089,1.4505491144542304
1771415201694,1.9837223730891957,-1.3304787902043076,1.4713873189310531
1771415201706,1.970922144982092,-1.2473353612546811,1.5260041278268104
1771415201719,2.3396722194815673,-1.8249258895110603,1.46414193041729
1771415201731,2.1862864902716903,-1.6335602818157626,1.4530414389199342
1771415201744,2.210695180461327,-1.6619487417164651,1.4577721223915612
1771415201758,2.317277676096379,-1.81529559257813,1.4403047384845509
1771415201770,2.143592304192036,-1.589124817745319,1.4386348668850024
1771415201782,1.9615415559212501,-1.2734340745342723,1.4919822161879144
1771415201794,1.9315620238846327,-1.1655079086128703,1.5402997004070835
1771415201807,2.196611775533707,-1.6665039273419084,1.4310373693818546
1771415201820,2.154315861668635,-1.5813136269409698,1.4630529877922633
1771415201833,2.3822922281066217,-1.8777578439868021,1.4660633476911042
1771415201847,2.1269010086197024,-1.5514123731860778,1.454932145769228
1771415201861,2.326880223673933,-1.8195137896146487,1.4504279177977073
1771415201872,2.188606114356561,-1.645429706538748,1.4431069969474664
1771415201884,2.181751898495402,-1.6437272802540601,1.434643500921703
1771415201896,2.1427880360861917,-1.5973842147993382,1.4282521618761939
1771415201909,2.1691305734655804,-1.6395404740710036,1.4202233903953798
1771415201923,2.008901182288448,-1.3472806495599303,1.4901405341514933
1771415201936,2.141796676488635,-1.5699532902039126,1.4568938430770004
1771415201948,2.3612867266714925,-1.8485848844670623,1.46915245310855
1771415201961,2.022402431565189,-1.411425551866271,1.4484438224314329
1771415201973,2.0507875939166507,-1.4318751113334482,1.468149658892536
1771415201988,2.2204701646016214,-1.7027529927267977,1.4251736728012785
1771415202004,2.3665205944752508,-1.8303207534716246,1.5001152167372205
1771415202020,1.9365298163820173,-1.2215790459771616,1.5026284850774316
1771415202033,2.0129680220793413,-1.3363778833574036,1.505368529891336
1771415202047,2.005072727419513,-1.3835738641911712,1.4512201778395428
1771415202058,2.002246827715219,-1.3445359532120413,1.4836493620852083
1771415202072,1.9687370020939392,-1.2726060508915609,1.5021315597004203
1771415202089,2.2224159672523287,-1.7139706383033466,1.4147216625655108
1771415202103,1.979454013278108,-1.3025170364330785,1.4905326432132904
1771415202116,1.9819511839256128,-1.3068476449961417,1.4900603102667276
1771415202131,1.9994871797378069,-1.336384112291118,1.4872882996755301
1771415202146,1.9686106979142683,-1.2334822224257969,1.5342586766585418
1771415202159,1.9783397086555015,-1.3157527393911201,1.4773702080480362
1771415202174,1.9886935215563406,-1.3099835705833067,1.496277035672863
1771415202190,1.956552940366509,-1.2585532202085385,1.4980464613487625
1771415202202,1.9603115380638791,-1.17856149848402,1.566465486551642
1771415202214,1.9838827198731832,-1.324793631677348,1.4767235623767105
1771415202229,1.9912396215229236,-1.3173497451480218,1.493192847317853
1771415202242,2.157539288442795,-1.5839903634750276,1.4649062460077407
1771415202254,1.9844583205653594,-1.2861936691420097,1.5112182739498954
1771415202267,2.19666447858756,-1.6701877778951684,1.4268173036720424
1771415202282,2.1365703419651743,-1.5576842579136987,1.462379081774979
1771415202300,1.9842250180529186,-1.2854726071772504,1.511525421044591
1771415202315,2.014544387556201,-1.3543610794759626,1.4913400537217838
1771415202329,2.168664489698529,-1.6077048491720263,1.4554692668786018
1771415202342,2.0064644165551173,-1.370173140603962,1.465784779450702
1771415202357,2.1338610415387107,-1.582083736203326,1.4319127055227903
1771415202373,1.960687832141827,-1.2869621084204432,1.47919752115768
1771415202389,1.9862602339750794,-1.3716232284346441,1.4366208394316369
1771415202405,1.9991033930706763,-1.3399827228815535,1.4835298037335243
1771415202422,2.1670583553927427,-1.6234605792827026,1.4354503346311114
1771415202438,2.000196264857061,-1.3287196826890122,1.4950883260807537
1771415202452,2.004186086731953,-1.3582540076120317,1.4737394345866552
1771415202465,1.989281592010718,-1.3388276745155698,1.4713197172144226
1771415202477,1.9977685795913092,-1.3554446146145196,1.467599807275394
1771415202489,2.0400356250416327,-1.4060952570476417,1.478053273582225
1771415202501,2.0290628109463276,-1.4151176031153065,1.4541451303493065
1771415202515,2.1932679895264693,-1.668328114268214,1.4237646494500926
1771415202527,2.015836981684602,-1.379563263935976,1.4698312615826357
1771415202540,2.037869562426462,-1.3902488418360193,1.4900068829498159
1771415202552,2.0371301693392625,-1.40229838118498,1.4776530638002263
1771415202565,1.9895704948597694,-1.332475893389658,1.4774636197050606
1771415202577,1.993439514764872,-1.2926821923232001,1.5174893240733174
1771415202589,2.0521854470754324,-1.4517915757672275,1.4504365996897293
1771415202601,2.346436877031324,-1.838070154711897,1.4585143551744348
1771415202613,1.9809094983629794,-1.2828244833073643,1.5094249851290604
1771415202625,1.989281592010718,-1.3388276745155698,1.4713197172144226
1771415202638,2.1762055563049603,-1.5975341283162618,1.4777534747573369
1771415202650,2.2075819024564156,-1.6574054041760515,1.458226725259521
1771415202662,2.003604205355738,-1.3293763010891348,1.4990625276557905
1771415202676,2.359537981036395,-1.866216743132659,1.4438332838678556
1771415202690,2.3569910325228722,-1.8250402945409379,1.4915209186247314
1771415202704,2.2034150629744405,-1.6665046903715817,1.4414576153020169
1771415202731,2.193687694735115,-1.6293468874938624,1.4688411834661794
1771415202746,2.075369544936525,-1.454611256342424,1.4802921471695896
1771415202758,2.207354408552428,-1.6631238077371233,1.451355464761755
1771415202771,2.0684838611173055,-1.4604791279767326,1.46479561729515
1771415202782,2.367907849571393,-1.8506177836219115,1.477227607041021
1771415202795,2.070951399350034,-1.4712702049946462,1.457464813422566
1771415202807,1.9887581969986377,-1.3094258296290726,1.4968510823824417
1771415202820,2.349356561237641,-1.8630761839218022,1.4312314224938358
1771415202833,2.1888286258094447,-1.6405472722495626,1.4489911665284163
1771415202847,2.4042183647200708,-1.8926259774387915,1.4826438732147076
1771415202860,2.184862907615879,-1.6100552632488292,1.4769387171986716
1771415202872,2.005072727419513,-1.3835738641911712,1.4512201778395428
1771415202884,2.0328619722766823,-1.4105586833764436,1.4638483524873591
1771415202896,2.0281116660508256,-1.3887118568600016,1.4780785867429045
1771415202908,1.9971201361094022,-1.3623302292355917,1.4603236574693081
1771415202922,2.3726779913246165,-1.8732929711728654,1.45615050550091
1771415202938,2.024768800016462,-1.3895184823406705,1.4727277687182319
1771415202950,2.035000366453158,-1.3889841070556717,1.4872624656768714
1771415202961,2.0436062126010013,-1.436769251968401,1.453279212257428
1771415202975,1.9969752517687664,-1.2891727441917582,1.5251045183232592
1771415202987,1.9690899791275953,-1.2687547834830575,1.5058474840731957
1771415202999,1.9879252562978864,-1.319047729224457,1.4872659186086465
1771415203011,2.0303115601713317,-1.3636046756287095,1.5042431053419756
1771415203024,1.9813090978905492,-1.314350899908837,1.4825880929282726
1771415203036,1.9936115701504245,-1.290480900501586,1.519587489445164
1771415203048,1.977611063923295,-1.2842339493853825,1.5038911807035276
1771415203060,1.9877883102127571,-1.285127286407335,1.516492737849347
1771415203072,1.9452677232551483,-1.2347409773130296,1.5031570889572163
1771415203083,1.9613088379979378,-1.2409791320095738,1.5187834447101358
1771415203097,2.002979777520119,-1.3365372411897736,1.491843219667326
1771415203109,1.993069725585267,-1.3718118725773774,1.4458420097992313
1771415203121,2.002531988754546,-1.3015582297499675,1.5218674517037838
1771415203134,1.971747396968971,-1.3095518333020266,1.4740630221768722
1771415203147,2.000481629654832,-1.325728178559372,1.4981226742694012
1771415203160,1.9447501692994527,-1.2046487082902675,1.526720246346671
1771415203172,1.9963225153697761,-1.3742535194159275,1.4480092712911914
1771415203184,1.9625068888151092,-1.2667345859572694,1.4989385502369417
1771415203197,2.094636784271868,-1.537856095295604,1.422146929183813
1771415203210,1.999898970564795,-1.2956070773634911,1.5234822590210098
1771415203223,2.001260346478822,-1.3514311187128099,1.4760341817733007
1771415203235,2.182713654099565,-1.6337216691192842,1.4474779458225866
1771415203248,1.9722943074117645,-1.3041388967316276,1.4795832430385474
1771415203261,1.9842250180529186,-1.2854726071772504,1.511525421044591
1771415203274,1.9938409880735724,-1.3286046786570285,1.4866780060163847
1771415203287,2.032395062424824,-1.3808192345485748,1.4912973986665075
1771415203300,1.9666695993226027,-1.295849738578763,1.4793791832809728
1771415203312,1.9695371575904892,-1.2985951809247216,1.4807859977757463
1771415203325,1.995506319720408,-1.3090994553643616,1.5060890040129828
1771415203339,2.3083338198756524,-1.7991299934030596,1.4462144691639713
1771415203351,1.9937332858515,-1.3248660707013613,1.4898665409413538
1771415203363,2.004263114073584,-1.3180444758685002,1.509910391403566
1771415203377,2.0022220911277597,-1.3415718295812062,1.486296850657416
1771415203390,1.9624220587179242,-1.3029204769457612,1.4674803464776371
1771415203401,1.9821008404489635,-1.3047218422561875,1.4921208583918757
1771415203413,2.041281017387658,-1.387787915635397,1.4969545394445192
1771415203428,2.1743640170215746,-1.6523848358283706,1.4133234707039457
1771415203444,2.0017158206861625,-1.3505734810141272,1.477436123548717
1771415203457,2.1628041056556357,-1.6307979568333268,1.4206405679935799
1771415203471,2.1768945081547804,-1.6273841801045403,1.4458528382860807
1771415203487,1.9569976012488466,-1.2571440848254776,1.4998094416565233
1771415203501,2.0127643237886574,-1.3411540741184496,1.5008417546803183
1771415203513,2.222361657599116,-1.7169777387808223,1.41098503950176
1771415203526,2.156596258305595,-1.5902158083576283,1.4567501859231693
1771415203538,2.1772875554590057,-1.6226000000973302,1.4518093328122663
1771415203550,2.104164494975211,-1.540251733387225,1.4335734441290173
1771415203564,2.3114287228720154,-1.8005035009614385,1.4494446812291109
1771415203579,2.0506092520538375,-1.4686086960109592,1.4311487702575818
1771415203591,1.9618164071806794,-1.2392982438272748,1.5208101388174466
1771415203606,2.2108119096933754,-1.6946931055746255,1.419755111968223
1771415203619,2.2053692398124003,-1.6436566727728337,1.4703898210882929
1771415203631,2.019789797195048,-1.4057607015627294,1.4503060624554651
1771415203644,2.1828916875857893,-1.6313708897788735,1.4503948220099323
1771415203657,2.3618766550338557,-1.8382538646050421,1.4829983354200171
1771415203672,2.0027404935489206,-1.3709800669089631,1.4599257312065121
1771415203688,2.1684529695490258,-1.612574320573497,1.4497559593852039
1771415203704,2.1726742305588855,-1.6330540886621199,1.4330553567949071
1771415203718,1.997075387526044,-1.327831757824274,1.4917013529442138
1771415203735,2.1803921925209355,-1.6231838218388055,1.455810562445204
1771415203749,2.3613194038092744,-1.848248138426149,1.469628574031705
1771415203761,2.174243901650773,-1.616615193253656,1.4539229212055982
1771415203773,2.3555027380034503,-1.8746990444192533,1.4261474824138247
1771415203786,2.375825369127064,-1.8742888290459898,1.4599957431106303
1771415203798,1.9894386401566417,-1.2620599903435745,1.537878631011656
1771415203817,2.0364421685358507,-1.4448675779227316,1.4350799239271301
1771415203830,2.3500035824567114,-1.8216464205027079,1.4846282889090623
1771415203845,2.1230897537285083,-1.5900698000567375,1.4068362141111188
1771415203859,2.1858610400956784,-1.6374234715508007,1.4480444956639573
1771415203873,2.024890913508198,-1.4218408173092285,1.4417183850674482
1771415203888,2.329467836579067,-1.8354090401692165,1.4344664711736814
1771415203905,2.0380072107624354,-1.4243385684352348,1.4576464021111388
1771415203920,2.3401558282816426,-1.823671668886723,1.466475688424617
1771415203936,2.1877815514039978,-1.6516345728341757,1.434744351612005
1771415203951,2.0243852018542823,-1.3903110463534167,1.4714518816034285
1771415203969,1.9874668283220291,-1.3243024490320086,1.4819741621122313
1771415203985,2.1809476687981477,-1.6541253124552895,1.4214085214078203
1771415204004,2.010838702279113,-1.3202896443998597,1.5166764788424851
1771415204016,2.361704089056944,-1.8772825048397652,1.4329886954511628
1771415204030,2.0578308394696476,-1.4291330015581383,1.4806237292876883
1771415204043,2.031419839351632,-1.4223255277005233,1.450398792388782
1771415204055,1.9997614620716546,-1.3329867513266211,1.4907019239186157
1771415204067,2.373197066654088,-1.8638109354071348,1.4691062297302904
1771415204080,2.372653754648254,-1.8734712654287144,1.455881608187763
1771415204092,1.9977685795913092,-1.3554446146145196,1.467599807275394
1771415204104,2.1713948003648675,-1.6469198630866844,1.4151361572732566
1771415204116,2.2171754740600123,-1.662489848245077,1.4669678207974775
1771415204128,2.015308971568282,-1.3841975305564207,1.4647414267662098
1771415204139,2.0481593915464362,-1.4608741851396816,1.4355498975557552
1771415204151,2.166778394498393,-1.5919843836388337,1.4698688149338761
1771415204162,2.338130301057454,-1.841095195202717,1.4412570162620164
1771415204176,2.0076200540131754,-1.3209230715271427,1.511853339574697
1771415204188,2.0479960882018977,-1.4239785690051567,1.4719283312390927
1771415204200,2.2060132844182725,-1.6713525065008497,1.4398178391877294
1771415204212,2.375762073733356,-1.874800017848968,1.4592362125657807
1771415204224,2.0202136869045884,-1.3664910828079317,1.4879400059690027
1771415204238,2.0435081236061956,-1.4031863499412052,1.4855953414652294
1771415204252,2.2132363934561177,-1.6664558072834144,1.4564821920263997
1771415204266,2.3253163245509874,-1.8364335532245215,1.4263967939582838
1771415204281,2.0341702954384693,-1.4306520077360483,1.4460579599743033
1771415204294,2.352287896462208,-1.8334553994905298,1.473668770762827
1771415204309,2.1731576817257117,-1.6278497940118766,1.4396941889786736
1771415204323,2.044298328141567,-1.4672981190234518,1.4234436709447436
1771415204337,2.2215762200259292,-1.6869302444395502,1.445568141520771
1771415204351,2.3179908930033517,-1.8031807098010275,1.456578562195647
1771415204365,2.153143604901485,-1.5939128756585814,1.4475735311679172
1771415204380,2.0081913630330552,-1.3853871273313592,1.4538002125412988
1771415204396,2.322098566612858,-1.8068320458183889,1.4585951156058437
1771415204414,2.025877757254295,-1.4153756563389042,1.449445562544834
1771415204430,2.0534389130551944,-1.4031453244390082,1.4992646758175319
1771415204446,2.1914868275064276,-1.6498916574367197,1.4423841491970513
1771415204464,2.0128191528132415,-1.3758441893740787,1.4691813055227052
1771415204480,2.3575217073136168,-1.8151361489027136,1.5043900296803139
1771415204494,2.0271674568596736,-1.4372978266857022,1.4295393858007108
1771415204508,2.2238875104177165,-1.6983424903003204,1.4357257553698812
1771415204520,2.205256834656387,-1.6818636008813657,1.4263563842283857
1771415204534,2.221965648629919,-1.684099191276031,1.4494624029738732
1771415204549,1.9819511839256128,-1.3068476449961417,1.4900603102667276
1771415204566,2.0076120433116276,-1.3556944412271916,1.4807426172281195
1771415204580,2.059480295746114,-1.4843120361177007,1.4276823414200464
1771415204595,2.019047704862082,-1.379049900441534,1.4747118384962656
1771415204609,2.0163307181786236,-1.3693224589462991,1.480049177728897
1771415204621,2.347771943402746,-1.8499510124144343,1.4455844319499007
1771415204635,2.1617523197758457,-1.605582047960472,1.4475079893815117
1771415204651,1.9497359467606865,-1.2595332088399405,1.488303180780097
1771415204667,2.1516170899253284,-1.6059865464102567,1.4318740567549912
1771415204681,2.1930316601397215,-1.6681837405000168,1.4235697630627573
1771415204695,2.279449782162235,-1.753218190163521,1.4567488757775677
1771415204711,2.162173444525332,-1.6382865206215742,1.4110319913312364
1771415204729,2.1722882414528577,-1.6058852163856872,1.462863245743854
1771415204745,2.330428876275057,-1.8251705461823304,1.4490173307193805
1771415204762,2.3065641505383883,-1.7840244036117905,1.4620174786460223
1771415204779,2.041957000098036,-1.4219495114644771,1.465485577238925
1771415204798,2.1804746243490367,-1.6256211175578676,1.4532121557363817
1771415204815,2.345248251890461,-1.8384917223886834,1.456069211852086
1771415204832,2.176570860034414,-1.6666555165438295,1.3999000314040175
1771415204848,2.3665205944752508,-1.8303207534716246,1.5001152167372205
1771415204865,2.0770016124582673,-1.5098290019503537,1.4263071489072197
1771415204883,2.189835452236924,-1.6297344423204077,1.4626499770581758
1771415204900,2.3670518398154514,-1.8605781520732536,1.4632782894587721
1771415204917,2.3613194038092744,-1.848248138426149,1.469628574031705
1771415204934,2.2086831009158168,-1.6447752099829003,1.4741083911628803
1771415204952,2.3429289063226695,-1.8275006530704512,1.466136836420603
1771415204970,2.0143549798056166,-1.3596103631096657,1.4862993121146526
1771415204986,2.163271673912702,-1.6294150742869922,1.4229374022912533
1771415205000,2.231939654966626,-1.7216976767232268,1.42032099659844
1771415205016,1.9963158574440834,-1.3357027751398192,1.483635770385202
1771415205029,2.3138221566349206,-1.8132796951311667,1.437285538701235
1771415205046,2.1700058827512767,-1.6271820652236813,1.4356894015731758
1771415205062,2.0226526221851944,-1.41279255266879,1.4474601318019948
1771415205079,2.330428876275057,-1.8251705461823304,1.4490173307193805
1771415205095,2.1298182041096414,-1.5891843193615232,1.4179628985457522
1771415205110,2.0653016663285744,-1.4557370846228335,1.465025772262522
1771415205123,2.160068787592773,-1.6226798186121667,1.4257655394212958
1771415205139,2.2131969135421095,-1.6675317955039661,1.4551901212884997
1771415205156,2.0203917276780103,-1.3988274852997293,1.4578286592188294
1771415205170,2.3219828150044797,-1.8336477739279897,1.4245490635092415
1771415205184,2.0152999976623693,-1.3853200001698984,1.4636675092749782
1771415205201,2.0017158206861625,-1.3505734810141272,1.477436123548717
1771415205213,2.1685823900023085,-1.6393478918065771,1.4196084220155412
1771415205229,2.010092333009133,-1.3330712300050944,1.504457471301467
1771415205244,1.9498141510479157,-1.258509715230964,1.4892711372668113
1771415205260,2.3232156118375724,-1.8208171627970458,1.442898346644538
1771415205274,1.9651695273250829,-1.2724602676889563,1.4975767553885309
1771415205288,2.0082300607883186,-1.3136803228572338,1.5189575327808105
1771415205302,1.98759720029431,-1.2832482071263587,1.5178328859017272
1771415205318,2.0426555608181625,-1.372908215794494,1.5124697587539861
1771415205336,1.9769637592504927,-1.3268303152106238,1.4655739558370697
1771415205349,1.995506319720408,-1.3090994553643616,1.5060890040129828
1771415205365,2.1924613751495228,-1.676507487985729,1.4128727912484966
1771415205381,1.9769637592504927,-1.3268303152106238,1.4655739558370697
1771415205395,2.201400353433103,-1.6883632143864196,1.4126546543306846
1771415205411,2.0196883929704703,-1.3364094033145102,1.5143153936456553
1771415205424,1.986530234438815,-1.2543839695332424,1.5403971011779911
1771415205438,2.168372186946613,-1.6128450886351986,1.4493338680887011
1771415205452,2.0984517143085797,-1.5297682525474257,1.4364221840331663
1771415205466,1.9818901853265243,-1.3110815407947982,1.4862549916083518
1771415205480,1.9915331821647,-1.3498552334791383,1.4642729473400913
1771415205491,1.9997614620716546,-1.3329867513266211,1.4907019239186157
1771415205503,1.9477100139072334,-1.2460755394707363,1.4969535891961478
1771415205515,1.9885118758606692,-1.2724557396068217,1.5280824163573685
1771415205528,1.9780903374397734,-1.2788838377450176,1.5090717387278751
1771415205540,1.9946717265903224,-1.3497399001034092,1.468644783100276
1771415205553,1.9786579028012474,-1.3462242593197697,1.450092183254833
1771415205565,1.9557324148433777,-1.2273345162612586,1.522675035476333
1771415205578,2.0220321854305046,-1.381701130855424,1.4763184425826648
1771415205590,2.030710072707413,-1.4331100589478212,1.438742144492167
1771415205602,2.015699007994732,-1.3417457256929224,1.5042476187169853
1771415205615,1.9859146701333952,-1.336808352805963,1.468604951959253
1771415205627,1.9684506605900973,-1.3111894854232375,1.4681894075674078
1771415205639,2.0274371791535812,-1.3570138527890532,1.5063249711642044
1771415205651,1.9844463718957746,-1.3186115358431834,1.483000681210762
1771415205663,1.984123068646155,-1.285782886106314,1.5111276323758864
1771415205677,1.9826681168955873,-1.3420623590342535,1.459397644995259
1771415205691,1.9749865708483576,-1.2779460208645923,1.5057974375020398
1771415205705,1.9471795391600393,-1.252598657084536,1.4908067487080678
1771415205719,1.9468122316240983,-1.2568307370841585,1.486759685867791
1771415205733,2.032249837242457,-1.4165560378742863,1.4571919545941416
1771415205746,2.0013972836534175,-1.3193597631587881,1.5049521262727479
1771415205764,1.9725945470384632,-1.2289263485568678,1.5430065705720648
1771415205777,1.9701608693420605,-1.2152699201316608,1.5506943194291551
1771415205792,2.0064096112186536,-1.3741016021532035,1.4620274672353415
1771415205806,2.019726851428148,-1.3740703057336345,1.4802794835033473
1771415205821,1.9813090978905492,-1.314350899908837,1.4825880929282726
1771415205835,1.9794278214389192,-1.299151802412787,1.4934319852521014
1771415205849,1.9880646442764638,-1.317193402226415,1.4890945473519483
1771415205862,2.1521417386355752,-1.602852495834277,1.4361677965249002
1771415205876,1.9759066662229579,-1.307388896464142,1.481533471449969
1771415205893,1.9577877708017208,-1.2837148966300462,1.478177600855486
1771415205909,2.0103425051550112,-1.40046260184835,1.4422834287535433
1771415205923,1.9816507356035165,-1.3135848985083625,1.4837231387050391
1771415205939,1.9857069937572223,-1.303795958607438,1.49771437977181
1771415205952,1.9805728700234142,-1.2860989757678438,1.5061933202619397
1771415205965,1.9938901280899017,-1.3278508255633148,1.487417233981504
1771415205983,1.955604149191885,-1.273199938392488,1.4843683859520458
1771415205997,1.993372215059775,-1.3676712510550868,1.4501752090039766
1771415206010,1.970922144982092,-1.2473353612546811,1.5260041278268104
1771415206024,1.9667600142922599,-1.2552880521314174,1.5140663327592363
1771415206039,1.9814723582998517,-1.3155770098052424,1.481718542091673
1771415206056,1.9722943074117645,-1.3041388967316276,1.4795832430385474
1771415206073,1.9809426020876642,-1.2867621730857337,1.5061131108524108
1771415206088,2.0103425051550112,-1.40046260184835,1.4422834287535433
1771415206103,1.9722943074117645,-1.3041388967316276,1.4795832430385474
1771415206119,1.9392527503662436,-1.2260091555057329,1.5025321229242188
1771415206136,2.0018467366728325,-1.309959919609707,1.5137355667829833
1771415206151,1.9874668283220291,-1.3243024490320086,1.4819741621122313
1771415206165,1.9874668283220291,-1.3243024490320086,1.4819741621122313
1771415206179,2.2060163908525214,-1.673434779855948,1.437401945970041
1771415206194,1.9644840983100385,-1.2810937189942153,1.489294012499404
1771415206208,1.9646798475293874,-1.3167318829879133,1.4581440435057167
1771415206222,1.9636362059636816,-1.2893736087651257,1.4810073755358002
1771415206236,2.1551282753554273,-1.6068934418543133,1.4361306868673398
1771415206249,1.958518882423828,-1.2397400068824744,1.5161929059805426
1771415206263,1.9981887008577324,-1.3885615406087468,1.4368907168528076
1771415206275,1.973506824980424,-1.2548289694555903,1.5231984262266471
1771415206292,2.0033086994531653,-1.3679682606268488,1.463526078763985
1771415206304,1.9442991773678269,-1.1763601185184742,1.5480556070995672
1771415206322,1.9495151230908514,-1.2299649372392392,1.5125460218856193
1771415206335,2.0511237532722832,-1.4344238570922039,1.4661298883258957
1771415206350,2.135517456346891,-1.6022038343930463,1.4118702771212783
1771415206364,2.1581504775051656,-1.5771703003617865,1.4731419915311923
1771415206378,1.9703631544541487,-1.293736953020576,1.486127739065367
1771415206392,1.998907896875677,-1.3065998768568237,1.5127556121164039
1771415206405,2.097598583696654,-1.542232291210937,1.4217733216910753
1771415206421,2.0150092406232014,-1.3493049745624692,1.496542122834458
1771415206435,1.968738240967547,-1.2680417107141455,1.5059882075690814
1771415206450,2.0145908416412146,-1.316533399577484,1.5248987071348739
1771415206465,2.158956449932217,-1.6031634504893104,1.4460151810126787
1771415206479,1.974533864545124,-1.2829243438843094,1.5009627277532631
1771415206492,1.9946717265903224,-1.3497399001034092,1.468644783100276
1771415206506,2.146956145535741,-1.5837939902471347,1.4494886295900173
1771415206524,1.955604149191885,-1.273199938392488,1.4843683859520458
1771415206539,2.0506092520538375,-1.4686086960109592,1.4311487702575818
1771415206554,1.980299615433896,-1.2897466218372462,1.5027109563542311
1771415206570,1.9570505876248967,-1.2524585823446122,1.503793370790774
1771415206584,2.0018467366728325,-1.309959919609707,1.5137355667829833
1771415206599,2.3117998426367516,-1.8001354673682515,1.4504932993772142
1771415206612,1.976114734348538,-1.2645700205605965,1.518516416246056
1771415206626,1.982273238391363,-1.3424311556529136,1.4585217804252923
1771415206643,1.9844073891836995,-1.282867736680672,1.51397591012231
1771415206659,1.9844463718957746,-1.3186115358431834,1.483000681210762
1771415206673,1.964147241313711,-1.2481794178526961,1.516549546308714
1771415206691,2.033748749518609,-1.4042415736323537,1.4711354727050245
1771415206705,1.990913327818545,-1.3217663978309926,1.4888483698652442
1771415206719,1.9694976789006435,-1.2642511496594608,1.5101622885570127
1771415206734,2.0522925026822514,-1.4525570474713172,1.4498215546773985
1771415206748,1.9780903374397734,-1.2788838377450176,1.5090717387278751
1771415206764,1.943358539068517,-1.2202752916685249,1.5124716935909304
1771415206781,2.1143099709751088,-1.5435955427437886,1.444859665775979
1771415206799,1.990913327818545,-1.3217663978309926,1.4888483698652442
1771415206813,1.9667897360215003,-1.2543188058716703,1.5149079836597963
1771415206829,1.9502486571892947,-1.2175069436039903,1.5235309866047089
1771415206843,1.9775541756530832,-1.3195083197210884,1.4729624271615946
1771415206856,1.981266794881459,-1.2424815372145215,1.5432620458564026
1771415206870,1.9898252100441276,-1.333318045439489,1.4770468361675526
1771415206887,2.145922285763625,-1.6012162855345442,1.4286668133179052
1771415206904,2.0022220911277597,-1.3415718295812062,1.486296850657416
1771415206920,1.9804940880980593,-1.322955723872286,1.4738198620133056
1771415206937,1.9733602868213949,-1.2957052849561612,1.4883879320057962
1771415206952,1.9506681888603787,-1.2489033792777942,1.4984481079638148
1771415206965,1.9857225416520865,-1.3428914067102884,1.4627838808959048
1771415206980,1.9657678680234767,-1.2703354312337427,1.500163725433243
1771415206995,1.9744452113785704,-1.2865009765158608,1.497781402661785
1771415207008,2.1309815667228866,-1.577696738639534,1.432464812342316
1771415207022,1.9944926912642653,-1.3518387991952079,1.4664695552574663
1771415207040,1.952158461203755,-1.2358230024867243,1.5111797259671367
1771415207056,2.1279663838752327,-1.5759511585471337,1.429901701788267
1771415207072,1.9978631410625514,-1.3543291965171085,1.4687578281928058
1771415207089,1.9857946875004229,-1.2677326564765248,1.528474550853849
1771415207104,1.9665473572708203,-1.2964664863705735,1.4786761505166661
1771415207118,1.9600693137341847,-1.2580926483698964,1.5030218237803528
1771415207134,2.134582420106361,-1.5751166454825658,1.4406421003673593
1771415207150,2.024890913508198,-1.4218408173092285,1.4417183850674482
1771415207164,1.9451363358144604,-1.235519038021104,1.5023475202472665
1771415207178,1.9533253138845508,-1.258500960262777,1.4938725229683578
1771415207193,2.333789428439228,-1.8275651286717,1.4514058001668209
1771415207206,1.9624954620131334,-1.2307997694624222,1.52856807696399
1771415207219,2.095052649010778,-1.4967751790023842,1.4659159817839014
1771415207234,2.155668551640655,-1.6010820055364587,1.4434137716122393
1771415207248,1.991513424543476,-1.3143564279118094,1.4961928019288797
1771415207261,1.9530642444441746,-1.2255184271856554,1.5207118489558409
1771415207276,1.991513424543476,-1.3143564279118094,1.4961928019288797
1771415207291,2.0135471419187114,-1.3657177832053358,1.4795901558761853
1771415207305,2.0083231717754995,-1.3830488038451498,1.4562067052698608
1771415207319,2.2081266242803674,-1.6508882736578507,1.4664211866836936
1771415207334,2.166600581527926,-1.6294921455460698,1.427905258580139
1771415207346,1.9702278104219473,-1.3302488070649643,1.4533532730421397
1771415207361,2.2003094410212594,-1.6248300735139032,1.4836741112697531
1771415207378,2.3117998426367516,-1.8001354673682515,1.4504932993772142
1771415207390,2.3663531971178293,-1.8691766389284967,1.4511396025171874
1771415207402,1.9699040207420098,-1.3342817456469327,1.4492115353422046
1771415207416,2.182713654099565,-1.6337216691192842,1.4474779458225866
1771415207430,1.9657469265239966,-1.2663379185422323,1.503512306301703
1771415207448,1.968738240967547,-1.2680417107141455,1.5059882075690814
1771415207462,2.35425942112459,-1.8534807078620412,1.4516014217191706
1771415207478,1.9884696751597408,-1.27679848508397,1.5244006289414749
1771415207490,2.4342941890453633,-1.9261110628195237,1.4885846877165796
1771415207504,2.1713948003648675,-1.6469198630866844,1.4151361572732566
1771415207524,2.1717787807642144,-1.608456442297093,1.4592775424197673
1771415207570,1.958518882423828,-1.2397400068824744,1.5161929059805426
1771415207589,2.1475661503987813,-1.6155338934926937,1.414952511328553
1771415207611,2.332720523693449,-1.8296835986893387,1.4470117381513776
1771415207629,2.166239383323061,-1.6322264231284191,1.4242296056118486
1771415207656,2.357192265169808,-1.8651043732815398,1.441437148037487
1771415207670,2.163413472222325,-1.5931590611355675,1.4636263381460086
1771415207688,2.1512622494847298,-1.6105892734166767,1.4261596889595642
1771415207705,2.032971425225984,-1.3736487879041959,1.4986866995055048
1771415207742,1.9872868075792256,-1.2866939695287796,1.5145056897736309
1771415207759,2.433522991293597,-1.9384470836281176,1.4712093845296734
1771415207780,2.147363449470143,-1.5825322594353213,1.4514687154626678
1771415207797,2.340993476060199,-1.8456741852473284,1.4400476578460952
1771415207813,1.900407790015282,-1.1060520659123532,1.5453797578076993
1771415207827,2.351439475080222,-1.8112859463926052,1.4995035262933505
1771415207844,2.1219390747540867,-1.564662042767309,1.433338106969692
1771415207859,1.9953156264112168,-1.3435921926586998,1.4751421859696692
1771415207874,2.374787699570498,-1.88527092274668,1.4440810800911494
1771415207886,2.3188664676946464,-1.798044892101253,1.4643006047213254
1771415207899,2.003061671675958,-1.3353354386513177,1.4930289102422556
1771415207912,2.005950041834784,-1.4131361164774277,1.4236860210889426
1771415207924,2.171566975025265,-1.6135710751295194,1.4533036546179006
1771415207939,2.1911374338031733,-1.6540595123068091,1.4370700691201235
1771415207953,2.009891660699367,-1.3666484222324007,1.4737491570001149
1771415207966,1.9820150081868801,-1.344383861317701,1.4563706692001688
1771415207979,1.971743911928111,-1.2379454559876126,1.5346872978640282
1771415207995,2.001971608173215,-1.3451099191857605,1.4827574397856604
1771415208008,1.9610368427326603,-1.2830546982341564,1.4830496080354623
1771415208021,2.0251405712268324,-1.3462513074978883,1.5128786303894863
1771415208033,1.9654315802062758,-1.3086153888830865,1.4664402682859288
1771415208045,1.983492230444718,-1.2899681572082249,1.5067261136727466
1771415208059,2.009891660699367,-1.3666484222324007,1.4737491570001149
1771415208072,2.154744803949305,-1.6099306706363914,1.4321481787478514
1771415208085,1.9477483066286891,-1.2419463927880234,1.5004308126054138
1771415208097,1.9912151498821624,-1.2779949694699921,1.5269795778364676
1771415208110,2.199876176302588,-1.66771016946897,1.434642109277946
1771415208122,1.9692672323693998,-1.3024091312693677,1.4770727427144563
1771415208137,1.9886403287516412,-1.342013229628319,1.4675458591267274
1771415208151,1.9831137058458652,-1.2973347896064078,1.499887467108989
1771415208168,1.9606040463595151,-1.2885375799446095,1.4777141576339428
1771415208182,1.9654151210857973,-1.237487893984459,1.5269185670606695
1771415208196,1.9545676742560196,-1.2083538028570278,1.5362994110418533
1771415208210,1.9558622373348937,-1.2665160976677874,1.4904140585022054
1771415208227,1.9827494948473845,-1.301353989751525,1.4959188990969217
1771415208243,2.0107944254497565,-1.3934269363213627,1.4497087964670277
1771415208256,1.9994871797378069,-1.336384112291118,1.4872882996755301
1771415208272,1.935245233651324,-1.235508780552832,1.4895274980835436
1771415208286,1.9666695993226027,-1.295849738578763,1.4793791832809728
1771415208299,1.9861932714618948,-1.2993166563989647,1.50224496604406
1771415208315,1.9660895054682692,-1.2667166099141376,1.503641238354448
1771415208328,1.9692173611343338,-1.3407432031590687,1.442298401363473
1771415208344,1.9837223730891957,-1.3304787902043076,1.4713873189310531
1771415208361,1.9818829649103558,-1.2753237066758465,1.5170397258451875
1771415208373,2.0031916279765904,-1.2951078389197617,1.5282252399316296
1771415208391,1.9687581308201174,-1.3079951013012445,1.471447380181252
1771415208408,1.9326229196692857,-1.233743548520872,1.487584688719994
1771415208422,1.959657168229089,-1.2269233275875622,1.528042985394428
1771415208438,1.984123068646155,-1.285782886106314,1.5111276323758864
1771415208468,1.9666695993226027,-1.295849738578763,1.4793791832809728
1771415208488,1.9660895054682692,-1.2667166099141376,1.503641238354448
1771415208503,1.9464224000381734,-1.2603789855361227,1.4832413735428556
1771415208516,1.9718045460311073,-1.2732365007952773,1.5056168107428725
1771415208531,1.9600842176185858,-1.2580766048527223,1.5030546884527223
1771415208542,1.953121673700572,-1.2209261305544048,1.5244748787724816
1771415208554,1.9484976560888247,-1.2018417676623916,1.5336947158042182
1771415208569,1.953006644065365,-1.1864064066497102,1.5513461219289466
1771415208581,1.9625068888151092,-1.2667345859572694,1.4989385502369417
1771415208595,1.968891076240535,-1.2301343080347158,1.5373033709374226
1771415208607,1.9317158843766296,-1.199569188781981,1.5141202129546794
1771415208621,1.968224145079191,-1.2418625210974636,1.5269851878673102
1771415208633,1.96307265837208,-1.2605323144238625,1.504896191217602
1771415208647,1.9867673224190827,-1.214832038980599,1.5720774505406951
1771415208664,1.9616391044712107,-1.2729644214300861,1.4925111584051154
1771415208679,1.9882356728253254,-1.3463563365104214,1.4630125446603017
1771415208693,1.9636609444643611,-1.253493778382515,1.511528250603009
1771415208707,1.955234605868848,-1.2734209873931261,1.4836917984722517
1771415208724,1.9652994113656401,-1.2358013463603053,1.528135075393595
1771415208740,1.96307265837208,-1.2605323144238625,1.504896191217602
1771415208756,1.9531512152055703,-1.2205343667998405,1.5248263930426667
1771415208773,1.959788955919931,-1.2251669817527249,1.5296204164983715
1771415208789,1.9604140388297753,-1.2545701940266434,1.5064119064521568
1771415208800,1.990181754719652,-1.3295235316350913,1.4809424687163062
1771415208813,1.964040556246841,-1.2496296218403558,1.5152165240656301
1771415208827,1.958518882423828,-1.2397400068824744,1.5161929059805426
1771415208843,1.9737033399773365,-1.2916713145343186,1.4923438241393565
1771415208857,1.9763029474811542,-1.2981779940477154,1.4901366501072806
1771415208870,1.9389187281521445,-1.1981702175049118,1.524399542201244
1771415208885,2.0054894749805663,-1.344790813697747,1.48779222395198
1771415208899,1.9472020340140341,-1.217430649084447,1.519690223676593
1771415208911,1.9529873883827171,-1.2582633148448932,1.4936308679514787
1771415208923,1.9809387145809476,-1.2864053167312381,1.5064128092960507
1771415208940,1.9695654385627963,-1.2983489790519673,1.481039481369681
1771415208955,1.9677144284537056,-1.2834671305953527,1.49151339136671
1771415208972,1.9450675145216716,-1.2040975259268871,1.5275590934900891
1771415208988,1.9816507356035165,-1.3135848985083625,1.4837231387050391
1771415209006,1.9775034899936086,-1.211757974469147,1.5627420338134288
1771415209020,1.9817025369062276,-1.278062970507206,1.5144966121450636
1771415209033,1.9843323803054735,-1.3194749853666374,1.482079875890803
1771415209045,1.9452677232551483,-1.2347409773130296,1.5031570889572163
1771415209058,1.952716969877091,-1.1936131373911985,1.5454420864895286
1771415209073,1.946708006714724,-1.221809458294311,1.515537433067813
1771415209089,1.9874577200926113,-1.359570630316742,1.4496744083882618
1771415209103,1.962098179170998,-1.236093738228012,1.523778702771385
1771415209118,1.953748929975031,-1.289824377519983,1.4674767311728547
1771415209135,1.9737283988044276,-1.215333435159211,1.5551747276853496
1771415209155,1.9427915238124294,-1.2268528266601162,1.5064099862632032
1771415209170,1.9926246643802836,-1.3764715158603504,1.4407911781801506
1771415209185,1.9579282597286005,-1.2061250890663875,1.542318170731469
1771415209201,1.943922646256837,-1.2131716648981485,1.518897549579444
1771415209220,1.959178317386866,-1.2289932841771194,1.5257638043833552
1771415209234,1.952933204863447,-1.1864717284395812,1.5512037068908155
1771415209249,1.9628469259954795,-1.2634808389504424,1.5021265674020248
1771415209263,1.9472020340140341,-1.217430649084447,1.519690223676593
1771415209275,1.953121673700572,-1.2209261305544048,1.5244748787724816
1771415209287,1.9689343944167295,-1.3052047880854079,1.4741584415103075
1771415209301,1.9616107702908103,-1.272841715153659,1.4925785682119377
1771415209313,1.9982586258497899,-1.3140524668345819,1.5054247407921262
1771415209325,1.9524878961450347,-1.2687144020571153,1.4841067180650185
1771415209338,1.9718635504754565,-1.2775632193001292,1.5020246610442731
1771415209352,1.9571067929978303,-1.215664262768086,1.5337624977247222
1771415209364,1.9210392853683083,-1.1733928515462182,1.5210329226774202
1771415209375,1.9791844806323964,-1.2660493187066952,1.5212791758840458
1771415209387,1.993519993603054,-1.2924283704653212,1.517811210958555
1771415209399,1.957742447441433,-1.2494032221319258,1.50723159436111
1771415209417,1.9765127959473043,-1.2601991047737153,1.5226624868535235
1771415209430,1.9636609444643611,-1.253493778382515,1.511528250603009
1771415209448,1.9689082793187211,-1.2733157569031859,1.5017545723559074
1771415209462,1.96630314552118,-1.264070753054149,1.5061451428596127
1771415209474,1.9367006430437772,-1.2189853090498213,1.504953220896547
1771415209496,2.167660714784915,-1.6142776157089422,1.4466723035445521
1771415209513,1.9734886063738493,-1.2581437529640744,1.5204379554473348
1771415209535,1.989758680072198,-1.3379426734361373,1.4727691630127302
1771415209557,1.9751089107087874,-1.2724199313926687,1.510629910784216
1771415209574,1.976955101444384,-1.3307873386721463,1.4619700859993277
1771415209588,1.9848760796965226,-1.2778855403127056,1.5187961013945028
1771415209603,1.9790709992256452,-1.2671136995084875,1.5202450106788405
1771415209621,1.9940571380091288,-1.325483943359122,1.48975037692303
1771415209640,1.990107174503847,-1.2943296604056682,1.5117001343539773
1771415209656,1.941370761348662,-1.2465096885562124,1.4883326339750056
1771415209669,1.979454013278108,-1.3025170364330785,1.4905326432132904
1771415209685,1.9442887646453142,-1.2131007517753027,1.519422708257382
1771415209702,2.0128867554274827,-1.332540097845592,1.5086583370031268
1771415209717,1.968224145079191,-1.2418625210974636,1.5269851878673102
1771415209731,1.9718846091245772,-1.3079530916909703,1.475665145498266
1771415209745,1.962408695617621,-1.3078281253331077,1.4630903879198107
1771415209757,1.9860826532445066,-1.3398072895433144,1.4660971087910022
1771415209770,1.9783397086555015,-1.3157527393911201,1.4773702080480362
1771415209783,1.9529873883827171,-1.2582633148448932,1.4936308679514787
1771415209796,1.9988689679495621,-1.2666962873869358,1.546272183851181
1771415209807,1.973878542661533,-1.3248477549578388,1.4632070692020291
1771415209821,2.0007780355636435,-1.322201552836258,1.5016310469856766
1771415209833,1.9735430845060324,-1.2577430713606128,1.5208401207378628
1771415209845,2.0427314998351673,-1.4147209070199265,1.4735388476927065
1771415209861,1.9677144284537056,-1.2834671305953527,1.49151339136671
1771415209877,1.983889754370217,-1.2481861912376344,1.5420278173557076
1771415209891,1.9565143795241386,-1.186125591701598,1.5559738423235974
1771415209905,1.9871726877313685,-1.3267855013886767,1.479356456088359
1771415209919,1.9909944033298437,-1.319940676843973,1.4905755008396706
1771415209936,1.9882797839938817,-1.280201209115047,1.5212959487289541
1771415209956,1.9464434391867136,-1.1841674134472626,1.5447943548843714
1771415209967,1.9345873358242565,-1.1362941510974813,1.565715096086529
1771415209982,1.9630915353721186,-1.2639968309054195,1.502012113037281
1771415209996,1.9959195234305431,-1.3401542023894226,1.4790812884453568
1771415210009,1.9843323803054735,-1.3194749853666374,1.482079875890803
1771415210021,1.9857152945889422,-1.3037785669862976,1.4977405247343767
1771415210035,1.9972954912799716,-1.3599731371159125,1.4627584714539879
1771415210050,2.014600554175491,-1.3538242881894844,1.491903210530908
1771415210064,1.9617893961577508,-1.275163752393372,1.4908303188019243
1771415210079,1.9688512013135901,-1.2353213965743592,1.5330871143152764
1771415210093,2.0047635576243463,-1.3894000147089725,1.4452143512660443
1771415210106,1.9623694589031333,-1.2321469314761362,1.5273204747169855
1771415210121,1.9871726877313685,-1.3267855013886767,1.479356456088359
1771415210136,2.021547725708866,-1.3858836519926754,1.4717274579412227
1771415210150,1.9447867981169629,-1.2462014229596907,1.4930431017031192
1771415210166,1.9680406448553325,-1.3195974680296079,1.4600844161117674
1771415210183,1.959178317386866,-1.2289932841771194,1.5257638043833552
1771415210197,1.9667868486450508,-1.3298355372079722,1.4490645092548204
1771415210211,1.96710348996582,-1.2146880787281722,1.5472650101489953
1771415210229,1.9735368739659116,-1.3296734740429679,1.4583608076637438
1771415210243,1.9594077960356175,-1.2661149806933993,1.49540354648132
1771415210256,1.982195482196175,-1.2685001816405064,1.5231566625980824
1771415210271,2.0016791550986834,-1.3510918752618684,1.476912382153372
1771415210288,1.9588299813413637,-1.268758131752433,1.4924033298387815
1771415210304,1.9657678680234767,-1.2703354312337427,1.500163725433243
1771415210319,1.9447317169700935,-1.2440238337587266,1.4947863232013088
1771415210335,1.9570505876248967,-1.2524585823446122,1.503793370790774
1771415210349,1.9848760796965226,-1.2778855403127056,1.5187961013945028
1771415210363,1.982195482196175,-1.2685001816405064,1.5231566625980824
1771415210377,1.9616083247498994,-1.315840004984595,1.4548100566775883
1771415210393,1.9775177824029009,-1.2485576711698234,1.5335189341780797
1771415210407,2.005027760235795,-1.3489989363094979,1.4833536965781329
1771415210422,1.9612285440989903,-1.24117478241389,1.51851985883902
1771415210437,1.955604149191885,-1.273199938392488,1.4843683859520458
1771415210450,1.985355284974065,-1.3468846479734227,1.4586080188412376
1771415210464,1.969541429779163,-1.1903196267407405,1.56915028910947
1771415210479,1.9938901280899017,-1.3278508255633148,1.487417233981504
1771415210495,1.9714452390275479,-1.2780828444006287,1.5010331686319207
1771415210509,1.974533864545124,-1.2829243438843094,1.5009627277532631
1771415210523,1.9741701525341318,-1.2834037996436205,1.5000741575725365
1771415210537,2.1534561413370885,-1.589524463562855,1.452854202044252
1771415210551,2.1540082411186336,-1.5834192897937778,1.4603201209036183
1771415210567,1.9957185945003861,-1.3421759077364348,1.4769754707260625
1771415210582,2.166546946621433,-1.5918244648134419,1.4697008352505125
1771415210597,2.034617839613504,-1.4263013165305185,1.4509770183351738
1771415210613,1.9465124838091266,-1.2246356984441298,1.5130030587282477
1771415210626,1.944737996869467,-1.2398855783370577,1.4982288306863032
1771415210639,1.9396617653672021,-1.2215235826920126,1.5067076361904723
1771415210653,1.9657851380086735,-1.2660705371916658,1.5037874197076482
1771415210670,1.9279217262787853,-1.1705907432203626,1.531861447567818
1771415210683,1.9565143795241386,-1.186125591701598,1.5559738423235974
1771415210698,1.9793537768642124,-1.3035660452963986,1.4894821044701845
1771415210712,1.9035773296967469,-1.106207323997554,1.5491649384328217
1771415210727,1.962753659690273,-1.267715890225692,1.4984319638531611
1771415210740,1.9472464025289569,-1.137746090649137,1.5802855391904875
1771415210757,1.9477483066286891,-1.2419463927880234,1.5004308126054138
1771415210771,1.9007825338261748,-1.0603668580057284,1.5775285630826825
1771415210788,1.9313391783633729,-1.1722242489002965,1.534914112310993
1771415210801,1.9066513068840067,-1.074549936769301,1.5750116315226317
1771415210815,1.8895572487852619,-1.043503837672038,1.5752861128063869
1771415210835,1.9430797906992612,-1.1870414185533622,1.5383405811661819
1771415210847,1.9228316312396398,-1.0728601099520696,1.5956981752729202
1771415210868,1.90417579123808,-1.1023041938466558,1.5526786235938337
1771415210880,1.942363783264886,-1.2308844029578507,1.502564691816687
1771415210893,1.910298486823836,-1.1101307206632625,1.5546221701111507
1771415210911,1.9274394493889855,-1.1397154596429053,1.5543717387137084
1771415210929,1.9190095782597796,-1.1187816544888014,1.559142511456883
1771415210947,1.929705452685319,-1.1496392468365393,1.549868619030841
1771415210961,1.9559922722601506,-1.2284456567240802,1.5221126888693788
1771415210973,1.9260419009675154,-1.1561411609064585,1.5404463704850055
1771415210987,1.9137983888076047,-1.1427853304275357,1.5351436289683813
1771415211001,1.8869601242785075,-1.0753377537212336,1.5505699681210559
1771415211012,1.9396094842446927,-1.1859291396509193,1.5348149813898722
1771415211025,1.9317158843766296,-1.199569188781981,1.5141202129546794
1771415211040,1.9413610620586086,-1.1279608500649168,1.58005920585216
1771415211054,1.944774568388039,-1.2041749005704747,1.5271250540427168
1771415211066,1.9245570987631557,-1.1317667315162592,1.5566065950755377
1771415211084,1.9030339418027833,-1.1576246351856025,1.5104447648506847
1771415211098,1.9041095678903432,-1.0666652323771373,1.5772946866611126
1771415211112,1.951081811734074,-1.2086540067806064,1.531625191740036
1771415211130,1.951081811734074,-1.2086540067806064,1.531625191740036
1771415211142,1.949235121512377,-1.1926161908785768,1.541811979520086
1771415211155,1.919121279925175,-1.1587110834774295,1.5298415316915026
1771415211173,1.9417173799883876,-1.2062546308622248,1.5215834348705317
1771415211188,1.944737996869467,-1.2398855783370577,1.4982288306863032
1771415211205,1.9287211750025863,-1.120019047558879,1.5701983008552323
1771415211219,1.9616391044712107,-1.2729644214300861,1.4925111584051154
1771415211234,1.9377905326807092,-1.2470007874008056,1.4832468387860323
1771415211249,1.929931475383002,-1.2265624309212393,1.4900268798671354
1771415211265,1.9403319845336782,-1.1818506682795575,1.5388688079532853
1771415211280,1.929755733908946,-1.149830390939248,1.5497894258985478
1771415211301,1.9389187281521445,-1.1981702175049118,1.524399542201244
1771415211317,1.9584279820698922,-1.2002556182138813,1.5475227338880564
1771415211332,1.9396094842446927,-1.1859291396509193,1.5348149813898722
1771415211347,1.974650261504619,-1.2809598864203242,1.5027925421169386
1771415211364,1.9080094730697787,-1.1329682569509556,1.5352143427109872
1771415211388,1.929260678218915,-1.1915648109318782,1.5173068463137525
1771415211403,1.949355934435262,-1.267286508655175,1.481206759402127
1771415211418,1.951081811734074,-1.2086540067806064,1.531625191740036
1771415211432,1.9255456561547408,-1.161689693930551,1.5356442064983458
1771415211446,1.9828300481324885,-1.2644479049938038,1.5273462264116369
1771415211463,1.9470100770175371,-1.2547090715171043,1.4888093853346447
1771415211477,1.9242141969453468,-1.173225546714768,1.525169529023531
1771415211491,1.951950276176992,-1.2342963793558985,1.512158169166293
1771415211514,1.9987898960063593,-1.3081435485950235,1.5112648691233221
1771415211528,1.9746422728344084,-1.2409869146298822,1.5359568950273452
1771415211547,1.9610411712455182,-1.2836996120787987,1.4824971437641072
1771415211562,1.9456431714936,-1.1940919661422749,1.5361223021537542
1771415211577,1.9374030408255656,-1.2152849175332123,1.508844959502613
1771415211593,1.9817025369062276,-1.278062970507206,1.5144966121450636
1771415211607,1.9688512013135901,-1.2353213965743592,1.5330871143152764
1771415211621,1.9512759381797575,-1.1688680583511506,1.5624420786338622
1771415211636,1.917714838511923,-1.1748692703973407,1.5156887541064725
1771415211651,1.9248862530819684,-1.205528039556905,1.5006296122448153
1771415211665,1.9734886063738493,-1.2581437529640744,1.5204379554473348
1771415211682,1.9255456561547408,-1.161689693930551,1.5356442064983458
1771415211696,1.9478728758111081,-1.1681222411299514,1.5587492325894428
1771415211710,1.927440173338033,-1.2120426201520789,1.4986588366710518
1771415211727,1.9517722405659286,-1.2038703603257648,1.5362652878239675
1771415211749,1.9477483066286891,-1.2419463927880234,1.5004308126054138
1771415211763,1.948236988443787,-1.2794127460381723,1.46926185154845
1771415211777,1.9500124416910258,-1.220928685364679,1.5204873126742862
1771415211791,1.9636609444643611,-1.253493778382515,1.511528250603009
1771415211805,1.9720081432251253,-1.2717784926627638,1.507114986504558
1771415211822,1.953121673700572,-1.2209261305544048,1.5244748787724816
1771415211836,1.951897768483749,-1.2387084374587594,1.5084781422282254
1771415211850,1.919447719484185,-1.1969703224768526,1.500513776991967
1771415211865,1.9395127734248125,-1.1546737236487008,1.5583447597349092
1771415211878,1.9804940880980593,-1.322955723872286,1.4738198620133056
1771415211893,1.968219784348957,-1.2419838730648076,1.5268808658666184
1771415211907,1.956191178462543,-1.2627180226550274,1.494063961802456
1771415211921,1.9389187281521445,-1.1981702175049118,1.524399542201244
1771415211935,1.9546092537910278,-1.2448271148856689,1.5069514886189737
1771415211950,1.9747082704384697,-1.2402973797738688,1.5365985692639987
1771415211972,1.9123032427199795,-1.1637162069695912,1.5174545402593305
1771415211986,2.0031190705038227,-1.3316416225016283,1.4964012161974911
1771415212001,1.9447867981169629,-1.2462014229596907,1.4930431017031192
1771415212013,2.3195766597971796,-1.8211052994869446,1.436666756369203
1771415212025,1.9636362059636816,-1.2893736087651257,1.4810073755358002
1771415212039,1.952158461203755,-1.2358230024867243,1.5111797259671367
1771415212053,1.9786671633795965,-1.3464560286148777,1.449889618710097
1771415212067,2.17303665417789,-1.6323338199001283,1.4344248327503588
1771415212084,1.9260419009675154,-1.1561411609064585,1.5404463704850055
1771415212099,1.8875416455028438,-1.0677401204852883,1.5565167839164618
1771415212115,1.947340350132472,-1.1783177396710351,1.5503876107704813
1771415212133,1.9340419296315325,-1.2138047220763795,1.5057211834326916
1771415212145,1.9798205215334872,-1.294428290642098,1.4980469611699445
1771415212163,1.960105183473343,-1.2930970534756614,1.4730622324164142
1771415212180,1.9909944033298437,-1.319940676843973,1.4905755008396706
1771415212192,1.9217317011504125,-1.205337413734352,1.4967345957980132
1771415212207,1.9335231925552216,-1.1833892682998026,1.5290852742152068
1771415212221,2.0128191528132415,-1.3758441893740787,1.4691813055227052
1771415212235,2.095544071433787,-1.5247743882621287,1.4374867026241127
1771415212253,1.9320327512650046,-1.2001483183061457,1.5140655752072147
1771415212267,1.9466906294302602,-1.2218705540468329,1.5154658544041393
1771415212283,1.9364095607517553,-1.1868762508186497,1.53003488594655
1771415212297,1.969447357824781,-1.2603019383713085,1.513394171847022
1771415212313,1.9449201226840678,-1.201867023107538,1.529127183195706
1771415212331,1.9392674724647505,-1.190737268442918,1.5306544637183535
1771415212344,1.9443481283089323,-1.1304748111834086,1.581934368214524
1771415212358,1.9476877182514603,-1.253572380000715,1.490652117674316
1771415212372,1.8926821271248506,-0.9615846323631353,1.6302149027477644
1771415212385,1.9194608533961983,-1.113260483652906,1.5636435217968832
1771415212402,1.9472825198801396,-1.2157878335485146,1.5211078712655968
1771415212417,1.951950276176992,-1.2342963793558985,1.512158169166293
1771415212433,1.9425122920256965,-1.160542966503665,1.5577207797194588
1771415212448,1.9179413471874047,-1.135961251794015,1.5453449600893685
1771415212462,1.9061798429554564,-1.1126778850882855,1.5477304409118366
1771415212476,1.8888133985812297,-1.011248807162701,1.5953030761181368
1771415212489,2.1471012691544358,-1.58570088440453,1.447617547974354
1771415212504,1.8823130782165636,-1.008682679329984,1.589233078199922
1771415212518,1.8705383934939346,-0.8718094014665269,1.654950829798108
1771415212535,1.8958272960436313,-1.0815002722890856,1.5570864771947446
1771415212550,1.899542170835089,-1.079062030361207,1.5632931885649703
1771415212561,1.896583579494323,-1.0351036840963075,1.5892103816605752
1771415212574,1.9121063102615654,-1.0850097097763545,1.5744537057129144
1771415212589,1.8928621071113905,-1.1164496726074613,1.5285506485140965
1771415212607,1.9191957530231376,-1.078480162468866,1.5875115362047536
1771415212621,1.929643868490041,-1.150836936608894,1.5489027743980148
1771415212637,1.9242371276413504,-1.102094957138681,1.577363378820151
1771415212653,1.9386368207889328,-1.1645368939739005,1.549892430297097
1771415212667,1.9591732272149223,-1.1915228176386303,1.5551955212391246
1771415212683,1.9243256039693843,-1.135202539923992,1.553816019817743
1771415212696,1.9242141969453468,-1.173225546714768,1.525169529023531
1771415212710,1.95216871706496,-1.2360001970258703,1.5110480511350595
1771415212723,1.9386368207889328,-1.1645368939739005,1.549892430297097
1771415212735,1.934755401401648,-1.2447933899158823,1.4811373601643363
1771415212747,1.9404910127142294,-1.2521541981085649,1.4824355751882754
1771415212759,1.931848405429408,-1.1617447300716461,1.5434984430542533
1771415212774,1.9498759134385921,-1.185907453685103,1.5477853821192713
1771415212791,1.9477301438874772,-1.2459197412368,1.497109452179218
1771415212805,1.931085462151594,-1.1342327686573535,1.5628842211235963
1771415212819,1.9506881501457018,-1.2492023828867216,1.4982248381698244
1771415212834,1.9594853974122448,-1.1836906857738174,1.5615567178569378
1771415212850,1.9249382470564662,-1.1683576675349108,1.529812934869229
1771415212866,1.9220262236388235,-1.1620583102477398,1.530949146098421
1771415212882,1.941523795583125,-1.168320711221399,1.5506583648717178
1771415212896,1.8907224321257925,-1.0290664725741332,1.5861442274798034
1771415212910,1.91706492670306,-1.1042737935516596,1.567072851551591
1771415212924,1.9364428133096638,-1.149433373924707,1.55840100363376
1771415212938,1.9318038699874525,-1.12964775674355,1.5670871506660897
1771415212952,1.9306744051203224,-1.175222710114105,1.531781720813631
1771415212967,1.924305574211597,-1.2121507656672967,1.4945375419286095
1771415212983,1.9220262236388235,-1.1620583102477398,1.530949146098421
1771415212997,1.9313605861866567,-1.130137842703798,1.5661871441063715
1771415213015,1.9190431198946816,-1.1591672363958987,1.5293978599701936
1771415213028,1.9246364580679705,-1.1312308645855411,1.5570941611647868
1771415213043,1.9298883256692692,-1.1476123811233898,1.5515974904100738
1771415213057,1.9096876615990714,-0.9933672337398729,1.6309900379204412
1771415213071,1.9060979947289185,-1.1176628750641358,1.5440334397975242
1771415213085,1.902553560784506,-1.0426417787512903,1.5914170329791462
1771415213100,1.9254621185667815,-1.0833503969457035,1.5917777129590884
1771415213114,1.8919012838895608,-1.0531172981562997,1.571697943087966
1771415213128,1.9016058813370134,-1.1339844887428496,1.5264940573831716
1771415213144,1.906717033672696,-1.1111376950775766,1.5494976182864222
1771415213158,1.9081296980206925,-1.1308387421538455,1.5369328819803576
1771415213174,1.919055533688913,-1.1220217898009637,1.5568690518453634
1771415213188,1.9046519695982478,-1.1345040358482248,1.5299018654601917
1771415213201,2.3613826604076227,-1.8475919083841548,1.4705550683150832
1771415213217,1.9320327512650046,-1.2001483183061457,1.5140655752072147
1771415213233,1.8942577358239787,-1.0218591442008862,1.5949972599167745
1771415213247,1.912402304653019,-1.1227048331382208,1.5481655055226682
1771415213259,1.9060590010979352,-1.042539414621754,1.5956730506675199
1771415213272,1.8716802694723973,-0.8971555839576683,1.6426499594575348
1771415213288,1.8631088180008464,-0.8831479592371156,1.6404950928935536
1771415213300,1.8815836084369382,-1.055854448010026,1.5574107551176126
1771415213315,1.9056927657481295,-1.0850774030485963,1.566611613265416
1771415213330,1.9313605861866567,-1.130137842703798,1.5661871441063715
1771415213345,1.9274605116743044,-1.1011739057552432,1.581935540199889
1771415213363,1.9200566269466153,-1.1106556025909942,1.56622526576315
1771415213378,1.9361202998868243,-1.1570299397554504,1.552367074548847
1771415213392,1.9073076897704662,-1.144918363202508,1.5254456939069456
1771415213407,1.9350938050861197,-1.1649521277016979,1.5451454865629852
1771415213424,1.9339122450048083,-1.2146012983027314,1.5049120431244003
1771415213438,1.9411643107853165,-1.1719229904242776,1.5474867967067283
1771415213452,1.9221244751430175,-1.123464591991613,1.5596120698702416
1771415213466,1.9343232244099682,-1.1738559257062702,1.5374227142123442
1771415213483,1.9029895660496663,-1.113013386014895,1.5435577381638677
1771415213499,1.947333517771191,-1.1780220102941348,1.5506037445774747
1771415213514,1.9427915238124294,-1.2268528266601162,1.5064099862632032
1771415213528,1.9194465130743465,-1.1906413944424012,1.5055391015823938
1771415213543,1.9253148519282683,-1.2002656966603866,1.5053901608805362
1771415213556,1.9304147641988882,-1.178350971466068,1.5290487728918338
1771415213570,1.9033852083458023,-1.0711455141684603,1.5733793372312914
1771415213584,1.923051246228624,-1.1493866231367158,1.54176408252879
1771415213599,1.9047523822318908,-1.1334806678971048,1.5307851623012279
1771415213617,1.9139302645613288,-1.1048363973217497,1.5628389529177007
1771415213631,1.935659573058959,-1.1954544191111278,1.5223884900387505
1771415213645,1.927978232244994,-1.095263527026382,1.5866624941607028
1771415213660,1.907385324567388,-1.1026910236419551,1.5563390641998605
1771415213676,1.9143917542581785,-1.100522635243959,1.5664436530202412
1771415213690,1.9192593286049844,-1.1236982843742607,1.5559108381046771
1771415213703,1.9290043609802554,-1.1210612349320503,1.5698023863574262
1771415213717,1.9286810515798294,-1.165835099106196,1.5364371514693085
1771415213731,1.9312639235837112,-1.1732338039352734,1.5340478427479107
1771415213748,1.8879363871120771,-1.0586754825811189,1.5631730628319558
1771415213762,1.9368205575732598,-1.102491767366933,1.5924150762682854
1771415213779,1.9087895345817238,-1.1232898769421573,1.5432748749616794
1771415213795,1.9318038699874525,-1.12964775674355,1.5670871506660897
1771415213807,1.923114010337052,-1.1898055573654922,1.5108706868613373
1771415213821,1.9369965922460244,-1.1466926747273773,1.5611059246890597
1771415213846,1.9189784588233134,-1.12322517652125,1.5559060152389368
1771415213859,1.942363783264886,-1.2308844029578507,1.502564691816687
1771415213871,1.929944716811393,-1.1474760948765224,1.551768417527285
1771415213889,1.9220262236388235,-1.1620583102477398,1.530949146098421
1771415213906,1.9403319845336782,-1.1818506682795575,1.5388688079532853
1771415213924,1.9334915387413123,-1.2236143325498536,1.4970495968947801
1771415213942,1.9181008797501231,-1.0917187671545618,1.5771052971633568
1771415213962,1.947651391099128,-1.247537652198381,1.4956589676787018
1771415213980,1.9163498101443914,-1.1134106727588093,1.559715765332652
1771415213996,1.920412703122478,-1.0638468688585778,1.5988166842805909
1771415214014,1.9139302645613288,-1.1048363973217497,1.5628389529177007
1771415214028,1.9155126206067867,-1.0893147489505615,1.5756211401928621
1771415214042,1.926399443270672,-1.1838208992431565,1.5197311912139855
1771415214054,1.920729101860246,-1.1030227040171692,1.5724316192303942
1771415214066,1.90493127654695,-1.0941477719145094,1.5593600679706106
1771415214079,1.9155126206067867,-1.0893147489505615,1.5756211401928621
1771415214093,1.9070832601457008,-1.1429469523991063,1.526642992034991
1771415214105,1.9246160698841375,-1.1313520850002616,1.5569808849892228
1771415214117,1.9210686049210062,-1.0565760490267562,1.6044162918133658
1771415214128,1.9234521600246979,-1.1488390611523793,1.5426720401544185
1771415214140,1.9375457811090904,-1.098869569273415,1.5957973942886654
1771415214152,1.9169693848493978,-1.1053443483290875,1.5662009749922976
1771415214164,1.910385438940802,-1.1411906529519684,1.5320758528650273
1771415214176,1.9414461830479042,-1.1686277344924885,1.5503298035728494
1771415214190,1.9331175053417378,-1.223638435324019,1.4965467814460227
1771415214203,1.9252855947337768,-1.1280636024468156,1.5601913761215658
1771415214217,1.9216639329751168,-1.1660168375228637,1.5274806073762686
1771415214232,1.9332963133122516,-1.1496745991300203,1.5543110857167464
1771415214246,1.9134716361031565,-1.1461464833105366,1.5322277705896667
1771415214259,1.919055533688913,-1.1220217898009637,1.5568690518453634
1771415214273,1.904217363174889,-1.1059786751758796,1.5501144913434406
1771415214286,1.8985542264648378,-1.0532308177134209,1.5796243209846503
1771415214300,1.9088817488133931,-1.0847042538773355,1.5707470237352963
1771415214317,1.931848405429408,-1.1617447300716461,1.5434984430542533
1771415214333,1.914269663259097,-1.1379726696978267,1.539300668061603
1771415214349,1.9356862165468744,-1.0819670069947025,1.6050634020824468
1771415214364,1.928545173448617,-1.1638295555922415,1.5377864778836892
1771415214377,1.9369965922460244,-1.1466926747273773,1.5611059246890597
1771415214391,1.9134716361031565,-1.1461464833105366,1.5322277705896667
1771415214405,1.903274477396444,-1.071992298469739,1.5726685119027064
1771415214419,1.9308690205857264,-1.0987016479589156,1.5878003222792358
1771415214434,1.9029441642492313,-1.0761477611346717,1.5694274396909973
1771415214448,1.917601156225076,-1.1393715637636461,1.542409360073561
1771415214462,1.9408686957385712,-1.2124965026159111,1.515527474261726
1771415214476,1.9288739630441287,-1.1956595061065338,1.513589478942901
1771415214492,1.9106600603386292,-1.1423906750951862,1.5315238854254865
1771415214506,1.9356329364837361,-1.1222853223134517,1.577070233096942
1771415214520,1.9260419009675154,-1.1561411609064585,1.5404463704850055
1771415214534,1.9252855947337768,-1.1280636024468156,1.5601913761215658
1771415214553,1.909139701069888,-1.1596910595524847,1.5165523547162019
1771415214565,1.9242141969453468,-1.173225546714768,1.525169529023531
1771415214579,1.9008220411778294,-1.1427396508167318,1.5189702178379614
1771415214594,1.947340350132472,-1.1783177396710351,1.5503876107704813
1771415214610,1.9224254300316783,-1.1974495360627138,1.5039395408777825
1771415214625,1.902553560784506,-1.0426417787512903,1.5914170329791462
1771415214640,1.9175336952125428,-1.1765931500441618,1.514121537903951
1771415214655,1.9454592942492808,-1.1592192227855271,1.56237724609181
1771415214675,1.9011877860041795,-1.1337968141505401,1.5261126373480955
1771415214688,1.9083592160942644,-1.0930875762482128,1.5642872013488198
1771415214704,1.9186760351155974,-1.1595027742947606,1.5286827807395695
1771415214718,1.9253015683017245,-1.2003196539216985,1.5053301489422093
1771415214732,1.8968005836794848,-1.0704295525404164,1.5658968763283738
1771415214746,1.9318038699874525,-1.12964775674355,1.5670871506660897
1771415214760,1.9104425085042402,-1.1446175939771233,1.5295885531272766
1771415214774,1.9341583884596618,-1.2118173318567034,1.5074705389693612
1771415214789,1.9375712350954675,-1.1730097607051833,1.5421512222735305
1771415214806,1.920830584085555,-1.0584793836266082,1.6028760174124168
1771415214826,1.9106600603386292,-1.1423906750951862,1.5315238854254865
1771415214841,1.9280818568413067,-1.1690687174628922,1.5332246999478876
1771415214856,1.9543187974156135,-1.21206854543868,1.533053098587969
1771415214872,1.93137362801653,-1.1726505399064444,1.5346318132551722
1771415214886,1.946767608785998,-1.1845010076173403,1.5449470818030817
1771415214901,1.9375712350954675,-1.1730097607051833,1.5421512222735305
1771415214916,1.9151225382862112,-1.131126732048348,1.54539530628815
1771415214930,1.9312639235837112,-1.1732338039352734,1.5340478427479107
1771415214943,1.9154103961746096,-1.1238821804531025,1.5510273467072573
1771415214960,1.9361202998868243,-1.1570299397554504,1.552367074548847
1771415214973,1.9296212824967578,-1.1133254181261123,1.5760535546797734
1771415214987,1.9314130984162985,-1.1298725817696942,1.5664432660326806
1771415215002,1.9260419009675154,-1.1561411609064585,1.5404463704850055
1771415215017,1.923871284157941,-1.1024773970896922,1.576649709641892
1771415215028,1.9377308381509732,-1.1716936100067832,1.5433518346088637
1771415215051,1.9381693576174504,-1.1289862224568372,1.5754017164869032
1771415215065,1.9121929605338726,-1.1243799912686618,1.5466905164091425
1771415215081,1.9097736802992566,-1.1527410611003566,1.522637040143511
1771415215122,1.9144024592884457,-1.1718723339661705,1.5138203357777729
1771415215134,1.9219250504221113,-1.0879133398643455,1.584373839845016
1771415215148,1.9154103961746096,-1.1238821804531025,1.5510273467072573
1771415215162,1.9016572280263773,-1.0538106929682878,1.582966593548538
1771415215178,1.9035773296967469,-1.106207323997554,1.5491649384328217
1771415215197,1.937963132821887,-1.1682684009251927,1.5462373839668073
1771415215215,1.973805756983007,-1.2147443622841219,1.5557330428444989
1771415215234,1.9046519695982478,-1.1345040358482248,1.5299018654601917
1771415215249,1.9278394063516358,-1.0926608285405202,1.5882874709747512
1771415215268,1.9056927657481295,-1.0850774030485963,1.566611613265416
1771415215287,1.9172678568104018,-1.1794415573235968,1.51156662030373
1771415215303,1.9386830991659996,-1.1598529322169588,1.5534585075307312
1771415215318,1.9074057587970235,-1.1394049314128936,1.5296905343774696
1771415215333,1.913691331640416,-1.0262706983976932,1.6152346474757096
1771415215346,1.91349775015603,-1.1419648337865864,1.535379418335078
1771415215360,1.945346140015812,-1.159925540428206,1.5617119917375142
1771415215374,1.923051246228624,-1.1493866231367158,1.54176408252879
1771415215391,1.9199657197640114,-1.1545074155454147,1.534073333488196
1771415215407,1.9035773296967469,-1.106207323997554,1.5491649384328217
1771415215421,1.9281296394184464,-1.131591384007824,1.5611485662944338
1771415215436,1.90005120887986,-1.0732386212495972,1.567913727927682
1771415215450,1.9386919671416036,-1.0841686223396345,1.60720407596346
1771415215465,1.8954726893535279,-1.0484383618108288,1.5791116862237835
1771415215476,1.962387203538054,-1.2319381264471583,1.5275116985528359
1771415215488,1.9326232819936355,-1.2296472325707826,1.4909729821612687
1771415215501,1.9161748540744679,-1.1520018283589095,1.5312145045175864
1771415215513,1.9240141834389806,-1.1429089356021682,1.5477692796392768
1771415215526,1.9207457839078852,-1.1766070513317237,1.5181766080256878
1771415215538,1.945346140015812,-1.159925540428206,1.5617119917375142
1771415215552,1.9154867489170146,-1.1228863281731525,1.5518427044254484
1771415215565,1.9173153849993412,-1.0603490871704848,1.597422329533393
1771415215578,1.874626507447564,-1.0253353733586197,1.5693667240529192
1771415215590,1.8976678752669585,-1.0216602391834664,1.5991728238348084
1771415215604,1.9286810515798294,-1.165835099106196,1.5364371514693085
1771415215619,1.9190095782597796,-1.1187816544888014,1.559142511456883
1771415215635,1.9389996165822156,-1.1970764913616272,1.5253613955175722
1771415215651,1.923051246228624,-1.1493866231367158,1.54176408252879
1771415215664,1.9451363358144604,-1.235519038021104,1.5023475202472665
1771415215679,1.9277944514310532,-1.05487771077359,1.6135750562900462
1771415215693,1.9332484674479433,-1.2221877161295385,1.4979008056049252
1771415215708,1.9259764305186737,-1.1894442247911097,1.5147962394409775
1771415215722,1.9080094730697787,-1.1329682569509556,1.5352143427109872
1771415215733,1.906123873248577,-1.0800266528281892,1.570621103050922
1771415215750,1.9286621146979723,-1.0875070798462094,1.592816971266826
1771415215765,1.9143917542581785,-1.100522635243959,1.5664436530202412
1771415215779,1.9624954620131334,-1.2307997694624222,1.52856807696399
1771415215793,1.9701255151884323,-1.2922858366434111,1.4870749348998271
1771415215808,1.9424842246109664,-1.2295761732608192,1.5037910084222963
1771415215823,1.936002915075818,-1.190906501390794,1.5263842871725337
1771415215835,1.9583591238612539,-1.2012049067044108,1.5466988168741402
1771415215850,1.929755733908946,-1.149830390939248,1.5497894258985478
1771415215865,1.920412703122478,-1.0638468688585778,1.5988166842805909
1771415215879,1.9147307326534766,-1.1682367077752527,1.5170421131841259
1771415215895,1.8823182413839348,-0.9260537808735883,1.6387636671516856
1771415215907,1.9052658273595158,-1.090240600467691,1.562502257917021
1771415215920,1.9269044942410827,-1.1452851134211077,1.5496073499123844
1771415215936,1.956552940366509,-1.2585532202085385,1.4980464613487625
1771415215951,1.943984565486554,-1.1800000289105639,1.5448870258439658
1771415215967,1.919447719484185,-1.1969703224768526,1.500513776991967
1771415215980,1.9421209898574725,-1.1935162968922013,1.5321073031278507
1771415215993,1.9338677162320659,-1.1796239098789918,1.5324267601182207
1771415216005,1.9406312050232677,-1.1372415432993284,1.572492017818921
1771415216016,1.9207457839078852,-1.1766070513317237,1.5181766080256878
1771415216030,1.9028630675894316,-1.1549356236994806,1.5122868640260527
1771415216042,1.9337339770038524,-1.1437901787894154,1.55918925109302
1771415216055,1.928545173448617,-1.1638295555922415,1.5377864778836892
1771415216069,1.9255456561547408,-1.161689693930551,1.5356442064983458
1771415216082,1.9111508914621413,-1.1326790155108468,1.5393297170385285
1771415216095,1.932883032971538,-1.1119790651160693,1.580993161874157
1771415216109,1.90493127654695,-1.0941477719145094,1.5593600679706106
1771415216122,1.9351368250932564,-1.2370707224570363,1.4880895670192822
1771415216134,1.9630489920258565,-1.1832630382084324,1.5663492354846926
1771415216146,1.9033409385002535,-1.1100974437544646,1.5460887405129204
1771415216160,1.914458247145025,-1.0976352192778214,1.5685494271659184
1771415216174,1.9253015683017245,-1.2003196539216985,1.5053301489422093
1771415216187,1.937106269455014,-1.1782503259786328,1.53756524040223
1771415216199,1.912649149445203,-1.1196656628922697,1.5506693948786996
1771415216212,1.9025746859662749,-1.0846188995524466,1.5631353998976893
1771415216224,1.953121673700572,-1.2209261305544048,1.5244748787724816
1771415216237,1.9263819939690248,-1.1886053624602064,1.515969946608084
1771415216249,1.947340350132472,-1.1783177396710351,1.5503876107704813
1771415216263,1.927431076410787,-1.2120366460935432,1.4986519685505237
1771415216275,1.9561335359122887,-1.227568140103232,1.5230019276823668
1771415216290,1.912402304653019,-1.1227048331382208,1.5481655055226682
1771415216301,1.9107224417840796,-1.101037518267664,1.5615942600125996
1771415216314,1.9235041170835785,-1.1487300938980112,1.5428179606844559
1771415216326,1.907057003736568,-1.1433547426875261,1.5263048017596739
1771415216339,1.9302205173337739,-1.1019060653513946,1.5847883987075593
1771415216354,1.896583579494323,-1.0351036840963075,1.5892103816605752
1771415216366,1.9183181914802923,-1.094296776981458,1.5755821932391252
1771415216381,1.9123405016762398,-1.1599784336009487,1.5203605585294635
1771415216393,1.9376550652006777,-1.1347437269017728,1.5706252977572077
1771415216404,1.9184912683254778,-1.162218717273863,1.526386713732597
1771415216416,1.9246364580679705,-1.1312308645855411,1.5570941611647868
1771415216429,1.9352911092394578,-1.1208983967309853,1.577636986669366
1771415216441,1.9151225382862112,-1.131126732048348,1.54539530628815
1771415216455,1.914458247145025,-1.0976352192778214,1.5685494271659184
1771415216466,1.917714838511923,-1.1748692703973407,1.5156887541064725
1771415216478,1.9368061939226866,-1.1453102588460788,1.5618843247178107
1771415216493,1.9250684940326201,-1.1258582943003819,1.561515868594378
1771415216523,1.9061349368365859,-1.0757206384821587,1.5735868280373193
1771415216535,1.910145672019982,-1.0694966752095747,1.5826665315385722
1771415216548,1.9114813758434703,-1.053146847898211,1.595193645598712
1771415216563,1.9110661057254437,-1.1334898288173358,1.538627462519846
1771415216575,1.89945317818218,-1.004099907552646,1.6123603045718882
1771415216587,1.9194608533961983,-1.113260483652906,1.5636435217968832
1771415216601,1.9272253727897593,-1.1045881700813658,1.5792664791101363
1771415216614,1.9150681168628894,-1.1319321942425464,1.5447379712630966
1771415216625,1.9289413553097488,-1.121394135036023,1.5694871602313352
1771415216638,1.9219250504221113,-1.0879133398643455,1.584373839845016
1771415216650,1.9226830750674473,-1.1579883156862014,1.5348528489353792
1771415216662,1.9491082810635663,-1.1948776737069675,1.5398994889885493
1771415216675,1.9380861889562835,-1.1711592889858995,1.5442033530740482
1771415216687,1.929944716811393,-1.1474760948765224,1.551768417527285
1771415216699,1.9159981469819622,-1.1937585141114704,1.4986625735050194
1771415216713,1.9466590256357577,-1.186486932580767,1.5432854955918687
1771415216726,1.919447719484185,-1.1969703224768526,1.500513776991967
1771415216741,1.9093269797810142,-1.1574512801783,1.518497958422501
1771415216754,1.9267731717811207,-1.1837385497681687,1.5202690226694198
1771415216771,1.9442991773678269,-1.1763601185184742,1.5480556070995672
1771415216786,1.9165338812500763,-1.1110798357699059,1.5616029317739515
1771415216798,1.9392674724647505,-1.190737268442918,1.5306544637183535
1771415216813,1.929705452685319,-1.1496392468365393,1.549868619030841
1771415216827,1.9245570987631557,-1.1317667315162592,1.5566065950755377
1771415216841,1.9295535917289584,-1.114635996543239,1.575044017976699
1771415216856,1.941523795583125,-1.168320711221399,1.5506583648717178
1771415216871,1.9524919578330275,-1.195710777854242,1.54353509228843
1771415216884,1.9400010627442625,-1.1485168924730427,1.5634938666822245
1771415216899,1.9220262236388235,-1.1620583102477398,1.530949146098421
1771415216915,1.9326232819936355,-1.2296472325707826,1.4909729821612687
1771415216931,1.9271704780047714,-1.219649385972114,1.4921264780811927
1771415216945,1.947629282603206,-1.2110799110558779,1.5253016985142205
1771415216958,1.9403319845336782,-1.1818506682795575,1.5388688079532853
1771415216972,1.9386830991659996,-1.1598529322169588,1.5534585075307312
1771415216983,1.931085462151594,-1.1342327686573535,1.5628842211235963
1771415216998,1.940255242267295,-1.1789595031954896,1.5409882851503978
1771415217012,1.9246364580679705,-1.1312308645855411,1.5570941611647868
1771415217027,1.9060979947289185,-1.1176628750641358,1.5440334397975242
1771415217039,1.9050930462336202,-1.1253389884175227,1.5372025487732972
1771415217050,1.9245021364316663,-1.2113227873841503,1.4954616604560413
1771415217065,1.9628067459494882,-1.1860105344260297,1.5639658993006538
1771415217079,1.9245021364316663,-1.2113227873841503,1.4954616604560413
1771415217092,1.925937517964014,-1.1568043375798882,1.5398178618452711
1771415217106,1.9375712350954675,-1.1730097607051833,1.5421512222735305
1771415217120,1.9483464573106766,-1.2036839897013654,1.5320570389680885
1771415217133,1.9372229564289596,-1.1399358762964207,1.5663265881825763
1771415217145,1.9396617653672021,-1.2215235826920126,1.5067076361904723
1771415217157,1.9491082810635663,-1.1948776737069675,1.5398994889885493
1771415217171,1.926753544774458,-1.2239098037664367,1.4880940879344093
1771415217184,1.9022027130435826,-1.088910663375756,1.5596950755506465
1771415217197,1.936002915075818,-1.190906501390794,1.5263842871725337
1771415217210,1.9240141834389806,-1.1429089356021682,1.5477692796392768
1771415217224,1.9163641602470092,-1.1937034493601595,1.4991743293109316
1771415217237,1.9645061566418391,-1.207977954111945,1.5492171254744151
1771415217249,1.9341583884596618,-1.2118173318567034,1.5074705389693612
1771415217263,1.9488144825624818,-1.2740012941524552,1.4747198343899572
1771415217276,1.974231051198407,-1.2458524690787371,1.5314828986333415
1771415217290,1.9613088379979378,-1.2409791320095738,1.5187834447101358
1771415217302,1.9735620846513038,-1.2535154258945587,1.5243511337672773
1771415217314,1.9606040463595151,-1.2885375799446095,1.4777141576339428
1771415217328,1.9728558847660196,-1.2661596312391192,1.5129441927170781
1771415217340,1.9848643825071868,-1.3140946339682147,1.4875624053872765
1771415217353,2.014053579618295,-1.398499126904201,1.4493488239969887
1771415217365,1.9871073644260009,-1.3243940806114107,1.4814101380095601
1771415217376,1.978270293988274,-1.311836676999481,1.4807558505558611
1771415217389,2.0127643237886574,-1.3411540741184496,1.5008417546803183
1771415217402,1.9716704356561499,-1.31454660298424,1.4695072423853877
1771415217414,1.9845391930185,-1.2860437217871343,1.5114520681379262
1771415217429,1.9667600142922599,-1.2552880521314174,1.5140663327592363
1771415217444,1.9389583368881502,-1.2692992998454997,1.4657553409760395
1771415217457,1.9379452570608013,-1.2451289735326367,1.4850204236420512
1771415217471,1.943922646256837,-1.2131716648981485,1.518897549579444
1771415217487,1.9503289965617014,-1.1756903789905278,1.5561283133400285
1771415217501,1.949235121512377,-1.1926161908785768,1.541811979520086
1771415217515,1.9439413469005478,-1.1764310646309102,1.5475522318684105
1771415217529,1.9106600603386292,-1.1423906750951862,1.5315238854254865
1771415217541,1.9338677162320659,-1.1796239098789918,1.5324267601182207
1771415217558,1.9172678568104018,-1.1794415573235968,1.51156662030373
1771415217573,1.9230055028233357,-1.1503156503917757,1.541013974093868
1771415217588,1.9396094842446927,-1.1859291396509193,1.5348149813898722
1771415217602,1.9478327983085424,-1.16786911667224,1.5588888146656543
1771415217616,1.9190431198946816,-1.1591672363958987,1.5293978599701936
1771415217629,1.8809802198538497,-0.907734914987191,1.6474537661478192
1771415217642,2.3697033264696175,-1.8622789855540214,1.4654046661059383
1771415217656,2.379105210433992,-1.8771316930628037,1.4616833477923121
1771415217672,2.374032064894037,-1.8935592013188969,1.4319433634908845
1771415217686,2.367952347671289,-1.8501524601063093,1.4778816580513272
1771415217700,2.078540803740152,-1.4938822057555385,1.445215495398428
1771415217712,2.217462141277016,-1.6944354069679315,1.4303940015290437
1771415217727,1.991631313392592,-1.348287891074054,1.4658496004941917
1771415217743,1.977643813576787,-1.2873933683000816,1.5012306180715569
1771415217756,2.158401984968488,-1.643712011846719,1.3988959756989514
1771415217772,2.377880586943536,-1.8867037921737417,1.4472957148973247
1771415217786,1.990913327818545,-1.3217663978309926,1.4888483698652442
1771415217799,1.9630771428666534,-1.2280716435832029,1.531506417574655
1771415217815,2.168528094365248,-1.639359174284124,1.4195124493085112
1771415217831,1.940255242267295,-1.1789595031954896,1.5409882851503978
1771415217846,1.9425324326805933,-1.2290024548090783,1.504322178952781
1771415217860,1.9279217262787853,-1.1705907432203626,1.531861447567818
1771415217873,1.9184912683254778,-1.162218717273863,1.526386713732597
1771415217885,1.9400010627442625,-1.1485168924730427,1.5634938666822245
1771415217899,1.9083776632880445,-1.1285579347390746,1.5389159475664067
1771415217913,1.9132697720504803,-1.1118613838801013,1.557037405998431
1771415217927,1.90493127654695,-1.0941477719145094,1.5593600679706106
1771415217940,1.9205069263450767,-1.1432301582710394,1.5431693553719203
1771415217955,1.9318125661934094,-1.1985815841869016,1.5150254047212486
1771415217970,1.925937517964014,-1.1568043375798882,1.5398178618452711
1771415217986,1.9448952095407348,-1.2388394021804747,1.4992979396036077
1771415218003,1.9500374538131628,-1.1874529659564024,1.5468036478220066
1771415218019,1.9264991610494546,-1.1131681527737227,1.5723408285656741
1771415218033,1.9445264354919363,-1.170075636174451,1.5530956390248247
1771415218048,1.930601340876013,-1.216232090865598,1.4993335314535439
1771415218063,1.9246364580679705,-1.1312308645855411,1.5570941611647868
1771415218075,1.9172678568104018,-1.1794415573235968,1.51156662030373
1771415218089,1.9573111208119296,-1.2173727022437353,1.5326677811860723
1771415218105,1.9257217110439138,-1.1591955661819398,1.537748271899543
1771415218120,1.9395127734248125,-1.1546737236487008,1.5583447597349092
1771415218134,1.9291900795511485,-1.1921950878439882,1.5167218715239892
1771415218148,1.9536920222262533,-1.1779645651199384,1.558625035418173
1771415218164,1.934334492776685,-1.1696124017429173,1.5406676343828347
1771415218175,1.9454592942492808,-1.1592192227855271,1.56237724609181
1771415218190,1.9374030408255656,-1.2152849175332123,1.508844959502613
1771415218204,1.9421028899627355,-1.198644259446241,1.5280757751165948
1771415218218,1.9441290185669677,-1.2148781742024448,1.5177973061910128
1771415218232,1.9545140819528248,-1.2090001407327347,1.5357226169657467
1771415218246,1.934334492776685,-1.1696124017429173,1.5406676343828347
1771415218260,1.8933706083196344,-0.9973702011653042,1.609380297591636
1771415218273,1.8876671189911578,-1.0243677716892778,1.5855465368271981
1771415218289,1.915863049485227,-1.0387503524914847,1.6098226391691879
1771415218303,1.8978533457581963,-1.0961717363083243,1.5492755876616573
1771415218316,1.9441890328223,-1.21436844063572,1.5182820178525727
1771415218330,1.940255242267295,-1.1789595031954896,1.5409882851503978
1771415218347,1.9393229189251993,-1.2297449294545135,1.4995668682487848
1771415218361,1.9425324326805933,-1.2290024548090783,1.504322178952781
1771415218372,1.962098179170998,-1.236093738228012,1.523778702771385
1771415218387,1.9600842176185858,-1.2580766048527223,1.5030546884527223
1771415218399,1.896610743303462,-1.0341475841808498,1.5898651155827725
1771415218415,1.869169560611691,-0.9250573067392629,1.6242117551494333
1771415218429,1.9215976801621384,-1.1295008034971146,1.5545949888327457
1771415218444,1.9260419009675154,-1.1561411609064585,1.5404463704850055
1771415218458,1.947312470590608,-1.2467190267890425,1.49590023944108
1771415218474,1.9336221823233666,-1.2187527253718782,1.5011783832614956
1771415218488,1.9220262236388235,-1.1620583102477398,1.530949146098421
1771415218503,1.9496052043136367,-1.2289893017069904,1.5134549048374655
1771415218517,1.9221244751430175,-1.123464591991613,1.5596120698702416
1771415218532,1.8981452365909983,-1.0957233481199942,1.5499502197095902
1771415218545,1.917075826928973,-1.1461897387896325,1.536694116891439
1771415218556,1.9172968727628386,-1.1014843774628182,1.569318152737522
1771415218570,1.9370146055133823,-1.1422261576869561,1.5643992414559198
1771415218587,1.8965735260479224,-1.0797465004375908,1.5592109012249193
1771415218604,1.9579215907925231,-1.2109532709495403,1.5385217357152072
1771415218620,1.9285661950253774,-1.1675486710692378,1.5349910974592391
1771415218635,1.9260419009675154,-1.1561411609064585,1.5404463704850055
1771415218647,1.9456834251254198,-1.1971493328399616,1.5337918586589967
1771415218663,1.9132869476843377,-1.070605263541618,1.5857084580263272
1771415218677,1.929260678218915,-1.1915648109318782,1.5173068463137525
1771415218689,1.9354232421747373,-1.161348242678467,1.5482678662227052
1771415218727,1.9448952095407348,-1.2388394021804747,1.4992979396036077
1771415218740,1.9029441642492313,-1.0761477611346717,1.5694274396909973
1771415218752,1.929609171766311,-1.1514575432720004,1.5483982310138042
1771415218764,1.923051246228624,-1.1493866231367158,1.54176408252879
1771415218777,1.9163043395064343,-1.1185684960915385,1.5559649228574228
1771415218788,1.928100481147668,-1.0894593223662818,1.590801637637789
1771415218800,1.9356329364837361,-1.1222853223134517,1.577070233096942
1771415218812,1.9220262236388235,-1.1620583102477398,1.530949146098421
1771415218823,1.9330340963596777,-1.110381047374598,1.582300460506906
1771415218835,1.9375712350954675,-1.1730097607051833,1.5421512222735305
1771415218847,1.9368958101496723,-1.2167127033714955,1.5070419957087402
1771415218861,1.9511659778357175,-1.170459741653294,1.5611126372662916
1771415218872,1.9443552424362902,-1.244698577959684,1.4937345007780416
1771415218887,1.9425908849042444,-1.1510240663632825,1.5648651522625165
1771415218904,1.9288783913352217,-1.1965385882621957,1.5129002793837616
1771415218918,1.961430802449678,-1.2430626944995062,1.517236280327496
1771415218933,1.9553068232202795,-1.2369586007359183,1.5143177318506247
1771415218947,1.9336221823233666,-1.2187527253718782,1.5011783832614956
1771415218961,1.944123561968083,-1.2514551644409813,1.4877756536499256
1771415218974,1.9431015882619787,-1.2233056372365543,1.5096910611815557
1771415218988,1.938972433919201,-1.1972721533467594,1.525173265671466
1771415219005,1.963660075810018,-1.2173405073572419,1.5407929719717113
1771415219019,1.943583050672946,-1.1390756350630726,1.5748084875529509
1771415219032,1.9363712848395096,-1.1907899540431728,1.5269423820501125
1771415219046,1.9422257901729418,-1.1962934747475251,1.5300728552227179
1771415219058,1.9542080013856844,-1.1671927631322907,1.5673512581331088
1771415219071,1.9339122450048083,-1.2146012983027314,1.5049120431244003
1771415219082,1.9392674724647505,-1.190737268442918,1.5306544637183535
1771415219095,1.9360392192445124,-1.2307480148825194,1.4944922824543587
1771415219109,1.9269891284098508,-1.1403133267349075,1.5533745903292369
1771415219124,1.9199657197640114,-1.1545074155454147,1.534073333488196
1771415219137,1.9386830991659996,-1.1598529322169588,1.5534585075307312
1771415219149,1.9301228176434135,-1.2220630581274259,1.4939665234361825
1771415219162,1.9298883256692692,-1.1476123811233898,1.5515974904100738
1771415219174,1.8976078171008803,-1.0653515748204427,1.5703316368047773
1771415219190,1.9099748847781979,-1.114265725091817,1.55126269676322
1771415219203,1.9302173539381189,-1.110983090867474,1.5784345425928905
1771415219218,1.9302205173337739,-1.1019060653513946,1.5847883987075593
1771415219232,1.93137362801653,-1.1726505399064444,1.5346318132551722
1771415219249,1.9352121088686804,-1.1639522841294252,1.5460468901627336
1771415219261,1.9083592160942644,-1.0930875762482128,1.5642872013488198
1771415219277,1.9456431714936,-1.1940919661422749,1.5361223021537542
1771415219290,1.9648803106847261,-1.279911930253616,1.49083201136512
1771415219307,1.9191957530231376,-1.078480162468866,1.5875115362047536
1771415219321,1.9083776632880445,-1.1285579347390746,1.5389159475664067
1771415219337,1.923051246228624,-1.1493866231367158,1.54176408252879
1771415219354,1.937106269455014,-1.1782503259786328,1.53756524040223
1771415219368,1.9343456347330938,-1.0945639004631205,1.5948739456188805
1771415219382,1.961364101040406,-1.2029336976814908,1.5491609522036032
1771415219397,1.926266771039986,-1.111513729907862,1.573226271532206
1771415219411,1.920695246142157,-1.1403619812804227,1.545524111815558
1771415219423,1.9256707032148346,-1.1602706281079722,1.536873360680654
1771415219437,1.9313391783633729,-1.1722242489002965,1.534914112310993
1771415219451,1.9208913287715865,-1.1009216175533738,1.5741013591740318
1771415219465,1.9203365318024048,-1.1847390099326798,1.5113192494369356
1771415219480,1.9364095607517553,-1.1868762508186497,1.53003488594655
1771415219492,1.9160677198508882,-1.15706391869059,1.5272585226866333
1771415219507,1.9343456347330938,-1.0945639004631205,1.5948739456188805
1771415219524,1.9403140541101205,-1.2189634899062258,1.5096180440273248
1771415219538,1.939632264347181,-1.1929811351102269,1.5293689326541478
1771415219554,1.912649149445203,-1.1196656628922697,1.5506693948786996
1771415219569,1.9130797813021705,-1.1140729440895307,1.5552220821718181
1771415219583,1.9313391783633729,-1.1722242489002965,1.534914112310993
1771415219597,1.943583050672946,-1.1390756350630726,1.5748084875529509
1771415219611,1.9365298163820173,-1.2215790459771616,1.5026284850774316
1771415219626,1.9450675145216716,-1.2040975259268871,1.5275590934900891
1771415219639,1.939632264347181,-1.1929811351102269,1.5293689326541478
1771415219653,1.9254373608724002,-1.1283010232678006,1.5602069835557422
1771415219666,1.947564837650732,-1.248394235111308,1.4948313050623385
1771415219680,1.9442887646453142,-1.2131007517753027,1.519422708257382
1771415219693,1.9082645715821926,-1.169790897732902,1.5076680439463523
1771415219706,1.9280818568413067,-1.1690687174628922,1.5332246999478876
1771415219721,1.9137983888076047,-1.1427853304275357,1.5351436289683813
1771415219737,1.9418204888413497,-1.2016982286569533,1.52531576341648
1771415219754,1.9239019027986546,-1.1761222325828988,1.5225422902555126
1771415219770,1.9428236608483305,-1.1897077875166886,1.5359554542610454
1771415219784,1.939632264347181,-1.1929811351102269,1.5293689326541478
1771415219800,1.9389004276593451,-1.1982963343847604,1.5242771281422671
1771415219814,1.929944716811393,-1.1474760948765224,1.551768417527285
1771415219825,1.9264991610494546,-1.1131681527737227,1.5723408285656741
1771415219841,1.9106600603386292,-1.1423906750951862,1.5315238854254865
1771415219855,1.9149149365427955,-1.088145386155256,1.5757026473239573
1771415219869,1.9269891284098508,-1.1403133267349075,1.5533745903292369
1771415219881,1.924507606737186,-1.0945263057846706,1.5829534719424487
1771415219895,1.9257217110439138,-1.1591955661819398,1.537748271899543
1771415219907,1.9193565653949727,-1.1145832811410483,1.5625727933525657
1771415219921,1.8939685124790946,-1.103802636232113,1.5390700005228197
1771415219934,1.920729101860246,-1.1030227040171692,1.5724316192303942
1771415219948,1.9185748654814176,-1.1608860584791536,1.5275055069248604
1771415219963,1.9147307326534766,-1.1682367077752527,1.5170421131841259
1771415219975,1.9081296980206925,-1.1308387421538455,1.5369328819803576
1771415219990,1.924507606737186,-1.0945263057846706,1.5829534719424487
1771415220006,1.9109092887796637,-1.0983997999814594,1.5636790557352522
1771415220019,1.9020389185126414,-1.0870002435274964,1.5608275106839649
1771415220033,1.917714838511923,-1.1748692703973407,1.5156887541064725
1771415220047,1.929643868490041,-1.150836936608894,1.5489027743980148
1771415220059,1.9324327454743004,-1.1553613458740468,1.5490114512944873
1771415220073,1.912649149445203,-1.1196656628922697,1.5506693948786996
1771415220087,1.9527286397237538,-1.2610973491291748,1.4908999350783907
1771415220098,1.9302173539381189,-1.110983090867474,1.5784345425928905
1771415220113,1.912649149445203,-1.1196656628922697,1.5506693948786996
1771415220125,1.917714838511923,-1.1748692703973407,1.5156887541064725
1771415220138,1.9264991610494546,-1.1131681527737227,1.5723408285656741
1771415220152,1.900666438380763,-1.1032318813885524,1.5477119647644033
1771415220163,1.9206104810522733,-1.1409869708464662,1.5449573949745186
1771415220175,1.9252651939530099,-1.2013717772858472,1.504444056715957
1771415220187,1.923282803502591,-1.1469650981985255,1.5438548525568176
1771415220201,1.8958319633475649,-1.0436825462300967,1.5826893491601393
1771415220214,1.9365417157063305,-1.1889345190927154,1.5286034560933688
1771415220226,1.9353889418844459,-1.1200574486290105,1.5783541009986533
1771415220239,1.918919518969418,-1.0861893728050525,1.581911744278798
1771415220250,1.8990202955201183,-1.1223209862482693,1.5318856636916574
1771415220262,1.9279217262787853,-1.1705907432203626,1.531861447567818
1771415220275,1.9354232421747373,-1.161348242678467,1.5482678662227052
1771415220287,1.9052658273595158,-1.090240600467691,1.562502257917021
1771415220302,1.9234178121686096,-1.1085401985761323,1.5718380032014336
1771415220316,1.9374030408255656,-1.2152849175332123,1.508844959502613
1771415220330,1.9311752635494126,-1.0517590040362326,1.6196422123339016
1771415220345,1.9039805099356615,-1.1421872241502657,1.5233351985701546
1771415220356,1.9130797813021705,-1.1140729440895307,1.5552220821718181
1771415220371,1.9414461830479042,-1.1686277344924885,1.5503298035728494
1771415220382,1.9089770948119382,-1.045804935529414,1.5970239776969368
1771415220395,1.9234521600246979,-1.1488390611523793,1.5426720401544185
1771415220407,1.9414942358770753,-1.2047791307172295,1.52246744271664
1771415220421,1.9340419296315325,-1.2138047220763795,1.5057211834326916
1771415220435,1.9065596056630443,-1.1489527620633824,1.5214720110777418
1771415220447,1.9274064140259133,-1.1395572305383552,1.5544467836358966
1771415220462,1.9347251661003635,-1.1696177133085148,1.5411540718101613
1771415220474,1.9226830750674473,-1.1579883156862014,1.5348528489353792
1771415220490,1.900989832368014,-1.0994710435425707,1.5507823081199956
1771415220505,1.92407589503231,-1.1749105884502329,1.5236972005591902
1771415220519,1.9121929605338726,-1.1243799912686618,1.5466905164091425
1771415220533,1.9313605861866567,-1.130137842703798,1.5661871441063715
1771415220549,1.935719546363063,-1.1205882463373844,1.578382762305306
1771415220563,1.9094319258085726,-1.115809630463184,1.5494835100325035
1771415220575,1.9269044942410827,-1.1452851134211077,1.5496073499123844
1771415220590,1.932883032971538,-1.1119790651160693,1.580993161874157
1771415220603,1.9275991187345936,-1.1375716209097613,1.5561391871703252
1771415220616,1.919958078220136,-1.1493349898136733,1.5379428153584778
1771415220630,1.925937517964014,-1.1568043375798882,1.5398178618452711
1771415220642,1.9215165654744377,-1.1306796397553855,1.5536374942808606
1771415220657,1.9144024592884457,-1.1718723339661705,1.5138203357777729
1771415220669,1.9364428133096638,-1.149433373924707,1.55840100363376
1771415220684,1.9314130984162985,-1.1298725817696942,1.5664432660326806
1771415220698,1.937963132821887,-1.1682684009251927,1.5462373839668073
1771415220710,1.9420132211286534,-1.162448005799604,1.5556766967628626
1771415220725,1.9090454292606989,-1.0829289304445018,1.572170277860351
1771415220739,1.9256824036719802,-1.196742283466702,1.5086618662824347
1771415220753,1.924410975271146,-1.096050066866522,1.58178122781437
1771415220765,1.9095268750693035,-1.1512440728392792,1.5234598686425476
1771415220782,1.918919518969418,-1.0861893728050525,1.581911744278798
1771415220796,1.9147634354229175,-1.1719938752994417,1.51418273992711
1771415220807,1.9259315510015167,-1.1575395553116843,1.5392577812153285
1771415220822,1.9147307326534766,-1.1682367077752527,1.5170421131841259
1771415220834,1.9289413553097488,-1.121394135036023,1.5694871602313352
1771415220846,1.9029895660496663,-1.113013386014895,1.5435577381638677
1771415220857,1.9453176694369128,-1.1975016959276554,1.5330526811802165
1771415220869,1.9357048977051363,-1.194440053742249,1.5232420717062227
1771415220883,1.9315620238846327,-1.1655079086128703,1.5402997004070835
1771415220895,1.9020389185126414,-1.0870002435274964,1.5608275106839649
1771415220908,1.9481596951359144,-1.2051209645453769,1.5306892756419506
1771415220921,1.9400074773381963,-1.1441284455860927,1.566716027915992
1771415220934,1.9179130829512079,-1.13562034639008,1.5455604234776075
1771415220948,1.9212909030486185,-1.0501495161245216,1.6088954993786295
1771415220963,1.9288310555802288,-1.196871003896949,1.5125769537453126
1771415220978,1.9278394063516358,-1.0926608285405202,1.5882874709747512
1771415220990,1.906704175771234,-1.1134932358585141,1.5477899171401772
1771415221004,1.9293717037211333,-1.1184209315711324,1.5721354238561476
1771415221018,1.930430016518009,-1.1420606191489822,1.556360366644809
1771415221030,1.929944716811393,-1.1474760948765224,1.551768417527285
1771415221047,1.9162180870143664,-1.1511685055500942,1.5318951755360288
1771415221062,1.90493127654695,-1.0941477719145094,1.5593600679706106
1771415221074,1.9110176153298766,-1.1341592221930763,1.538073855448913
1771415221087,1.9313605861866567,-1.130137842703798,1.5661871441063715
1771415221099,1.912402304653019,-1.1227048331382208,1.5481655055226682
1771415221110,1.929944716811393,-1.1474760948765224,1.551768417527285
1771415221122,1.9104791781474122,-1.1074156117290606,1.5567791600074696
1771415221137,1.919636514431368,-1.1112549467036064,1.565284891310517
1771415221149,1.9234178121686096,-1.1085401985761323,1.5718380032014336
1771415221161,1.9106600603386292,-1.1423906750951862,1.5315238854254865
1771415221173,1.9302173539381189,-1.110983090867474,1.5784345425928905
1771415221186,1.8910402347347708,-1.0592926123920454,1.566503217589218
1771415221197,1.892371057255108,-1.0815004473836232,1.5528763636058853
1771415221209,1.9243256039693843,-1.135202539923992,1.553816019817743
1771415221222,1.9151716856042091,-1.1676232270626647,1.5180706785139606
1771415221236,1.9274064140259133,-1.1395572305383552,1.5544467836358966
1771415221252,1.9094319258085726,-1.115809630463184,1.5494835100325035
1771415221266,1.9472487058720953,-1.2122007175408687,1.523924848184435
1771415221280,1.9263819939690248,-1.1886053624602064,1.515969946608084
1771415221296,1.9394615190602205,-1.1549710721266535,1.558060591397519
1771415221308,1.9226830750674473,-1.1579883156862014,1.5348528489353792
1771415221321,1.9449214403166493,-1.1693059199593925,1.5541695771540853
1771415221335,1.9263279169332759,-1.1886376649094093,1.5158759003016047
1771415221351,1.9119900993645915,-1.0894939848468312,1.5712125881149226
1771415221365,1.9172968727628386,-1.1014843774628182,1.569318152737522
1771415221380,1.9454592942492808,-1.1592192227855271,1.56237724609181
1771415221392,1.9318038699874525,-1.12964775674355,1.5670871506660897
1771415221407,1.9278394063516358,-1.0926608285405202,1.5882874709747512
1771415221421,1.9212517785914847,-1.170644510125743,1.5234171548375717
1771415221435,1.9291900795511485,-1.1921950878439882,1.5167218715239892
1771415221450,1.8988643248408261,-1.087099702589056,1.5568879088694831
1771415221464,1.9449214403166493,-1.1693059199593925,1.5541695771540853
1771415221476,1.920695246142157,-1.1403619812804227,1.545524111815558
1771415221489,1.9121929605338726,-1.1243799912686618,1.5466905164091425
1771415221502,1.9269903739648757,-1.1406803263423926,1.5531066590703628
1771415221515,1.9391105906573782,-1.1594584893735678,1.5542862973786942
1771415221530,1.9330833893574149,-1.1541986100715131,1.5506891883025875
1771415221542,1.9171636086801396,-1.1409140511736209,1.5407243200138214
1771415221555,1.922249967711222,-1.1219319093078217,1.5608695426725128
1771415221567,1.9313391783633729,-1.1722242489002965,1.534914112310993
1771415221579,1.9420132211286534,-1.162448005799604,1.5556766967628626
1771415221592,1.9326236345947714,-1.1567963097568776,1.5481784169556085
1771415221604,1.9448943180588991,-1.1701718843305475,1.553483720397509
1771415221616,1.9267731717811207,-1.1837385497681687,1.5202690226694198
1771415221627,1.9396094842446927,-1.1859291396509193,1.5348149813898722
1771415221641,1.9226830750674473,-1.1579883156862014,1.5348528489353792
1771415221653,1.9145799039303277,-1.1703607217418104,1.5152135128548225
1771415221665,1.9088817488133931,-1.0847042538773355,1.5707470237352963
1771415221677,1.9184912683254778,-1.162218717273863,1.526386713732597
1771415221689,1.9368958101496723,-1.2167127033714955,1.5070419957087402
1771415221703,1.9162180870143664,-1.1511685055500942,1.5318951755360288
1771415221715,1.9242371276413504,-1.102094957138681,1.577363378820151
1771415221729,1.9190198895566104,-1.1963294446920685,1.5004776560404465
1771415221743,1.9484976560888247,-1.2018417676623916,1.5336947158042182
1771415221756,1.9449201226840678,-1.201867023107538,1.529127183195706
1771415221768,1.9154103961746096,-1.1238821804531025,1.5510273467072573
1771415221781,1.9421209898574725,-1.1935162968922013,1.5321073031278507
1771415221792,1.886279408942865,-1.0418611472534203,1.5724424817606624
1771415221804,1.923001882219982,-1.115448148097408,1.5664327843631387
1771415221816,1.9080320596827467,-1.0950429894395797,1.5625195013363558
1771415221829,1.9181821785016722,-1.1326628935865923,1.5480625437667137
1771415221841,1.9233432314260601,-1.0663961900620025,1.6006399819115116
1771415221854,1.8998135418885302,-1.0383837968317133,1.5909275861648755
1771415221867,1.9119900993645915,-1.0894939848468312,1.5712125881149226
1771415221880,1.8731374306856838,-1.0393886862411184,1.5583051668879646
1771415221893,1.9246632586774552,-1.0936384910811527,1.583756139728797
1771415221905,1.902609018889778,-1.0421711830479756,1.5917915391109183
1771415221917,1.8966060391562451,-1.113583523466821,1.5352674698654827
1771415221934,1.9090779500702624,-1.0007182394252385,1.6257741616614918
1771415221949,1.9605672607637419,-1.2171581710759893,1.5369938095391258
1771415221964,1.9107129986722842,-1.1034570165019222,1.5598739615840471
1771415221975,1.929755733908946,-1.149830390939248,1.5497894258985478
1771415221990,1.940255242267295,-1.1789595031954896,1.5409882851503978
1771415222007,1.9359234838954151,-1.2317401445609608,1.493524673975862
1771415222021,1.934926694848918,-1.203734478317193,1.5149140636185914
1771415222035,1.9343232244099682,-1.1738559257062702,1.5374227142123442
1771415222049,1.9598343162912129,-1.2615348426583148,1.499826786022875
1771415222062,1.931790248846417,-1.1292069793917716,1.5673880065991994
1771415222078,1.9331944266376095,-1.1868689434265882,1.525969463099498
1771415222094,1.9479276008257247,-1.244212825534172,1.4987849688447423
1771415222107,1.9450726873179782,-1.1632607577619989,1.5588881192700652
1771415222119,1.9502707092821974,-1.2173516729369744,1.523683282011598
1771415222133,1.9503289965617014,-1.1756903789905278,1.5561283133400285
1771415222150,1.9583908295829429,-1.2795586375449104,1.4825735511193971
1771415222162,1.9445264354919363,-1.170075636174451,1.5530956390248247
1771415222175,1.9377271575784907,-1.1715293793014583,1.5434718820408608
1771415222189,1.9500124416910258,-1.220928685364679,1.5204873126742862
1771415222206,1.9342553038541515,-1.206789035633631,1.5116229040214915
1771415222220,1.9202687980775377,-1.1819911404549286,1.513383362124815
1771415222234,1.9326229196692857,-1.233743548520872,1.487584688719994
1771415222247,1.9624954620131334,-1.2307997694624222,1.52856807696399
1771415222261,1.9456431714936,-1.1940919661422749,1.5361223021537542
1771415222275,1.945346140015812,-1.159925540428206,1.5617119917375142
1771415222289,1.951456924930593,-1.2444248691133282,1.503193558724838
1771415222303,1.9583591238612539,-1.2012049067044108,1.5466988168741402
1771415222319,1.9418204888413497,-1.2016982286569533,1.52531576341648
1771415222334,1.9763125367264902,-1.2224720614280755,1.552859717376327
1771415222349,1.931808103613085,-1.202412088131236,1.511981388609352
1771415222364,1.9396617653672021,-1.2215235826920126,1.5067076361904723
1771415222377,1.9661951871091063,-1.3011209453455732,1.4741125463797042
1771415222390,1.9369965922460244,-1.1466926747273773,1.5611059246890597
1771415222404,1.917714838511923,-1.1748692703973407,1.5156887541064725
1771415222417,1.9543187974156135,-1.21206854543868,1.533053098587969
1771415222431,1.927033550950078,-1.1813260794260374,1.5224739736872923
1771415222446,1.9443914630807773,-1.1719861362943278,1.5514853070639436
1771415222457,1.9285661950253774,-1.1675486710692378,1.5349910974592391
1771415222470,1.947312470590608,-1.2467190267890425,1.49590023944108
1771415222484,1.9268711744822309,-1.1832484331026032,1.5207746935725772
1771415222495,1.9330833893574149,-1.1541986100715131,1.5506891883025875
1771415222509,1.939676359355441,-1.1891823666640533,1.5323803959388345
1771415222522,1.9399275101476212,-1.2226778808254553,1.5061133902756867
1771415222537,1.9474499189890166,-1.2092510148562712,1.5265232294463802
1771415222551,1.920695246142157,-1.1403619812804227,1.545524111815558
1771415222567,1.9414035887250403,-1.2059491011727301,1.52142520673714
1771415222581,1.9281095388356724,-1.168696553226791,1.533543204551123
1771415222596,1.9199657197640114,-1.1545074155454147,1.534073333488196
1771415222609,1.9559959585326603,-1.2284658164846793,1.5221011554836725
1771415222623,1.9392178061082908,-1.1115850908529352,1.5890073270192695
1771415222638,1.9285661950253774,-1.1675486710692378,1.5349910974592391
1771415222651,1.9441890328223,-1.21436844063572,1.5182820178525727
1771415222663,1.9442651030455131,-1.2134434775302836,1.519118730632926
1771415222675,1.937106269455014,-1.1782503259786328,1.53756524040223
1771415222689,1.920695246142157,-1.1403619812804227,1.545524111815558
1771415222706,1.9497627848529513,-1.1452802856922286,1.5779442272787283
1771415222720,1.943922646256837,-1.2131716648981485,1.518897549579444
1771415222734,1.937106269455014,-1.1782503259786328,1.53756524040223
1771415222750,1.936214823018549,-1.188551725453477,1.5284870417502119
1771415222764,1.9343232244099682,-1.1738559257062702,1.5374227142123442
1771415222776,1.931808103613085,-1.202412088131236,1.511981388609352
1771415222790,1.9418277219442217,-1.2374131241285924,1.4964971306171633
1771415222804,1.9216639329751168,-1.1660168375228637,1.5274806073762686
1771415222821,1.9330833893574149,-1.1541986100715131,1.5506891883025875
1771415222837,1.9263279169332759,-1.1886376649094093,1.5158759003016047
1771415222850,1.9497627848529513,-1.1452802856922286,1.5779442272787283
1771415222864,1.9285661950253774,-1.1675486710692378,1.5349910974592391
1771415222879,1.937963132821887,-1.1682684009251927,1.5462373839668073
1771415222891,1.9321350380203446,-1.195584116652625,1.5178024987309253
1771415222908,1.9383943558130856,-1.2045117150144025,1.518724532968731
1771415222922,1.9343232244099682,-1.1738559257062702,1.5374227142123442
1771415222935,1.963660075810018,-1.2173405073572419,1.5407929719717113
1771415222949,1.9550437667369804,-1.2435261518401028,1.5085883598738479
1771415222965,1.9243256039693843,-1.135202539923992,1.553816019817743
1771415222979,1.9339122450048083,-1.2146012983027314,1.5049120431244003
1771415222993,1.9439486598688582,-1.1770295913573658,1.5471062449861168
1771415223007,1.9339122450048083,-1.2146012983027314,1.5049120431244003
1771415223020,1.917714838511923,-1.1748692703973407,1.5156887541064725
1771415223033,1.929260678218915,-1.1915648109318782,1.5173068463137525
1771415223051,1.9367492511306132,-1.1458649735633748,1.5614067772734939
1771415223070,1.9377271575784907,-1.1715293793014583,1.5434718820408608
1771415223084,1.9488820295110447,-1.1599091883062662,1.5661263805433414
1771415223100,1.931808103613085,-1.202412088131236,1.511981388609352
1771415223113,1.9363712848395096,-1.1907899540431728,1.5269423820501125
1771415223126,1.9279217262787853,-1.1705907432203626,1.531861447567818
1771415223139,1.937106269455014,-1.1782503259786328,1.53756524040223
1771415223151,1.9288783913352217,-1.1965385882621957,1.5129002793837616
1771415223164,1.9383943558130856,-1.2045117150144025,1.518724532968731
1771415223176,1.9443552424362902,-1.244698577959684,1.4937345007780416
1771415223189,1.9291900795511485,-1.1921950878439882,1.5167218715239892
1771415223206,1.9464434391867136,-1.1841674134472626,1.5447943548843714
1771415223220,1.9453368360944259,-1.237481087366093,1.5009916602956537
1771415223233,1.953415030181239,-1.2218516267869364,1.5241092094256528
1771415223247,1.923114010337052,-1.1898055573654922,1.5108706868613373
1771415223261,1.9507180332279872,-1.2129225945769564,1.5277825842460604
1771415223273,1.9242927702105446,-1.1758154579586704,1.5232730137142239
1771415223287,1.9483747357395131,-1.1619438699794882,1.5639854711234078
1771415223303,1.93342823787,-1.1840595271024583,1.5284462003194605
1771415223318,1.939676359355441,-1.1891823666640533,1.5323803959388345
1771415223332,1.925937517964014,-1.1568043375798882,1.5398178618452711
1771415223347,1.9161771008054322,-1.1147228362657569,1.5585659049134684
1771415223363,1.911327806080698,-1.093422097991677,1.5676741045002733
1771415223377,1.9545310441701724,-1.1676717068245241,1.5673973292392862
1771415223391,1.931242284137051,-1.2448460071566023,1.476500991704766
1771415223404,1.9320327512650046,-1.2001483183061457,1.5140655752072147
1771415223416,1.9388975660138137,-1.1578456502025558,1.5552225634298493
1771415223429,1.9291900795511485,-1.1921950878439882,1.5167218715239892
1771415223442,1.9454527832030166,-1.1587136606466375,1.5627441199067853
1771415223454,1.9224957783883896,-1.1921491659725911,1.5082341940136603
1771415223468,1.9414035887250403,-1.2059491011727301,1.52142520673714
1771415223480,1.9396094842446927,-1.1859291396509193,1.5348149813898722
1771415223493,1.9447501692994527,-1.2046487082902675,1.526720246346671
1771415223506,1.9257217110439138,-1.1591955661819398,1.537748271899543
1771415223518,1.9330833893574149,-1.1541986100715131,1.5506891883025875
1771415223530,1.9484976560888247,-1.2018417676623916,1.5336947158042182
1771415223546,1.9281095388356724,-1.168696553226791,1.533543204551123
1771415223559,1.946767608785998,-1.1845010076173403,1.5449470818030817
1771415223572,1.9203365318024048,-1.1847390099326798,1.5113192494369356
1771415223584,1.9531147731956902,-1.1843594056777131,1.5530454325157348
1771415223598,1.9336221823233666,-1.2187527253718782,1.5011783832614956
1771415223613,1.9117839533117715,-1.1655365826466662,1.515401715273121
1771415223628,1.9280818568413067,-1.1690687174628922,1.5332246999478876
1771415223642,1.935812263668135,-1.1564133811029516,1.5524423377935779
1771415223656,1.9450675145216716,-1.2040975259268871,1.5275590934900891
1771415223670,1.9280930780356103,-1.208723790248307,1.5021749952840384
1771415223684,1.9124145586395327,-1.1585176694747794,1.5215670388159583
1771415223697,1.93342823787,-1.1840595271024583,1.5284462003194605
1771415223710,1.9403319845336782,-1.1818506682795575,1.5388688079532853
1771415223726,1.95356787187094,-1.256446803000701,1.4959173978651599
1771415223740,1.927431076410787,-1.2120366460935432,1.4986519685505237
1771415223754,1.9295774438272673,-1.1885292180478795,1.520087961130364
1771415223770,1.9288783913352217,-1.1965385882621957,1.5129002793837616
1771415223784,1.9396094842446927,-1.1859291396509193,1.5348149813898722
1771415223797,1.945039737715582,-1.1635371381447637,1.5586407249429204
1771415223814,1.9413633971461766,-1.2061426058464724,1.5212205146331759
1771415223827,1.9392674724647505,-1.190737268442918,1.5306544637183535
1771415223839,1.963660075810018,-1.2173405073572419,1.5407929719717113
1771415223857,1.9481596951359144,-1.2051209645453769,1.5306892756419506
1771415223872,1.9556252465569506,-1.1918994252123347,1.55043408926321
1771415223886,1.9341808388177943,-1.1721759338420188,1.5385249745686607
1771415223900,1.9588441496477058,-1.2362725374656425,1.51944088918171
1771415223916,1.9257217110439138,-1.1591955661819398,1.537748271899543
1771415223930,1.9254373608724002,-1.1283010232678006,1.5602069835557422
1771415223946,1.93685371849041,-1.1811724288797127,1.5350029381354708
1771415223959,1.9474499189890166,-1.2092510148562712,1.5265232294463802
1771415223972,1.905880066760279,-1.1609076693080729,1.511513219332158
1771415223988,1.9367492511306132,-1.1458649735633748,1.5614067772734939
1771415224001,1.930959622926851,-1.1764357563867645,1.5312099713848877
1771415224013,1.941479799085533,-1.1681942058549486,1.5506985869807606
1771415224026,1.9220262236388235,-1.1620583102477398,1.530949146098421
1771415224038,1.95216871706496,-1.2360001970258703,1.5110480511350595
1771415224051,1.932162847975159,-1.124725644697409,1.571065083074369
1771415224063,1.9447867981169629,-1.2462014229596907,1.4930431017031192
1771415224076,1.9483464573106766,-1.2036839897013654,1.5320570389680885
1771415224088,1.957431892789951,-1.252088021771861,1.5045980196207482
1771415224100,1.9377271575784907,-1.1715293793014583,1.5434718820408608
1771415224112,1.9364095607517553,-1.1868762508186497,1.53003488594655
1771415224124,1.9574673815378076,-1.211378669337539,1.537608620312235
1771415224135,1.9484976560888247,-1.2018417676623916,1.5336947158042182
1771415224148,1.941370761348662,-1.2465096885562124,1.4883326339750056
1771415224159,1.932162847975159,-1.124725644697409,1.571065083074369
1771415224171,1.9147647216509578,-1.208009831857,1.4856097015757175
1771415224187,1.9465124838091266,-1.2246356984441298,1.5130030587282477
1771415224200,1.9332484674479433,-1.2221877161295385,1.4979008056049252
1771415224214,1.9565143795241386,-1.186125591701598,1.5559738423235974
1771415224227,1.9414035887250403,-1.2059491011727301,1.52142520673714
1771415224241,1.9474499189890166,-1.2092510148562712,1.5265232294463802
1771415224255,1.944123561968083,-1.2514551644409813,1.4877756536499256
1771415224269,1.9439413469005478,-1.1764310646309102,1.5475522318684105
1771415224286,1.9179413471874047,-1.135961251794015,1.5453449600893685
1771415224300,1.9583591238612539,-1.2012049067044108,1.5466988168741402
1771415224314,1.935924773599831,-1.232443302559374,1.4929461594491948
1771415224327,1.917601156225076,-1.1393715637636461,1.542409360073561
1771415224338,1.9487576981173147,-1.2721560703152919,1.476236938547281
1771415224349,1.9338677162320659,-1.1796239098789918,1.5324267601182207
1771415224362,1.91584885675638,-1.1552784078698526,1.5283352519144573
1771415224405,1.9433808564817232,-1.1462457981414702,1.5693469098904358
1771415224420,1.9317158843766296,-1.199569188781981,1.5141202129546794
1771415224433,1.9357048977051363,-1.194440053742249,1.5232420717062227
1771415224448,1.951950276176992,-1.2342963793558985,1.512158169166293
1771415224460,1.9245021364316663,-1.2113227873841503,1.4954616604560413
1771415224472,1.9558679702065724,-1.1933135398554329,1.5496523198697425
1771415224484,1.9601764282899319,-1.1804935896644537,1.5648407314434931
1771415224496,1.9389776731534518,-1.2339198019488609,1.4956859093225616
1771415224508,1.9288739630441287,-1.1956595061065338,1.513589478942901
1771415224522,1.953972958247283,-1.179004385617015,1.5581909319006715
1771415224540,1.942363783264886,-1.2308844029578507,1.502564691816687
1771415224557,1.919958078220136,-1.1493349898136733,1.5379428153584778
1771415224574,1.9398412787368515,-1.223547307655644,1.5052960415214172
1771415224590,1.9396617653672021,-1.2215235826920126,1.5067076361904723
1771415224605,1.9201457245183071,-1.146666312555864,1.5401675139527753
1771415224618,1.9269693049879562,-1.1816731644634977,1.5221232652950911
1771415224631,1.9622036953542374,-1.1933132269951294,1.5576414492238886
1771415224645,1.9315887204188766,-1.2018028210833114,1.5121854926184246
1771415224659,1.9332111681967734,-1.1871372166822147,1.5257819797103183
1771415224673,1.919121279925175,-1.1587110834774295,1.5298415316915026
1771415224688,1.9345873358242565,-1.1362941510974813,1.565715096086529
1771415224703,1.929609171766311,-1.1514575432720004,1.5483982310138042
1771415224717,1.9249382470564662,-1.1683576675349108,1.529812934869229
1771415224733,1.9266651238845833,-1.2246079087618569,1.4874051127352992
1771415224748,1.9500374538131628,-1.1874529659564024,1.5468036478220066
1771415224762,1.9536920222262533,-1.1779645651199384,1.558625035418173
1771415224776,1.9465124838091266,-1.2246356984441298,1.5130030587282477
1771415224790,1.919121279925175,-1.1587110834774295,1.5298415316915026
1771415224805,1.929755733908946,-1.149830390939248,1.5497894258985478
1771415224819,1.9386368207889328,-1.1645368939739005,1.549892430297097
1771415224835,1.9367006430437772,-1.2189853090498213,1.504953220896547
1771415224849,1.9396094842446927,-1.1859291396509193,1.5348149813898722
1771415224866,1.9257583606616366,-1.1552621633032714,1.5407513094909377
1771415224881,1.9433855619401061,-1.145935726285566,1.5695791644831536
1771415224896,1.947333517771191,-1.1780220102941348,1.5506037445774747
1771415224911,1.941479799085533,-1.1681942058549486,1.5506985869807606
1771415224927,1.971578543949527,-1.239806761765178,1.5329713462565049
1771415224941,1.9342553038541515,-1.206789035633631,1.5116229040214915
1771415224956,1.9281095388356724,-1.168696553226791,1.533543204551123
1771415224972,1.9508353176689188,-1.251427646690801,1.4965584792323738
1771415224989,1.9539981515623195,-1.251571884296518,1.500558760844581
1771415225003,1.927431076410787,-1.2120366460935432,1.4986519685505237
1771415225020,1.9496052043136367,-1.2289893017069904,1.5134549048374655
1771415225035,1.927033550950078,-1.1813260794260374,1.5224739736872923
1771415225048,1.9495151230908514,-1.2299649372392392,1.5125460218856193
1771415225062,1.9486490132917786,-1.2362900097334404,1.5062602659687707
1771415225080,1.936002915075818,-1.190906501390794,1.5263842871725337
1771415225094,1.9411643107853165,-1.1719229904242776,1.5474867967067283
1771415225108,1.9427915238124294,-1.2268528266601162,1.5064099862632032
1771415225121,1.9590687000056628,-1.1933104167693336,1.5536925115902687
1771415225135,1.9274064140259133,-1.1395572305383552,1.5544467836358966
1771415225152,1.9663326587331253,-1.223011028097786,1.5397104110681585
1771415225167,1.939632264347181,-1.1929811351102269,1.5293689326541478
1771415225182,1.9184912683254778,-1.162218717273863,1.526386713732597
1771415225197,1.9338677162320659,-1.1796239098789918,1.5324267601182207
1771415225211,1.9474499189890166,-1.2092510148562712,1.5265232294463802
1771415225225,1.9243256039693843,-1.135202539923992,1.553816019817743
1771415225239,1.9456834251254198,-1.1971493328399616,1.5337918586589967
1771415225253,1.9451821285029953,-1.2388695987363976,1.4996451681561744
1771415225269,1.9235041170835785,-1.1487300938980112,1.5428179606844559
1771415225285,1.963660075810018,-1.2173405073572419,1.5407929719717113
1771415225300,1.927563624676337,-1.2499822874749278,1.4673260742501393
1771415225312,1.943984565486554,-1.1800000289105639,1.5448870258439658
1771415225324,1.9383943558130856,-1.2045117150144025,1.518724532968731
1771415225339,1.9382237850486015,-1.2019206436416965,1.5205585182149541
1771415225356,1.9472020340140341,-1.217430649084447,1.519690223676593
1771415225373,1.9137397642800862,-1.1019488870517598,1.5646432614855657
1771415225389,1.9420603122654698,-1.1573491264944291,1.5595323837225172
1771415225405,1.952716969877091,-1.1936131373911985,1.5454420864895286
1771415225421,1.942486025699092,-1.2297344152782907,1.5036639345001308
1771415225442,1.9452677232551483,-1.2347409773130296,1.5031570889572163
1771415225455,1.9319058755239253,-1.1617788576713897,1.543544686023578
1771415225466,1.9364040017525428,-1.1905486690353464,1.5271720023171675
1771415225479,1.9491082810635663,-1.1948776737069675,1.5398994889885493
1771415225492,1.948914447406527,-1.2325687532037906,1.5096495593135322
1771415225506,1.944239667897583,-1.1734087915653493,1.5502192406571567
1771415225520,1.9121322959852494,-1.1275939801271175,1.5442738530878863
1771415225533,1.9352121088686804,-1.1639522841294252,1.5460468901627336
1771415225548,1.9306744051203224,-1.175222710114105,1.531781720813631
1771415225565,1.9398412787368515,-1.223547307655644,1.5052960415214172
1771415225580,1.952158461203755,-1.2358230024867243,1.5111797259671367
1771415225595,1.9484976560888247,-1.2018417676623916,1.5336947158042182
1771415225609,1.9199657197640114,-1.1545074155454147,1.534073333488196
1771415225622,1.9465092640694357,-1.1507394824829393,1.56993533579031
1771415225636,1.954851343409081,-1.2414710700292566,1.5100309126334803
1771415225650,1.9381693576174504,-1.1289862224568372,1.5754017164869032
1771415225666,1.9257008800166218,-1.2000262649084075,1.5060746471628716
1771415225683,1.930430016518009,-1.1420606191489822,1.556360366644809
1771415225699,1.9511659778357175,-1.170459741653294,1.5611126372662916
1771415225714,1.9417539280234326,-1.2058692798761776,1.5219354772280387
1771415225729,1.9240703197084907,-1.1379552369970416,1.551484603137956
1771415225743,1.9403140541101205,-1.2189634899062258,1.5096180440273248
1771415225756,1.9288739630441287,-1.1956595061065338,1.513589478942901
1771415225772,1.9364095607517553,-1.1868762508186497,1.53003488594655
1771415225786,1.9318038699874525,-1.12964775674355,1.5670871506660897
1771415225800,1.936002915075818,-1.190906501390794,1.5263842871725337
1771415225814,1.9340419296315325,-1.2138047220763795,1.5057211834326916
1771415225828,1.9263279169332759,-1.1886376649094093,1.5158759003016047
1771415225845,1.931808103613085,-1.202412088131236,1.511981388609352
1771415225859,1.9486490132917786,-1.2362900097334404,1.5062602659687707
1771415225873,1.9486099454397585,-1.1633658973965773,1.5632211961975808
1771415225887,1.9288783913352217,-1.1965385882621957,1.5129002793837616
1771415225901,1.9398412787368515,-1.223547307655644,1.5052960415214172
1771415225915,1.9500124416910258,-1.220928685364679,1.5204873126742862
1771415225930,1.9231759779017714,-1.0681991581816153,1.5992361928241006
1771415225945,1.9229964285962082,-1.1908482897523358,1.5098992069630703
1771415225962,1.9506501261125953,-1.176133081104167,1.5561962890443812
1771415225976,1.9160677198508882,-1.15706391869059,1.5272585226866333
1771415225990,1.935812263668135,-1.1564133811029516,1.5524423377935779
1771415226007,1.968219784348957,-1.2419838730648076,1.5268808658666184
1771415226021,1.9396221285821853,-1.1115470036222876,1.5895273701399424
1771415226038,1.9274394493889855,-1.1397154596429053,1.5543717387137084
1771415226052,1.9396617653672021,-1.2215235826920126,1.5067076361904723
1771415226069,1.9339122450048083,-1.2146012983027314,1.5049120431244003
1771415226085,1.9389776731534518,-1.2339198019488609,1.4956859093225616
1771415226102,1.941523795583125,-1.168320711221399,1.5506583648717178
1771415226117,1.95216871706496,-1.2360001970258703,1.5110480511350595
1771415226133,1.9564469681309224,-1.187115583275528,1.5551338627440023
1771415226149,1.9450675145216716,-1.2040975259268871,1.5275590934900891
1771415226163,1.9656378900550144,-1.2351385237879682,1.5291059943230907
1771415226178,1.9133659704365102,-1.1474885128771712,1.531090934477566
1771415226193,1.922822086160348,-1.1925509537413166,1.5083325222764075
1771415226210,1.9453176694369128,-1.1975016959276554,1.5330526811802165
1771415226225,1.935245233651324,-1.235508780552832,1.4895274980835436
1771415226242,1.9464434391867136,-1.1841674134472626,1.5447943548843714
1771415226256,1.9389004276593451,-1.1982963343847604,1.5242771281422671
1771415226270,1.9483747357395131,-1.1619438699794882,1.5639854711234078
1771415226287,1.9471795391600393,-1.252598657084536,1.4908067487080678
1771415226301,1.9279217262787853,-1.1705907432203626,1.531861447567818
1771415226315,1.9477100139072334,-1.2460755394707363,1.4969535891961478
1771415226329,1.9531118716510434,-1.1842745829108012,1.5531064662333003
1771415226344,1.9163043395064343,-1.1185684960915385,1.5559649228574228
1771415226361,1.9259764305186737,-1.1894442247911097,1.5147962394409775
1771415226375,1.9497359467606865,-1.2595332088399405,1.488303180780097
1771415226389,1.929260678218915,-1.1915648109318782,1.5173068463137525
1771415226406,1.936809396010916,-1.1825207283174037,1.5339085251656457
1771415226421,1.9211595218902897,-1.210996319445057,1.491422751214508
1771415226435,1.9596545002540176,-1.2228833764709979,1.5312746350399444
1771415226450,1.9198063748960872,-1.186659878983147,1.5091371205769735
1771415226465,1.953006644065365,-1.1864064066497102,1.5513461219289466
1771415226478,1.9534551416939436,-1.2212020646720658,1.5246811167753043
1771415226492,1.9483747357395131,-1.1619438699794882,1.5639854711234078
1771415226507,1.939632264347181,-1.1929811351102269,1.5293689326541478
1771415226520,1.9392497768525843,-1.194759990305913,1.5274941121284273
1771415226534,1.9409253589655575,-1.137546533034285,1.5726344566545831
1771415226552,1.951950276176992,-1.2342963793558985,1.512158169166293
1771415226566,1.9433808564817232,-1.1462457981414702,1.5693469098904358
1771415226582,1.9242927702105446,-1.1758154579586704,1.5232730137142239
1771415226599,1.929609171766311,-1.1514575432720004,1.5483982310138042
1771415226613,1.9374030408255656,-1.2152849175332123,1.508844959502613
1771415226627,1.9240940081554476,-1.099828121361164,1.578770361921856
1771415226641,1.9210392853683083,-1.1733928515462182,1.5210329226774202
1771415226658,1.9451821285029953,-1.2388695987363976,1.4996451681561744
1771415226676,1.9315620238846327,-1.1655079086128703,1.5402997004070835
1771415226694,1.9210204227976082,-1.2125928632962408,1.489945640850204
1771415226708,1.9389996165822156,-1.1970764913616272,1.5253613955175722
1771415226721,1.93709306842809,-1.214629774228599,1.5089745085022264
1771415226735,1.9342812564499716,-1.1747705683104739,1.5366711069338055
1771415226751,1.9398412787368515,-1.223547307655644,1.5052960415214172
1771415226766,1.9357048977051363,-1.194440053742249,1.5232420717062227
1771415226780,1.9137397642800862,-1.1019488870517598,1.5646432614855657
1771415226794,1.934334492776685,-1.1696124017429173,1.5406676343828347
1771415226811,1.9481024380364056,-1.2060065005085343,1.5299187657567137
1771415226828,1.9045773185760781,-1.1359506281272738,1.5287350760977834
1771415226841,1.9392674724647505,-1.190737268442918,1.5306544637183535
1771415226856,1.9320327512650046,-1.2001483183061457,1.5140655752072147
1771415226873,1.9285661950253774,-1.1675486710692378,1.5349910974592391
1771415226891,1.9306744051203224,-1.175222710114105,1.531781720813631
1771415226906,1.9296801720149723,-1.1908901626854302,1.5183695817181015
1771415226920,1.9219793326850219,-1.0828924910973134,1.587875438437605
1771415226934,1.912622276495779,-1.0825257562770656,1.5767884955011129
1771415226950,1.9425324326805933,-1.2290024548090783,1.504322178952781
1771415226964,1.9318038699874525,-1.12964775674355,1.5670871506660897
1771415226978,1.9191957530231376,-1.078480162468866,1.5875115362047536
1771415226992,1.9229666942448294,-1.1910941745049304,1.5096673721834575
1771415227008,1.9613886403412726,-1.2440550800715187,1.5163681466609726
1771415227025,1.9268183671896584,-1.1423369424825676,1.5516750078476487
1771415227039,1.9506153208503783,-1.2135640463710904,1.5271419172073204
1771415227054,1.9403319845336782,-1.1818506682795575,1.5388688079532853
1771415227069,1.9324988281377369,-1.117130872255642,1.5768862784002766
1771415227085,1.9104442543670848,-1.069868141101529,1.582775855798971
1771415227100,1.9375712350954675,-1.1730097607051833,1.5421512222735305
1771415227114,1.9442887646453142,-1.2131007517753027,1.519422708257382
1771415227129,1.931808103613085,-1.202412088131236,1.511981388609352
1771415227143,1.9715542564425075,-1.2767963604931978,1.5022706946246047
1771415227157,1.9255456561547408,-1.161689693930551,1.5356442064983458
1771415227171,1.9372229564289596,-1.1399358762964207,1.5663265881825763
1771415227185,1.9093269797810142,-1.1574512801783,1.518497958422501
1771415227203,1.974824911821741,-1.2397076344682703,1.537224256051417
1771415227216,1.916164896458808,-1.1146646699231635,1.5585925009591444
1771415227230,1.9352121088686804,-1.1639522841294252,1.5460468901627336
1771415227245,1.9369370815968021,-1.2204082977828041,1.5041040006487634
1771415227261,1.9226830750674473,-1.1579883156862014,1.5348528489353792
1771415227275,1.9205358136559147,-1.1043596830574733,1.5712566633023974
1771415227290,1.9239019027986546,-1.1761222325828988,1.5225422902555126
1771415227301,1.9524919578330275,-1.195710777854242,1.54353509228843
1771415227315,1.9132485412487539,-1.1489358150196072,1.5298583181313608
1771415227332,1.93437998839562,-1.2092822650655868,1.5097888405016389
1771415227346,1.9578348314763878,-1.2442971014135529,1.511569366835676
1771415227360,1.9052658273595158,-1.090240600467691,1.562502257917021
1771415227374,1.9369370815968021,-1.2204082977828041,1.5041040006487634
1771415227388,1.962098179170998,-1.236093738228012,1.523778702771385
1771415227402,1.9315620238846327,-1.1655079086128703,1.5402997004070835
1771415227415,1.9190095782597796,-1.1187816544888014,1.559142511456883
1771415227429,1.9210392853683083,-1.1733928515462182,1.5210329226774202
1771415227445,1.9339122450048083,-1.2146012983027314,1.5049120431244003
1771415227459,1.9356329364837361,-1.1222853223134517,1.577070233096942
1771415227474,1.951897768483749,-1.2387084374587594,1.5084781422282254
1771415227490,1.9492439644291044,-1.1925450627174916,1.5418781749059896
1771415227504,1.930711605710335,-1.2150227132097127,1.5004556344021267
1771415227518,1.9341808388177943,-1.1721759338420188,1.5385249745686607
1771415227534,1.9525131744195758,-1.2286124847456408,1.5175042202936873
1771415227548,1.9443914630807773,-1.1719861362943278,1.5514853070639436
1771415227559,1.927033550950078,-1.1813260794260374,1.5224739736872923
1771415227572,1.9428236608483305,-1.1897077875166886,1.5359554542610454
1771415227584,1.927431076410787,-1.2120366460935432,1.4986519685505237
1771415227597,1.914458247145025,-1.0976352192778214,1.5685494271659184
1771415227610,1.9466906294302602,-1.2218705540468329,1.5154658544041393
1771415227624,1.9464434391867136,-1.1841674134472626,1.5447943548843714
1771415227635,1.9011877860041795,-1.1337968141505401,1.5261126373480955
1771415227665,1.9525160267679664,-1.1546233449464356,1.574536047885367
1771415227678,1.9419339354551697,-1.1631499493998345,1.555052926714575
1771415227692,1.9406930110286111,-1.213904023261433,1.5141751501609724
1771415227705,1.9583591238612539,-1.2012049067044108,1.5466988168741402
1771415227718,1.95156963908004,-1.2031094764984995,1.53660393196767
1771415227730,1.919055533688913,-1.1220217898009637,1.5568690518453634
1771415227745,1.9083776632880445,-1.1285579347390746,1.5389159475664067
1771415227758,1.9556252465569506,-1.1918994252123347,1.55043408926321
1771415227770,1.9295774438272673,-1.1885292180478795,1.520087961130364
1771415227783,1.9262555947866706,-1.1119101759288097,1.5729324133963651
1771415227796,1.9440240767482033,-1.2518001604289608,1.4873553608088192
1771415227808,1.9619703294433428,-1.2001333271970733,1.5520977967147889
1771415227821,1.9242141969453468,-1.173225546714768,1.525169529023531
1771415227838,1.9472020340140341,-1.217430649084447,1.519690223676593
1771415227851,1.9281095388356724,-1.168696553226791,1.533543204551123
1771415227865,1.915443543306945,-1.1647059142358394,1.5206525247209903
1771415227876,1.9315620238846327,-1.1655079086128703,1.5402997004070835
1771415227890,1.9181262361127938,-1.1296598178435036,1.5501861028966863
1771415227904,1.9500124416910258,-1.220928685364679,1.5204873126742862
1771415227921,1.9616391044712107,-1.2729644214300861,1.4925111584051154
1771415227936,1.939676359355441,-1.1891823666640533,1.5323803959388345
1771415227948,1.9414035887250403,-1.2059491011727301,1.52142520673714
1771415227964,1.9441290185669677,-1.2148781742024448,1.5177973061910128
1771415227978,1.9463060123177085,-1.2638326153736834,1.4801466866164903
1771415227991,1.956121035467394,-1.18608078727776,1.5555133787430433
1771415228005,1.9364095607517553,-1.1868762508186497,1.53003488594655
1771415228020,1.9306744051203224,-1.175222710114105,1.531781720813631
1771415228032,1.9341808388177943,-1.1721759338420188,1.5385249745686607
1771415228047,1.9553068232202795,-1.2369586007359183,1.5143177318506247
1771415228059,1.9590687000056628,-1.1933104167693336,1.5536925115902687
1771415228073,1.9497328199479227,-1.227829334417885,1.514560396526006
1771415228087,1.943922646256837,-1.2131716648981485,1.518897549579444
1771415228100,1.9418204888413497,-1.2016982286569533,1.52531576341648
1771415228113,1.9425144913906205,-1.1560920649721678,1.561029687921069
1771415228125,1.9321350380203446,-1.195584116652625,1.5178024987309253
1771415228137,1.9531147731956902,-1.1843594056777131,1.5530454325157348
1771415228151,1.924305574211597,-1.2121507656672967,1.4945375419286095
1771415228164,1.9330833893574149,-1.1541986100715131,1.5506891883025875
1771415228175,1.9382237850486015,-1.2019206436416965,1.5205585182149541
1771415228188,1.9612285440989903,-1.24117478241389,1.51851985883902
1771415228201,1.9239019027986546,-1.1761222325828988,1.5225422902555126
1771415228215,1.9567065940335326,-1.184235185777888,1.5576545573072096
1771415228229,1.929402906550173,-1.22966800867679,1.4867791242283146
1771415228242,1.9413610620586086,-1.1279608500649168,1.58005920585216
1771415228254,1.913585344602638,-1.1852416915527142,1.5023351835337073
1771415228267,1.9341466821906161,-1.1782182845872047,1.5338595314087118
1771415228281,1.9321350380203446,-1.195584116652625,1.5178024987309253
1771415228293,1.9403319845336782,-1.1818506682795575,1.5388688079532853
1771415228305,1.9414035887250403,-1.2059491011727301,1.52142520673714
1771415228318,1.953972958247283,-1.179004385617015,1.5581909319006715
1771415228332,1.9417539280234326,-1.2058692798761776,1.5219354772280387
1771415228344,1.9395874465029188,-1.186779222735643,1.534129896428166
1771415228356,1.952521943243827,-1.2326066288016908,1.5142730392775212
1771415228369,1.949879542430537,-1.1856478826392827,1.5479888011165024
1771415228383,1.9134716361031565,-1.1461464833105366,1.5322277705896667
1771415228397,1.95216871706496,-1.2360001970258703,1.5110480511350595
1771415228410,1.9441290185669677,-1.2148781742024448,1.5177973061910128
1771415228425,1.9356329364837361,-1.1222853223134517,1.577070233096942
1771415228440,1.9477301438874772,-1.2459197412368,1.497109452179218
1771415228454,1.9397863927774772,-1.1113671581491367,1.5898535433781844
1771415228468,1.9738704604912796,-1.286223351294709,1.4972621966056123
1771415228481,1.9331175053417378,-1.223638435324019,1.4965467814460227
1771415228495,1.9248107891023685,-1.166443552214941,1.5311126716675922
1771415228510,1.940255242267295,-1.1789595031954896,1.5409882851503978
1771415228524,1.9439486598688582,-1.1770295913573658,1.5471062449861168
1771415228539,1.9207457839078852,-1.1766070513317237,1.5181766080256878
1771415228553,1.928306710742412,-1.087092063879431,1.5926699643506117
1771415228568,1.963660075810018,-1.2173405073572419,1.5407929719717113
1771415228582,1.9411643107853165,-1.1719229904242776,1.5474867967067283
1771415228597,1.939632264347181,-1.1929811351102269,1.5293689326541478
1771415228609,1.9253015683017245,-1.2003196539216985,1.5053301489422093
1771415228622,1.937963132821887,-1.1682684009251927,1.5462373839668073
1771415228637,1.921417988285595,-1.1322680473416356,1.5523582559050675
1771415228652,1.9190095782597796,-1.1187816544888014,1.559142511456883
1771415228665,1.9302645574702373,-1.2198715409087213,1.4959393990087813
1771415228678,1.9571960567230484,-1.2192275059465862,1.531045620873368
1771415228692,1.9203365318024048,-1.1847390099326798,1.5113192494369356
1771415228708,1.961364101040406,-1.2029336976814908,1.5491609522036032
1771415228721,1.9285020309715553,-1.130830338091688,1.5621596685079449
1771415228735,1.93137362801653,-1.1726505399064444,1.5346318132551722
1771415228749,1.9319058755239253,-1.1617788576713897,1.543544686023578
1771415228761,1.931479535684158,-1.1288307190098767,1.5672761098754537
1771415228775,1.9531147731956902,-1.1843594056777131,1.5530454325157348
1771415228787,1.9365298163820173,-1.2215790459771616,1.5026284850774316
1771415228801,1.9642447769908047,-1.2111037386436523,1.546442782057915
1771415228813,1.9420132211286534,-1.162448005799604,1.5556766967628626
1771415228824,1.9502707092821974,-1.2173516729369744,1.523683282011598
1771415228838,1.9452951313888394,-1.1980921424527036,1.5325626794354
1771415228852,1.964147241313711,-1.2481794178526961,1.516549546308714
1771415228870,1.9418277219442217,-1.2374131241285924,1.4964971306171633
1771415228888,1.9288739630441287,-1.1956595061065338,1.513589478942901
1771415228907,1.9452677232551483,-1.2347409773130296,1.5031570889572163
1771415228924,1.9527801324133764,-1.260532030484831,1.49144535457059
1771415228939,1.9226830750674473,-1.1579883156862014,1.5348528489353792
1771415228955,1.940255242267295,-1.1789595031954896,1.5409882851503978
1771415228973,1.939632264347181,-1.1929811351102269,1.5293689326541478
1771415228990,1.952933204863447,-1.1864717284395812,1.5512037068908155
1771415229004,1.9370443681378586,-1.2152994065225236,1.5083727114478696
1771415229017,1.9157863997359663,-1.1562312078130716,1.52753622657285
1771415229029,1.9497272427955477,-1.1458186694002037,1.5775093971679137
1771415229040,1.9355662914662306,-1.270775089311905,1.4599820344938006
1771415229052,1.949879542430537,-1.1856478826392827,1.5479888011165024
1771415229063,1.9331414331307244,-1.1504923934967026,1.5535131325460172
1771415229076,1.9422257901729418,-1.1962934747475251,1.5300728552227179
1771415229090,1.9324327454743004,-1.1553613458740468,1.5490114512944873
1771415229103,1.954851343409081,-1.2414710700292566,1.5100309126334803
1771415229114,1.927033550950078,-1.1813260794260374,1.5224739736872923
1771415229127,1.9545140819528248,-1.2090001407327347,1.5357226169657467
1771415229139,1.9187127244667783,-1.2028837183938657,1.4948341978472643
1771415229150,1.9342812564499716,-1.1747705683104739,1.5366711069338055
1771415229163,1.9367006430437772,-1.2189853090498213,1.504953220896547
1771415229177,1.9451821285029953,-1.2388695987363976,1.4996451681561744
1771415229191,1.9484976560888247,-1.2018417676623916,1.5336947158042182
1771415229205,1.949235121512377,-1.1926161908785768,1.541811979520086
1771415229219,1.9279217262787853,-1.1705907432203626,1.531861447567818
1771415229231,1.926399443270672,-1.1838208992431565,1.5197311912139855
1771415229243,1.9207457839078852,-1.1766070513317237,1.5181766080256878
1771415229255,1.946785556393927,-1.2208419238245205,1.5164164993880986
1771415229267,1.9472487058720953,-1.2122007175408687,1.523924848184435
1771415229280,1.9336221823233666,-1.2187527253718782,1.5011783832614956
1771415229292,1.9451821285029953,-1.2388695987363976,1.4996451681561744
1771415229305,1.9342751822150104,-1.1377846445376159,1.5642463307252228
1771415229317,1.9495151230908514,-1.2299649372392392,1.5125460218856193
1771415229329,1.9442887646453142,-1.2131007517753027,1.519422708257382
1771415229343,1.9313391783633729,-1.1722242489002965,1.534914112310993
1771415229355,1.9417539280234326,-1.2058692798761776,1.5219354772280387
1771415229369,1.9249382470564662,-1.1683576675349108,1.529812934869229
1771415229382,1.9352121088686804,-1.1639522841294252,1.5460468901627336
1771415229395,1.9317158843766296,-1.199569188781981,1.5141202129546794
1771415229408,1.9502008548874439,-1.2179505364639913,1.5231151844594002
1771415229427,1.942475408248625,-1.1940251631006567,1.5321601161540241
1771415229444,1.9453176694369128,-1.1975016959276554,1.5330526811802165
1771415229457,1.9420132211286534,-1.162448005799604,1.5556766967628626
1771415229469,1.9392674724647505,-1.190737268442918,1.5306544637183535
1771415229482,1.9588700213813686,-1.195077770820771,1.5520827562848252
1771415229494,1.9268183671896584,-1.1423369424825676,1.5516750078476487
1771415229506,1.9564469681309224,-1.187115583275528,1.5551338627440023
1771415229518,1.9387190395823233,-1.2361800632342241,1.4934826298625759
1771415229531,1.9368958101496723,-1.2167127033714955,1.5070419957087402
1771415229543,1.9406930110286111,-1.213904023261433,1.5141751501609724
1771415229556,1.9652994113656401,-1.2358013463603053,1.528135075393595
1771415229567,1.9561335359122887,-1.227568140103232,1.5230019276823668
1771415229579,1.9320327512650046,-1.2001483183061457,1.5140655752072147
1771415229591,1.9393229189251993,-1.2297449294545135,1.4995668682487848
1771415229603,1.9522134042023547,-1.1538144237266488,1.5747537747685152
1771415229617,1.9396617653672021,-1.2215235826920126,1.5067076361904723
1771415229632,1.9315620238846327,-1.1655079086128703,1.5402997004070835
1771415229663,1.9418204888413497,-1.2016982286569533,1.52531576341648
1771415229677,1.931808103613085,-1.202412088131236,1.511981388609352
1771415229691,1.9392497768525843,-1.194759990305913,1.5274941121284273
1771415229706,1.9754389974952433,-1.2728455033194455,1.5107030010907105
1771415229720,1.921003562702887,-1.1730656595274715,1.5212401672170517
1771415229736,1.9466906294302602,-1.2218705540468329,1.5154658544041393
1771415229750,1.9253015683017245,-1.2003196539216985,1.5053301489422093
1771415229765,1.9259764305186737,-1.1894442247911097,1.5147962394409775
1771415229778,1.9607533576335956,-1.2149127015946293,1.539006451245562
1771415229790,1.9460698539094925,-1.2650377311927017,1.4788060775348928
1771415229806,1.9421028899627355,-1.198644259446241,1.5280757751165948
1771415229820,1.9279217262787853,-1.1705907432203626,1.531861447567818
1771415229833,1.9661912292989943,-1.224733627599801,1.5381597744052866
1771415229846,1.9246364580679705,-1.1312308645855411,1.5570941611647868
1771415229861,1.936002915075818,-1.190906501390794,1.5263842871725337
1771415229875,1.9619703294433428,-1.2001333271970733,1.5520977967147889
1771415229890,1.9474499189890166,-1.2092510148562712,1.5265232294463802
1771415229906,1.934334492776685,-1.1696124017429173,1.5406676343828347
1771415229920,1.9384598976114966,-1.2389001130389565,1.490890098082362
1771415229933,1.949235121512377,-1.1926161908785768,1.541811979520086
1771415229947,1.9249352422757922,-1.2043260332722447,1.501657248688296
1771415229961,1.949879542430537,-1.1856478826392827,1.5479888011165024
1771415229975,1.9728558847660196,-1.2661596312391192,1.5129441927170781
1771415229989,1.929931475383002,-1.2265624309212393,1.4900268798671354
1771415230005,1.9441290185669677,-1.2148781742024448,1.5177973061910128
1771415230019,1.952521943243827,-1.2326066288016908,1.5142730392775212
1771415230031,1.9341808388177943,-1.1721759338420188,1.5385249745686607
1771415230048,1.9339122450048083,-1.2146012983027314,1.5049120431244003
1771415230062,1.9500124416910258,-1.220928685364679,1.5204873126742862
1771415230075,1.9445264354919363,-1.170075636174451,1.5530956390248247
1771415230089,1.9239019027986546,-1.1761222325828988,1.5225422902555126
1771415230103,1.931848405429408,-1.1617447300716461,1.5434984430542533
1771415230119,1.936809396010916,-1.1825207283174037,1.5339085251656457
1771415230136,1.9570897781863876,-1.2197742841511225,1.530474140782934
1771415230150,1.9396094842446927,-1.1859291396509193,1.5348149813898722
1771415230164,1.9389187281521445,-1.1981702175049118,1.524399542201244
1771415230179,1.9774641120385443,-1.24922948576272,1.5329024777530367
1771415230190,1.9285661950253774,-1.1675486710692378,1.5349910974592391
1771415230205,1.9431015882619787,-1.2233056372365543,1.5096910611815557
1771415230217,1.9389004276593451,-1.1982963343847604,1.5242771281422671
1771415230230,1.9343232244099682,-1.1738559257062702,1.5374227142123442
1771415230245,1.927033550950078,-1.1813260794260374,1.5224739736872923
1771415230257,1.9406312050232677,-1.1372415432993284,1.572492017818921
1771415230272,1.947564837650732,-1.248394235111308,1.4948313050623385
1771415230286,1.953415030181239,-1.2218516267869364,1.5241092094256528
1771415230303,1.9339122450048083,-1.2146012983027314,1.5049120431244003
1771415230318,1.9253148519282683,-1.2002656966603866,1.5053901608805362
1771415230332,1.9403319845336782,-1.1818506682795575,1.5388688079532853
1771415230347,1.9204901148675133,-1.1747159799150255,1.519317164990943
1771415230363,1.9417539280234326,-1.2058692798761776,1.5219354772280387
1771415230377,1.93437998839562,-1.2092822650655868,1.5097888405016389
1771415230390,1.9669689510453232,-1.2566646232184233,1.5131955852194512
1771415230403,1.955220205802868,-1.1595797503391245,1.5742492991210963
1771415230416,1.9169574913467464,-1.2185296881574301,1.4798349308991754
1771415230430,1.9395127734248125,-1.1546737236487008,1.5583447597349092
1771415230447,1.9295774438272673,-1.1885292180478795,1.520087961130364
1771415230460,1.974231051198407,-1.2458524690787371,1.5314828986333415
1771415230473,1.917714838511923,-1.1748692703973407,1.5156887541064725
1771415230490,1.9588129131108611,-1.1592563878303357,1.5789466918944477
1771415230505,1.9377271575784907,-1.1715293793014583,1.5434718820408608
1771415230522,1.9255456561547408,-1.161689693930551,1.5356442064983458
1771415230537,1.9536920222262533,-1.1779645651199384,1.558625035418173
1771415230551,1.9365298163820173,-1.2215790459771616,1.5026284850774316
1771415230565,1.945346140015812,-1.159925540428206,1.5617119917375142
1771415230579,1.953400391904877,-1.2584612161031028,1.4940041695585815
1771415230594,1.9320327512650046,-1.2001483183061457,1.5140655752072147
1771415230607,1.9368958101496723,-1.2167127033714955,1.5070419957087402
1771415230621,1.9641550534367545,-1.2114249643367871,1.5460771745688358
1771415230637,1.9653965335896457,-1.2337773305281803,1.5298944515622483
1771415230655,1.93342823787,-1.1840595271024583,1.5284462003194605
1771415230669,1.9598343162912129,-1.2615348426583148,1.499826786022875
1771415230683,1.9390305087994968,-1.2291932382068136,1.4996410561203914
1771415230697,1.929705452685319,-1.1496392468365393,1.549868619030841
1771415230709,1.960245537865576,-1.2199765608825899,1.5343466882093468
1771415230723,1.9239019027986546,-1.1761222325828988,1.5225422902555126
1771415230739,1.9419339354551697,-1.1631499493998345,1.555052926714575
1771415230755,1.93342823787,-1.1840595271024583,1.5284462003194605
1771415230769,1.9394615190602205,-1.1549710721266535,1.558060591397519
1771415230784,1.9367006430437772,-1.2189853090498213,1.504953220896547
1771415230798,1.9422257901729418,-1.1962934747475251,1.5300728552227179
1771415230810,1.9139302645613288,-1.1048363973217497,1.5628389529177007
1771415230823,1.9441890328223,-1.21436844063572,1.5182820178525727
1771415230837,1.9454527832030166,-1.1587136606466375,1.5627441199067853
1771415230852,1.9449201226840678,-1.201867023107538,1.529127183195706
1771415230868,1.9492439644291044,-1.1925450627174916,1.5418781749059896
1771415230882,1.9162180870143664,-1.1511685055500942,1.5318951755360288
1771415230896,1.9535735749712178,-1.256439579067984,1.4959309131698868
1771415230912,1.9285661950253774,-1.1675486710692378,1.5349910974592391
1771415230926,1.9493710868438867,-1.1950489645724298,1.5400992196924455
1771415230940,1.9481108055217944,-1.2424653671593695,1.5004717664788991
1771415230952,1.9464434391867136,-1.1841674134472626,1.5447943548843714
1771415230965,1.920695246142157,-1.1403619812804227,1.545524111815558
1771415230977,1.9642907610767932,-1.2472697595204674,1.517483555442168
1771415230989,1.9443552424362902,-1.244698577959684,1.4937345007780416
1771415231003,1.984980770340821,-1.2405949391712956,1.5495395624266615
1771415231017,1.9285661950253774,-1.1675486710692378,1.5349910974592391
1771415231029,1.93685371849041,-1.1811724288797127,1.5350029381354708
1771415231042,1.9382237850486015,-1.2019206436416965,1.5205585182149541
1771415231056,1.939676359355441,-1.1891823666640533,1.5323803959388345
1771415231071,1.9315887204188766,-1.2018028210833114,1.5121854926184246
1771415231085,1.951456924930593,-1.2444248691133282,1.503193558724838
1771415231098,1.9466590256357577,-1.186486932580767,1.5432854955918687
1771415231111,1.9304147641988882,-1.178350971466068,1.5290487728918338
1771415231125,1.9450675145216716,-1.2040975259268871,1.5275590934900891
1771415231140,1.9383943558130856,-1.2045117150144025,1.518724532968731
1771415231152,1.9377271575784907,-1.1715293793014583,1.5434718820408608
1771415231166,1.9620270377766833,-1.1958279904035072,1.5554888345257436
1771415231180,1.9506681888603787,-1.2489033792777942,1.4984481079638148
1771415231196,1.951950276176992,-1.2342963793558985,1.512158169166293
1771415231212,1.956935114192351,-1.1771662668619811,1.563289679272929
1771415231224,1.9451363358144604,-1.235519038021104,1.5023475202472665
1771415231237,1.9557324148433777,-1.2273345162612586,1.522675035476333
1771415231251,1.91349775015603,-1.1419648337865864,1.535379418335078
1771415231264,1.9445264354919363,-1.170075636174451,1.5530956390248247
1771415231280,1.9578348314763878,-1.2442971014135529,1.511569366835676
1771415231296,1.9341583884596618,-1.2118173318567034,1.5074705389693612
1771415231309,1.9443914630807773,-1.1719861362943278,1.5514853070639436
1771415231326,1.929944716811393,-1.1474760948765224,1.551768417527285
1771415231340,1.9481024380364056,-1.2060065005085343,1.5299187657567137
1771415231353,1.941695371046141,-1.239896569932209,1.4942681853711381
1771415231369,1.965415234428769,-1.273461443916058,1.4970480936108639
1771415231384,1.939632264347181,-1.1929811351102269,1.5293689326541478
1771415231400,1.939676359355441,-1.1891823666640533,1.5323803959388345
1771415231416,1.9464434391867136,-1.1841674134472626,1.5447943548843714
1771415231430,1.9279217262787853,-1.1705907432203626,1.531861447567818
1771415231444,1.93685371849041,-1.1811724288797127,1.5350029381354708
1771415231457,1.9291900795511485,-1.1921950878439882,1.5167218715239892
1771415231473,1.9441890328223,-1.21436844063572,1.5182820178525727
1771415231487,1.931920342440285,-1.2012969436215168,1.5130108600998842
1771415231504,1.9408686957385712,-1.2124965026159111,1.515527474261726
1771415231521,1.9288310555802288,-1.196871003896949,1.5125769537453126
1771415231535,1.929931475383002,-1.2265624309212393,1.4900268798671354
1771415231549,1.937963132821887,-1.1682684009251927,1.5462373839668073
1771415231564,1.913761273163186,-1.1836514436128531,1.503812312322381
1771415231578,1.901876759347268,-1.1301307805454657,1.5296861202903564
1771415231592,1.9317158843766296,-1.199569188781981,1.5141202129546794
1771415231608,1.9256707032148346,-1.1602706281079722,1.536873360680654
1771415231622,1.9358317709177721,-1.2289010514698802,1.4957429093901335
1771415231635,1.91631084857437,-1.1504267804544237,1.5325682664002578
1771415231649,1.966703641461817,-1.2591061638218135,1.510819274951537
1771415231663,1.9311560080182266,-1.1738807029096443,1.533416976116168
1771415231677,1.9328736502763522,-1.2264796363848995,1.493903694843076
1771415231690,1.9594077960356175,-1.2661149806933993,1.49540354648132
1771415231701,1.9383943558130856,-1.2045117150144025,1.518724532968731
1771415231714,1.9408686957385712,-1.2124965026159111,1.515527474261726
1771415231730,1.9123032427199795,-1.1637162069695912,1.5174545402593305
1771415231746,1.95216871706496,-1.2360001970258703,1.5110480511350595
1771415231768,1.9511659778357175,-1.170459741653294,1.5611126372662916
1771415231781,1.954678063002617,-1.2070695537796836,1.537448998283123
1771415231793,1.9525131744195758,-1.2286124847456408,1.5175042202936873
1771415231804,1.9342553038541515,-1.206789035633631,1.5116229040214915
1771415231817,1.94819798022219,-1.1677479958670816,1.5594357916535824
1771415231830,1.913463468565584,-1.1866702649864782,1.5010516739046518
1771415231844,1.932883032971538,-1.1119790651160693,1.580993161874157
1771415231855,1.9317158843766296,-1.199569188781981,1.5141202129546794
1771415231867,1.9356329364837361,-1.1222853223134517,1.577070233096942
1771415231880,1.9484976560888247,-1.2018417676623916,1.5336947158042182
1771415231892,1.9464434391867136,-1.1841674134472626,1.5447943548843714
1771415231904,1.9506153208503783,-1.2135640463710904,1.5271419172073204
1771415231916,1.9363712848395096,-1.1907899540431728,1.5269423820501125
1771415231929,1.9536920222262533,-1.1779645651199384,1.558625035418173
1771415231944,1.9256824036719802,-1.196742283466702,1.5086618662824347
1771415231961,1.9534551416939436,-1.2212020646720658,1.5246811167753043
1771415231973,1.934926694848918,-1.203734478317193,1.5149140636185914
1771415231989,1.9417173799883876,-1.2062546308622248,1.5215834348705317
1771415232002,1.9611419563241839,-1.2097863201317285,1.5435332301175697
1771415232016,1.9467736442736912,-1.220892549476973,1.5163604468167473
1771415232031,1.9288739630441287,-1.1956595061065338,1.513589478942901
1771415232044,1.9384598976114966,-1.2389001130389565,1.490890098082362
1771415232056,1.9389004276593451,-1.1982963343847604,1.5242771281422671
1771415232073,1.941695371046141,-1.239896569932209,1.4942681853711381
1771415232089,1.9330833893574149,-1.1541986100715131,1.5506891883025875
1771415232103,1.9415410230280254,-1.2407965765343043,1.4933202602795763
1771415232117,1.9324327454743004,-1.1553613458740468,1.5490114512944873
1771415232133,1.930711605710335,-1.2150227132097127,1.5004556344021267
1771415232147,1.9411643107853165,-1.1719229904242776,1.5474867967067283
1771415232159,1.9479276008257247,-1.244212825534172,1.4987849688447423
1771415232173,1.9450726873179782,-1.1632607577619989,1.5588881192700652
1771415232185,1.931808103613085,-1.202412088131236,1.511981388609352
1771415232198,1.937963132821887,-1.1682684009251927,1.5462373839668073
1771415232209,1.9459010553934135,-1.2665876252531652,1.4772564790640617
1771415232224,1.951950276176992,-1.2342963793558985,1.512158169166293
1771415232237,1.9104425085042402,-1.1446175939771233,1.5295885531272766
1771415232251,1.9503289965617014,-1.1756903789905278,1.5561283133400285
1771415232264,1.9326232819936355,-1.2296472325707826,1.4909729821612687
1771415232276,1.9698918137431594,-1.2227788322300248,1.5444370124101827
1771415232290,1.9206104810522733,-1.1409869708464662,1.5449573949745186
1771415232304,1.9422257901729418,-1.1962934747475251,1.5300728552227179
1771415232317,1.9493547144156986,-1.2276735624202741,1.5141999295829542
1771415232329,1.9409253589655575,-1.137546533034285,1.5726344566545831
1771415232342,1.9221244751430175,-1.123464591991613,1.5596120698702416
1771415232355,1.9413633971461766,-1.2061426058464724,1.5212205146331759
1771415232371,1.9367006430437772,-1.2189853090498213,1.504953220896547
1771415232383,1.9558679702065724,-1.1933135398554329,1.5496523198697425
1771415232397,1.9398412787368515,-1.223547307655644,1.5052960415214172
1771415232411,1.953972958247283,-1.179004385617015,1.5581909319006715
1771415232423,1.9281095388356724,-1.168696553226791,1.533543204551123
1771415232435,1.943922646256837,-1.2131716648981485,1.518897549579444
1771415232449,1.9326232819936355,-1.2296472325707826,1.4909729821612687
1771415232465,1.9496584216877755,-1.146702778449683,1.576781753811809
1771415232479,1.9411643107853165,-1.1719229904242776,1.5474867967067283
1771415232491,1.9213638122073513,-1.2089021739734938,1.4933835517448715
1771415232505,1.9398412787368515,-1.223547307655644,1.5052960415214172
1771415232518,1.947629282603206,-1.2110799110558779,1.5253016985142205
1771415232530,1.9430797906992612,-1.1870414185533622,1.5383405811661819
1771415232541,1.9150681168628894,-1.1319321942425464,1.5447379712630966
1771415232556,1.9558679702065724,-1.1933135398554329,1.5496523198697425
1771415232570,1.9341583884596618,-1.2118173318567034,1.5074705389693612
1771415232584,1.947629282603206,-1.2110799110558779,1.5253016985142205
1771415232599,1.93137362801653,-1.1726505399064444,1.5346318132551722
1771415232612,1.960245537865576,-1.2199765608825899,1.5343466882093468
1771415232626,1.9418204888413497,-1.2016982286569533,1.52531576341648
1771415232638,1.9179413471874047,-1.135961251794015,1.5453449600893685
1771415232653,1.9417173799883876,-1.2062546308622248,1.5215834348705317
1771415232664,1.9573111208119296,-1.2173727022437353,1.5326677811860723
1771415232679,1.9559922722601506,-1.2284456567240802,1.5221126888693788
1771415232691,1.9263279169332759,-1.1886376649094093,1.5158759003016047
1771415232703,1.9155943652096687,-1.1582158778976044,1.5257908612286661
1771415232717,1.9502707092821974,-1.2173516729369744,1.523683282011598
1771415232731,1.951456924930593,-1.2444248691133282,1.503193558724838
1771415232745,1.95172010184216,-1.1592394798478576,1.5701513252858272
1771415232761,1.9163153023827315,-1.1907192777344584,1.501483246585772
1771415232773,1.939676359355441,-1.1891823666640533,1.5323803959388345
1771415232787,1.9428236608483305,-1.1897077875166886,1.5359554542610454
1771415232802,1.938972433919201,-1.1972721533467594,1.525173265671466
1771415232818,1.930959622926851,-1.1764357563867645,1.5312099713848877
1771415232833,1.949235121512377,-1.1926161908785768,1.541811979520086
1771415232847,1.946767608785998,-1.1845010076173403,1.5449470818030817
1771415232861,1.939676359355441,-1.1891823666640533,1.5323803959388345
1771415232873,1.9288783913352217,-1.1965385882621957,1.5129002793837616
1771415232889,1.929260678218915,-1.1915648109318782,1.5173068463137525
1771415232903,1.9428236608483305,-1.1897077875166886,1.5359554542610454
1771415232917,1.9226830750674473,-1.1579883156862014,1.5348528489353792
1771415232931,1.9259764305186737,-1.1894442247911097,1.5147962394409775
1771415232947,1.9320327512650046,-1.2001483183061457,1.5140655752072147
1771415232962,1.9330833893574149,-1.1541986100715131,1.5506891883025875
1771415232977,1.9431015882619787,-1.2233056372365543,1.5096910611815557
1771415232988,1.9597245386349282,-1.1852370093993243,1.5606836639364265
1771415233000,1.9188651905063776,-1.2013023180584175,1.4963008921886498
1771415233013,1.9406312050232677,-1.1372415432993284,1.572492017818921
1771415233025,1.9496975961322998,-1.188059712891681,1.545909064262127
1771415233040,1.9339122450048083,-1.2146012983027314,1.5049120431244003
1771415233054,1.9611419563241839,-1.2097863201317285,1.5435332301175697
1771415233067,1.958617118158766,-1.2347058968972613,1.5204217716514319
1771415233080,1.9386368207889328,-1.1645368939739005,1.549892430297097
1771415233095,1.9369370815968021,-1.2204082977828041,1.5041040006487634
1771415233108,1.9398412787368515,-1.223547307655644,1.5052960415214172
1771415233122,1.9420132211286534,-1.162448005799604,1.5556766967628626
1771415233136,1.9363712848395096,-1.1907899540431728,1.5269423820501125
1771415233150,1.9340419296315325,-1.2138047220763795,1.5057211834326916
1771415233164,1.9317158843766296,-1.199569188781981,1.5141202129546794
1771415233175,1.9413633971461766,-1.2061426058464724,1.5212205146331759
1771415233190,1.929931475383002,-1.2265624309212393,1.4900268798671354
1771415233207,1.9179130829512079,-1.13562034639008,1.5455604234776075
1771415233221,1.9603760347509296,-1.2514708995598762,1.5089382973404086
1771415233234,1.941695371046141,-1.239896569932209,1.4942681853711381
1771415233248,1.9314617960164802,-1.133491679144529,1.5638865952431855
1771415233262,1.9366217233664513,-1.2595789793467231,1.4710419756766668
1771415233274,1.9267731717811207,-1.1837385497681687,1.5202690226694198
1771415233289,1.951081811734074,-1.2086540067806064,1.531625191740036
1771415233303,1.9352121088686804,-1.1639522841294252,1.5460468901627336
1771415233318,1.9502008548874439,-1.2179505364639913,1.5231151844594002
1771415233332,1.9339122450048083,-1.2146012983027314,1.5049120431244003
1771415233347,1.9395874465029188,-1.186779222735643,1.534129896428166
1771415233359,1.9552852376259746,-1.2006209225266953,1.5432594599966694
1771415233373,1.9260419009675154,-1.1561411609064585,1.5404463704850055
1771415233389,1.9439413469005478,-1.1764310646309102,1.5475522318684105
1771415233404,1.9440240767482033,-1.2518001604289608,1.4873553608088192
1771415233418,1.9444190083933652,-1.2480940930758677,1.4909816950689116
1771415233434,1.9649728537279487,-1.2021017136353125,1.5543711866741494
1771415233448,1.9467736442736912,-1.220892549476973,1.5163604468167473
1771415233461,1.923051246228624,-1.1493866231367158,1.54176408252879
1771415233474,1.9215165654744377,-1.1306796397553855,1.5536374942808606
1771415233489,1.9493710868438867,-1.1950489645724298,1.5400992196924455
1771415233506,1.9418277219442217,-1.2374131241285924,1.4964971306171633
1771415233520,1.9226830750674473,-1.1579883156862014,1.5348528489353792
1771415233534,1.9234622354011413,-1.1819440620410984,1.517470001423469
1771415233548,1.95156963908004,-1.2031094764984995,1.53660393196767
1771415233563,1.9370443681378586,-1.2152994065225236,1.5083727114478696
1771415233577,1.9325783988821872,-1.1532652616656165,1.5507541726725662
1771415233590,1.9389776731534518,-1.2339198019488609,1.4956859093225616
1771415233604,1.9762073124961257,-1.22298421487259,1.5523224381988538
1771415233616,1.9216639329751168,-1.1660168375228637,1.5274806073762686
1771415233629,1.9285661950253774,-1.1675486710692378,1.5349910974592391
1771415233641,1.9291900795511485,-1.1921950878439882,1.5167218715239892
1771415233654,1.9616366768855817,-1.2003428318611225,1.5515139503408693
1771415233668,1.934534988650653,-1.2077722833896916,1.5111954651166848
1771415233682,1.949879542430537,-1.1856478826392827,1.5479888011165024
1771415233694,1.931808103613085,-1.202412088131236,1.511981388609352
1771415233706,1.9486099454397585,-1.1633658973965773,1.5632211961975808
1771415233720,1.9336380896773762,-1.1818290643651217,1.5304366450373024
1771415233734,1.9594077960356175,-1.2661149806933993,1.49540354648132
1771415233748,1.9250118452685114,-1.203428952535668,1.502474412635032
1771415233763,1.9441890328223,-1.21436844063572,1.5182820178525727
1771415233777,1.9539981515623195,-1.251571884296518,1.500558760844581
1771415233790,1.927033550950078,-1.1813260794260374,1.5224739736872923
1771415233802,1.9306744051203224,-1.175222710114105,1.531781720813631
1771415233816,1.9246364580679705,-1.1312308645855411,1.5570941611647868
1771415233830,1.9280818568413067,-1.1690687174628922,1.5332246999478876
1771415233841,1.9386830991659996,-1.1598529322169588,1.5534585075307312
1771415233856,1.9439413469005478,-1.1764310646309102,1.5475522318684105
1771415233870,1.9550009351012356,-1.1627112917288476,1.5716650751139507
1771415233883,1.9151716856042091,-1.1676232270626647,1.5180706785139606
1771415233899,1.9134716361031565,-1.1461464833105366,1.5322277705896667
1771415233912,1.927033550950078,-1.1813260794260374,1.5224739736872923
1771415233926,1.9556252465569506,-1.1918994252123347,1.55043408926321
1771415233938,1.946135782351559,-1.2287951061106088,1.5091411698538122
1771415233951,1.9486490132917786,-1.2362900097334404,1.5062602659687707
1771415233964,1.940255242267295,-1.1789595031954896,1.5409882851503978
1771415233980,1.9454592942492808,-1.1592192227855271,1.56237724609181
1771415233991,1.951456924930593,-1.2444248691133282,1.503193558724838
1771415234005,1.946708006714724,-1.221809458294311,1.515537433067813
1771415234020,1.9443914630807773,-1.1719861362943278,1.5514853070639436
1771415234034,1.914458247145025,-1.0976352192778214,1.5685494271659184
1771415234048,1.946135782351559,-1.2287951061106088,1.5091411698538122
1771415234062,1.9381693576174504,-1.1289862224568372,1.5754017164869032
1771415234075,1.947629282603206,-1.2110799110558779,1.5253016985142205
1771415234089,1.9569810858306664,-1.175928551900801,1.5642784314576033
1771415234102,1.9413633971461766,-1.2061426058464724,1.5212205146331759
1771415234121,1.9525131744195758,-1.2286124847456408,1.5175042202936873
1771415234136,1.9011877860041795,-1.1337968141505401,1.5261126373480955
1771415234148,1.9466590256357577,-1.186486932580767,1.5432854955918687
1771415234161,1.9650342694428382,-1.2784728907377432,1.492268993088521
1771415234174,1.9341808388177943,-1.1721759338420188,1.5385249745686607
1771415234187,1.9341583884596618,-1.2118173318567034,1.5074705389693612
1771415234199,1.9558679702065724,-1.1933135398554329,1.5496523198697425
1771415234210,1.9370443681378586,-1.2152994065225236,1.5083727114478696
1771415234224,1.9578675237884455,-1.2074756719759054,1.5411838768595507
1771415234238,1.925678789761281,-1.1232032655877002,1.5641781310034988
1771415234250,1.9428236608483305,-1.1897077875166886,1.5359554542610454
1771415234263,1.9666621837527194,-1.2191152215502716,1.543216842050218
1771415234277,1.9342553038541515,-1.206789035633631,1.5116229040214915
1771415234291,1.9400074773381963,-1.1441284455860927,1.566716027915992
1771415234304,1.9367006430437772,-1.2189853090498213,1.504953220896547
1771415234317,1.9569028531334998,-1.1778399845914262,1.562741740435604
1771415234331,1.9506153208503783,-1.2135640463710904,1.5271419172073204
1771415234348,1.936809396010916,-1.1825207283174037,1.5339085251656457
1771415234362,1.9364095607517553,-1.1868762508186497,1.53003488594655
1771415234378,1.9313391783633729,-1.1722242489002965,1.534914112310993
1771415234389,1.9389996165822156,-1.1970764913616272,1.5253613955175722
1771415234404,1.9317158843766296,-1.199569188781981,1.5141202129546794
1771415234418,1.9396617653672021,-1.2215235826920126,1.5067076361904723
1771415234431,1.9350938050861197,-1.1649521277016979,1.5451454865629852
1771415234445,1.9059719821268148,-1.115126652314205,1.5457107575322537
1771415234457,1.9395127734248125,-1.1546737236487008,1.5583447597349092
1771415234473,1.926399443270672,-1.1838208992431565,1.5197311912139855
1771415234487,1.9367006430437772,-1.2189853090498213,1.504953220896547
1771415234504,1.9506501261125953,-1.176133081104167,1.5561962890443812
1771415234518,1.9445264354919363,-1.170075636174451,1.5530956390248247
1771415234531,1.9584279820698922,-1.2002556182138813,1.5475227338880564
1771415234548,1.9389004276593451,-1.1982963343847604,1.5242771281422671
1771415234562,1.9530642444441746,-1.2255184271856554,1.5207118489558409
1771415234573,1.9288739630441287,-1.1956595061065338,1.513589478942901
1771415234589,1.9395127734248125,-1.1546737236487008,1.5583447597349092
1771415234603,1.9399275101476212,-1.2226778808254553,1.5061133902756867
1771415234617,1.9420603122654698,-1.1573491264944291,1.5595323837225172
1771415234631,1.93437998839562,-1.2092822650655868,1.5097888405016389
1771415234642,1.9338677162320659,-1.1796239098789918,1.5324267601182207
1771415234656,1.948800995081056,-1.2739335911473497,1.4747604970893857
1771415234674,1.9274605116743044,-1.1011739057552432,1.581935540199889
1771415234688,1.934926694848918,-1.203734478317193,1.5149140636185914
1771415234702,1.9318038699874525,-1.12964775674355,1.5670871506660897
1771415234716,1.908074829924334,-1.1758395082792088,1.5027145461998046
1771415234731,1.946379535407839,-1.1101846178388746,1.598713048100999
1771415234743,1.9442887646453142,-1.2131007517753027,1.519422708257382
1771415234757,1.9525131744195758,-1.2286124847456408,1.5175042202936873
1771415234771,1.9341583884596618,-1.2118173318567034,1.5074705389693612
1771415234784,1.929609171766311,-1.1514575432720004,1.5483982310138042
1771415234801,1.9417173799883876,-1.2062546308622248,1.5215834348705317
1771415234814,1.9578675237884455,-1.2074756719759054,1.5411838768595507
1771415234829,1.942363783264886,-1.2308844029578507,1.502564691816687
1771415234846,1.9421028899627355,-1.198644259446241,1.5280757751165948
1771415234858,1.9341808388177943,-1.1721759338420188,1.5385249745686607
1771415234872,1.9302173539381189,-1.110983090867474,1.5784345425928905
1771415234887,1.939676359355441,-1.1891823666640533,1.5323803959388345
1771415234901,1.9420603122654698,-1.1573491264944291,1.5595323837225172
1771415234916,1.941479799085533,-1.1681942058549486,1.5506985869807606
1771415234929,1.931085462151594,-1.1342327686573535,1.5628842211235963
1771415234947,1.9417173799883876,-1.2062546308622248,1.5215834348705317
1771415234960,1.932588596082147,-1.1113300487812572,1.581089562416567
1771415234972,1.9493547144156986,-1.2276735624202741,1.5141999295829542
1771415234985,1.9674474845383851,-1.2514959754438455,1.5180933528160503
1771415234999,1.9291900795511485,-1.1921950878439882,1.5167218715239892
1771415235015,1.9447867981169629,-1.2462014229596907,1.4930431017031192
1771415235029,1.936002915075818,-1.190906501390794,1.5263842871725337
1771415235041,1.9357267616218259,-1.1198631775898646,1.5789061273987295
1771415235057,1.9428236608483305,-1.1897077875166886,1.5359554542610454
1771415235070,1.9421028899627355,-1.198644259446241,1.5280757751165948
1771415235088,1.9506681888603787,-1.2489033792777942,1.4984481079638148
1771415235104,1.9467736442736912,-1.220892549476973,1.5163604468167473
1771415235118,1.929931475383002,-1.2265624309212393,1.4900268798671354
1771415235132,1.9582592984417304,-1.1649938549088446,1.5740294781096473
1771415235145,1.9682598528161532,-1.2009688369522482,1.5593975442065533
1771415235158,1.9239019027986546,-1.1761222325828988,1.5225422902555126
1771415235175,1.9267731717811207,-1.1837385497681687,1.5202690226694198
1771415235189,1.929098063642636,-1.1933516857807727,1.5156949208841322
1771415235204,1.9291900795511485,-1.1921950878439882,1.5167218715239892
1771415235218,1.953415030181239,-1.2218516267869364,1.5241092094256528
1771415235234,1.9303947686260567,-1.2145484838739458,1.5004319188348223
1771415235247,1.9160677198508882,-1.15706391869059,1.5272585226866333
1771415235259,1.9222642109271724,-1.1946873303688343,1.5059289091015062
1771415235274,1.9401191681672103,-1.1429246472583516,1.5677326421871811
1771415235286,1.9624954620131334,-1.2307997694624222,1.52856807696399
1771415235299,1.93342823787,-1.1840595271024583,1.5284462003194605
1771415235314,1.916705729722356,-1.1887873798889361,1.5035110308099864
1771415235331,1.9375712350954675,-1.1730097607051833,1.5421512222735305
1771415235342,1.931808103613085,-1.202412088131236,1.511981388609352
1771415235356,1.9467736442736912,-1.220892549476973,1.5163604468167473
1771415235371,1.9121929605338726,-1.1243799912686618,1.5466905164091425
1771415235386,1.9266951160879588,-1.1107259079635874,1.5743068404017235
1771415235401,1.940255242267295,-1.1789595031954896,1.5409882851503978
1771415235415,1.945039737715582,-1.1635371381447637,1.5586407249429204
1771415235429,1.938972433919201,-1.1972721533467594,1.525173265671466
1771415235442,1.9428236608483305,-1.1897077875166886,1.5359554542610454
1771415235456,1.9404910127142294,-1.2521541981085649,1.4824355751882754
1771415235470,1.9395127734248125,-1.1546737236487008,1.5583447597349092
1771415235484,1.9029895660496663,-1.113013386014895,1.5435577381638677
1771415235498,1.9285020309715553,-1.130830338091688,1.5621596685079449
1771415235511,1.9550437667369804,-1.2435261518401028,1.5085883598738479
1771415235524,1.9396094842446927,-1.1859291396509193,1.5348149813898722
1771415235538,1.929260678218915,-1.1915648109318782,1.5173068463137525
1771415235551,1.918119986954154,-1.0533798130777074,1.6029894739995576
1771415235564,1.9331944266376095,-1.1868689434265882,1.525969463099498
1771415235579,1.9787106145095326,-1.2307442426812727,1.549375456459664
1771415235591,1.943922646256837,-1.2131716648981485,1.518897549579444
1771415235606,1.9259764305186737,-1.1894442247911097,1.5147962394409775
1771415235620,1.9479276008257247,-1.244212825534172,1.4987849688447423
1771415235637,1.952049699488978,-1.2371984366003073,1.509913261663982
1771415235653,1.9066039771005387,-1.1484473662689025,1.5219091209417246
1771415235667,1.9269044942410827,-1.1452851134211077,1.5496073499123844
1771415235682,1.9367006430437772,-1.2189853090498213,1.504953220896547
1771415235697,1.9382237850486015,-1.2019206436416965,1.5205585182149541
1771415235711,1.9281172887403863,-1.2083394829277028,1.502515215609343
1771415235724,1.9497328199479227,-1.227829334417885,1.514560396526006
1771415235737,1.9267731717811207,-1.1837385497681687,1.5202690226694198
1771415235751,1.9484439753011333,-1.1639536630343912,1.5625766525825562
1771415235766,1.930711605710335,-1.2150227132097127,1.5004556344021267
1771415235780,1.9243256039693843,-1.135202539923992,1.553816019817743
1771415235796,1.9332484674479433,-1.2221877161295385,1.4979008056049252
1771415235813,1.9396617653672021,-1.2215235826920126,1.5067076361904723
1771415235824,1.9215369459936473,-1.1669872028873889,1.5265795436581946
1771415235839,1.9443914630807773,-1.1719861362943278,1.5514853070639436
1771415235852,1.9418277219442217,-1.2374131241285924,1.4964971306171633
1771415235867,1.9386830991659996,-1.1598529322169588,1.5534585075307312
1771415235881,1.9171636086801396,-1.1409140511736209,1.5407243200138214
1771415235894,1.9458685506402114,-1.154196941244638,1.5665994501442155
1771415235906,1.928545173448617,-1.1638295555922415,1.5377864778836892
1771415235920,1.956984304486567,-1.176079493450822,1.5641689784327106
1771415235961,1.9422257901729418,-1.1962934747475251,1.5300728552227179
1771415235974,1.9392497768525843,-1.194759990305913,1.5274941121284273
1771415235986,1.9478728758111081,-1.1681222411299514,1.5587492325894428
1771415235999,1.9161826593124338,-1.1956254053641138,1.497409721451537
1771415236011,1.935812263668135,-1.1564133811029516,1.5524423377935779
1771415236023,1.9390305087994968,-1.2291932382068136,1.4996410561203914
1771415236036,1.9545140819528248,-1.2090001407327347,1.5357226169657467
1771415236047,1.9190431198946816,-1.1591672363958987,1.5293978599701936
1771415236060,1.9503289965617014,-1.1756903789905278,1.5561283133400285
1771415236074,1.9496584216877755,-1.146702778449683,1.576781753811809
1771415236087,1.9398412787368515,-1.223547307655644,1.5052960415214172
1771415236101,1.9295774438272673,-1.1885292180478795,1.520087961130364
1771415236115,1.929609171766311,-1.1514575432720004,1.5483982310138042
1771415236131,1.940255242267295,-1.1789595031954896,1.5409882851503978
1771415236143,1.9493547144156986,-1.2276735624202741,1.5141999295829542
1771415236157,1.9531118716510434,-1.1842745829108012,1.5531064662333003
1771415236172,1.9121929605338726,-1.1243799912686618,1.5466905164091425
1771415236187,1.9315620238846327,-1.1655079086128703,1.5402997004070835
1771415236201,1.9370443681378586,-1.2152994065225236,1.5083727114478696
1771415236216,1.9502707092821974,-1.2173516729369744,1.523683282011598
1771415236233,1.923965031345752,-1.2153715095321331,1.4914803168861615
1771415236248,1.938688882631533,-1.163627640102048,1.5506402867298528
1771415236262,1.9184912683254778,-1.162218717273863,1.526386713732597
1771415236274,1.9597580210506425,-1.2622861299231156,1.499094802631259
1771415236288,1.9224957783883896,-1.1921491659725911,1.5082341940136603
1771415236301,1.916164896458808,-1.1146646699231635,1.5585925009591444
1771415236314,1.9363712848395096,-1.1907899540431728,1.5269423820501125
1771415236325,1.953121673700572,-1.2209261305544048,1.5244748787724816
1771415236338,1.929705452685319,-1.1496392468365393,1.549868619030841
1771415236353,1.9096754694905211,-1.1545807273296977,1.5211192401822642
1771415236367,1.9484976560888247,-1.2018417676623916,1.5336947158042182
1771415236382,1.939632264347181,-1.1929811351102269,1.5293689326541478
1771415236398,1.9506501261125953,-1.176133081104167,1.5561962890443812
1771415236413,1.9474499189890166,-1.2092510148562712,1.5265232294463802
1771415236425,1.9626515211756979,-1.1886188215580997,1.5617894514341921
1771415236440,1.9441118270027191,-1.178610197472259,1.5461076283060806
1771415236455,1.9364428133096638,-1.149433373924707,1.55840100363376
1771415236468,1.9486490132917786,-1.2362900097334404,1.5062602659687707
1771415236483,1.952754972981061,-1.1934211184993355,1.5456383854000453
1771415236497,1.9105962917666925,-1.1388630290064479,1.5340694871077043
1771415236509,1.9517563825052717,-1.2001226722058633,1.5391746321673583
1771415236526,1.9418204888413497,-1.2016982286569533,1.52531576341648
1771415236540,1.953972958247283,-1.179004385617015,1.5581909319006715
1771415236554,1.9427915238124294,-1.2268528266601162,1.5064099862632032
1771415236571,1.9525160267679664,-1.1546233449464356,1.574536047885367
1771415236587,1.9588441496477058,-1.2362725374656425,1.51944088918171
1771415236600,1.94819798022219,-1.1677479958670816,1.5594357916535824
1771415236615,1.9427915238124294,-1.2268528266601162,1.5064099862632032
1771415236629,1.920695246142157,-1.1403619812804227,1.545524111815558
1771415236643,1.9198063748960872,-1.186659878983147,1.5091371205769735
1771415236659,1.962098179170998,-1.236093738228012,1.523778702771385
1771415236674,1.9219844327405744,-1.2038580759843514,1.498248942126896
1771415236688,1.9290043609802554,-1.1210612349320503,1.5698023863574262
1771415236703,1.9150710379262947,-1.1683747022042543,1.5173653599424286
1771415236717,1.9433855619401061,-1.145935726285566,1.5695791644831536
1771415236733,1.9421028899627355,-1.198644259446241,1.5280757751165948
1771415236748,1.914458247145025,-1.0976352192778214,1.5685494271659184
1771415236761,1.943358539068517,-1.2202752916685249,1.5124716935909304
1771415236776,1.961364101040406,-1.2029336976814908,1.5491609522036032
1771415236791,1.929098063642636,-1.1933516857807727,1.5156949208841322
1771415236802,1.9205358136559147,-1.1043596830574733,1.5712566633023974
1771415236817,1.9157863997359663,-1.1562312078130716,1.52753622657285
1771415236834,1.9491082810635663,-1.1948776737069675,1.5398994889885493
1771415236850,1.9367006430437772,-1.2189853090498213,1.504953220896547
1771415236867,1.9486099454397585,-1.1633658973965773,1.5632211961975808
1771415236881,1.955234605868848,-1.2734209873931261,1.4836917984722517
1771415236898,1.9441890328223,-1.21436844063572,1.5182820178525727
1771415236912,1.9450675145216716,-1.2040975259268871,1.5275590934900891
1771415236926,1.940743395023015,-1.1353243349870044,1.5740151141941983
1771415236943,1.9386368207889328,-1.1645368939739005,1.549892430297097
1771415236958,1.954720851484357,-1.1696671315266947,1.5661457175671245
1771415236973,1.949235121512377,-1.1926161908785768,1.541811979520086
1771415236987,1.9240703197084907,-1.1379552369970416,1.551484603137956
1771415237003,1.9405040750277232,-1.1797697889794367,1.5406814434563085
1771415237016,1.9767628428027761,-1.293630160274748,1.4946947330854026
1771415237028,1.934334492776685,-1.1696124017429173,1.5406676343828347
1771415237040,1.9465289149401357,-1.1872098901216395,1.5425652315203355
1771415237052,1.9073076897704662,-1.144918363202508,1.5254456939069456
1771415237065,1.953121673700572,-1.2209261305544048,1.5244748787724816
1771415237078,1.9481024380364056,-1.2060065005085343,1.5299187657567137
1771415237092,1.9243256039693843,-1.135202539923992,1.553816019817743
1771415237105,1.9389187281521445,-1.1981702175049118,1.524399542201244
1771415237117,1.9400010627442625,-1.1485168924730427,1.5634938666822245
1771415237131,1.9598424190756272,-1.224737159295645,1.5300330709656702
1771415237143,1.931920342440285,-1.2012969436215168,1.5130108600998842
1771415237156,1.9245021364316663,-1.2113227873841503,1.4954616604560413
1771415237170,1.9421209898574725,-1.1935162968922013,1.5321073031278507
1771415237183,1.9533583268981503,-1.2189804907009898,1.5263339466030084
1771415237198,1.9339122450048083,-1.2146012983027314,1.5049120431244003
1771415237213,1.9269044942410827,-1.1452851134211077,1.5496073499123844
1771415237227,1.9418204888413497,-1.2016982286569533,1.52531576341648
1771415237243,1.945346140015812,-1.159925540428206,1.5617119917375142
1771415237256,1.9584762572806558,-1.2364694797822584,1.5188062667434044
1771415237270,1.9421028899627355,-1.198644259446241,1.5280757751165948
1771415237285,1.9217317011504125,-1.205337413734352,1.4967345957980132
1771415237299,1.9502707092821974,-1.2173516729369744,1.523683282011598
1771415237315,1.9368958101496723,-1.2167127033714955,1.5070419957087402
1771415237330,1.929705452685319,-1.1496392468365393,1.549868619030841
1771415237344,1.9683023256369303,-1.2816933319798829,1.4938126548754547
1771415237357,1.9191632346693914,-1.1984520085689832,1.4989664120532027
1771415237371,1.9291900795511485,-1.1921950878439882,1.5167218715239892
1771415237388,1.951187049152104,-1.170375027512179,1.5612024839061591
1771415237402,1.960245537865576,-1.2199765608825899,1.5343466882093468
1771415237416,1.9442887646453142,-1.2131007517753027,1.519422708257382
1771415237431,1.930997462909721,-1.1720407535804966,1.5346242777013015
1771415237447,1.9341466821906161,-1.1782182845872047,1.5338595314087118
1771415237464,1.9496052043136367,-1.2289893017069904,1.5134549048374655
1771415237478,1.9393229189251993,-1.2297449294545135,1.4995668682487848
1771415237491,1.9106600603386292,-1.1423906750951862,1.5315238854254865
1771415237507,1.9382237850486015,-1.2019206436416965,1.5205585182149541
1771415237523,1.944774568388039,-1.2041749005704747,1.5271250540427168
1771415237537,1.9341583884596618,-1.2118173318567034,1.5074705389693612
1771415237553,1.9481108055217944,-1.2424653671593695,1.5004717664788991
1771415237568,1.9467826528969152,-1.2209339226190823,1.5163387003629274
1771415237584,1.9477483066286891,-1.2419463927880234,1.5004308126054138
1771415237598,1.9304984636072962,-1.2171838448022114,1.4984284453862444
1771415237615,1.955236053037548,-1.2012029135470577,1.5427441730837648
1771415237629,1.9392497768525843,-1.194759990305913,1.5274941121284273
1771415237642,1.9487576981173147,-1.2721560703152919,1.476236938547281
1771415237656,1.9157863997359663,-1.1562312078130716,1.52753622657285
1771415237670,1.9483232085051247,-1.2037150663249494,1.5320030561007463
1771415237685,1.9454592942492808,-1.1592192227855271,1.56237724609181
1771415237701,1.9352121088686804,-1.1639522841294252,1.5460468901627336
1771415237718,1.9104425085042402,-1.1446175939771233,1.5295885531272766
1771415237732,1.96381447257614,-1.1744479038093558,1.57392484062528
1771415237746,1.9338677162320659,-1.1796239098789918,1.5324267601182207
1771415237763,1.9506501261125953,-1.176133081104167,1.5561962890443812
1771415237777,1.9039805099356615,-1.1421872241502657,1.5233351985701546
1771415237791,1.9361202998868243,-1.1570299397554504,1.552367074548847
1771415237805,1.9545140819528248,-1.2090001407327347,1.5357226169657467
1771415237820,1.950394577312158,-1.179130304596495,1.5536057196054758
1771415237837,1.93685371849041,-1.1811724288797127,1.5350029381354708
1771415237851,1.9530642444441746,-1.2255184271856554,1.5207118489558409
1771415237867,1.9317158843766296,-1.199569188781981,1.5141202129546794
1771415237884,1.96381447257614,-1.1744479038093558,1.57392484062528
1771415237898,1.9236862900739644,-1.182721805152995,1.5171480067001286
1771415237911,1.9300848917152034,-1.1454560632070263,1.5534342910112255
1771415237926,1.9534551416939436,-1.2212020646720658,1.5246811167753043
1771415237942,1.9611419563241839,-1.2097863201317285,1.5435332301175697
1771415237956,1.926399443270672,-1.1838208992431565,1.5197311912139855
1771415237971,1.9367492511306132,-1.1458649735633748,1.5614067772734939
1771415237987,1.9443552424362902,-1.244698577959684,1.4937345007780416
1771415238004,1.9719908320192656,-1.235003307571712,1.537372652239842
1771415238017,1.9216639329751168,-1.1660168375228637,1.5274806073762686
1771415238035,1.9269168991601098,-1.145903428927353,1.5491656037497563
1771415238049,1.9398412787368515,-1.223547307655644,1.5052960415214172
1771415238063,1.95156963908004,-1.2031094764984995,1.53660393196767
1771415238077,1.9450675145216716,-1.2040975259268871,1.5275590934900891
1771415238095,1.9401566833458694,-1.1053360017523695,1.5945031449206144
1771415238111,1.9486490132917786,-1.2362900097334404,1.5062602659687707
1771415238125,1.9731644168668803,-1.221261823697428,1.5498055923143548
1771415238141,1.9321350380203446,-1.195584116652625,1.5178024987309253
1771415238155,1.9575797640289576,-1.2109279926883123,1.5381066052323955
1771415238167,1.9303740317711,-1.260462175345815,1.4620461713156352
1771415238180,1.9439413469005478,-1.1764310646309102,1.5475522318684105
1771415238193,1.9193565653949727,-1.1145832811410483,1.5625727933525657
1771415238208,1.9315887204188766,-1.2018028210833114,1.5121854926184246
1771415238225,1.91631084857437,-1.1504267804544237,1.5325682664002578
1771415238239,1.9364040017525428,-1.1905486690353464,1.5271720023171675
1771415238253,1.9172968727628386,-1.1014843774628182,1.569318152737522
1771415238270,1.9414461830479042,-1.1686277344924885,1.5503298035728494
1771415238287,1.9367006430437772,-1.2189853090498213,1.504953220896547
1771415238301,1.9503289965617014,-1.1756903789905278,1.5561283133400285
1771415238314,1.9224254300316783,-1.1974495360627138,1.5039395408777825
1771415238328,1.940255242267295,-1.1789595031954896,1.5409882851503978
1771415238344,1.9498759134385921,-1.185907453685103,1.5477853821192713
1771415238357,1.946135782351559,-1.2287951061106088,1.5091411698538122
1771415238373,1.9577825441042571,-1.208627497534702,1.5401727377805197
1771415238387,1.9210392853683083,-1.1733928515462182,1.5210329226774202
1771415238404,1.928545173448617,-1.1638295555922415,1.5377864778836892
1771415238421,1.943922646256837,-1.2131716648981485,1.518897549579444
1771415238437,1.9242927702105446,-1.1758154579586704,1.5232730137142239
1771415238453,1.929705452685319,-1.1496392468365393,1.549868619030841
1771415238466,1.951897768483749,-1.2387084374587594,1.5084781422282254
1771415238483,1.9450675145216716,-1.2040975259268871,1.5275590934900891
1771415238498,1.9350938050861197,-1.1649521277016979,1.5451454865629852
1771415238512,1.9728094904580036,-1.2256629209955654,1.54587440943234
1771415238525,1.904306471924341,-1.138420525314085,1.5265588251215652
1771415238539,1.9424842246109664,-1.2295761732608192,1.5037910084222963
1771415238555,1.939676359355441,-1.1891823666640533,1.5323803959388345
1771415238573,1.9396617653672021,-1.2215235826920126,1.5067076361904723
1771415238588,1.9279217262787853,-1.1705907432203626,1.531861447567818
1771415238604,1.9363712848395096,-1.1907899540431728,1.5269423820501125
1771415238618,1.9315620238846327,-1.1655079086128703,1.5402997004070835
1771415238632,1.95172010184216,-1.1592394798478576,1.5701513252858272
1771415238645,1.93137362801653,-1.1726505399064444,1.5346318132551722
1771415238661,1.9421209898574725,-1.1935162968922013,1.5321073031278507
1771415238677,1.939632264347181,-1.1929811351102269,1.5293689326541478
1771415238690,1.93437998839562,-1.2092822650655868,1.5097888405016389
1771415238705,1.9557324148433777,-1.2273345162612586,1.522675035476333
1771415238721,1.9438768382735863,-1.139956548449841,1.5745336547761815
1771415238735,1.9439675874638704,-1.248750771626242,1.4898427740781797
1771415238752,1.9389004276593451,-1.1982963343847604,1.5242771281422671
1771415238768,1.9370443681378586,-1.2152994065225236,1.5083727114478696
1771415238786,1.9443914630807773,-1.1719861362943278,1.5514853070639436
1771415238799,1.9257217110439138,-1.1591955661819398,1.537748271899543
1771415238813,1.9293223760547902,-1.116867148301874,1.5731791391287073
1771415238828,1.942363783264886,-1.2308844029578507,1.502564691816687
1771415238843,1.9641550534367545,-1.2114249643367871,1.5460771745688358
1771415238857,1.9341466821906161,-1.1782182845872047,1.5338595314087118
1771415238873,1.93685371849041,-1.1811724288797127,1.5350029381354708
1771415238890,1.9333881132152075,-1.2246515026369742,1.4960676099063375
1771415238904,1.9545140819528248,-1.2090001407327347,1.5357226169657467
1771415238920,1.9441890328223,-1.21436844063572,1.5182820178525727
1771415238938,1.9189710496678376,-1.0809953009527822,1.585528003152668
1771415238951,1.9455677457620744,-1.1530258343855264,1.5670881527818659
1771415238965,1.9332484674479433,-1.2221877161295385,1.4979008056049252
1771415238980,1.9400622621035803,-1.261151740482179,1.4742244972585525
1771415238996,1.9257583606616366,-1.1552621633032714,1.5407513094909377
1771415239008,1.929609171766311,-1.1514575432720004,1.5483982310138042
1771415239023,1.9598424190756272,-1.224737159295645,1.5300330709656702
1771415239034,1.9145799039303277,-1.1703607217418104,1.5152135128548225
1771415239048,1.9248107891023685,-1.166443552214941,1.5311126716675922
1771415239062,1.9222642109271724,-1.1946873303688343,1.5059289091015062
1771415239076,1.9445953982675994,-1.1685718986548959,1.55431366867747
1771415239088,1.934534988650653,-1.2077722833896916,1.5111954651166848
1771415239103,1.9214174581198544,-1.168271385798228,1.525446497748397
1771415239115,1.9342553038541515,-1.206789035633631,1.5116229040214915
1771415239128,1.9493710868438867,-1.1950489645724298,1.5400992196924455
1771415239143,1.9492228577945658,-1.229052514413102,1.512910990826508
1771415239155,1.9467736442736912,-1.220892549476973,1.5163604468167473
1771415239168,1.9458535375925827,-1.1542237053993114,1.5665610832826955
1771415239181,1.9443914630807773,-1.1719861362943278,1.5514853070639436
1771415239195,1.9396094842446927,-1.1859291396509193,1.5348149813898722
1771415239212,1.9338677162320659,-1.1796239098789918,1.5324267601182207
1771415239226,1.946135782351559,-1.2287951061106088,1.5091411698538122
1771415239239,1.9291900795511485,-1.1921950878439882,1.5167218715239892
1771415239254,1.931085462151594,-1.1342327686573535,1.5628842211235963
1771415239270,1.9493710868438867,-1.1950489645724298,1.5400992196924455
1771415239283,1.9322440614939016,-1.1247579213503258,1.5711418559564068
1771415239297,1.9677144284537056,-1.2834671305953527,1.49151339136671
1771415239311,1.9376350619891878,-1.0983739837221156,1.596246918660222
1771415239326,1.9341583884596618,-1.2118173318567034,1.5074705389693612
1771415239340,1.9398412787368515,-1.223547307655644,1.5052960415214172
1771415239354,1.9033293403492924,-1.075707277462111,1.5701963033485735
1771415239368,1.9400010627442625,-1.1485168924730427,1.5634938666822245
1771415239381,1.9201457245183071,-1.146666312555864,1.5401675139527753
1771415239398,1.951456924930593,-1.2444248691133282,1.503193558724838
1771415239414,1.930601340876013,-1.216232090865598,1.4993335314535439
1771415239430,1.9341466821906161,-1.1782182845872047,1.5338595314087118
1771415239444,1.9331944266376095,-1.1868689434265882,1.525969463099498
1771415239459,1.935659573058959,-1.1954544191111278,1.5223884900387505
1771415239472,1.9398055008700679,-1.26521805066969,1.4703974515298117
1771415239490,1.9383960198609107,-1.1257661863201633,1.5779827703592886
1771415239505,1.938972433919201,-1.1972721533467594,1.525173265671466
1771415239519,1.9433808564817232,-1.1462457981414702,1.5693469098904358
1771415239535,1.9364095607517553,-1.1868762508186497,1.53003488594655
1771415239549,1.9384598976114966,-1.2389001130389565,1.490890098082362
1771415239564,1.9288766263343473,-1.2354288148984303,1.4813104613610322
1771415239578,1.9408579591862587,-1.24834601012065,1.486123096096855
1771415239592,1.9190431198946816,-1.1591672363958987,1.5293978599701936
1771415239609,1.949879542430537,-1.1856478826392827,1.5479888011165024
1771415239623,1.9290043609802554,-1.1210612349320503,1.5698023863574262
1771415239636,1.9330833893574149,-1.1541986100715131,1.5506891883025875
1771415239651,1.913585344602638,-1.1852416915527142,1.5023351835337073
1771415239665,1.954851343409081,-1.2414710700292566,1.5100309126334803
1771415239682,1.9107133745780225,-1.1816874768208205,1.5014793727907743
1771415239698,1.9263279169332759,-1.1886376649094093,1.5158759003016047
1771415239715,1.9267731717811207,-1.1837385497681687,1.5202690226694198
1771415239730,1.9571067929978303,-1.215664262768086,1.5337624977247222
1771415239745,1.9400074773381963,-1.1441284455860927,1.566716027915992
1771415239763,1.9292056929826253,-1.1561090478035474,1.5444243184511655
1771415239777,1.9486099454397585,-1.1633658973965773,1.5632211961975808
1771415239790,1.9368958101496723,-1.2167127033714955,1.5070419957087402
1771415239805,1.9237174903231877,-1.1784066238032935,1.5205416178296034
1771415239819,1.9314617960164802,-1.133491679144529,1.5638865952431855
1771415239836,1.929048413657105,-1.1203734816328597,1.570347427764588
1771415239852,1.9345873358242565,-1.1362941510974813,1.565715096086529
1771415239867,1.932162847975159,-1.124725644697409,1.571065083074369
1771415239881,1.9321350380203446,-1.195584116652625,1.5178024987309253
1771415239896,1.9263979638146653,-1.2275082922929776,1.4846657897793922
1771415239910,1.9387190395823233,-1.2361800632342241,1.4934826298625759
1771415239925,1.9193565653949727,-1.1145832811410483,1.5625727933525657
1771415239940,1.936809396010916,-1.1825207283174037,1.5339085251656457
1771415239954,1.9414461830479042,-1.1686277344924885,1.5503298035728494
1771415239968,1.9226830750674473,-1.1579883156862014,1.5348528489353792
1771415239985,1.929944716811393,-1.1474760948765224,1.551768417527285
1771415239999,1.919958078220136,-1.1493349898136733,1.5379428153584778
1771415240014,1.9545676742560196,-1.2083538028570278,1.5362994110418533
1771415240028,1.9376550652006777,-1.1347437269017728,1.5706252977572077
1771415240041,1.9329279460674924,-1.1118655900884473,1.5811278741031554
1771415240056,1.919447719484185,-1.1969703224768526,1.500513776991967
1771415240069,1.9273596582013455,-1.2134486387216632,1.4974169937751307
1771415240084,1.9347535813879229,-1.2453372601023793,1.4806777263449642
1771415240098,1.9300848917152034,-1.1454560632070263,1.5534342910112255
1771415240113,1.9234622354011413,-1.1819440620410984,1.517470001423469
1771415240128,1.9234839716096077,-1.223502850556841,1.484193843040172
1771415240144,1.9367006430437772,-1.2189853090498213,1.504953220896547
1771415240158,1.956552940366509,-1.2585532202085385,1.4980464613487625
1771415240174,1.9447501692994527,-1.2046487082902675,1.526720246346671
1771415240191,1.9559419889228793,-1.2292096808271065,1.5214311106956213
1771415240205,1.923051246228624,-1.1493866231367158,1.54176408252879
1771415240219,1.9313391783633729,-1.1722242489002965,1.534914112310993
1771415240234,1.9465289149401357,-1.1872098901216395,1.5425652315203355
1771415240250,1.931479535684158,-1.1288307190098767,1.5672761098754537
1771415240264,1.9443552424362902,-1.244698577959684,1.4937345007780416
1771415240279,1.9453176694369128,-1.1975016959276554,1.5330526811802165
1771415240295,1.9288739630441287,-1.1956595061065338,1.513589478942901
1771415240311,1.9288739630441287,-1.1956595061065338,1.513589478942901
1771415240327,1.9545371551992827,-1.2449732642493474,1.5067372240569452
1771415240342,1.9577163714339438,-1.1721785546889172,1.568008554475354
1771415240355,1.9259764305186737,-1.1894442247911097,1.5147962394409775
1771415240369,1.91584885675638,-1.1552784078698526,1.5283352519144573
1771415240382,1.9630915353721186,-1.2639968309054195,1.502012113037281
1771415240396,1.9397863927774772,-1.1113671581491367,1.5898535433781844
1771415240410,1.9530642444441746,-1.2255184271856554,1.5207118489558409
1771415240424,1.9458685506402114,-1.154196941244638,1.5665994501442155
1771415240437,1.9291900795511485,-1.1921950878439882,1.5167218715239892
1771415240451,1.9451821285029953,-1.2388695987363976,1.4996451681561744
1771415240467,1.9205417939902916,-1.1383210366997119,1.5468374186934903
1771415240481,1.9498759134385921,-1.185907453685103,1.5477853821192713
1771415240495,1.966341025487672,-1.1819942728492305,1.5714281935448176
1771415240510,1.9418277219442217,-1.2374131241285924,1.4964971306171633
1771415240526,1.93685371849041,-1.1811724288797127,1.5350029381354708
1771415240540,1.9255456561547408,-1.161689693930551,1.5356442064983458
1771415240554,1.9565143795241386,-1.186125591701598,1.5559738423235974
1771415240569,1.9390305087994968,-1.2291932382068136,1.4996410561203914
1771415240583,1.9456431714936,-1.1940919661422749,1.5361223021537542
1771415240598,1.9396094842446927,-1.1859291396509193,1.5348149813898722
1771415240611,1.927033550950078,-1.1813260794260374,1.5224739736872923
1771415240625,1.951456924930593,-1.2444248691133282,1.503193558724838
1771415240640,1.9669689510453232,-1.2566646232184233,1.5131955852194512
1771415240657,1.9411643107853165,-1.1719229904242776,1.5474867967067283
1771415240670,1.9673353111063476,-1.207148173424505,1.553448265544685
1771415240685,1.9336221823233666,-1.2187527253718782,1.5011783832614956
1771415240701,1.957742447441433,-1.2494032221319258,1.50723159436111
1771415240718,1.918708450529454,-1.2028759180514104,1.4948349888549959
1771415240734,1.9451363358144604,-1.235519038021104,1.5023475202472665
1771415240749,1.9646248141424199,-1.2434811333123632,1.5210211475980004
1771415240765,1.9441890328223,-1.21436844063572,1.5182820178525727
1771415240779,1.9269044942410827,-1.1452851134211077,1.5496073499123844
1771415240793,1.9467736442736912,-1.220892549476973,1.5163604468167473
1771415240807,1.9414035887250403,-1.2059491011727301,1.52142520673714
1771415240821,1.9117839533117715,-1.1655365826466662,1.515401715273121
1771415240836,1.9330833893574149,-1.1541986100715131,1.5506891883025875
1771415240850,1.9389004276593451,-1.1982963343847604,1.5242771281422671
1771415240864,1.9419339354551697,-1.1631499493998345,1.555052926714575
1771415240881,1.9421209898574725,-1.1935162968922013,1.5321073031278507
1771415240896,1.9441290185669677,-1.2148781742024448,1.5177973061910128
1771415240911,1.9256824036719802,-1.196742283466702,1.5086618662824347
1771415240925,1.923051246228624,-1.1493866231367158,1.54176408252879
1771415240939,1.9390305087994968,-1.2291932382068136,1.4996410561203914
1771415240953,1.9080094730697787,-1.1329682569509556,1.5352143427109872
1771415240967,1.9559922722601506,-1.2284456567240802,1.5221126888693788
1771415240984,1.9449201226840678,-1.201867023107538,1.529127183195706
1771415241000,1.9331944266376095,-1.1868689434265882,1.525969463099498
1771415241015,1.9545930845936452,-1.2443227456179429,1.5073470174711348
1771415241028,1.9377905326807092,-1.2470007874008056,1.4832468387860323
1771415241042,1.9133091761427514,-1.074647818022303,1.582998443060497
1771415241057,1.9413330344692126,-1.2425691670850447,1.4915749447248767
1771415241074,1.9545371551992827,-1.2449732642493474,1.5067372240569452
1771415241089,1.9392674724647505,-1.190737268442918,1.5306544637183535
1771415241103,1.9441118270027191,-1.178610197472259,1.5461076283060806
1771415241115,1.9452677232551483,-1.2347409773130296,1.5031570889572163
1771415241129,1.953415030181239,-1.2218516267869364,1.5241092094256528
1771415241142,1.9486490132917786,-1.2362900097334404,1.5062602659687707
1771415241157,1.9339122450048083,-1.2146012983027314,1.5049120431244003
1771415241173,1.947629282603206,-1.2110799110558779,1.5253016985142205
1771415241187,1.929260678218915,-1.1915648109318782,1.5173068463137525
1771415241202,1.9466590256357577,-1.186486932580767,1.5432854955918687
1771415241218,1.9421028899627355,-1.198644259446241,1.5280757751165948
1771415241232,1.947598456747936,-1.208316278043555,1.5274526247782325
1771415241247,1.923871284157941,-1.1024773970896922,1.576649709641892
1771415241261,1.9249973925368316,-1.2392163059917796,1.4730776993212844
1771415241275,1.9179130829512079,-1.13562034639008,1.5455604234776075
1771415241290,1.9268183671896584,-1.1423369424825676,1.5516750078476487
1771415241305,1.9679256391747209,-1.2051607428048936,1.55573741528678
1771415241319,1.945382783547777,-1.2757958549303394,1.4686249048231006
1771415241337,1.9216639329751168,-1.1660168375228637,1.5274806073762686
1771415241353,1.9106600603386292,-1.1423906750951862,1.5315238854254865
1771415241369,1.9226830750674473,-1.1579883156862014,1.5348528489353792
1771415241383,1.9151225382862112,-1.131126732048348,1.54539530628815
1771415241398,1.9337339770038524,-1.1437901787894154,1.55918925109302
1771415241416,1.9207457839078852,-1.1766070513317237,1.5181766080256878
1771415241429,1.9478327983085424,-1.16786911667224,1.5588888146656543
1771415241444,1.9275597733242522,-1.2147382602091434,1.496628757882831
1771415241459,1.9533583268981503,-1.2189804907009898,1.5263339466030084
1771415241474,1.9501254136055275,-1.255427833126743,1.4922768123243155
1771415241491,1.9341808388177943,-1.1721759338420188,1.5385249745686607
1771415241505,1.9181821785016722,-1.1326628935865923,1.5480625437667137
1771415241519,1.9425144913906205,-1.1560920649721678,1.561029687921069
1771415241536,1.931848405429408,-1.1617447300716461,1.5434984430542533
1771415241553,1.9362046336247822,-1.1518638640158507,1.5563091023458517
1771415241567,1.9514883745468046,-1.279831540877853,1.4732067414200731
1771415241584,1.922389756842174,-1.2331631893225963,1.4747511402644973
1771415241597,1.947340350132472,-1.1783177396710351,1.5503876107704813
1771415241609,1.953121673700572,-1.2209261305544048,1.5244748787724816
1771415241621,1.9243256039693843,-1.135202539923992,1.553816019817743
1771415241638,1.9506681888603787,-1.2489033792777942,1.4984481079638148
1771415241653,1.9302645574702373,-1.2198715409087213,1.4959393990087813
1771415241667,1.9399275101476212,-1.2226778808254553,1.5061133902756867
1771415241681,1.9233194760095915,-1.1134654294794337,1.5682322991674382
1771415241695,1.93342823787,-1.1840595271024583,1.5284462003194605
1771415241709,1.9414035887250403,-1.2059491011727301,1.52142520673714
1771415241725,1.9390305087994968,-1.2291932382068136,1.4996410561203914
1771415241741,1.9347251661003635,-1.1696177133085148,1.5411540718101613
1771415241756,1.9229964285962082,-1.1908482897523358,1.5098992069630703
1771415241774,1.9474499189890166,-1.2092510148562712,1.5265232294463802
1771415241788,1.9632364631139672,-1.2940284064971255,1.4764104758767966
1771415241805,1.9269044942410827,-1.1452851134211077,1.5496073499123844
1771415241821,1.9377271575784907,-1.1715293793014583,1.5434718820408608
1771415241835,1.9493547144156986,-1.2276735624202741,1.5141999295829542
1771415241851,1.930601340876013,-1.216232090865598,1.4993335314535439
1771415241866,1.9210392853683083,-1.1733928515462182,1.5210329226774202
1771415241880,1.9341466821906161,-1.1782182845872047,1.5338595314087118
1771415241894,1.9450675145216716,-1.2040975259268871,1.5275590934900891
1771415241909,1.9390065993907561,-1.1969473470765437,1.5254716125865233
1771415241925,1.9321350380203446,-1.195584116652625,1.5178024987309253
1771415241940,1.9341466821906161,-1.1782182845872047,1.5338595314087118
1771415241956,1.9479276008257247,-1.244212825534172,1.4987849688447423
1771415241973,1.9414461830479042,-1.1686277344924885,1.5503298035728494
1771415241987,1.9368958101496723,-1.2167127033714955,1.5070419957087402
1771415242001,1.937963132821887,-1.1682684009251927,1.5462373839668073
1771415242015,1.9368958101496723,-1.2167127033714955,1.5070419957087402
1771415242030,1.9181013668970825,-1.1719023101589379,1.5184722022930155
1771415242044,1.935245233651324,-1.235508780552832,1.4895274980835436
1771415242058,1.9370146055133823,-1.1422261576869561,1.5643992414559198
1771415242072,1.9198063748960872,-1.186659878983147,1.5091371205769735
1771415242088,1.9442991773678269,-1.1763601185184742,1.5480556070995672
1771415242105,1.9424842246109664,-1.2295761732608192,1.5037910084222963
1771415242119,1.9249352422757922,-1.2043260332722447,1.501657248688296
1771415242133,1.9478347304366403,-1.2838642574571972,1.4648387984754703
1771415242148,1.9531118716510434,-1.1842745829108012,1.5531064662333003
1771415242163,1.9630771428666534,-1.2280716435832029,1.531506417574655
1771415242176,1.9393229189251993,-1.2297449294545135,1.4995668682487848
1771415242190,1.9417173799883876,-1.2062546308622248,1.5215834348705317
1771415242205,1.9425324326805933,-1.2290024548090783,1.504322178952781
1771415242219,1.9558622373348937,-1.2665160976677874,1.4904140585022054
1771415242234,1.9393229189251993,-1.2297449294545135,1.4995668682487848
1771415242247,1.9338677162320659,-1.1796239098789918,1.5324267601182207
1771415242262,1.9421209898574725,-1.1935162968922013,1.5321073031278507
1771415242278,1.9531512152055703,-1.2205343667998405,1.5248263930426667
1771415242295,1.9328518511009414,-1.2264581649230788,1.4938931179966826
1771415242311,1.93685371849041,-1.1811724288797127,1.5350029381354708
1771415242325,1.942363783264886,-1.2308844029578507,1.502564691816687
1771415242340,1.942363783264886,-1.2308844029578507,1.502564691816687
1771415242355,1.9240703197084907,-1.1379552369970416,1.551484603137956
1771415242369,1.9430797906992612,-1.1870414185533622,1.5383405811661819
1771415242385,1.9531147731956902,-1.1843594056777131,1.5530454325157348
1771415242399,1.9428236608483305,-1.1897077875166886,1.5359554542610454
1771415242416,1.9519374280106507,-1.2020149854393396,1.5379270781308516
1771415242431,1.9326229196692857,-1.233743548520872,1.487584688719994
1771415242447,1.9501254136055275,-1.255427833126743,1.4922768123243155
1771415242461,1.9325692457833255,-1.2343238401113386,1.4870334722124887
1771415242474,1.9565143795241386,-1.186125591701598,1.5559738423235974
1771415242490,1.9106600603386292,-1.1423906750951862,1.5315238854254865
1771415242505,1.9399275101476212,-1.2226778808254553,1.5061133902756867
1771415242519,1.9221244751430175,-1.123464591991613,1.5596120698702416
1771415242533,1.9344741358750477,-1.1315647727024778,1.5689969240085535
1771415242548,1.9382237850486015,-1.2019206436416965,1.5205585182149541
1771415242562,1.9486490132917786,-1.2362900097334404,1.5062602659687707
1771415242580,1.9472020340140341,-1.217430649084447,1.519690223676593
1771415242594,1.93342823787,-1.1840595271024583,1.5284462003194605
1771415242610,1.9517563825052717,-1.2001226722058633,1.5391746321673583
1771415242624,1.9392674724647505,-1.190737268442918,1.5306544637183535
1771415242638,1.9406930110286111,-1.213904023261433,1.5141751501609724
1771415242652,1.931920342440285,-1.2012969436215168,1.5130108600998842
1771415242665,1.9331944266376095,-1.1868689434265882,1.525969463099498
1771415242681,1.953748929975031,-1.289824377519983,1.4674767311728547
1771415242695,1.9570897781863876,-1.2197742841511225,1.530474140782934
1771415242709,1.934622321783576,-1.2068140139618475,1.5120725722162174
1771415242723,1.9696320698175638,-1.2627603422785527,1.5115842048732755
1771415242737,1.9197057746025643,-1.1882893430267287,1.5077263340180596
1771415242754,1.93685371849041,-1.1811724288797127,1.5350029381354708
1771415242768,1.954851343409081,-1.2414710700292566,1.5100309126334803
1771415242782,1.970922144982092,-1.2473353612546811,1.5260041278268104
1771415242799,1.9382237850486015,-1.2019206436416965,1.5205585182149541
1771415242813,1.9456431714936,-1.1940919661422749,1.5361223021537542
1771415242827,1.949879542430537,-1.1856478826392827,1.5479888011165024
1771415242841,1.9519374280106507,-1.2020149854393396,1.5379270781308516
1771415242855,1.945039737715582,-1.1635371381447637,1.5586407249429204
1771415242869,1.9285661950253774,-1.1675486710692378,1.5349910974592391
1771415242886,1.9519374280106507,-1.2020149854393396,1.5379270781308516
1771415242900,1.9398412787368515,-1.223547307655644,1.5052960415214172
1771415242917,1.9204712122613807,-1.0630108520340005,1.5994429047586056
1771415242932,1.9288739630441287,-1.1956595061065338,1.513589478942901
1771415242947,1.9389004276593451,-1.1982963343847604,1.5242771281422671
1771415242962,1.9707522889353217,-1.2898986236143573,1.4899752095728294
1771415242977,1.9317664069674256,-1.125145561481269,1.570276700638087
1771415242990,1.937963132821887,-1.1682684009251927,1.5462373839668073
1771415243004,1.9253148519282683,-1.2002656966603866,1.5053901608805362
1771415243018,1.9456834251254198,-1.1971493328399616,1.5337918586589967
1771415243033,1.9502707092821974,-1.2173516729369744,1.523683282011598
1771415243048,1.9365246904534879,-1.1102259271468473,1.5866714428094115
1771415243066,1.9531118716510434,-1.1842745829108012,1.5531064662333003
1771415243083,1.9559419889228793,-1.2292096808271065,1.5214311106956213
1771415243098,1.9484439753011333,-1.1639536630343912,1.5625766525825562
1771415243115,1.9257217110439138,-1.1591955661819398,1.537748271899543
1771415243131,1.9506681888603787,-1.2489033792777942,1.4984481079638148
1771415243144,1.9465289149401357,-1.1872098901216395,1.5425652315203355
1771415243160,1.9506153208503783,-1.2135640463710904,1.5271419172073204
1771415243175,1.9564469681309224,-1.187115583275528,1.5551338627440023
1771415243189,1.9481108055217944,-1.2424653671593695,1.5004717664788991
1771415243204,1.9400010627442625,-1.1485168924730427,1.5634938666822245
1771415243219,1.9389996165822156,-1.1970764913616272,1.5253613955175722
1771415243234,1.9474499189890166,-1.2092510148562712,1.5265232294463802
1771415243249,1.9392497768525843,-1.194759990305913,1.5274941121284273
1771415243264,1.9303947686260567,-1.2145484838739458,1.5004319188348223
1771415243279,1.9365417157063305,-1.1889345190927154,1.5286034560933688
1771415243296,1.9363712848395096,-1.1907899540431728,1.5269423820501125
1771415243310,1.9759880697733228,-1.2658827423206065,1.5172573066495225
1771415243324,1.9291900795511485,-1.1921950878439882,1.5167218715239892
1771415243341,1.9364316338554646,-1.2268430636089156,1.4982067847499672
1771415243355,1.9450675145216716,-1.2040975259268871,1.5275590934900891
1771415243370,1.937197292882236,-1.1400689097621728,1.5661980183054613
1771415243382,1.9414461830479042,-1.1686277344924885,1.5503298035728494
1771415243398,1.923051246228624,-1.1493866231367158,1.54176408252879
1771415243415,1.946507269963494,-1.187614904876567,1.5422261149830647
1771415243429,1.9123032427199795,-1.1637162069695912,1.5174545402593305
1771415243445,1.9454527832030166,-1.1587136606466375,1.5627441199067853
1771415243459,1.9377271575784907,-1.1715293793014583,1.5434718820408608
1771415243472,1.9332111681967734,-1.1871372166822147,1.5257819797103183
1771415243486,1.9234622354011413,-1.1819440620410984,1.517470001423469
1771415243503,1.9584762572806558,-1.2364694797822584,1.5188062667434044
1771415243519,1.9406930110286111,-1.213904023261433,1.5141751501609724
1771415243534,1.9584789713606015,-1.2362936753651916,1.5189528727099157
1771415243551,1.937963132821887,-1.1682684009251927,1.5462373839668073
1771415243565,1.9413633971461766,-1.2061426058464724,1.5212205146331759
1771415243579,1.9278394063516358,-1.0926608285405202,1.5882874709747512
1771415243593,1.9237174903231877,-1.1784066238032935,1.5205416178296034
1771415243607,1.935812263668135,-1.1564133811029516,1.5524423377935779
1771415243622,1.9382237850486015,-1.2019206436416965,1.5205585182149541
1771415243636,1.9319058755239253,-1.1617788576713897,1.543544686023578
1771415243650,1.9184912683254778,-1.162218717273863,1.526386713732597
1771415243664,1.9640521502769148,-1.249372038167961,1.5154439479081396
1771415243678,1.9415410230280254,-1.2407965765343043,1.4933202602795763
1771415243692,1.9484861395593618,-1.2731627788513196,1.4750100930510714
1771415243709,1.9315620238846327,-1.1655079086128703,1.5402997004070835
1771415243723,1.9358317709177721,-1.2289010514698802,1.4957429093901335
1771415243737,1.929705452685319,-1.1496392468365393,1.549868619030841
1771415243751,1.9320327512650046,-1.2001483183061457,1.5140655752072147
1771415243767,1.9364040017525428,-1.1905486690353464,1.5271720023171675
1771415243780,1.9222642109271724,-1.1946873303688343,1.5059289091015062
1771415243794,1.926399443270672,-1.1838208992431565,1.5197311912139855
1771415243810,1.9549978902609677,-1.240534238378519,1.5109902562013637
1771415243824,1.9338677162320659,-1.1796239098789918,1.5324267601182207
1771415243839,1.912402304653019,-1.1227048331382208,1.5481655055226682
1771415243853,1.9105276122079162,-1.0647924024472915,1.5862953371612132
1771415243868,1.955236053037548,-1.2012029135470577,1.5427441730837648
1771415243883,1.9449201226840678,-1.201867023107538,1.529127183195706
1771415243898,1.9199657197640114,-1.1545074155454147,1.534073333488196
1771415243913,1.9210344607370287,-1.2125999876651645,1.4899579421089875
1771415243928,1.931790248846417,-1.1292069793917716,1.5673880065991994
1771415243945,1.9174896807848953,-1.176941542630235,1.5137949931043246
1771415243961,1.952010536610777,-1.2012947730736308,1.5385824655264557
1771415243976,1.9343232244099682,-1.1738559257062702,1.5374227142123442
1771415243989,1.951950276176992,-1.2342963793558985,1.512158169166293
1771415244003,1.966703641461817,-1.2591061638218135,1.510819274951537
1771415244018,1.938202404172544,-1.1280929421996628,1.5760821277140153
1771415244032,1.9156925383908912,-1.083151986007926,1.580082174082608
1771415244046,1.9207457839078852,-1.1766070513317237,1.5181766080256878
1771415244060,1.9408686957385712,-1.2124965026159111,1.515527474261726
1771415244071,1.9406312050232677,-1.1372415432993284,1.572492017818921
1771415244083,1.9123032427199795,-1.1637162069695912,1.5174545402593305
1771415244096,1.9181013668970825,-1.1719023101589379,1.5184722022930155
1771415244108,1.9206104810522733,-1.1409869708464662,1.5449573949745186
1771415244121,1.9267883510310044,-1.0628830229431818,1.607107037259168
1771415244133,1.9045773185760781,-1.1359506281272738,1.5287350760977834
1771415244147,1.9465124838091266,-1.2246356984441298,1.5130030587282477
1771415244159,1.9324327454743004,-1.1553613458740468,1.5490114512944873
1771415244173,1.9062179098439183,-1.1161409651679846,1.545281872566813
1771415244189,1.918244400465102,-1.1319285748035208,1.5486766226230022
1771415244204,1.957431892789951,-1.252088021771861,1.5045980196207482
1771415244219,1.9133659704365102,-1.1474885128771712,1.531090934477566
1771415244233,1.960959628737051,-1.2076715971456615,1.5449569505278133
1771415244245,1.9307748339041433,-1.1786643875923744,1.5292618221413445
1771415244259,1.8936113280373723,-1.071165943586066,1.5615272597597627
1771415244271,1.8844483877382125,-1.0588155233839152,1.5588635005959932
1771415244283,1.9053434694545877,-1.085223545428455,1.5660854360605425
1771415244295,1.9239019027986546,-1.1761222325828988,1.5225422902555126
1771415244308,1.9302205173337739,-1.1019060653513946,1.5847883987075593
1771415244320,1.9418204888413497,-1.2016982286569533,1.52531576341648
1771415244333,1.9337339770038524,-1.1437901787894154,1.55918925109302
1771415244347,1.9286810515798294,-1.165835099106196,1.5364371514693085
1771415244359,1.8908952326064057,-1.1025559001340117,1.5361820425240338
1771415244371,1.9291900795511485,-1.1921950878439882,1.5167218715239892
1771415244383,1.934926694848918,-1.203734478317193,1.5149140636185914
1771415244396,1.929755733908946,-1.149830390939248,1.5497894258985478
1771415244412,1.9172678568104018,-1.1794415573235968,1.51156662030373
1771415244423,1.9545930845936452,-1.2443227456179429,1.5073470174711348
1771415244440,1.943984565486554,-1.1800000289105639,1.5448870258439658
1771415244454,1.9106600603386292,-1.1423906750951862,1.5315238854254865
1771415244472,1.9336380896773762,-1.1818290643651217,1.5304366450373024
1771415244485,1.9307748339041433,-1.1786643875923744,1.5292618221413445
1771415244500,1.952521943243827,-1.2326066288016908,1.5142730392775212
1771415244515,1.904217363174889,-1.1059786751758796,1.5501144913434406
1771415244527,1.9290043609802554,-1.1210612349320503,1.5698023863574262
1771415244539,1.8886996535809675,-1.127654364640516,1.5151178222646782
1771415244556,1.94819798022219,-1.1677479958670816,1.5594357916535824
1771415244571,1.919447719484185,-1.1969703224768526,1.500513776991967
1771415244584,1.93709306842809,-1.214629774228599,1.5089745085022264
1771415244601,1.920695246142157,-1.1403619812804227,1.545524111815558
1771415244614,1.9246364580679705,-1.1312308645855411,1.5570941611647868
1771415244627,1.9345873358242565,-1.1362941510974813,1.565715096086529
1771415244641,1.9369370815968021,-1.2204082977828041,1.5041040006487634
1771415244656,1.9353889418844459,-1.1200574486290105,1.5783541009986533
1771415244671,1.9286810515798294,-1.165835099106196,1.5364371514693085
1771415244684,1.91706492670306,-1.1042737935516596,1.567072851551591
1771415244699,1.93137362801653,-1.1726505399064444,1.5346318132551722
1771415244713,1.9326236345947714,-1.1567963097568776,1.5481784169556085
1771415244724,1.9260419009675154,-1.1561411609064585,1.5404463704850055
1771415244740,1.9313605861866567,-1.130137842703798,1.5661871441063715
1771415244755,1.9282909242619177,-1.1661681800076285,1.5356945218788067
1771415244772,1.9066682565968733,-1.1522978888568576,1.5190765010525933
1771415244785,1.930430016518009,-1.1420606191489822,1.556360366644809
1771415244800,1.9020389185126414,-1.0870002435274964,1.5608275106839649
1771415244812,1.9367492511306132,-1.1458649735633748,1.5614067772734939
1771415244824,1.9604140388297753,-1.2545701940266434,1.5064119064521568
1771415244838,1.9246160698841375,-1.1313520850002616,1.5569808849892228
1771415244849,1.9336221823233666,-1.2187527253718782,1.5011783832614956
1771415244861,1.9425144913906205,-1.1560920649721678,1.561029687921069
1771415244875,1.9341583884596618,-1.2118173318567034,1.5074705389693612
1771415244888,1.9351368250932564,-1.2370707224570363,1.4880895670192822
1771415244900,1.9216639329751168,-1.1660168375228637,1.5274806073762686
1771415244914,1.954678063002617,-1.2070695537796836,1.537448998283123
1771415244925,1.9530642444441746,-1.2255184271856554,1.5207118489558409
1771415244939,1.929755733908946,-1.149830390939248,1.5497894258985478
1771415244951,1.9430538089705358,-1.1502218784186284,1.5660292893052892
1771415244963,1.9256824036719802,-1.196742283466702,1.5086618662824347
1771415244974,1.950394577312158,-1.179130304596495,1.5536057196054758
1771415244988,1.9393229189251993,-1.2297449294545135,1.4995668682487848
1771415245000,1.9221244751430175,-1.123464591991613,1.5596120698702416
1771415245013,1.9320012357417025,-1.2362017709035682,1.4847336315051085
1771415245027,1.960959628737051,-1.2076715971456615,1.5449569505278133
1771415245042,1.9160677198508882,-1.15706391869059,1.5272585226866333
1771415245055,1.9523063822013853,-1.2663008899655062,1.4859280823972703
1771415245066,1.9425324326805933,-1.2290024548090783,1.504322178952781
1771415245079,1.9249382470564662,-1.1683576675349108,1.529812934869229
1771415245101,1.9210392853683083,-1.1733928515462182,1.5210329226774202
1771415245119,1.900666438380763,-1.1032318813885524,1.5477119647644033
1771415245131,1.9441290185669677,-1.2148781742024448,1.5177973061910128
1771415245143,1.9303947686260567,-1.2145484838739458,1.5004319188348223
1771415245155,1.8987345757202718,-1.0466173265599912,1.5842301476679634
1771415245169,1.935659573058959,-1.1954544191111278,1.5223884900387505
1771415245181,1.9531147731956902,-1.1843594056777131,1.5530454325157348
1771415245193,1.9570505876248967,-1.2524585823446122,1.503793370790774
1771415245206,1.9456431714936,-1.1940919661422749,1.5361223021537542
1771415245219,1.9242927702105446,-1.1758154579586704,1.5232730137142239
1771415245231,1.9454527832030166,-1.1587136606466375,1.5627441199067853
1771415245245,1.9249382470564662,-1.1683576675349108,1.529812934869229
1771415245257,1.904217363174889,-1.1059786751758796,1.5501144913434406
1771415245271,1.940255242267295,-1.1789595031954896,1.5409882851503978
1771415245287,1.8838997899996324,-1.0273834529549326,1.5791015354799254
1771415245305,1.93137362801653,-1.1726505399064444,1.5346318132551722
1771415245319,1.9154867489170146,-1.1228863281731525,1.5518427044254484
1771415245336,1.949235121512377,-1.1926161908785768,1.541811979520086
1771415245350,1.9466906294302602,-1.2218705540468329,1.5154658544041393
1771415245364,1.8987345757202718,-1.0466173265599912,1.5842301476679634
1771415245377,1.93709306842809,-1.214629774228599,1.5089745085022264
1771415245389,1.952090013001607,-1.1591068390891182,1.5707089973758497
1771415245405,1.9152258301712421,-1.167306646602555,1.5183824199959053
1771415245419,1.9190095782597796,-1.1187816544888014,1.559142511456883
1771415245434,1.923051246228624,-1.1493866231367158,1.54176408252879
1771415245446,1.9439486598688582,-1.1770295913573658,1.5471062449861168
1771415245460,1.9430797906992612,-1.1870414185533622,1.5383405811661819
1771415245473,1.934534988650653,-1.2077722833896916,1.5111954651166848
1771415245487,1.9406312050232677,-1.1372415432993284,1.572492017818921
1771415245501,1.907385324567388,-1.1026910236419551,1.5563390641998605
1771415245517,1.9343232244099682,-1.1738559257062702,1.5374227142123442
1771415245529,1.931848405429408,-1.1617447300716461,1.5434984430542533
1771415245546,1.9302173539381189,-1.110983090867474,1.5784345425928905
1771415245563,1.9392527503662436,-1.2260091555057329,1.5025321229242188
1771415245576,1.909339304135739,-1.0750873660782434,1.5778985181615746
1771415245591,1.9083394444434947,-1.1687592963084603,1.5085626080847485
1771415245605,1.9234731151012232,-1.111164911519207,1.5700513889442334
1771415245618,1.9594853974122448,-1.1836906857738174,1.5615567178569378
1771415245630,1.9070832601457008,-1.1429469523991063,1.526642992034991
1771415245646,1.965841692277127,-1.2335268791967475,1.530668153909962
1771415245660,1.940255242267295,-1.1789595031954896,1.5409882851503978
1771415245673,1.9216041541049125,-1.091574141428328,1.58146401123714
1771415245689,1.9190431198946816,-1.1591672363958987,1.5293978599701936
1771415245704,1.9486099454397585,-1.1633658973965773,1.5632211961975808
1771415245718,1.912649149445203,-1.1196656628922697,1.5506693948786996
1771415245732,1.9240141834389806,-1.1429089356021682,1.5477692796392768
1771415245747,1.9571906619741413,-1.290165302733563,1.4717570380131333
1771415245764,1.9317897573078502,-1.2385271888981182,1.4825188257825421
1771415245778,1.9257947229881167,-1.0791134445061052,1.595054697800375
1771415245791,1.9464434391867136,-1.1841674134472626,1.5447943548843714
1771415245804,1.9306744051203224,-1.175222710114105,1.531781720813631
1771415245818,1.9047821651921888,-1.0958762195531462,1.5579635452256728
1771415245835,1.9302173539381189,-1.110983090867474,1.5784345425928905
1771415245848,1.9550009351012356,-1.1627112917288476,1.5716650751139507
1771415245888,1.9199657197640114,-1.1545074155454147,1.534073333488196
1771415245901,1.9363712848395096,-1.1907899540431728,1.5269423820501125
1771415245913,1.9245021364316663,-1.2113227873841503,1.4954616604560413
1771415245927,1.9563942364224258,-1.1870998775272483,1.5550795121413177
1771415245939,1.9496052043136367,-1.2289893017069904,1.5134549048374655
1771415245953,1.9234731151012232,-1.111164911519207,1.5700513889442334
1771415245967,1.91349775015603,-1.1419648337865864,1.535379418335078
1771415245980,1.9099748847781979,-1.114265725091817,1.55126269676322
1771415245992,1.929609171766311,-1.1514575432720004,1.5483982310138042
1771415246004,1.9269044942410827,-1.1452851134211077,1.5496073499123844
1771415246016,1.9428236608483305,-1.1897077875166886,1.5359554542610454
1771415246028,1.9352121088686804,-1.1639522841294252,1.5460468901627336
1771415246041,1.9333881132152075,-1.2246515026369742,1.4960676099063375
1771415246054,1.9361202998868243,-1.1570299397554504,1.552367074548847
1771415246066,1.9473030213942066,-1.1368526284370462,1.5809981525437609
1771415246078,1.913463468565584,-1.1866702649864782,1.5010516739046518
1771415246092,1.9483747357395131,-1.1619438699794882,1.5639854711234078
1771415246103,1.9057547663089378,-1.1624540588490215,1.5101661466125738
1771415246117,1.9517563825052717,-1.2001226722058633,1.5391746321673583
1771415246131,1.9224957783883896,-1.1921491659725911,1.5082341940136603
1771415246145,1.8962485195050962,-1.0766152591103635,1.560979830611528
1771415246161,1.9137397642800862,-1.1019488870517598,1.5646432614855657
1771415246173,1.9401191681672103,-1.1429246472583516,1.5677326421871811
1771415246187,1.9365298163820173,-1.2215790459771616,1.5026284850774316
1771415246200,1.9364316338554646,-1.2268430636089156,1.4982067847499672
1771415246213,1.937855340570575,-1.1696471844550824,1.5450594761607712
1771415246226,1.9387190395823233,-1.2361800632342241,1.4934826298625759
1771415246241,1.9488820295110447,-1.1599091883062662,1.5661263805433414
1771415246255,1.9493710868438867,-1.1950489645724298,1.5400992196924455
1771415246266,1.930601340876013,-1.216232090865598,1.4993335314535439
1771415246278,1.95216871706496,-1.2360001970258703,1.5110480511350595
1771415246290,1.925937517964014,-1.1568043375798882,1.5398178618452711
1771415246308,1.937106269455014,-1.1782503259786328,1.53756524040223
1771415246323,1.9214174581198544,-1.168271385798228,1.525446497748397
1771415246336,1.9190095782597796,-1.1187816544888014,1.559142511456883
1771415246350,1.9546092537910278,-1.2448271148856689,1.5069514886189737
1771415246366,1.9403319845336782,-1.1818506682795575,1.5388688079532853
1771415246379,1.9161771008054322,-1.1147228362657569,1.5585659049134684
1771415246393,1.9374030408255656,-1.2152849175332123,1.508844959502613
1771415246406,1.927663659352416,-1.0948159401978934,1.586589184595858
1771415246418,1.917905480158922,-1.1315573440052815,1.5485281424796056
1771415246432,1.9364316338554646,-1.2268430636089156,1.4982067847499672
1771415246449,1.9683023256369303,-1.2816933319798829,1.4938126548754547
1771415246461,1.919958078220136,-1.1493349898136733,1.5379428153584778
1771415246474,1.947629282603206,-1.2110799110558779,1.5253016985142205
1771415246486,1.9090454292606989,-1.0829289304445018,1.572170277860351
1771415246498,1.9377271575784907,-1.1715293793014583,1.5434718820408608
1771415246512,1.9259764305186737,-1.1894442247911097,1.5147962394409775
1771415246526,1.9313391783633729,-1.1722242489002965,1.534914112310993
1771415246540,1.9269891284098508,-1.1403133267349075,1.5533745903292369
1771415246555,1.9066682565968733,-1.1522978888568576,1.5190765010525933
1771415246569,1.9442887646453142,-1.2131007517753027,1.519422708257382
1771415246583,1.9406312050232677,-1.1372415432993284,1.572492017818921
1771415246597,1.9025746859662749,-1.0846188995524466,1.5631353998976893
1771415246612,1.9414035887250403,-1.2059491011727301,1.52142520673714
1771415246623,1.9382237850486015,-1.2019206436416965,1.5205585182149541
1771415246635,1.9596545002540176,-1.2228833764709979,1.5312746350399444
1771415246648,1.926399443270672,-1.1838208992431565,1.5197311912139855
1771415246661,1.9394615190602205,-1.1549710721266535,1.558060591397519
1771415246675,1.9234178121686096,-1.1085401985761323,1.5718380032014336
1771415246690,1.9062179098439183,-1.1161409651679846,1.545281872566813
1771415246707,1.9645061566418391,-1.207977954111945,1.5492171254744151
1771415246721,1.9207457839078852,-1.1766070513317237,1.5181766080256878
1771415246737,1.9386368207889328,-1.1645368939739005,1.549892430297097
1771415246752,1.9603115380638791,-1.17856149848402,1.566465486551642
1771415246768,1.9382237850486015,-1.2019206436416965,1.5205585182149541
1771415246780,1.894968160522887,-1.1723515568244358,1.4887901654050566
1771415246792,1.9564469681309224,-1.187115583275528,1.5551338627440023
1771415246806,1.9570897781863876,-1.2197742841511225,1.530474140782934
1771415246820,1.942309376271017,-1.1960447914043393,1.530373343372413
1771415246834,1.9083592160942644,-1.0930875762482128,1.5642872013488198
1771415246847,1.9657469265239966,-1.2663379185422323,1.503512306301703
1771415246862,1.9583908295829429,-1.2795586375449104,1.4825735511193971
1771415246879,1.9302173539381189,-1.110983090867474,1.5784345425928905
1771415246893,1.9428236608483305,-1.1897077875166886,1.5359554542610454
1771415246905,1.9471795391600393,-1.252598657084536,1.4908067487080678
1771415246918,1.9571067929978303,-1.215664262768086,1.5337624977247222
1771415246932,1.898844906264973,-1.1243064027511886,1.530211452963647
1771415246948,1.9248862530819684,-1.205528039556905,1.5006296122448153
1771415246964,1.9389004276593451,-1.1982963343847604,1.5242771281422671
1771415246977,1.9383146500036337,-1.2406001318352806,1.4892867404596717
1771415246990,1.937106269455014,-1.1782503259786328,1.53756524040223
1771415247003,1.9395127734248125,-1.1546737236487008,1.5583447597349092
1771415247017,1.955393959168697,-1.2353177326357503,1.5157689913008185
1771415247032,1.9394615190602205,-1.1549710721266535,1.558060591397519
1771415247045,1.9315620238846327,-1.1655079086128703,1.5402997004070835
1771415247059,1.926681666510229,-1.0689892549206723,1.6029236466316104
1771415247074,1.9184912683254778,-1.162218717273863,1.526386713732597
1771415247087,1.9445264354919363,-1.170075636174451,1.5530956390248247
1771415247100,1.939632264347181,-1.1929811351102269,1.5293689326541478
1771415247115,1.9443552424362902,-1.244698577959684,1.4937345007780416
1771415247132,1.932883032971538,-1.1119790651160693,1.580993161874157
1771415247147,1.9179413471874047,-1.135961251794015,1.5453449600893685
1771415247160,1.9365298163820173,-1.2215790459771616,1.5026284850774316
1771415247173,1.9460030513824103,-1.1529255423952935,1.56770232176972
1771415247185,1.937106269455014,-1.1782503259786328,1.53756524040223
1771415247202,1.9583591238612539,-1.2012049067044108,1.5466988168741402
1771415247215,1.935659573058959,-1.1954544191111278,1.5223884900387505
1771415247230,1.9575038825002242,-1.1702042702041289,1.56921745338225
1771415247243,1.94819798022219,-1.1677479958670816,1.5594357916535824
1771415247263,1.9458535375925827,-1.1542237053993114,1.5665610832826955
1771415247275,1.931808103613085,-1.202412088131236,1.511981388609352
1771415247287,1.9205417939902916,-1.1383210366997119,1.5468374186934903
1771415247300,1.9226830750674473,-1.1579883156862014,1.5348528489353792
1771415247312,1.9341583884596618,-1.2118173318567034,1.5074705389693612
1771415247326,1.9226830750674473,-1.1579883156862014,1.5348528489353792
1771415247338,1.9198063748960872,-1.186659878983147,1.5091371205769735
1771415247350,1.937106269455014,-1.1782503259786328,1.53756524040223
1771415247363,1.9047821651921888,-1.0958762195531462,1.5579635452256728
1771415247375,1.9418204888413497,-1.2016982286569533,1.52531576341648
1771415247387,1.9497328199479227,-1.227829334417885,1.514560396526006
1771415247401,1.9559419889228793,-1.2292096808271065,1.5214311106956213
1771415247413,1.9403140541101205,-1.2189634899062258,1.5096180440273248
1771415247426,1.9080320596827467,-1.0950429894395797,1.5625195013363558
1771415247438,1.9665473572708203,-1.2964664863705735,1.4786761505166661
1771415247450,1.9364428133096638,-1.149433373924707,1.55840100363376
1771415247465,1.948914447406527,-1.2325687532037906,1.5096495593135322
1771415247478,1.9242141969453468,-1.173225546714768,1.525169529023531
1771415247490,1.9499533625988392,-1.1850585515073406,1.5485329656839222
1771415247504,1.9392527503662436,-1.2260091555057329,1.5025321229242188
1771415247519,1.9369370815968021,-1.2204082977828041,1.5041040006487634
1771415247532,1.9375712350954675,-1.1730097607051833,1.5421512222735305
1771415247545,1.9456834251254198,-1.1971493328399616,1.5337918586589967
1771415247557,1.9392497768525843,-1.194759990305913,1.5274941121284273
1771415247575,1.9516798832564042,-1.1597534594356718,1.5697217205717462
1771415247588,1.9558679702065724,-1.1933135398554329,1.5496523198697425
1771415247603,1.9390305087994968,-1.2291932382068136,1.4996410561203914
1771415247618,1.923965031345752,-1.2153715095321331,1.4914803168861615
1771415247632,1.9735620846513038,-1.2535154258945587,1.5243511337672773
1771415247646,1.960245537865576,-1.2199765608825899,1.5343466882093468
1771415247660,1.9190095782597796,-1.1187816544888014,1.559142511456883
1771415247672,1.9202687980775377,-1.1819911404549286,1.513383362124815
1771415247685,1.9419339354551697,-1.1631499493998345,1.555052926714575
1771415247701,1.9313391783633729,-1.1722242489002965,1.534914112310993
1771415247716,1.9519374280106507,-1.2020149854393396,1.5379270781308516
1771415247727,1.9506153208503783,-1.2135640463710904,1.5271419172073204
1771415247739,1.9365417157063305,-1.1889345190927154,1.5286034560933688
1771415247752,1.9279217262787853,-1.1705907432203626,1.531861447567818
1771415247764,1.9319058755239253,-1.1617788576713897,1.543544686023578
1771415247778,1.951081811734074,-1.2086540067806064,1.531625191740036
1771415247791,1.9278797306865574,-1.096520747006199,1.5856741491797868
1771415247804,1.9257217110439138,-1.1591955661819398,1.537748271899543
1771415247818,1.9326229196692857,-1.233743548520872,1.487584688719994
1771415247835,1.940255242267295,-1.1789595031954896,1.5409882851503978
1771415247850,1.949235121512377,-1.1926161908785768,1.541811979520086
1771415247864,1.947629282603206,-1.2110799110558779,1.5253016985142205
1771415247881,1.946767608785998,-1.1845010076173403,1.5449470818030817
1771415247896,1.9253015683017245,-1.2003196539216985,1.5053301489422093
1771415247910,1.940255242267295,-1.1789595031954896,1.5409882851503978
1771415247923,1.936002915075818,-1.190906501390794,1.5263842871725337
1771415247935,1.917905480158922,-1.1315573440052815,1.5485281424796056
1771415247949,1.9492439644291044,-1.1925450627174916,1.5418781749059896
1771415247963,1.944774568388039,-1.2041749005704747,1.5271250540427168
1771415247976,1.935812263668135,-1.1564133811029516,1.5524423377935779
1771415247989,1.934622321783576,-1.2068140139618475,1.5120725722162174
1771415248002,1.9559959585326603,-1.2284658164846793,1.5221011554836725
1771415248014,1.9154103961746096,-1.1238821804531025,1.5510273467072573
1771415248027,1.9199657197640114,-1.1545074155454147,1.534073333488196
1771415248039,1.9260419009675154,-1.1561411609064585,1.5404463704850055
1771415248056,1.9350938050861197,-1.1649521277016979,1.5451454865629852
1771415248070,1.9313391783633729,-1.1722242489002965,1.534914112310993
1771415248086,1.951081811734074,-1.2086540067806064,1.531625191740036
1771415248099,1.940255242267295,-1.1789595031954896,1.5409882851503978
1771415248113,1.9455526148819013,-1.1952803433626824,1.535083019919311
1771415248125,1.95172010184216,-1.1592394798478576,1.5701513252858272
1771415248139,1.9367006430437772,-1.2189853090498213,1.504953220896547
1771415248153,1.9268183671896584,-1.1423369424825676,1.5516750078476487
1771415248170,1.9269891284098508,-1.1403133267349075,1.5533745903292369
1771415248185,1.9502707092821974,-1.2173516729369744,1.523683282011598
1771415248198,1.9484976560888247,-1.2018417676623916,1.5336947158042182
1771415248213,1.9425324326805933,-1.2290024548090783,1.504322178952781
1771415248226,1.922249967711222,-1.1219319093078217,1.5608695426725128
1771415248240,1.933165261451572,-1.2237981871734593,1.4964778398473124
1771415248253,1.9536920222262533,-1.1779645651199384,1.558625035418173
1771415248269,1.9234731151012232,-1.111164911519207,1.5700513889442334
1771415248282,1.9418204888413497,-1.2016982286569533,1.52531576341648
1771415248299,1.9165338812500763,-1.1110798357699059,1.5616029317739515
1771415248313,1.9147634354229175,-1.1719938752994417,1.51418273992711
1771415248325,1.9318038699874525,-1.12964775674355,1.5670871506660897
1771415248340,1.9471795391600393,-1.252598657084536,1.4908067487080678
1771415248356,1.9398407276231238,-1.2626553434732448,1.472645080168291
1771415248370,1.927978232244994,-1.095263527026382,1.5866624941607028
1771415248384,1.9224957783883896,-1.1921491659725911,1.5082341940136603
1771415248400,1.947333517771191,-1.1780220102941348,1.5506037445774747
1771415248413,1.9486490132917786,-1.2362900097334404,1.5062602659687707
1771415248425,1.927663659352416,-1.0948159401978934,1.586589184595858
1771415248440,1.9465289149401357,-1.1872098901216395,1.5425652315203355
1771415248453,1.9382237850486015,-1.2019206436416965,1.5205585182149541
1771415248467,1.9190095782597796,-1.1187816544888014,1.559142511456883
1771415248480,1.9557324148433777,-1.2273345162612586,1.522675035476333
1771415248495,1.957466440529861,-1.2115025878822676,1.537509787076236
1771415248510,1.9605672607637419,-1.2171581710759893,1.5369938095391258
1771415248526,1.9199657197640114,-1.1545074155454147,1.534073333488196
1771415248540,1.9377271575784907,-1.1715293793014583,1.5434718820408608
1771415248555,1.9239019027986546,-1.1761222325828988,1.5225422902555126
1771415248569,1.9121929605338726,-1.1243799912686618,1.5466905164091425
1771415248583,1.9366217233664513,-1.2595789793467231,1.4710419756766668
1771415248599,1.9104425085042402,-1.1446175939771233,1.5295885531272766
1771415248612,1.9341466821906161,-1.1782182845872047,1.5338595314087118
1771415248626,1.943922646256837,-1.2131716648981485,1.518897549579444
1771415248641,1.936002915075818,-1.190906501390794,1.5263842871725337
1771415248653,1.9208913287715865,-1.1009216175533738,1.5741013591740318
1771415248664,1.9403319845336782,-1.1818506682795575,1.5388688079532853
1771415248678,1.9466906294302602,-1.2218705540468329,1.5154658544041393
1771415248693,1.9181821785016722,-1.1326628935865923,1.5480625437667137
1771415248707,1.9107129986722842,-1.1034570165019222,1.5598739615840471
1771415248724,1.9151716856042091,-1.1676232270626647,1.5180706785139606
1771415248739,1.916164896458808,-1.1146646699231635,1.5585925009591444
1771415248754,1.96541907782574,-1.1974281393185047,1.5585371354733921
1771415248771,1.9440240767482033,-1.2518001604289608,1.4873553608088192
1771415248785,1.9324327454743004,-1.1553613458740468,1.5490114512944873
1771415248799,1.9395127734248125,-1.1546737236487008,1.5583447597349092
1771415248814,1.9425324326805933,-1.2290024548090783,1.504322178952781
1771415248827,1.9322440614939016,-1.1247579213503258,1.5711418559564068
1771415248840,1.9142331125494898,-1.1003144733236792,1.5663960128190262
1771415248855,1.9367006430437772,-1.2189853090498213,1.504953220896547
1771415248870,1.9267731717811207,-1.1837385497681687,1.5202690226694198
1771415248886,1.91349775015603,-1.1419648337865864,1.535379418335078
1771415248900,1.9367492511306132,-1.1458649735633748,1.5614067772734939
1771415248916,1.9235041170835785,-1.1487300938980112,1.5428179606844559
1771415248929,1.9242141969453468,-1.173225546714768,1.525169529023531
1771415248944,1.9442991773678269,-1.1763601185184742,1.5480556070995672
1771415248956,1.9418204888413497,-1.2016982286569533,1.52531576341648
1771415248969,1.9137983888076047,-1.1427853304275357,1.5351436289683813
1771415248982,1.922822086160348,-1.1925509537413166,1.5083325222764075
1771415248995,1.9364040017525428,-1.1905486690353464,1.5271720023171675
1771415249008,1.9285661950253774,-1.1675486710692378,1.5349910974592391
1771415249022,1.944510240998432,-1.1285472379882837,1.5835091439511162
1771415249035,1.9495151230908514,-1.2299649372392392,1.5125460218856193
1771415249047,1.9350938050861197,-1.1649521277016979,1.5451454865629852
