Timestamp_ms,Measured_Distance_m,X,Y
1771334344911,1.8803498766837285,-1.3254403882571695,1.3337628859438235
1771334344912,0.000295140123886573,-0.000165153433062905,0.00024460587947822967
1771334344913,0.00012179332906981333,0.0001008113493982289,6.834242341632353e-05
1771334344914,0.00012179332906981333,0.0001008113493982289,6.834242341632353e-05
1771334344915,0.00012179332906981333,0.0001008113493982289,6.834242341632353e-05
1771334344916,0.00012179332906981333,0.0001008113493982289,6.834242341632353e-05
1771334344916,0.00012179332906981333,0.0001008113493982289,6.834242341632353e-05
1771334344917,0.00012179332906981333,0.0001008113493982289,6.834242341632353e-05
1771334344918,0.00012179332906981333,0.0001008113493982289,6.834242341632353e-05
1771334344919,0.00012179332906981333,0.0001008113493982289,6.834242341632353e-05
1771334344920,0.00012179332906981333,0.0001008113493982289,6.834242341632353e-05
1771334344920,0.00012179332906981333,0.0001008113493982289,6.834242341632353e-05
1771334344921,0.00012179332906981333,0.0001008113493982289,6.834242341632353e-05
1771334344922,0.00012179332906981333,0.0001008113493982289,6.834242341632353e-05
1771334344923,0.00012179332906981333,0.0001008113493982289,6.834242341632353e-05
1771334344924,0.00012179332906981333,0.0001008113493982289,6.834242341632353e-05
1771334344925,0.00012179332906981333,0.0001008113493982289,6.834242341632353e-05
1771334344926,0.00012179332906981333,0.0001008113493982289,6.834242341632353e-05
1771334344927,0.00012179332906981333,0.0001008113493982289,6.834242341632353e-05
1771334344927,0.00012179332906981333,0.0001008113493982289,6.834242341632353e-05
1771334344928,0.00012179332906981333,0.0001008113493982289,6.834242341632353e-05
1771334344929,0.00012179332906981333,0.0001008113493982289,6.834242341632353e-05
1771334344930,0.00012179332906981333,0.0001008113493982289,6.834242341632353e-05
1771334344931,0.00012179332906981333,0.0001008113493982289,6.834242341632353e-05
1771334344932,0.00012179332906981333,0.0001008113493982289,6.834242341632353e-05
1771334344932,0.00012179332906981333,0.0001008113493982289,6.834242341632353e-05
1771334344933,0.00012179332906981333,0.0001008113493982289,6.834242341632353e-05
1771334344934,0.00012179332906981333,0.0001008113493982289,6.834242341632353e-05
1771334344935,0.00012179332906981333,0.0001008113493982289,6.834242341632353e-05
1771334344936,0.00012179332906981333,0.0001008113493982289,6.834242341632353e-05
1771334344937,0.00012179332906981333,0.0001008113493982289,6.834242341632353e-05
1771334344937,0.00012179332906981333,0.0001008113493982289,6.834242341632353e-05
1771334344938,0.00012179332906981333,0.0001008113493982289,6.834242341632353e-05
1771334344939,0.00012179332906981333,0.0001008113493982289,6.834242341632353e-05
1771334344940,0.00012179332906981333,0.0001008113493982289,6.834242341632353e-05
1771334344941,0.00012179332906981333,0.0001008113493982289,6.834242341632353e-05
1771334344942,0.00012179332906981333,0.0001008113493982289,6.834242341632353e-05
1771334344943,0.00012179332906981333,0.0001008113493982289,6.834242341632353e-05
1771334344943,0.00012179332906981333,0.0001008113493982289,6.834242341632353e-05
1771334344944,0.00012179332906981333,0.0001008113493982289,6.834242341632353e-05
1771334344945,0.00012179332906981333,0.0001008113493982289,6.834242341632353e-05
1771334344946,0.00012179332906981333,0.0001008113493982289,6.834242341632353e-05
1771334344947,0.00012179332906981333,0.0001008113493982289,6.834242341632353e-05
1771334344947,0.00012179332906981333,0.0001008113493982289,6.834242341632353e-05
1771334344948,0.00012179332906981333,0.0001008113493982289,6.834242341632353e-05
1771334344949,0.00012179332906981333,0.0001008113493982289,6.834242341632353e-05
1771334344950,0.00012179332906981333,0.0001008113493982289,6.834242341632353e-05
1771334344951,0.00012179332906981333,0.0001008113493982289,6.834242341632353e-05
1771334344952,0.00012179332906981333,0.0001008113493982289,6.834242341632353e-05
1771334344952,0.00012179332906981333,0.0001008113493982289,6.834242341632353e-05
1771334344953,0.00012179332906981333,0.0001008113493982289,6.834242341632353e-05
1771334344954,0.00012179332906981333,0.0001008113493982289,6.834242341632353e-05
1771334344955,0.00012179332906981333,0.0001008113493982289,6.834242341632353e-05
1771334344956,0.00012179332906981333,0.0001008113493982289,6.834242341632353e-05
1771334344957,0.00012179332906981333,0.0001008113493982289,6.834242341632353e-05
1771334344958,0.00012179332906981333,0.0001008113493982289,6.834242341632353e-05
1771334344958,0.00012179332906981333,0.0001008113493982289,6.834242341632353e-05
1771334344959,0.00012179332906981333,0.0001008113493982289,6.834242341632353e-05
1771334344960,0.00012179332906981333,0.0001008113493982289,6.834242341632353e-05
1771334344961,0.00012179332906981333,0.0001008113493982289,6.834242341632353e-05
1771334344962,0.00012179332906981333,0.0001008113493982289,6.834242341632353e-05
1771334344962,0.00012179332906981333,0.0001008113493982289,6.834242341632353e-05
1771334344963,0.00012179332906981333,0.0001008113493982289,6.834242341632353e-05
1771334344964,0.00012179332906981333,0.0001008113493982289,6.834242341632353e-05
1771334344965,0.00012179332906981333,0.0001008113493982289,6.834242341632353e-05
1771334344966,0.00012179332906981333,0.0001008113493982289,6.834242341632353e-05
1771334344967,0.00012179332906981333,0.0001008113493982289,6.834242341632353e-05
1771334344967,0.00012179332906981333,0.0001008113493982289,6.834242341632353e-05
1771334344968,0.00012179332906981333,0.0001008113493982289,6.834242341632353e-05
1771334344969,0.00012179332906981333,0.0001008113493982289,6.834242341632353e-05
1771334344970,0.00012179332906981333,0.0001008113493982289,6.834242341632353e-05
1771334344971,0.00012179332906981333,0.0001008113493982289,6.834242341632353e-05
1771334344972,0.00012179332906981333,0.0001008113493982289,6.834242341632353e-05
1771334344972,0.00012179332906981333,0.0001008113493982289,6.834242341632353e-05
1771334344973,0.00012179332906981333,0.0001008113493982289,6.834242341632353e-05
1771334344974,0.00012179332906981333,0.0001008113493982289,6.834242341632353e-05
1771334344975,0.00012179332906981333,0.0001008113493982289,6.834242341632353e-05
1771334344976,0.00012179332906981333,0.0001008113493982289,6.834242341632353e-05
1771334344977,0.00012179332906981333,0.0001008113493982289,6.834242341632353e-05
1771334344977,0.00012179332906981333,0.0001008113493982289,6.834242341632353e-05
1771334344978,0.00012179332906981333,0.0001008113493982289,6.834242341632353e-05
1771334344979,0.00012179332906981333,0.0001008113493982289,6.834242341632353e-05
1771334344980,0.00012179332906981333,0.0001008113493982289,6.834242341632353e-05
1771334344981,0.00012179332906981333,0.0001008113493982289,6.834242341632353e-05
1771334344982,0.00012179332906981333,0.0001008113493982289,6.834242341632353e-05
1771334344983,0.00012179332906981333,0.0001008113493982289,6.834242341632353e-05
1771334344983,0.00012179332906981333,0.0001008113493982289,6.834242341632353e-05
1771334344984,0.00012179332906981333,0.0001008113493982289,6.834242341632353e-05
1771334344985,0.00012179332906981333,0.0001008113493982289,6.834242341632353e-05
1771334344986,0.00012179332906981333,0.0001008113493982289,6.834242341632353e-05
1771334344987,0.00012179332906981333,0.0001008113493982289,6.834242341632353e-05
1771334344987,0.00012179332906981333,0.0001008113493982289,6.834242341632353e-05
1771334344988,0.00012179332906981333,0.0001008113493982289,6.834242341632353e-05
1771334344989,0.00012179332906981333,0.0001008113493982289,6.834242341632353e-05
1771334344990,0.00012179332906981333,0.0001008113493982289,6.834242341632353e-05
1771334344991,0.00012179332906981333,0.0001008113493982289,6.834242341632353e-05
1771334344992,0.00012179332906981333,0.0001008113493982289,6.834242341632353e-05
1771334344992,0.00012179332906981333,0.0001008113493982289,6.834242341632353e-05
1771334344993,0.00012179332906981333,0.0001008113493982289,6.834242341632353e-05
1771334344994,0.00012179332906981333,0.0001008113493982289,6.834242341632353e-05
1771334344995,0.00012179332906981333,0.0001008113493982289,6.834242341632353e-05
1771334344996,0.00012179332906981333,0.0001008113493982289,6.834242341632353e-05
1771334344997,0.00012179332906981333,0.0001008113493982289,6.834242341632353e-05
1771334344997,0.00012179332906981333,0.0001008113493982289,6.834242341632353e-05
1771334344998,0.00012179332906981333,0.0001008113493982289,6.834242341632353e-05
1771334344999,0.00012179332906981333,0.0001008113493982289,6.834242341632353e-05
1771334345000,0.00012179332906981333,0.0001008113493982289,6.834242341632353e-05
1771334345001,0.00012179332906981333,0.0001008113493982289,6.834242341632353e-05
1771334345002,0.00012179332906981333,0.0001008113493982289,6.834242341632353e-05
1771334345002,0.00012179332906981333,0.0001008113493982289,6.834242341632353e-05
1771334345003,0.00012179332906981333,0.0001008113493982289,6.834242341632353e-05
1771334345004,0.00012179332906981333,0.0001008113493982289,6.834242341632353e-05
1771334345005,0.00012179332906981333,0.0001008113493982289,6.834242341632353e-05
1771334345006,0.00012179332906981333,0.0001008113493982289,6.834242341632353e-05
1771334345007,0.00012179332906981333,0.0001008113493982289,6.834242341632353e-05
1771334345008,0.00012179332906981333,0.0001008113493982289,6.834242341632353e-05
1771334345008,0.00012179332906981333,0.0001008113493982289,6.834242341632353e-05
1771334345009,0.00012179332906981333,0.0001008113493982289,6.834242341632353e-05
1771334345010,0.00012179332906981333,0.0001008113493982289,6.834242341632353e-05
1771334345011,0.00012179332906981333,0.0001008113493982289,6.834242341632353e-05
1771334345012,0.00012179332906981333,0.0001008113493982289,6.834242341632353e-05
1771334345012,0.00012179332906981333,0.0001008113493982289,6.834242341632353e-05
1771334345013,0.00012179332906981333,0.0001008113493982289,6.834242341632353e-05
1771334345014,0.00012179332906981333,0.0001008113493982289,6.834242341632353e-05
1771334345015,0.00012179332906981333,0.0001008113493982289,6.834242341632353e-05
1771334345016,0.00012179332906981333,0.0001008113493982289,6.834242341632353e-05
1771334345017,0.00012179332906981333,0.0001008113493982289,6.834242341632353e-05
1771334345017,0.00012179332906981333,0.0001008113493982289,6.834242341632353e-05
1771334345018,0.00012179332906981333,0.0001008113493982289,6.834242341632353e-05
1771334345019,0.00012179332906981333,0.0001008113493982289,6.834242341632353e-05
1771334345020,0.00012179332906981333,0.0001008113493982289,6.834242341632353e-05
1771334345021,0.00012179332906981333,0.0001008113493982289,6.834242341632353e-05
1771334345021,0.00012179332906981333,0.0001008113493982289,6.834242341632353e-05
1771334345022,0.00012179332906981333,0.0001008113493982289,6.834242341632353e-05
1771334345023,0.00012179332906981333,0.0001008113493982289,6.834242341632353e-05
1771334345024,0.00012179332906981333,0.0001008113493982289,6.834242341632353e-05
1771334345025,0.00012179332906981333,0.0001008113493982289,6.834242341632353e-05
1771334345026,0.00012179332906981333,0.0001008113493982289,6.834242341632353e-05
1771334345026,0.00012179332906981333,0.0001008113493982289,6.834242341632353e-05
1771334345027,0.00012179332906981333,0.0001008113493982289,6.834242341632353e-05
1771334345028,0.00012179332906981333,0.0001008113493982289,6.834242341632353e-05
1771334345029,0.00012179332906981333,0.0001008113493982289,6.834242341632353e-05
1771334345030,0.00012179332906981333,0.0001008113493982289,6.834242341632353e-05
1771334345030,0.00012179332906981333,0.0001008113493982289,6.834242341632353e-05
1771334345031,0.00012179332906981333,0.0001008113493982289,6.834242341632353e-05
1771334345032,0.00012179332906981333,0.0001008113493982289,6.834242341632353e-05
1771334345033,0.00012179332906981333,0.0001008113493982289,6.834242341632353e-05
1771334345034,0.00012179332906981333,0.0001008113493982289,6.834242341632353e-05
1771334345035,0.00012179332906981333,0.0001008113493982289,6.834242341632353e-05
1771334345035,0.00012179332906981333,0.0001008113493982289,6.834242341632353e-05
1771334345036,0.00012179332906981333,0.0001008113493982289,6.834242341632353e-05
1771334345037,0.00012179332906981333,0.0001008113493982289,6.834242341632353e-05
1771334345038,0.00012179332906981333,0.0001008113493982289,6.834242341632353e-05
1771334345039,0.00012179332906981333,0.0001008113493982289,6.834242341632353e-05
1771334345040,0.00012179332906981333,0.0001008113493982289,6.834242341632353e-05
1771334345040,0.00012179332906981333,0.0001008113493982289,6.834242341632353e-05
1771334345041,0.00012179332906981333,0.0001008113493982289,6.834242341632353e-05
1771334345042,0.00012179332906981333,0.0001008113493982289,6.834242341632353e-05
1771334345043,0.00012179332906981333,0.0001008113493982289,6.834242341632353e-05
1771334345044,0.00012179332906981333,0.0001008113493982289,6.834242341632353e-05
1771334345045,0.00012179332906981333,0.0001008113493982289,6.834242341632353e-05
1771334345045,0.00012179332906981333,0.0001008113493982289,6.834242341632353e-05
1771334345046,0.00012179332906981333,0.0001008113493982289,6.834242341632353e-05
1771334345047,0.00012179332906981333,0.0001008113493982289,6.834242341632353e-05
1771334345048,0.00012179332906981333,0.0001008113493982289,6.834242341632353e-05
1771334345049,0.00012179332906981333,0.0001008113493982289,6.834242341632353e-05
1771334345050,0.00012179332906981333,0.0001008113493982289,6.834242341632353e-05
1771334345050,0.00012179332906981333,0.0001008113493982289,6.834242341632353e-05
1771334345051,0.00012179332906981333,0.0001008113493982289,6.834242341632353e-05
1771334345052,0.00012179332906981333,0.0001008113493982289,6.834242341632353e-05
1771334345053,0.00012179332906981333,0.0001008113493982289,6.834242341632353e-05
1771334345054,0.00012179332906981333,0.0001008113493982289,6.834242341632353e-05
1771334345055,0.00012179332906981333,0.0001008113493982289,6.834242341632353e-05
1771334345055,0.00012179332906981333,0.0001008113493982289,6.834242341632353e-05
1771334345056,0.00012179332906981333,0.0001008113493982289,6.834242341632353e-05
1771334345057,0.00012179332906981333,0.0001008113493982289,6.834242341632353e-05
1771334345058,0.00012179332906981333,0.0001008113493982289,6.834242341632353e-05
1771334345059,0.00012179332906981333,0.0001008113493982289,6.834242341632353e-05
1771334345060,0.00012179332906981333,0.0001008113493982289,6.834242341632353e-05
1771334345060,0.00012179332906981333,0.0001008113493982289,6.834242341632353e-05
1771334345061,0.00012179332906981333,0.0001008113493982289,6.834242341632353e-05
1771334345062,0.00012179332906981333,0.0001008113493982289,6.834242341632353e-05
1771334345063,0.00012179332906981333,0.0001008113493982289,6.834242341632353e-05
1771334345064,0.00012179332906981333,0.0001008113493982289,6.834242341632353e-05
1771334345065,0.00012179332906981333,0.0001008113493982289,6.834242341632353e-05
1771334345065,0.00012179332906981333,0.0001008113493982289,6.834242341632353e-05
1771334345066,0.00012179332906981333,0.0001008113493982289,6.834242341632353e-05
1771334345067,0.00012179332906981333,0.0001008113493982289,6.834242341632353e-05
1771334345068,0.00012179332906981333,0.0001008113493982289,6.834242341632353e-05
1771334345069,0.00012179332906981333,0.0001008113493982289,6.834242341632353e-05
1771334345069,0.00012179332906981333,0.0001008113493982289,6.834242341632353e-05
1771334345070,0.00012179332906981333,0.0001008113493982289,6.834242341632353e-05
1771334345071,0.00012179332906981333,0.0001008113493982289,6.834242341632353e-05
1771334345072,0.00012179332906981333,0.0001008113493982289,6.834242341632353e-05
1771334345073,0.00012179332906981333,0.0001008113493982289,6.834242341632353e-05
1771334345074,0.00012179332906981333,0.0001008113493982289,6.834242341632353e-05
1771334345074,0.00012179332906981333,0.0001008113493982289,6.834242341632353e-05
1771334345075,0.00012179332906981333,0.0001008113493982289,6.834242341632353e-05
1771334345076,0.00012179332906981333,0.0001008113493982289,6.834242341632353e-05
1771334345077,0.00012179332906981333,0.0001008113493982289,6.834242341632353e-05
1771334345078,0.00012179332906981333,0.0001008113493982289,6.834242341632353e-05
1771334345079,0.00012179332906981333,0.0001008113493982289,6.834242341632353e-05
1771334345079,0.00012179332906981333,0.0001008113493982289,6.834242341632353e-05
1771334345080,0.00012179332906981333,0.0001008113493982289,6.834242341632353e-05
1771334345081,0.00012179332906981333,0.0001008113493982289,6.834242341632353e-05
1771334345082,0.00012179332906981333,0.0001008113493982289,6.834242341632353e-05
1771334345083,0.00012179332906981333,0.0001008113493982289,6.834242341632353e-05
1771334345084,0.00012179332906981333,0.0001008113493982289,6.834242341632353e-05
1771334345084,0.00012179332906981333,0.0001008113493982289,6.834242341632353e-05
1771334345085,0.00012179332906981333,0.0001008113493982289,6.834242341632353e-05
1771334345086,0.00012179332906981333,0.0001008113493982289,6.834242341632353e-05
1771334345087,0.00012179332906981333,0.0001008113493982289,6.834242341632353e-05
1771334345088,0.00012179332906981333,0.0001008113493982289,6.834242341632353e-05
1771334345088,0.00012179332906981333,0.0001008113493982289,6.834242341632353e-05
1771334345089,0.00012179332906981333,0.0001008113493982289,6.834242341632353e-05
1771334345090,0.00012179332906981333,0.0001008113493982289,6.834242341632353e-05
1771334345091,0.00012179332906981333,0.0001008113493982289,6.834242341632353e-05
1771334345092,0.00012179332906981333,0.0001008113493982289,6.834242341632353e-05
1771334345093,0.00012179332906981333,0.0001008113493982289,6.834242341632353e-05
1771334345093,0.00012179332906981333,0.0001008113493982289,6.834242341632353e-05
1771334345094,0.00012179332906981333,0.0001008113493982289,6.834242341632353e-05
1771334345095,0.00012179332906981333,0.0001008113493982289,6.834242341632353e-05
1771334345096,0.00012179332906981333,0.0001008113493982289,6.834242341632353e-05
1771334345097,0.00012179332906981333,0.0001008113493982289,6.834242341632353e-05
1771334345098,0.00012179332906981333,0.0001008113493982289,6.834242341632353e-05
1771334345098,0.00012179332906981333,0.0001008113493982289,6.834242341632353e-05
1771334345099,0.00012179332906981333,0.0001008113493982289,6.834242341632353e-05
1771334345100,0.00012179332906981333,0.0001008113493982289,6.834242341632353e-05
1771334345101,0.00012179332906981333,0.0001008113493982289,6.834242341632353e-05
1771334345102,0.00012179332906981333,0.0001008113493982289,6.834242341632353e-05
1771334345103,0.00012179332906981333,0.0001008113493982289,6.834242341632353e-05
1771334345103,0.00012179332906981333,0.0001008113493982289,6.834242341632353e-05
1771334345104,0.00012179332906981333,0.0001008113493982289,6.834242341632353e-05
1771334345105,0.00012179332906981333,0.0001008113493982289,6.834242341632353e-05
1771334345106,0.00012179332906981333,0.0001008113493982289,6.834242341632353e-05
1771334345107,0.00012179332906981333,0.0001008113493982289,6.834242341632353e-05
1771334345108,0.00012179332906981333,0.0001008113493982289,6.834242341632353e-05
1771334345108,0.00012179332906981333,0.0001008113493982289,6.834242341632353e-05
1771334345109,0.00012179332906981333,0.0001008113493982289,6.834242341632353e-05
1771334345110,0.00012179332906981333,0.0001008113493982289,6.834242341632353e-05
1771334345111,0.00012179332906981333,0.0001008113493982289,6.834242341632353e-05
1771334345112,0.00012179332906981333,0.0001008113493982289,6.834242341632353e-05
1771334345112,0.00012179332906981333,0.0001008113493982289,6.834242341632353e-05
1771334345113,0.00012179332906981333,0.0001008113493982289,6.834242341632353e-05
1771334345114,0.00012179332906981333,0.0001008113493982289,6.834242341632353e-05
1771334345115,0.00012179332906981333,0.0001008113493982289,6.834242341632353e-05
1771334345116,0.00012179332906981333,0.0001008113493982289,6.834242341632353e-05
1771334345117,0.00012179332906981333,0.0001008113493982289,6.834242341632353e-05
1771334345117,0.00012179332906981333,0.0001008113493982289,6.834242341632353e-05
1771334345118,0.00012179332906981333,0.0001008113493982289,6.834242341632353e-05
1771334345119,0.00012179332906981333,0.0001008113493982289,6.834242341632353e-05
1771334345120,0.00012179332906981333,0.0001008113493982289,6.834242341632353e-05
1771334345121,0.00012179332906981333,0.0001008113493982289,6.834242341632353e-05
1771334345122,0.00012179332906981333,0.0001008113493982289,6.834242341632353e-05
1771334345123,0.00012179332906981333,0.0001008113493982289,6.834242341632353e-05
1771334345123,0.00012179332906981333,0.0001008113493982289,6.834242341632353e-05
1771334345124,0.00012179332906981333,0.0001008113493982289,6.834242341632353e-05
1771334345125,0.00012179332906981333,0.0001008113493982289,6.834242341632353e-05
1771334345126,0.00012179332906981333,0.0001008113493982289,6.834242341632353e-05
1771334345127,0.00012179332906981333,0.0001008113493982289,6.834242341632353e-05
1771334345127,0.00012179332906981333,0.0001008113493982289,6.834242341632353e-05
1771334345128,0.00012179332906981333,0.0001008113493982289,6.834242341632353e-05
1771334345129,0.00012179332906981333,0.0001008113493982289,6.834242341632353e-05
1771334345130,0.00012179332906981333,0.0001008113493982289,6.834242341632353e-05
1771334345131,0.00012179332906981333,0.0001008113493982289,6.834242341632353e-05
1771334345132,0.00012179332906981333,0.0001008113493982289,6.834242341632353e-05
1771334345132,0.00012179332906981333,0.0001008113493982289,6.834242341632353e-05
1771334345133,0.00012179332906981333,0.0001008113493982289,6.834242341632353e-05
1771334345134,0.00012179332906981333,0.0001008113493982289,6.834242341632353e-05
1771334345135,0.00012179332906981333,0.0001008113493982289,6.834242341632353e-05
1771334345136,0.00012179332906981333,0.0001008113493982289,6.834242341632353e-05
1771334345136,0.00012179332906981333,0.0001008113493982289,6.834242341632353e-05
1771334345137,0.00012179332906981333,0.0001008113493982289,6.834242341632353e-05
1771334345138,0.00012179332906981333,0.0001008113493982289,6.834242341632353e-05
1771334345139,0.00012179332906981333,0.0001008113493982289,6.834242341632353e-05
1771334345140,0.00012179332906981333,0.0001008113493982289,6.834242341632353e-05
1771334345141,0.00012179332906981333,0.0001008113493982289,6.834242341632353e-05
1771334345142,0.00012179332906981333,0.0001008113493982289,6.834242341632353e-05
1771334345143,0.00012179332906981333,0.0001008113493982289,6.834242341632353e-05
1771334345143,0.00012179332906981333,0.0001008113493982289,6.834242341632353e-05
1771334345144,0.00012179332906981333,0.0001008113493982289,6.834242341632353e-05
1771334345145,0.00012179332906981333,0.0001008113493982289,6.834242341632353e-05
1771334345146,0.00012179332906981333,0.0001008113493982289,6.834242341632353e-05
1771334345147,0.00012179332906981333,0.0001008113493982289,6.834242341632353e-05
1771334345147,0.00012179332906981333,0.0001008113493982289,6.834242341632353e-05
1771334345148,0.00012179332906981333,0.0001008113493982289,6.834242341632353e-05
1771334345149,0.00012179332906981333,0.0001008113493982289,6.834242341632353e-05
1771334345150,0.00012179332906981333,0.0001008113493982289,6.834242341632353e-05
1771334345151,0.00012179332906981333,0.0001008113493982289,6.834242341632353e-05
1771334345152,0.00012179332906981333,0.0001008113493982289,6.834242341632353e-05
1771334345152,0.00012179332906981333,0.0001008113493982289,6.834242341632353e-05
1771334345153,0.00012179332906981333,0.0001008113493982289,6.834242341632353e-05
1771334345154,0.00012179332906981333,0.0001008113493982289,6.834242341632353e-05
1771334345155,0.00012179332906981333,0.0001008113493982289,6.834242341632353e-05
1771334345156,0.00012179332906981333,0.0001008113493982289,6.834242341632353e-05
1771334345156,0.00012179332906981333,0.0001008113493982289,6.834242341632353e-05
1771334345157,0.00012179332906981333,0.0001008113493982289,6.834242341632353e-05
1771334345158,0.00012179332906981333,0.0001008113493982289,6.834242341632353e-05
1771334345159,0.00012179332906981333,0.0001008113493982289,6.834242341632353e-05
1771334345160,0.00012179332906981333,0.0001008113493982289,6.834242341632353e-05
1771334345161,0.00012179332906981333,0.0001008113493982289,6.834242341632353e-05
1771334345161,0.00012179332906981333,0.0001008113493982289,6.834242341632353e-05
1771334345162,0.00012179332906981333,0.0001008113493982289,6.834242341632353e-05
1771334345163,0.00012179332906981333,0.0001008113493982289,6.834242341632353e-05
1771334345164,0.00012179332906981333,0.0001008113493982289,6.834242341632353e-05
1771334345165,0.00012179332906981333,0.0001008113493982289,6.834242341632353e-05
1771334345165,0.00012179332906981333,0.0001008113493982289,6.834242341632353e-05
1771334345166,0.00012179332906981333,0.0001008113493982289,6.834242341632353e-05
1771334345167,0.00012179332906981333,0.0001008113493982289,6.834242341632353e-05
1771334345168,0.00012179332906981333,0.0001008113493982289,6.834242341632353e-05
1771334345169,0.00012179332906981333,0.0001008113493982289,6.834242341632353e-05
1771334345170,0.00012179332906981333,0.0001008113493982289,6.834242341632353e-05
1771334345170,0.00012179332906981333,0.0001008113493982289,6.834242341632353e-05
1771334345171,0.00012179332906981333,0.0001008113493982289,6.834242341632353e-05
1771334345172,0.00012179332906981333,0.0001008113493982289,6.834242341632353e-05
1771334345174,1.8757121524241003,-1.3355564422388289,1.317036471911774
1771334345175,1.8757121524241003,-1.3355564422388289,1.317036471911774
1771334345177,1.8757121524241003,-1.3355564422388289,1.317036471911774
1771334345178,1.8757121524241003,-1.3355564422388289,1.317036471911774
1771334345180,1.8757121524241003,-1.3355564422388289,1.317036471911774
1771334345181,1.8757121524241003,-1.3355564422388289,1.317036471911774
1771334345183,1.8757121524241003,-1.3355564422388289,1.317036471911774
1771334345185,1.8757121524241003,-1.3355564422388289,1.317036471911774
1771334345186,1.8757121524241003,-1.3355564422388289,1.317036471911774
1771334345188,1.8757121524241003,-1.3355564422388289,1.317036471911774
1771334345189,1.8757121524241003,-1.3355564422388289,1.317036471911774
1771334345191,1.8757121524241003,-1.3355564422388289,1.317036471911774
1771334345192,1.8757121524241003,-1.3355564422388289,1.317036471911774
1771334345194,1.8757121524241003,-1.3355564422388289,1.317036471911774
1771334345195,1.8757121524241003,-1.3355564422388289,1.317036471911774
1771334345197,1.8757121524241003,-1.3355564422388289,1.317036471911774
1771334345198,1.8757121524241003,-1.3355564422388289,1.317036471911774
1771334345200,1.8757121524241003,-1.3355564422388289,1.317036471911774
1771334345201,1.8757121524241003,-1.3355564422388289,1.317036471911774
1771334345203,1.8757121524241003,-1.3355564422388289,1.317036471911774
1771334345204,1.8757121524241003,-1.3355564422388289,1.317036471911774
1771334345206,1.8757121524241003,-1.3355564422388289,1.317036471911774
1771334345208,1.8757121524241003,-1.3355564422388289,1.317036471911774
1771334345209,1.8757121524241003,-1.3355564422388289,1.317036471911774
1771334345211,1.8757121524241003,-1.3355564422388289,1.317036471911774
1771334345212,1.8757121524241003,-1.3355564422388289,1.317036471911774
1771334345214,1.8757121524241003,-1.3355564422388289,1.317036471911774
1771334345215,1.8757121524241003,-1.3355564422388289,1.317036471911774
1771334345217,1.8757121524241003,-1.3355564422388289,1.317036471911774
1771334345218,1.8757121524241003,-1.3355564422388289,1.317036471911774
1771334345220,1.8757121524241003,-1.3355564422388289,1.317036471911774
1771334345221,1.8757121524241003,-1.3355564422388289,1.317036471911774
1771334345223,1.8757121524241003,-1.3355564422388289,1.317036471911774
1771334345225,1.8757121524241003,-1.3355564422388289,1.317036471911774
1771334345226,1.8757121524241003,-1.3355564422388289,1.317036471911774
1771334345228,1.8757121524241003,-1.3355564422388289,1.317036471911774
1771334345229,1.8757121524241003,-1.3355564422388289,1.317036471911774
1771334345231,1.8757121524241003,-1.3355564422388289,1.317036471911774
1771334345232,1.8757121524241003,-1.3355564422388289,1.317036471911774
1771334345234,1.8757121524241003,-1.3355564422388289,1.317036471911774
1771334345235,1.8757121524241003,-1.3355564422388289,1.317036471911774
1771334345237,1.8757121524241003,-1.3355564422388289,1.317036471911774
1771334345238,1.8757121524241003,-1.3355564422388289,1.317036471911774
1771334345240,1.8757121524241003,-1.3355564422388289,1.317036471911774
1771334345242,1.8757121524241003,-1.3355564422388289,1.317036471911774
1771334345243,1.8757121524241003,-1.3355564422388289,1.317036471911774
1771334345245,1.8757121524241003,-1.3355564422388289,1.317036471911774
1771334345246,1.8757121524241003,-1.3355564422388289,1.317036471911774
1771334345248,1.8757121524241003,-1.3355564422388289,1.317036471911774
1771334345249,1.8757121524241003,-1.3355564422388289,1.317036471911774
1771334345251,1.8757121524241003,-1.3355564422388289,1.317036471911774
1771334345252,1.8757121524241003,-1.3355564422388289,1.317036471911774
1771334345254,1.8757121524241003,-1.3355564422388289,1.317036471911774
1771334345255,1.8757121524241003,-1.3355564422388289,1.317036471911774
1771334345257,1.8757121524241003,-1.3355564422388289,1.317036471911774
1771334345259,1.8757121524241003,-1.3355564422388289,1.317036471911774
1771334345260,1.8757121524241003,-1.3355564422388289,1.317036471911774
1771334345262,1.8757121524241003,-1.3355564422388289,1.317036471911774
1771334345263,1.8757121524241003,-1.3355564422388289,1.317036471911774
1771334345265,1.8757121524241003,-1.3355564422388289,1.317036471911774
1771334345266,1.8757121524241003,-1.3355564422388289,1.317036471911774
1771334345268,1.8757121524241003,-1.3355564422388289,1.317036471911774
1771334345269,1.8757121524241003,-1.3355564422388289,1.317036471911774
1771334345271,1.8757121524241003,-1.3355564422388289,1.317036471911774
1771334345272,1.8757121524241003,-1.3355564422388289,1.317036471911774
1771334345274,1.8757121524241003,-1.3355564422388289,1.317036471911774
1771334345275,1.8757121524241003,-1.3355564422388289,1.317036471911774
1771334345277,1.8757121524241003,-1.3355564422388289,1.317036471911774
1771334345278,1.8757121524241003,-1.3355564422388289,1.317036471911774
1771334345280,1.8757121524241003,-1.3355564422388289,1.317036471911774
1771334345281,1.8757121524241003,-1.3355564422388289,1.317036471911774
1771334345283,1.8757121524241003,-1.3355564422388289,1.317036471911774
1771334345285,1.8757121524241003,-1.3355564422388289,1.317036471911774
1771334345286,1.8757121524241003,-1.3355564422388289,1.317036471911774
1771334345288,1.8757121524241003,-1.3355564422388289,1.317036471911774
1771334345289,1.8757121524241003,-1.3355564422388289,1.317036471911774
1771334345291,1.8757121524241003,-1.3355564422388289,1.317036471911774
1771334345292,1.8757121524241003,-1.3355564422388289,1.317036471911774
1771334345294,1.8757121524241003,-1.3355564422388289,1.317036471911774
1771334345295,1.8757121524241003,-1.3355564422388289,1.317036471911774
1771334345297,1.8757121524241003,-1.3355564422388289,1.317036471911774
1771334345298,1.8757121524241003,-1.3355564422388289,1.317036471911774
1771334345300,1.8757121524241003,-1.3355564422388289,1.317036471911774
1771334345301,1.8757121524241003,-1.3355564422388289,1.317036471911774
1771334345303,1.8757121524241003,-1.3355564422388289,1.317036471911774
1771334345304,1.8757121524241003,-1.3355564422388289,1.317036471911774
1771334345306,1.8757121524241003,-1.3355564422388289,1.317036471911774
1771334345308,1.8757121524241003,-1.3355564422388289,1.317036471911774
1771334345309,1.8757121524241003,-1.3355564422388289,1.317036471911774
1771334345311,1.8757121524241003,-1.3355564422388289,1.317036471911774
1771334345312,1.8757121524241003,-1.3355564422388289,1.317036471911774
1771334345314,1.8757121524241003,-1.3355564422388289,1.317036471911774
1771334345315,1.8757121524241003,-1.3355564422388289,1.317036471911774
1771334345317,1.8757121524241003,-1.3355564422388289,1.317036471911774
1771334345318,1.8757121524241003,-1.3355564422388289,1.317036471911774
1771334345320,1.8757121524241003,-1.3355564422388289,1.317036471911774
1771334345322,1.8757121524241003,-1.3355564422388289,1.317036471911774
1771334345323,1.8757121524241003,-1.3355564422388289,1.317036471911774
1771334345325,1.8757121524241003,-1.3355564422388289,1.317036471911774
1771334345326,1.8757121524241003,-1.3355564422388289,1.317036471911774
1771334345328,1.8757121524241003,-1.3355564422388289,1.317036471911774
1771334345329,1.8757121524241003,-1.3355564422388289,1.317036471911774
1771334345331,1.8757121524241003,-1.3355564422388289,1.317036471911774
1771334345332,1.8757121524241003,-1.3355564422388289,1.317036471911774
1771334345334,1.8757121524241003,-1.3355564422388289,1.317036471911774
1771334345335,1.8757121524241003,-1.3355564422388289,1.317036471911774
1771334345337,1.8757121524241003,-1.3355564422388289,1.317036471911774
1771334345339,1.8757121524241003,-1.3355564422388289,1.317036471911774
1771334345340,1.8757121524241003,-1.3355564422388289,1.317036471911774
1771334345342,1.8757121524241003,-1.3355564422388289,1.317036471911774
1771334345343,1.8757121524241003,-1.3355564422388289,1.317036471911774
1771334345345,1.8757121524241003,-1.3355564422388289,1.317036471911774
1771334345346,1.8757121524241003,-1.3355564422388289,1.317036471911774
1771334345348,1.8757121524241003,-1.3355564422388289,1.317036471911774
1771334345349,1.8757121524241003,-1.3355564422388289,1.317036471911774
1771334345351,1.8757121524241003,-1.3355564422388289,1.317036471911774
1771334345352,1.8757121524241003,-1.3355564422388289,1.317036471911774
1771334345354,1.8757121524241003,-1.3355564422388289,1.317036471911774
1771334345356,1.8757121524241003,-1.3355564422388289,1.317036471911774
1771334345357,1.8757121524241003,-1.3355564422388289,1.317036471911774
1771334345359,1.8757121524241003,-1.3355564422388289,1.317036471911774
1771334345360,1.8757121524241003,-1.3355564422388289,1.317036471911774
1771334345362,1.8757121524241003,-1.3355564422388289,1.317036471911774
1771334345363,1.8757121524241003,-1.3355564422388289,1.317036471911774
1771334345365,1.8757121524241003,-1.3355564422388289,1.317036471911774
1771334345366,1.8757121524241003,-1.3355564422388289,1.317036471911774
1771334345368,1.8757121524241003,-1.3355564422388289,1.317036471911774
1771334345369,1.8757121524241003,-1.3355564422388289,1.317036471911774
1771334345371,1.8757121524241003,-1.3355564422388289,1.317036471911774
1771334345373,1.8757121524241003,-1.3355564422388289,1.317036471911774
1771334345374,1.8757121524241003,-1.3355564422388289,1.317036471911774
1771334345376,1.8757121524241003,-1.3355564422388289,1.317036471911774
1771334345377,1.8757121524241003,-1.3355564422388289,1.317036471911774
1771334345379,1.8757121524241003,-1.3355564422388289,1.317036471911774
1771334345380,1.8757121524241003,-1.3355564422388289,1.317036471911774
1771334345382,1.8757121524241003,-1.3355564422388289,1.317036471911774
1771334345383,1.8757121524241003,-1.3355564422388289,1.317036471911774
1771334345385,1.8757121524241003,-1.3355564422388289,1.317036471911774
1771334345386,1.8757121524241003,-1.3355564422388289,1.317036471911774
1771334345388,1.8757121524241003,-1.3355564422388289,1.317036471911774
1771334345390,1.8757121524241003,-1.3355564422388289,1.317036471911774
1771334345391,1.8757121524241003,-1.3355564422388289,1.317036471911774
1771334345393,1.8757121524241003,-1.3355564422388289,1.317036471911774
1771334345394,1.8757121524241003,-1.3355564422388289,1.317036471911774
1771334345396,1.8757121524241003,-1.3355564422388289,1.317036471911774
1771334345397,1.8757121524241003,-1.3355564422388289,1.317036471911774
1771334345399,1.8757121524241003,-1.3355564422388289,1.317036471911774
1771334345400,1.8757121524241003,-1.3355564422388289,1.317036471911774
1771334345402,1.8757121524241003,-1.3355564422388289,1.317036471911774
1771334345404,1.8757121524241003,-1.3355564422388289,1.317036471911774
1771334345405,1.8757121524241003,-1.3355564422388289,1.317036471911774
1771334345407,1.8757121524241003,-1.3355564422388289,1.317036471911774
1771334345409,1.8572661595511026,-1.2537596837964151,1.3702278068629372
1771334345410,1.8572661595511026,-1.2537596837964151,1.3702278068629372
1771334345411,1.8572661595511026,-1.2537596837964151,1.3702278068629372
1771334345413,1.8572661595511026,-1.2537596837964151,1.3702278068629372
1771334345414,1.8572661595511026,-1.2537596837964151,1.3702278068629372
1771334345416,1.8572661595511026,-1.2537596837964151,1.3702278068629372
1771334345417,1.8572661595511026,-1.2537596837964151,1.3702278068629372
1771334345418,1.8572661595511026,-1.2537596837964151,1.3702278068629372
1771334345420,1.8572661595511026,-1.2537596837964151,1.3702278068629372
1771334345421,1.8572661595511026,-1.2537596837964151,1.3702278068629372
1771334345423,1.8572661595511026,-1.2537596837964151,1.3702278068629372
1771334345424,1.8572661595511026,-1.2537596837964151,1.3702278068629372
1771334345426,1.8572661595511026,-1.2537596837964151,1.3702278068629372
1771334345427,1.8572661595511026,-1.2537596837964151,1.3702278068629372
1771334345429,1.8572661595511026,-1.2537596837964151,1.3702278068629372
1771334345430,1.8572661595511026,-1.2537596837964151,1.3702278068629372
1771334345431,1.8572661595511026,-1.2537596837964151,1.3702278068629372
1771334345433,1.8572661595511026,-1.2537596837964151,1.3702278068629372
1771334345434,1.8572661595511026,-1.2537596837964151,1.3702278068629372
1771334345436,1.8572661595511026,-1.2537596837964151,1.3702278068629372
1771334345437,1.8572661595511026,-1.2537596837964151,1.3702278068629372
1771334345439,1.8572661595511026,-1.2537596837964151,1.3702278068629372
1771334345440,1.8572661595511026,-1.2537596837964151,1.3702278068629372
1771334345442,1.8572661595511026,-1.2537596837964151,1.3702278068629372
1771334345443,1.8572661595511026,-1.2537596837964151,1.3702278068629372
1771334345444,1.8572661595511026,-1.2537596837964151,1.3702278068629372
1771334345446,1.8572661595511026,-1.2537596837964151,1.3702278068629372
1771334345447,1.8572661595511026,-1.2537596837964151,1.3702278068629372
1771334345449,1.8572661595511026,-1.2537596837964151,1.3702278068629372
1771334345450,1.8572661595511026,-1.2537596837964151,1.3702278068629372
1771334345452,1.8572661595511026,-1.2537596837964151,1.3702278068629372
1771334345453,1.8572661595511026,-1.2537596837964151,1.3702278068629372
1771334345454,1.8572661595511026,-1.2537596837964151,1.3702278068629372
1771334345456,1.8572661595511026,-1.2537596837964151,1.3702278068629372
1771334345457,1.8572661595511026,-1.2537596837964151,1.3702278068629372
1771334345459,1.8572661595511026,-1.2537596837964151,1.3702278068629372
1771334345460,1.8572661595511026,-1.2537596837964151,1.3702278068629372
1771334345462,1.8572661595511026,-1.2537596837964151,1.3702278068629372
1771334345463,1.8572661595511026,-1.2537596837964151,1.3702278068629372
1771334345464,1.8572661595511026,-1.2537596837964151,1.3702278068629372
1771334345466,1.8572661595511026,-1.2537596837964151,1.3702278068629372
1771334345467,1.8572661595511026,-1.2537596837964151,1.3702278068629372
1771334345469,1.8572661595511026,-1.2537596837964151,1.3702278068629372
1771334345470,1.8572661595511026,-1.2537596837964151,1.3702278068629372
1771334345472,1.8572661595511026,-1.2537596837964151,1.3702278068629372
1771334345473,1.8572661595511026,-1.2537596837964151,1.3702278068629372
1771334345475,1.8572661595511026,-1.2537596837964151,1.3702278068629372
1771334345476,1.8572661595511026,-1.2537596837964151,1.3702278068629372
1771334345477,1.8572661595511026,-1.2537596837964151,1.3702278068629372
1771334345479,1.8572661595511026,-1.2537596837964151,1.3702278068629372
1771334345480,1.8572661595511026,-1.2537596837964151,1.3702278068629372
1771334345482,1.8572661595511026,-1.2537596837964151,1.3702278068629372
1771334345483,1.8572661595511026,-1.2537596837964151,1.3702278068629372
1771334345484,1.8572661595511026,-1.2537596837964151,1.3702278068629372
1771334345486,1.8572661595511026,-1.2537596837964151,1.3702278068629372
1771334345487,1.8572661595511026,-1.2537596837964151,1.3702278068629372
1771334345489,1.8572661595511026,-1.2537596837964151,1.3702278068629372
1771334345490,1.8572661595511026,-1.2537596837964151,1.3702278068629372
1771334345492,1.8572661595511026,-1.2537596837964151,1.3702278068629372
1771334345493,1.8572661595511026,-1.2537596837964151,1.3702278068629372
1771334345495,1.8572661595511026,-1.2537596837964151,1.3702278068629372
1771334345496,1.8572661595511026,-1.2537596837964151,1.3702278068629372
1771334345497,1.8572661595511026,-1.2537596837964151,1.3702278068629372
1771334345499,1.8572661595511026,-1.2537596837964151,1.3702278068629372
1771334345500,1.8572661595511026,-1.2537596837964151,1.3702278068629372
1771334345502,1.8572661595511026,-1.2537596837964151,1.3702278068629372
1771334345503,1.8572661595511026,-1.2537596837964151,1.3702278068629372
1771334345505,1.8572661595511026,-1.2537596837964151,1.3702278068629372
1771334345506,1.8572661595511026,-1.2537596837964151,1.3702278068629372
1771334345508,1.8572661595511026,-1.2537596837964151,1.3702278068629372
1771334345509,1.8572661595511026,-1.2537596837964151,1.3702278068629372
1771334345510,1.8572661595511026,-1.2537596837964151,1.3702278068629372
1771334345512,1.8572661595511026,-1.2537596837964151,1.3702278068629372
1771334345513,1.8572661595511026,-1.2537596837964151,1.3702278068629372
1771334345515,1.8572661595511026,-1.2537596837964151,1.3702278068629372
1771334345516,1.8572661595511026,-1.2537596837964151,1.3702278068629372
1771334345518,1.8572661595511026,-1.2537596837964151,1.3702278068629372
1771334345519,1.8572661595511026,-1.2537596837964151,1.3702278068629372
1771334345520,1.8572661595511026,-1.2537596837964151,1.3702278068629372
1771334345522,1.8572661595511026,-1.2537596837964151,1.3702278068629372
1771334345523,1.8572661595511026,-1.2537596837964151,1.3702278068629372
1771334345525,1.8572661595511026,-1.2537596837964151,1.3702278068629372
1771334345526,1.8572661595511026,-1.2537596837964151,1.3702278068629372
1771334345528,1.8572661595511026,-1.2537596837964151,1.3702278068629372
1771334345529,1.8572661595511026,-1.2537596837964151,1.3702278068629372
1771334345531,1.8572661595511026,-1.2537596837964151,1.3702278068629372
1771334345532,1.8572661595511026,-1.2537596837964151,1.3702278068629372
1771334345533,1.8572661595511026,-1.2537596837964151,1.3702278068629372
1771334345535,1.8572661595511026,-1.2537596837964151,1.3702278068629372
1771334345536,1.8572661595511026,-1.2537596837964151,1.3702278068629372
1771334345538,1.8572661595511026,-1.2537596837964151,1.3702278068629372
1771334345539,1.8572661595511026,-1.2537596837964151,1.3702278068629372
1771334345541,1.8572661595511026,-1.2537596837964151,1.3702278068629372
1771334345542,1.8572661595511026,-1.2537596837964151,1.3702278068629372
1771334345543,1.8572661595511026,-1.2537596837964151,1.3702278068629372
1771334345545,1.8572661595511026,-1.2537596837964151,1.3702278068629372
1771334345546,1.8572661595511026,-1.2537596837964151,1.3702278068629372
1771334345548,1.8572661595511026,-1.2537596837964151,1.3702278068629372
1771334345549,1.8572661595511026,-1.2537596837964151,1.3702278068629372
1771334345551,1.8572661595511026,-1.2537596837964151,1.3702278068629372
1771334345554,1.8572661595511026,-1.2537596837964151,1.3702278068629372
1771334345563,1.8572661595511026,-1.2537596837964151,1.3702278068629372
1771334345569,1.8572661595511026,-1.2537596837964151,1.3702278068629372
1771334345580,1.8572661595511026,-1.2537596837964151,1.3702278068629372
1771334345581,0.27137852040327315,-0.0007796058541815433,0.2713774005899936
1771334345582,0.27137852040327315,-0.0007796058541815433,0.2713774005899936
1771334345583,0.27137852040327315,-0.0007796058541815433,0.2713774005899936
1771334345584,0.27137852040327315,-0.0007796058541815433,0.2713774005899936
1771334345585,0.27137852040327315,-0.0007796058541815433,0.2713774005899936
1771334345586,0.27137852040327315,-0.0007796058541815433,0.2713774005899936
1771334345589,0.27137852040327315,-0.0007796058541815433,0.2713774005899936
1771334345591,0.27137852040327315,-0.0007796058541815433,0.2713774005899936
1771334345592,0.27137852040327315,-0.0007796058541815433,0.2713774005899936
1771334345592,0.27137852040327315,-0.0007796058541815433,0.2713774005899936
1771334345593,0.27137852040327315,-0.0007796058541815433,0.2713774005899936
1771334345594,0.27137852040327315,-0.0007796058541815433,0.2713774005899936
1771334345595,0.27137852040327315,-0.0007796058541815433,0.2713774005899936
1771334345596,0.27137852040327315,-0.0007796058541815433,0.2713774005899936
1771334345597,0.27137852040327315,-0.0007796058541815433,0.2713774005899936
1771334345598,0.27137852040327315,-0.0007796058541815433,0.2713774005899936
1771334345599,0.27137852040327315,-0.0007796058541815433,0.2713774005899936
1771334345600,0.27137852040327315,-0.0007796058541815433,0.2713774005899936
1771334345601,0.27137852040327315,-0.0007796058541815433,0.2713774005899936
1771334345601,0.27137852040327315,-0.0007796058541815433,0.2713774005899936
1771334345602,0.27137852040327315,-0.0007796058541815433,0.2713774005899936
1771334345603,0.27137852040327315,-0.0007796058541815433,0.2713774005899936
1771334345604,0.27137852040327315,-0.0007796058541815433,0.2713774005899936
1771334345605,0.27137852040327315,-0.0007796058541815433,0.2713774005899936
1771334345606,0.27137852040327315,-0.0007796058541815433,0.2713774005899936
1771334345607,0.27137852040327315,-0.0007796058541815433,0.2713774005899936
1771334345608,0.27137852040327315,-0.0007796058541815433,0.2713774005899936
1771334345609,0.27137852040327315,-0.0007796058541815433,0.2713774005899936
1771334345609,0.27137852040327315,-0.0007796058541815433,0.2713774005899936
1771334345610,0.27137852040327315,-0.0007796058541815433,0.2713774005899936
1771334345611,0.27137852040327315,-0.0007796058541815433,0.2713774005899936
1771334345612,0.27137852040327315,-0.0007796058541815433,0.2713774005899936
1771334345613,0.27137852040327315,-0.0007796058541815433,0.2713774005899936
1771334345614,0.27137852040327315,-0.0007796058541815433,0.2713774005899936
1771334345615,0.27137852040327315,-0.0007796058541815433,0.2713774005899936
1771334345616,0.27137852040327315,-0.0007796058541815433,0.2713774005899936
1771334345617,0.27137852040327315,-0.0007796058541815433,0.2713774005899936
1771334345617,0.27137852040327315,-0.0007796058541815433,0.2713774005899936
1771334345618,0.27137852040327315,-0.0007796058541815433,0.2713774005899936
1771334345619,0.27137852040327315,-0.0007796058541815433,0.2713774005899936
1771334345620,0.27137852040327315,-0.0007796058541815433,0.2713774005899936
1771334345621,0.27137852040327315,-0.0007796058541815433,0.2713774005899936
1771334345622,0.27137852040327315,-0.0007796058541815433,0.2713774005899936
1771334345623,0.27137852040327315,-0.0007796058541815433,0.2713774005899936
1771334345624,0.27137852040327315,-0.0007796058541815433,0.2713774005899936
1771334345625,0.27137852040327315,-0.0007796058541815433,0.2713774005899936
1771334345625,0.27137852040327315,-0.0007796058541815433,0.2713774005899936
1771334345626,0.27137852040327315,-0.0007796058541815433,0.2713774005899936
1771334345627,0.27137852040327315,-0.0007796058541815433,0.2713774005899936
1771334345628,0.27137852040327315,-0.0007796058541815433,0.2713774005899936
1771334345629,0.27137852040327315,-0.0007796058541815433,0.2713774005899936
1771334345630,0.27137852040327315,-0.0007796058541815433,0.2713774005899936
1771334345631,0.27137852040327315,-0.0007796058541815433,0.2713774005899936
1771334345632,0.27137852040327315,-0.0007796058541815433,0.2713774005899936
1771334345632,0.27137852040327315,-0.0007796058541815433,0.2713774005899936
1771334345633,0.27137852040327315,-0.0007796058541815433,0.2713774005899936
1771334345634,0.27137852040327315,-0.0007796058541815433,0.2713774005899936
1771334345635,0.27137852040327315,-0.0007796058541815433,0.2713774005899936
1771334345636,0.27137852040327315,-0.0007796058541815433,0.2713774005899936
1771334345637,0.27137852040327315,-0.0007796058541815433,0.2713774005899936
1771334345638,0.27137852040327315,-0.0007796058541815433,0.2713774005899936
1771334345639,0.27137852040327315,-0.0007796058541815433,0.2713774005899936
1771334345640,0.27137852040327315,-0.0007796058541815433,0.2713774005899936
1771334345641,0.27137852040327315,-0.0007796058541815433,0.2713774005899936
1771334345641,0.27137852040327315,-0.0007796058541815433,0.2713774005899936
1771334345642,0.27137852040327315,-0.0007796058541815433,0.2713774005899936
1771334345643,0.27137852040327315,-0.0007796058541815433,0.2713774005899936
1771334345644,0.27137852040327315,-0.0007796058541815433,0.2713774005899936
1771334345645,0.27137852040327315,-0.0007796058541815433,0.2713774005899936
1771334345646,0.27137852040327315,-0.0007796058541815433,0.2713774005899936
1771334345647,0.27137852040327315,-0.0007796058541815433,0.2713774005899936
1771334345648,0.27137852040327315,-0.0007796058541815433,0.2713774005899936
1771334345649,0.27137852040327315,-0.0007796058541815433,0.2713774005899936
1771334345649,0.27137852040327315,-0.0007796058541815433,0.2713774005899936
1771334345650,0.27137852040327315,-0.0007796058541815433,0.2713774005899936
1771334345651,0.27137852040327315,-0.0007796058541815433,0.2713774005899936
1771334345652,0.27137852040327315,-0.0007796058541815433,0.2713774005899936
1771334345653,0.27137852040327315,-0.0007796058541815433,0.2713774005899936
1771334345654,0.27137852040327315,-0.0007796058541815433,0.2713774005899936
1771334345655,0.27137852040327315,-0.0007796058541815433,0.2713774005899936
1771334345656,0.27137852040327315,-0.0007796058541815433,0.2713774005899936
1771334345657,0.27137852040327315,-0.0007796058541815433,0.2713774005899936
1771334345657,0.27137852040327315,-0.0007796058541815433,0.2713774005899936
1771334345658,0.27137852040327315,-0.0007796058541815433,0.2713774005899936
1771334345659,0.27137852040327315,-0.0007796058541815433,0.2713774005899936
1771334345660,0.27137852040327315,-0.0007796058541815433,0.2713774005899936
1771334345661,0.27137852040327315,-0.0007796058541815433,0.2713774005899936
1771334345662,0.27137852040327315,-0.0007796058541815433,0.2713774005899936
1771334345663,0.27137852040327315,-0.0007796058541815433,0.2713774005899936
1771334345664,0.27137852040327315,-0.0007796058541815433,0.2713774005899936
1771334345665,0.27137852040327315,-0.0007796058541815433,0.2713774005899936
1771334345665,0.27137852040327315,-0.0007796058541815433,0.2713774005899936
1771334345666,0.27137852040327315,-0.0007796058541815433,0.2713774005899936
1771334345667,0.27137852040327315,-0.0007796058541815433,0.2713774005899936
1771334345668,0.27137852040327315,-0.0007796058541815433,0.2713774005899936
1771334345669,0.27137852040327315,-0.0007796058541815433,0.2713774005899936
1771334345670,0.27137852040327315,-0.0007796058541815433,0.2713774005899936
1771334345671,0.27137852040327315,-0.0007796058541815433,0.2713774005899936
1771334345672,0.27137852040327315,-0.0007796058541815433,0.2713774005899936
1771334345673,0.27137852040327315,-0.0007796058541815433,0.2713774005899936
1771334345673,0.27137852040327315,-0.0007796058541815433,0.2713774005899936
1771334345674,0.27137852040327315,-0.0007796058541815433,0.2713774005899936
1771334345675,0.27137852040327315,-0.0007796058541815433,0.2713774005899936
1771334345676,0.27137852040327315,-0.0007796058541815433,0.2713774005899936
1771334345677,0.27137852040327315,-0.0007796058541815433,0.2713774005899936
1771334345678,0.27137852040327315,-0.0007796058541815433,0.2713774005899936
1771334345679,0.27137852040327315,-0.0007796058541815433,0.2713774005899936
1771334345680,0.27137852040327315,-0.0007796058541815433,0.2713774005899936
1771334345680,0.27137852040327315,-0.0007796058541815433,0.2713774005899936
1771334345681,0.27137852040327315,-0.0007796058541815433,0.2713774005899936
1771334345682,0.27137852040327315,-0.0007796058541815433,0.2713774005899936
1771334345683,0.27137852040327315,-0.0007796058541815433,0.2713774005899936
1771334345684,0.27137852040327315,-0.0007796058541815433,0.2713774005899936
1771334345685,0.27137852040327315,-0.0007796058541815433,0.2713774005899936
1771334345686,0.27137852040327315,-0.0007796058541815433,0.2713774005899936
1771334345687,0.27137852040327315,-0.0007796058541815433,0.2713774005899936
1771334345688,0.27137852040327315,-0.0007796058541815433,0.2713774005899936
1771334345688,0.27137852040327315,-0.0007796058541815433,0.2713774005899936
1771334345689,0.27137852040327315,-0.0007796058541815433,0.2713774005899936
1771334345690,0.27137852040327315,-0.0007796058541815433,0.2713774005899936
1771334345691,0.27137852040327315,-0.0007796058541815433,0.2713774005899936
1771334345692,0.27137852040327315,-0.0007796058541815433,0.2713774005899936
1771334345693,0.27137852040327315,-0.0007796058541815433,0.2713774005899936
1771334345694,0.27137852040327315,-0.0007796058541815433,0.2713774005899936
1771334345695,0.27137852040327315,-0.0007796058541815433,0.2713774005899936
1771334345696,0.27137852040327315,-0.0007796058541815433,0.2713774005899936
1771334345696,0.27137852040327315,-0.0007796058541815433,0.2713774005899936
1771334345697,0.27137852040327315,-0.0007796058541815433,0.2713774005899936
1771334345698,0.27137852040327315,-0.0007796058541815433,0.2713774005899936
1771334345699,0.27137852040327315,-0.0007796058541815433,0.2713774005899936
1771334345700,0.27137852040327315,-0.0007796058541815433,0.2713774005899936
1771334345701,0.27137852040327315,-0.0007796058541815433,0.2713774005899936
1771334345702,0.27137852040327315,-0.0007796058541815433,0.2713774005899936
1771334345703,0.27137852040327315,-0.0007796058541815433,0.2713774005899936
1771334345704,0.27137852040327315,-0.0007796058541815433,0.2713774005899936
1771334345705,0.27137852040327315,-0.0007796058541815433,0.2713774005899936
1771334345705,0.27137852040327315,-0.0007796058541815433,0.2713774005899936
1771334345706,0.27137852040327315,-0.0007796058541815433,0.2713774005899936
1771334345707,0.27137852040327315,-0.0007796058541815433,0.2713774005899936
1771334345708,0.27137852040327315,-0.0007796058541815433,0.2713774005899936
1771334345709,0.27137852040327315,-0.0007796058541815433,0.2713774005899936
1771334345710,0.27137852040327315,-0.0007796058541815433,0.2713774005899936
1771334345711,0.27137852040327315,-0.0007796058541815433,0.2713774005899936
1771334345712,0.27137852040327315,-0.0007796058541815433,0.2713774005899936
1771334345712,0.27137852040327315,-0.0007796058541815433,0.2713774005899936
1771334345713,0.27137852040327315,-0.0007796058541815433,0.2713774005899936
1771334345714,0.27137852040327315,-0.0007796058541815433,0.2713774005899936
1771334345715,0.27137852040327315,-0.0007796058541815433,0.2713774005899936
1771334345716,0.27137852040327315,-0.0007796058541815433,0.2713774005899936
1771334345717,0.27137852040327315,-0.0007796058541815433,0.2713774005899936
1771334345718,0.27137852040327315,-0.0007796058541815433,0.2713774005899936
1771334345719,0.27137852040327315,-0.0007796058541815433,0.2713774005899936
1771334345720,0.27137852040327315,-0.0007796058541815433,0.2713774005899936
1771334345720,0.27137852040327315,-0.0007796058541815433,0.2713774005899936
1771334345721,0.27137852040327315,-0.0007796058541815433,0.2713774005899936
1771334345722,0.27137852040327315,-0.0007796058541815433,0.2713774005899936
1771334345723,0.27137852040327315,-0.0007796058541815433,0.2713774005899936
1771334345724,0.27137852040327315,-0.0007796058541815433,0.2713774005899936
1771334345725,0.27137852040327315,-0.0007796058541815433,0.2713774005899936
1771334345726,0.27137852040327315,-0.0007796058541815433,0.2713774005899936
1771334345727,0.27137852040327315,-0.0007796058541815433,0.2713774005899936
1771334345728,0.27137852040327315,-0.0007796058541815433,0.2713774005899936
1771334345729,0.27137852040327315,-0.0007796058541815433,0.2713774005899936
1771334345730,0.27137852040327315,-0.0007796058541815433,0.2713774005899936
1771334345730,0.27137852040327315,-0.0007796058541815433,0.2713774005899936
1771334345731,0.27137852040327315,-0.0007796058541815433,0.2713774005899936
1771334345732,0.27137852040327315,-0.0007796058541815433,0.2713774005899936
1771334345733,0.27137852040327315,-0.0007796058541815433,0.2713774005899936
1771334345734,0.27137852040327315,-0.0007796058541815433,0.2713774005899936
1771334345735,0.27137852040327315,-0.0007796058541815433,0.2713774005899936
1771334345736,0.27137852040327315,-0.0007796058541815433,0.2713774005899936
1771334345737,0.27137852040327315,-0.0007796058541815433,0.2713774005899936
1771334345737,0.27137852040327315,-0.0007796058541815433,0.2713774005899936
1771334345738,0.27137852040327315,-0.0007796058541815433,0.2713774005899936
1771334345739,0.27137852040327315,-0.0007796058541815433,0.2713774005899936
1771334345740,0.27137852040327315,-0.0007796058541815433,0.2713774005899936
1771334345741,0.27137852040327315,-0.0007796058541815433,0.2713774005899936
1771334345742,0.27137852040327315,-0.0007796058541815433,0.2713774005899936
1771334345743,0.27137852040327315,-0.0007796058541815433,0.2713774005899936
1771334345744,0.27137852040327315,-0.0007796058541815433,0.2713774005899936
1771334345745,0.27137852040327315,-0.0007796058541815433,0.2713774005899936
1771334345746,0.27137852040327315,-0.0007796058541815433,0.2713774005899936
1771334345746,0.27137852040327315,-0.0007796058541815433,0.2713774005899936
1771334345747,0.27137852040327315,-0.0007796058541815433,0.2713774005899936
1771334345748,0.27137852040327315,-0.0007796058541815433,0.2713774005899936
1771334345749,0.27137852040327315,-0.0007796058541815433,0.2713774005899936
1771334345750,0.27137852040327315,-0.0007796058541815433,0.2713774005899936
1771334345751,0.27137852040327315,-0.0007796058541815433,0.2713774005899936
1771334345752,0.27137852040327315,-0.0007796058541815433,0.2713774005899936
1771334345753,0.27137852040327315,-0.0007796058541815433,0.2713774005899936
1771334345754,0.27137852040327315,-0.0007796058541815433,0.2713774005899936
1771334345754,0.27137852040327315,-0.0007796058541815433,0.2713774005899936
1771334345755,0.27137852040327315,-0.0007796058541815433,0.2713774005899936
1771334345756,0.27137852040327315,-0.0007796058541815433,0.2713774005899936
1771334345757,0.27137852040327315,-0.0007796058541815433,0.2713774005899936
1771334345758,0.27137852040327315,-0.0007796058541815433,0.2713774005899936
1771334345759,0.27137852040327315,-0.0007796058541815433,0.2713774005899936
1771334345760,0.27137852040327315,-0.0007796058541815433,0.2713774005899936
1771334345761,0.27137852040327315,-0.0007796058541815433,0.2713774005899936
1771334345762,0.27137852040327315,-0.0007796058541815433,0.2713774005899936
1771334345762,0.27137852040327315,-0.0007796058541815433,0.2713774005899936
1771334345763,0.27137852040327315,-0.0007796058541815433,0.2713774005899936
1771334345764,0.27137852040327315,-0.0007796058541815433,0.2713774005899936
1771334345765,0.27137852040327315,-0.0007796058541815433,0.2713774005899936
1771334345766,0.27137852040327315,-0.0007796058541815433,0.2713774005899936
1771334345767,0.27137852040327315,-0.0007796058541815433,0.2713774005899936
1771334345768,0.27137852040327315,-0.0007796058541815433,0.2713774005899936
1771334345769,0.27137852040327315,-0.0007796058541815433,0.2713774005899936
1771334345770,0.27137852040327315,-0.0007796058541815433,0.2713774005899936
1771334345770,0.27137852040327315,-0.0007796058541815433,0.2713774005899936
1771334345771,0.27137852040327315,-0.0007796058541815433,0.2713774005899936
1771334345772,0.27137852040327315,-0.0007796058541815433,0.2713774005899936
1771334345773,0.27137852040327315,-0.0007796058541815433,0.2713774005899936
1771334345774,0.27137852040327315,-0.0007796058541815433,0.2713774005899936
1771334345775,0.27137852040327315,-0.0007796058541815433,0.2713774005899936
1771334345776,0.27137852040327315,-0.0007796058541815433,0.2713774005899936
1771334345777,0.27137852040327315,-0.0007796058541815433,0.2713774005899936
1771334345778,0.27137852040327315,-0.0007796058541815433,0.2713774005899936
1771334345778,0.27137852040327315,-0.0007796058541815433,0.2713774005899936
1771334345779,0.27137852040327315,-0.0007796058541815433,0.2713774005899936
1771334345780,0.27137852040327315,-0.0007796058541815433,0.2713774005899936
1771334345781,0.27137852040327315,-0.0007796058541815433,0.2713774005899936
1771334345782,0.27137852040327315,-0.0007796058541815433,0.2713774005899936
1771334345783,0.27137852040327315,-0.0007796058541815433,0.2713774005899936
1771334345784,0.27137852040327315,-0.0007796058541815433,0.2713774005899936
1771334345785,0.27137852040327315,-0.0007796058541815433,0.2713774005899936
1771334345785,0.27137852040327315,-0.0007796058541815433,0.2713774005899936
1771334345786,0.27137852040327315,-0.0007796058541815433,0.2713774005899936
1771334345787,0.27137852040327315,-0.0007796058541815433,0.2713774005899936
1771334345788,0.27137852040327315,-0.0007796058541815433,0.2713774005899936
1771334345789,0.27137852040327315,-0.0007796058541815433,0.2713774005899936
1771334345790,0.27137852040327315,-0.0007796058541815433,0.2713774005899936
1771334345791,0.27137852040327315,-0.0007796058541815433,0.2713774005899936
1771334345792,0.27137852040327315,-0.0007796058541815433,0.2713774005899936
1771334345793,0.27137852040327315,-0.0007796058541815433,0.2713774005899936
1771334345794,0.27137852040327315,-0.0007796058541815433,0.2713774005899936
1771334345794,0.27137852040327315,-0.0007796058541815433,0.2713774005899936
1771334345795,0.27137852040327315,-0.0007796058541815433,0.2713774005899936
1771334345796,0.27137852040327315,-0.0007796058541815433,0.2713774005899936
1771334345797,0.27137852040327315,-0.0007796058541815433,0.2713774005899936
1771334345798,0.27137852040327315,-0.0007796058541815433,0.2713774005899936
1771334345799,0.27137852040327315,-0.0007796058541815433,0.2713774005899936
1771334345800,0.27137852040327315,-0.0007796058541815433,0.2713774005899936
1771334345801,0.27137852040327315,-0.0007796058541815433,0.2713774005899936
1771334345802,0.27137852040327315,-0.0007796058541815433,0.2713774005899936
1771334345802,0.27137852040327315,-0.0007796058541815433,0.2713774005899936
1771334345803,0.27137852040327315,-0.0007796058541815433,0.2713774005899936
1771334345804,0.27137852040327315,-0.0007796058541815433,0.2713774005899936
1771334345805,0.27137852040327315,-0.0007796058541815433,0.2713774005899936
1771334345806,0.27137852040327315,-0.0007796058541815433,0.2713774005899936
1771334345807,0.27137852040327315,-0.0007796058541815433,0.2713774005899936
1771334345808,0.27137852040327315,-0.0007796058541815433,0.2713774005899936
1771334345809,0.27137852040327315,-0.0007796058541815433,0.2713774005899936
1771334345810,0.27137852040327315,-0.0007796058541815433,0.2713774005899936
1771334345810,0.27137852040327315,-0.0007796058541815433,0.2713774005899936
1771334345811,0.27137852040327315,-0.0007796058541815433,0.2713774005899936
1771334345812,0.27137852040327315,-0.0007796058541815433,0.2713774005899936
1771334345813,0.27137852040327315,-0.0007796058541815433,0.2713774005899936
1771334345814,0.27137852040327315,-0.0007796058541815433,0.2713774005899936
1771334345815,0.27137852040327315,-0.0007796058541815433,0.2713774005899936
1771334345816,0.27137852040327315,-0.0007796058541815433,0.2713774005899936
1771334345817,0.27137852040327315,-0.0007796058541815433,0.2713774005899936
1771334345818,0.27137852040327315,-0.0007796058541815433,0.2713774005899936
1771334345818,0.27137852040327315,-0.0007796058541815433,0.2713774005899936
1771334345819,0.27137852040327315,-0.0007796058541815433,0.2713774005899936
1771334345820,0.27137852040327315,-0.0007796058541815433,0.2713774005899936
1771334345821,0.27137852040327315,-0.0007796058541815433,0.2713774005899936
1771334345822,0.27137852040327315,-0.0007796058541815433,0.2713774005899936
1771334345823,0.27137852040327315,-0.0007796058541815433,0.2713774005899936
1771334345824,0.27137852040327315,-0.0007796058541815433,0.2713774005899936
1771334345825,0.27137852040327315,-0.0007796058541815433,0.2713774005899936
1771334345826,0.27137852040327315,-0.0007796058541815433,0.2713774005899936
1771334345827,0.27137852040327315,-0.0007796058541815433,0.2713774005899936
1771334345828,0.27137852040327315,-0.0007796058541815433,0.2713774005899936
1771334345828,0.27137852040327315,-0.0007796058541815433,0.2713774005899936
1771334345829,0.27137852040327315,-0.0007796058541815433,0.2713774005899936
1771334345830,0.27137852040327315,-0.0007796058541815433,0.2713774005899936
1771334345831,0.27137852040327315,-0.0007796058541815433,0.2713774005899936
1771334345832,0.27137852040327315,-0.0007796058541815433,0.2713774005899936
1771334345833,0.27137852040327315,-0.0007796058541815433,0.2713774005899936
1771334345834,0.27137852040327315,-0.0007796058541815433,0.2713774005899936
1771334345835,0.27137852040327315,-0.0007796058541815433,0.2713774005899936
1771334345836,0.27137852040327315,-0.0007796058541815433,0.2713774005899936
1771334345836,0.27137852040327315,-0.0007796058541815433,0.2713774005899936
1771334345837,0.27137852040327315,-0.0007796058541815433,0.2713774005899936
1771334345838,0.27137852040327315,-0.0007796058541815433,0.2713774005899936
1771334345839,0.27137852040327315,-0.0007796058541815433,0.2713774005899936
1771334345840,0.27137852040327315,-0.0007796058541815433,0.2713774005899936
1771334345842,0.27137852040327315,-0.0007796058541815433,0.2713774005899936
1771334345843,1.8721297510335602,-1.239305067168599,1.4032080227803767
1771334345845,1.8721297510335602,-1.239305067168599,1.4032080227803767
1771334345846,1.8721297510335602,-1.239305067168599,1.4032080227803767
1771334345848,1.8721297510335602,-1.239305067168599,1.4032080227803767
1771334345849,1.8721297510335602,-1.239305067168599,1.4032080227803767
1771334345851,1.8721297510335602,-1.239305067168599,1.4032080227803767
1771334345852,1.8721297510335602,-1.239305067168599,1.4032080227803767
1771334345854,1.8721297510335602,-1.239305067168599,1.4032080227803767
1771334345855,1.8721297510335602,-1.239305067168599,1.4032080227803767
1771334345857,1.8721297510335602,-1.239305067168599,1.4032080227803767
1771334345858,1.8721297510335602,-1.239305067168599,1.4032080227803767
1771334345860,1.8721297510335602,-1.239305067168599,1.4032080227803767
1771334345861,1.8721297510335602,-1.239305067168599,1.4032080227803767
1771334345863,1.8721297510335602,-1.239305067168599,1.4032080227803767
1771334345864,1.8721297510335602,-1.239305067168599,1.4032080227803767
1771334345866,1.8721297510335602,-1.239305067168599,1.4032080227803767
1771334345867,1.8721297510335602,-1.239305067168599,1.4032080227803767
1771334345869,1.8721297510335602,-1.239305067168599,1.4032080227803767
1771334345870,1.8721297510335602,-1.239305067168599,1.4032080227803767
1771334345872,1.8721297510335602,-1.239305067168599,1.4032080227803767
1771334345873,1.8721297510335602,-1.239305067168599,1.4032080227803767
1771334345875,1.8721297510335602,-1.239305067168599,1.4032080227803767
1771334345876,1.8721297510335602,-1.239305067168599,1.4032080227803767
1771334345878,1.8721297510335602,-1.239305067168599,1.4032080227803767
1771334345879,1.8721297510335602,-1.239305067168599,1.4032080227803767
1771334345881,1.8721297510335602,-1.239305067168599,1.4032080227803767
1771334345882,1.8721297510335602,-1.239305067168599,1.4032080227803767
1771334345884,1.8721297510335602,-1.239305067168599,1.4032080227803767
1771334345886,1.877279788955037,-1.255555457413124,1.3956216892049182
1771334345888,1.877279788955037,-1.255555457413124,1.3956216892049182
1771334345889,1.877279788955037,-1.255555457413124,1.3956216892049182
1771334345891,1.877279788955037,-1.255555457413124,1.3956216892049182
1771334345893,1.877279788955037,-1.255555457413124,1.3956216892049182
1771334345894,1.877279788955037,-1.255555457413124,1.3956216892049182
1771334345896,1.877279788955037,-1.255555457413124,1.3956216892049182
1771334345898,1.877279788955037,-1.255555457413124,1.3956216892049182
1771334345899,1.877279788955037,-1.255555457413124,1.3956216892049182
1771334345901,1.877279788955037,-1.255555457413124,1.3956216892049182
1771334345903,1.877279788955037,-1.255555457413124,1.3956216892049182
1771334345904,1.877279788955037,-1.255555457413124,1.3956216892049182
1771334345906,1.877279788955037,-1.255555457413124,1.3956216892049182
1771334345908,1.877279788955037,-1.255555457413124,1.3956216892049182
1771334345909,1.877279788955037,-1.255555457413124,1.3956216892049182
1771334345911,1.877279788955037,-1.255555457413124,1.3956216892049182
1771334345913,1.877279788955037,-1.255555457413124,1.3956216892049182
1771334345915,1.877279788955037,-1.255555457413124,1.3956216892049182
1771334345916,1.877279788955037,-1.255555457413124,1.3956216892049182
1771334345918,1.877279788955037,-1.255555457413124,1.3956216892049182
1771334345920,1.877279788955037,-1.255555457413124,1.3956216892049182
1771334345921,1.877279788955037,-1.255555457413124,1.3956216892049182
1771334345923,1.877279788955037,-1.255555457413124,1.3956216892049182
1771334345925,1.877279788955037,-1.255555457413124,1.3956216892049182
1771334345927,1.877279788955037,-1.255555457413124,1.3956216892049182
1771334345928,1.877279788955037,-1.255555457413124,1.3956216892049182
1771334345930,1.877279788955037,-1.255555457413124,1.3956216892049182
1771334345932,1.877279788955037,-1.255555457413124,1.3956216892049182
1771334345933,1.877279788955037,-1.255555457413124,1.3956216892049182
1771334345935,1.877279788955037,-1.255555457413124,1.3956216892049182
1771334345937,1.877279788955037,-1.255555457413124,1.3956216892049182
1771334345938,1.877279788955037,-1.255555457413124,1.3956216892049182
1771334345940,1.877279788955037,-1.255555457413124,1.3956216892049182
1771334345942,1.877279788955037,-1.255555457413124,1.3956216892049182
1771334345944,1.877279788955037,-1.255555457413124,1.3956216892049182
1771334345945,1.877279788955037,-1.255555457413124,1.3956216892049182
1771334345947,1.877279788955037,-1.255555457413124,1.3956216892049182
1771334345949,1.877279788955037,-1.255555457413124,1.3956216892049182
1771334345950,1.877279788955037,-1.255555457413124,1.3956216892049182
1771334345952,1.877279788955037,-1.255555457413124,1.3956216892049182
1771334345954,1.877279788955037,-1.255555457413124,1.3956216892049182
1771334345955,1.877279788955037,-1.255555457413124,1.3956216892049182
1771334345957,1.877279788955037,-1.255555457413124,1.3956216892049182
1771334345959,1.877279788955037,-1.255555457413124,1.3956216892049182
1771334345961,1.877279788955037,-1.255555457413124,1.3956216892049182
1771334345962,1.877279788955037,-1.255555457413124,1.3956216892049182
1771334345964,1.877279788955037,-1.255555457413124,1.3956216892049182
1771334345966,1.877279788955037,-1.255555457413124,1.3956216892049182
1771334345967,1.877279788955037,-1.255555457413124,1.3956216892049182
1771334345969,1.877279788955037,-1.255555457413124,1.3956216892049182
1771334345971,1.877279788955037,-1.255555457413124,1.3956216892049182
1771334345972,1.877279788955037,-1.255555457413124,1.3956216892049182
1771334345974,1.877279788955037,-1.255555457413124,1.3956216892049182
1771334345976,1.877279788955037,-1.255555457413124,1.3956216892049182
1771334345978,1.877279788955037,-1.255555457413124,1.3956216892049182
1771334345979,1.877279788955037,-1.255555457413124,1.3956216892049182
1771334345981,1.877279788955037,-1.255555457413124,1.3956216892049182
1771334345983,1.877279788955037,-1.255555457413124,1.3956216892049182
1771334345984,1.877279788955037,-1.255555457413124,1.3956216892049182
1771334345986,1.877279788955037,-1.255555457413124,1.3956216892049182
1771334345988,1.877279788955037,-1.255555457413124,1.3956216892049182
1771334345989,1.877279788955037,-1.255555457413124,1.3956216892049182
1771334345991,1.877279788955037,-1.255555457413124,1.3956216892049182
1771334345993,1.877279788955037,-1.255555457413124,1.3956216892049182
1771334345995,1.877279788955037,-1.255555457413124,1.3956216892049182
1771334345996,1.877279788955037,-1.255555457413124,1.3956216892049182
1771334345998,1.877279788955037,-1.255555457413124,1.3956216892049182
1771334346000,1.877279788955037,-1.255555457413124,1.3956216892049182
1771334346001,1.877279788955037,-1.255555457413124,1.3956216892049182
1771334346003,1.877279788955037,-1.255555457413124,1.3956216892049182
1771334346005,1.877279788955037,-1.255555457413124,1.3956216892049182
1771334346007,1.877279788955037,-1.255555457413124,1.3956216892049182
1771334346008,1.877279788955037,-1.255555457413124,1.3956216892049182
1771334346010,1.877279788955037,-1.255555457413124,1.3956216892049182
1771334346012,1.877279788955037,-1.255555457413124,1.3956216892049182
1771334346013,1.877279788955037,-1.255555457413124,1.3956216892049182
1771334346015,1.877279788955037,-1.255555457413124,1.3956216892049182
1771334346017,1.877279788955037,-1.255555457413124,1.3956216892049182
1771334346019,1.877279788955037,-1.255555457413124,1.3956216892049182
1771334346020,1.877279788955037,-1.255555457413124,1.3956216892049182
1771334346022,1.877279788955037,-1.255555457413124,1.3956216892049182
1771334346024,1.877279788955037,-1.255555457413124,1.3956216892049182
1771334346025,1.877279788955037,-1.255555457413124,1.3956216892049182
1771334346027,1.877279788955037,-1.255555457413124,1.3956216892049182
1771334346029,1.877279788955037,-1.255555457413124,1.3956216892049182
1771334346030,1.877279788955037,-1.255555457413124,1.3956216892049182
1771334346032,1.877279788955037,-1.255555457413124,1.3956216892049182
1771334346034,1.877279788955037,-1.255555457413124,1.3956216892049182
1771334346035,1.877279788955037,-1.255555457413124,1.3956216892049182
1771334346037,1.877279788955037,-1.255555457413124,1.3956216892049182
1771334346039,1.877279788955037,-1.255555457413124,1.3956216892049182
1771334346041,1.877279788955037,-1.255555457413124,1.3956216892049182
1771334346042,1.877279788955037,-1.255555457413124,1.3956216892049182
1771334346044,1.877279788955037,-1.255555457413124,1.3956216892049182
1771334346046,1.877279788955037,-1.255555457413124,1.3956216892049182
1771334346047,1.877279788955037,-1.255555457413124,1.3956216892049182
1771334346049,1.877279788955037,-1.255555457413124,1.3956216892049182
1771334346051,1.877279788955037,-1.255555457413124,1.3956216892049182
1771334346053,1.877279788955037,-1.255555457413124,1.3956216892049182
1771334346054,1.877279788955037,-1.255555457413124,1.3956216892049182
1771334346056,1.877279788955037,-1.255555457413124,1.3956216892049182
1771334346058,1.877279788955037,-1.255555457413124,1.3956216892049182
1771334346059,1.877279788955037,-1.255555457413124,1.3956216892049182
1771334346061,1.877279788955037,-1.255555457413124,1.3956216892049182
1771334346063,1.877279788955037,-1.255555457413124,1.3956216892049182
1771334346065,1.877279788955037,-1.255555457413124,1.3956216892049182
1771334346066,1.877279788955037,-1.255555457413124,1.3956216892049182
1771334346068,1.877279788955037,-1.255555457413124,1.3956216892049182
1771334346070,1.877279788955037,-1.255555457413124,1.3956216892049182
1771334346071,1.877279788955037,-1.255555457413124,1.3956216892049182
1771334346073,1.877279788955037,-1.255555457413124,1.3956216892049182
1771334346075,1.877279788955037,-1.255555457413124,1.3956216892049182
1771334346076,1.877279788955037,-1.255555457413124,1.3956216892049182
1771334346078,1.877279788955037,-1.255555457413124,1.3956216892049182
1771334346080,1.877279788955037,-1.255555457413124,1.3956216892049182
1771334346081,1.877279788955037,-1.255555457413124,1.3956216892049182
1771334346083,1.877279788955037,-1.255555457413124,1.3956216892049182
1771334346085,1.877279788955037,-1.255555457413124,1.3956216892049182
1771334346087,1.877279788955037,-1.255555457413124,1.3956216892049182
1771334346088,1.877279788955037,-1.255555457413124,1.3956216892049182
1771334346090,1.877279788955037,-1.255555457413124,1.3956216892049182
1771334346092,1.877279788955037,-1.255555457413124,1.3956216892049182
1771334346093,0.00026143105238611325,-0.0002611971441518043,-1.1056538276163118e-05
1771334346094,0.00026143105238611325,-0.0002611971441518043,-1.1056538276163118e-05
1771334346095,0.00026143105238611325,-0.0002611971441518043,-1.1056538276163118e-05
1771334346096,0.00026143105238611325,-0.0002611971441518043,-1.1056538276163118e-05
1771334346097,0.00026143105238611325,-0.0002611971441518043,-1.1056538276163118e-05
1771334346098,0.00026143105238611325,-0.0002611971441518043,-1.1056538276163118e-05
1771334346099,0.00026143105238611325,-0.0002611971441518043,-1.1056538276163118e-05
1771334346100,0.00026143105238611325,-0.0002611971441518043,-1.1056538276163118e-05
1771334346101,0.00026143105238611325,-0.0002611971441518043,-1.1056538276163118e-05
1771334346102,0.00026143105238611325,-0.0002611971441518043,-1.1056538276163118e-05
1771334346103,0.00026143105238611325,-0.0002611971441518043,-1.1056538276163118e-05
1771334346104,0.00026143105238611325,-0.0002611971441518043,-1.1056538276163118e-05
1771334346105,0.00026143105238611325,-0.0002611971441518043,-1.1056538276163118e-05
1771334346106,0.00026143105238611325,-0.0002611971441518043,-1.1056538276163118e-05
1771334346107,0.00026143105238611325,-0.0002611971441518043,-1.1056538276163118e-05
1771334346108,0.00026143105238611325,-0.0002611971441518043,-1.1056538276163118e-05
1771334346109,0.00026143105238611325,-0.0002611971441518043,-1.1056538276163118e-05
1771334346110,0.00026143105238611325,-0.0002611971441518043,-1.1056538276163118e-05
1771334346111,0.00026143105238611325,-0.0002611971441518043,-1.1056538276163118e-05
1771334346112,0.00026143105238611325,-0.0002611971441518043,-1.1056538276163118e-05
1771334346113,0.00026143105238611325,-0.0002611971441518043,-1.1056538276163118e-05
1771334346114,0.00026143105238611325,-0.0002611971441518043,-1.1056538276163118e-05
1771334346115,0.00026143105238611325,-0.0002611971441518043,-1.1056538276163118e-05
1771334346116,0.00026143105238611325,-0.0002611971441518043,-1.1056538276163118e-05
1771334346117,0.00026143105238611325,-0.0002611971441518043,-1.1056538276163118e-05
1771334346118,0.00026143105238611325,-0.0002611971441518043,-1.1056538276163118e-05
1771334346118,0.00026143105238611325,-0.0002611971441518043,-1.1056538276163118e-05
1771334346119,0.00026143105238611325,-0.0002611971441518043,-1.1056538276163118e-05
1771334346120,0.00026143105238611325,-0.0002611971441518043,-1.1056538276163118e-05
1771334346121,0.00026143105238611325,-0.0002611971441518043,-1.1056538276163118e-05
1771334346122,0.00026143105238611325,-0.0002611971441518043,-1.1056538276163118e-05
1771334346124,0.00026143105238611325,-0.0002611971441518043,-1.1056538276163118e-05
1771334346124,0.00026143105238611325,-0.0002611971441518043,-1.1056538276163118e-05
1771334346125,0.00026143105238611325,-0.0002611971441518043,-1.1056538276163118e-05
1771334346126,0.00026143105238611325,-0.0002611971441518043,-1.1056538276163118e-05
1771334346127,0.00026143105238611325,-0.0002611971441518043,-1.1056538276163118e-05
1771334346128,0.00026143105238611325,-0.0002611971441518043,-1.1056538276163118e-05
1771334346129,0.00026143105238611325,-0.0002611971441518043,-1.1056538276163118e-05
1771334346130,0.00026143105238611325,-0.0002611971441518043,-1.1056538276163118e-05
1771334346131,0.00026143105238611325,-0.0002611971441518043,-1.1056538276163118e-05
1771334346132,0.00026143105238611325,-0.0002611971441518043,-1.1056538276163118e-05
1771334346133,0.00026143105238611325,-0.0002611971441518043,-1.1056538276163118e-05
1771334346134,0.00026143105238611325,-0.0002611971441518043,-1.1056538276163118e-05
1771334346135,0.00026143105238611325,-0.0002611971441518043,-1.1056538276163118e-05
1771334346136,0.00026143105238611325,-0.0002611971441518043,-1.1056538276163118e-05
1771334346137,0.00026143105238611325,-0.0002611971441518043,-1.1056538276163118e-05
1771334346138,0.00026143105238611325,-0.0002611971441518043,-1.1056538276163118e-05
1771334346139,0.00026143105238611325,-0.0002611971441518043,-1.1056538276163118e-05
1771334346140,0.00026143105238611325,-0.0002611971441518043,-1.1056538276163118e-05
1771334346141,0.00026143105238611325,-0.0002611971441518043,-1.1056538276163118e-05
1771334346142,0.00026143105238611325,-0.0002611971441518043,-1.1056538276163118e-05
1771334346143,0.00026143105238611325,-0.0002611971441518043,-1.1056538276163118e-05
1771334346144,0.00026143105238611325,-0.0002611971441518043,-1.1056538276163118e-05
1771334346145,0.00026143105238611325,-0.0002611971441518043,-1.1056538276163118e-05
1771334346146,0.00026143105238611325,-0.0002611971441518043,-1.1056538276163118e-05
1771334346147,0.00026143105238611325,-0.0002611971441518043,-1.1056538276163118e-05
1771334346148,0.00026143105238611325,-0.0002611971441518043,-1.1056538276163118e-05
1771334346149,0.00026143105238611325,-0.0002611971441518043,-1.1056538276163118e-05
1771334346150,0.00026143105238611325,-0.0002611971441518043,-1.1056538276163118e-05
1771334346151,0.00026143105238611325,-0.0002611971441518043,-1.1056538276163118e-05
1771334346152,0.00026143105238611325,-0.0002611971441518043,-1.1056538276163118e-05
1771334346153,0.00026143105238611325,-0.0002611971441518043,-1.1056538276163118e-05
1771334346154,0.00026143105238611325,-0.0002611971441518043,-1.1056538276163118e-05
1771334346155,0.00026143105238611325,-0.0002611971441518043,-1.1056538276163118e-05
1771334346156,0.00026143105238611325,-0.0002611971441518043,-1.1056538276163118e-05
1771334346157,0.00026143105238611325,-0.0002611971441518043,-1.1056538276163118e-05
1771334346158,0.00026143105238611325,-0.0002611971441518043,-1.1056538276163118e-05
1771334346159,0.00026143105238611325,-0.0002611971441518043,-1.1056538276163118e-05
1771334346160,0.00026143105238611325,-0.0002611971441518043,-1.1056538276163118e-05
1771334346161,0.00026143105238611325,-0.0002611971441518043,-1.1056538276163118e-05
1771334346162,0.00026143105238611325,-0.0002611971441518043,-1.1056538276163118e-05
1771334346163,0.00026143105238611325,-0.0002611971441518043,-1.1056538276163118e-05
1771334346164,0.00026143105238611325,-0.0002611971441518043,-1.1056538276163118e-05
1771334346165,0.00026143105238611325,-0.0002611971441518043,-1.1056538276163118e-05
1771334346166,0.00026143105238611325,-0.0002611971441518043,-1.1056538276163118e-05
1771334346167,0.00026143105238611325,-0.0002611971441518043,-1.1056538276163118e-05
1771334346168,0.00026143105238611325,-0.0002611971441518043,-1.1056538276163118e-05
1771334346169,0.00026143105238611325,-0.0002611971441518043,-1.1056538276163118e-05
1771334346170,0.00026143105238611325,-0.0002611971441518043,-1.1056538276163118e-05
1771334346171,0.00026143105238611325,-0.0002611971441518043,-1.1056538276163118e-05
1771334346172,0.00026143105238611325,-0.0002611971441518043,-1.1056538276163118e-05
1771334346173,0.00026143105238611325,-0.0002611971441518043,-1.1056538276163118e-05
1771334346174,0.00026143105238611325,-0.0002611971441518043,-1.1056538276163118e-05
1771334346175,0.00026143105238611325,-0.0002611971441518043,-1.1056538276163118e-05
1771334346176,0.00026143105238611325,-0.0002611971441518043,-1.1056538276163118e-05
1771334346177,0.00026143105238611325,-0.0002611971441518043,-1.1056538276163118e-05
1771334346178,0.00026143105238611325,-0.0002611971441518043,-1.1056538276163118e-05
1771334346179,0.00026143105238611325,-0.0002611971441518043,-1.1056538276163118e-05
1771334346180,0.00026143105238611325,-0.0002611971441518043,-1.1056538276163118e-05
1771334346181,0.00026143105238611325,-0.0002611971441518043,-1.1056538276163118e-05
1771334346182,0.00026143105238611325,-0.0002611971441518043,-1.1056538276163118e-05
1771334346183,0.00026143105238611325,-0.0002611971441518043,-1.1056538276163118e-05
1771334346184,0.00026143105238611325,-0.0002611971441518043,-1.1056538276163118e-05
1771334346185,0.00026143105238611325,-0.0002611971441518043,-1.1056538276163118e-05
1771334346186,0.00026143105238611325,-0.0002611971441518043,-1.1056538276163118e-05
1771334346187,0.00026143105238611325,-0.0002611971441518043,-1.1056538276163118e-05
1771334346188,0.00026143105238611325,-0.0002611971441518043,-1.1056538276163118e-05
1771334346189,0.00026143105238611325,-0.0002611971441518043,-1.1056538276163118e-05
1771334346190,0.00026143105238611325,-0.0002611971441518043,-1.1056538276163118e-05
1771334346191,0.00026143105238611325,-0.0002611971441518043,-1.1056538276163118e-05
1771334346192,0.00026143105238611325,-0.0002611971441518043,-1.1056538276163118e-05
1771334346193,0.00026143105238611325,-0.0002611971441518043,-1.1056538276163118e-05
1771334346194,0.00026143105238611325,-0.0002611971441518043,-1.1056538276163118e-05
1771334346195,0.00026143105238611325,-0.0002611971441518043,-1.1056538276163118e-05
1771334346196,0.00026143105238611325,-0.0002611971441518043,-1.1056538276163118e-05
1771334346196,0.00026143105238611325,-0.0002611971441518043,-1.1056538276163118e-05
1771334346197,0.00026143105238611325,-0.0002611971441518043,-1.1056538276163118e-05
1771334346198,0.00026143105238611325,-0.0002611971441518043,-1.1056538276163118e-05
1771334346199,0.00026143105238611325,-0.0002611971441518043,-1.1056538276163118e-05
1771334346201,0.00026143105238611325,-0.0002611971441518043,-1.1056538276163118e-05
1771334346201,0.00026143105238611325,-0.0002611971441518043,-1.1056538276163118e-05
1771334346202,0.00026143105238611325,-0.0002611971441518043,-1.1056538276163118e-05
1771334346203,0.00026143105238611325,-0.0002611971441518043,-1.1056538276163118e-05
1771334346204,0.00026143105238611325,-0.0002611971441518043,-1.1056538276163118e-05
1771334346205,0.00026143105238611325,-0.0002611971441518043,-1.1056538276163118e-05
1771334346206,0.00026143105238611325,-0.0002611971441518043,-1.1056538276163118e-05
1771334346207,0.00026143105238611325,-0.0002611971441518043,-1.1056538276163118e-05
1771334346208,0.00026143105238611325,-0.0002611971441518043,-1.1056538276163118e-05
1771334346209,0.00026143105238611325,-0.0002611971441518043,-1.1056538276163118e-05
1771334346210,0.00026143105238611325,-0.0002611971441518043,-1.1056538276163118e-05
1771334346211,0.00026143105238611325,-0.0002611971441518043,-1.1056538276163118e-05
1771334346212,0.00026143105238611325,-0.0002611971441518043,-1.1056538276163118e-05
1771334346213,0.00026143105238611325,-0.0002611971441518043,-1.1056538276163118e-05
1771334346214,0.00026143105238611325,-0.0002611971441518043,-1.1056538276163118e-05
1771334346215,0.00026143105238611325,-0.0002611971441518043,-1.1056538276163118e-05
1771334346216,0.00026143105238611325,-0.0002611971441518043,-1.1056538276163118e-05
1771334346217,0.00026143105238611325,-0.0002611971441518043,-1.1056538276163118e-05
1771334346218,0.00026143105238611325,-0.0002611971441518043,-1.1056538276163118e-05
1771334346219,0.00026143105238611325,-0.0002611971441518043,-1.1056538276163118e-05
1771334346220,0.00026143105238611325,-0.0002611971441518043,-1.1056538276163118e-05
1771334346221,0.00026143105238611325,-0.0002611971441518043,-1.1056538276163118e-05
1771334346222,0.00026143105238611325,-0.0002611971441518043,-1.1056538276163118e-05
1771334346223,0.00026143105238611325,-0.0002611971441518043,-1.1056538276163118e-05
1771334346224,0.00026143105238611325,-0.0002611971441518043,-1.1056538276163118e-05
1771334346225,0.00026143105238611325,-0.0002611971441518043,-1.1056538276163118e-05
1771334346226,0.00026143105238611325,-0.0002611971441518043,-1.1056538276163118e-05
1771334346227,0.00026143105238611325,-0.0002611971441518043,-1.1056538276163118e-05
1771334346228,0.00026143105238611325,-0.0002611971441518043,-1.1056538276163118e-05
1771334346229,0.00026143105238611325,-0.0002611971441518043,-1.1056538276163118e-05
1771334346230,0.00026143105238611325,-0.0002611971441518043,-1.1056538276163118e-05
1771334346231,0.00026143105238611325,-0.0002611971441518043,-1.1056538276163118e-05
1771334346232,0.00026143105238611325,-0.0002611971441518043,-1.1056538276163118e-05
1771334346233,0.00026143105238611325,-0.0002611971441518043,-1.1056538276163118e-05
1771334346234,0.00026143105238611325,-0.0002611971441518043,-1.1056538276163118e-05
1771334346235,0.00026143105238611325,-0.0002611971441518043,-1.1056538276163118e-05
1771334346236,0.00026143105238611325,-0.0002611971441518043,-1.1056538276163118e-05
1771334346237,0.00026143105238611325,-0.0002611971441518043,-1.1056538276163118e-05
1771334346238,0.00026143105238611325,-0.0002611971441518043,-1.1056538276163118e-05
1771334346239,0.00026143105238611325,-0.0002611971441518043,-1.1056538276163118e-05
1771334346240,0.00026143105238611325,-0.0002611971441518043,-1.1056538276163118e-05
1771334346241,0.00026143105238611325,-0.0002611971441518043,-1.1056538276163118e-05
1771334346242,0.00026143105238611325,-0.0002611971441518043,-1.1056538276163118e-05
1771334346243,0.00026143105238611325,-0.0002611971441518043,-1.1056538276163118e-05
1771334346244,0.00026143105238611325,-0.0002611971441518043,-1.1056538276163118e-05
1771334346245,0.00026143105238611325,-0.0002611971441518043,-1.1056538276163118e-05
1771334346246,0.00026143105238611325,-0.0002611971441518043,-1.1056538276163118e-05
1771334346247,0.00026143105238611325,-0.0002611971441518043,-1.1056538276163118e-05
1771334346248,0.00026143105238611325,-0.0002611971441518043,-1.1056538276163118e-05
1771334346249,0.00026143105238611325,-0.0002611971441518043,-1.1056538276163118e-05
1771334346250,0.00026143105238611325,-0.0002611971441518043,-1.1056538276163118e-05
1771334346251,0.00026143105238611325,-0.0002611971441518043,-1.1056538276163118e-05
1771334346252,0.00026143105238611325,-0.0002611971441518043,-1.1056538276163118e-05
1771334346253,0.00026143105238611325,-0.0002611971441518043,-1.1056538276163118e-05
1771334346254,0.00026143105238611325,-0.0002611971441518043,-1.1056538276163118e-05
1771334346255,0.00026143105238611325,-0.0002611971441518043,-1.1056538276163118e-05
1771334346256,0.00026143105238611325,-0.0002611971441518043,-1.1056538276163118e-05
1771334346257,0.00026143105238611325,-0.0002611971441518043,-1.1056538276163118e-05
1771334346258,0.00026143105238611325,-0.0002611971441518043,-1.1056538276163118e-05
1771334346259,0.00026143105238611325,-0.0002611971441518043,-1.1056538276163118e-05
1771334346260,0.00026143105238611325,-0.0002611971441518043,-1.1056538276163118e-05
1771334346261,0.00026143105238611325,-0.0002611971441518043,-1.1056538276163118e-05
1771334346262,0.00026143105238611325,-0.0002611971441518043,-1.1056538276163118e-05
1771334346263,0.00026143105238611325,-0.0002611971441518043,-1.1056538276163118e-05
1771334346264,0.00026143105238611325,-0.0002611971441518043,-1.1056538276163118e-05
1771334346265,0.00026143105238611325,-0.0002611971441518043,-1.1056538276163118e-05
1771334346266,0.00026143105238611325,-0.0002611971441518043,-1.1056538276163118e-05
1771334346267,0.00026143105238611325,-0.0002611971441518043,-1.1056538276163118e-05
1771334346268,0.00026143105238611325,-0.0002611971441518043,-1.1056538276163118e-05
1771334346269,0.0002775226164473848,0.00022664221409267164,-0.00016016275918881342
1771334346270,0.0002775226164473848,0.00022664221409267164,-0.00016016275918881342
1771334346271,3.563971693836765e-05,-3.12238758327664e-05,-1.7183102206148806e-05
1771334346272,3.563971693836765e-05,-3.12238758327664e-05,-1.7183102206148806e-05
1771334346273,3.563971693836765e-05,-3.12238758327664e-05,-1.7183102206148806e-05
1771334346274,3.563971693836765e-05,-3.12238758327664e-05,-1.7183102206148806e-05
1771334346275,3.563971693836765e-05,-3.12238758327664e-05,-1.7183102206148806e-05
1771334346276,3.563971693836765e-05,-3.12238758327664e-05,-1.7183102206148806e-05
1771334346277,3.563971693836765e-05,-3.12238758327664e-05,-1.7183102206148806e-05
1771334346278,3.563971693836765e-05,-3.12238758327664e-05,-1.7183102206148806e-05
1771334346279,3.563971693836765e-05,-3.12238758327664e-05,-1.7183102206148806e-05
1771334346280,3.563971693836765e-05,-3.12238758327664e-05,-1.7183102206148806e-05
1771334346281,3.563971693836765e-05,-3.12238758327664e-05,-1.7183102206148806e-05
1771334346282,3.563971693836765e-05,-3.12238758327664e-05,-1.7183102206148806e-05
1771334346283,3.563971693836765e-05,-3.12238758327664e-05,-1.7183102206148806e-05
1771334346284,3.563971693836765e-05,-3.12238758327664e-05,-1.7183102206148806e-05
1771334346285,3.563971693836765e-05,-3.12238758327664e-05,-1.7183102206148806e-05
1771334346286,3.563971693836765e-05,-3.12238758327664e-05,-1.7183102206148806e-05
1771334346287,3.563971693836765e-05,-3.12238758327664e-05,-1.7183102206148806e-05
1771334346288,3.563971693836765e-05,-3.12238758327664e-05,-1.7183102206148806e-05
1771334346289,3.563971693836765e-05,-3.12238758327664e-05,-1.7183102206148806e-05
1771334346290,3.563971693836765e-05,-3.12238758327664e-05,-1.7183102206148806e-05
1771334346291,3.563971693836765e-05,-3.12238758327664e-05,-1.7183102206148806e-05
1771334346292,3.563971693836765e-05,-3.12238758327664e-05,-1.7183102206148806e-05
1771334346293,3.563971693836765e-05,-3.12238758327664e-05,-1.7183102206148806e-05
1771334346294,3.563971693836765e-05,-3.12238758327664e-05,-1.7183102206148806e-05
1771334346295,3.563971693836765e-05,-3.12238758327664e-05,-1.7183102206148806e-05
1771334346296,3.563971693836765e-05,-3.12238758327664e-05,-1.7183102206148806e-05
1771334346297,3.563971693836765e-05,-3.12238758327664e-05,-1.7183102206148806e-05
1771334346298,3.563971693836765e-05,-3.12238758327664e-05,-1.7183102206148806e-05
1771334346299,3.563971693836765e-05,-3.12238758327664e-05,-1.7183102206148806e-05
1771334346300,3.563971693836765e-05,-3.12238758327664e-05,-1.7183102206148806e-05
1771334346301,3.563971693836765e-05,-3.12238758327664e-05,-1.7183102206148806e-05
1771334346302,3.563971693836765e-05,-3.12238758327664e-05,-1.7183102206148806e-05
1771334346303,1.7386363508167668e-05,-1.52716004356367e-05,8.31046666393683e-06
1771334346304,1.7386363508167668e-05,-1.52716004356367e-05,8.31046666393683e-06
1771334346305,1.7386363508167668e-05,-1.52716004356367e-05,8.31046666393683e-06
1771334346306,1.7386363508167668e-05,-1.52716004356367e-05,8.31046666393683e-06
1771334346307,1.7386363508167668e-05,-1.52716004356367e-05,8.31046666393683e-06
1771334346308,1.7386363508167668e-05,-1.52716004356367e-05,8.31046666393683e-06
1771334346309,1.7386363508167668e-05,-1.52716004356367e-05,8.31046666393683e-06
1771334346310,1.7386363508167668e-05,-1.52716004356367e-05,8.31046666393683e-06
1771334346311,1.7386363508167668e-05,-1.52716004356367e-05,8.31046666393683e-06
1771334346312,1.7386363508167668e-05,-1.52716004356367e-05,8.31046666393683e-06
1771334346313,1.7386363508167668e-05,-1.52716004356367e-05,8.31046666393683e-06
1771334346314,1.7386363508167668e-05,-1.52716004356367e-05,8.31046666393683e-06
1771334346315,1.7386363508167668e-05,-1.52716004356367e-05,8.31046666393683e-06
1771334346316,1.7386363508167668e-05,-1.52716004356367e-05,8.31046666393683e-06
1771334346317,1.7386363508167668e-05,-1.52716004356367e-05,8.31046666393683e-06
1771334346318,1.7386363508167668e-05,-1.52716004356367e-05,8.31046666393683e-06
1771334346319,1.7386363508167668e-05,-1.52716004356367e-05,8.31046666393683e-06
1771334346320,1.7386363508167668e-05,-1.52716004356367e-05,8.31046666393683e-06
1771334346321,1.7386363508167668e-05,-1.52716004356367e-05,8.31046666393683e-06
1771334346322,1.7386363508167668e-05,-1.52716004356367e-05,8.31046666393683e-06
1771334346323,1.7386363508167668e-05,-1.52716004356367e-05,8.31046666393683e-06
1771334346324,1.7386363508167668e-05,-1.52716004356367e-05,8.31046666393683e-06
1771334346325,1.7386363508167668e-05,-1.52716004356367e-05,8.31046666393683e-06
1771334346326,1.7386363508167668e-05,-1.52716004356367e-05,8.31046666393683e-06
1771334346327,1.7386363508167668e-05,-1.52716004356367e-05,8.31046666393683e-06
1771334346328,1.7386363508167668e-05,-1.52716004356367e-05,8.31046666393683e-06
1771334346329,1.7386363508167668e-05,-1.52716004356367e-05,8.31046666393683e-06
1771334346329,1.7386363508167668e-05,-1.52716004356367e-05,8.31046666393683e-06
1771334346330,1.7386363508167668e-05,-1.52716004356367e-05,8.31046666393683e-06
1771334346331,1.7386363508167668e-05,-1.52716004356367e-05,8.31046666393683e-06
1771334346332,1.7386363508167668e-05,-1.52716004356367e-05,8.31046666393683e-06
1771334346333,1.7386363508167668e-05,-1.52716004356367e-05,8.31046666393683e-06
1771334346334,1.7386363508167668e-05,-1.52716004356367e-05,8.31046666393683e-06
1771334346335,1.7386363508167668e-05,-1.52716004356367e-05,8.31046666393683e-06
1771334346336,1.7386363508167668e-05,-1.52716004356367e-05,8.31046666393683e-06
1771334346337,1.7386363508167668e-05,-1.52716004356367e-05,8.31046666393683e-06
1771334346338,1.7386363508167668e-05,-1.52716004356367e-05,8.31046666393683e-06
1771334346339,1.7386363508167668e-05,-1.52716004356367e-05,8.31046666393683e-06
1771334346340,1.7386363508167668e-05,-1.52716004356367e-05,8.31046666393683e-06
1771334346341,1.7386363508167668e-05,-1.52716004356367e-05,8.31046666393683e-06
1771334346342,1.7386363508167668e-05,-1.52716004356367e-05,8.31046666393683e-06
1771334346343,1.7386363508167668e-05,-1.52716004356367e-05,8.31046666393683e-06
1771334346344,1.7386363508167668e-05,-1.52716004356367e-05,8.31046666393683e-06
1771334346345,1.7386363508167668e-05,-1.52716004356367e-05,8.31046666393683e-06
1771334346346,1.7386363508167668e-05,-1.52716004356367e-05,8.31046666393683e-06
1771334346347,1.7386363508167668e-05,-1.52716004356367e-05,8.31046666393683e-06
1771334346348,1.7386363508167668e-05,-1.52716004356367e-05,8.31046666393683e-06
1771334346349,1.7386363508167668e-05,-1.52716004356367e-05,8.31046666393683e-06
1771334346350,1.7386363508167668e-05,-1.52716004356367e-05,8.31046666393683e-06
1771334346351,1.7386363508167668e-05,-1.52716004356367e-05,8.31046666393683e-06
1771334346352,1.7386363508167668e-05,-1.52716004356367e-05,8.31046666393683e-06
1771334346353,1.7386363508167668e-05,-1.52716004356367e-05,8.31046666393683e-06
1771334346354,1.7386363508167668e-05,-1.52716004356367e-05,8.31046666393683e-06
1771334346355,1.7386363508167668e-05,-1.52716004356367e-05,8.31046666393683e-06
1771334346356,1.7386363508167668e-05,-1.52716004356367e-05,8.31046666393683e-06
1771334346357,1.7386363508167668e-05,-1.52716004356367e-05,8.31046666393683e-06
1771334346358,1.7386363508167668e-05,-1.52716004356367e-05,8.31046666393683e-06
1771334346360,1.7386363508167668e-05,-1.52716004356367e-05,8.31046666393683e-06
1771334346361,1.7386363508167668e-05,-1.52716004356367e-05,8.31046666393683e-06
1771334346362,1.434823629810582e-05,-1.4327044041877662e-05,-7.795472329366593e-07
1771334346363,1.434823629810582e-05,-1.4327044041877662e-05,-7.795472329366593e-07
1771334346364,1.434823629810582e-05,-1.4327044041877662e-05,-7.795472329366593e-07
1771334346365,1.434823629810582e-05,-1.4327044041877662e-05,-7.795472329366593e-07
1771334346366,1.434823629810582e-05,-1.4327044041877662e-05,-7.795472329366593e-07
1771334346367,1.434823629810582e-05,-1.4327044041877662e-05,-7.795472329366593e-07
1771334346368,1.434823629810582e-05,-1.4327044041877662e-05,-7.795472329366593e-07
1771334346369,1.434823629810582e-05,-1.4327044041877662e-05,-7.795472329366593e-07
1771334346370,1.434823629810582e-05,-1.4327044041877662e-05,-7.795472329366593e-07
1771334346370,1.434823629810582e-05,-1.4327044041877662e-05,-7.795472329366593e-07
1771334346371,1.434823629810582e-05,-1.4327044041877662e-05,-7.795472329366593e-07
1771334346373,1.434823629810582e-05,-1.4327044041877662e-05,-7.795472329366593e-07
1771334346374,1.434823629810582e-05,-1.4327044041877662e-05,-7.795472329366593e-07
1771334346375,1.434823629810582e-05,-1.4327044041877662e-05,-7.795472329366593e-07
1771334346376,1.434823629810582e-05,-1.4327044041877662e-05,-7.795472329366593e-07
1771334346377,1.434823629810582e-05,-1.4327044041877662e-05,-7.795472329366593e-07
1771334346378,1.434823629810582e-05,-1.4327044041877662e-05,-7.795472329366593e-07
1771334346379,1.434823629810582e-05,-1.4327044041877662e-05,-7.795472329366593e-07
1771334346379,1.434823629810582e-05,-1.4327044041877662e-05,-7.795472329366593e-07
1771334346380,1.434823629810582e-05,-1.4327044041877662e-05,-7.795472329366593e-07
1771334346381,1.434823629810582e-05,-1.4327044041877662e-05,-7.795472329366593e-07
1771334346382,1.434823629810582e-05,-1.4327044041877662e-05,-7.795472329366593e-07
1771334346383,1.434823629810582e-05,-1.4327044041877662e-05,-7.795472329366593e-07
1771334346384,1.434823629810582e-05,-1.4327044041877662e-05,-7.795472329366593e-07
1771334346385,1.434823629810582e-05,-1.4327044041877662e-05,-7.795472329366593e-07
1771334346386,1.434823629810582e-05,-1.4327044041877662e-05,-7.795472329366593e-07
1771334346387,1.434823629810582e-05,-1.4327044041877662e-05,-7.795472329366593e-07
1771334346388,1.434823629810582e-05,-1.4327044041877662e-05,-7.795472329366593e-07
1771334346389,1.434823629810582e-05,-1.4327044041877662e-05,-7.795472329366593e-07
1771334346390,1.434823629810582e-05,-1.4327044041877662e-05,-7.795472329366593e-07
1771334346391,1.434823629810582e-05,-1.4327044041877662e-05,-7.795472329366593e-07
1771334346392,1.434823629810582e-05,-1.4327044041877662e-05,-7.795472329366593e-07
1771334346393,1.434823629810582e-05,-1.4327044041877662e-05,-7.795472329366593e-07
1771334346394,1.434823629810582e-05,-1.4327044041877662e-05,-7.795472329366593e-07
1771334346395,1.434823629810582e-05,-1.4327044041877662e-05,-7.795472329366593e-07
1771334346396,1.434823629810582e-05,-1.4327044041877662e-05,-7.795472329366593e-07
1771334346397,1.434823629810582e-05,-1.4327044041877662e-05,-7.795472329366593e-07
1771334346398,1.434823629810582e-05,-1.4327044041877662e-05,-7.795472329366593e-07
1771334346399,1.434823629810582e-05,-1.4327044041877662e-05,-7.795472329366593e-07
1771334346400,1.434823629810582e-05,-1.4327044041877662e-05,-7.795472329366593e-07
1771334346401,1.434823629810582e-05,-1.4327044041877662e-05,-7.795472329366593e-07
1771334346402,1.434823629810582e-05,-1.4327044041877662e-05,-7.795472329366593e-07
1771334346403,1.434823629810582e-05,-1.4327044041877662e-05,-7.795472329366593e-07
1771334346404,1.434823629810582e-05,-1.4327044041877662e-05,-7.795472329366593e-07
1771334346405,1.434823629810582e-05,-1.4327044041877662e-05,-7.795472329366593e-07
1771334346406,1.434823629810582e-05,-1.4327044041877662e-05,-7.795472329366593e-07
1771334346407,1.434823629810582e-05,-1.4327044041877662e-05,-7.795472329366593e-07
1771334346408,1.434823629810582e-05,-1.4327044041877662e-05,-7.795472329366593e-07
1771334346409,1.434823629810582e-05,-1.4327044041877662e-05,-7.795472329366593e-07
1771334346410,1.434823629810582e-05,-1.4327044041877662e-05,-7.795472329366593e-07
1771334346411,1.434823629810582e-05,-1.4327044041877662e-05,-7.795472329366593e-07
1771334346412,1.434823629810582e-05,-1.4327044041877662e-05,-7.795472329366593e-07
1771334346413,1.434823629810582e-05,-1.4327044041877662e-05,-7.795472329366593e-07
1771334346414,1.434823629810582e-05,-1.4327044041877662e-05,-7.795472329366593e-07
1771334346415,1.434823629810582e-05,-1.4327044041877662e-05,-7.795472329366593e-07
1771334346416,1.434823629810582e-05,-1.4327044041877662e-05,-7.795472329366593e-07
1771334346417,1.434823629810582e-05,-1.4327044041877662e-05,-7.795472329366593e-07
1771334346418,1.434823629810582e-05,-1.4327044041877662e-05,-7.795472329366593e-07
1771334346419,1.434823629810582e-05,-1.4327044041877662e-05,-7.795472329366593e-07
1771334346420,1.434823629810582e-05,-1.4327044041877662e-05,-7.795472329366593e-07
1771334346421,1.434823629810582e-05,-1.4327044041877662e-05,-7.795472329366593e-07
1771334346422,1.434823629810582e-05,-1.4327044041877662e-05,-7.795472329366593e-07
1771334346423,1.434823629810582e-05,-1.4327044041877662e-05,-7.795472329366593e-07
1771334346424,1.434823629810582e-05,-1.4327044041877662e-05,-7.795472329366593e-07
1771334346425,1.434823629810582e-05,-1.4327044041877662e-05,-7.795472329366593e-07
1771334346426,1.434823629810582e-05,-1.4327044041877662e-05,-7.795472329366593e-07
1771334346427,1.434823629810582e-05,-1.4327044041877662e-05,-7.795472329366593e-07
1771334346428,1.434823629810582e-05,-1.4327044041877662e-05,-7.795472329366593e-07
1771334346429,1.434823629810582e-05,-1.4327044041877662e-05,-7.795472329366593e-07
1771334346430,1.434823629810582e-05,-1.4327044041877662e-05,-7.795472329366593e-07
1771334346431,1.434823629810582e-05,-1.4327044041877662e-05,-7.795472329366593e-07
1771334346432,1.434823629810582e-05,-1.4327044041877662e-05,-7.795472329366593e-07
1771334346433,1.434823629810582e-05,-1.4327044041877662e-05,-7.795472329366593e-07
1771334346434,1.434823629810582e-05,-1.4327044041877662e-05,-7.795472329366593e-07
1771334346435,1.434823629810582e-05,-1.4327044041877662e-05,-7.795472329366593e-07
1771334346436,1.434823629810582e-05,-1.4327044041877662e-05,-7.795472329366593e-07
1771334346437,1.434823629810582e-05,-1.4327044041877662e-05,-7.795472329366593e-07
1771334346438,1.434823629810582e-05,-1.4327044041877662e-05,-7.795472329366593e-07
1771334346439,1.434823629810582e-05,-1.4327044041877662e-05,-7.795472329366593e-07
1771334346440,1.434823629810582e-05,-1.4327044041877662e-05,-7.795472329366593e-07
1771334346441,1.434823629810582e-05,-1.4327044041877662e-05,-7.795472329366593e-07
1771334346442,1.434823629810582e-05,-1.4327044041877662e-05,-7.795472329366593e-07
1771334346443,1.434823629810582e-05,-1.4327044041877662e-05,-7.795472329366593e-07
1771334346444,1.434823629810582e-05,-1.4327044041877662e-05,-7.795472329366593e-07
1771334346445,1.434823629810582e-05,-1.4327044041877662e-05,-7.795472329366593e-07
1771334346446,1.434823629810582e-05,-1.4327044041877662e-05,-7.795472329366593e-07
1771334346447,1.434823629810582e-05,-1.4327044041877662e-05,-7.795472329366593e-07
1771334346448,1.434823629810582e-05,-1.4327044041877662e-05,-7.795472329366593e-07
1771334346449,1.434823629810582e-05,-1.4327044041877662e-05,-7.795472329366593e-07
1771334346450,1.434823629810582e-05,-1.4327044041877662e-05,-7.795472329366593e-07
1771334346451,1.434823629810582e-05,-1.4327044041877662e-05,-7.795472329366593e-07
1771334346452,1.434823629810582e-05,-1.4327044041877662e-05,-7.795472329366593e-07
1771334346453,1.434823629810582e-05,-1.4327044041877662e-05,-7.795472329366593e-07
1771334346454,1.434823629810582e-05,-1.4327044041877662e-05,-7.795472329366593e-07
1771334346454,1.434823629810582e-05,-1.4327044041877662e-05,-7.795472329366593e-07
1771334346456,1.434823629810582e-05,-1.4327044041877662e-05,-7.795472329366593e-07
1771334346457,1.434823629810582e-05,-1.4327044041877662e-05,-7.795472329366593e-07
1771334346458,1.434823629810582e-05,-1.4327044041877662e-05,-7.795472329366593e-07
1771334346459,1.434823629810582e-05,-1.4327044041877662e-05,-7.795472329366593e-07
1771334346460,1.434823629810582e-05,-1.4327044041877662e-05,-7.795472329366593e-07
1771334346461,1.434823629810582e-05,-1.4327044041877662e-05,-7.795472329366593e-07
1771334346462,1.434823629810582e-05,-1.4327044041877662e-05,-7.795472329366593e-07
1771334346462,1.434823629810582e-05,-1.4327044041877662e-05,-7.795472329366593e-07
1771334346463,1.434823629810582e-05,-1.4327044041877662e-05,-7.795472329366593e-07
1771334346464,1.434823629810582e-05,-1.4327044041877662e-05,-7.795472329366593e-07
1771334346465,1.434823629810582e-05,-1.4327044041877662e-05,-7.795472329366593e-07
1771334346466,1.434823629810582e-05,-1.4327044041877662e-05,-7.795472329366593e-07
1771334346467,1.434823629810582e-05,-1.4327044041877662e-05,-7.795472329366593e-07
1771334346468,1.434823629810582e-05,-1.4327044041877662e-05,-7.795472329366593e-07
1771334346469,1.434823629810582e-05,-1.4327044041877662e-05,-7.795472329366593e-07
1771334346470,1.434823629810582e-05,-1.4327044041877662e-05,-7.795472329366593e-07
1771334346471,1.434823629810582e-05,-1.4327044041877662e-05,-7.795472329366593e-07
1771334346472,1.434823629810582e-05,-1.4327044041877662e-05,-7.795472329366593e-07
1771334346473,1.434823629810582e-05,-1.4327044041877662e-05,-7.795472329366593e-07
1771334346474,1.434823629810582e-05,-1.4327044041877662e-05,-7.795472329366593e-07
1771334346475,1.434823629810582e-05,-1.4327044041877662e-05,-7.795472329366593e-07
1771334346476,1.434823629810582e-05,-1.4327044041877662e-05,-7.795472329366593e-07
1771334346477,1.434823629810582e-05,-1.4327044041877662e-05,-7.795472329366593e-07
1771334346478,1.434823629810582e-05,-1.4327044041877662e-05,-7.795472329366593e-07
1771334346479,1.434823629810582e-05,-1.4327044041877662e-05,-7.795472329366593e-07
1771334346480,1.434823629810582e-05,-1.4327044041877662e-05,-7.795472329366593e-07
1771334346481,1.434823629810582e-05,-1.4327044041877662e-05,-7.795472329366593e-07
1771334346482,1.434823629810582e-05,-1.4327044041877662e-05,-7.795472329366593e-07
1771334346483,1.434823629810582e-05,-1.4327044041877662e-05,-7.795472329366593e-07
1771334346484,1.434823629810582e-05,-1.4327044041877662e-05,-7.795472329366593e-07
1771334346485,1.434823629810582e-05,-1.4327044041877662e-05,-7.795472329366593e-07
1771334346486,1.434823629810582e-05,-1.4327044041877662e-05,-7.795472329366593e-07
1771334346487,1.434823629810582e-05,-1.4327044041877662e-05,-7.795472329366593e-07
1771334346488,1.434823629810582e-05,-1.4327044041877662e-05,-7.795472329366593e-07
1771334346489,1.434823629810582e-05,-1.4327044041877662e-05,-7.795472329366593e-07
1771334346490,1.434823629810582e-05,-1.4327044041877662e-05,-7.795472329366593e-07
1771334346491,1.434823629810582e-05,-1.4327044041877662e-05,-7.795472329366593e-07
1771334346492,1.434823629810582e-05,-1.4327044041877662e-05,-7.795472329366593e-07
1771334346493,1.434823629810582e-05,-1.4327044041877662e-05,-7.795472329366593e-07
1771334346494,1.434823629810582e-05,-1.4327044041877662e-05,-7.795472329366593e-07
1771334346495,1.434823629810582e-05,-1.4327044041877662e-05,-7.795472329366593e-07
1771334346496,1.434823629810582e-05,-1.4327044041877662e-05,-7.795472329366593e-07
1771334346497,1.434823629810582e-05,-1.4327044041877662e-05,-7.795472329366593e-07
1771334346498,1.434823629810582e-05,-1.4327044041877662e-05,-7.795472329366593e-07
1771334346499,1.434823629810582e-05,-1.4327044041877662e-05,-7.795472329366593e-07
1771334346500,1.434823629810582e-05,-1.4327044041877662e-05,-7.795472329366593e-07
1771334346501,1.434823629810582e-05,-1.4327044041877662e-05,-7.795472329366593e-07
1771334346502,1.434823629810582e-05,-1.4327044041877662e-05,-7.795472329366593e-07
1771334346503,1.434823629810582e-05,-1.4327044041877662e-05,-7.795472329366593e-07
1771334346504,1.434823629810582e-05,-1.4327044041877662e-05,-7.795472329366593e-07
1771334346505,1.434823629810582e-05,-1.4327044041877662e-05,-7.795472329366593e-07
1771334346506,1.434823629810582e-05,-1.4327044041877662e-05,-7.795472329366593e-07
1771334346507,1.434823629810582e-05,-1.4327044041877662e-05,-7.795472329366593e-07
1771334346508,1.434823629810582e-05,-1.4327044041877662e-05,-7.795472329366593e-07
1771334346509,1.434823629810582e-05,-1.4327044041877662e-05,-7.795472329366593e-07
1771334346510,1.434823629810582e-05,-1.4327044041877662e-05,-7.795472329366593e-07
1771334346511,1.434823629810582e-05,-1.4327044041877662e-05,-7.795472329366593e-07
1771334346512,1.434823629810582e-05,-1.4327044041877662e-05,-7.795472329366593e-07
1771334346513,1.434823629810582e-05,-1.4327044041877662e-05,-7.795472329366593e-07
1771334346514,1.434823629810582e-05,-1.4327044041877662e-05,-7.795472329366593e-07
1771334346515,1.434823629810582e-05,-1.4327044041877662e-05,-7.795472329366593e-07
1771334346516,1.434823629810582e-05,-1.4327044041877662e-05,-7.795472329366593e-07
1771334346517,1.434823629810582e-05,-1.4327044041877662e-05,-7.795472329366593e-07
1771334346518,1.434823629810582e-05,-1.4327044041877662e-05,-7.795472329366593e-07
1771334346519,1.434823629810582e-05,-1.4327044041877662e-05,-7.795472329366593e-07
1771334346520,1.434823629810582e-05,-1.4327044041877662e-05,-7.795472329366593e-07
1771334346521,1.434823629810582e-05,-1.4327044041877662e-05,-7.795472329366593e-07
1771334346522,1.434823629810582e-05,-1.4327044041877662e-05,-7.795472329366593e-07
1771334346522,1.434823629810582e-05,-1.4327044041877662e-05,-7.795472329366593e-07
1771334346524,1.434823629810582e-05,-1.4327044041877662e-05,-7.795472329366593e-07
1771334346525,1.434823629810582e-05,-1.4327044041877662e-05,-7.795472329366593e-07
1771334346526,1.434823629810582e-05,-1.4327044041877662e-05,-7.795472329366593e-07
1771334346526,1.434823629810582e-05,-1.4327044041877662e-05,-7.795472329366593e-07
1771334346527,1.434823629810582e-05,-1.4327044041877662e-05,-7.795472329366593e-07
1771334346528,1.434823629810582e-05,-1.4327044041877662e-05,-7.795472329366593e-07
1771334346529,1.434823629810582e-05,-1.4327044041877662e-05,-7.795472329366593e-07
1771334346530,1.434823629810582e-05,-1.4327044041877662e-05,-7.795472329366593e-07
1771334346531,1.434823629810582e-05,-1.4327044041877662e-05,-7.795472329366593e-07
1771334346532,1.434823629810582e-05,-1.4327044041877662e-05,-7.795472329366593e-07
1771334346533,1.434823629810582e-05,-1.4327044041877662e-05,-7.795472329366593e-07
1771334346534,1.434823629810582e-05,-1.4327044041877662e-05,-7.795472329366593e-07
1771334346535,1.434823629810582e-05,-1.4327044041877662e-05,-7.795472329366593e-07
1771334346536,1.434823629810582e-05,-1.4327044041877662e-05,-7.795472329366593e-07
1771334346537,1.434823629810582e-05,-1.4327044041877662e-05,-7.795472329366593e-07
1771334346538,1.434823629810582e-05,-1.4327044041877662e-05,-7.795472329366593e-07
1771334346539,1.434823629810582e-05,-1.4327044041877662e-05,-7.795472329366593e-07
1771334346540,1.434823629810582e-05,-1.4327044041877662e-05,-7.795472329366593e-07
1771334346541,1.434823629810582e-05,-1.4327044041877662e-05,-7.795472329366593e-07
1771334346542,1.434823629810582e-05,-1.4327044041877662e-05,-7.795472329366593e-07
1771334346543,1.434823629810582e-05,-1.4327044041877662e-05,-7.795472329366593e-07
1771334346544,1.434823629810582e-05,-1.4327044041877662e-05,-7.795472329366593e-07
1771334346545,1.434823629810582e-05,-1.4327044041877662e-05,-7.795472329366593e-07
1771334346546,1.434823629810582e-05,-1.4327044041877662e-05,-7.795472329366593e-07
1771334346547,1.434823629810582e-05,-1.4327044041877662e-05,-7.795472329366593e-07
1771334346548,1.434823629810582e-05,-1.4327044041877662e-05,-7.795472329366593e-07
1771334346549,1.434823629810582e-05,-1.4327044041877662e-05,-7.795472329366593e-07
1771334346550,1.434823629810582e-05,-1.4327044041877662e-05,-7.795472329366593e-07
1771334346551,1.434823629810582e-05,-1.4327044041877662e-05,-7.795472329366593e-07
1771334346552,1.434823629810582e-05,-1.4327044041877662e-05,-7.795472329366593e-07
1771334346553,1.434823629810582e-05,-1.4327044041877662e-05,-7.795472329366593e-07
1771334346554,1.434823629810582e-05,-1.4327044041877662e-05,-7.795472329366593e-07
1771334346555,1.434823629810582e-05,-1.4327044041877662e-05,-7.795472329366593e-07
1771334346556,1.434823629810582e-05,-1.4327044041877662e-05,-7.795472329366593e-07
1771334346557,1.434823629810582e-05,-1.4327044041877662e-05,-7.795472329366593e-07
1771334346558,1.434823629810582e-05,-1.4327044041877662e-05,-7.795472329366593e-07
1771334346559,1.434823629810582e-05,-1.4327044041877662e-05,-7.795472329366593e-07
1771334346560,1.434823629810582e-05,-1.4327044041877662e-05,-7.795472329366593e-07
1771334346561,1.434823629810582e-05,-1.4327044041877662e-05,-7.795472329366593e-07
1771334346562,1.434823629810582e-05,-1.4327044041877662e-05,-7.795472329366593e-07
1771334346563,1.434823629810582e-05,-1.4327044041877662e-05,-7.795472329366593e-07
1771334346564,1.434823629810582e-05,-1.4327044041877662e-05,-7.795472329366593e-07
1771334346565,1.434823629810582e-05,-1.4327044041877662e-05,-7.795472329366593e-07
1771334346566,1.434823629810582e-05,-1.4327044041877662e-05,-7.795472329366593e-07
1771334346567,1.434823629810582e-05,-1.4327044041877662e-05,-7.795472329366593e-07
1771334346568,1.434823629810582e-05,-1.4327044041877662e-05,-7.795472329366593e-07
1771334346569,1.434823629810582e-05,-1.4327044041877662e-05,-7.795472329366593e-07
1771334346570,1.434823629810582e-05,-1.4327044041877662e-05,-7.795472329366593e-07
1771334346571,1.434823629810582e-05,-1.4327044041877662e-05,-7.795472329366593e-07
1771334346572,1.434823629810582e-05,-1.4327044041877662e-05,-7.795472329366593e-07
1771334346573,1.434823629810582e-05,-1.4327044041877662e-05,-7.795472329366593e-07
1771334346574,1.434823629810582e-05,-1.4327044041877662e-05,-7.795472329366593e-07
1771334346575,1.434823629810582e-05,-1.4327044041877662e-05,-7.795472329366593e-07
1771334346576,1.434823629810582e-05,-1.4327044041877662e-05,-7.795472329366593e-07
1771334346577,1.434823629810582e-05,-1.4327044041877662e-05,-7.795472329366593e-07
1771334346577,1.434823629810582e-05,-1.4327044041877662e-05,-7.795472329366593e-07
1771334346578,1.434823629810582e-05,-1.4327044041877662e-05,-7.795472329366593e-07
1771334346579,1.434823629810582e-05,-1.4327044041877662e-05,-7.795472329366593e-07
1771334346580,1.434823629810582e-05,-1.4327044041877662e-05,-7.795472329366593e-07
1771334346581,1.434823629810582e-05,-1.4327044041877662e-05,-7.795472329366593e-07
1771334346582,1.434823629810582e-05,-1.4327044041877662e-05,-7.795472329366593e-07
1771334346583,1.434823629810582e-05,-1.4327044041877662e-05,-7.795472329366593e-07
1771334346584,1.434823629810582e-05,-1.4327044041877662e-05,-7.795472329366593e-07
1771334346585,1.434823629810582e-05,-1.4327044041877662e-05,-7.795472329366593e-07
1771334346586,1.434823629810582e-05,-1.4327044041877662e-05,-7.795472329366593e-07
1771334346587,1.434823629810582e-05,-1.4327044041877662e-05,-7.795472329366593e-07
1771334346588,1.434823629810582e-05,-1.4327044041877662e-05,-7.795472329366593e-07
1771334346589,1.434823629810582e-05,-1.4327044041877662e-05,-7.795472329366593e-07
1771334346590,1.434823629810582e-05,-1.4327044041877662e-05,-7.795472329366593e-07
1771334346591,1.434823629810582e-05,-1.4327044041877662e-05,-7.795472329366593e-07
1771334346592,1.434823629810582e-05,-1.4327044041877662e-05,-7.795472329366593e-07
1771334346593,1.434823629810582e-05,-1.4327044041877662e-05,-7.795472329366593e-07
1771334346594,1.434823629810582e-05,-1.4327044041877662e-05,-7.795472329366593e-07
1771334346595,1.434823629810582e-05,-1.4327044041877662e-05,-7.795472329366593e-07
1771334346596,1.434823629810582e-05,-1.4327044041877662e-05,-7.795472329366593e-07
1771334346597,1.434823629810582e-05,-1.4327044041877662e-05,-7.795472329366593e-07
1771334346598,1.434823629810582e-05,-1.4327044041877662e-05,-7.795472329366593e-07
1771334346599,1.434823629810582e-05,-1.4327044041877662e-05,-7.795472329366593e-07
1771334346600,1.434823629810582e-05,-1.4327044041877662e-05,-7.795472329366593e-07
1771334346601,1.434823629810582e-05,-1.4327044041877662e-05,-7.795472329366593e-07
1771334346602,1.434823629810582e-05,-1.4327044041877662e-05,-7.795472329366593e-07
1771334346603,1.434823629810582e-05,-1.4327044041877662e-05,-7.795472329366593e-07
1771334346604,1.434823629810582e-05,-1.4327044041877662e-05,-7.795472329366593e-07
1771334346605,1.434823629810582e-05,-1.4327044041877662e-05,-7.795472329366593e-07
1771334346606,1.434823629810582e-05,-1.4327044041877662e-05,-7.795472329366593e-07
1771334346607,1.434823629810582e-05,-1.4327044041877662e-05,-7.795472329366593e-07
1771334346608,1.434823629810582e-05,-1.4327044041877662e-05,-7.795472329366593e-07
1771334346609,1.434823629810582e-05,-1.4327044041877662e-05,-7.795472329366593e-07
1771334346610,1.434823629810582e-05,-1.4327044041877662e-05,-7.795472329366593e-07
1771334346611,1.434823629810582e-05,-1.4327044041877662e-05,-7.795472329366593e-07
1771334346612,1.434823629810582e-05,-1.4327044041877662e-05,-7.795472329366593e-07
1771334346613,1.434823629810582e-05,-1.4327044041877662e-05,-7.795472329366593e-07
1771334346614,1.434823629810582e-05,-1.4327044041877662e-05,-7.795472329366593e-07
1771334346615,1.434823629810582e-05,-1.4327044041877662e-05,-7.795472329366593e-07
1771334346616,1.434823629810582e-05,-1.4327044041877662e-05,-7.795472329366593e-07
1771334346617,1.434823629810582e-05,-1.4327044041877662e-05,-7.795472329366593e-07
1771334346618,1.434823629810582e-05,-1.4327044041877662e-05,-7.795472329366593e-07
1771334346619,1.434823629810582e-05,-1.4327044041877662e-05,-7.795472329366593e-07
1771334346620,1.434823629810582e-05,-1.4327044041877662e-05,-7.795472329366593e-07
1771334346620,1.434823629810582e-05,-1.4327044041877662e-05,-7.795472329366593e-07
1771334346621,1.434823629810582e-05,-1.4327044041877662e-05,-7.795472329366593e-07
1771334346623,1.434823629810582e-05,-1.4327044041877662e-05,-7.795472329366593e-07
1771334346624,1.434823629810582e-05,-1.4327044041877662e-05,-7.795472329366593e-07
1771334346625,1.434823629810582e-05,-1.4327044041877662e-05,-7.795472329366593e-07
1771334346626,1.434823629810582e-05,-1.4327044041877662e-05,-7.795472329366593e-07
1771334346627,1.7386363508167668e-05,-1.52716004356367e-05,8.31046666393683e-06
1771334346628,1.7386363508167668e-05,-1.52716004356367e-05,8.31046666393683e-06
1771334346629,1.7386363508167668e-05,-1.52716004356367e-05,8.31046666393683e-06
1771334346630,1.7386363508167668e-05,-1.52716004356367e-05,8.31046666393683e-06
1771334346631,1.7386363508167668e-05,-1.52716004356367e-05,8.31046666393683e-06
1771334346632,1.7386363508167668e-05,-1.52716004356367e-05,8.31046666393683e-06
1771334346633,1.7386363508167668e-05,-1.52716004356367e-05,8.31046666393683e-06
1771334346634,1.7386363508167668e-05,-1.52716004356367e-05,8.31046666393683e-06
1771334346635,1.7386363508167668e-05,-1.52716004356367e-05,8.31046666393683e-06
1771334346636,1.7386363508167668e-05,-1.52716004356367e-05,8.31046666393683e-06
1771334346637,1.7386363508167668e-05,-1.52716004356367e-05,8.31046666393683e-06
1771334346638,1.7386363508167668e-05,-1.52716004356367e-05,8.31046666393683e-06
1771334346639,1.7386363508167668e-05,-1.52716004356367e-05,8.31046666393683e-06
1771334346640,1.7386363508167668e-05,-1.52716004356367e-05,8.31046666393683e-06
1771334346641,1.7386363508167668e-05,-1.52716004356367e-05,8.31046666393683e-06
1771334346642,1.7386363508167668e-05,-1.52716004356367e-05,8.31046666393683e-06
1771334346643,1.7386363508167668e-05,-1.52716004356367e-05,8.31046666393683e-06
1771334346644,1.7386363508167668e-05,-1.52716004356367e-05,8.31046666393683e-06
1771334346645,1.7386363508167668e-05,-1.52716004356367e-05,8.31046666393683e-06
1771334346646,1.7386363508167668e-05,-1.52716004356367e-05,8.31046666393683e-06
1771334346647,1.7386363508167668e-05,-1.52716004356367e-05,8.31046666393683e-06
1771334346648,1.7386363508167668e-05,-1.52716004356367e-05,8.31046666393683e-06
1771334346649,1.7386363508167668e-05,-1.52716004356367e-05,8.31046666393683e-06
1771334346650,1.7386363508167668e-05,-1.52716004356367e-05,8.31046666393683e-06
1771334346650,1.7386363508167668e-05,-1.52716004356367e-05,8.31046666393683e-06
1771334346651,1.7386363508167668e-05,-1.52716004356367e-05,8.31046666393683e-06
1771334346652,1.7386363508167668e-05,-1.52716004356367e-05,8.31046666393683e-06
1771334346653,1.7386363508167668e-05,-1.52716004356367e-05,8.31046666393683e-06
1771334346654,1.7386363508167668e-05,-1.52716004356367e-05,8.31046666393683e-06
1771334346655,1.7386363508167668e-05,-1.52716004356367e-05,8.31046666393683e-06
1771334346656,1.7386363508167668e-05,-1.52716004356367e-05,8.31046666393683e-06
1771334346657,1.7386363508167668e-05,-1.52716004356367e-05,8.31046666393683e-06
1771334346658,1.7386363508167668e-05,-1.52716004356367e-05,8.31046666393683e-06
1771334346659,1.7386363508167668e-05,-1.52716004356367e-05,8.31046666393683e-06
1771334346660,1.7386363508167668e-05,-1.52716004356367e-05,8.31046666393683e-06
1771334346661,1.7386363508167668e-05,-1.52716004356367e-05,8.31046666393683e-06
1771334346662,1.7386363508167668e-05,-1.52716004356367e-05,8.31046666393683e-06
1771334346663,1.7386363508167668e-05,-1.52716004356367e-05,8.31046666393683e-06
1771334346664,1.7386363508167668e-05,-1.52716004356367e-05,8.31046666393683e-06
1771334346665,1.7386363508167668e-05,-1.52716004356367e-05,8.31046666393683e-06
1771334346666,1.7386363508167668e-05,-1.52716004356367e-05,8.31046666393683e-06
1771334346667,1.7386363508167668e-05,-1.52716004356367e-05,8.31046666393683e-06
1771334346668,1.7386363508167668e-05,-1.52716004356367e-05,8.31046666393683e-06
1771334346669,1.7386363508167668e-05,-1.52716004356367e-05,8.31046666393683e-06
1771334346670,1.7386363508167668e-05,-1.52716004356367e-05,8.31046666393683e-06
1771334346671,1.7386363508167668e-05,-1.52716004356367e-05,8.31046666393683e-06
1771334346672,1.7386363508167668e-05,-1.52716004356367e-05,8.31046666393683e-06
1771334346673,1.7386363508167668e-05,-1.52716004356367e-05,8.31046666393683e-06
1771334346674,1.7386363508167668e-05,-1.52716004356367e-05,8.31046666393683e-06
1771334346675,1.7386363508167668e-05,-1.52716004356367e-05,8.31046666393683e-06
1771334346676,1.7386363508167668e-05,-1.52716004356367e-05,8.31046666393683e-06
1771334346677,1.7386363508167668e-05,-1.52716004356367e-05,8.31046666393683e-06
1771334346678,1.7386363508167668e-05,-1.52716004356367e-05,8.31046666393683e-06
1771334346679,1.7386363508167668e-05,-1.52716004356367e-05,8.31046666393683e-06
1771334346680,1.7386363508167668e-05,-1.52716004356367e-05,8.31046666393683e-06
1771334346681,1.7386363508167668e-05,-1.52716004356367e-05,8.31046666393683e-06
1771334346682,1.7386363508167668e-05,-1.52716004356367e-05,8.31046666393683e-06
1771334346683,1.7386363508167668e-05,-1.52716004356367e-05,8.31046666393683e-06
1771334346684,1.7386363508167668e-05,-1.52716004356367e-05,8.31046666393683e-06
1771334346685,1.7386363508167668e-05,-1.52716004356367e-05,8.31046666393683e-06
1771334346686,1.7386363508167668e-05,-1.52716004356367e-05,8.31046666393683e-06
1771334346687,1.7386363508167668e-05,-1.52716004356367e-05,8.31046666393683e-06
1771334346688,1.7386363508167668e-05,-1.52716004356367e-05,8.31046666393683e-06
1771334346689,1.7386363508167668e-05,-1.52716004356367e-05,8.31046666393683e-06
1771334346690,1.7386363508167668e-05,-1.52716004356367e-05,8.31046666393683e-06
1771334346691,1.7386363508167668e-05,-1.52716004356367e-05,8.31046666393683e-06
1771334346692,1.7386363508167668e-05,-1.52716004356367e-05,8.31046666393683e-06
1771334346693,1.7386363508167668e-05,-1.52716004356367e-05,8.31046666393683e-06
1771334346694,1.7386363508167668e-05,-1.52716004356367e-05,8.31046666393683e-06
1771334346695,1.7386363508167668e-05,-1.52716004356367e-05,8.31046666393683e-06
1771334346695,1.7386363508167668e-05,-1.52716004356367e-05,8.31046666393683e-06
1771334346696,1.7386363508167668e-05,-1.52716004356367e-05,8.31046666393683e-06
1771334346697,1.7386363508167668e-05,-1.52716004356367e-05,8.31046666393683e-06
1771334346698,1.7386363508167668e-05,-1.52716004356367e-05,8.31046666393683e-06
1771334346699,1.7386363508167668e-05,-1.52716004356367e-05,8.31046666393683e-06
1771334346700,1.7386363508167668e-05,-1.52716004356367e-05,8.31046666393683e-06
1771334346701,1.7386363508167668e-05,-1.52716004356367e-05,8.31046666393683e-06
1771334346702,1.7386363508167668e-05,-1.52716004356367e-05,8.31046666393683e-06
1771334346703,1.7386363508167668e-05,-1.52716004356367e-05,8.31046666393683e-06
1771334346704,1.7386363508167668e-05,-1.52716004356367e-05,8.31046666393683e-06
1771334346705,1.7386363508167668e-05,-1.52716004356367e-05,8.31046666393683e-06
1771334346706,1.7386363508167668e-05,-1.52716004356367e-05,8.31046666393683e-06
1771334346707,1.7386363508167668e-05,-1.52716004356367e-05,8.31046666393683e-06
1771334346708,1.7386363508167668e-05,-1.52716004356367e-05,8.31046666393683e-06
1771334346709,1.7386363508167668e-05,-1.52716004356367e-05,8.31046666393683e-06
1771334346710,1.7386363508167668e-05,-1.52716004356367e-05,8.31046666393683e-06
1771334346711,1.7386363508167668e-05,-1.52716004356367e-05,8.31046666393683e-06
1771334346712,1.7386363508167668e-05,-1.52716004356367e-05,8.31046666393683e-06
1771334346713,1.7386363508167668e-05,-1.52716004356367e-05,8.31046666393683e-06
1771334346714,1.7386363508167668e-05,-1.52716004356367e-05,8.31046666393683e-06
1771334346715,1.7386363508167668e-05,-1.52716004356367e-05,8.31046666393683e-06
1771334346716,1.7386363508167668e-05,-1.52716004356367e-05,8.31046666393683e-06
1771334346717,1.7386363508167668e-05,-1.52716004356367e-05,8.31046666393683e-06
1771334346718,1.7386363508167668e-05,-1.52716004356367e-05,8.31046666393683e-06
1771334346719,1.7386363508167668e-05,-1.52716004356367e-05,8.31046666393683e-06
1771334346720,1.7386363508167668e-05,-1.52716004356367e-05,8.31046666393683e-06
1771334346721,1.7386363508167668e-05,-1.52716004356367e-05,8.31046666393683e-06
1771334346722,1.7386363508167668e-05,-1.52716004356367e-05,8.31046666393683e-06
1771334346723,1.7386363508167668e-05,-1.52716004356367e-05,8.31046666393683e-06
1771334346724,1.7386363508167668e-05,-1.52716004356367e-05,8.31046666393683e-06
1771334346725,1.7386363508167668e-05,-1.52716004356367e-05,8.31046666393683e-06
1771334346726,1.7386363508167668e-05,-1.52716004356367e-05,8.31046666393683e-06
1771334346727,1.7386363508167668e-05,-1.52716004356367e-05,8.31046666393683e-06
1771334346728,1.7386363508167668e-05,-1.52716004356367e-05,8.31046666393683e-06
1771334346729,1.7386363508167668e-05,-1.52716004356367e-05,8.31046666393683e-06
1771334346730,1.7386363508167668e-05,-1.52716004356367e-05,8.31046666393683e-06
1771334346731,1.7386363508167668e-05,-1.52716004356367e-05,8.31046666393683e-06
1771334346732,1.7386363508167668e-05,-1.52716004356367e-05,8.31046666393683e-06
1771334346733,1.7386363508167668e-05,-1.52716004356367e-05,8.31046666393683e-06
1771334346734,1.7386363508167668e-05,-1.52716004356367e-05,8.31046666393683e-06
1771334346735,1.7386363508167668e-05,-1.52716004356367e-05,8.31046666393683e-06
1771334346736,1.7386363508167668e-05,-1.52716004356367e-05,8.31046666393683e-06
1771334346737,1.7386363508167668e-05,-1.52716004356367e-05,8.31046666393683e-06
1771334346738,1.7386363508167668e-05,-1.52716004356367e-05,8.31046666393683e-06
1771334346739,1.7386363508167668e-05,-1.52716004356367e-05,8.31046666393683e-06
1771334346740,1.7386363508167668e-05,-1.52716004356367e-05,8.31046666393683e-06
1771334346741,1.7386363508167668e-05,-1.52716004356367e-05,8.31046666393683e-06
1771334346742,1.7386363508167668e-05,-1.52716004356367e-05,8.31046666393683e-06
1771334346743,1.7386363508167668e-05,-1.52716004356367e-05,8.31046666393683e-06
1771334346744,1.7386363508167668e-05,-1.52716004356367e-05,8.31046666393683e-06
1771334346745,1.7386363508167668e-05,-1.52716004356367e-05,8.31046666393683e-06
1771334346746,1.7386363508167668e-05,-1.52716004356367e-05,8.31046666393683e-06
1771334346746,1.7386363508167668e-05,-1.52716004356367e-05,8.31046666393683e-06
1771334346747,1.7386363508167668e-05,-1.52716004356367e-05,8.31046666393683e-06
1771334346748,1.7386363508167668e-05,-1.52716004356367e-05,8.31046666393683e-06
1771334346749,1.7386363508167668e-05,-1.52716004356367e-05,8.31046666393683e-06
1771334346750,1.7386363508167668e-05,-1.52716004356367e-05,8.31046666393683e-06
1771334346751,1.7386363508167668e-05,-1.52716004356367e-05,8.31046666393683e-06
1771334346752,1.7386363508167668e-05,-1.52716004356367e-05,8.31046666393683e-06
1771334346753,1.7386363508167668e-05,-1.52716004356367e-05,8.31046666393683e-06
1771334346754,1.7386363508167668e-05,-1.52716004356367e-05,8.31046666393683e-06
1771334346755,1.7386363508167668e-05,-1.52716004356367e-05,8.31046666393683e-06
1771334346756,1.7386363508167668e-05,-1.52716004356367e-05,8.31046666393683e-06
1771334346757,1.7386363508167668e-05,-1.52716004356367e-05,8.31046666393683e-06
1771334346758,1.7386363508167668e-05,-1.52716004356367e-05,8.31046666393683e-06
1771334346759,1.7386363508167668e-05,-1.52716004356367e-05,8.31046666393683e-06
1771334346760,1.7386363508167668e-05,-1.52716004356367e-05,8.31046666393683e-06
1771334346761,1.7386363508167668e-05,-1.52716004356367e-05,8.31046666393683e-06
1771334346762,1.7386363508167668e-05,-1.52716004356367e-05,8.31046666393683e-06
1771334346763,1.7386363508167668e-05,-1.52716004356367e-05,8.31046666393683e-06
1771334346764,1.7386363508167668e-05,-1.52716004356367e-05,8.31046666393683e-06
1771334346765,1.7386363508167668e-05,-1.52716004356367e-05,8.31046666393683e-06
1771334346766,1.7386363508167668e-05,-1.52716004356367e-05,8.31046666393683e-06
1771334346767,1.7386363508167668e-05,-1.52716004356367e-05,8.31046666393683e-06
1771334346768,1.7386363508167668e-05,-1.52716004356367e-05,8.31046666393683e-06
1771334346769,1.7386363508167668e-05,-1.52716004356367e-05,8.31046666393683e-06
1771334346770,1.7386363508167668e-05,-1.52716004356367e-05,8.31046666393683e-06
1771334346771,1.7386363508167668e-05,-1.52716004356367e-05,8.31046666393683e-06
1771334346772,1.7386363508167668e-05,-1.52716004356367e-05,8.31046666393683e-06
1771334346773,1.7386363508167668e-05,-1.52716004356367e-05,8.31046666393683e-06
1771334346774,1.7386363508167668e-05,-1.52716004356367e-05,8.31046666393683e-06
1771334346775,1.7386363508167668e-05,-1.52716004356367e-05,8.31046666393683e-06
1771334346776,1.7386363508167668e-05,-1.52716004356367e-05,8.31046666393683e-06
1771334346777,1.7386363508167668e-05,-1.52716004356367e-05,8.31046666393683e-06
1771334346778,1.7386363508167668e-05,-1.52716004356367e-05,8.31046666393683e-06
1771334346779,1.7386363508167668e-05,-1.52716004356367e-05,8.31046666393683e-06
1771334346780,1.7386363508167668e-05,-1.52716004356367e-05,8.31046666393683e-06
1771334346781,1.7386363508167668e-05,-1.52716004356367e-05,8.31046666393683e-06
1771334346782,1.7386363508167668e-05,-1.52716004356367e-05,8.31046666393683e-06
1771334346783,1.7386363508167668e-05,-1.52716004356367e-05,8.31046666393683e-06
1771334346784,1.7386363508167668e-05,-1.52716004356367e-05,8.31046666393683e-06
1771334346785,1.7386363508167668e-05,-1.52716004356367e-05,8.31046666393683e-06
1771334346786,1.7386363508167668e-05,-1.52716004356367e-05,8.31046666393683e-06
1771334346787,1.7386363508167668e-05,-1.52716004356367e-05,8.31046666393683e-06
1771334346788,1.7386363508167668e-05,-1.52716004356367e-05,8.31046666393683e-06
1771334346789,1.7386363508167668e-05,-1.52716004356367e-05,8.31046666393683e-06
1771334346790,1.7386363508167668e-05,-1.52716004356367e-05,8.31046666393683e-06
1771334346791,1.7386363508167668e-05,-1.52716004356367e-05,8.31046666393683e-06
1771334346792,1.7386363508167668e-05,-1.52716004356367e-05,8.31046666393683e-06
1771334346793,1.7386363508167668e-05,-1.52716004356367e-05,8.31046666393683e-06
1771334346794,1.7386363508167668e-05,-1.52716004356367e-05,8.31046666393683e-06
1771334346795,1.7386363508167668e-05,-1.52716004356367e-05,8.31046666393683e-06
1771334346796,1.7386363508167668e-05,-1.52716004356367e-05,8.31046666393683e-06
1771334346797,1.7386363508167668e-05,-1.52716004356367e-05,8.31046666393683e-06
1771334346798,1.7386363508167668e-05,-1.52716004356367e-05,8.31046666393683e-06
1771334346799,1.7386363508167668e-05,-1.52716004356367e-05,8.31046666393683e-06
1771334346800,1.7386363508167668e-05,-1.52716004356367e-05,8.31046666393683e-06
1771334346802,1.7386363508167668e-05,-1.52716004356367e-05,8.31046666393683e-06
1771334346808,1.7386363508167668e-05,-1.52716004356367e-05,8.31046666393683e-06
1771334346822,1.7386363508167668e-05,-1.52716004356367e-05,8.31046666393683e-06
1771334346825,1.7386363508167668e-05,-1.52716004356367e-05,8.31046666393683e-06
1771334346826,1.7386363508167668e-05,-1.52716004356367e-05,8.31046666393683e-06
1771334346827,1.7386363508167668e-05,-1.52716004356367e-05,8.31046666393683e-06
1771334346828,1.7386363508167668e-05,-1.52716004356367e-05,8.31046666393683e-06
1771334346830,1.7386363508167668e-05,-1.52716004356367e-05,8.31046666393683e-06
1771334346831,0.0001164815896737832,-8.030618531158095e-05,8.437343974043975e-05
1771334346833,0.0001164815896737832,-8.030618531158095e-05,8.437343974043975e-05
1771334346834,0.0001164815896737832,-8.030618531158095e-05,8.437343974043975e-05
1771334346835,0.0001164815896737832,-8.030618531158095e-05,8.437343974043975e-05
1771334346837,0.0001164815896737832,-8.030618531158095e-05,8.437343974043975e-05
1771334346838,0.0001164815896737832,-8.030618531158095e-05,8.437343974043975e-05
1771334346840,0.0001164815896737832,-8.030618531158095e-05,8.437343974043975e-05
1771334346841,0.0001164815896737832,-8.030618531158095e-05,8.437343974043975e-05
1771334346842,0.0001164815896737832,-8.030618531158095e-05,8.437343974043975e-05
1771334346843,0.0001164815896737832,-8.030618531158095e-05,8.437343974043975e-05
1771334346844,0.0001164815896737832,-8.030618531158095e-05,8.437343974043975e-05
1771334346845,0.0001164815896737832,-8.030618531158095e-05,8.437343974043975e-05
1771334346846,0.0001164815896737832,-8.030618531158095e-05,8.437343974043975e-05
1771334346847,0.0001164815896737832,-8.030618531158095e-05,8.437343974043975e-05
1771334346848,0.0001164815896737832,-8.030618531158095e-05,8.437343974043975e-05
1771334346850,0.0001164815896737832,-8.030618531158095e-05,8.437343974043975e-05
1771334346851,0.0001164815896737832,-8.030618531158095e-05,8.437343974043975e-05
1771334346852,0.0001164815896737832,-8.030618531158095e-05,8.437343974043975e-05
1771334346853,0.0001164815896737832,-8.030618531158095e-05,8.437343974043975e-05
1771334346854,0.0001164815896737832,-8.030618531158095e-05,8.437343974043975e-05
1771334346855,0.0001164815896737832,-8.030618531158095e-05,8.437343974043975e-05
1771334346856,0.0001164815896737832,-8.030618531158095e-05,8.437343974043975e-05
1771334346857,0.0001164815896737832,-8.030618531158095e-05,8.437343974043975e-05
1771334346858,0.0001164815896737832,-8.030618531158095e-05,8.437343974043975e-05
1771334346859,0.0001164815896737832,-8.030618531158095e-05,8.437343974043975e-05
1771334346860,0.0001164815896737832,-8.030618531158095e-05,8.437343974043975e-05
1771334346861,0.0001164815896737832,-8.030618531158095e-05,8.437343974043975e-05
1771334346863,0.0001164815896737832,-8.030618531158095e-05,8.437343974043975e-05
1771334346864,0.0001164815896737832,-8.030618531158095e-05,8.437343974043975e-05
1771334346865,0.0001164815896737832,-8.030618531158095e-05,8.437343974043975e-05
1771334346866,0.0001164815896737832,-8.030618531158095e-05,8.437343974043975e-05
1771334346867,0.0001164815896737832,-8.030618531158095e-05,8.437343974043975e-05
1771334346868,0.0001164815896737832,-8.030618531158095e-05,8.437343974043975e-05
1771334346869,0.0001164815896737832,-8.030618531158095e-05,8.437343974043975e-05
1771334346870,0.0001164815896737832,-8.030618531158095e-05,8.437343974043975e-05
1771334346871,0.0001164815896737832,-8.030618531158095e-05,8.437343974043975e-05
1771334346872,0.0001164815896737832,-8.030618531158095e-05,8.437343974043975e-05
1771334346874,0.0001164815896737832,-8.030618531158095e-05,8.437343974043975e-05
1771334346875,0.0001164815896737832,-8.030618531158095e-05,8.437343974043975e-05
1771334346876,0.0001164815896737832,-8.030618531158095e-05,8.437343974043975e-05
1771334346877,0.0001164815896737832,-8.030618531158095e-05,8.437343974043975e-05
1771334346878,0.0001164815896737832,-8.030618531158095e-05,8.437343974043975e-05
1771334346879,0.0001164815896737832,-8.030618531158095e-05,8.437343974043975e-05
1771334346880,0.0001164815896737832,-8.030618531158095e-05,8.437343974043975e-05
1771334346881,0.0001164815896737832,-8.030618531158095e-05,8.437343974043975e-05
1771334346882,0.0001164815896737832,-8.030618531158095e-05,8.437343974043975e-05
1771334346883,0.0001164815896737832,-8.030618531158095e-05,8.437343974043975e-05
1771334346884,0.0001164815896737832,-8.030618531158095e-05,8.437343974043975e-05
1771334346885,0.0001164815896737832,-8.030618531158095e-05,8.437343974043975e-05
1771334346886,0.0001164815896737832,-8.030618531158095e-05,8.437343974043975e-05
1771334346888,0.0001164815896737832,-8.030618531158095e-05,8.437343974043975e-05
1771334346889,0.0001164815896737832,-8.030618531158095e-05,8.437343974043975e-05
1771334346890,0.0001164815896737832,-8.030618531158095e-05,8.437343974043975e-05
1771334346891,0.0001164815896737832,-8.030618531158095e-05,8.437343974043975e-05
1771334346892,0.0001164815896737832,-8.030618531158095e-05,8.437343974043975e-05
1771334346893,0.0001164815896737832,-8.030618531158095e-05,8.437343974043975e-05
1771334346894,0.0001164815896737832,-8.030618531158095e-05,8.437343974043975e-05
1771334346895,0.0001164815896737832,-8.030618531158095e-05,8.437343974043975e-05
1771334346896,0.0001164815896737832,-8.030618531158095e-05,8.437343974043975e-05
1771334346897,0.0001164815896737832,-8.030618531158095e-05,8.437343974043975e-05
1771334346898,0.0001164815896737832,-8.030618531158095e-05,8.437343974043975e-05
1771334346899,0.0001164815896737832,-8.030618531158095e-05,8.437343974043975e-05
1771334346901,0.0001164815896737832,-8.030618531158095e-05,8.437343974043975e-05
1771334346902,0.0001164815896737832,-8.030618531158095e-05,8.437343974043975e-05
1771334346903,0.0001164815896737832,-8.030618531158095e-05,8.437343974043975e-05
1771334346904,0.0001164815896737832,-8.030618531158095e-05,8.437343974043975e-05
1771334346905,0.0001164815896737832,-8.030618531158095e-05,8.437343974043975e-05
1771334346906,0.0001164815896737832,-8.030618531158095e-05,8.437343974043975e-05
1771334346907,0.0001164815896737832,-8.030618531158095e-05,8.437343974043975e-05
1771334346908,0.0001164815896737832,-8.030618531158095e-05,8.437343974043975e-05
1771334346909,0.0001164815896737832,-8.030618531158095e-05,8.437343974043975e-05
1771334346910,0.0001164815896737832,-8.030618531158095e-05,8.437343974043975e-05
1771334346911,0.0001164815896737832,-8.030618531158095e-05,8.437343974043975e-05
1771334346912,0.0001164815896737832,-8.030618531158095e-05,8.437343974043975e-05
1771334346913,0.0001164815896737832,-8.030618531158095e-05,8.437343974043975e-05
1771334346914,0.0001164815896737832,-8.030618531158095e-05,8.437343974043975e-05
1771334346915,0.0001164815896737832,-8.030618531158095e-05,8.437343974043975e-05
1771334346917,0.0001164815896737832,-8.030618531158095e-05,8.437343974043975e-05
1771334346918,0.0001164815896737832,-8.030618531158095e-05,8.437343974043975e-05
1771334346919,0.0001164815896737832,-8.030618531158095e-05,8.437343974043975e-05
1771334346920,0.0001164815896737832,-8.030618531158095e-05,8.437343974043975e-05
1771334346921,0.0001164815896737832,-8.030618531158095e-05,8.437343974043975e-05
1771334346922,0.0001164815896737832,-8.030618531158095e-05,8.437343974043975e-05
1771334346923,0.0001164815896737832,-8.030618531158095e-05,8.437343974043975e-05
1771334346924,0.0001164815896737832,-8.030618531158095e-05,8.437343974043975e-05
1771334346925,0.0001164815896737832,-8.030618531158095e-05,8.437343974043975e-05
1771334346926,0.0001164815896737832,-8.030618531158095e-05,8.437343974043975e-05
1771334346927,0.0001164815896737832,-8.030618531158095e-05,8.437343974043975e-05
1771334346928,0.0001164815896737832,-8.030618531158095e-05,8.437343974043975e-05
1771334346929,0.0001164815896737832,-8.030618531158095e-05,8.437343974043975e-05
1771334346931,0.0001164815896737832,-8.030618531158095e-05,8.437343974043975e-05
1771334346932,0.0001164815896737832,-8.030618531158095e-05,8.437343974043975e-05
1771334346933,0.0001164815896737832,-8.030618531158095e-05,8.437343974043975e-05
1771334346934,0.0001164815896737832,-8.030618531158095e-05,8.437343974043975e-05
1771334346935,0.0001164815896737832,-8.030618531158095e-05,8.437343974043975e-05
1771334346936,0.0001164815896737832,-8.030618531158095e-05,8.437343974043975e-05
1771334346937,0.0001164815896737832,-8.030618531158095e-05,8.437343974043975e-05
1771334346938,0.0001164815896737832,-8.030618531158095e-05,8.437343974043975e-05
1771334346939,0.0001164815896737832,-8.030618531158095e-05,8.437343974043975e-05
1771334346940,0.0001164815896737832,-8.030618531158095e-05,8.437343974043975e-05
1771334346941,0.0001164815896737832,-8.030618531158095e-05,8.437343974043975e-05
1771334346942,0.0001164815896737832,-8.030618531158095e-05,8.437343974043975e-05
1771334346943,0.0001164815896737832,-8.030618531158095e-05,8.437343974043975e-05
1771334346945,0.0001164815896737832,-8.030618531158095e-05,8.437343974043975e-05
1771334346946,0.0001164815896737832,-8.030618531158095e-05,8.437343974043975e-05
1771334346947,0.0001164815896737832,-8.030618531158095e-05,8.437343974043975e-05
1771334346948,0.0001164815896737832,-8.030618531158095e-05,8.437343974043975e-05
1771334346949,0.0001164815896737832,-8.030618531158095e-05,8.437343974043975e-05
1771334346950,0.0001164815896737832,-8.030618531158095e-05,8.437343974043975e-05
1771334346951,0.0001164815896737832,-8.030618531158095e-05,8.437343974043975e-05
1771334346952,0.0001164815896737832,-8.030618531158095e-05,8.437343974043975e-05
1771334346953,0.0001164815896737832,-8.030618531158095e-05,8.437343974043975e-05
1771334346954,0.0001164815896737832,-8.030618531158095e-05,8.437343974043975e-05
1771334346955,0.0001164815896737832,-8.030618531158095e-05,8.437343974043975e-05
1771334346956,0.0001164815896737832,-8.030618531158095e-05,8.437343974043975e-05
1771334346958,0.0001164815896737832,-8.030618531158095e-05,8.437343974043975e-05
1771334346959,0.0001164815896737832,-8.030618531158095e-05,8.437343974043975e-05
1771334346960,0.0001164815896737832,-8.030618531158095e-05,8.437343974043975e-05
1771334346961,0.0001164815896737832,-8.030618531158095e-05,8.437343974043975e-05
1771334346962,0.0001164815896737832,-8.030618531158095e-05,8.437343974043975e-05
1771334346963,0.0001164815896737832,-8.030618531158095e-05,8.437343974043975e-05
1771334346964,0.0001164815896737832,-8.030618531158095e-05,8.437343974043975e-05
1771334346965,0.0001164815896737832,-8.030618531158095e-05,8.437343974043975e-05
1771334346966,0.0001164815896737832,-8.030618531158095e-05,8.437343974043975e-05
1771334346967,0.0001164815896737832,-8.030618531158095e-05,8.437343974043975e-05
1771334346968,0.0001164815896737832,-8.030618531158095e-05,8.437343974043975e-05
1771334346969,0.0001164815896737832,-8.030618531158095e-05,8.437343974043975e-05
1771334346970,0.0001164815896737832,-8.030618531158095e-05,8.437343974043975e-05
1771334346971,0.0001164815896737832,-8.030618531158095e-05,8.437343974043975e-05
1771334346972,0.0001164815896737832,-8.030618531158095e-05,8.437343974043975e-05
1771334346974,0.0001164815896737832,-8.030618531158095e-05,8.437343974043975e-05
1771334346975,0.0001164815896737832,-8.030618531158095e-05,8.437343974043975e-05
1771334346976,0.0001164815896737832,-8.030618531158095e-05,8.437343974043975e-05
1771334346977,0.0001164815896737832,-8.030618531158095e-05,8.437343974043975e-05
1771334346978,0.0001164815896737832,-8.030618531158095e-05,8.437343974043975e-05
1771334346979,0.0001164815896737832,-8.030618531158095e-05,8.437343974043975e-05
1771334346980,0.0001164815896737832,-8.030618531158095e-05,8.437343974043975e-05
1771334346981,0.0001164815896737832,-8.030618531158095e-05,8.437343974043975e-05
1771334346982,0.0001164815896737832,-8.030618531158095e-05,8.437343974043975e-05
1771334346984,0.0001164815896737832,-8.030618531158095e-05,8.437343974043975e-05
1771334346985,0.0001164815896737832,-8.030618531158095e-05,8.437343974043975e-05
1771334346986,0.0001164815896737832,-8.030618531158095e-05,8.437343974043975e-05
1771334346987,0.0001164815896737832,-8.030618531158095e-05,8.437343974043975e-05
1771334346988,0.0001164815896737832,-8.030618531158095e-05,8.437343974043975e-05
1771334346989,0.0001164815896737832,-8.030618531158095e-05,8.437343974043975e-05
1771334346990,0.0001164815896737832,-8.030618531158095e-05,8.437343974043975e-05
1771334346991,0.0001164815896737832,-8.030618531158095e-05,8.437343974043975e-05
1771334346992,0.0001164815896737832,-8.030618531158095e-05,8.437343974043975e-05
1771334346993,0.0001164815896737832,-8.030618531158095e-05,8.437343974043975e-05
1771334346994,0.0001164815896737832,-8.030618531158095e-05,8.437343974043975e-05
1771334346995,0.0001164815896737832,-8.030618531158095e-05,8.437343974043975e-05
1771334346996,0.0001164815896737832,-8.030618531158095e-05,8.437343974043975e-05
1771334346997,0.0001164815896737832,-8.030618531158095e-05,8.437343974043975e-05
1771334346999,0.0001164815896737832,-8.030618531158095e-05,8.437343974043975e-05
1771334347000,0.0001164815896737832,-8.030618531158095e-05,8.437343974043975e-05
1771334347001,0.0001164815896737832,-8.030618531158095e-05,8.437343974043975e-05
1771334347002,0.0001164815896737832,-8.030618531158095e-05,8.437343974043975e-05
1771334347003,0.0001164815896737832,-8.030618531158095e-05,8.437343974043975e-05
1771334347004,0.0001164815896737832,-8.030618531158095e-05,8.437343974043975e-05
1771334347005,0.0001164815896737832,-8.030618531158095e-05,8.437343974043975e-05
1771334347006,0.0001164815896737832,-8.030618531158095e-05,8.437343974043975e-05
1771334347007,0.0001164815896737832,-8.030618531158095e-05,8.437343974043975e-05
1771334347008,0.0001164815896737832,-8.030618531158095e-05,8.437343974043975e-05
1771334347010,0.0001164815896737832,-8.030618531158095e-05,8.437343974043975e-05
1771334347011,0.0001164815896737832,-8.030618531158095e-05,8.437343974043975e-05
1771334347012,0.0001164815896737832,-8.030618531158095e-05,8.437343974043975e-05
1771334347013,0.0001164815896737832,-8.030618531158095e-05,8.437343974043975e-05
1771334347014,0.0001164815896737832,-8.030618531158095e-05,8.437343974043975e-05
1771334347015,0.0001164815896737832,-8.030618531158095e-05,8.437343974043975e-05
1771334347016,0.0001164815896737832,-8.030618531158095e-05,8.437343974043975e-05
1771334347017,0.0001164815896737832,-8.030618531158095e-05,8.437343974043975e-05
1771334347018,0.0001164815896737832,-8.030618531158095e-05,8.437343974043975e-05
1771334347019,0.0001164815896737832,-8.030618531158095e-05,8.437343974043975e-05
1771334347020,0.0001164815896737832,-8.030618531158095e-05,8.437343974043975e-05
1771334347021,0.0001164815896737832,-8.030618531158095e-05,8.437343974043975e-05
1771334347022,0.0001164815896737832,-8.030618531158095e-05,8.437343974043975e-05
1771334347024,0.0001164815896737832,-8.030618531158095e-05,8.437343974043975e-05
1771334347025,0.0001164815896737832,-8.030618531158095e-05,8.437343974043975e-05
1771334347026,0.0001164815896737832,-8.030618531158095e-05,8.437343974043975e-05
1771334347027,0.0001164815896737832,-8.030618531158095e-05,8.437343974043975e-05
1771334347028,0.0001164815896737832,-8.030618531158095e-05,8.437343974043975e-05
1771334347029,0.0001164815896737832,-8.030618531158095e-05,8.437343974043975e-05
1771334347030,0.0001164815896737832,-8.030618531158095e-05,8.437343974043975e-05
1771334347031,0.0001164815896737832,-8.030618531158095e-05,8.437343974043975e-05
1771334347032,0.0001164815896737832,-8.030618531158095e-05,8.437343974043975e-05
1771334347033,0.0001164815896737832,-8.030618531158095e-05,8.437343974043975e-05
1771334347034,0.0001164815896737832,-8.030618531158095e-05,8.437343974043975e-05
1771334347035,0.0001164815896737832,-8.030618531158095e-05,8.437343974043975e-05
1771334347037,0.0001164815896737832,-8.030618531158095e-05,8.437343974043975e-05
1771334347038,0.0001164815896737832,-8.030618531158095e-05,8.437343974043975e-05
1771334347039,0.0001164815896737832,-8.030618531158095e-05,8.437343974043975e-05
1771334347040,0.0001164815896737832,-8.030618531158095e-05,8.437343974043975e-05
1771334347041,0.0001164815896737832,-8.030618531158095e-05,8.437343974043975e-05
1771334347042,0.0001164815896737832,-8.030618531158095e-05,8.437343974043975e-05
1771334347043,0.0001164815896737832,-8.030618531158095e-05,8.437343974043975e-05
1771334347044,0.0001164815896737832,-8.030618531158095e-05,8.437343974043975e-05
1771334347045,0.0001164815896737832,-8.030618531158095e-05,8.437343974043975e-05
1771334347046,0.0001164815896737832,-8.030618531158095e-05,8.437343974043975e-05
1771334347048,0.0001164815896737832,-8.030618531158095e-05,8.437343974043975e-05
1771334347049,0.0001164815896737832,-8.030618531158095e-05,8.437343974043975e-05
1771334347050,0.0001164815896737832,-8.030618531158095e-05,8.437343974043975e-05
1771334347051,0.0001164815896737832,-8.030618531158095e-05,8.437343974043975e-05
1771334347052,0.0001164815896737832,-8.030618531158095e-05,8.437343974043975e-05
1771334347053,0.0001164815896737832,-8.030618531158095e-05,8.437343974043975e-05
1771334347054,0.0001164815896737832,-8.030618531158095e-05,8.437343974043975e-05
1771334347055,0.0001164815896737832,-8.030618531158095e-05,8.437343974043975e-05
1771334347056,0.0001164815896737832,-8.030618531158095e-05,8.437343974043975e-05
1771334347057,0.0001164815896737832,-8.030618531158095e-05,8.437343974043975e-05
1771334347059,0.0001164815896737832,-8.030618531158095e-05,8.437343974043975e-05
1771334347060,0.0001164815896737832,-8.030618531158095e-05,8.437343974043975e-05
1771334347061,0.0001164815896737832,-8.030618531158095e-05,8.437343974043975e-05
1771334347062,0.0001164815896737832,-8.030618531158095e-05,8.437343974043975e-05
1771334347063,0.0001164815896737832,-8.030618531158095e-05,8.437343974043975e-05
1771334347064,0.0001164815896737832,-8.030618531158095e-05,8.437343974043975e-05
1771334347065,0.0001164815896737832,-8.030618531158095e-05,8.437343974043975e-05
1771334347066,0.0001164815896737832,-8.030618531158095e-05,8.437343974043975e-05
1771334347067,0.0001164815896737832,-8.030618531158095e-05,8.437343974043975e-05
1771334347068,0.0001164815896737832,-8.030618531158095e-05,8.437343974043975e-05
1771334347069,0.0001164815896737832,-8.030618531158095e-05,8.437343974043975e-05
1771334347070,0.0001164815896737832,-8.030618531158095e-05,8.437343974043975e-05
1771334347071,0.0001164815896737832,-8.030618531158095e-05,8.437343974043975e-05
1771334347073,0.0001164815896737832,-8.030618531158095e-05,8.437343974043975e-05
1771334347074,0.0001164815896737832,-8.030618531158095e-05,8.437343974043975e-05
1771334347075,0.0001164815896737832,-8.030618531158095e-05,8.437343974043975e-05
1771334347076,0.0001164815896737832,-8.030618531158095e-05,8.437343974043975e-05
1771334347077,0.0001164815896737832,-8.030618531158095e-05,8.437343974043975e-05
1771334347078,0.0001164815896737832,-8.030618531158095e-05,8.437343974043975e-05
1771334347079,0.0001164815896737832,-8.030618531158095e-05,8.437343974043975e-05
1771334347080,0.0001164815896737832,-8.030618531158095e-05,8.437343974043975e-05
1771334347081,0.0001164815896737832,-8.030618531158095e-05,8.437343974043975e-05
1771334347082,0.0001164815896737832,-8.030618531158095e-05,8.437343974043975e-05
1771334347083,0.0001164815896737832,-8.030618531158095e-05,8.437343974043975e-05
1771334347085,0.0001164815896737832,-8.030618531158095e-05,8.437343974043975e-05
1771334347086,0.0001164815896737832,-8.030618531158095e-05,8.437343974043975e-05
1771334347087,0.0001164815896737832,-8.030618531158095e-05,8.437343974043975e-05
1771334347088,0.0001164815896737832,-8.030618531158095e-05,8.437343974043975e-05
1771334347089,0.0001164815896737832,-8.030618531158095e-05,8.437343974043975e-05
1771334347090,0.0001164815896737832,-8.030618531158095e-05,8.437343974043975e-05
1771334347091,0.0001164815896737832,-8.030618531158095e-05,8.437343974043975e-05
1771334347092,0.0001164815896737832,-8.030618531158095e-05,8.437343974043975e-05
1771334347093,0.0001164815896737832,-8.030618531158095e-05,8.437343974043975e-05
1771334347094,0.0001164815896737832,-8.030618531158095e-05,8.437343974043975e-05
1771334347096,0.0001164815896737832,-8.030618531158095e-05,8.437343974043975e-05
1771334347097,0.0001164815896737832,-8.030618531158095e-05,8.437343974043975e-05
1771334347098,0.0001164815896737832,-8.030618531158095e-05,8.437343974043975e-05
1771334347099,0.0001164815896737832,-8.030618531158095e-05,8.437343974043975e-05
1771334347100,0.0001164815896737832,-8.030618531158095e-05,8.437343974043975e-05
1771334347101,0.0001164815896737832,-8.030618531158095e-05,8.437343974043975e-05
1771334347102,0.0001164815896737832,-8.030618531158095e-05,8.437343974043975e-05
1771334347103,0.0001164815896737832,-8.030618531158095e-05,8.437343974043975e-05
1771334347104,0.0001164815896737832,-8.030618531158095e-05,8.437343974043975e-05
1771334347105,0.0001164815896737832,-8.030618531158095e-05,8.437343974043975e-05
1771334347107,0.0001164815896737832,-8.030618531158095e-05,8.437343974043975e-05
1771334347108,0.0001164815896737832,-8.030618531158095e-05,8.437343974043975e-05
1771334347109,0.0001164815896737832,-8.030618531158095e-05,8.437343974043975e-05
1771334347110,0.0001164815896737832,-8.030618531158095e-05,8.437343974043975e-05
1771334347111,0.0001164815896737832,-8.030618531158095e-05,8.437343974043975e-05
1771334347112,0.0001164815896737832,-8.030618531158095e-05,8.437343974043975e-05
1771334347113,0.0001164815896737832,-8.030618531158095e-05,8.437343974043975e-05
1771334347114,0.0001164815896737832,-8.030618531158095e-05,8.437343974043975e-05
1771334347115,0.0001164815896737832,-8.030618531158095e-05,8.437343974043975e-05
1771334347116,0.0001164815896737832,-8.030618531158095e-05,8.437343974043975e-05
1771334347118,0.0001164815896737832,-8.030618531158095e-05,8.437343974043975e-05
1771334347119,0.0001164815896737832,-8.030618531158095e-05,8.437343974043975e-05
1771334347120,0.0001164815896737832,-8.030618531158095e-05,8.437343974043975e-05
1771334347121,0.0001164815896737832,-8.030618531158095e-05,8.437343974043975e-05
1771334347122,0.0001164815896737832,-8.030618531158095e-05,8.437343974043975e-05
1771334347123,0.0001164815896737832,-8.030618531158095e-05,8.437343974043975e-05
1771334347124,0.0001164815896737832,-8.030618531158095e-05,8.437343974043975e-05
1771334347126,0.0001164815896737832,-8.030618531158095e-05,8.437343974043975e-05
1771334347127,0.0001164815896737832,-8.030618531158095e-05,8.437343974043975e-05
1771334347128,0.0001164815896737832,-8.030618531158095e-05,8.437343974043975e-05
1771334347129,0.0001164815896737832,-8.030618531158095e-05,8.437343974043975e-05
1771334347130,0.0001164815896737832,-8.030618531158095e-05,8.437343974043975e-05
1771334347131,0.0001164815896737832,-8.030618531158095e-05,8.437343974043975e-05
1771334347132,0.0001164815896737832,-8.030618531158095e-05,8.437343974043975e-05
1771334347133,0.0001164815896737832,-8.030618531158095e-05,8.437343974043975e-05
1771334347134,0.0001164815896737832,-8.030618531158095e-05,8.437343974043975e-05
1771334347136,0.0001164815896737832,-8.030618531158095e-05,8.437343974043975e-05
1771334347137,0.0001164815896737832,-8.030618531158095e-05,8.437343974043975e-05
1771334347138,0.0001164815896737832,-8.030618531158095e-05,8.437343974043975e-05
1771334347139,0.0001164815896737832,-8.030618531158095e-05,8.437343974043975e-05
1771334347140,0.0001164815896737832,-8.030618531158095e-05,8.437343974043975e-05
1771334347141,0.0001164815896737832,-8.030618531158095e-05,8.437343974043975e-05
1771334347142,0.0001164815896737832,-8.030618531158095e-05,8.437343974043975e-05
1771334347143,0.0001164815896737832,-8.030618531158095e-05,8.437343974043975e-05
1771334347144,0.0001164815896737832,-8.030618531158095e-05,8.437343974043975e-05
1771334347145,0.0001164815896737832,-8.030618531158095e-05,8.437343974043975e-05
1771334347146,0.0001164815896737832,-8.030618531158095e-05,8.437343974043975e-05
1771334347148,0.0001164815896737832,-8.030618531158095e-05,8.437343974043975e-05
1771334347149,0.0001164815896737832,-8.030618531158095e-05,8.437343974043975e-05
1771334347150,0.0001164815896737832,-8.030618531158095e-05,8.437343974043975e-05
1771334347151,0.0001164815896737832,-8.030618531158095e-05,8.437343974043975e-05
1771334347152,0.0001164815896737832,-8.030618531158095e-05,8.437343974043975e-05
1771334347153,0.0001164815896737832,-8.030618531158095e-05,8.437343974043975e-05
1771334347154,0.0001164815896737832,-8.030618531158095e-05,8.437343974043975e-05
1771334347155,0.0001164815896737832,-8.030618531158095e-05,8.437343974043975e-05
1771334347157,0.0001164815896737832,-8.030618531158095e-05,8.437343974043975e-05
1771334347158,0.0001164815896737832,-8.030618531158095e-05,8.437343974043975e-05
1771334347159,0.0001164815896737832,-8.030618531158095e-05,8.437343974043975e-05
1771334347160,0.0001164815896737832,-8.030618531158095e-05,8.437343974043975e-05
1771334347161,0.0001164815896737832,-8.030618531158095e-05,8.437343974043975e-05
1771334347162,0.0001164815896737832,-8.030618531158095e-05,8.437343974043975e-05
1771334347163,0.0001164815896737832,-8.030618531158095e-05,8.437343974043975e-05
1771334347164,0.0001164815896737832,-8.030618531158095e-05,8.437343974043975e-05
1771334347165,0.0001164815896737832,-8.030618531158095e-05,8.437343974043975e-05
1771334347166,0.0001164815896737832,-8.030618531158095e-05,8.437343974043975e-05
1771334347168,0.0001164815896737832,-8.030618531158095e-05,8.437343974043975e-05
1771334347169,0.0001164815896737832,-8.030618531158095e-05,8.437343974043975e-05
1771334347170,0.0001164815896737832,-8.030618531158095e-05,8.437343974043975e-05
1771334347171,0.0001164815896737832,-8.030618531158095e-05,8.437343974043975e-05
1771334347172,0.0001164815896737832,-8.030618531158095e-05,8.437343974043975e-05
1771334347173,0.0001164815896737832,-8.030618531158095e-05,8.437343974043975e-05
1771334347174,0.0001164815896737832,-8.030618531158095e-05,8.437343974043975e-05
1771334347175,0.0001164815896737832,-8.030618531158095e-05,8.437343974043975e-05
1771334347177,0.0001164815896737832,-8.030618531158095e-05,8.437343974043975e-05
1771334347178,0.0001164815896737832,-8.030618531158095e-05,8.437343974043975e-05
1771334347179,0.0001164815896737832,-8.030618531158095e-05,8.437343974043975e-05
1771334347180,0.0001164815896737832,-8.030618531158095e-05,8.437343974043975e-05
1771334347181,0.0001164815896737832,-8.030618531158095e-05,8.437343974043975e-05
1771334347182,0.0001164815896737832,-8.030618531158095e-05,8.437343974043975e-05
1771334347183,0.0001164815896737832,-8.030618531158095e-05,8.437343974043975e-05
1771334347184,0.0001164815896737832,-8.030618531158095e-05,8.437343974043975e-05
1771334347185,0.0001164815896737832,-8.030618531158095e-05,8.437343974043975e-05
1771334347186,0.0001164815896737832,-8.030618531158095e-05,8.437343974043975e-05
1771334347187,0.0001164815896737832,-8.030618531158095e-05,8.437343974043975e-05
1771334347188,0.2702001329296959,-6.491252649482113e-05,0.27020012513244557
1771334347190,0.2702001329296959,-6.491252649482113e-05,0.27020012513244557
1771334347191,0.2702001329296959,-6.491252649482113e-05,0.27020012513244557
1771334347192,0.2702001329296959,-6.491252649482113e-05,0.27020012513244557
1771334347193,0.2702001329296959,-6.491252649482113e-05,0.27020012513244557
1771334347194,0.2702001329296959,-6.491252649482113e-05,0.27020012513244557
1771334347195,0.2702001329296959,-6.491252649482113e-05,0.27020012513244557
1771334347196,0.2702001329296959,-6.491252649482113e-05,0.27020012513244557
1771334347197,0.2702001329296959,-6.491252649482113e-05,0.27020012513244557
1771334347198,0.2702001329296959,-6.491252649482113e-05,0.27020012513244557
1771334347199,0.2702001329296959,-6.491252649482113e-05,0.27020012513244557
1771334347200,0.2702001329296959,-6.491252649482113e-05,0.27020012513244557
1771334347201,0.2702001329296959,-6.491252649482113e-05,0.27020012513244557
1771334347202,0.2702001329296959,-6.491252649482113e-05,0.27020012513244557
1771334347203,0.2702001329296959,-6.491252649482113e-05,0.27020012513244557
1771334347204,0.2702001329296959,-6.491252649482113e-05,0.27020012513244557
1771334347204,0.2702001329296959,-6.491252649482113e-05,0.27020012513244557
1771334347205,0.2702001329296959,-6.491252649482113e-05,0.27020012513244557
1771334347207,0.2702001329296959,-6.491252649482113e-05,0.27020012513244557
1771334347208,0.2702001329296959,-6.491252649482113e-05,0.27020012513244557
1771334347209,0.2702001329296959,-6.491252649482113e-05,0.27020012513244557
1771334347210,0.2702001329296959,-6.491252649482113e-05,0.27020012513244557
1771334347211,0.2702001329296959,-6.491252649482113e-05,0.27020012513244557
1771334347212,0.2702001329296959,-6.491252649482113e-05,0.27020012513244557
1771334347213,0.2702001329296959,-6.491252649482113e-05,0.27020012513244557
1771334347214,0.2702001329296959,-6.491252649482113e-05,0.27020012513244557
1771334347215,0.2702001329296959,-6.491252649482113e-05,0.27020012513244557
1771334347216,0.2702001329296959,-6.491252649482113e-05,0.27020012513244557
1771334347217,0.2702001329296959,-6.491252649482113e-05,0.27020012513244557
1771334347218,0.2702001329296959,-6.491252649482113e-05,0.27020012513244557
1771334347218,0.2702001329296959,-6.491252649482113e-05,0.27020012513244557
1771334347219,0.2702001329296959,-6.491252649482113e-05,0.27020012513244557
1771334347220,0.2702001329296959,-6.491252649482113e-05,0.27020012513244557
1771334347221,0.2702001329296959,-6.491252649482113e-05,0.27020012513244557
1771334347222,0.2702001329296959,-6.491252649482113e-05,0.27020012513244557
1771334347223,0.2702001329296959,-6.491252649482113e-05,0.27020012513244557
1771334347224,0.2702001329296959,-6.491252649482113e-05,0.27020012513244557
1771334347225,0.2702001329296959,-6.491252649482113e-05,0.27020012513244557
1771334347226,0.2702001329296959,-6.491252649482113e-05,0.27020012513244557
1771334347227,0.2702001329296959,-6.491252649482113e-05,0.27020012513244557
1771334347228,0.2702001329296959,-6.491252649482113e-05,0.27020012513244557
1771334347229,0.2702001329296959,-6.491252649482113e-05,0.27020012513244557
1771334347230,0.2702001329296959,-6.491252649482113e-05,0.27020012513244557
1771334347231,0.2702001329296959,-6.491252649482113e-05,0.27020012513244557
1771334347232,0.2702001329296959,-6.491252649482113e-05,0.27020012513244557
1771334347233,0.2702001329296959,-6.491252649482113e-05,0.27020012513244557
1771334347234,0.2702001329296959,-6.491252649482113e-05,0.27020012513244557
1771334347235,0.2702001329296959,-6.491252649482113e-05,0.27020012513244557
1771334347236,0.2702001329296959,-6.491252649482113e-05,0.27020012513244557
1771334347237,0.2702001329296959,-6.491252649482113e-05,0.27020012513244557
1771334347238,0.2702001329296959,-6.491252649482113e-05,0.27020012513244557
1771334347239,0.2702001329296959,-6.491252649482113e-05,0.27020012513244557
1771334347240,0.2702001329296959,-6.491252649482113e-05,0.27020012513244557
1771334347241,0.2702001329296959,-6.491252649482113e-05,0.27020012513244557
1771334347242,0.2702001329296959,-6.491252649482113e-05,0.27020012513244557
1771334347243,0.2702001329296959,-6.491252649482113e-05,0.27020012513244557
1771334347244,0.2702001329296959,-6.491252649482113e-05,0.27020012513244557
1771334347245,0.2702001329296959,-6.491252649482113e-05,0.27020012513244557
1771334347246,0.2702001329296959,-6.491252649482113e-05,0.27020012513244557
1771334347247,0.2702001329296959,-6.491252649482113e-05,0.27020012513244557
1771334347248,0.2702001329296959,-6.491252649482113e-05,0.27020012513244557
1771334347249,0.2702001329296959,-6.491252649482113e-05,0.27020012513244557
1771334347250,0.2702001329296959,-6.491252649482113e-05,0.27020012513244557
1771334347251,0.2702001329296959,-6.491252649482113e-05,0.27020012513244557
1771334347252,0.2702001329296959,-6.491252649482113e-05,0.27020012513244557
1771334347253,0.2702001329296959,-6.491252649482113e-05,0.27020012513244557
1771334347254,0.2702001329296959,-6.491252649482113e-05,0.27020012513244557
1771334347255,0.2702001329296959,-6.491252649482113e-05,0.27020012513244557
1771334347257,0.2702001329296959,-6.491252649482113e-05,0.27020012513244557
1771334347258,0.2702001329296959,-6.491252649482113e-05,0.27020012513244557
1771334347259,0.2702001329296959,-6.491252649482113e-05,0.27020012513244557
1771334347260,0.2702001329296959,-6.491252649482113e-05,0.27020012513244557
1771334347260,0.2702001329296959,-6.491252649482113e-05,0.27020012513244557
1771334347261,0.2702001329296959,-6.491252649482113e-05,0.27020012513244557
1771334347262,0.2702001329296959,-6.491252649482113e-05,0.27020012513244557
1771334347263,0.2702001329296959,-6.491252649482113e-05,0.27020012513244557
1771334347265,0.2702001329296959,-6.491252649482113e-05,0.27020012513244557
1771334347266,0.2702001329296959,-6.491252649482113e-05,0.27020012513244557
1771334347267,0.2702001329296959,-6.491252649482113e-05,0.27020012513244557
1771334347268,0.2702001329296959,-6.491252649482113e-05,0.27020012513244557
1771334347269,0.2702001329296959,-6.491252649482113e-05,0.27020012513244557
1771334347270,0.2702001329296959,-6.491252649482113e-05,0.27020012513244557
1771334347271,0.2702001329296959,-6.491252649482113e-05,0.27020012513244557
1771334347272,0.2702001329296959,-6.491252649482113e-05,0.27020012513244557
1771334347273,0.2702001329296959,-6.491252649482113e-05,0.27020012513244557
1771334347274,0.2702001329296959,-6.491252649482113e-05,0.27020012513244557
1771334347275,0.2702001329296959,-6.491252649482113e-05,0.27020012513244557
1771334347276,0.2702001329296959,-6.491252649482113e-05,0.27020012513244557
1771334347277,0.2702001329296959,-6.491252649482113e-05,0.27020012513244557
1771334347278,0.2702001329296959,-6.491252649482113e-05,0.27020012513244557
1771334347279,0.2702001329296959,-6.491252649482113e-05,0.27020012513244557
1771334347280,0.2702001329296959,-6.491252649482113e-05,0.27020012513244557
1771334347281,0.2702001329296959,-6.491252649482113e-05,0.27020012513244557
1771334347282,0.2702001329296959,-6.491252649482113e-05,0.27020012513244557
1771334347283,0.2702001329296959,-6.491252649482113e-05,0.27020012513244557
1771334347284,0.2702001329296959,-6.491252649482113e-05,0.27020012513244557
1771334347285,0.2702001329296959,-6.491252649482113e-05,0.27020012513244557
1771334347286,0.2702001329296959,-6.491252649482113e-05,0.27020012513244557
1771334347287,0.2702001329296959,-6.491252649482113e-05,0.27020012513244557
1771334347288,0.2702001329296959,-6.491252649482113e-05,0.27020012513244557
1771334347289,0.2702001329296959,-6.491252649482113e-05,0.27020012513244557
1771334347290,0.2702001329296959,-6.491252649482113e-05,0.27020012513244557
1771334347291,0.2702001329296959,-6.491252649482113e-05,0.27020012513244557
1771334347292,0.2702001329296959,-6.491252649482113e-05,0.27020012513244557
1771334347293,0.2702001329296959,-6.491252649482113e-05,0.27020012513244557
1771334347294,0.2702001329296959,-6.491252649482113e-05,0.27020012513244557
1771334347295,0.2702001329296959,-6.491252649482113e-05,0.27020012513244557
1771334347296,0.2702001329296959,-6.491252649482113e-05,0.27020012513244557
1771334347297,0.2702001329296959,-6.491252649482113e-05,0.27020012513244557
1771334347299,0.2702001329296959,-6.491252649482113e-05,0.27020012513244557
1771334347300,0.2702001329296959,-6.491252649482113e-05,0.27020012513244557
1771334347301,0.2702001329296959,-6.491252649482113e-05,0.27020012513244557
1771334347302,0.2702001329296959,-6.491252649482113e-05,0.27020012513244557
1771334347303,0.2702001329296959,-6.491252649482113e-05,0.27020012513244557
1771334347304,0.2702001329296959,-6.491252649482113e-05,0.27020012513244557
1771334347305,0.2702001329296959,-6.491252649482113e-05,0.27020012513244557
1771334347306,0.2702001329296959,-6.491252649482113e-05,0.27020012513244557
1771334347307,0.2702001329296959,-6.491252649482113e-05,0.27020012513244557
1771334347308,0.2702001329296959,-6.491252649482113e-05,0.27020012513244557
1771334347309,0.2702001329296959,-6.491252649482113e-05,0.27020012513244557
1771334347310,0.2702001329296959,-6.491252649482113e-05,0.27020012513244557
1771334347311,0.2702001329296959,-6.491252649482113e-05,0.27020012513244557
1771334347312,0.2702001329296959,-6.491252649482113e-05,0.27020012513244557
1771334347313,0.2702001329296959,-6.491252649482113e-05,0.27020012513244557
1771334347314,0.2702001329296959,-6.491252649482113e-05,0.27020012513244557
1771334347315,0.2702001329296959,-6.491252649482113e-05,0.27020012513244557
1771334347316,0.2702001329296959,-6.491252649482113e-05,0.27020012513244557
1771334347317,0.2702001329296959,-6.491252649482113e-05,0.27020012513244557
1771334347318,0.2702001329296959,-6.491252649482113e-05,0.27020012513244557
1771334347319,0.2702001329296959,-6.491252649482113e-05,0.27020012513244557
1771334347320,0.2702001329296959,-6.491252649482113e-05,0.27020012513244557
1771334347321,0.2702001329296959,-6.491252649482113e-05,0.27020012513244557
1771334347322,0.2702001329296959,-6.491252649482113e-05,0.27020012513244557
1771334347323,0.2702001329296959,-6.491252649482113e-05,0.27020012513244557
1771334347324,0.2702001329296959,-6.491252649482113e-05,0.27020012513244557
1771334347325,0.2702001329296959,-6.491252649482113e-05,0.27020012513244557
1771334347326,0.2702001329296959,-6.491252649482113e-05,0.27020012513244557
1771334347327,0.2702001329296959,-6.491252649482113e-05,0.27020012513244557
1771334347328,0.2702001329296959,-6.491252649482113e-05,0.27020012513244557
1771334347329,0.2702001329296959,-6.491252649482113e-05,0.27020012513244557
1771334347330,0.2702001329296959,-6.491252649482113e-05,0.27020012513244557
1771334347331,0.2702001329296959,-6.491252649482113e-05,0.27020012513244557
1771334347332,0.2702001329296959,-6.491252649482113e-05,0.27020012513244557
1771334347333,0.2702001329296959,-6.491252649482113e-05,0.27020012513244557
1771334347334,0.2702001329296959,-6.491252649482113e-05,0.27020012513244557
1771334347335,0.2702001329296959,-6.491252649482113e-05,0.27020012513244557
1771334347336,0.2702001329296959,-6.491252649482113e-05,0.27020012513244557
1771334347336,0.2702001329296959,-6.491252649482113e-05,0.27020012513244557
1771334347337,0.2702001329296959,-6.491252649482113e-05,0.27020012513244557
1771334347338,0.2702001329296959,-6.491252649482113e-05,0.27020012513244557
1771334347340,0.2702001329296959,-6.491252649482113e-05,0.27020012513244557
1771334347341,0.2702001329296959,-6.491252649482113e-05,0.27020012513244557
1771334347342,0.2702001329296959,-6.491252649482113e-05,0.27020012513244557
1771334347343,0.2702001329296959,-6.491252649482113e-05,0.27020012513244557
1771334347344,0.2702001329296959,-6.491252649482113e-05,0.27020012513244557
1771334347345,0.2702001329296959,-6.491252649482113e-05,0.27020012513244557
1771334347346,0.2702001329296959,-6.491252649482113e-05,0.27020012513244557
1771334347347,0.2702001329296959,-6.491252649482113e-05,0.27020012513244557
1771334347348,0.2702001329296959,-6.491252649482113e-05,0.27020012513244557
1771334347349,0.2702001329296959,-6.491252649482113e-05,0.27020012513244557
1771334347350,0.2702001329296959,-6.491252649482113e-05,0.27020012513244557
1771334347351,0.2702001329296959,-6.491252649482113e-05,0.27020012513244557
1771334347352,0.2702001329296959,-6.491252649482113e-05,0.27020012513244557
1771334347353,0.2702001329296959,-6.491252649482113e-05,0.27020012513244557
1771334347354,0.2702001329296959,-6.491252649482113e-05,0.27020012513244557
1771334347355,0.2702001329296959,-6.491252649482113e-05,0.27020012513244557
1771334347356,0.2702001329296959,-6.491252649482113e-05,0.27020012513244557
1771334347357,0.2702001329296959,-6.491252649482113e-05,0.27020012513244557
1771334347358,0.2702001329296959,-6.491252649482113e-05,0.27020012513244557
1771334347359,0.2702001329296959,-6.491252649482113e-05,0.27020012513244557
1771334347360,0.2702001329296959,-6.491252649482113e-05,0.27020012513244557
1771334347361,0.2702001329296959,-6.491252649482113e-05,0.27020012513244557
1771334347361,0.2702001329296959,-6.491252649482113e-05,0.27020012513244557
1771334347362,0.2702001329296959,-6.491252649482113e-05,0.27020012513244557
1771334347363,0.2702001329296959,-6.491252649482113e-05,0.27020012513244557
1771334347365,0.2702001329296959,-6.491252649482113e-05,0.27020012513244557
1771334347365,0.2702001329296959,-6.491252649482113e-05,0.27020012513244557
1771334347366,0.2702001329296959,-6.491252649482113e-05,0.27020012513244557
1771334347367,0.2702001329296959,-6.491252649482113e-05,0.27020012513244557
1771334347368,0.2702001329296959,-6.491252649482113e-05,0.27020012513244557
1771334347369,0.2702001329296959,-6.491252649482113e-05,0.27020012513244557
1771334347370,0.2702001329296959,-6.491252649482113e-05,0.27020012513244557
1771334347371,0.2702001329296959,-6.491252649482113e-05,0.27020012513244557
1771334347372,0.2702001329296959,-6.491252649482113e-05,0.27020012513244557
1771334347373,0.2702001329296959,-6.491252649482113e-05,0.27020012513244557
1771334347374,0.2702001329296959,-6.491252649482113e-05,0.27020012513244557
1771334347375,0.2702001329296959,-6.491252649482113e-05,0.27020012513244557
1771334347376,0.2702001329296959,-6.491252649482113e-05,0.27020012513244557
1771334347377,0.2702001329296959,-6.491252649482113e-05,0.27020012513244557
1771334347378,0.2702001329296959,-6.491252649482113e-05,0.27020012513244557
1771334347379,0.2702001329296959,-6.491252649482113e-05,0.27020012513244557
1771334347380,0.2702001329296959,-6.491252649482113e-05,0.27020012513244557
1771334347381,0.2702001329296959,-6.491252649482113e-05,0.27020012513244557
1771334347382,0.2702001329296959,-6.491252649482113e-05,0.27020012513244557
1771334347383,0.2702001329296959,-6.491252649482113e-05,0.27020012513244557
1771334347384,0.2702001329296959,-6.491252649482113e-05,0.27020012513244557
1771334347385,0.2702001329296959,-6.491252649482113e-05,0.27020012513244557
1771334347386,0.2702001329296959,-6.491252649482113e-05,0.27020012513244557
1771334347387,0.2702001329296959,-6.491252649482113e-05,0.27020012513244557
1771334347388,0.2702001329296959,-6.491252649482113e-05,0.27020012513244557
1771334347389,0.2702001329296959,-6.491252649482113e-05,0.27020012513244557
1771334347390,0.2702001329296959,-6.491252649482113e-05,0.27020012513244557
1771334347391,0.2702001329296959,-6.491252649482113e-05,0.27020012513244557
1771334347392,0.2702001329296959,-6.491252649482113e-05,0.27020012513244557
1771334347393,0.2702001329296959,-6.491252649482113e-05,0.27020012513244557
1771334347394,0.2702001329296959,-6.491252649482113e-05,0.27020012513244557
1771334347395,0.2702001329296959,-6.491252649482113e-05,0.27020012513244557
1771334347396,0.2702001329296959,-6.491252649482113e-05,0.27020012513244557
1771334347397,0.2702001329296959,-6.491252649482113e-05,0.27020012513244557
1771334347398,0.2702001329296959,-6.491252649482113e-05,0.27020012513244557
1771334347399,0.2702001329296959,-6.491252649482113e-05,0.27020012513244557
1771334347400,0.2702001329296959,-6.491252649482113e-05,0.27020012513244557
1771334347401,0.2702001329296959,-6.491252649482113e-05,0.27020012513244557
1771334347402,0.2702001329296959,-6.491252649482113e-05,0.27020012513244557
1771334347403,0.2702001329296959,-6.491252649482113e-05,0.27020012513244557
1771334347404,0.2702001329296959,-6.491252649482113e-05,0.27020012513244557
1771334347406,0.2702001329296959,-6.491252649482113e-05,0.27020012513244557
1771334347407,0.2702001329296959,-6.491252649482113e-05,0.27020012513244557
1771334347408,0.2702001329296959,-6.491252649482113e-05,0.27020012513244557
1771334347409,0.2702001329296959,-6.491252649482113e-05,0.27020012513244557
1771334347410,0.2702001329296959,-6.491252649482113e-05,0.27020012513244557
1771334347410,0.2702001329296959,-6.491252649482113e-05,0.27020012513244557
1771334347411,0.2702001329296959,-6.491252649482113e-05,0.27020012513244557
1771334347412,0.2702001329296959,-6.491252649482113e-05,0.27020012513244557
1771334347413,0.2702001329296959,-6.491252649482113e-05,0.27020012513244557
1771334347414,0.2702001329296959,-6.491252649482113e-05,0.27020012513244557
1771334347415,0.2702001329296959,-6.491252649482113e-05,0.27020012513244557
1771334347416,0.2702001329296959,-6.491252649482113e-05,0.27020012513244557
1771334347417,0.2702001329296959,-6.491252649482113e-05,0.27020012513244557
1771334347418,0.2702001329296959,-6.491252649482113e-05,0.27020012513244557
1771334347419,0.2702001329296959,-6.491252649482113e-05,0.27020012513244557
1771334347420,0.2702001329296959,-6.491252649482113e-05,0.27020012513244557
1771334347421,0.2702001329296959,-6.491252649482113e-05,0.27020012513244557
1771334347422,0.2702001329296959,-6.491252649482113e-05,0.27020012513244557
1771334347423,0.2702001329296959,-6.491252649482113e-05,0.27020012513244557
1771334347424,0.2702001329296959,-6.491252649482113e-05,0.27020012513244557
1771334347425,0.2702001329296959,-6.491252649482113e-05,0.27020012513244557
1771334347426,0.2702001329296959,-6.491252649482113e-05,0.27020012513244557
1771334347427,0.2702001329296959,-6.491252649482113e-05,0.27020012513244557
1771334347428,0.2702001329296959,-6.491252649482113e-05,0.27020012513244557
1771334347429,0.2702001329296959,-6.491252649482113e-05,0.27020012513244557
1771334347430,0.2702001329296959,-6.491252649482113e-05,0.27020012513244557
1771334347431,0.2702001329296959,-6.491252649482113e-05,0.27020012513244557
1771334347432,0.2702001329296959,-6.491252649482113e-05,0.27020012513244557
1771334347433,0.2702001329296959,-6.491252649482113e-05,0.27020012513244557
1771334347434,0.2702001329296959,-6.491252649482113e-05,0.27020012513244557
1771334347435,0.2702001329296959,-6.491252649482113e-05,0.27020012513244557
1771334347436,0.2702001329296959,-6.491252649482113e-05,0.27020012513244557
1771334347437,0.2702001329296959,-6.491252649482113e-05,0.27020012513244557
1771334347438,0.2702001329296959,-6.491252649482113e-05,0.27020012513244557
1771334347439,0.2702001329296959,-6.491252649482113e-05,0.27020012513244557
1771334347440,0.2702001329296959,-6.491252649482113e-05,0.27020012513244557
1771334347441,0.2702001329296959,-6.491252649482113e-05,0.27020012513244557
1771334347442,0.2702001329296959,-6.491252649482113e-05,0.27020012513244557
1771334347443,0.2702001329296959,-6.491252649482113e-05,0.27020012513244557
1771334347444,0.2702001329296959,-6.491252649482113e-05,0.27020012513244557
1771334347445,0.2702001329296959,-6.491252649482113e-05,0.27020012513244557
1771334347446,0.2702001329296959,-6.491252649482113e-05,0.27020012513244557
1771334347447,0.2702001329296959,-6.491252649482113e-05,0.27020012513244557
1771334347448,0.2702001329296959,-6.491252649482113e-05,0.27020012513244557
1771334347449,0.2702001329296959,-6.491252649482113e-05,0.27020012513244557
1771334347450,0.2702001329296959,-6.491252649482113e-05,0.27020012513244557
1771334347451,0.2702001329296959,-6.491252649482113e-05,0.27020012513244557
1771334347452,0.2702001329296959,-6.491252649482113e-05,0.27020012513244557
1771334347453,0.2702001329296959,-6.491252649482113e-05,0.27020012513244557
1771334347454,0.2702001329296959,-6.491252649482113e-05,0.27020012513244557
1771334347455,0.2702001329296959,-6.491252649482113e-05,0.27020012513244557
1771334347456,0.2702001329296959,-6.491252649482113e-05,0.27020012513244557
1771334347457,0.2702001329296959,-6.491252649482113e-05,0.27020012513244557
1771334347458,0.2702001329296959,-6.491252649482113e-05,0.27020012513244557
1771334347459,0.2702001329296959,-6.491252649482113e-05,0.27020012513244557
1771334347460,0.2702001329296959,-6.491252649482113e-05,0.27020012513244557
1771334347461,0.2702001329296959,-6.491252649482113e-05,0.27020012513244557
1771334347462,0.2702001329296959,-6.491252649482113e-05,0.27020012513244557
1771334347463,0.2702001329296959,-6.491252649482113e-05,0.27020012513244557
1771334347464,0.2702001329296959,-6.491252649482113e-05,0.27020012513244557
1771334347465,0.2702001329296959,-6.491252649482113e-05,0.27020012513244557
1771334347466,0.2702001329296959,-6.491252649482113e-05,0.27020012513244557
1771334347467,0.2702001329296959,-6.491252649482113e-05,0.27020012513244557
1771334347468,0.2702001329296959,-6.491252649482113e-05,0.27020012513244557
1771334347469,0.2702001329296959,-6.491252649482113e-05,0.27020012513244557
1771334347470,0.2702001329296959,-6.491252649482113e-05,0.27020012513244557
1771334347471,0.2702001329296959,-6.491252649482113e-05,0.27020012513244557
1771334347472,0.2702001329296959,-6.491252649482113e-05,0.27020012513244557
1771334347473,0.2702001329296959,-6.491252649482113e-05,0.27020012513244557
1771334347474,0.2702001329296959,-6.491252649482113e-05,0.27020012513244557
1771334347475,0.2702001329296959,-6.491252649482113e-05,0.27020012513244557
1771334347476,0.2702001329296959,-6.491252649482113e-05,0.27020012513244557
1771334347477,0.2702001329296959,-6.491252649482113e-05,0.27020012513244557
1771334347478,0.2702001329296959,-6.491252649482113e-05,0.27020012513244557
1771334347479,0.2702001329296959,-6.491252649482113e-05,0.27020012513244557
1771334347480,0.2702001329296959,-6.491252649482113e-05,0.27020012513244557
1771334347481,0.2702001329296959,-6.491252649482113e-05,0.27020012513244557
1771334347482,0.2702001329296959,-6.491252649482113e-05,0.27020012513244557
1771334347483,0.2702001329296959,-6.491252649482113e-05,0.27020012513244557
1771334347484,0.2702001329296959,-6.491252649482113e-05,0.27020012513244557
1771334347485,0.2702001329296959,-6.491252649482113e-05,0.27020012513244557
1771334347486,0.2702001329296959,-6.491252649482113e-05,0.27020012513244557
1771334347487,0.2702001329296959,-6.491252649482113e-05,0.27020012513244557
1771334347488,0.2702001329296959,-6.491252649482113e-05,0.27020012513244557
1771334347489,0.2702001329296959,-6.491252649482113e-05,0.27020012513244557
1771334347491,0.2702001329296959,-6.491252649482113e-05,0.27020012513244557
1771334347492,0.2702001329296959,-6.491252649482113e-05,0.27020012513244557
1771334347493,0.2702001329296959,-6.491252649482113e-05,0.27020012513244557
1771334347494,0.2702001329296959,-6.491252649482113e-05,0.27020012513244557
1771334347494,0.2702001329296959,-6.491252649482113e-05,0.27020012513244557
1771334347495,0.2702001329296959,-6.491252649482113e-05,0.27020012513244557
1771334347496,0.2702001329296959,-6.491252649482113e-05,0.27020012513244557
1771334347497,0.2702001329296959,-6.491252649482113e-05,0.27020012513244557
1771334347498,0.2702001329296959,-6.491252649482113e-05,0.27020012513244557
1771334347499,0.2702001329296959,-6.491252649482113e-05,0.27020012513244557
1771334347501,0.2702001329296959,-6.491252649482113e-05,0.27020012513244557
1771334347501,0.2702001329296959,-6.491252649482113e-05,0.27020012513244557
1771334347502,0.2702001329296959,-6.491252649482113e-05,0.27020012513244557
1771334347503,0.2702001329296959,-6.491252649482113e-05,0.27020012513244557
1771334347504,0.2702001329296959,-6.491252649482113e-05,0.27020012513244557
1771334347505,0.2702001329296959,-6.491252649482113e-05,0.27020012513244557
1771334347507,0.2702001329296959,-6.491252649482113e-05,0.27020012513244557
1771334347508,0.2702001329296959,-6.491252649482113e-05,0.27020012513244557
1771334347509,0.2702001329296959,-6.491252649482113e-05,0.27020012513244557
1771334347510,0.2702001329296959,-6.491252649482113e-05,0.27020012513244557
1771334347510,0.2702001329296959,-6.491252649482113e-05,0.27020012513244557
1771334347511,0.2702001329296959,-6.491252649482113e-05,0.27020012513244557
1771334347512,0.2702001329296959,-6.491252649482113e-05,0.27020012513244557
1771334347514,0.2702001329296959,-6.491252649482113e-05,0.27020012513244557
1771334347515,0.2702001329296959,-6.491252649482113e-05,0.27020012513244557
1771334347516,0.2702001329296959,-6.491252649482113e-05,0.27020012513244557
1771334347517,0.2702001329296959,-6.491252649482113e-05,0.27020012513244557
1771334347518,0.2702001329296959,-6.491252649482113e-05,0.27020012513244557
1771334347519,0.2702001329296959,-6.491252649482113e-05,0.27020012513244557
1771334347519,0.2702001329296959,-6.491252649482113e-05,0.27020012513244557
1771334347521,0.2702001329296959,-6.491252649482113e-05,0.27020012513244557
1771334347521,0.2702001329296959,-6.491252649482113e-05,0.27020012513244557
1771334347522,0.2702001329296959,-6.491252649482113e-05,0.27020012513244557
1771334347524,0.2702001329296959,-6.491252649482113e-05,0.27020012513244557
1771334347525,0.2702001329296959,-6.491252649482113e-05,0.27020012513244557
1771334347526,0.2702001329296959,-6.491252649482113e-05,0.27020012513244557
1771334347527,0.2702001329296959,-6.491252649482113e-05,0.27020012513244557
1771334347528,0.2702001329296959,-6.491252649482113e-05,0.27020012513244557
1771334347529,0.2702001329296959,-6.491252649482113e-05,0.27020012513244557
1771334347530,0.2702001329296959,-6.491252649482113e-05,0.27020012513244557
1771334347531,0.2702001329296959,-6.491252649482113e-05,0.27020012513244557
1771334347532,0.2702001329296959,-6.491252649482113e-05,0.27020012513244557
1771334347533,0.2702001329296959,-6.491252649482113e-05,0.27020012513244557
1771334347534,0.2702001329296959,-6.491252649482113e-05,0.27020012513244557
1771334347535,0.2702001329296959,-6.491252649482113e-05,0.27020012513244557
1771334347536,0.2702001329296959,-6.491252649482113e-05,0.27020012513244557
1771334347537,0.2702001329296959,-6.491252649482113e-05,0.27020012513244557
1771334347538,0.2702001329296959,-6.491252649482113e-05,0.27020012513244557
1771334347539,0.2702001329296959,-6.491252649482113e-05,0.27020012513244557
1771334347540,0.2702001329296959,-6.491252649482113e-05,0.27020012513244557
1771334347541,0.2702001329296959,-6.491252649482113e-05,0.27020012513244557
1771334347542,0.2702001329296959,-6.491252649482113e-05,0.27020012513244557
1771334347543,0.2702001329296959,-6.491252649482113e-05,0.27020012513244557
1771334347544,0.2702001329296959,-6.491252649482113e-05,0.27020012513244557
1771334347545,0.2702001329296959,-6.491252649482113e-05,0.27020012513244557
1771334347546,0.2702001329296959,-6.491252649482113e-05,0.27020012513244557
1771334347546,0.2702001329296959,-6.491252649482113e-05,0.27020012513244557
1771334347547,0.2702001329296959,-6.491252649482113e-05,0.27020012513244557
1771334347548,0.2702001329296959,-6.491252649482113e-05,0.27020012513244557
1771334347549,0.2702001329296959,-6.491252649482113e-05,0.27020012513244557
1771334347551,0.2702001329296959,-6.491252649482113e-05,0.27020012513244557
1771334347551,0.2702001329296959,-6.491252649482113e-05,0.27020012513244557
1771334347552,0.2702001329296959,-6.491252649482113e-05,0.27020012513244557
1771334347553,0.2702001329296959,-6.491252649482113e-05,0.27020012513244557
1771334347554,0.2702001329296959,-6.491252649482113e-05,0.27020012513244557
1771334347555,0.2702001329296959,-6.491252649482113e-05,0.27020012513244557
1771334347556,0.2702001329296959,-6.491252649482113e-05,0.27020012513244557
1771334347557,0.2702001329296959,-6.491252649482113e-05,0.27020012513244557
1771334347558,0.2702001329296959,-6.491252649482113e-05,0.27020012513244557
1771334347559,0.2702001329296959,-6.491252649482113e-05,0.27020012513244557
1771334347560,0.2702001329296959,-6.491252649482113e-05,0.27020012513244557
1771334347561,0.2702001329296959,-6.491252649482113e-05,0.27020012513244557
1771334347562,0.2702001329296959,-6.491252649482113e-05,0.27020012513244557
1771334347563,0.2702001329296959,-6.491252649482113e-05,0.27020012513244557
1771334347564,0.2702001329296959,-6.491252649482113e-05,0.27020012513244557
1771334347565,0.2702001329296959,-6.491252649482113e-05,0.27020012513244557
1771334347566,0.2702001329296959,-6.491252649482113e-05,0.27020012513244557
1771334347567,0.2702001329296959,-6.491252649482113e-05,0.27020012513244557
1771334347568,0.2702001329296959,-6.491252649482113e-05,0.27020012513244557
1771334347569,0.2702001329296959,-6.491252649482113e-05,0.27020012513244557
1771334347570,0.2702001329296959,-6.491252649482113e-05,0.27020012513244557
1771334347571,0.2702001329296959,-6.491252649482113e-05,0.27020012513244557
1771334347572,0.2702001329296959,-6.491252649482113e-05,0.27020012513244557
1771334347573,0.2702001329296959,-6.491252649482113e-05,0.27020012513244557
1771334347574,0.2702001329296959,-6.491252649482113e-05,0.27020012513244557
1771334347575,0.2702001329296959,-6.491252649482113e-05,0.27020012513244557
1771334347576,0.2702001329296959,-6.491252649482113e-05,0.27020012513244557
1771334347577,0.2702001329296959,-6.491252649482113e-05,0.27020012513244557
1771334347578,0.2702001329296959,-6.491252649482113e-05,0.27020012513244557
1771334347579,0.2702001329296959,-6.491252649482113e-05,0.27020012513244557
1771334347580,0.2702001329296959,-6.491252649482113e-05,0.27020012513244557
1771334347581,0.2702001329296959,-6.491252649482113e-05,0.27020012513244557
1771334347582,0.2702001329296959,-6.491252649482113e-05,0.27020012513244557
1771334347583,0.2702001329296959,-6.491252649482113e-05,0.27020012513244557
1771334347584,0.2702001329296959,-6.491252649482113e-05,0.27020012513244557
1771334347585,0.2702001329296959,-6.491252649482113e-05,0.27020012513244557
1771334347586,0.2702001329296959,-6.491252649482113e-05,0.27020012513244557
1771334347587,0.2702001329296959,-6.491252649482113e-05,0.27020012513244557
1771334347588,0.2702001329296959,-6.491252649482113e-05,0.27020012513244557
1771334347589,0.2702001329296959,-6.491252649482113e-05,0.27020012513244557
1771334347590,0.2702001329296959,-6.491252649482113e-05,0.27020012513244557
1771334347592,0.24493666800564468,0.004415164819342076,0.2448968714649606
1771334347593,0.24493666800564468,0.004415164819342076,0.2448968714649606
1771334347594,0.24493666800564468,0.004415164819342076,0.2448968714649606
1771334347595,0.24493666800564468,0.004415164819342076,0.2448968714649606
1771334347596,0.24493666800564468,0.004415164819342076,0.2448968714649606
1771334347597,0.24493666800564468,0.004415164819342076,0.2448968714649606
1771334347598,0.24493666800564468,0.004415164819342076,0.2448968714649606
1771334347599,0.24493666800564468,0.004415164819342076,0.2448968714649606
1771334347600,0.24493666800564468,0.004415164819342076,0.2448968714649606
1771334347602,0.24493666800564468,0.004415164819342076,0.2448968714649606
1771334347603,0.2686603632851814,0.0004501352522834558,0.268659986188454
1771334347604,0.2686603632851814,0.0004501352522834558,0.268659986188454
1771334347606,0.2686603632851814,0.0004501352522834558,0.268659986188454
1771334347607,0.2686603632851814,0.0004501352522834558,0.268659986188454
1771334347608,0.2686603632851814,0.0004501352522834558,0.268659986188454
1771334347609,0.2686603632851814,0.0004501352522834558,0.268659986188454
1771334347611,0.2686603632851814,0.0004501352522834558,0.268659986188454
1771334347612,0.2686603632851814,0.0004501352522834558,0.268659986188454
1771334347613,0.2686603632851814,0.0004501352522834558,0.268659986188454
1771334347615,0.2686603632851814,0.0004501352522834558,0.268659986188454
1771334347616,0.2686603632851814,0.0004501352522834558,0.268659986188454
1771334347617,0.2686603632851814,0.0004501352522834558,0.268659986188454
1771334347618,0.2686603632851814,0.0004501352522834558,0.268659986188454
1771334347620,0.2686603632851814,0.0004501352522834558,0.268659986188454
1771334347621,0.2686603632851814,0.0004501352522834558,0.268659986188454
1771334347622,0.2686603632851814,0.0004501352522834558,0.268659986188454
1771334347623,0.2686603632851814,0.0004501352522834558,0.268659986188454
1771334347625,0.2686603632851814,0.0004501352522834558,0.268659986188454
1771334347626,0.2686603632851814,0.0004501352522834558,0.268659986188454
1771334347627,0.2686603632851814,0.0004501352522834558,0.268659986188454
1771334347628,0.2686603632851814,0.0004501352522834558,0.268659986188454
1771334347630,0.2686603632851814,0.0004501352522834558,0.268659986188454
1771334347631,0.2686603632851814,0.0004501352522834558,0.268659986188454
1771334347632,0.2686603632851814,0.0004501352522834558,0.268659986188454
1771334347634,0.2686603632851814,0.0004501352522834558,0.268659986188454
1771334347635,0.2686603632851814,0.0004501352522834558,0.268659986188454
1771334347636,0.2686603632851814,0.0004501352522834558,0.268659986188454
1771334347637,0.2686603632851814,0.0004501352522834558,0.268659986188454
1771334347639,0.2686603632851814,0.0004501352522834558,0.268659986188454
1771334347640,0.2686603632851814,0.0004501352522834558,0.268659986188454
1771334347641,0.2686603632851814,0.0004501352522834558,0.268659986188454
1771334347643,0.2686603632851814,0.0004501352522834558,0.268659986188454
1771334347644,0.2686603632851814,0.0004501352522834558,0.268659986188454
1771334347645,0.2686603632851814,0.0004501352522834558,0.268659986188454
1771334347646,0.2686603632851814,0.0004501352522834558,0.268659986188454
1771334347647,0.2686603632851814,0.0004501352522834558,0.268659986188454
1771334347649,0.2686603632851814,0.0004501352522834558,0.268659986188454
1771334347650,0.2686603632851814,0.0004501352522834558,0.268659986188454
1771334347651,0.2686603632851814,0.0004501352522834558,0.268659986188454
1771334347652,0.2686603632851814,0.0004501352522834558,0.268659986188454
1771334347654,0.2686603632851814,0.0004501352522834558,0.268659986188454
1771334347655,0.2686603632851814,0.0004501352522834558,0.268659986188454
1771334347656,0.2686603632851814,0.0004501352522834558,0.268659986188454
1771334347658,0.2686603632851814,0.0004501352522834558,0.268659986188454
1771334347659,0.2686603632851814,0.0004501352522834558,0.268659986188454
1771334347660,0.2686603632851814,0.0004501352522834558,0.268659986188454
1771334347661,0.2686603632851814,0.0004501352522834558,0.268659986188454
1771334347663,0.2686603632851814,0.0004501352522834558,0.268659986188454
1771334347664,0.2686603632851814,0.0004501352522834558,0.268659986188454
1771334347665,0.2686603632851814,0.0004501352522834558,0.268659986188454
1771334347667,0.2686603632851814,0.0004501352522834558,0.268659986188454
1771334347668,0.2686603632851814,0.0004501352522834558,0.268659986188454
1771334347669,0.2686603632851814,0.0004501352522834558,0.268659986188454
1771334347670,0.2686603632851814,0.0004501352522834558,0.268659986188454
1771334347671,0.2686603632851814,0.0004501352522834558,0.268659986188454
1771334347673,0.2686603632851814,0.0004501352522834558,0.268659986188454
1771334347674,0.2686603632851814,0.0004501352522834558,0.268659986188454
1771334347676,0.2686603632851814,0.0004501352522834558,0.268659986188454
1771334347677,0.2686603632851814,0.0004501352522834558,0.268659986188454
1771334347678,0.2686603632851814,0.0004501352522834558,0.268659986188454
1771334347679,0.2686603632851814,0.0004501352522834558,0.268659986188454
1771334347681,0.2686603632851814,0.0004501352522834558,0.268659986188454
1771334347682,0.2686603632851814,0.0004501352522834558,0.268659986188454
1771334347683,0.2686603632851814,0.0004501352522834558,0.268659986188454
1771334347685,0.2686603632851814,0.0004501352522834558,0.268659986188454
1771334347686,0.2686603632851814,0.0004501352522834558,0.268659986188454
1771334347687,0.2686603632851814,0.0004501352522834558,0.268659986188454
1771334347688,0.2686603632851814,0.0004501352522834558,0.268659986188454
1771334347690,0.2686603632851814,0.0004501352522834558,0.268659986188454
1771334347691,0.2686603632851814,0.0004501352522834558,0.268659986188454
1771334347693,0.2686603632851814,0.0004501352522834558,0.268659986188454
1771334347694,0.2686603632851814,0.0004501352522834558,0.268659986188454
1771334347695,0.2686603632851814,0.0004501352522834558,0.268659986188454
1771334347696,0.2686603632851814,0.0004501352522834558,0.268659986188454
1771334347698,0.2686603632851814,0.0004501352522834558,0.268659986188454
1771334347699,0.2686603632851814,0.0004501352522834558,0.268659986188454
1771334347700,0.2686603632851814,0.0004501352522834558,0.268659986188454
1771334347702,0.2686603632851814,0.0004501352522834558,0.268659986188454
1771334347703,0.2686603632851814,0.0004501352522834558,0.268659986188454
1771334347704,0.2686603632851814,0.0004501352522834558,0.268659986188454
1771334347705,0.2686603632851814,0.0004501352522834558,0.268659986188454
1771334347707,0.2686603632851814,0.0004501352522834558,0.268659986188454
1771334347708,0.2686603632851814,0.0004501352522834558,0.268659986188454
1771334347709,0.2686603632851814,0.0004501352522834558,0.268659986188454
1771334347711,0.2686603632851814,0.0004501352522834558,0.268659986188454
1771334347712,0.2686603632851814,0.0004501352522834558,0.268659986188454
1771334347713,0.2686603632851814,0.0004501352522834558,0.268659986188454
1771334347715,0.2686603632851814,0.0004501352522834558,0.268659986188454
1771334347716,0.2686603632851814,0.0004501352522834558,0.268659986188454
1771334347717,0.2686603632851814,0.0004501352522834558,0.268659986188454
1771334347718,0.2686603632851814,0.0004501352522834558,0.268659986188454
1771334347720,0.2686603632851814,0.0004501352522834558,0.268659986188454
1771334347721,0.2686603632851814,0.0004501352522834558,0.268659986188454
1771334347722,0.2686603632851814,0.0004501352522834558,0.268659986188454
1771334347724,0.2686603632851814,0.0004501352522834558,0.268659986188454
1771334347725,0.2686603632851814,0.0004501352522834558,0.268659986188454
1771334347726,0.2686603632851814,0.0004501352522834558,0.268659986188454
1771334347727,0.2686603632851814,0.0004501352522834558,0.268659986188454
1771334347729,0.2686603632851814,0.0004501352522834558,0.268659986188454
1771334347730,0.2686603632851814,0.0004501352522834558,0.268659986188454
1771334347731,0.2686603632851814,0.0004501352522834558,0.268659986188454
1771334347733,0.2686603632851814,0.0004501352522834558,0.268659986188454
1771334347734,0.2686603632851814,0.0004501352522834558,0.268659986188454
1771334347735,0.2686603632851814,0.0004501352522834558,0.268659986188454
1771334347736,0.2686603632851814,0.0004501352522834558,0.268659986188454
1771334347738,0.2686603632851814,0.0004501352522834558,0.268659986188454
1771334347739,0.2686603632851814,0.0004501352522834558,0.268659986188454
1771334347740,0.2686603632851814,0.0004501352522834558,0.268659986188454
1771334347741,0.2686603632851814,0.0004501352522834558,0.268659986188454
1771334347743,0.2686603632851814,0.0004501352522834558,0.268659986188454
1771334347744,0.2686603632851814,0.0004501352522834558,0.268659986188454
1771334347745,0.2686603632851814,0.0004501352522834558,0.268659986188454
1771334347746,0.2686603632851814,0.0004501352522834558,0.268659986188454
1771334347748,0.2686603632851814,0.0004501352522834558,0.268659986188454
1771334347749,0.2686603632851814,0.0004501352522834558,0.268659986188454
1771334347750,0.2686603632851814,0.0004501352522834558,0.268659986188454
1771334347751,0.2686603632851814,0.0004501352522834558,0.268659986188454
1771334347753,0.2686603632851814,0.0004501352522834558,0.268659986188454
1771334347754,0.2686603632851814,0.0004501352522834558,0.268659986188454
1771334347756,0.2686603632851814,0.0004501352522834558,0.268659986188454
1771334347757,0.2686603632851814,0.0004501352522834558,0.268659986188454
1771334347758,0.2686603632851814,0.0004501352522834558,0.268659986188454
1771334347760,0.2686603632851814,0.0004501352522834558,0.268659986188454
1771334347761,0.2686603632851814,0.0004501352522834558,0.268659986188454
1771334347762,0.2686603632851814,0.0004501352522834558,0.268659986188454
1771334347763,0.2686603632851814,0.0004501352522834558,0.268659986188454
1771334347765,0.2686603632851814,0.0004501352522834558,0.268659986188454
1771334347766,0.2686603632851814,0.0004501352522834558,0.268659986188454
1771334347767,0.2686603632851814,0.0004501352522834558,0.268659986188454
1771334347768,0.2686603632851814,0.0004501352522834558,0.268659986188454
1771334347770,0.2686603632851814,0.0004501352522834558,0.268659986188454
1771334347771,0.2686603632851814,0.0004501352522834558,0.268659986188454
1771334347772,0.2686603632851814,0.0004501352522834558,0.268659986188454
1771334347774,0.2686603632851814,0.0004501352522834558,0.268659986188454
1771334347775,0.2686603632851814,0.0004501352522834558,0.268659986188454
1771334347776,0.2686603632851814,0.0004501352522834558,0.268659986188454
1771334347777,0.2686603632851814,0.0004501352522834558,0.268659986188454
1771334347779,0.2686603632851814,0.0004501352522834558,0.268659986188454
1771334347780,0.2686603632851814,0.0004501352522834558,0.268659986188454
1771334347781,0.2686603632851814,0.0004501352522834558,0.268659986188454
1771334347782,0.2686603632851814,0.0004501352522834558,0.268659986188454
1771334347784,0.2686603632851814,0.0004501352522834558,0.268659986188454
1771334347785,0.2686603632851814,0.0004501352522834558,0.268659986188454
1771334347786,0.2686603632851814,0.0004501352522834558,0.268659986188454
1771334347788,0.2686603632851814,0.0004501352522834558,0.268659986188454
1771334347789,0.2686603632851814,0.0004501352522834558,0.268659986188454
1771334347790,0.2686603632851814,0.0004501352522834558,0.268659986188454
1771334347792,0.2686603632851814,0.0004501352522834558,0.268659986188454
1771334347793,0.2686603632851814,0.0004501352522834558,0.268659986188454
1771334347794,0.2686603632851814,0.0004501352522834558,0.268659986188454
1771334347795,0.2686603632851814,0.0004501352522834558,0.268659986188454
1771334347797,0.2686603632851814,0.0004501352522834558,0.268659986188454
1771334347798,0.2686603632851814,0.0004501352522834558,0.268659986188454
1771334347799,0.2686603632851814,0.0004501352522834558,0.268659986188454
1771334347801,0.2686603632851814,0.0004501352522834558,0.268659986188454
1771334347802,0.2686603632851814,0.0004501352522834558,0.268659986188454
1771334347803,0.2686603632851814,0.0004501352522834558,0.268659986188454
1771334347805,0.2686603632851814,0.0004501352522834558,0.268659986188454
1771334347806,0.2686603632851814,0.0004501352522834558,0.268659986188454
1771334347807,0.2686603632851814,0.0004501352522834558,0.268659986188454
1771334347809,0.2686603632851814,0.0004501352522834558,0.268659986188454
1771334347810,0.2686603632851814,0.0004501352522834558,0.268659986188454
1771334347811,0.2686603632851814,0.0004501352522834558,0.268659986188454
1771334347812,0.2686603632851814,0.0004501352522834558,0.268659986188454
1771334347814,0.2686603632851814,0.0004501352522834558,0.268659986188454
1771334347815,0.2686603632851814,0.0004501352522834558,0.268659986188454
1771334347816,0.2686603632851814,0.0004501352522834558,0.268659986188454
1771334347817,0.2686603632851814,0.0004501352522834558,0.268659986188454
1771334347819,0.2686603632851814,0.0004501352522834558,0.268659986188454
1771334347820,0.2686603632851814,0.0004501352522834558,0.268659986188454
1771334347821,0.2686603632851814,0.0004501352522834558,0.268659986188454
1771334347822,0.2686603632851814,0.0004501352522834558,0.268659986188454
1771334347824,0.2686603632851814,0.0004501352522834558,0.268659986188454
1771334347825,0.2686603632851814,0.0004501352522834558,0.268659986188454
1771334347826,0.2686603632851814,0.0004501352522834558,0.268659986188454
1771334347828,0.2686603632851814,0.0004501352522834558,0.268659986188454
1771334347829,0.2686603632851814,0.0004501352522834558,0.268659986188454
1771334347830,0.2686603632851814,0.0004501352522834558,0.268659986188454
1771334347831,0.2686603632851814,0.0004501352522834558,0.268659986188454
1771334347833,0.2686603632851814,0.0004501352522834558,0.268659986188454
1771334347834,0.2686603632851814,0.0004501352522834558,0.268659986188454
1771334347835,0.2686603632851814,0.0004501352522834558,0.268659986188454
1771334347836,0.2686603632851814,0.0004501352522834558,0.268659986188454
1771334347838,0.2686603632851814,0.0004501352522834558,0.268659986188454
1771334347839,0.2686603632851814,0.0004501352522834558,0.268659986188454
1771334347840,0.2686603632851814,0.0004501352522834558,0.268659986188454
1771334347842,0.2686603632851814,0.0004501352522834558,0.268659986188454
1771334347843,0.2686603632851814,0.0004501352522834558,0.268659986188454
1771334347844,0.2686603632851814,0.0004501352522834558,0.268659986188454
1771334347845,0.2686603632851814,0.0004501352522834558,0.268659986188454
1771334347847,0.2686603632851814,0.0004501352522834558,0.268659986188454
1771334347848,0.2686603632851814,0.0004501352522834558,0.268659986188454
1771334347849,0.2686603632851814,0.0004501352522834558,0.268659986188454
1771334347851,0.2686603632851814,0.0004501352522834558,0.268659986188454
1771334347852,0.2686603632851814,0.0004501352522834558,0.268659986188454
1771334347853,0.2686603632851814,0.0004501352522834558,0.268659986188454
1771334347854,0.2686603632851814,0.0004501352522834558,0.268659986188454
1771334347855,0.2686603632851814,0.0004501352522834558,0.268659986188454
1771334347857,0.2686603632851814,0.0004501352522834558,0.268659986188454
1771334347858,0.2686603632851814,0.0004501352522834558,0.268659986188454
1771334347859,0.2686603632851814,0.0004501352522834558,0.268659986188454
1771334347861,0.2686603632851814,0.0004501352522834558,0.268659986188454
1771334347862,0.2686603632851814,0.0004501352522834558,0.268659986188454
1771334347863,0.2686603632851814,0.0004501352522834558,0.268659986188454
1771334347864,0.2686603632851814,0.0004501352522834558,0.268659986188454
1771334347866,0.2686603632851814,0.0004501352522834558,0.268659986188454
1771334347867,0.2686603632851814,0.0004501352522834558,0.268659986188454
1771334347868,0.2686603632851814,0.0004501352522834558,0.268659986188454
1771334347870,0.2686603632851814,0.0004501352522834558,0.268659986188454
1771334347871,0.2686603632851814,0.0004501352522834558,0.268659986188454
1771334347872,0.2686603632851814,0.0004501352522834558,0.268659986188454
1771334347873,0.2686603632851814,0.0004501352522834558,0.268659986188454
1771334347875,0.2686603632851814,0.0004501352522834558,0.268659986188454
1771334347876,0.2686603632851814,0.0004501352522834558,0.268659986188454
1771334347877,0.2686603632851814,0.0004501352522834558,0.268659986188454
1771334347878,0.2686603632851814,0.0004501352522834558,0.268659986188454
1771334347880,0.2686603632851814,0.0004501352522834558,0.268659986188454
1771334347881,0.2686603632851814,0.0004501352522834558,0.268659986188454
1771334347882,0.2686603632851814,0.0004501352522834558,0.268659986188454
1771334347883,0.2686603632851814,0.0004501352522834558,0.268659986188454
1771334347885,0.2686603632851814,0.0004501352522834558,0.268659986188454
1771334347886,0.2686603632851814,0.0004501352522834558,0.268659986188454
1771334347887,0.2686603632851814,0.0004501352522834558,0.268659986188454
1771334347888,0.2686603632851814,0.0004501352522834558,0.268659986188454
1771334347890,0.2686603632851814,0.0004501352522834558,0.268659986188454
1771334347891,0.2686603632851814,0.0004501352522834558,0.268659986188454
1771334347892,0.2686603632851814,0.0004501352522834558,0.268659986188454
1771334347894,0.2686603632851814,0.0004501352522834558,0.268659986188454
1771334347895,0.2686603632851814,0.0004501352522834558,0.268659986188454
1771334347896,0.2686603632851814,0.0004501352522834558,0.268659986188454
1771334347897,0.2686603632851814,0.0004501352522834558,0.268659986188454
1771334347899,0.2686603632851814,0.0004501352522834558,0.268659986188454
1771334347900,0.2686603632851814,0.0004501352522834558,0.268659986188454
1771334347901,0.2686603632851814,0.0004501352522834558,0.268659986188454
1771334347903,0.2686603632851814,0.0004501352522834558,0.268659986188454
1771334347904,0.2686603632851814,0.0004501352522834558,0.268659986188454
1771334347905,0.2686603632851814,0.0004501352522834558,0.268659986188454
1771334347906,0.2686603632851814,0.0004501352522834558,0.268659986188454
1771334347908,0.2686603632851814,0.0004501352522834558,0.268659986188454
1771334347909,0.2686603632851814,0.0004501352522834558,0.268659986188454
1771334347910,0.2686603632851814,0.0004501352522834558,0.268659986188454
1771334347912,0.2686603632851814,0.0004501352522834558,0.268659986188454
1771334347913,0.2686603632851814,0.0004501352522834558,0.268659986188454
1771334347914,0.2686603632851814,0.0004501352522834558,0.268659986188454
1771334347915,0.2686603632851814,0.0004501352522834558,0.268659986188454
1771334347917,0.2686603632851814,0.0004501352522834558,0.268659986188454
1771334347918,0.2686603632851814,0.0004501352522834558,0.268659986188454
1771334347919,0.2686603632851814,0.0004501352522834558,0.268659986188454
1771334347920,0.2686603632851814,0.0004501352522834558,0.268659986188454
1771334347921,0.2686603632851814,0.0004501352522834558,0.268659986188454
1771334347923,0.2686603632851814,0.0004501352522834558,0.268659986188454
1771334347925,0.2686603632851814,0.0004501352522834558,0.268659986188454
1771334347926,0.2686603632851814,0.0004501352522834558,0.268659986188454
1771334347928,0.0008416143768933395,-0.00018623702139254308,0.0008207499809664315
1771334347929,0.0008416143768933395,-0.00018623702139254308,0.0008207499809664315
1771334347930,0.0008416143768933395,-0.00018623702139254308,0.0008207499809664315
1771334347932,0.0008416143768933395,-0.00018623702139254308,0.0008207499809664315
1771334347933,0.0008416143768933395,-0.00018623702139254308,0.0008207499809664315
1771334347934,0.0008416143768933395,-0.00018623702139254308,0.0008207499809664315
1771334347936,0.0008416143768933395,-0.00018623702139254308,0.0008207499809664315
1771334347937,0.0008416143768933395,-0.00018623702139254308,0.0008207499809664315
1771334347938,0.0008416143768933395,-0.00018623702139254308,0.0008207499809664315
1771334347940,0.0008416143768933395,-0.00018623702139254308,0.0008207499809664315
1771334347941,0.0008416143768933395,-0.00018623702139254308,0.0008207499809664315
1771334347943,0.0008416143768933395,-0.00018623702139254308,0.0008207499809664315
1771334347945,0.0008416143768933395,-0.00018623702139254308,0.0008207499809664315
1771334347946,0.27011972688193325,-0.0003893830690910812,0.2701194462299886
1771334347946,0.27011972688193325,-0.0003893830690910812,0.2701194462299886
1771334347947,0.27011972688193325,-0.0003893830690910812,0.2701194462299886
1771334347948,0.27011972688193325,-0.0003893830690910812,0.2701194462299886
1771334347949,0.27011972688193325,-0.0003893830690910812,0.2701194462299886
1771334347950,0.27011972688193325,-0.0003893830690910812,0.2701194462299886
1771334347951,0.27011972688193325,-0.0003893830690910812,0.2701194462299886
1771334347952,0.27011972688193325,-0.0003893830690910812,0.2701194462299886
1771334347953,0.27011972688193325,-0.0003893830690910812,0.2701194462299886
1771334347954,0.27011972688193325,-0.0003893830690910812,0.2701194462299886
1771334347955,0.27011972688193325,-0.0003893830690910812,0.2701194462299886
1771334347956,0.27011972688193325,-0.0003893830690910812,0.2701194462299886
1771334347957,0.27011972688193325,-0.0003893830690910812,0.2701194462299886
1771334347958,0.27011972688193325,-0.0003893830690910812,0.2701194462299886
1771334347959,0.27011972688193325,-0.0003893830690910812,0.2701194462299886
1771334347960,0.27011972688193325,-0.0003893830690910812,0.2701194462299886
1771334347961,0.27011972688193325,-0.0003893830690910812,0.2701194462299886
1771334347962,0.27011972688193325,-0.0003893830690910812,0.2701194462299886
1771334347963,0.27011972688193325,-0.0003893830690910812,0.2701194462299886
1771334347964,0.27011972688193325,-0.0003893830690910812,0.2701194462299886
1771334347965,0.27011972688193325,-0.0003893830690910812,0.2701194462299886
1771334347966,0.27011972688193325,-0.0003893830690910812,0.2701194462299886
1771334347967,0.27011972688193325,-0.0003893830690910812,0.2701194462299886
1771334347968,0.27011972688193325,-0.0003893830690910812,0.2701194462299886
1771334347969,0.27011972688193325,-0.0003893830690910812,0.2701194462299886
1771334347970,0.27011972688193325,-0.0003893830690910812,0.2701194462299886
1771334347971,0.27011972688193325,-0.0003893830690910812,0.2701194462299886
1771334347972,0.27011972688193325,-0.0003893830690910812,0.2701194462299886
1771334347973,0.27011972688193325,-0.0003893830690910812,0.2701194462299886
1771334347974,0.27011972688193325,-0.0003893830690910812,0.2701194462299886
1771334347975,0.27011972688193325,-0.0003893830690910812,0.2701194462299886
1771334347976,0.27011972688193325,-0.0003893830690910812,0.2701194462299886
1771334347977,0.27011972688193325,-0.0003893830690910812,0.2701194462299886
1771334347978,0.27011972688193325,-0.0003893830690910812,0.2701194462299886
1771334347979,0.27011972688193325,-0.0003893830690910812,0.2701194462299886
1771334347980,0.27011972688193325,-0.0003893830690910812,0.2701194462299886
1771334347981,0.27011972688193325,-0.0003893830690910812,0.2701194462299886
1771334347982,0.27011972688193325,-0.0003893830690910812,0.2701194462299886
1771334347983,0.27011972688193325,-0.0003893830690910812,0.2701194462299886
1771334347984,0.27011972688193325,-0.0003893830690910812,0.2701194462299886
1771334347985,0.27011972688193325,-0.0003893830690910812,0.2701194462299886
1771334347986,0.27011972688193325,-0.0003893830690910812,0.2701194462299886
1771334347987,0.27011972688193325,-0.0003893830690910812,0.2701194462299886
1771334347988,0.27011972688193325,-0.0003893830690910812,0.2701194462299886
1771334347989,0.27011972688193325,-0.0003893830690910812,0.2701194462299886
1771334347990,0.27011972688193325,-0.0003893830690910812,0.2701194462299886
1771334347991,0.27011972688193325,-0.0003893830690910812,0.2701194462299886
1771334347992,0.27011972688193325,-0.0003893830690910812,0.2701194462299886
1771334347993,0.27011972688193325,-0.0003893830690910812,0.2701194462299886
1771334347994,0.27011972688193325,-0.0003893830690910812,0.2701194462299886
1771334347995,0.27011972688193325,-0.0003893830690910812,0.2701194462299886
1771334347996,0.27011972688193325,-0.0003893830690910812,0.2701194462299886
1771334347997,0.27011972688193325,-0.0003893830690910812,0.2701194462299886
1771334347998,0.27011972688193325,-0.0003893830690910812,0.2701194462299886
1771334347999,0.27011972688193325,-0.0003893830690910812,0.2701194462299886
1771334348000,0.27011972688193325,-0.0003893830690910812,0.2701194462299886
1771334348001,0.27011972688193325,-0.0003893830690910812,0.2701194462299886
1771334348002,0.27011972688193325,-0.0003893830690910812,0.2701194462299886
1771334348003,0.27011972688193325,-0.0003893830690910812,0.2701194462299886
1771334348004,0.27011972688193325,-0.0003893830690910812,0.2701194462299886
1771334348005,0.27011972688193325,-0.0003893830690910812,0.2701194462299886
1771334348006,0.27011972688193325,-0.0003893830690910812,0.2701194462299886
1771334348007,0.27011972688193325,-0.0003893830690910812,0.2701194462299886
1771334348008,0.27011972688193325,-0.0003893830690910812,0.2701194462299886
1771334348009,0.27011972688193325,-0.0003893830690910812,0.2701194462299886
1771334348010,0.27011972688193325,-0.0003893830690910812,0.2701194462299886
1771334348011,0.27011972688193325,-0.0003893830690910812,0.2701194462299886
1771334348012,0.27011972688193325,-0.0003893830690910812,0.2701194462299886
1771334348013,0.27011972688193325,-0.0003893830690910812,0.2701194462299886
1771334348014,0.27011972688193325,-0.0003893830690910812,0.2701194462299886
1771334348015,0.27011972688193325,-0.0003893830690910812,0.2701194462299886
1771334348016,0.27011972688193325,-0.0003893830690910812,0.2701194462299886
1771334348017,0.27011972688193325,-0.0003893830690910812,0.2701194462299886
1771334348018,0.27011972688193325,-0.0003893830690910812,0.2701194462299886
1771334348019,0.27011972688193325,-0.0003893830690910812,0.2701194462299886
1771334348020,0.27011972688193325,-0.0003893830690910812,0.2701194462299886
1771334348021,0.27011972688193325,-0.0003893830690910812,0.2701194462299886
1771334348022,0.27011972688193325,-0.0003893830690910812,0.2701194462299886
1771334348023,0.27011972688193325,-0.0003893830690910812,0.2701194462299886
1771334348024,0.27011972688193325,-0.0003893830690910812,0.2701194462299886
1771334348025,0.27011972688193325,-0.0003893830690910812,0.2701194462299886
1771334348026,0.27011972688193325,-0.0003893830690910812,0.2701194462299886
1771334348027,0.27011972688193325,-0.0003893830690910812,0.2701194462299886
1771334348028,0.27011972688193325,-0.0003893830690910812,0.2701194462299886
1771334348029,0.27011972688193325,-0.0003893830690910812,0.2701194462299886
1771334348030,0.27011972688193325,-0.0003893830690910812,0.2701194462299886
1771334348030,0.27011972688193325,-0.0003893830690910812,0.2701194462299886
1771334348031,0.27011972688193325,-0.0003893830690910812,0.2701194462299886
1771334348032,0.27011972688193325,-0.0003893830690910812,0.2701194462299886
1771334348034,0.27011972688193325,-0.0003893830690910812,0.2701194462299886
1771334348034,0.27011972688193325,-0.0003893830690910812,0.2701194462299886
1771334348035,0.27011972688193325,-0.0003893830690910812,0.2701194462299886
1771334348036,0.27011972688193325,-0.0003893830690910812,0.2701194462299886
1771334348037,0.27011972688193325,-0.0003893830690910812,0.2701194462299886
1771334348038,0.27011972688193325,-0.0003893830690910812,0.2701194462299886
1771334348039,0.27011972688193325,-0.0003893830690910812,0.2701194462299886
1771334348040,0.27011972688193325,-0.0003893830690910812,0.2701194462299886
1771334348041,0.27011972688193325,-0.0003893830690910812,0.2701194462299886
1771334348042,0.27011972688193325,-0.0003893830690910812,0.2701194462299886
1771334348043,0.27011972688193325,-0.0003893830690910812,0.2701194462299886
1771334348044,0.27011972688193325,-0.0003893830690910812,0.2701194462299886
1771334348045,0.27011972688193325,-0.0003893830690910812,0.2701194462299886
1771334348046,0.27011972688193325,-0.0003893830690910812,0.2701194462299886
1771334348047,0.27011972688193325,-0.0003893830690910812,0.2701194462299886
1771334348048,0.27011972688193325,-0.0003893830690910812,0.2701194462299886
1771334348049,0.27011972688193325,-0.0003893830690910812,0.2701194462299886
1771334348050,0.27011972688193325,-0.0003893830690910812,0.2701194462299886
1771334348051,0.27011972688193325,-0.0003893830690910812,0.2701194462299886
1771334348052,0.27011972688193325,-0.0003893830690910812,0.2701194462299886
1771334348053,0.27011972688193325,-0.0003893830690910812,0.2701194462299886
1771334348054,0.27011972688193325,-0.0003893830690910812,0.2701194462299886
1771334348055,1.7386363508167668e-05,-1.52716004356367e-05,8.31046666393683e-06
1771334348056,1.7386363508167668e-05,-1.52716004356367e-05,8.31046666393683e-06
1771334348057,1.7386363508167668e-05,-1.52716004356367e-05,8.31046666393683e-06
1771334348058,1.7386363508167668e-05,-1.52716004356367e-05,8.31046666393683e-06
1771334348059,1.7386363508167668e-05,-1.52716004356367e-05,8.31046666393683e-06
1771334348060,1.7386363508167668e-05,-1.52716004356367e-05,8.31046666393683e-06
1771334348061,1.7386363508167668e-05,-1.52716004356367e-05,8.31046666393683e-06
1771334348062,1.7386363508167668e-05,-1.52716004356367e-05,8.31046666393683e-06
1771334348063,1.7386363508167668e-05,-1.52716004356367e-05,8.31046666393683e-06
1771334348064,1.7386363508167668e-05,-1.52716004356367e-05,8.31046666393683e-06
1771334348065,1.7386363508167668e-05,-1.52716004356367e-05,8.31046666393683e-06
1771334348066,1.7386363508167668e-05,-1.52716004356367e-05,8.31046666393683e-06
1771334348067,1.7386363508167668e-05,-1.52716004356367e-05,8.31046666393683e-06
1771334348068,1.7386363508167668e-05,-1.52716004356367e-05,8.31046666393683e-06
1771334348069,1.7386363508167668e-05,-1.52716004356367e-05,8.31046666393683e-06
1771334348070,1.7386363508167668e-05,-1.52716004356367e-05,8.31046666393683e-06
1771334348071,1.7386363508167668e-05,-1.52716004356367e-05,8.31046666393683e-06
1771334348072,1.7386363508167668e-05,-1.52716004356367e-05,8.31046666393683e-06
1771334348073,1.7386363508167668e-05,-1.52716004356367e-05,8.31046666393683e-06
1771334348074,1.7386363508167668e-05,-1.52716004356367e-05,8.31046666393683e-06
1771334348075,1.7386363508167668e-05,-1.52716004356367e-05,8.31046666393683e-06
1771334348076,1.7386363508167668e-05,-1.52716004356367e-05,8.31046666393683e-06
1771334348077,1.7386363508167668e-05,-1.52716004356367e-05,8.31046666393683e-06
1771334348078,1.7386363508167668e-05,-1.52716004356367e-05,8.31046666393683e-06
1771334348079,1.7386363508167668e-05,-1.52716004356367e-05,8.31046666393683e-06
1771334348080,1.7386363508167668e-05,-1.52716004356367e-05,8.31046666393683e-06
1771334348081,1.7386363508167668e-05,-1.52716004356367e-05,8.31046666393683e-06
1771334348082,1.7386363508167668e-05,-1.52716004356367e-05,8.31046666393683e-06
1771334348083,1.7386363508167668e-05,-1.52716004356367e-05,8.31046666393683e-06
1771334348084,1.7386363508167668e-05,-1.52716004356367e-05,8.31046666393683e-06
1771334348085,1.7386363508167668e-05,-1.52716004356367e-05,8.31046666393683e-06
1771334348086,1.7386363508167668e-05,-1.52716004356367e-05,8.31046666393683e-06
1771334348087,1.7386363508167668e-05,-1.52716004356367e-05,8.31046666393683e-06
1771334348088,1.7386363508167668e-05,-1.52716004356367e-05,8.31046666393683e-06
1771334348089,1.7386363508167668e-05,-1.52716004356367e-05,8.31046666393683e-06
1771334348090,1.7386363508167668e-05,-1.52716004356367e-05,8.31046666393683e-06
1771334348091,1.7386363508167668e-05,-1.52716004356367e-05,8.31046666393683e-06
1771334348092,1.7386363508167668e-05,-1.52716004356367e-05,8.31046666393683e-06
1771334348093,1.7386363508167668e-05,-1.52716004356367e-05,8.31046666393683e-06
1771334348094,1.7386363508167668e-05,-1.52716004356367e-05,8.31046666393683e-06
1771334348095,1.7386363508167668e-05,-1.52716004356367e-05,8.31046666393683e-06
1771334348096,1.7386363508167668e-05,-1.52716004356367e-05,8.31046666393683e-06
1771334348097,1.7386363508167668e-05,-1.52716004356367e-05,8.31046666393683e-06
1771334348098,1.7386363508167668e-05,-1.52716004356367e-05,8.31046666393683e-06
1771334348099,1.7386363508167668e-05,-1.52716004356367e-05,8.31046666393683e-06
1771334348100,1.7386363508167668e-05,-1.52716004356367e-05,8.31046666393683e-06
1771334348101,1.7386363508167668e-05,-1.52716004356367e-05,8.31046666393683e-06
1771334348102,1.7386363508167668e-05,-1.52716004356367e-05,8.31046666393683e-06
1771334348103,1.7386363508167668e-05,-1.52716004356367e-05,8.31046666393683e-06
1771334348104,1.7386363508167668e-05,-1.52716004356367e-05,8.31046666393683e-06
1771334348105,1.7386363508167668e-05,-1.52716004356367e-05,8.31046666393683e-06
1771334348106,1.7386363508167668e-05,-1.52716004356367e-05,8.31046666393683e-06
1771334348107,1.7386363508167668e-05,-1.52716004356367e-05,8.31046666393683e-06
1771334348108,1.7386363508167668e-05,-1.52716004356367e-05,8.31046666393683e-06
1771334348109,1.7386363508167668e-05,-1.52716004356367e-05,8.31046666393683e-06
1771334348110,1.7386363508167668e-05,-1.52716004356367e-05,8.31046666393683e-06
1771334348111,1.7386363508167668e-05,-1.52716004356367e-05,8.31046666393683e-06
1771334348112,1.7386363508167668e-05,-1.52716004356367e-05,8.31046666393683e-06
1771334348113,1.7386363508167668e-05,-1.52716004356367e-05,8.31046666393683e-06
1771334348114,1.7386363508167668e-05,-1.52716004356367e-05,8.31046666393683e-06
1771334348115,1.7386363508167668e-05,-1.52716004356367e-05,8.31046666393683e-06
1771334348116,1.7386363508167668e-05,-1.52716004356367e-05,8.31046666393683e-06
1771334348117,1.7386363508167668e-05,-1.52716004356367e-05,8.31046666393683e-06
1771334348118,1.7386363508167668e-05,-1.52716004356367e-05,8.31046666393683e-06
1771334348118,1.7386363508167668e-05,-1.52716004356367e-05,8.31046666393683e-06
1771334348119,1.7386363508167668e-05,-1.52716004356367e-05,8.31046666393683e-06
1771334348120,1.7386363508167668e-05,-1.52716004356367e-05,8.31046666393683e-06
1771334348121,1.7386363508167668e-05,-1.52716004356367e-05,8.31046666393683e-06
1771334348122,1.7386363508167668e-05,-1.52716004356367e-05,8.31046666393683e-06
1771334348124,1.7386363508167668e-05,-1.52716004356367e-05,8.31046666393683e-06
1771334348124,1.7386363508167668e-05,-1.52716004356367e-05,8.31046666393683e-06
1771334348125,1.7386363508167668e-05,-1.52716004356367e-05,8.31046666393683e-06
1771334348126,1.7386363508167668e-05,-1.52716004356367e-05,8.31046666393683e-06
1771334348127,1.7386363508167668e-05,-1.52716004356367e-05,8.31046666393683e-06
1771334348128,1.7386363508167668e-05,-1.52716004356367e-05,8.31046666393683e-06
1771334348129,1.7386363508167668e-05,-1.52716004356367e-05,8.31046666393683e-06
1771334348130,1.7386363508167668e-05,-1.52716004356367e-05,8.31046666393683e-06
1771334348131,1.7386363508167668e-05,-1.52716004356367e-05,8.31046666393683e-06
1771334348132,1.7386363508167668e-05,-1.52716004356367e-05,8.31046666393683e-06
1771334348133,1.7386363508167668e-05,-1.52716004356367e-05,8.31046666393683e-06
1771334348134,1.7386363508167668e-05,-1.52716004356367e-05,8.31046666393683e-06
1771334348135,1.7386363508167668e-05,-1.52716004356367e-05,8.31046666393683e-06
1771334348136,1.7386363508167668e-05,-1.52716004356367e-05,8.31046666393683e-06
1771334348137,1.7386363508167668e-05,-1.52716004356367e-05,8.31046666393683e-06
1771334348138,1.7386363508167668e-05,-1.52716004356367e-05,8.31046666393683e-06
1771334348139,1.7386363508167668e-05,-1.52716004356367e-05,8.31046666393683e-06
1771334348140,1.7386363508167668e-05,-1.52716004356367e-05,8.31046666393683e-06
1771334348141,1.7386363508167668e-05,-1.52716004356367e-05,8.31046666393683e-06
1771334348142,1.7386363508167668e-05,-1.52716004356367e-05,8.31046666393683e-06
1771334348143,1.7386363508167668e-05,-1.52716004356367e-05,8.31046666393683e-06
1771334348144,1.7386363508167668e-05,-1.52716004356367e-05,8.31046666393683e-06
1771334348145,1.7386363508167668e-05,-1.52716004356367e-05,8.31046666393683e-06
1771334348146,1.7386363508167668e-05,-1.52716004356367e-05,8.31046666393683e-06
1771334348147,1.7386363508167668e-05,-1.52716004356367e-05,8.31046666393683e-06
1771334348148,1.7386363508167668e-05,-1.52716004356367e-05,8.31046666393683e-06
1771334348149,1.7386363508167668e-05,-1.52716004356367e-05,8.31046666393683e-06
1771334348150,1.7386363508167668e-05,-1.52716004356367e-05,8.31046666393683e-06
1771334348151,1.7386363508167668e-05,-1.52716004356367e-05,8.31046666393683e-06
1771334348152,1.7386363508167668e-05,-1.52716004356367e-05,8.31046666393683e-06
1771334348153,1.7386363508167668e-05,-1.52716004356367e-05,8.31046666393683e-06
1771334348154,1.7386363508167668e-05,-1.52716004356367e-05,8.31046666393683e-06
1771334348155,1.7386363508167668e-05,-1.52716004356367e-05,8.31046666393683e-06
1771334348156,1.7386363508167668e-05,-1.52716004356367e-05,8.31046666393683e-06
1771334348157,1.7386363508167668e-05,-1.52716004356367e-05,8.31046666393683e-06
1771334348158,1.7386363508167668e-05,-1.52716004356367e-05,8.31046666393683e-06
1771334348159,1.7386363508167668e-05,-1.52716004356367e-05,8.31046666393683e-06
1771334348160,1.7386363508167668e-05,-1.52716004356367e-05,8.31046666393683e-06
1771334348161,1.7386363508167668e-05,-1.52716004356367e-05,8.31046666393683e-06
1771334348162,1.7386363508167668e-05,-1.52716004356367e-05,8.31046666393683e-06
1771334348163,1.7386363508167668e-05,-1.52716004356367e-05,8.31046666393683e-06
1771334348164,1.7386363508167668e-05,-1.52716004356367e-05,8.31046666393683e-06
1771334348165,1.7386363508167668e-05,-1.52716004356367e-05,8.31046666393683e-06
1771334348166,1.7386363508167668e-05,-1.52716004356367e-05,8.31046666393683e-06
1771334348167,1.7386363508167668e-05,-1.52716004356367e-05,8.31046666393683e-06
1771334348168,1.7386363508167668e-05,-1.52716004356367e-05,8.31046666393683e-06
1771334348169,1.7386363508167668e-05,-1.52716004356367e-05,8.31046666393683e-06
1771334348170,1.7386363508167668e-05,-1.52716004356367e-05,8.31046666393683e-06
1771334348171,1.7386363508167668e-05,-1.52716004356367e-05,8.31046666393683e-06
1771334348171,1.7386363508167668e-05,-1.52716004356367e-05,8.31046666393683e-06
1771334348172,1.7386363508167668e-05,-1.52716004356367e-05,8.31046666393683e-06
1771334348173,1.7386363508167668e-05,-1.52716004356367e-05,8.31046666393683e-06
1771334348175,1.7386363508167668e-05,-1.52716004356367e-05,8.31046666393683e-06
1771334348176,1.7386363508167668e-05,-1.52716004356367e-05,8.31046666393683e-06
1771334348177,1.7386363508167668e-05,-1.52716004356367e-05,8.31046666393683e-06
1771334348177,1.7386363508167668e-05,-1.52716004356367e-05,8.31046666393683e-06
1771334348178,1.7386363508167668e-05,-1.52716004356367e-05,8.31046666393683e-06
1771334348179,1.7386363508167668e-05,-1.52716004356367e-05,8.31046666393683e-06
1771334348180,1.7386363508167668e-05,-1.52716004356367e-05,8.31046666393683e-06
1771334348181,1.7386363508167668e-05,-1.52716004356367e-05,8.31046666393683e-06
1771334348182,1.7386363508167668e-05,-1.52716004356367e-05,8.31046666393683e-06
1771334348183,1.7386363508167668e-05,-1.52716004356367e-05,8.31046666393683e-06
1771334348184,1.7386363508167668e-05,-1.52716004356367e-05,8.31046666393683e-06
1771334348185,1.7386363508167668e-05,-1.52716004356367e-05,8.31046666393683e-06
1771334348186,1.7386363508167668e-05,-1.52716004356367e-05,8.31046666393683e-06
1771334348187,1.7386363508167668e-05,-1.52716004356367e-05,8.31046666393683e-06
1771334348188,1.7386363508167668e-05,-1.52716004356367e-05,8.31046666393683e-06
1771334348189,1.7386363508167668e-05,-1.52716004356367e-05,8.31046666393683e-06
1771334348190,1.7386363508167668e-05,-1.52716004356367e-05,8.31046666393683e-06
1771334348191,1.7386363508167668e-05,-1.52716004356367e-05,8.31046666393683e-06
1771334348192,1.7386363508167668e-05,-1.52716004356367e-05,8.31046666393683e-06
1771334348193,1.7386363508167668e-05,-1.52716004356367e-05,8.31046666393683e-06
1771334348194,1.7386363508167668e-05,-1.52716004356367e-05,8.31046666393683e-06
1771334348195,1.7386363508167668e-05,-1.52716004356367e-05,8.31046666393683e-06
1771334348196,1.7386363508167668e-05,-1.52716004356367e-05,8.31046666393683e-06
1771334348197,1.7386363508167668e-05,-1.52716004356367e-05,8.31046666393683e-06
1771334348198,1.7386363508167668e-05,-1.52716004356367e-05,8.31046666393683e-06
1771334348199,1.7386363508167668e-05,-1.52716004356367e-05,8.31046666393683e-06
1771334348200,1.7386363508167668e-05,-1.52716004356367e-05,8.31046666393683e-06
1771334348201,1.7386363508167668e-05,-1.52716004356367e-05,8.31046666393683e-06
1771334348202,1.7386363508167668e-05,-1.52716004356367e-05,8.31046666393683e-06
1771334348203,1.7386363508167668e-05,-1.52716004356367e-05,8.31046666393683e-06
1771334348204,1.7386363508167668e-05,-1.52716004356367e-05,8.31046666393683e-06
1771334348205,1.7386363508167668e-05,-1.52716004356367e-05,8.31046666393683e-06
1771334348206,1.7386363508167668e-05,-1.52716004356367e-05,8.31046666393683e-06
1771334348207,1.7386363508167668e-05,-1.52716004356367e-05,8.31046666393683e-06
1771334348208,1.7386363508167668e-05,-1.52716004356367e-05,8.31046666393683e-06
1771334348209,1.7386363508167668e-05,-1.52716004356367e-05,8.31046666393683e-06
1771334348210,1.7386363508167668e-05,-1.52716004356367e-05,8.31046666393683e-06
1771334348211,1.7386363508167668e-05,-1.52716004356367e-05,8.31046666393683e-06
1771334348212,1.7386363508167668e-05,-1.52716004356367e-05,8.31046666393683e-06
1771334348213,1.7386363508167668e-05,-1.52716004356367e-05,8.31046666393683e-06
1771334348213,1.7386363508167668e-05,-1.52716004356367e-05,8.31046666393683e-06
1771334348214,1.7386363508167668e-05,-1.52716004356367e-05,8.31046666393683e-06
1771334348216,1.7386363508167668e-05,-1.52716004356367e-05,8.31046666393683e-06
1771334348217,1.7386363508167668e-05,-1.52716004356367e-05,8.31046666393683e-06
1771334348218,1.7386363508167668e-05,-1.52716004356367e-05,8.31046666393683e-06
1771334348219,1.7386363508167668e-05,-1.52716004356367e-05,8.31046666393683e-06
1771334348219,1.7386363508167668e-05,-1.52716004356367e-05,8.31046666393683e-06
1771334348220,1.7386363508167668e-05,-1.52716004356367e-05,8.31046666393683e-06
1771334348221,1.7386363508167668e-05,-1.52716004356367e-05,8.31046666393683e-06
1771334348222,1.7386363508167668e-05,-1.52716004356367e-05,8.31046666393683e-06
1771334348225,1.7386363508167668e-05,-1.52716004356367e-05,8.31046666393683e-06
1771334348230,1.7386363508167668e-05,-1.52716004356367e-05,8.31046666393683e-06
1771334348234,1.7386363508167668e-05,-1.52716004356367e-05,8.31046666393683e-06
1771334348248,1.7386363508167668e-05,-1.52716004356367e-05,8.31046666393683e-06
1771334348250,1.7386363508167668e-05,-1.52716004356367e-05,8.31046666393683e-06
1771334348251,1.7386363508167668e-05,-1.52716004356367e-05,8.31046666393683e-06
1771334348252,1.7386363508167668e-05,-1.52716004356367e-05,8.31046666393683e-06
1771334348253,1.7386363508167668e-05,-1.52716004356367e-05,8.31046666393683e-06
1771334348254,1.7386363508167668e-05,-1.52716004356367e-05,8.31046666393683e-06
1771334348257,1.7386363508167668e-05,-1.52716004356367e-05,8.31046666393683e-06
1771334348259,1.7386363508167668e-05,-1.52716004356367e-05,8.31046666393683e-06
1771334348261,1.7386363508167668e-05,-1.52716004356367e-05,8.31046666393683e-06
1771334348262,1.7386363508167668e-05,-1.52716004356367e-05,8.31046666393683e-06
1771334348263,1.7386363508167668e-05,-1.52716004356367e-05,8.31046666393683e-06
1771334348264,1.7386363508167668e-05,-1.52716004356367e-05,8.31046666393683e-06
1771334348265,1.7386363508167668e-05,-1.52716004356367e-05,8.31046666393683e-06
1771334348266,1.7386363508167668e-05,-1.52716004356367e-05,8.31046666393683e-06
1771334348267,1.7386363508167668e-05,-1.52716004356367e-05,8.31046666393683e-06
1771334348268,1.7386363508167668e-05,-1.52716004356367e-05,8.31046666393683e-06
1771334348269,1.7386363508167668e-05,-1.52716004356367e-05,8.31046666393683e-06
1771334348270,1.7386363508167668e-05,-1.52716004356367e-05,8.31046666393683e-06
1771334348272,1.7386363508167668e-05,-1.52716004356367e-05,8.31046666393683e-06
1771334348273,1.7386363508167668e-05,-1.52716004356367e-05,8.31046666393683e-06
1771334348274,1.7386363508167668e-05,-1.52716004356367e-05,8.31046666393683e-06
1771334348275,1.7386363508167668e-05,-1.52716004356367e-05,8.31046666393683e-06
1771334348276,1.7386363508167668e-05,-1.52716004356367e-05,8.31046666393683e-06
1771334348277,1.7386363508167668e-05,-1.52716004356367e-05,8.31046666393683e-06
1771334348278,1.7386363508167668e-05,-1.52716004356367e-05,8.31046666393683e-06
1771334348279,1.7386363508167668e-05,-1.52716004356367e-05,8.31046666393683e-06
1771334348280,1.7386363508167668e-05,-1.52716004356367e-05,8.31046666393683e-06
1771334348281,1.7386363508167668e-05,-1.52716004356367e-05,8.31046666393683e-06
1771334348282,1.7386363508167668e-05,-1.52716004356367e-05,8.31046666393683e-06
1771334348283,1.7386363508167668e-05,-1.52716004356367e-05,8.31046666393683e-06
1771334348284,1.7386363508167668e-05,-1.52716004356367e-05,8.31046666393683e-06
1771334348285,1.7386363508167668e-05,-1.52716004356367e-05,8.31046666393683e-06
1771334348286,1.7386363508167668e-05,-1.52716004356367e-05,8.31046666393683e-06
1771334348287,1.7386363508167668e-05,-1.52716004356367e-05,8.31046666393683e-06
1771334348288,1.7386363508167668e-05,-1.52716004356367e-05,8.31046666393683e-06
1771334348288,1.7386363508167668e-05,-1.52716004356367e-05,8.31046666393683e-06
1771334348290,1.7386363508167668e-05,-1.52716004356367e-05,8.31046666393683e-06
1771334348291,1.7386363508167668e-05,-1.52716004356367e-05,8.31046666393683e-06
1771334348292,1.7386363508167668e-05,-1.52716004356367e-05,8.31046666393683e-06
1771334348293,1.7386363508167668e-05,-1.52716004356367e-05,8.31046666393683e-06
1771334348294,1.7386363508167668e-05,-1.52716004356367e-05,8.31046666393683e-06
1771334348295,1.7386363508167668e-05,-1.52716004356367e-05,8.31046666393683e-06
1771334348295,1.7386363508167668e-05,-1.52716004356367e-05,8.31046666393683e-06
1771334348296,1.7386363508167668e-05,-1.52716004356367e-05,8.31046666393683e-06
1771334348297,1.7386363508167668e-05,-1.52716004356367e-05,8.31046666393683e-06
1771334348299,1.7386363508167668e-05,-1.52716004356367e-05,8.31046666393683e-06
1771334348300,1.7386363508167668e-05,-1.52716004356367e-05,8.31046666393683e-06
1771334348301,1.7386363508167668e-05,-1.52716004356367e-05,8.31046666393683e-06
1771334348302,1.7386363508167668e-05,-1.52716004356367e-05,8.31046666393683e-06
1771334348303,1.7386363508167668e-05,-1.52716004356367e-05,8.31046666393683e-06
1771334348304,1.7386363508167668e-05,-1.52716004356367e-05,8.31046666393683e-06
1771334348305,1.7386363508167668e-05,-1.52716004356367e-05,8.31046666393683e-06
1771334348306,1.7386363508167668e-05,-1.52716004356367e-05,8.31046666393683e-06
1771334348307,1.7386363508167668e-05,-1.52716004356367e-05,8.31046666393683e-06
1771334348307,1.7386363508167668e-05,-1.52716004356367e-05,8.31046666393683e-06
1771334348309,1.7386363508167668e-05,-1.52716004356367e-05,8.31046666393683e-06
1771334348310,1.7386363508167668e-05,-1.52716004356367e-05,8.31046666393683e-06
1771334348311,1.7386363508167668e-05,-1.52716004356367e-05,8.31046666393683e-06
1771334348312,1.7386363508167668e-05,-1.52716004356367e-05,8.31046666393683e-06
1771334348313,1.7386363508167668e-05,-1.52716004356367e-05,8.31046666393683e-06
1771334348314,1.7386363508167668e-05,-1.52716004356367e-05,8.31046666393683e-06
1771334348315,1.7386363508167668e-05,-1.52716004356367e-05,8.31046666393683e-06
1771334348316,1.7386363508167668e-05,-1.52716004356367e-05,8.31046666393683e-06
1771334348317,1.7386363508167668e-05,-1.52716004356367e-05,8.31046666393683e-06
1771334348318,1.7386363508167668e-05,-1.52716004356367e-05,8.31046666393683e-06
1771334348319,1.7386363508167668e-05,-1.52716004356367e-05,8.31046666393683e-06
1771334348320,1.7386363508167668e-05,-1.52716004356367e-05,8.31046666393683e-06
1771334348321,1.7386363508167668e-05,-1.52716004356367e-05,8.31046666393683e-06
1771334348322,1.7386363508167668e-05,-1.52716004356367e-05,8.31046666393683e-06
1771334348323,1.7386363508167668e-05,-1.52716004356367e-05,8.31046666393683e-06
1771334348324,1.7386363508167668e-05,-1.52716004356367e-05,8.31046666393683e-06
1771334348325,1.7386363508167668e-05,-1.52716004356367e-05,8.31046666393683e-06
1771334348326,1.7386363508167668e-05,-1.52716004356367e-05,8.31046666393683e-06
1771334348327,1.7386363508167668e-05,-1.52716004356367e-05,8.31046666393683e-06
1771334348328,1.7386363508167668e-05,-1.52716004356367e-05,8.31046666393683e-06
1771334348329,1.7386363508167668e-05,-1.52716004356367e-05,8.31046666393683e-06
1771334348330,1.7386363508167668e-05,-1.52716004356367e-05,8.31046666393683e-06
1771334348331,1.7386363508167668e-05,-1.52716004356367e-05,8.31046666393683e-06
1771334348332,1.7386363508167668e-05,-1.52716004356367e-05,8.31046666393683e-06
1771334348333,1.7386363508167668e-05,-1.52716004356367e-05,8.31046666393683e-06
1771334348334,1.7386363508167668e-05,-1.52716004356367e-05,8.31046666393683e-06
1771334348335,1.7386363508167668e-05,-1.52716004356367e-05,8.31046666393683e-06
1771334348336,1.7386363508167668e-05,-1.52716004356367e-05,8.31046666393683e-06
1771334348337,1.7386363508167668e-05,-1.52716004356367e-05,8.31046666393683e-06
1771334348338,1.7386363508167668e-05,-1.52716004356367e-05,8.31046666393683e-06
1771334348339,1.7386363508167668e-05,-1.52716004356367e-05,8.31046666393683e-06
1771334348340,1.7386363508167668e-05,-1.52716004356367e-05,8.31046666393683e-06
1771334348341,1.7386363508167668e-05,-1.52716004356367e-05,8.31046666393683e-06
1771334348342,1.7386363508167668e-05,-1.52716004356367e-05,8.31046666393683e-06
1771334348343,1.7386363508167668e-05,-1.52716004356367e-05,8.31046666393683e-06
1771334348344,1.7386363508167668e-05,-1.52716004356367e-05,8.31046666393683e-06
1771334348345,1.7386363508167668e-05,-1.52716004356367e-05,8.31046666393683e-06
1771334348346,1.7386363508167668e-05,-1.52716004356367e-05,8.31046666393683e-06
1771334348347,1.7386363508167668e-05,-1.52716004356367e-05,8.31046666393683e-06
1771334348348,1.7386363508167668e-05,-1.52716004356367e-05,8.31046666393683e-06
1771334348349,1.7386363508167668e-05,-1.52716004356367e-05,8.31046666393683e-06
1771334348350,1.7386363508167668e-05,-1.52716004356367e-05,8.31046666393683e-06
1771334348351,1.7386363508167668e-05,-1.52716004356367e-05,8.31046666393683e-06
1771334348352,1.7386363508167668e-05,-1.52716004356367e-05,8.31046666393683e-06
1771334348352,1.7386363508167668e-05,-1.52716004356367e-05,8.31046666393683e-06
1771334348353,1.7386363508167668e-05,-1.52716004356367e-05,8.31046666393683e-06
1771334348354,1.7386363508167668e-05,-1.52716004356367e-05,8.31046666393683e-06
1771334348355,1.7386363508167668e-05,-1.52716004356367e-05,8.31046666393683e-06
1771334348356,1.7386363508167668e-05,-1.52716004356367e-05,8.31046666393683e-06
1771334348357,1.7386363508167668e-05,-1.52716004356367e-05,8.31046666393683e-06
1771334348358,1.7386363508167668e-05,-1.52716004356367e-05,8.31046666393683e-06
1771334348359,1.7386363508167668e-05,-1.52716004356367e-05,8.31046666393683e-06
1771334348360,1.7386363508167668e-05,-1.52716004356367e-05,8.31046666393683e-06
1771334348361,1.7386363508167668e-05,-1.52716004356367e-05,8.31046666393683e-06
1771334348362,1.7386363508167668e-05,-1.52716004356367e-05,8.31046666393683e-06
1771334348364,1.7386363508167668e-05,-1.52716004356367e-05,8.31046666393683e-06
1771334348365,1.7386363508167668e-05,-1.52716004356367e-05,8.31046666393683e-06
1771334348366,1.7386363508167668e-05,-1.52716004356367e-05,8.31046666393683e-06
1771334348367,1.7386363508167668e-05,-1.52716004356367e-05,8.31046666393683e-06
1771334348368,1.7386363508167668e-05,-1.52716004356367e-05,8.31046666393683e-06
1771334348369,1.7386363508167668e-05,-1.52716004356367e-05,8.31046666393683e-06
1771334348370,1.7386363508167668e-05,-1.52716004356367e-05,8.31046666393683e-06
1771334348371,1.7386363508167668e-05,-1.52716004356367e-05,8.31046666393683e-06
1771334348372,1.7386363508167668e-05,-1.52716004356367e-05,8.31046666393683e-06
1771334348373,1.7386363508167668e-05,-1.52716004356367e-05,8.31046666393683e-06
1771334348374,1.7386363508167668e-05,-1.52716004356367e-05,8.31046666393683e-06
1771334348375,1.7386363508167668e-05,-1.52716004356367e-05,8.31046666393683e-06
1771334348376,1.7386363508167668e-05,-1.52716004356367e-05,8.31046666393683e-06
1771334348377,1.7386363508167668e-05,-1.52716004356367e-05,8.31046666393683e-06
1771334348378,1.7386363508167668e-05,-1.52716004356367e-05,8.31046666393683e-06
1771334348379,1.7386363508167668e-05,-1.52716004356367e-05,8.31046666393683e-06
1771334348380,1.7386363508167668e-05,-1.52716004356367e-05,8.31046666393683e-06
1771334348381,1.7386363508167668e-05,-1.52716004356367e-05,8.31046666393683e-06
1771334348382,1.7386363508167668e-05,-1.52716004356367e-05,8.31046666393683e-06
1771334348383,1.7386363508167668e-05,-1.52716004356367e-05,8.31046666393683e-06
1771334348384,1.7386363508167668e-05,-1.52716004356367e-05,8.31046666393683e-06
1771334348385,1.7386363508167668e-05,-1.52716004356367e-05,8.31046666393683e-06
1771334348386,1.7386363508167668e-05,-1.52716004356367e-05,8.31046666393683e-06
1771334348386,1.7386363508167668e-05,-1.52716004356367e-05,8.31046666393683e-06
1771334348387,1.7386363508167668e-05,-1.52716004356367e-05,8.31046666393683e-06
1771334348388,1.7386363508167668e-05,-1.52716004356367e-05,8.31046666393683e-06
1771334348390,1.7386363508167668e-05,-1.52716004356367e-05,8.31046666393683e-06
1771334348391,1.7386363508167668e-05,-1.52716004356367e-05,8.31046666393683e-06
1771334348392,1.7386363508167668e-05,-1.52716004356367e-05,8.31046666393683e-06
1771334348393,1.7386363508167668e-05,-1.52716004356367e-05,8.31046666393683e-06
1771334348394,1.7386363508167668e-05,-1.52716004356367e-05,8.31046666393683e-06
1771334348394,1.7386363508167668e-05,-1.52716004356367e-05,8.31046666393683e-06
1771334348395,1.7386363508167668e-05,-1.52716004356367e-05,8.31046666393683e-06
1771334348396,1.7386363508167668e-05,-1.52716004356367e-05,8.31046666393683e-06
1771334348397,1.7386363508167668e-05,-1.52716004356367e-05,8.31046666393683e-06
1771334348398,1.7386363508167668e-05,-1.52716004356367e-05,8.31046666393683e-06
1771334348399,1.7386363508167668e-05,-1.52716004356367e-05,8.31046666393683e-06
1771334348400,1.7386363508167668e-05,-1.52716004356367e-05,8.31046666393683e-06
1771334348401,1.7386363508167668e-05,-1.52716004356367e-05,8.31046666393683e-06
1771334348402,1.7386363508167668e-05,-1.52716004356367e-05,8.31046666393683e-06
1771334348403,1.7386363508167668e-05,-1.52716004356367e-05,8.31046666393683e-06
1771334348404,1.7386363508167668e-05,-1.52716004356367e-05,8.31046666393683e-06
1771334348405,1.7386363508167668e-05,-1.52716004356367e-05,8.31046666393683e-06
1771334348406,1.7386363508167668e-05,-1.52716004356367e-05,8.31046666393683e-06
1771334348407,1.7386363508167668e-05,-1.52716004356367e-05,8.31046666393683e-06
1771334348408,1.7386363508167668e-05,-1.52716004356367e-05,8.31046666393683e-06
1771334348409,1.7386363508167668e-05,-1.52716004356367e-05,8.31046666393683e-06
1771334348410,1.7386363508167668e-05,-1.52716004356367e-05,8.31046666393683e-06
1771334348411,1.7386363508167668e-05,-1.52716004356367e-05,8.31046666393683e-06
1771334348412,1.7386363508167668e-05,-1.52716004356367e-05,8.31046666393683e-06
1771334348413,1.7386363508167668e-05,-1.52716004356367e-05,8.31046666393683e-06
1771334348414,1.7386363508167668e-05,-1.52716004356367e-05,8.31046666393683e-06
1771334348415,1.7386363508167668e-05,-1.52716004356367e-05,8.31046666393683e-06
1771334348416,1.7386363508167668e-05,-1.52716004356367e-05,8.31046666393683e-06
1771334348417,1.7386363508167668e-05,-1.52716004356367e-05,8.31046666393683e-06
1771334348418,1.7386363508167668e-05,-1.52716004356367e-05,8.31046666393683e-06
1771334348419,1.7386363508167668e-05,-1.52716004356367e-05,8.31046666393683e-06
1771334348420,1.7386363508167668e-05,-1.52716004356367e-05,8.31046666393683e-06
1771334348421,1.7386363508167668e-05,-1.52716004356367e-05,8.31046666393683e-06
1771334348422,1.7386363508167668e-05,-1.52716004356367e-05,8.31046666393683e-06
1771334348423,1.7386363508167668e-05,-1.52716004356367e-05,8.31046666393683e-06
1771334348424,1.7386363508167668e-05,-1.52716004356367e-05,8.31046666393683e-06
1771334348425,1.7386363508167668e-05,-1.52716004356367e-05,8.31046666393683e-06
1771334348426,1.7386363508167668e-05,-1.52716004356367e-05,8.31046666393683e-06
1771334348427,1.7386363508167668e-05,-1.52716004356367e-05,8.31046666393683e-06
1771334348428,1.7386363508167668e-05,-1.52716004356367e-05,8.31046666393683e-06
1771334348429,1.7386363508167668e-05,-1.52716004356367e-05,8.31046666393683e-06
1771334348430,1.7386363508167668e-05,-1.52716004356367e-05,8.31046666393683e-06
1771334348431,1.7386363508167668e-05,-1.52716004356367e-05,8.31046666393683e-06
1771334348432,1.7386363508167668e-05,-1.52716004356367e-05,8.31046666393683e-06
1771334348433,1.7386363508167668e-05,-1.52716004356367e-05,8.31046666393683e-06
1771334348434,1.7386363508167668e-05,-1.52716004356367e-05,8.31046666393683e-06
1771334348435,1.7386363508167668e-05,-1.52716004356367e-05,8.31046666393683e-06
1771334348436,1.7386363508167668e-05,-1.52716004356367e-05,8.31046666393683e-06
1771334348437,1.7386363508167668e-05,-1.52716004356367e-05,8.31046666393683e-06
1771334348438,1.7386363508167668e-05,-1.52716004356367e-05,8.31046666393683e-06
1771334348439,1.7386363508167668e-05,-1.52716004356367e-05,8.31046666393683e-06
1771334348440,1.7386363508167668e-05,-1.52716004356367e-05,8.31046666393683e-06
1771334348441,1.7386363508167668e-05,-1.52716004356367e-05,8.31046666393683e-06
1771334348442,1.7386363508167668e-05,-1.52716004356367e-05,8.31046666393683e-06
1771334348443,1.7386363508167668e-05,-1.52716004356367e-05,8.31046666393683e-06
1771334348444,1.7386363508167668e-05,-1.52716004356367e-05,8.31046666393683e-06
1771334348445,1.7386363508167668e-05,-1.52716004356367e-05,8.31046666393683e-06
1771334348446,1.7386363508167668e-05,-1.52716004356367e-05,8.31046666393683e-06
1771334348447,1.7386363508167668e-05,-1.52716004356367e-05,8.31046666393683e-06
1771334348448,1.7386363508167668e-05,-1.52716004356367e-05,8.31046666393683e-06
1771334348449,1.7386363508167668e-05,-1.52716004356367e-05,8.31046666393683e-06
1771334348450,1.7386363508167668e-05,-1.52716004356367e-05,8.31046666393683e-06
1771334348451,1.7386363508167668e-05,-1.52716004356367e-05,8.31046666393683e-06
1771334348452,1.7386363508167668e-05,-1.52716004356367e-05,8.31046666393683e-06
1771334348453,1.7386363508167668e-05,-1.52716004356367e-05,8.31046666393683e-06
1771334348454,1.7386363508167668e-05,-1.52716004356367e-05,8.31046666393683e-06
1771334348455,1.7386363508167668e-05,-1.52716004356367e-05,8.31046666393683e-06
1771334348456,1.7386363508167668e-05,-1.52716004356367e-05,8.31046666393683e-06
1771334348458,1.7386363508167668e-05,-1.52716004356367e-05,8.31046666393683e-06
1771334348459,1.7386363508167668e-05,-1.52716004356367e-05,8.31046666393683e-06
1771334348460,1.7386363508167668e-05,-1.52716004356367e-05,8.31046666393683e-06
1771334348461,1.7386363508167668e-05,-1.52716004356367e-05,8.31046666393683e-06
1771334348462,1.7386363508167668e-05,-1.52716004356367e-05,8.31046666393683e-06
1771334348463,1.7386363508167668e-05,-1.52716004356367e-05,8.31046666393683e-06
1771334348464,1.7386363508167668e-05,-1.52716004356367e-05,8.31046666393683e-06
1771334348465,1.7386363508167668e-05,-1.52716004356367e-05,8.31046666393683e-06
1771334348466,1.7386363508167668e-05,-1.52716004356367e-05,8.31046666393683e-06
1771334348467,1.7386363508167668e-05,-1.52716004356367e-05,8.31046666393683e-06
1771334348468,1.7386363508167668e-05,-1.52716004356367e-05,8.31046666393683e-06
1771334348469,1.7386363508167668e-05,-1.52716004356367e-05,8.31046666393683e-06
1771334348470,1.7386363508167668e-05,-1.52716004356367e-05,8.31046666393683e-06
1771334348471,1.7386363508167668e-05,-1.52716004356367e-05,8.31046666393683e-06
1771334348471,1.7386363508167668e-05,-1.52716004356367e-05,8.31046666393683e-06
1771334348472,1.7386363508167668e-05,-1.52716004356367e-05,8.31046666393683e-06
1771334348473,1.7386363508167668e-05,-1.52716004356367e-05,8.31046666393683e-06
1771334348474,1.7386363508167668e-05,-1.52716004356367e-05,8.31046666393683e-06
1771334348475,1.7386363508167668e-05,-1.52716004356367e-05,8.31046666393683e-06
1771334348476,1.7386363508167668e-05,-1.52716004356367e-05,8.31046666393683e-06
1771334348477,1.7386363508167668e-05,-1.52716004356367e-05,8.31046666393683e-06
1771334348478,1.7386363508167668e-05,-1.52716004356367e-05,8.31046666393683e-06
1771334348480,1.7386363508167668e-05,-1.52716004356367e-05,8.31046666393683e-06
1771334348480,1.7386363508167668e-05,-1.52716004356367e-05,8.31046666393683e-06
1771334348482,1.7386363508167668e-05,-1.52716004356367e-05,8.31046666393683e-06
1771334348483,1.7386363508167668e-05,-1.52716004356367e-05,8.31046666393683e-06
1771334348484,1.7386363508167668e-05,-1.52716004356367e-05,8.31046666393683e-06
1771334348486,1.7386363508167668e-05,-1.52716004356367e-05,8.31046666393683e-06
1771334348487,1.7386363508167668e-05,-1.52716004356367e-05,8.31046666393683e-06
1771334348488,1.7386363508167668e-05,-1.52716004356367e-05,8.31046666393683e-06
1771334348489,1.7386363508167668e-05,-1.52716004356367e-05,8.31046666393683e-06
1771334348490,1.7386363508167668e-05,-1.52716004356367e-05,8.31046666393683e-06
1771334348491,1.7386363508167668e-05,-1.52716004356367e-05,8.31046666393683e-06
1771334348492,1.7386363508167668e-05,-1.52716004356367e-05,8.31046666393683e-06
1771334348493,1.7386363508167668e-05,-1.52716004356367e-05,8.31046666393683e-06
1771334348494,1.7386363508167668e-05,-1.52716004356367e-05,8.31046666393683e-06
1771334348495,1.7386363508167668e-05,-1.52716004356367e-05,8.31046666393683e-06
1771334348496,1.7386363508167668e-05,-1.52716004356367e-05,8.31046666393683e-06
1771334348498,1.7386363508167668e-05,-1.52716004356367e-05,8.31046666393683e-06
1771334348499,1.7386363508167668e-05,-1.52716004356367e-05,8.31046666393683e-06
1771334348500,1.7386363508167668e-05,-1.52716004356367e-05,8.31046666393683e-06
1771334348502,1.7386363508167668e-05,-1.52716004356367e-05,8.31046666393683e-06
1771334348503,1.7386363508167668e-05,-1.52716004356367e-05,8.31046666393683e-06
1771334348504,1.7386363508167668e-05,-1.52716004356367e-05,8.31046666393683e-06
1771334348506,1.7386363508167668e-05,-1.52716004356367e-05,8.31046666393683e-06
1771334348507,1.7386363508167668e-05,-1.52716004356367e-05,8.31046666393683e-06
1771334348508,1.7386363508167668e-05,-1.52716004356367e-05,8.31046666393683e-06
1771334348509,1.7386363508167668e-05,-1.52716004356367e-05,8.31046666393683e-06
1771334348510,1.7386363508167668e-05,-1.52716004356367e-05,8.31046666393683e-06
1771334348511,1.7386363508167668e-05,-1.52716004356367e-05,8.31046666393683e-06
1771334348512,1.7386363508167668e-05,-1.52716004356367e-05,8.31046666393683e-06
1771334348513,1.7386363508167668e-05,-1.52716004356367e-05,8.31046666393683e-06
1771334348514,1.7386363508167668e-05,-1.52716004356367e-05,8.31046666393683e-06
1771334348515,1.7386363508167668e-05,-1.52716004356367e-05,8.31046666393683e-06
1771334348516,1.7386363508167668e-05,-1.52716004356367e-05,8.31046666393683e-06
1771334348517,1.7386363508167668e-05,-1.52716004356367e-05,8.31046666393683e-06
1771334348519,1.7386363508167668e-05,-1.52716004356367e-05,8.31046666393683e-06
1771334348521,1.7386363508167668e-05,-1.52716004356367e-05,8.31046666393683e-06
1771334348529,1.7386363508167668e-05,-1.52716004356367e-05,8.31046666393683e-06
1771334348541,1.7386363508167668e-05,-1.52716004356367e-05,8.31046666393683e-06
1771334348543,1.7386363508167668e-05,-1.52716004356367e-05,8.31046666393683e-06
1771334348545,1.7386363508167668e-05,-1.52716004356367e-05,8.31046666393683e-06
1771334348548,1.7386363508167668e-05,-1.52716004356367e-05,8.31046666393683e-06
1771334348565,1.7386363508167668e-05,-1.52716004356367e-05,8.31046666393683e-06
1771334348566,1.7386363508167668e-05,-1.52716004356367e-05,8.31046666393683e-06
1771334348567,1.7386363508167668e-05,-1.52716004356367e-05,8.31046666393683e-06
1771334348569,1.7386363508167668e-05,-1.52716004356367e-05,8.31046666393683e-06
1771334348570,1.7386363508167668e-05,-1.52716004356367e-05,8.31046666393683e-06
1771334348571,1.7386363508167668e-05,-1.52716004356367e-05,8.31046666393683e-06
1771334348572,1.7386363508167668e-05,-1.52716004356367e-05,8.31046666393683e-06
1771334348573,1.7386363508167668e-05,-1.52716004356367e-05,8.31046666393683e-06
1771334348574,1.7386363508167668e-05,-1.52716004356367e-05,8.31046666393683e-06
1771334348575,1.7386363508167668e-05,-1.52716004356367e-05,8.31046666393683e-06
1771334348576,1.7386363508167668e-05,-1.52716004356367e-05,8.31046666393683e-06
1771334348578,1.7386363508167668e-05,-1.52716004356367e-05,8.31046666393683e-06
1771334348580,1.7386363508167668e-05,-1.52716004356367e-05,8.31046666393683e-06
1771334348581,1.7386363508167668e-05,-1.52716004356367e-05,8.31046666393683e-06
1771334348582,1.7386363508167668e-05,-1.52716004356367e-05,8.31046666393683e-06
1771334348583,1.7386363508167668e-05,-1.52716004356367e-05,8.31046666393683e-06
1771334348584,1.7386363508167668e-05,-1.52716004356367e-05,8.31046666393683e-06
1771334348585,1.7386363508167668e-05,-1.52716004356367e-05,8.31046666393683e-06
1771334348586,1.7386363508167668e-05,-1.52716004356367e-05,8.31046666393683e-06
1771334348587,0.26334239952526917,-0.0004466046809135705,0.2633420208246027
1771334348588,0.26334239952526917,-0.0004466046809135705,0.2633420208246027
1771334348589,0.26334239952526917,-0.0004466046809135705,0.2633420208246027
1771334348592,0.26334239952526917,-0.0004466046809135705,0.2633420208246027
1771334348594,0.26334239952526917,-0.0004466046809135705,0.2633420208246027
1771334348596,0.26334239952526917,-0.0004466046809135705,0.2633420208246027
1771334348597,0.26334239952526917,-0.0004466046809135705,0.2633420208246027
1771334348598,0.26334239952526917,-0.0004466046809135705,0.2633420208246027
1771334348606,0.26334239952526917,-0.0004466046809135705,0.2633420208246027
1771334348607,0.26334239952526917,-0.0004466046809135705,0.2633420208246027
1771334348608,0.26334239952526917,-0.0004466046809135705,0.2633420208246027
1771334348609,0.26334239952526917,-0.0004466046809135705,0.2633420208246027
1771334348611,0.26334239952526917,-0.0004466046809135705,0.2633420208246027
1771334348612,0.26334239952526917,-0.0004466046809135705,0.2633420208246027
1771334348614,0.26334239952526917,-0.0004466046809135705,0.2633420208246027
1771334348615,0.26334239952526917,-0.0004466046809135705,0.2633420208246027
1771334348616,0.26334239952526917,-0.0004466046809135705,0.2633420208246027
1771334348617,0.26334239952526917,-0.0004466046809135705,0.2633420208246027
1771334348618,0.26334239952526917,-0.0004466046809135705,0.2633420208246027
1771334348619,0.26334239952526917,-0.0004466046809135705,0.2633420208246027
1771334348621,0.26334239952526917,-0.0004466046809135705,0.2633420208246027
1771334348622,0.26334239952526917,-0.0004466046809135705,0.2633420208246027
1771334348623,0.26334239952526917,-0.0004466046809135705,0.2633420208246027
1771334348624,0.26334239952526917,-0.0004466046809135705,0.2633420208246027
1771334348626,0.26334239952526917,-0.0004466046809135705,0.2633420208246027
1771334348627,0.26334239952526917,-0.0004466046809135705,0.2633420208246027
1771334348629,0.26334239952526917,-0.0004466046809135705,0.2633420208246027
1771334348630,0.26334239952526917,-0.0004466046809135705,0.2633420208246027
1771334348631,0.26334239952526917,-0.0004466046809135705,0.2633420208246027
1771334348632,0.26334239952526917,-0.0004466046809135705,0.2633420208246027
1771334348633,0.26334239952526917,-0.0004466046809135705,0.2633420208246027
1771334348634,0.26334239952526917,-0.0004466046809135705,0.2633420208246027
1771334348635,0.26334239952526917,-0.0004466046809135705,0.2633420208246027
1771334348638,0.26334239952526917,-0.0004466046809135705,0.2633420208246027
1771334348640,0.26334239952526917,-0.0004466046809135705,0.2633420208246027
1771334348642,0.26334239952526917,-0.0004466046809135705,0.2633420208246027
1771334348643,0.26334239952526917,-0.0004466046809135705,0.2633420208246027
1771334348644,0.26334239952526917,-0.0004466046809135705,0.2633420208246027
1771334348645,0.26334239952526917,-0.0004466046809135705,0.2633420208246027
1771334348647,0.26334239952526917,-0.0004466046809135705,0.2633420208246027
1771334348648,0.26334239952526917,-0.0004466046809135705,0.2633420208246027
1771334348649,0.26334239952526917,-0.0004466046809135705,0.2633420208246027
1771334348650,0.26334239952526917,-0.0004466046809135705,0.2633420208246027
1771334348651,0.26334239952526917,-0.0004466046809135705,0.2633420208246027
1771334348652,0.26334239952526917,-0.0004466046809135705,0.2633420208246027
1771334348653,0.26334239952526917,-0.0004466046809135705,0.2633420208246027
1771334348654,0.26334239952526917,-0.0004466046809135705,0.2633420208246027
1771334348655,0.26334239952526917,-0.0004466046809135705,0.2633420208246027
1771334348657,0.26334239952526917,-0.0004466046809135705,0.2633420208246027
1771334348657,0.26334239952526917,-0.0004466046809135705,0.2633420208246027
1771334348659,0.26334239952526917,-0.0004466046809135705,0.2633420208246027
1771334348661,0.26334239952526917,-0.0004466046809135705,0.2633420208246027
1771334348662,0.26334239952526917,-0.0004466046809135705,0.2633420208246027
1771334348663,0.26334239952526917,-0.0004466046809135705,0.2633420208246027
1771334348665,0.26334239952526917,-0.0004466046809135705,0.2633420208246027
1771334348666,0.26334239952526917,-0.0004466046809135705,0.2633420208246027
1771334348667,0.26334239952526917,-0.0004466046809135705,0.2633420208246027
1771334348668,0.26334239952526917,-0.0004466046809135705,0.2633420208246027
1771334348669,0.26334239952526917,-0.0004466046809135705,0.2633420208246027
1771334348670,0.26334239952526917,-0.0004466046809135705,0.2633420208246027
1771334348671,0.26334239952526917,-0.0004466046809135705,0.2633420208246027
1771334348673,0.26334239952526917,-0.0004466046809135705,0.2633420208246027
1771334348674,0.26334239952526917,-0.0004466046809135705,0.2633420208246027
1771334348676,0.26334239952526917,-0.0004466046809135705,0.2633420208246027
1771334348677,0.26334239952526917,-0.0004466046809135705,0.2633420208246027
1771334348678,0.26334239952526917,-0.0004466046809135705,0.2633420208246027
1771334348679,0.26334239952526917,-0.0004466046809135705,0.2633420208246027
1771334348680,0.26334239952526917,-0.0004466046809135705,0.2633420208246027
1771334348682,0.26334239952526917,-0.0004466046809135705,0.2633420208246027
1771334348683,0.26334239952526917,-0.0004466046809135705,0.2633420208246027
1771334348684,0.26334239952526917,-0.0004466046809135705,0.2633420208246027
1771334348685,0.26334239952526917,-0.0004466046809135705,0.2633420208246027
1771334348687,0.26334239952526917,-0.0004466046809135705,0.2633420208246027
1771334348688,0.26334239952526917,-0.0004466046809135705,0.2633420208246027
1771334348689,0.26334239952526917,-0.0004466046809135705,0.2633420208246027
1771334348693,0.26334239952526917,-0.0004466046809135705,0.2633420208246027
1771334348727,0.26334239952526917,-0.0004466046809135705,0.2633420208246027
1771334348728,0.26334239952526917,-0.0004466046809135705,0.2633420208246027
1771334348729,0.26334239952526917,-0.0004466046809135705,0.2633420208246027
1771334348731,0.26334239952526917,-0.0004466046809135705,0.2633420208246027
1771334348732,0.26334239952526917,-0.0004466046809135705,0.2633420208246027
1771334348733,0.26334239952526917,-0.0004466046809135705,0.2633420208246027
1771334348735,0.26334239952526917,-0.0004466046809135705,0.2633420208246027
1771334348736,0.26334239952526917,-0.0004466046809135705,0.2633420208246027
1771334348739,0.26334239952526917,-0.0004466046809135705,0.2633420208246027
1771334348743,0.26334239952526917,-0.0004466046809135705,0.2633420208246027
1771334348744,0.26334239952526917,-0.0004466046809135705,0.2633420208246027
1771334348745,0.26334239952526917,-0.0004466046809135705,0.2633420208246027
1771334348746,0.26334239952526917,-0.0004466046809135705,0.2633420208246027
1771334348747,0.26334239952526917,-0.0004466046809135705,0.2633420208246027
1771334348748,0.26334239952526917,-0.0004466046809135705,0.2633420208246027
1771334348749,0.26334239952526917,-0.0004466046809135705,0.2633420208246027
1771334348750,0.26334239952526917,-0.0004466046809135705,0.2633420208246027
1771334348751,0.26334239952526917,-0.0004466046809135705,0.2633420208246027
1771334348752,0.26334239952526917,-0.0004466046809135705,0.2633420208246027
1771334348753,0.26334239952526917,-0.0004466046809135705,0.2633420208246027
1771334348755,0.26334239952526917,-0.0004466046809135705,0.2633420208246027
1771334348756,0.26334239952526917,-0.0004466046809135705,0.2633420208246027
1771334348757,0.26334239952526917,-0.0004466046809135705,0.2633420208246027
1771334348758,0.26334239952526917,-0.0004466046809135705,0.2633420208246027
1771334348759,0.26334239952526917,-0.0004466046809135705,0.2633420208246027
1771334348760,0.26334239952526917,-0.0004466046809135705,0.2633420208246027
1771334348761,0.26334239952526917,-0.0004466046809135705,0.2633420208246027
1771334348762,0.26334239952526917,-0.0004466046809135705,0.2633420208246027
1771334348763,0.26334239952526917,-0.0004466046809135705,0.2633420208246027
1771334348764,0.26334239952526917,-0.0004466046809135705,0.2633420208246027
1771334348765,0.26334239952526917,-0.0004466046809135705,0.2633420208246027
1771334348766,0.26334239952526917,-0.0004466046809135705,0.2633420208246027
1771334348767,0.26334239952526917,-0.0004466046809135705,0.2633420208246027
1771334348768,0.26334239952526917,-0.0004466046809135705,0.2633420208246027
1771334348769,0.26334239952526917,-0.0004466046809135705,0.2633420208246027
1771334348770,0.26334239952526917,-0.0004466046809135705,0.2633420208246027
1771334348771,0.26334239952526917,-0.0004466046809135705,0.2633420208246027
1771334348772,0.26334239952526917,-0.0004466046809135705,0.2633420208246027
1771334348774,0.26334239952526917,-0.0004466046809135705,0.2633420208246027
1771334348775,0.26334239952526917,-0.0004466046809135705,0.2633420208246027
1771334348776,0.26334239952526917,-0.0004466046809135705,0.2633420208246027
1771334348777,0.26334239952526917,-0.0004466046809135705,0.2633420208246027
1771334348778,0.26334239952526917,-0.0004466046809135705,0.2633420208246027
1771334348779,0.26334239952526917,-0.0004466046809135705,0.2633420208246027
1771334348780,0.26334239952526917,-0.0004466046809135705,0.2633420208246027
1771334348781,0.26334239952526917,-0.0004466046809135705,0.2633420208246027
1771334348782,0.26334239952526917,-0.0004466046809135705,0.2633420208246027
1771334348783,0.26334239952526917,-0.0004466046809135705,0.2633420208246027
1771334348784,0.26334239952526917,-0.0004466046809135705,0.2633420208246027
1771334348785,0.26334239952526917,-0.0004466046809135705,0.2633420208246027
1771334348786,0.26334239952526917,-0.0004466046809135705,0.2633420208246027
1771334348787,0.26334239952526917,-0.0004466046809135705,0.2633420208246027
1771334348788,0.26334239952526917,-0.0004466046809135705,0.2633420208246027
1771334348789,0.26334239952526917,-0.0004466046809135705,0.2633420208246027
1771334348790,0.26334239952526917,-0.0004466046809135705,0.2633420208246027
1771334348791,0.26334239952526917,-0.0004466046809135705,0.2633420208246027
1771334348792,0.26334239952526917,-0.0004466046809135705,0.2633420208246027
1771334348793,0.26334239952526917,-0.0004466046809135705,0.2633420208246027
1771334348794,0.26334239952526917,-0.0004466046809135705,0.2633420208246027
1771334348795,0.26334239952526917,-0.0004466046809135705,0.2633420208246027
1771334348796,0.26334239952526917,-0.0004466046809135705,0.2633420208246027
1771334348797,0.26334239952526917,-0.0004466046809135705,0.2633420208246027
1771334348798,0.26334239952526917,-0.0004466046809135705,0.2633420208246027
1771334348799,0.26334239952526917,-0.0004466046809135705,0.2633420208246027
1771334348800,0.26334239952526917,-0.0004466046809135705,0.2633420208246027
1771334348801,0.26334239952526917,-0.0004466046809135705,0.2633420208246027
1771334348802,0.26334239952526917,-0.0004466046809135705,0.2633420208246027
1771334348803,0.26334239952526917,-0.0004466046809135705,0.2633420208246027
1771334348804,0.26334239952526917,-0.0004466046809135705,0.2633420208246027
1771334348805,0.26334239952526917,-0.0004466046809135705,0.2633420208246027
1771334348806,0.26334239952526917,-0.0004466046809135705,0.2633420208246027
1771334348807,0.26334239952526917,-0.0004466046809135705,0.2633420208246027
1771334348808,0.26334239952526917,-0.0004466046809135705,0.2633420208246027
1771334348809,0.26334239952526917,-0.0004466046809135705,0.2633420208246027
1771334348810,0.26334239952526917,-0.0004466046809135705,0.2633420208246027
1771334348811,0.26334239952526917,-0.0004466046809135705,0.2633420208246027
1771334348812,0.26334239952526917,-0.0004466046809135705,0.2633420208246027
1771334348813,0.26334239952526917,-0.0004466046809135705,0.2633420208246027
1771334348814,0.26334239952526917,-0.0004466046809135705,0.2633420208246027
1771334348815,0.26334239952526917,-0.0004466046809135705,0.2633420208246027
1771334348816,0.26334239952526917,-0.0004466046809135705,0.2633420208246027
1771334348818,0.26334239952526917,-0.0004466046809135705,0.2633420208246027
1771334348819,0.26359699999840375,-0.00040483807572697615,0.2635966891186058
1771334348820,0.26359699999840375,-0.00040483807572697615,0.2635966891186058
1771334348821,0.26359699999840375,-0.00040483807572697615,0.2635966891186058
1771334348822,0.26359699999840375,-0.00040483807572697615,0.2635966891186058
1771334348823,0.26359699999840375,-0.00040483807572697615,0.2635966891186058
1771334348824,0.26359699999840375,-0.00040483807572697615,0.2635966891186058
1771334348825,0.26359699999840375,-0.00040483807572697615,0.2635966891186058
1771334348826,0.26359699999840375,-0.00040483807572697615,0.2635966891186058
1771334348827,0.26359699999840375,-0.00040483807572697615,0.2635966891186058
1771334348828,0.26359699999840375,-0.00040483807572697615,0.2635966891186058
1771334348829,0.26359699999840375,-0.00040483807572697615,0.2635966891186058
1771334348830,0.26359699999840375,-0.00040483807572697615,0.2635966891186058
1771334348831,0.26359699999840375,-0.00040483807572697615,0.2635966891186058
1771334348832,0.26359699999840375,-0.00040483807572697615,0.2635966891186058
1771334348833,0.26359699999840375,-0.00040483807572697615,0.2635966891186058
1771334348834,0.26359699999840375,-0.00040483807572697615,0.2635966891186058
1771334348835,0.26359699999840375,-0.00040483807572697615,0.2635966891186058
1771334348836,0.26359699999840375,-0.00040483807572697615,0.2635966891186058
1771334348837,0.26359699999840375,-0.00040483807572697615,0.2635966891186058
1771334348838,0.26359699999840375,-0.00040483807572697615,0.2635966891186058
1771334348839,0.26359699999840375,-0.00040483807572697615,0.2635966891186058
1771334348841,0.26359699999840375,-0.00040483807572697615,0.2635966891186058
1771334348842,0.26359699999840375,-0.00040483807572697615,0.2635966891186058
1771334348843,0.26359699999840375,-0.00040483807572697615,0.2635966891186058
1771334348844,0.26359699999840375,-0.00040483807572697615,0.2635966891186058
1771334348845,0.26359699999840375,-0.00040483807572697615,0.2635966891186058
1771334348846,0.26359699999840375,-0.00040483807572697615,0.2635966891186058
1771334348847,0.26359699999840375,-0.00040483807572697615,0.2635966891186058
1771334348848,0.26359699999840375,-0.00040483807572697615,0.2635966891186058
1771334348849,0.26359699999840375,-0.00040483807572697615,0.2635966891186058
1771334348850,0.26359699999840375,-0.00040483807572697615,0.2635966891186058
1771334348851,0.26359699999840375,-0.00040483807572697615,0.2635966891186058
1771334348852,0.26359699999840375,-0.00040483807572697615,0.2635966891186058
1771334348853,0.26359699999840375,-0.00040483807572697615,0.2635966891186058
1771334348854,0.26359699999840375,-0.00040483807572697615,0.2635966891186058
1771334348855,0.26359699999840375,-0.00040483807572697615,0.2635966891186058
1771334348856,0.26359699999840375,-0.00040483807572697615,0.2635966891186058
1771334348857,0.26359699999840375,-0.00040483807572697615,0.2635966891186058
1771334348858,0.26359699999840375,-0.00040483807572697615,0.2635966891186058
1771334348859,0.26359699999840375,-0.00040483807572697615,0.2635966891186058
1771334348860,0.26359699999840375,-0.00040483807572697615,0.2635966891186058
1771334348861,0.26359699999840375,-0.00040483807572697615,0.2635966891186058
1771334348862,0.26359699999840375,-0.00040483807572697615,0.2635966891186058
1771334348863,0.26359699999840375,-0.00040483807572697615,0.2635966891186058
1771334348864,0.26359699999840375,-0.00040483807572697615,0.2635966891186058
1771334348865,0.26359699999840375,-0.00040483807572697615,0.2635966891186058
1771334348866,0.26359699999840375,-0.00040483807572697615,0.2635966891186058
1771334348867,0.26359699999840375,-0.00040483807572697615,0.2635966891186058
1771334348868,0.26359699999840375,-0.00040483807572697615,0.2635966891186058
1771334348869,0.26359699999840375,-0.00040483807572697615,0.2635966891186058
1771334348870,0.26359699999840375,-0.00040483807572697615,0.2635966891186058
1771334348872,0.26359699999840375,-0.00040483807572697615,0.2635966891186058
1771334348873,0.2705011690712111,-0.0002782775210140991,0.27050102593245967
1771334348875,1.8462740377843208,-1.2941192758547089,1.3168079292203942
1771334348876,1.8462740377843208,-1.2941192758547089,1.3168079292203942
1771334348878,1.8462740377843208,-1.2941192758547089,1.3168079292203942
1771334348879,1.8462740377843208,-1.2941192758547089,1.3168079292203942
1771334348881,1.8462740377843208,-1.2941192758547089,1.3168079292203942
1771334348882,1.8462740377843208,-1.2941192758547089,1.3168079292203942
1771334348884,1.8462740377843208,-1.2941192758547089,1.3168079292203942
1771334348885,1.8462740377843208,-1.2941192758547089,1.3168079292203942
1771334348887,1.8462740377843208,-1.2941192758547089,1.3168079292203942
1771334348888,1.8462740377843208,-1.2941192758547089,1.3168079292203942
1771334348890,1.8462740377843208,-1.2941192758547089,1.3168079292203942
1771334348891,1.8462740377843208,-1.2941192758547089,1.3168079292203942
1771334348893,1.8462740377843208,-1.2941192758547089,1.3168079292203942
1771334348895,1.8462740377843208,-1.2941192758547089,1.3168079292203942
1771334348896,1.8435881034031298,-1.2854046042855776,1.3215718286536633
1771334348898,1.8435881034031298,-1.2854046042855776,1.3215718286536633
1771334348899,1.8435881034031298,-1.2854046042855776,1.3215718286536633
1771334348901,1.8435881034031298,-1.2854046042855776,1.3215718286536633
1771334348902,1.8435881034031298,-1.2854046042855776,1.3215718286536633
1771334348904,1.8435881034031298,-1.2854046042855776,1.3215718286536633
1771334348905,1.8435881034031298,-1.2854046042855776,1.3215718286536633
1771334348908,1.8435881034031298,-1.2854046042855776,1.3215718286536633
1771334348909,1.838705576491838,-1.2665068649518962,1.3329660753567218
1771334348911,1.838705576491838,-1.2665068649518962,1.3329660753567218
1771334348912,1.838705576491838,-1.2665068649518962,1.3329660753567218
1771334348913,1.838705576491838,-1.2665068649518962,1.3329660753567218
1771334348915,1.838705576491838,-1.2665068649518962,1.3329660753567218
1771334348916,1.838705576491838,-1.2665068649518962,1.3329660753567218
1771334348918,1.838705576491838,-1.2665068649518962,1.3329660753567218
1771334348919,1.838705576491838,-1.2665068649518962,1.3329660753567218
1771334348921,1.838705576491838,-1.2665068649518962,1.3329660753567218
1771334348922,1.838705576491838,-1.2665068649518962,1.3329660753567218
1771334348924,1.838705576491838,-1.2665068649518962,1.3329660753567218
1771334348926,1.838705576491838,-1.2665068649518962,1.3329660753567218
1771334348927,1.838705576491838,-1.2665068649518962,1.3329660753567218
1771334348928,1.838705576491838,-1.2665068649518962,1.3329660753567218
1771334348930,1.838705576491838,-1.2665068649518962,1.3329660753567218
1771334348931,1.838705576491838,-1.2665068649518962,1.3329660753567218
1771334348933,1.838705576491838,-1.2665068649518962,1.3329660753567218
1771334348934,1.838705576491838,-1.2665068649518962,1.3329660753567218
1771334348936,1.838705576491838,-1.2665068649518962,1.3329660753567218
1771334348937,1.838705576491838,-1.2665068649518962,1.3329660753567218
1771334348939,1.838705576491838,-1.2665068649518962,1.3329660753567218
1771334348940,1.838705576491838,-1.2665068649518962,1.3329660753567218
1771334348942,1.838705576491838,-1.2665068649518962,1.3329660753567218
1771334348943,1.838705576491838,-1.2665068649518962,1.3329660753567218
1771334348945,1.838705576491838,-1.2665068649518962,1.3329660753567218
1771334348946,1.838705576491838,-1.2665068649518962,1.3329660753567218
1771334348948,1.838705576491838,-1.2665068649518962,1.3329660753567218
1771334348949,1.838705576491838,-1.2665068649518962,1.3329660753567218
1771334348951,1.838705576491838,-1.2665068649518962,1.3329660753567218
1771334348952,1.838705576491838,-1.2665068649518962,1.3329660753567218
1771334348954,1.838705576491838,-1.2665068649518962,1.3329660753567218
1771334348955,1.838705576491838,-1.2665068649518962,1.3329660753567218
1771334348957,1.838705576491838,-1.2665068649518962,1.3329660753567218
1771334348958,1.838705576491838,-1.2665068649518962,1.3329660753567218
1771334348960,1.838705576491838,-1.2665068649518962,1.3329660753567218
1771334348961,1.838705576491838,-1.2665068649518962,1.3329660753567218
1771334348962,1.838705576491838,-1.2665068649518962,1.3329660753567218
1771334348964,1.838705576491838,-1.2665068649518962,1.3329660753567218
1771334348965,1.838705576491838,-1.2665068649518962,1.3329660753567218
1771334348967,1.838705576491838,-1.2665068649518962,1.3329660753567218
1771334348968,1.838705576491838,-1.2665068649518962,1.3329660753567218
1771334348970,1.838705576491838,-1.2665068649518962,1.3329660753567218
1771334348971,1.838705576491838,-1.2665068649518962,1.3329660753567218
1771334348973,1.838705576491838,-1.2665068649518962,1.3329660753567218
1771334348974,1.838705576491838,-1.2665068649518962,1.3329660753567218
1771334348976,1.838705576491838,-1.2665068649518962,1.3329660753567218
1771334348977,1.838705576491838,-1.2665068649518962,1.3329660753567218
1771334348979,1.838705576491838,-1.2665068649518962,1.3329660753567218
1771334348980,1.838705576491838,-1.2665068649518962,1.3329660753567218
1771334348982,1.838705576491838,-1.2665068649518962,1.3329660753567218
1771334348983,1.838705576491838,-1.2665068649518962,1.3329660753567218
1771334348985,1.838705576491838,-1.2665068649518962,1.3329660753567218
1771334348986,1.838705576491838,-1.2665068649518962,1.3329660753567218
1771334348988,1.838705576491838,-1.2665068649518962,1.3329660753567218
1771334348989,1.838705576491838,-1.2665068649518962,1.3329660753567218
1771334348991,1.838705576491838,-1.2665068649518962,1.3329660753567218
1771334348992,1.838705576491838,-1.2665068649518962,1.3329660753567218
1771334348994,1.838705576491838,-1.2665068649518962,1.3329660753567218
1771334348995,1.838705576491838,-1.2665068649518962,1.3329660753567218
1771334348997,1.838705576491838,-1.2665068649518962,1.3329660753567218
1771334348998,1.838705576491838,-1.2665068649518962,1.3329660753567218
1771334349000,1.838705576491838,-1.2665068649518962,1.3329660753567218
1771334349001,1.838705576491838,-1.2665068649518962,1.3329660753567218
1771334349003,1.838705576491838,-1.2665068649518962,1.3329660753567218
1771334349004,1.838705576491838,-1.2665068649518962,1.3329660753567218
1771334349006,1.838705576491838,-1.2665068649518962,1.3329660753567218
1771334349008,1.838705576491838,-1.2665068649518962,1.3329660753567218
1771334349009,1.838705576491838,-1.2665068649518962,1.3329660753567218
1771334349011,1.838705576491838,-1.2665068649518962,1.3329660753567218
1771334349012,1.838705576491838,-1.2665068649518962,1.3329660753567218
1771334349013,1.838705576491838,-1.2665068649518962,1.3329660753567218
1771334349015,1.838705576491838,-1.2665068649518962,1.3329660753567218
1771334349017,1.838705576491838,-1.2665068649518962,1.3329660753567218
1771334349018,1.838705576491838,-1.2665068649518962,1.3329660753567218
1771334349020,1.838705576491838,-1.2665068649518962,1.3329660753567218
1771334349021,1.838705576491838,-1.2665068649518962,1.3329660753567218
1771334349023,1.838705576491838,-1.2665068649518962,1.3329660753567218
1771334349025,1.838705576491838,-1.2665068649518962,1.3329660753567218
1771334349026,1.838705576491838,-1.2665068649518962,1.3329660753567218
1771334349028,1.838705576491838,-1.2665068649518962,1.3329660753567218
1771334349029,1.838705576491838,-1.2665068649518962,1.3329660753567218
1771334349031,1.838705576491838,-1.2665068649518962,1.3329660753567218
1771334349032,1.838705576491838,-1.2665068649518962,1.3329660753567218
1771334349034,1.838705576491838,-1.2665068649518962,1.3329660753567218
1771334349035,1.838705576491838,-1.2665068649518962,1.3329660753567218
1771334349037,1.838705576491838,-1.2665068649518962,1.3329660753567218
1771334349038,1.838705576491838,-1.2665068649518962,1.3329660753567218
1771334349040,1.838705576491838,-1.2665068649518962,1.3329660753567218
1771334349042,1.838705576491838,-1.2665068649518962,1.3329660753567218
1771334349043,1.838705576491838,-1.2665068649518962,1.3329660753567218
1771334349045,1.838705576491838,-1.2665068649518962,1.3329660753567218
1771334349046,1.838705576491838,-1.2665068649518962,1.3329660753567218
1771334349048,1.838705576491838,-1.2665068649518962,1.3329660753567218
1771334349049,1.838705576491838,-1.2665068649518962,1.3329660753567218
1771334349051,1.838705576491838,-1.2665068649518962,1.3329660753567218
1771334349052,1.838705576491838,-1.2665068649518962,1.3329660753567218
1771334349054,1.838705576491838,-1.2665068649518962,1.3329660753567218
1771334349056,1.838705576491838,-1.2665068649518962,1.3329660753567218
1771334349057,1.838705576491838,-1.2665068649518962,1.3329660753567218
1771334349059,1.838705576491838,-1.2665068649518962,1.3329660753567218
1771334349060,1.838705576491838,-1.2665068649518962,1.3329660753567218
1771334349062,1.838705576491838,-1.2665068649518962,1.3329660753567218
1771334349063,1.838705576491838,-1.2665068649518962,1.3329660753567218
1771334349065,1.838705576491838,-1.2665068649518962,1.3329660753567218
1771334349066,1.838705576491838,-1.2665068649518962,1.3329660753567218
1771334349068,1.838705576491838,-1.2665068649518962,1.3329660753567218
1771334349069,1.838705576491838,-1.2665068649518962,1.3329660753567218
1771334349071,1.838705576491838,-1.2665068649518962,1.3329660753567218
1771334349073,1.838705576491838,-1.2665068649518962,1.3329660753567218
1771334349075,1.838705576491838,-1.2665068649518962,1.3329660753567218
1771334349076,1.838705576491838,-1.2665068649518962,1.3329660753567218
1771334349077,1.838705576491838,-1.2665068649518962,1.3329660753567218
1771334349079,1.838705576491838,-1.2665068649518962,1.3329660753567218
1771334349081,1.838705576491838,-1.2665068649518962,1.3329660753567218
1771334349082,1.838705576491838,-1.2665068649518962,1.3329660753567218
1771334349083,1.838705576491838,-1.2665068649518962,1.3329660753567218
1771334349085,1.838705576491838,-1.2665068649518962,1.3329660753567218
1771334349086,1.838705576491838,-1.2665068649518962,1.3329660753567218
1771334349088,1.838705576491838,-1.2665068649518962,1.3329660753567218
1771334349090,1.838705576491838,-1.2665068649518962,1.3329660753567218
1771334349092,1.838705576491838,-1.2665068649518962,1.3329660753567218
1771334349093,1.838705576491838,-1.2665068649518962,1.3329660753567218
1771334349095,1.838705576491838,-1.2665068649518962,1.3329660753567218
1771334349096,1.838705576491838,-1.2665068649518962,1.3329660753567218
1771334349098,1.838705576491838,-1.2665068649518962,1.3329660753567218
1771334349099,1.838705576491838,-1.2665068649518962,1.3329660753567218
1771334349101,1.838705576491838,-1.2665068649518962,1.3329660753567218
1771334349102,1.838705576491838,-1.2665068649518962,1.3329660753567218
1771334349104,1.838705576491838,-1.2665068649518962,1.3329660753567218
1771334349105,1.838705576491838,-1.2665068649518962,1.3329660753567218
1771334349107,1.838705576491838,-1.2665068649518962,1.3329660753567218
1771334349108,1.838705576491838,-1.2665068649518962,1.3329660753567218
1771334349110,1.838705576491838,-1.2665068649518962,1.3329660753567218
1771334349111,1.838705576491838,-1.2665068649518962,1.3329660753567218
1771334349113,1.838705576491838,-1.2665068649518962,1.3329660753567218
1771334349114,1.838705576491838,-1.2665068649518962,1.3329660753567218
1771334349116,1.838705576491838,-1.2665068649518962,1.3329660753567218
1771334349118,1.838705576491838,-1.2665068649518962,1.3329660753567218
1771334349119,1.838705576491838,-1.2665068649518962,1.3329660753567218
1771334349121,1.838705576491838,-1.2665068649518962,1.3329660753567218
1771334349123,1.838705576491838,-1.2665068649518962,1.3329660753567218
1771334349125,1.838705576491838,-1.2665068649518962,1.3329660753567218
1771334349126,1.838705576491838,-1.2665068649518962,1.3329660753567218
1771334349127,1.838705576491838,-1.2665068649518962,1.3329660753567218
1771334349129,1.838705576491838,-1.2665068649518962,1.3329660753567218
1771334349131,1.838705576491838,-1.2665068649518962,1.3329660753567218
1771334349132,1.838705576491838,-1.2665068649518962,1.3329660753567218
1771334349134,1.838705576491838,-1.2665068649518962,1.3329660753567218
1771334349135,1.838705576491838,-1.2665068649518962,1.3329660753567218
1771334349137,1.838705576491838,-1.2665068649518962,1.3329660753567218
1771334349138,1.838705576491838,-1.2665068649518962,1.3329660753567218
1771334349140,1.838705576491838,-1.2665068649518962,1.3329660753567218
1771334349142,1.838705576491838,-1.2665068649518962,1.3329660753567218
1771334349143,1.838705576491838,-1.2665068649518962,1.3329660753567218
1771334349145,1.838705576491838,-1.2665068649518962,1.3329660753567218
1771334349146,1.838705576491838,-1.2665068649518962,1.3329660753567218
1771334349148,1.838705576491838,-1.2665068649518962,1.3329660753567218
1771334349149,1.838705576491838,-1.2665068649518962,1.3329660753567218
1771334349151,1.838705576491838,-1.2665068649518962,1.3329660753567218
1771334349152,1.838705576491838,-1.2665068649518962,1.3329660753567218
1771334349154,1.838705576491838,-1.2665068649518962,1.3329660753567218
1771334349155,1.838705576491838,-1.2665068649518962,1.3329660753567218
1771334349157,1.838705576491838,-1.2665068649518962,1.3329660753567218
1771334349159,1.838705576491838,-1.2665068649518962,1.3329660753567218
1771334349160,1.838705576491838,-1.2665068649518962,1.3329660753567218
1771334349162,1.838705576491838,-1.2665068649518962,1.3329660753567218
1771334349163,1.838705576491838,-1.2665068649518962,1.3329660753567218
1771334349165,1.838705576491838,-1.2665068649518962,1.3329660753567218
1771334349166,1.838705576491838,-1.2665068649518962,1.3329660753567218
1771334349168,1.838705576491838,-1.2665068649518962,1.3329660753567218
1771334349169,1.838705576491838,-1.2665068649518962,1.3329660753567218
1771334349171,1.838705576491838,-1.2665068649518962,1.3329660753567218
1771334349173,1.838705576491838,-1.2665068649518962,1.3329660753567218
1771334349174,1.838705576491838,-1.2665068649518962,1.3329660753567218
1771334349176,1.838705576491838,-1.2665068649518962,1.3329660753567218
1771334349177,1.838705576491838,-1.2665068649518962,1.3329660753567218
1771334349179,1.838705576491838,-1.2665068649518962,1.3329660753567218
1771334349180,1.838705576491838,-1.2665068649518962,1.3329660753567218
1771334349182,1.838705576491838,-1.2665068649518962,1.3329660753567218
1771334349183,1.838705576491838,-1.2665068649518962,1.3329660753567218
1771334349184,1.838705576491838,-1.2665068649518962,1.3329660753567218
1771334349186,1.838705576491838,-1.2665068649518962,1.3329660753567218
1771334349188,1.838705576491838,-1.2665068649518962,1.3329660753567218
1771334349189,1.838705576491838,-1.2665068649518962,1.3329660753567218
1771334349191,1.838705576491838,-1.2665068649518962,1.3329660753567218
1771334349192,1.838705576491838,-1.2665068649518962,1.3329660753567218
1771334349194,1.838705576491838,-1.2665068649518962,1.3329660753567218
1771334349195,1.838705576491838,-1.2665068649518962,1.3329660753567218
1771334349197,1.838705576491838,-1.2665068649518962,1.3329660753567218
1771334349198,1.838705576491838,-1.2665068649518962,1.3329660753567218
1771334349200,1.838705576491838,-1.2665068649518962,1.3329660753567218
1771334349201,1.838705576491838,-1.2665068649518962,1.3329660753567218
1771334349203,1.838705576491838,-1.2665068649518962,1.3329660753567218
1771334349204,1.838705576491838,-1.2665068649518962,1.3329660753567218
1771334349206,1.838705576491838,-1.2665068649518962,1.3329660753567218
1771334349208,1.838705576491838,-1.2665068649518962,1.3329660753567218
1771334349209,1.838705576491838,-1.2665068649518962,1.3329660753567218
1771334349211,1.841449079212831,-1.2748274344851962,1.3288151578070126
1771334349212,1.841449079212831,-1.2748274344851962,1.3288151578070126
1771334349214,1.841449079212831,-1.2748274344851962,1.3288151578070126
1771334349215,1.841449079212831,-1.2748274344851962,1.3288151578070126
1771334349217,1.841449079212831,-1.2748274344851962,1.3288151578070126
1771334349218,1.841449079212831,-1.2748274344851962,1.3288151578070126
1771334349220,1.841449079212831,-1.2748274344851962,1.3288151578070126
1771334349221,1.841449079212831,-1.2748274344851962,1.3288151578070126
1771334349223,1.841449079212831,-1.2748274344851962,1.3288151578070126
1771334349224,1.841449079212831,-1.2748274344851962,1.3288151578070126
1771334349226,1.841449079212831,-1.2748274344851962,1.3288151578070126
1771334349227,1.841449079212831,-1.2748274344851962,1.3288151578070126
1771334349229,1.841449079212831,-1.2748274344851962,1.3288151578070126
1771334349230,1.841449079212831,-1.2748274344851962,1.3288151578070126
1771334349231,1.841449079212831,-1.2748274344851962,1.3288151578070126
1771334349233,1.841449079212831,-1.2748274344851962,1.3288151578070126
1771334349234,1.841449079212831,-1.2748274344851962,1.3288151578070126
1771334349236,1.841449079212831,-1.2748274344851962,1.3288151578070126
1771334349237,1.841449079212831,-1.2748274344851962,1.3288151578070126
1771334349239,1.841449079212831,-1.2748274344851962,1.3288151578070126
1771334349240,1.841449079212831,-1.2748274344851962,1.3288151578070126
1771334349242,1.841449079212831,-1.2748274344851962,1.3288151578070126
1771334349243,1.841449079212831,-1.2748274344851962,1.3288151578070126
1771334349245,1.841449079212831,-1.2748274344851962,1.3288151578070126
1771334349246,1.841449079212831,-1.2748274344851962,1.3288151578070126
1771334349248,1.841449079212831,-1.2748274344851962,1.3288151578070126
1771334349249,1.841449079212831,-1.2748274344851962,1.3288151578070126
1771334349251,1.841449079212831,-1.2748274344851962,1.3288151578070126
1771334349252,1.841449079212831,-1.2748274344851962,1.3288151578070126
1771334349254,1.841449079212831,-1.2748274344851962,1.3288151578070126
1771334349255,1.841449079212831,-1.2748274344851962,1.3288151578070126
1771334349257,1.841449079212831,-1.2748274344851962,1.3288151578070126
1771334349258,1.841449079212831,-1.2748274344851962,1.3288151578070126
1771334349260,1.841449079212831,-1.2748274344851962,1.3288151578070126
1771334349261,1.841449079212831,-1.2748274344851962,1.3288151578070126
1771334349262,1.841449079212831,-1.2748274344851962,1.3288151578070126
1771334349264,1.841449079212831,-1.2748274344851962,1.3288151578070126
1771334349265,1.841449079212831,-1.2748274344851962,1.3288151578070126
1771334349267,1.841449079212831,-1.2748274344851962,1.3288151578070126
1771334349268,1.841449079212831,-1.2748274344851962,1.3288151578070126
1771334349270,1.841449079212831,-1.2748274344851962,1.3288151578070126
1771334349271,1.841449079212831,-1.2748274344851962,1.3288151578070126
1771334349273,1.841449079212831,-1.2748274344851962,1.3288151578070126
1771334349274,1.841449079212831,-1.2748274344851962,1.3288151578070126
1771334349276,1.841449079212831,-1.2748274344851962,1.3288151578070126
1771334349277,1.841449079212831,-1.2748274344851962,1.3288151578070126
1771334349278,1.841449079212831,-1.2748274344851962,1.3288151578070126
1771334349280,1.841449079212831,-1.2748274344851962,1.3288151578070126
1771334349281,1.841449079212831,-1.2748274344851962,1.3288151578070126
1771334349283,1.841449079212831,-1.2748274344851962,1.3288151578070126
1771334349284,1.841449079212831,-1.2748274344851962,1.3288151578070126
1771334349285,1.841449079212831,-1.2748274344851962,1.3288151578070126
1771334349287,1.841449079212831,-1.2748274344851962,1.3288151578070126
1771334349288,1.841449079212831,-1.2748274344851962,1.3288151578070126
1771334349290,1.841449079212831,-1.2748274344851962,1.3288151578070126
1771334349291,1.841449079212831,-1.2748274344851962,1.3288151578070126
1771334349293,1.841449079212831,-1.2748274344851962,1.3288151578070126
1771334349294,1.841449079212831,-1.2748274344851962,1.3288151578070126
1771334349295,1.841449079212831,-1.2748274344851962,1.3288151578070126
1771334349297,1.841449079212831,-1.2748274344851962,1.3288151578070126
1771334349298,1.841449079212831,-1.2748274344851962,1.3288151578070126
1771334349300,1.841449079212831,-1.2748274344851962,1.3288151578070126
1771334349301,1.841449079212831,-1.2748274344851962,1.3288151578070126
1771334349303,1.841449079212831,-1.2748274344851962,1.3288151578070126
1771334349304,1.841449079212831,-1.2748274344851962,1.3288151578070126
1771334349306,1.841449079212831,-1.2748274344851962,1.3288151578070126
1771334349307,1.841449079212831,-1.2748274344851962,1.3288151578070126
1771334349308,1.841449079212831,-1.2748274344851962,1.3288151578070126
1771334349310,1.841449079212831,-1.2748274344851962,1.3288151578070126
1771334349311,1.841449079212831,-1.2748274344851962,1.3288151578070126
1771334349313,1.841449079212831,-1.2748274344851962,1.3288151578070126
1771334349314,1.841449079212831,-1.2748274344851962,1.3288151578070126
1771334349316,1.841449079212831,-1.2748274344851962,1.3288151578070126
1771334349317,1.841449079212831,-1.2748274344851962,1.3288151578070126
1771334349318,1.841449079212831,-1.2748274344851962,1.3288151578070126
1771334349320,1.841449079212831,-1.2748274344851962,1.3288151578070126
1771334349321,1.841449079212831,-1.2748274344851962,1.3288151578070126
1771334349323,1.841449079212831,-1.2748274344851962,1.3288151578070126
1771334349324,1.841449079212831,-1.2748274344851962,1.3288151578070126
1771334349326,1.841449079212831,-1.2748274344851962,1.3288151578070126
1771334349327,1.841449079212831,-1.2748274344851962,1.3288151578070126
1771334349328,1.841449079212831,-1.2748274344851962,1.3288151578070126
1771334349330,1.841449079212831,-1.2748274344851962,1.3288151578070126
1771334349331,1.841449079212831,-1.2748274344851962,1.3288151578070126
1771334349333,1.841449079212831,-1.2748274344851962,1.3288151578070126
1771334349334,1.841449079212831,-1.2748274344851962,1.3288151578070126
1771334349335,1.841449079212831,-1.2748274344851962,1.3288151578070126
1771334349337,1.841449079212831,-1.2748274344851962,1.3288151578070126
1771334349338,1.841449079212831,-1.2748274344851962,1.3288151578070126
1771334349340,1.841449079212831,-1.2748274344851962,1.3288151578070126
1771334349341,1.841449079212831,-1.2748274344851962,1.3288151578070126
1771334349343,1.841449079212831,-1.2748274344851962,1.3288151578070126
1771334349344,1.841449079212831,-1.2748274344851962,1.3288151578070126
1771334349345,1.841449079212831,-1.2748274344851962,1.3288151578070126
1771334349347,1.841449079212831,-1.2748274344851962,1.3288151578070126
1771334349348,1.841449079212831,-1.2748274344851962,1.3288151578070126
1771334349350,1.841449079212831,-1.2748274344851962,1.3288151578070126
1771334349351,1.841449079212831,-1.2748274344851962,1.3288151578070126
1771334349353,1.841449079212831,-1.2748274344851962,1.3288151578070126
1771334349354,1.841449079212831,-1.2748274344851962,1.3288151578070126
1771334349355,1.841449079212831,-1.2748274344851962,1.3288151578070126
1771334349357,1.841449079212831,-1.2748274344851962,1.3288151578070126
1771334349358,1.841449079212831,-1.2748274344851962,1.3288151578070126
1771334349360,1.841449079212831,-1.2748274344851962,1.3288151578070126
1771334349361,1.841449079212831,-1.2748274344851962,1.3288151578070126
1771334349363,1.841449079212831,-1.2748274344851962,1.3288151578070126
1771334349364,1.841449079212831,-1.2748274344851962,1.3288151578070126
1771334349365,1.841449079212831,-1.2748274344851962,1.3288151578070126
1771334349367,1.841449079212831,-1.2748274344851962,1.3288151578070126
1771334349368,1.841449079212831,-1.2748274344851962,1.3288151578070126
1771334349370,1.841449079212831,-1.2748274344851962,1.3288151578070126
1771334349371,1.841449079212831,-1.2748274344851962,1.3288151578070126
1771334349373,1.841449079212831,-1.2748274344851962,1.3288151578070126
1771334349374,1.841449079212831,-1.2748274344851962,1.3288151578070126
1771334349376,1.841449079212831,-1.2748274344851962,1.3288151578070126
1771334349377,1.841449079212831,-1.2748274344851962,1.3288151578070126
1771334349378,1.841449079212831,-1.2748274344851962,1.3288151578070126
1771334349380,1.841449079212831,-1.2748274344851962,1.3288151578070126
1771334349381,1.841449079212831,-1.2748274344851962,1.3288151578070126
1771334349383,1.841449079212831,-1.2748274344851962,1.3288151578070126
1771334349384,1.841449079212831,-1.2748274344851962,1.3288151578070126
1771334349385,1.841449079212831,-1.2748274344851962,1.3288151578070126
1771334349387,1.841449079212831,-1.2748274344851962,1.3288151578070126
1771334349388,1.841449079212831,-1.2748274344851962,1.3288151578070126
1771334349390,1.841449079212831,-1.2748274344851962,1.3288151578070126
1771334349391,1.841449079212831,-1.2748274344851962,1.3288151578070126
1771334349393,1.841449079212831,-1.2748274344851962,1.3288151578070126
1771334349394,1.841449079212831,-1.2748274344851962,1.3288151578070126
1771334349396,1.841449079212831,-1.2748274344851962,1.3288151578070126
1771334349397,1.841449079212831,-1.2748274344851962,1.3288151578070126
1771334349398,1.841449079212831,-1.2748274344851962,1.3288151578070126
1771334349400,1.841449079212831,-1.2748274344851962,1.3288151578070126
1771334349401,1.841449079212831,-1.2748274344851962,1.3288151578070126
1771334349403,1.841449079212831,-1.2748274344851962,1.3288151578070126
1771334349404,1.841449079212831,-1.2748274344851962,1.3288151578070126
1771334349405,1.841449079212831,-1.2748274344851962,1.3288151578070126
1771334349407,1.841449079212831,-1.2748274344851962,1.3288151578070126
1771334349409,1.841449079212831,-1.2748274344851962,1.3288151578070126
1771334349410,1.841449079212831,-1.2748274344851962,1.3288151578070126
1771334349411,1.841449079212831,-1.2748274344851962,1.3288151578070126
1771334349413,1.841449079212831,-1.2748274344851962,1.3288151578070126
1771334349414,1.841449079212831,-1.2748274344851962,1.3288151578070126
1771334349416,1.841449079212831,-1.2748274344851962,1.3288151578070126
1771334349417,1.841449079212831,-1.2748274344851962,1.3288151578070126
1771334349418,1.841449079212831,-1.2748274344851962,1.3288151578070126
1771334349420,1.841449079212831,-1.2748274344851962,1.3288151578070126
1771334349421,1.841449079212831,-1.2748274344851962,1.3288151578070126
1771334349423,1.841449079212831,-1.2748274344851962,1.3288151578070126
1771334349426,1.841449079212831,-1.2748274344851962,1.3288151578070126
1771334349439,1.841449079212831,-1.2748274344851962,1.3288151578070126
1771334349442,1.841449079212831,-1.2748274344851962,1.3288151578070126
1771334349451,1.841449079212831,-1.2748274344851962,1.3288151578070126
1771334349453,1.841449079212831,-1.2748274344851962,1.3288151578070126
1771334349454,1.841449079212831,-1.2748274344851962,1.3288151578070126
1771334349459,1.841449079212831,-1.2748274344851962,1.3288151578070126
1771334349462,1.841449079212831,-1.2748274344851962,1.3288151578070126
1771334349464,1.841449079212831,-1.2748274344851962,1.3288151578070126
1771334349465,1.841449079212831,-1.2748274344851962,1.3288151578070126
1771334349467,1.841449079212831,-1.2748274344851962,1.3288151578070126
1771334349468,1.841449079212831,-1.2748274344851962,1.3288151578070126
1771334349470,1.841449079212831,-1.2748274344851962,1.3288151578070126
1771334349471,1.841449079212831,-1.2748274344851962,1.3288151578070126
1771334349473,1.841449079212831,-1.2748274344851962,1.3288151578070126
1771334349474,1.841449079212831,-1.2748274344851962,1.3288151578070126
1771334349476,1.841449079212831,-1.2748274344851962,1.3288151578070126
1771334349477,1.841449079212831,-1.2748274344851962,1.3288151578070126
1771334349478,1.841449079212831,-1.2748274344851962,1.3288151578070126
1771334349480,1.841449079212831,-1.2748274344851962,1.3288151578070126
1771334349481,1.841449079212831,-1.2748274344851962,1.3288151578070126
1771334349483,1.841449079212831,-1.2748274344851962,1.3288151578070126
1771334349484,1.841449079212831,-1.2748274344851962,1.3288151578070126
1771334349486,1.841449079212831,-1.2748274344851962,1.3288151578070126
1771334349487,1.841449079212831,-1.2748274344851962,1.3288151578070126
1771334349489,1.841449079212831,-1.2748274344851962,1.3288151578070126
1771334349491,1.841449079212831,-1.2748274344851962,1.3288151578070126
1771334349492,1.841449079212831,-1.2748274344851962,1.3288151578070126
1771334349493,1.841449079212831,-1.2748274344851962,1.3288151578070126
1771334349495,1.841449079212831,-1.2748274344851962,1.3288151578070126
1771334349496,1.841449079212831,-1.2748274344851962,1.3288151578070126
1771334349498,1.841449079212831,-1.2748274344851962,1.3288151578070126
1771334349499,1.841449079212831,-1.2748274344851962,1.3288151578070126
1771334349500,1.841449079212831,-1.2748274344851962,1.3288151578070126
1771334349502,1.841449079212831,-1.2748274344851962,1.3288151578070126
1771334349503,1.841449079212831,-1.2748274344851962,1.3288151578070126
1771334349505,1.841449079212831,-1.2748274344851962,1.3288151578070126
1771334349506,1.841449079212831,-1.2748274344851962,1.3288151578070126
1771334349508,1.841449079212831,-1.2748274344851962,1.3288151578070126
1771334349510,1.841449079212831,-1.2748274344851962,1.3288151578070126
1771334349511,1.841449079212831,-1.2748274344851962,1.3288151578070126
1771334349512,1.841449079212831,-1.2748274344851962,1.3288151578070126
1771334349514,1.841449079212831,-1.2748274344851962,1.3288151578070126
1771334349515,1.841449079212831,-1.2748274344851962,1.3288151578070126
1771334349516,1.841449079212831,-1.2748274344851962,1.3288151578070126
1771334349518,1.841449079212831,-1.2748274344851962,1.3288151578070126
1771334349519,1.841449079212831,-1.2748274344851962,1.3288151578070126
1771334349521,1.841449079212831,-1.2748274344851962,1.3288151578070126
1771334349522,1.841449079212831,-1.2748274344851962,1.3288151578070126
1771334349524,1.841449079212831,-1.2748274344851962,1.3288151578070126
1771334349525,1.841449079212831,-1.2748274344851962,1.3288151578070126
1771334349527,1.841449079212831,-1.2748274344851962,1.3288151578070126
1771334349528,1.841449079212831,-1.2748274344851962,1.3288151578070126
1771334349529,1.841449079212831,-1.2748274344851962,1.3288151578070126
1771334349531,1.841449079212831,-1.2748274344851962,1.3288151578070126
1771334349532,1.841449079212831,-1.2748274344851962,1.3288151578070126
1771334349534,1.841449079212831,-1.2748274344851962,1.3288151578070126
1771334349535,1.841449079212831,-1.2748274344851962,1.3288151578070126
1771334349537,1.841449079212831,-1.2748274344851962,1.3288151578070126
1771334349538,1.841449079212831,-1.2748274344851962,1.3288151578070126
1771334349540,1.841449079212831,-1.2748274344851962,1.3288151578070126
1771334349541,1.841449079212831,-1.2748274344851962,1.3288151578070126
1771334349542,1.841449079212831,-1.2748274344851962,1.3288151578070126
1771334349544,1.841449079212831,-1.2748274344851962,1.3288151578070126
1771334349545,1.841449079212831,-1.2748274344851962,1.3288151578070126
1771334349547,1.841449079212831,-1.2748274344851962,1.3288151578070126
1771334349548,1.841449079212831,-1.2748274344851962,1.3288151578070126
1771334349550,1.841449079212831,-1.2748274344851962,1.3288151578070126
1771334349551,1.841449079212831,-1.2748274344851962,1.3288151578070126
1771334349553,1.841449079212831,-1.2748274344851962,1.3288151578070126
1771334349554,1.841449079212831,-1.2748274344851962,1.3288151578070126
1771334349555,1.841449079212831,-1.2748274344851962,1.3288151578070126
1771334349557,1.841449079212831,-1.2748274344851962,1.3288151578070126
1771334349558,1.841449079212831,-1.2748274344851962,1.3288151578070126
1771334349560,1.841449079212831,-1.2748274344851962,1.3288151578070126
1771334349561,1.841449079212831,-1.2748274344851962,1.3288151578070126
1771334349563,1.841449079212831,-1.2748274344851962,1.3288151578070126
1771334349564,1.841449079212831,-1.2748274344851962,1.3288151578070126
1771334349565,1.841449079212831,-1.2748274344851962,1.3288151578070126
1771334349567,1.841449079212831,-1.2748274344851962,1.3288151578070126
1771334349568,1.841449079212831,-1.2748274344851962,1.3288151578070126
1771334349570,1.841449079212831,-1.2748274344851962,1.3288151578070126
1771334349571,1.841449079212831,-1.2748274344851962,1.3288151578070126
1771334349573,1.841449079212831,-1.2748274344851962,1.3288151578070126
1771334349574,1.841449079212831,-1.2748274344851962,1.3288151578070126
1771334349575,1.841449079212831,-1.2748274344851962,1.3288151578070126
1771334349577,1.841449079212831,-1.2748274344851962,1.3288151578070126
1771334349578,1.841449079212831,-1.2748274344851962,1.3288151578070126
1771334349580,1.841449079212831,-1.2748274344851962,1.3288151578070126
1771334349581,1.841449079212831,-1.2748274344851962,1.3288151578070126
1771334349583,1.841449079212831,-1.2748274344851962,1.3288151578070126
1771334349584,1.841449079212831,-1.2748274344851962,1.3288151578070126
1771334349585,1.841449079212831,-1.2748274344851962,1.3288151578070126
1771334349587,1.841449079212831,-1.2748274344851962,1.3288151578070126
1771334349588,1.841449079212831,-1.2748274344851962,1.3288151578070126
1771334349590,1.841449079212831,-1.2748274344851962,1.3288151578070126
1771334349591,1.841449079212831,-1.2748274344851962,1.3288151578070126
1771334349593,1.841449079212831,-1.2748274344851962,1.3288151578070126
1771334349594,1.841449079212831,-1.2748274344851962,1.3288151578070126
1771334349595,1.841449079212831,-1.2748274344851962,1.3288151578070126
1771334349597,1.841449079212831,-1.2748274344851962,1.3288151578070126
1771334349598,1.841449079212831,-1.2748274344851962,1.3288151578070126
1771334349600,1.841449079212831,-1.2748274344851962,1.3288151578070126
1771334349601,1.841449079212831,-1.2748274344851962,1.3288151578070126
1771334349603,1.841449079212831,-1.2748274344851962,1.3288151578070126
1771334349604,1.841449079212831,-1.2748274344851962,1.3288151578070126
1771334349606,1.841449079212831,-1.2748274344851962,1.3288151578070126
1771334349607,1.841449079212831,-1.2748274344851962,1.3288151578070126
1771334349609,1.841449079212831,-1.2748274344851962,1.3288151578070126
1771334349610,1.841449079212831,-1.2748274344851962,1.3288151578070126
1771334349611,1.841449079212831,-1.2748274344851962,1.3288151578070126
1771334349613,1.841449079212831,-1.2748274344851962,1.3288151578070126
1771334349614,1.841449079212831,-1.2748274344851962,1.3288151578070126
1771334349616,1.841449079212831,-1.2748274344851962,1.3288151578070126
1771334349617,1.841449079212831,-1.2748274344851962,1.3288151578070126
1771334349619,1.841449079212831,-1.2748274344851962,1.3288151578070126
1771334349620,1.841449079212831,-1.2748274344851962,1.3288151578070126
1771334349621,1.841449079212831,-1.2748274344851962,1.3288151578070126
1771334349623,1.841449079212831,-1.2748274344851962,1.3288151578070126
1771334349624,1.841449079212831,-1.2748274344851962,1.3288151578070126
1771334349626,1.841449079212831,-1.2748274344851962,1.3288151578070126
1771334349627,1.841449079212831,-1.2748274344851962,1.3288151578070126
1771334349629,1.841449079212831,-1.2748274344851962,1.3288151578070126
1771334349630,1.841449079212831,-1.2748274344851962,1.3288151578070126
1771334349631,1.841449079212831,-1.2748274344851962,1.3288151578070126
1771334349633,1.841449079212831,-1.2748274344851962,1.3288151578070126
1771334349634,1.841449079212831,-1.2748274344851962,1.3288151578070126
1771334349636,1.841449079212831,-1.2748274344851962,1.3288151578070126
1771334349637,1.841449079212831,-1.2748274344851962,1.3288151578070126
1771334349639,1.841449079212831,-1.2748274344851962,1.3288151578070126
1771334349640,1.841449079212831,-1.2748274344851962,1.3288151578070126
1771334349642,1.841449079212831,-1.2748274344851962,1.3288151578070126
1771334349643,1.841449079212831,-1.2748274344851962,1.3288151578070126
1771334349644,1.841449079212831,-1.2748274344851962,1.3288151578070126
1771334349646,1.841449079212831,-1.2748274344851962,1.3288151578070126
1771334349647,1.841449079212831,-1.2748274344851962,1.3288151578070126
1771334349649,1.841449079212831,-1.2748274344851962,1.3288151578070126
1771334349650,1.841449079212831,-1.2748274344851962,1.3288151578070126
1771334349652,1.841449079212831,-1.2748274344851962,1.3288151578070126
1771334349653,1.841449079212831,-1.2748274344851962,1.3288151578070126
1771334349654,1.841449079212831,-1.2748274344851962,1.3288151578070126
1771334349656,1.841449079212831,-1.2748274344851962,1.3288151578070126
1771334349657,1.841449079212831,-1.2748274344851962,1.3288151578070126
1771334349659,1.841449079212831,-1.2748274344851962,1.3288151578070126
1771334349660,1.841449079212831,-1.2748274344851962,1.3288151578070126
1771334349661,1.841449079212831,-1.2748274344851962,1.3288151578070126
1771334349663,1.841449079212831,-1.2748274344851962,1.3288151578070126
1771334349664,1.841449079212831,-1.2748274344851962,1.3288151578070126
1771334349666,1.841449079212831,-1.2748274344851962,1.3288151578070126
1771334349667,1.841449079212831,-1.2748274344851962,1.3288151578070126
1771334349669,1.841449079212831,-1.2748274344851962,1.3288151578070126
1771334349670,1.841449079212831,-1.2748274344851962,1.3288151578070126
1771334349671,1.841449079212831,-1.2748274344851962,1.3288151578070126
1771334349673,1.841449079212831,-1.2748274344851962,1.3288151578070126
1771334349674,1.841449079212831,-1.2748274344851962,1.3288151578070126
1771334349676,1.841449079212831,-1.2748274344851962,1.3288151578070126
1771334349677,1.841449079212831,-1.2748274344851962,1.3288151578070126
1771334349678,1.841449079212831,-1.2748274344851962,1.3288151578070126
1771334349680,1.841449079212831,-1.2748274344851962,1.3288151578070126
1771334349681,1.841449079212831,-1.2748274344851962,1.3288151578070126
1771334349683,1.841449079212831,-1.2748274344851962,1.3288151578070126
1771334349684,1.841449079212831,-1.2748274344851962,1.3288151578070126
1771334349686,1.841449079212831,-1.2748274344851962,1.3288151578070126
1771334349687,1.841449079212831,-1.2748274344851962,1.3288151578070126
1771334349688,1.841449079212831,-1.2748274344851962,1.3288151578070126
1771334349690,1.841449079212831,-1.2748274344851962,1.3288151578070126
1771334349691,1.841449079212831,-1.2748274344851962,1.3288151578070126
1771334349693,1.841449079212831,-1.2748274344851962,1.3288151578070126
1771334349694,1.841449079212831,-1.2748274344851962,1.3288151578070126
1771334349696,1.8483777926794738,-1.3046222782707673,1.309374345063411
1771334349698,1.8483777926794738,-1.3046222782707673,1.309374345063411
1771334349699,1.8483777926794738,-1.3046222782707673,1.309374345063411
1771334349701,1.8483777926794738,-1.3046222782707673,1.309374345063411
1771334349703,1.8483777926794738,-1.3046222782707673,1.309374345063411
1771334349704,1.8483777926794738,-1.3046222782707673,1.309374345063411
1771334349706,1.8483777926794738,-1.3046222782707673,1.309374345063411
1771334349708,1.8483777926794738,-1.3046222782707673,1.309374345063411
1771334349710,1.8483777926794738,-1.3046222782707673,1.309374345063411
1771334349711,1.8483777926794738,-1.3046222782707673,1.309374345063411
1771334349713,1.8483777926794738,-1.3046222782707673,1.309374345063411
1771334349715,1.8483777926794738,-1.3046222782707673,1.309374345063411
1771334349716,1.8483777926794738,-1.3046222782707673,1.309374345063411
1771334349718,1.8483777926794738,-1.3046222782707673,1.309374345063411
1771334349720,1.8483777926794738,-1.3046222782707673,1.309374345063411
1771334349721,1.8483777926794738,-1.3046222782707673,1.309374345063411
1771334349723,1.8483777926794738,-1.3046222782707673,1.309374345063411
1771334349725,1.8483777926794738,-1.3046222782707673,1.309374345063411
1771334349726,1.8483777926794738,-1.3046222782707673,1.309374345063411
1771334349728,1.8483777926794738,-1.3046222782707673,1.309374345063411
1771334349730,1.8483777926794738,-1.3046222782707673,1.309374345063411
1771334349731,1.8483777926794738,-1.3046222782707673,1.309374345063411
1771334349733,1.8483777926794738,-1.3046222782707673,1.309374345063411
1771334349735,1.8483777926794738,-1.3046222782707673,1.309374345063411
1771334349736,1.8483777926794738,-1.3046222782707673,1.309374345063411
1771334349738,1.8483777926794738,-1.3046222782707673,1.309374345063411
1771334349740,1.8483777926794738,-1.3046222782707673,1.309374345063411
1771334349742,1.8483777926794738,-1.3046222782707673,1.309374345063411
1771334349743,1.8483777926794738,-1.3046222782707673,1.309374345063411
1771334349745,1.8483777926794738,-1.3046222782707673,1.309374345063411
1771334349747,1.8483777926794738,-1.3046222782707673,1.309374345063411
1771334349748,1.8483777926794738,-1.3046222782707673,1.309374345063411
1771334349750,1.8483777926794738,-1.3046222782707673,1.309374345063411
1771334349752,1.8483777926794738,-1.3046222782707673,1.309374345063411
1771334349753,1.8483777926794738,-1.3046222782707673,1.309374345063411
1771334349755,1.8483777926794738,-1.3046222782707673,1.309374345063411
1771334349757,1.8483777926794738,-1.3046222782707673,1.309374345063411
1771334349758,1.8483777926794738,-1.3046222782707673,1.309374345063411
1771334349760,1.8483777926794738,-1.3046222782707673,1.309374345063411
1771334349762,1.8483777926794738,-1.3046222782707673,1.309374345063411
1771334349763,1.8483777926794738,-1.3046222782707673,1.309374345063411
1771334349765,1.8483777926794738,-1.3046222782707673,1.309374345063411
1771334349767,1.8483777926794738,-1.3046222782707673,1.309374345063411
1771334349769,1.8483777926794738,-1.3046222782707673,1.309374345063411
1771334349770,1.8483777926794738,-1.3046222782707673,1.309374345063411
1771334349772,1.8483777926794738,-1.3046222782707673,1.309374345063411
1771334349774,1.8483777926794738,-1.3046222782707673,1.309374345063411
1771334349775,1.8483777926794738,-1.3046222782707673,1.309374345063411
1771334349777,1.8483777926794738,-1.3046222782707673,1.309374345063411
1771334349779,1.8483777926794738,-1.3046222782707673,1.309374345063411
1771334349780,1.8483777926794738,-1.3046222782707673,1.309374345063411
1771334349782,1.8483777926794738,-1.3046222782707673,1.309374345063411
1771334349783,1.8483777926794738,-1.3046222782707673,1.309374345063411
1771334349785,1.8483777926794738,-1.3046222782707673,1.309374345063411
1771334349787,1.8483777926794738,-1.3046222782707673,1.309374345063411
1771334349788,1.8483777926794738,-1.3046222782707673,1.309374345063411
1771334349790,1.8483777926794738,-1.3046222782707673,1.309374345063411
1771334349792,1.841449079212831,-1.2748274344851962,1.3288151578070126
1771334349793,1.841449079212831,-1.2748274344851962,1.3288151578070126
1771334349795,1.841449079212831,-1.2748274344851962,1.3288151578070126
1771334349796,1.841449079212831,-1.2748274344851962,1.3288151578070126
1771334349798,1.841449079212831,-1.2748274344851962,1.3288151578070126
1771334349799,1.841449079212831,-1.2748274344851962,1.3288151578070126
1771334349801,1.841449079212831,-1.2748274344851962,1.3288151578070126
1771334349802,1.841449079212831,-1.2748274344851962,1.3288151578070126
1771334349803,1.841449079212831,-1.2748274344851962,1.3288151578070126
1771334349805,1.841449079212831,-1.2748274344851962,1.3288151578070126
1771334349806,1.841449079212831,-1.2748274344851962,1.3288151578070126
1771334349808,1.841449079212831,-1.2748274344851962,1.3288151578070126
1771334349809,1.841449079212831,-1.2748274344851962,1.3288151578070126
1771334349811,1.841449079212831,-1.2748274344851962,1.3288151578070126
1771334349812,1.841449079212831,-1.2748274344851962,1.3288151578070126
1771334349813,1.841449079212831,-1.2748274344851962,1.3288151578070126
1771334349815,1.841449079212831,-1.2748274344851962,1.3288151578070126
1771334349816,1.841449079212831,-1.2748274344851962,1.3288151578070126
1771334349818,1.841449079212831,-1.2748274344851962,1.3288151578070126
1771334349819,1.841449079212831,-1.2748274344851962,1.3288151578070126
1771334349821,1.841449079212831,-1.2748274344851962,1.3288151578070126
1771334349822,1.841449079212831,-1.2748274344851962,1.3288151578070126
1771334349824,1.841449079212831,-1.2748274344851962,1.3288151578070126
1771334349825,1.841449079212831,-1.2748274344851962,1.3288151578070126
1771334349827,1.841449079212831,-1.2748274344851962,1.3288151578070126
1771334349828,1.841449079212831,-1.2748274344851962,1.3288151578070126
1771334349829,1.841449079212831,-1.2748274344851962,1.3288151578070126
1771334349831,1.841449079212831,-1.2748274344851962,1.3288151578070126
1771334349832,1.841449079212831,-1.2748274344851962,1.3288151578070126
1771334349834,1.841449079212831,-1.2748274344851962,1.3288151578070126
1771334349835,1.841449079212831,-1.2748274344851962,1.3288151578070126
1771334349836,1.841449079212831,-1.2748274344851962,1.3288151578070126
1771334349838,1.841449079212831,-1.2748274344851962,1.3288151578070126
1771334349839,1.841449079212831,-1.2748274344851962,1.3288151578070126
1771334349841,1.841449079212831,-1.2748274344851962,1.3288151578070126
1771334349842,1.841449079212831,-1.2748274344851962,1.3288151578070126
1771334349844,1.841449079212831,-1.2748274344851962,1.3288151578070126
1771334349845,1.841449079212831,-1.2748274344851962,1.3288151578070126
1771334349847,1.841449079212831,-1.2748274344851962,1.3288151578070126
1771334349848,1.841449079212831,-1.2748274344851962,1.3288151578070126
1771334349849,1.841449079212831,-1.2748274344851962,1.3288151578070126
1771334349851,1.841449079212831,-1.2748274344851962,1.3288151578070126
1771334349852,1.841449079212831,-1.2748274344851962,1.3288151578070126
1771334349854,1.841449079212831,-1.2748274344851962,1.3288151578070126
1771334349855,1.841449079212831,-1.2748274344851962,1.3288151578070126
1771334349857,1.841449079212831,-1.2748274344851962,1.3288151578070126
1771334349858,1.841449079212831,-1.2748274344851962,1.3288151578070126
1771334349859,1.841449079212831,-1.2748274344851962,1.3288151578070126
1771334349861,1.841449079212831,-1.2748274344851962,1.3288151578070126
1771334349862,1.841449079212831,-1.2748274344851962,1.3288151578070126
1771334349864,1.841449079212831,-1.2748274344851962,1.3288151578070126
1771334349865,1.841449079212831,-1.2748274344851962,1.3288151578070126
1771334349867,1.841449079212831,-1.2748274344851962,1.3288151578070126
1771334349868,1.841449079212831,-1.2748274344851962,1.3288151578070126
1771334349869,1.841449079212831,-1.2748274344851962,1.3288151578070126
1771334349871,1.841449079212831,-1.2748274344851962,1.3288151578070126
1771334349872,1.841449079212831,-1.2748274344851962,1.3288151578070126
1771334349874,1.841449079212831,-1.2748274344851962,1.3288151578070126
1771334349875,1.841449079212831,-1.2748274344851962,1.3288151578070126
1771334349877,1.841449079212831,-1.2748274344851962,1.3288151578070126
1771334349878,1.841449079212831,-1.2748274344851962,1.3288151578070126
1771334349880,1.841449079212831,-1.2748274344851962,1.3288151578070126
1771334349881,1.841449079212831,-1.2748274344851962,1.3288151578070126
1771334349882,1.841449079212831,-1.2748274344851962,1.3288151578070126
1771334349884,1.841449079212831,-1.2748274344851962,1.3288151578070126
1771334349885,1.841449079212831,-1.2748274344851962,1.3288151578070126
1771334349887,1.841449079212831,-1.2748274344851962,1.3288151578070126
1771334349888,1.841449079212831,-1.2748274344851962,1.3288151578070126
1771334349889,1.841449079212831,-1.2748274344851962,1.3288151578070126
1771334349891,1.841449079212831,-1.2748274344851962,1.3288151578070126
1771334349892,1.841449079212831,-1.2748274344851962,1.3288151578070126
1771334349894,1.841449079212831,-1.2748274344851962,1.3288151578070126
1771334349895,1.841449079212831,-1.2748274344851962,1.3288151578070126
1771334349897,1.841449079212831,-1.2748274344851962,1.3288151578070126
1771334349898,1.841449079212831,-1.2748274344851962,1.3288151578070126
1771334349899,1.841449079212831,-1.2748274344851962,1.3288151578070126
1771334349901,1.841449079212831,-1.2748274344851962,1.3288151578070126
1771334349902,1.841449079212831,-1.2748274344851962,1.3288151578070126
1771334349904,1.841449079212831,-1.2748274344851962,1.3288151578070126
1771334349905,1.841449079212831,-1.2748274344851962,1.3288151578070126
1771334349907,1.841449079212831,-1.2748274344851962,1.3288151578070126
1771334349908,1.841449079212831,-1.2748274344851962,1.3288151578070126
1771334349910,1.841449079212831,-1.2748274344851962,1.3288151578070126
1771334349911,1.841449079212831,-1.2748274344851962,1.3288151578070126
1771334349912,1.841449079212831,-1.2748274344851962,1.3288151578070126
1771334349914,1.841449079212831,-1.2748274344851962,1.3288151578070126
1771334349915,1.841449079212831,-1.2748274344851962,1.3288151578070126
1771334349917,1.841449079212831,-1.2748274344851962,1.3288151578070126
1771334349918,1.841449079212831,-1.2748274344851962,1.3288151578070126
1771334349920,1.841449079212831,-1.2748274344851962,1.3288151578070126
1771334349921,1.841449079212831,-1.2748274344851962,1.3288151578070126
1771334349922,1.841449079212831,-1.2748274344851962,1.3288151578070126
1771334349924,1.841449079212831,-1.2748274344851962,1.3288151578070126
1771334349925,1.841449079212831,-1.2748274344851962,1.3288151578070126
1771334349927,1.841449079212831,-1.2748274344851962,1.3288151578070126
1771334349928,1.841449079212831,-1.2748274344851962,1.3288151578070126
1771334349929,1.841449079212831,-1.2748274344851962,1.3288151578070126
1771334349931,1.841449079212831,-1.2748274344851962,1.3288151578070126
1771334349932,1.841449079212831,-1.2748274344851962,1.3288151578070126
1771334349934,1.841449079212831,-1.2748274344851962,1.3288151578070126
1771334349935,1.841449079212831,-1.2748274344851962,1.3288151578070126
1771334349937,1.841449079212831,-1.2748274344851962,1.3288151578070126
1771334349938,1.841449079212831,-1.2748274344851962,1.3288151578070126
1771334349940,1.841449079212831,-1.2748274344851962,1.3288151578070126
1771334349941,1.841449079212831,-1.2748274344851962,1.3288151578070126
1771334349942,1.841449079212831,-1.2748274344851962,1.3288151578070126
1771334349944,1.841449079212831,-1.2748274344851962,1.3288151578070126
1771334349945,1.841449079212831,-1.2748274344851962,1.3288151578070126
1771334349947,1.841449079212831,-1.2748274344851962,1.3288151578070126
1771334349948,1.841449079212831,-1.2748274344851962,1.3288151578070126
1771334349950,1.841449079212831,-1.2748274344851962,1.3288151578070126
1771334349951,1.841449079212831,-1.2748274344851962,1.3288151578070126
1771334349953,1.841449079212831,-1.2748274344851962,1.3288151578070126
1771334349954,1.841449079212831,-1.2748274344851962,1.3288151578070126
1771334349955,1.841449079212831,-1.2748274344851962,1.3288151578070126
1771334349957,1.841449079212831,-1.2748274344851962,1.3288151578070126
1771334349958,1.841449079212831,-1.2748274344851962,1.3288151578070126
1771334349960,1.841449079212831,-1.2748274344851962,1.3288151578070126
1771334349961,1.841449079212831,-1.2748274344851962,1.3288151578070126
1771334349963,1.841449079212831,-1.2748274344851962,1.3288151578070126
1771334349964,1.841449079212831,-1.2748274344851962,1.3288151578070126
1771334349965,1.841449079212831,-1.2748274344851962,1.3288151578070126
1771334349967,1.841449079212831,-1.2748274344851962,1.3288151578070126
1771334349968,1.841449079212831,-1.2748274344851962,1.3288151578070126
1771334349970,1.841449079212831,-1.2748274344851962,1.3288151578070126
1771334349971,1.841449079212831,-1.2748274344851962,1.3288151578070126
1771334349973,1.841449079212831,-1.2748274344851962,1.3288151578070126
1771334349974,1.841449079212831,-1.2748274344851962,1.3288151578070126
1771334349975,1.841449079212831,-1.2748274344851962,1.3288151578070126
1771334349977,1.841449079212831,-1.2748274344851962,1.3288151578070126
1771334349978,1.841449079212831,-1.2748274344851962,1.3288151578070126
1771334349980,1.841449079212831,-1.2748274344851962,1.3288151578070126
1771334349981,1.841449079212831,-1.2748274344851962,1.3288151578070126
1771334349983,1.841449079212831,-1.2748274344851962,1.3288151578070126
1771334349984,1.841449079212831,-1.2748274344851962,1.3288151578070126
1771334349985,1.841449079212831,-1.2748274344851962,1.3288151578070126
1771334349987,1.841449079212831,-1.2748274344851962,1.3288151578070126
1771334349988,1.841449079212831,-1.2748274344851962,1.3288151578070126
1771334349990,1.841449079212831,-1.2748274344851962,1.3288151578070126
1771334349991,1.841449079212831,-1.2748274344851962,1.3288151578070126
1771334349993,1.841449079212831,-1.2748274344851962,1.3288151578070126
1771334349994,1.841449079212831,-1.2748274344851962,1.3288151578070126
1771334349995,1.841449079212831,-1.2748274344851962,1.3288151578070126
1771334349997,1.841449079212831,-1.2748274344851962,1.3288151578070126
1771334349998,1.841449079212831,-1.2748274344851962,1.3288151578070126
1771334350000,1.841449079212831,-1.2748274344851962,1.3288151578070126
1771334350001,1.841449079212831,-1.2748274344851962,1.3288151578070126
1771334350003,1.841449079212831,-1.2748274344851962,1.3288151578070126
1771334350004,1.841449079212831,-1.2748274344851962,1.3288151578070126
1771334350005,1.841449079212831,-1.2748274344851962,1.3288151578070126
1771334350007,1.841449079212831,-1.2748274344851962,1.3288151578070126
1771334350008,1.841449079212831,-1.2748274344851962,1.3288151578070126
1771334350010,1.841449079212831,-1.2748274344851962,1.3288151578070126
1771334350011,1.841449079212831,-1.2748274344851962,1.3288151578070126
1771334350013,1.841449079212831,-1.2748274344851962,1.3288151578070126
1771334350014,1.841449079212831,-1.2748274344851962,1.3288151578070126
1771334350015,1.841449079212831,-1.2748274344851962,1.3288151578070126
1771334350017,1.841449079212831,-1.2748274344851962,1.3288151578070126
1771334350018,1.841449079212831,-1.2748274344851962,1.3288151578070126
1771334350020,1.841449079212831,-1.2748274344851962,1.3288151578070126
1771334350021,1.841449079212831,-1.2748274344851962,1.3288151578070126
1771334350023,1.841449079212831,-1.2748274344851962,1.3288151578070126
1771334350024,1.841449079212831,-1.2748274344851962,1.3288151578070126
1771334350025,1.841449079212831,-1.2748274344851962,1.3288151578070126
1771334350027,1.841449079212831,-1.2748274344851962,1.3288151578070126
1771334350028,1.841449079212831,-1.2748274344851962,1.3288151578070126
1771334350030,1.841449079212831,-1.2748274344851962,1.3288151578070126
1771334350031,1.841449079212831,-1.2748274344851962,1.3288151578070126
1771334350032,1.841449079212831,-1.2748274344851962,1.3288151578070126
1771334350034,1.841449079212831,-1.2748274344851962,1.3288151578070126
1771334350035,1.841449079212831,-1.2748274344851962,1.3288151578070126
1771334350037,1.841449079212831,-1.2748274344851962,1.3288151578070126
1771334350038,1.841449079212831,-1.2748274344851962,1.3288151578070126
1771334350040,1.841449079212831,-1.2748274344851962,1.3288151578070126
1771334350041,1.841449079212831,-1.2748274344851962,1.3288151578070126
1771334350042,1.841449079212831,-1.2748274344851962,1.3288151578070126
1771334350044,1.841449079212831,-1.2748274344851962,1.3288151578070126
1771334350045,1.841449079212831,-1.2748274344851962,1.3288151578070126
1771334350047,1.841449079212831,-1.2748274344851962,1.3288151578070126
1771334350048,1.841449079212831,-1.2748274344851962,1.3288151578070126
1771334350049,1.841449079212831,-1.2748274344851962,1.3288151578070126
1771334350051,1.841449079212831,-1.2748274344851962,1.3288151578070126
1771334350052,1.841449079212831,-1.2748274344851962,1.3288151578070126
1771334350054,1.841449079212831,-1.2748274344851962,1.3288151578070126
1771334350055,1.841449079212831,-1.2748274344851962,1.3288151578070126
1771334350057,1.841449079212831,-1.2748274344851962,1.3288151578070126
1771334350058,1.841449079212831,-1.2748274344851962,1.3288151578070126
1771334350060,1.841449079212831,-1.2748274344851962,1.3288151578070126
1771334350061,1.841449079212831,-1.2748274344851962,1.3288151578070126
1771334350062,1.841449079212831,-1.2748274344851962,1.3288151578070126
1771334350064,1.841449079212831,-1.2748274344851962,1.3288151578070126
1771334350065,1.841449079212831,-1.2748274344851962,1.3288151578070126
1771334350067,1.841449079212831,-1.2748274344851962,1.3288151578070126
1771334350068,1.841449079212831,-1.2748274344851962,1.3288151578070126
1771334350069,1.841449079212831,-1.2748274344851962,1.3288151578070126
1771334350071,1.841449079212831,-1.2748274344851962,1.3288151578070126
1771334350072,1.841449079212831,-1.2748274344851962,1.3288151578070126
1771334350074,1.841449079212831,-1.2748274344851962,1.3288151578070126
1771334350075,1.841449079212831,-1.2748274344851962,1.3288151578070126
1771334350077,1.841449079212831,-1.2748274344851962,1.3288151578070126
1771334350078,1.841449079212831,-1.2748274344851962,1.3288151578070126
1771334350080,1.841449079212831,-1.2748274344851962,1.3288151578070126
1771334350081,1.841449079212831,-1.2748274344851962,1.3288151578070126
1771334350082,1.841449079212831,-1.2748274344851962,1.3288151578070126
1771334350084,1.841449079212831,-1.2748274344851962,1.3288151578070126
1771334350085,1.841449079212831,-1.2748274344851962,1.3288151578070126
1771334350087,1.841449079212831,-1.2748274344851962,1.3288151578070126
1771334350088,1.841449079212831,-1.2748274344851962,1.3288151578070126
1771334350090,1.841449079212831,-1.2748274344851962,1.3288151578070126
1771334350091,1.841449079212831,-1.2748274344851962,1.3288151578070126
1771334350093,1.841449079212831,-1.2748274344851962,1.3288151578070126
1771334350094,1.841449079212831,-1.2748274344851962,1.3288151578070126
1771334350095,1.841449079212831,-1.2748274344851962,1.3288151578070126
1771334350097,1.841449079212831,-1.2748274344851962,1.3288151578070126
1771334350098,1.841449079212831,-1.2748274344851962,1.3288151578070126
1771334350100,1.841449079212831,-1.2748274344851962,1.3288151578070126
1771334350101,1.841449079212831,-1.2748274344851962,1.3288151578070126
1771334350102,1.841449079212831,-1.2748274344851962,1.3288151578070126
1771334350104,1.841449079212831,-1.2748274344851962,1.3288151578070126
1771334350105,1.841449079212831,-1.2748274344851962,1.3288151578070126
1771334350107,1.841449079212831,-1.2748274344851962,1.3288151578070126
1771334350108,1.841449079212831,-1.2748274344851962,1.3288151578070126
1771334350110,1.841449079212831,-1.2748274344851962,1.3288151578070126
1771334350111,1.841449079212831,-1.2748274344851962,1.3288151578070126
1771334350112,1.841449079212831,-1.2748274344851962,1.3288151578070126
1771334350114,1.841449079212831,-1.2748274344851962,1.3288151578070126
1771334350115,1.841449079212831,-1.2748274344851962,1.3288151578070126
1771334350117,1.841449079212831,-1.2748274344851962,1.3288151578070126
1771334350118,1.841449079212831,-1.2748274344851962,1.3288151578070126
1771334350120,1.841449079212831,-1.2748274344851962,1.3288151578070126
1771334350121,1.841449079212831,-1.2748274344851962,1.3288151578070126
1771334350122,1.841449079212831,-1.2748274344851962,1.3288151578070126
1771334350124,1.841449079212831,-1.2748274344851962,1.3288151578070126
1771334350125,1.841449079212831,-1.2748274344851962,1.3288151578070126
1771334350127,1.841449079212831,-1.2748274344851962,1.3288151578070126
1771334350128,1.841449079212831,-1.2748274344851962,1.3288151578070126
1771334350130,1.841449079212831,-1.2748274344851962,1.3288151578070126
1771334350131,1.841449079212831,-1.2748274344851962,1.3288151578070126
1771334350132,1.841449079212831,-1.2748274344851962,1.3288151578070126
1771334350134,1.841449079212831,-1.2748274344851962,1.3288151578070126
1771334350135,1.841449079212831,-1.2748274344851962,1.3288151578070126
1771334350137,1.841449079212831,-1.2748274344851962,1.3288151578070126
1771334350138,1.841449079212831,-1.2748274344851962,1.3288151578070126
1771334350140,1.841449079212831,-1.2748274344851962,1.3288151578070126
1771334350141,1.841449079212831,-1.2748274344851962,1.3288151578070126
1771334350143,1.841449079212831,-1.2748274344851962,1.3288151578070126
1771334350144,1.841449079212831,-1.2748274344851962,1.3288151578070126
1771334350145,1.841449079212831,-1.2748274344851962,1.3288151578070126
1771334350147,1.841449079212831,-1.2748274344851962,1.3288151578070126
1771334350148,1.841449079212831,-1.2748274344851962,1.3288151578070126
1771334350150,1.841449079212831,-1.2748274344851962,1.3288151578070126
1771334350151,1.841449079212831,-1.2748274344851962,1.3288151578070126
1771334350153,1.841449079212831,-1.2748274344851962,1.3288151578070126
1771334350154,1.841449079212831,-1.2748274344851962,1.3288151578070126
1771334350155,1.841449079212831,-1.2748274344851962,1.3288151578070126
1771334350157,1.841449079212831,-1.2748274344851962,1.3288151578070126
1771334350158,1.841449079212831,-1.2748274344851962,1.3288151578070126
1771334350160,1.841449079212831,-1.2748274344851962,1.3288151578070126
1771334350161,1.841449079212831,-1.2748274344851962,1.3288151578070126
1771334350163,1.841449079212831,-1.2748274344851962,1.3288151578070126
1771334350164,1.841449079212831,-1.2748274344851962,1.3288151578070126
1771334350165,1.841449079212831,-1.2748274344851962,1.3288151578070126
1771334350167,1.841449079212831,-1.2748274344851962,1.3288151578070126
1771334350168,1.841449079212831,-1.2748274344851962,1.3288151578070126
1771334350170,1.841449079212831,-1.2748274344851962,1.3288151578070126
1771334350171,1.841449079212831,-1.2748274344851962,1.3288151578070126
1771334350172,1.841449079212831,-1.2748274344851962,1.3288151578070126
1771334350174,1.841449079212831,-1.2748274344851962,1.3288151578070126
1771334350175,1.841449079212831,-1.2748274344851962,1.3288151578070126
1771334350177,1.841449079212831,-1.2748274344851962,1.3288151578070126
1771334350178,1.841449079212831,-1.2748274344851962,1.3288151578070126
1771334350180,1.841449079212831,-1.2748274344851962,1.3288151578070126
1771334350181,1.841449079212831,-1.2748274344851962,1.3288151578070126
1771334350182,1.841449079212831,-1.2748274344851962,1.3288151578070126
1771334350184,1.841449079212831,-1.2748274344851962,1.3288151578070126
1771334350185,1.841449079212831,-1.2748274344851962,1.3288151578070126
1771334350187,1.841449079212831,-1.2748274344851962,1.3288151578070126
1771334350188,1.841449079212831,-1.2748274344851962,1.3288151578070126
1771334350190,1.841449079212831,-1.2748274344851962,1.3288151578070126
1771334350191,1.841449079212831,-1.2748274344851962,1.3288151578070126
1771334350192,1.841449079212831,-1.2748274344851962,1.3288151578070126
1771334350194,1.841449079212831,-1.2748274344851962,1.3288151578070126
1771334350195,1.841449079212831,-1.2748274344851962,1.3288151578070126
1771334350197,1.841449079212831,-1.2748274344851962,1.3288151578070126
1771334350198,1.841449079212831,-1.2748274344851962,1.3288151578070126
1771334350200,1.841449079212831,-1.2748274344851962,1.3288151578070126
1771334350201,1.841449079212831,-1.2748274344851962,1.3288151578070126
1771334350202,1.841449079212831,-1.2748274344851962,1.3288151578070126
1771334350204,1.841449079212831,-1.2748274344851962,1.3288151578070126
1771334350205,1.841449079212831,-1.2748274344851962,1.3288151578070126
1771334350207,1.841449079212831,-1.2748274344851962,1.3288151578070126
1771334350208,1.841449079212831,-1.2748274344851962,1.3288151578070126
1771334350210,1.841449079212831,-1.2748274344851962,1.3288151578070126
1771334350211,1.841449079212831,-1.2748274344851962,1.3288151578070126
1771334350212,1.841449079212831,-1.2748274344851962,1.3288151578070126
1771334350214,1.841449079212831,-1.2748274344851962,1.3288151578070126
1771334350215,1.841449079212831,-1.2748274344851962,1.3288151578070126
1771334350217,1.841449079212831,-1.2748274344851962,1.3288151578070126
1771334350218,1.841449079212831,-1.2748274344851962,1.3288151578070126
1771334350220,1.841449079212831,-1.2748274344851962,1.3288151578070126
1771334350221,1.841449079212831,-1.2748274344851962,1.3288151578070126
1771334350222,1.841449079212831,-1.2748274344851962,1.3288151578070126
1771334350224,1.841449079212831,-1.2748274344851962,1.3288151578070126
1771334350225,1.841449079212831,-1.2748274344851962,1.3288151578070126
1771334350227,1.841449079212831,-1.2748274344851962,1.3288151578070126
1771334350228,1.841449079212831,-1.2748274344851962,1.3288151578070126
1771334350230,1.841449079212831,-1.2748274344851962,1.3288151578070126
1771334350231,1.841449079212831,-1.2748274344851962,1.3288151578070126
1771334350232,1.841449079212831,-1.2748274344851962,1.3288151578070126
1771334350234,1.841449079212831,-1.2748274344851962,1.3288151578070126
1771334350235,1.841449079212831,-1.2748274344851962,1.3288151578070126
1771334350237,1.841449079212831,-1.2748274344851962,1.3288151578070126
1771334350238,1.841449079212831,-1.2748274344851962,1.3288151578070126
1771334350239,1.841449079212831,-1.2748274344851962,1.3288151578070126
1771334350241,1.841449079212831,-1.2748274344851962,1.3288151578070126
1771334350242,1.841449079212831,-1.2748274344851962,1.3288151578070126
1771334350244,1.841449079212831,-1.2748274344851962,1.3288151578070126
1771334350245,1.841449079212831,-1.2748274344851962,1.3288151578070126
1771334350247,1.841449079212831,-1.2748274344851962,1.3288151578070126
1771334350248,1.841449079212831,-1.2748274344851962,1.3288151578070126
1771334350250,1.841449079212831,-1.2748274344851962,1.3288151578070126
1771334350251,1.841449079212831,-1.2748274344851962,1.3288151578070126
1771334350252,1.841449079212831,-1.2748274344851962,1.3288151578070126
1771334350254,1.841449079212831,-1.2748274344851962,1.3288151578070126
1771334350255,1.841449079212831,-1.2748274344851962,1.3288151578070126
1771334350257,1.841449079212831,-1.2748274344851962,1.3288151578070126
1771334350258,1.841449079212831,-1.2748274344851962,1.3288151578070126
1771334350260,1.841449079212831,-1.2748274344851962,1.3288151578070126
1771334350261,1.841449079212831,-1.2748274344851962,1.3288151578070126
1771334350263,1.841449079212831,-1.2748274344851962,1.3288151578070126
1771334350264,1.841449079212831,-1.2748274344851962,1.3288151578070126
1771334350265,1.841449079212831,-1.2748274344851962,1.3288151578070126
1771334350267,1.841449079212831,-1.2748274344851962,1.3288151578070126
1771334350268,1.841449079212831,-1.2748274344851962,1.3288151578070126
1771334350270,1.841449079212831,-1.2748274344851962,1.3288151578070126
1771334350271,1.841449079212831,-1.2748274344851962,1.3288151578070126
1771334350273,1.841449079212831,-1.2748274344851962,1.3288151578070126
1771334350274,1.841449079212831,-1.2748274344851962,1.3288151578070126
1771334350276,1.841449079212831,-1.2748274344851962,1.3288151578070126
1771334350277,1.841449079212831,-1.2748274344851962,1.3288151578070126
1771334350278,1.841449079212831,-1.2748274344851962,1.3288151578070126
1771334350280,1.841449079212831,-1.2748274344851962,1.3288151578070126
1771334350281,1.841449079212831,-1.2748274344851962,1.3288151578070126
1771334350283,1.841449079212831,-1.2748274344851962,1.3288151578070126
1771334350284,1.841449079212831,-1.2748274344851962,1.3288151578070126
1771334350285,1.841449079212831,-1.2748274344851962,1.3288151578070126
1771334350287,1.841449079212831,-1.2748274344851962,1.3288151578070126
1771334350288,1.841449079212831,-1.2748274344851962,1.3288151578070126
1771334350290,1.841449079212831,-1.2748274344851962,1.3288151578070126
1771334350291,1.841449079212831,-1.2748274344851962,1.3288151578070126
1771334350293,1.841449079212831,-1.2748274344851962,1.3288151578070126
1771334350294,1.841449079212831,-1.2748274344851962,1.3288151578070126
1771334350296,1.841449079212831,-1.2748274344851962,1.3288151578070126
1771334350297,1.841449079212831,-1.2748274344851962,1.3288151578070126
1771334350299,1.841449079212831,-1.2748274344851962,1.3288151578070126
1771334350300,1.841449079212831,-1.2748274344851962,1.3288151578070126
1771334350301,1.841449079212831,-1.2748274344851962,1.3288151578070126
1771334350303,1.841449079212831,-1.2748274344851962,1.3288151578070126
1771334350304,1.841449079212831,-1.2748274344851962,1.3288151578070126
1771334350306,1.841449079212831,-1.2748274344851962,1.3288151578070126
1771334350307,1.841449079212831,-1.2748274344851962,1.3288151578070126
1771334350309,1.841449079212831,-1.2748274344851962,1.3288151578070126
1771334350310,1.841449079212831,-1.2748274344851962,1.3288151578070126
1771334350311,1.841449079212831,-1.2748274344851962,1.3288151578070126
1771334350313,1.841449079212831,-1.2748274344851962,1.3288151578070126
1771334350314,1.841449079212831,-1.2748274344851962,1.3288151578070126
1771334350316,1.841449079212831,-1.2748274344851962,1.3288151578070126
1771334350317,1.841449079212831,-1.2748274344851962,1.3288151578070126
1771334350319,1.841449079212831,-1.2748274344851962,1.3288151578070126
1771334350320,1.841449079212831,-1.2748274344851962,1.3288151578070126
1771334350321,1.841449079212831,-1.2748274344851962,1.3288151578070126
1771334350323,1.841449079212831,-1.2748274344851962,1.3288151578070126
1771334350324,1.841449079212831,-1.2748274344851962,1.3288151578070126
1771334350326,1.841449079212831,-1.2748274344851962,1.3288151578070126
1771334350327,1.841449079212831,-1.2748274344851962,1.3288151578070126
1771334350329,1.841449079212831,-1.2748274344851962,1.3288151578070126
1771334350330,1.841449079212831,-1.2748274344851962,1.3288151578070126
1771334350331,1.841449079212831,-1.2748274344851962,1.3288151578070126
1771334350333,1.841449079212831,-1.2748274344851962,1.3288151578070126
1771334350334,1.841449079212831,-1.2748274344851962,1.3288151578070126
1771334350336,1.841449079212831,-1.2748274344851962,1.3288151578070126
1771334350337,1.841449079212831,-1.2748274344851962,1.3288151578070126
1771334350339,1.841449079212831,-1.2748274344851962,1.3288151578070126
1771334350340,1.841449079212831,-1.2748274344851962,1.3288151578070126
1771334350342,1.841449079212831,-1.2748274344851962,1.3288151578070126
1771334350343,1.2509596517418382,-0.5306867113376408,1.1328158123436045
1771334350344,1.2509596517418382,-0.5306867113376408,1.1328158123436045
1771334350345,1.2509596517418382,-0.5306867113376408,1.1328158123436045
1771334350346,1.2509596517418382,-0.5306867113376408,1.1328158123436045
1771334350348,1.2509596517418382,-0.5306867113376408,1.1328158123436045
1771334350349,1.2509596517418382,-0.5306867113376408,1.1328158123436045
1771334350350,1.2509596517418382,-0.5306867113376408,1.1328158123436045
1771334350351,1.2509596517418382,-0.5306867113376408,1.1328158123436045
1771334350352,1.2509596517418382,-0.5306867113376408,1.1328158123436045
1771334350353,1.2509596517418382,-0.5306867113376408,1.1328158123436045
1771334350355,1.2509596517418382,-0.5306867113376408,1.1328158123436045
1771334350356,1.2509596517418382,-0.5306867113376408,1.1328158123436045
1771334350357,1.2509596517418382,-0.5306867113376408,1.1328158123436045
1771334350358,1.2509596517418382,-0.5306867113376408,1.1328158123436045
1771334350359,1.2509596517418382,-0.5306867113376408,1.1328158123436045
1771334350360,1.2509596517418382,-0.5306867113376408,1.1328158123436045
1771334350362,1.2509596517418382,-0.5306867113376408,1.1328158123436045
1771334350363,1.2509596517418382,-0.5306867113376408,1.1328158123436045
1771334350364,1.2509596517418382,-0.5306867113376408,1.1328158123436045
1771334350365,1.2509596517418382,-0.5306867113376408,1.1328158123436045
1771334350366,1.2509596517418382,-0.5306867113376408,1.1328158123436045
1771334350368,1.2509596517418382,-0.5306867113376408,1.1328158123436045
1771334350369,1.2509596517418382,-0.5306867113376408,1.1328158123436045
1771334350370,1.2509596517418382,-0.5306867113376408,1.1328158123436045
1771334350371,1.2509596517418382,-0.5306867113376408,1.1328158123436045
1771334350372,1.2509596517418382,-0.5306867113376408,1.1328158123436045
1771334350374,1.2509596517418382,-0.5306867113376408,1.1328158123436045
1771334350375,1.2509596517418382,-0.5306867113376408,1.1328158123436045
1771334350376,1.2509596517418382,-0.5306867113376408,1.1328158123436045
1771334350377,1.2509596517418382,-0.5306867113376408,1.1328158123436045
1771334350378,1.2509596517418382,-0.5306867113376408,1.1328158123436045
1771334350380,1.2509596517418382,-0.5306867113376408,1.1328158123436045
1771334350381,0.26994087924377747,3.1010832930725575e-05,0.26994087746251383
1771334350382,0.26994087924377747,3.1010832930725575e-05,0.26994087746251383
1771334350383,0.26994087924377747,3.1010832930725575e-05,0.26994087746251383
1771334350384,0.26994087924377747,3.1010832930725575e-05,0.26994087746251383
1771334350386,0.26994087924377747,3.1010832930725575e-05,0.26994087746251383
1771334350387,0.26994087924377747,3.1010832930725575e-05,0.26994087746251383
1771334350388,0.26994087924377747,3.1010832930725575e-05,0.26994087746251383
1771334350389,0.26994087924377747,3.1010832930725575e-05,0.26994087746251383
1771334350390,0.26994087924377747,3.1010832930725575e-05,0.26994087746251383
1771334350392,0.26994087924377747,3.1010832930725575e-05,0.26994087746251383
1771334350393,0.26994087924377747,3.1010832930725575e-05,0.26994087746251383
1771334350394,0.26994087924377747,3.1010832930725575e-05,0.26994087746251383
1771334350395,0.26994087924377747,3.1010832930725575e-05,0.26994087746251383
1771334350396,0.26994087924377747,3.1010832930725575e-05,0.26994087746251383
1771334350398,0.26994087924377747,3.1010832930725575e-05,0.26994087746251383
1771334350399,0.26994087924377747,3.1010832930725575e-05,0.26994087746251383
1771334350400,0.26994087924377747,3.1010832930725575e-05,0.26994087746251383
1771334350401,0.26994087924377747,3.1010832930725575e-05,0.26994087746251383
1771334350402,0.26994087924377747,3.1010832930725575e-05,0.26994087746251383
1771334350404,0.26994087924377747,3.1010832930725575e-05,0.26994087746251383
1771334350405,0.26994087924377747,3.1010832930725575e-05,0.26994087746251383
1771334350406,0.26994087924377747,3.1010832930725575e-05,0.26994087746251383
1771334350407,0.26994087924377747,3.1010832930725575e-05,0.26994087746251383
1771334350409,0.26994087924377747,3.1010832930725575e-05,0.26994087746251383
1771334350410,0.26994087924377747,3.1010832930725575e-05,0.26994087746251383
1771334350411,0.26994087924377747,3.1010832930725575e-05,0.26994087746251383
1771334350412,0.26994087924377747,3.1010832930725575e-05,0.26994087746251383
1771334350413,0.26994087924377747,3.1010832930725575e-05,0.26994087746251383
1771334350415,0.26994087924377747,3.1010832930725575e-05,0.26994087746251383
1771334350416,0.26994087924377747,3.1010832930725575e-05,0.26994087746251383
1771334350417,0.26994087924377747,3.1010832930725575e-05,0.26994087746251383
1771334350418,0.26994087924377747,3.1010832930725575e-05,0.26994087746251383
1771334350419,0.26994087924377747,3.1010832930725575e-05,0.26994087746251383
1771334350421,0.26994087924377747,3.1010832930725575e-05,0.26994087746251383
1771334350422,0.26994087924377747,3.1010832930725575e-05,0.26994087746251383
1771334350423,0.26994087924377747,3.1010832930725575e-05,0.26994087746251383
1771334350424,0.26994087924377747,3.1010832930725575e-05,0.26994087746251383
1771334350425,0.26994087924377747,3.1010832930725575e-05,0.26994087746251383
1771334350427,0.26994087924377747,3.1010832930725575e-05,0.26994087746251383
1771334350428,0.26994087924377747,3.1010832930725575e-05,0.26994087746251383
1771334350429,0.26994087924377747,3.1010832930725575e-05,0.26994087746251383
1771334350430,0.26994087924377747,3.1010832930725575e-05,0.26994087746251383
1771334350431,0.26994087924377747,3.1010832930725575e-05,0.26994087746251383
1771334350433,0.26994087924377747,3.1010832930725575e-05,0.26994087746251383
1771334350434,0.26994087924377747,3.1010832930725575e-05,0.26994087746251383
1771334350435,0.26994087924377747,3.1010832930725575e-05,0.26994087746251383
1771334350436,0.26994087924377747,3.1010832930725575e-05,0.26994087746251383
1771334350437,0.26994087924377747,3.1010832930725575e-05,0.26994087746251383
1771334350439,0.26994087924377747,3.1010832930725575e-05,0.26994087746251383
1771334350440,0.26994087924377747,3.1010832930725575e-05,0.26994087746251383
1771334350441,0.26994087924377747,3.1010832930725575e-05,0.26994087746251383
1771334350442,0.26994087924377747,3.1010832930725575e-05,0.26994087746251383
1771334350443,0.26994087924377747,3.1010832930725575e-05,0.26994087746251383
1771334350445,0.26994087924377747,3.1010832930725575e-05,0.26994087746251383
1771334350446,0.26994087924377747,3.1010832930725575e-05,0.26994087746251383
1771334350447,0.26994087924377747,3.1010832930725575e-05,0.26994087746251383
1771334350448,0.26994087924377747,3.1010832930725575e-05,0.26994087746251383
1771334350449,0.26994087924377747,3.1010832930725575e-05,0.26994087746251383
1771334350450,0.26994087924377747,3.1010832930725575e-05,0.26994087746251383
1771334350452,0.26994087924377747,3.1010832930725575e-05,0.26994087746251383
1771334350453,0.26994087924377747,3.1010832930725575e-05,0.26994087746251383
1771334350454,0.26994087924377747,3.1010832930725575e-05,0.26994087746251383
1771334350455,0.26994087924377747,3.1010832930725575e-05,0.26994087746251383
1771334350457,0.26994087924377747,3.1010832930725575e-05,0.26994087746251383
1771334350458,0.26994087924377747,3.1010832930725575e-05,0.26994087746251383
1771334350459,0.26994087924377747,3.1010832930725575e-05,0.26994087746251383
1771334350460,0.26994087924377747,3.1010832930725575e-05,0.26994087746251383
1771334350462,0.26994087924377747,3.1010832930725575e-05,0.26994087746251383
1771334350463,0.26994087924377747,3.1010832930725575e-05,0.26994087746251383
1771334350464,0.26994087924377747,3.1010832930725575e-05,0.26994087746251383
1771334350465,0.26994087924377747,3.1010832930725575e-05,0.26994087746251383
1771334350466,0.26994087924377747,3.1010832930725575e-05,0.26994087746251383
1771334350468,0.26994087924377747,3.1010832930725575e-05,0.26994087746251383
1771334350469,0.26994087924377747,3.1010832930725575e-05,0.26994087746251383
1771334350470,0.26994087924377747,3.1010832930725575e-05,0.26994087746251383
1771334350471,0.26994087924377747,3.1010832930725575e-05,0.26994087746251383
1771334350473,0.26994087924377747,3.1010832930725575e-05,0.26994087746251383
1771334350474,0.26994087924377747,3.1010832930725575e-05,0.26994087746251383
1771334350475,0.26994087924377747,3.1010832930725575e-05,0.26994087746251383
1771334350476,0.26994087924377747,3.1010832930725575e-05,0.26994087746251383
1771334350477,0.26994087924377747,3.1010832930725575e-05,0.26994087746251383
1771334350479,0.26994087924377747,3.1010832930725575e-05,0.26994087746251383
1771334350480,0.26994087924377747,3.1010832930725575e-05,0.26994087746251383
1771334350481,0.26994087924377747,3.1010832930725575e-05,0.26994087746251383
1771334350482,0.26994087924377747,3.1010832930725575e-05,0.26994087746251383
1771334350484,0.26994087924377747,3.1010832930725575e-05,0.26994087746251383
1771334350485,0.26994087924377747,3.1010832930725575e-05,0.26994087746251383
1771334350486,0.26994087924377747,3.1010832930725575e-05,0.26994087746251383
1771334350487,0.26994087924377747,3.1010832930725575e-05,0.26994087746251383
1771334350488,0.26994087924377747,3.1010832930725575e-05,0.26994087746251383
1771334350489,0.26994087924377747,3.1010832930725575e-05,0.26994087746251383
1771334350491,0.26994087924377747,3.1010832930725575e-05,0.26994087746251383
1771334350492,0.26994087924377747,3.1010832930725575e-05,0.26994087746251383
1771334350493,0.26994087924377747,3.1010832930725575e-05,0.26994087746251383
1771334350494,0.26994087924377747,3.1010832930725575e-05,0.26994087746251383
1771334350496,0.26994087924377747,3.1010832930725575e-05,0.26994087746251383
1771334350497,0.26994087924377747,3.1010832930725575e-05,0.26994087746251383
1771334350498,0.26994087924377747,3.1010832930725575e-05,0.26994087746251383
1771334350499,0.26994087924377747,3.1010832930725575e-05,0.26994087746251383
1771334350500,0.26994087924377747,3.1010832930725575e-05,0.26994087746251383
1771334350501,0.26994087924377747,3.1010832930725575e-05,0.26994087746251383
1771334350503,0.26994087924377747,3.1010832930725575e-05,0.26994087746251383
1771334350504,0.26994087924377747,3.1010832930725575e-05,0.26994087746251383
1771334350505,0.26994087924377747,3.1010832930725575e-05,0.26994087746251383
1771334350506,0.26994087924377747,3.1010832930725575e-05,0.26994087746251383
1771334350508,0.26994087924377747,3.1010832930725575e-05,0.26994087746251383
1771334350509,0.26994087924377747,3.1010832930725575e-05,0.26994087746251383
1771334350510,0.26994087924377747,3.1010832930725575e-05,0.26994087746251383
1771334350511,0.26994087924377747,3.1010832930725575e-05,0.26994087746251383
1771334350512,0.26994087924377747,3.1010832930725575e-05,0.26994087746251383
1771334350513,0.26994087924377747,3.1010832930725575e-05,0.26994087746251383
1771334350515,0.26994087924377747,3.1010832930725575e-05,0.26994087746251383
1771334350516,0.26994087924377747,3.1010832930725575e-05,0.26994087746251383
1771334350517,0.26994087924377747,3.1010832930725575e-05,0.26994087746251383
1771334350518,0.26994087924377747,3.1010832930725575e-05,0.26994087746251383
1771334350520,0.26994087924377747,3.1010832930725575e-05,0.26994087746251383
1771334350521,0.26994087924377747,3.1010832930725575e-05,0.26994087746251383
1771334350522,0.26994087924377747,3.1010832930725575e-05,0.26994087746251383
1771334350523,0.26994087924377747,3.1010832930725575e-05,0.26994087746251383
1771334350524,0.26994087924377747,3.1010832930725575e-05,0.26994087746251383
1771334350526,0.26994087924377747,3.1010832930725575e-05,0.26994087746251383
1771334350527,0.26994087924377747,3.1010832930725575e-05,0.26994087746251383
1771334350528,0.26994087924377747,3.1010832930725575e-05,0.26994087746251383
1771334350529,0.26994087924377747,3.1010832930725575e-05,0.26994087746251383
1771334350530,0.26994087924377747,3.1010832930725575e-05,0.26994087746251383
1771334350532,0.26994087924377747,3.1010832930725575e-05,0.26994087746251383
1771334350533,0.26994087924377747,3.1010832930725575e-05,0.26994087746251383
1771334350534,0.26994087924377747,3.1010832930725575e-05,0.26994087746251383
1771334350535,0.26994087924377747,3.1010832930725575e-05,0.26994087746251383
1771334350536,0.26994087924377747,3.1010832930725575e-05,0.26994087746251383
1771334350538,0.26994087924377747,3.1010832930725575e-05,0.26994087746251383
1771334350539,0.26994087924377747,3.1010832930725575e-05,0.26994087746251383
1771334350540,0.26994087924377747,3.1010832930725575e-05,0.26994087746251383
1771334350541,0.26994087924377747,3.1010832930725575e-05,0.26994087746251383
1771334350543,0.26994087924377747,3.1010832930725575e-05,0.26994087746251383
1771334350544,0.26994087924377747,3.1010832930725575e-05,0.26994087746251383
1771334350545,0.26994087924377747,3.1010832930725575e-05,0.26994087746251383
1771334350546,0.26994087924377747,3.1010832930725575e-05,0.26994087746251383
1771334350547,0.26994087924377747,3.1010832930725575e-05,0.26994087746251383
1771334350548,0.26994087924377747,3.1010832930725575e-05,0.26994087746251383
1771334350550,0.26994087924377747,3.1010832930725575e-05,0.26994087746251383
1771334350551,0.26994087924377747,3.1010832930725575e-05,0.26994087746251383
1771334350552,0.26994087924377747,3.1010832930725575e-05,0.26994087746251383
1771334350553,0.26994087924377747,3.1010832930725575e-05,0.26994087746251383
1771334350554,0.26994087924377747,3.1010832930725575e-05,0.26994087746251383
1771334350556,0.26994087924377747,3.1010832930725575e-05,0.26994087746251383
1771334350557,0.26994087924377747,3.1010832930725575e-05,0.26994087746251383
1771334350558,0.26994087924377747,3.1010832930725575e-05,0.26994087746251383
1771334350560,0.26994087924377747,3.1010832930725575e-05,0.26994087746251383
1771334350561,0.26994087924377747,3.1010832930725575e-05,0.26994087746251383
1771334350562,0.26994087924377747,3.1010832930725575e-05,0.26994087746251383
1771334350563,0.26994087924377747,3.1010832930725575e-05,0.26994087746251383
1771334350564,0.26994087924377747,3.1010832930725575e-05,0.26994087746251383
1771334350566,0.26994087924377747,3.1010832930725575e-05,0.26994087746251383
1771334350567,0.26994087924377747,3.1010832930725575e-05,0.26994087746251383
1771334350568,0.26994087924377747,3.1010832930725575e-05,0.26994087746251383
1771334350569,0.26994087924377747,3.1010832930725575e-05,0.26994087746251383
1771334350570,0.26994087924377747,3.1010832930725575e-05,0.26994087746251383
1771334350572,0.26994087924377747,3.1010832930725575e-05,0.26994087746251383
1771334350573,0.26994087924377747,3.1010832930725575e-05,0.26994087746251383
1771334350574,0.26994087924377747,3.1010832930725575e-05,0.26994087746251383
1771334350575,0.26994087924377747,3.1010832930725575e-05,0.26994087746251383
1771334350576,0.26994087924377747,3.1010832930725575e-05,0.26994087746251383
1771334350578,0.26994087924377747,3.1010832930725575e-05,0.26994087746251383
1771334350579,0.26994087924377747,3.1010832930725575e-05,0.26994087746251383
1771334350580,0.26994087924377747,3.1010832930725575e-05,0.26994087746251383
1771334350581,0.26994087924377747,3.1010832930725575e-05,0.26994087746251383
1771334350582,0.26994087924377747,3.1010832930725575e-05,0.26994087746251383
1771334350583,0.26994087924377747,3.1010832930725575e-05,0.26994087746251383
1771334350585,0.26994087924377747,3.1010832930725575e-05,0.26994087746251383
1771334350586,0.26994087924377747,3.1010832930725575e-05,0.26994087746251383
1771334350587,0.26994087924377747,3.1010832930725575e-05,0.26994087746251383
1771334350588,0.26994087924377747,3.1010832930725575e-05,0.26994087746251383
1771334350589,0.26994087924377747,3.1010832930725575e-05,0.26994087746251383
1771334350591,0.26994087924377747,3.1010832930725575e-05,0.26994087746251383
1771334350592,0.26994087924377747,3.1010832930725575e-05,0.26994087746251383
1771334350593,0.26994087924377747,3.1010832930725575e-05,0.26994087746251383
1771334350594,0.26994087924377747,3.1010832930725575e-05,0.26994087746251383
1771334350595,0.26994087924377747,3.1010832930725575e-05,0.26994087746251383
1771334350597,0.26994087924377747,3.1010832930725575e-05,0.26994087746251383
1771334350598,0.26994087924377747,3.1010832930725575e-05,0.26994087746251383
1771334350599,0.26994087924377747,3.1010832930725575e-05,0.26994087746251383
1771334350600,0.26994087924377747,3.1010832930725575e-05,0.26994087746251383
1771334350601,0.26994087924377747,3.1010832930725575e-05,0.26994087746251383
1771334350602,0.26994087924377747,3.1010832930725575e-05,0.26994087746251383
1771334350604,0.26994087924377747,3.1010832930725575e-05,0.26994087746251383
1771334350605,0.26994087924377747,3.1010832930725575e-05,0.26994087746251383
1771334350606,0.26994087924377747,3.1010832930725575e-05,0.26994087746251383
1771334350607,0.26994087924377747,3.1010832930725575e-05,0.26994087746251383
1771334350608,0.26994087924377747,3.1010832930725575e-05,0.26994087746251383
1771334350610,0.26994087924377747,3.1010832930725575e-05,0.26994087746251383
1771334350611,0.26994087924377747,3.1010832930725575e-05,0.26994087746251383
1771334350612,0.26994087924377747,3.1010832930725575e-05,0.26994087746251383
1771334350613,0.26994087924377747,3.1010832930725575e-05,0.26994087746251383
1771334350614,0.26994087924377747,3.1010832930725575e-05,0.26994087746251383
1771334350616,0.26994087924377747,3.1010832930725575e-05,0.26994087746251383
1771334350617,0.26994087924377747,3.1010832930725575e-05,0.26994087746251383
1771334350618,0.26994087924377747,3.1010832930725575e-05,0.26994087746251383
1771334350619,0.26994087924377747,3.1010832930725575e-05,0.26994087746251383
1771334350620,0.26994087924377747,3.1010832930725575e-05,0.26994087746251383
1771334350622,0.26994087924377747,3.1010832930725575e-05,0.26994087746251383
1771334350623,0.26994087924377747,3.1010832930725575e-05,0.26994087746251383
1771334350624,0.26994087924377747,3.1010832930725575e-05,0.26994087746251383
1771334350625,0.26994087924377747,3.1010832930725575e-05,0.26994087746251383
1771334350626,0.26994087924377747,3.1010832930725575e-05,0.26994087746251383
1771334350628,0.26994087924377747,3.1010832930725575e-05,0.26994087746251383
1771334350629,0.26994087924377747,3.1010832930725575e-05,0.26994087746251383
1771334350630,0.26994087924377747,3.1010832930725575e-05,0.26994087746251383
1771334350631,0.26994087924377747,3.1010832930725575e-05,0.26994087746251383
1771334350632,0.26994087924377747,3.1010832930725575e-05,0.26994087746251383
1771334350634,0.26994087924377747,3.1010832930725575e-05,0.26994087746251383
1771334350635,0.26994087924377747,3.1010832930725575e-05,0.26994087746251383
1771334350636,0.26994087924377747,3.1010832930725575e-05,0.26994087746251383
1771334350637,0.26994087924377747,3.1010832930725575e-05,0.26994087746251383
1771334350638,0.26994087924377747,3.1010832930725575e-05,0.26994087746251383
1771334350640,0.26994087924377747,3.1010832930725575e-05,0.26994087746251383
1771334350641,0.26994087924377747,3.1010832930725575e-05,0.26994087746251383
1771334350642,0.26994087924377747,3.1010832930725575e-05,0.26994087746251383
1771334350643,0.26994087924377747,3.1010832930725575e-05,0.26994087746251383
1771334350644,0.26994087924377747,3.1010832930725575e-05,0.26994087746251383
1771334350645,0.26994087924377747,3.1010832930725575e-05,0.26994087746251383
1771334350647,0.26994087924377747,3.1010832930725575e-05,0.26994087746251383
1771334350648,0.26994087924377747,3.1010832930725575e-05,0.26994087746251383
1771334350649,0.26994087924377747,3.1010832930725575e-05,0.26994087746251383
1771334350650,0.26994087924377747,3.1010832930725575e-05,0.26994087746251383
1771334350651,0.26994087924377747,3.1010832930725575e-05,0.26994087746251383
1771334350653,0.26994087924377747,3.1010832930725575e-05,0.26994087746251383
1771334350654,0.26994087924377747,3.1010832930725575e-05,0.26994087746251383
1771334350655,0.26994087924377747,3.1010832930725575e-05,0.26994087746251383
1771334350656,0.26994087924377747,3.1010832930725575e-05,0.26994087746251383
1771334350657,0.26994087924377747,3.1010832930725575e-05,0.26994087746251383
1771334350659,0.26994087924377747,3.1010832930725575e-05,0.26994087746251383
1771334350660,0.26994087924377747,3.1010832930725575e-05,0.26994087746251383
1771334350661,0.26994087924377747,3.1010832930725575e-05,0.26994087746251383
1771334350662,0.26994087924377747,3.1010832930725575e-05,0.26994087746251383
1771334350663,0.26994087924377747,3.1010832930725575e-05,0.26994087746251383
1771334350665,0.26994087924377747,3.1010832930725575e-05,0.26994087746251383
1771334350666,0.26994087924377747,3.1010832930725575e-05,0.26994087746251383
1771334350667,0.26994087924377747,3.1010832930725575e-05,0.26994087746251383
1771334350668,0.26994087924377747,3.1010832930725575e-05,0.26994087746251383
1771334350669,0.26994087924377747,3.1010832930725575e-05,0.26994087746251383
1771334350670,0.26994087924377747,3.1010832930725575e-05,0.26994087746251383
1771334350672,0.26994087924377747,3.1010832930725575e-05,0.26994087746251383
1771334350673,0.26994087924377747,3.1010832930725575e-05,0.26994087746251383
1771334350674,0.26994087924377747,3.1010832930725575e-05,0.26994087746251383
1771334350675,0.26994087924377747,3.1010832930725575e-05,0.26994087746251383
1771334350677,0.26994087924377747,3.1010832930725575e-05,0.26994087746251383
1771334350678,0.26994087924377747,3.1010832930725575e-05,0.26994087746251383
1771334350679,0.26994087924377747,3.1010832930725575e-05,0.26994087746251383
1771334350680,0.26994087924377747,3.1010832930725575e-05,0.26994087746251383
1771334350681,0.26994087924377747,3.1010832930725575e-05,0.26994087746251383
1771334350682,0.26994087924377747,3.1010832930725575e-05,0.26994087746251383
1771334350684,0.26994087924377747,3.1010832930725575e-05,0.26994087746251383
1771334350685,0.26994087924377747,3.1010832930725575e-05,0.26994087746251383
1771334350686,0.26994087924377747,3.1010832930725575e-05,0.26994087746251383
1771334350687,0.26994087924377747,3.1010832930725575e-05,0.26994087746251383
1771334350688,0.26994087924377747,3.1010832930725575e-05,0.26994087746251383
1771334350690,0.26994087924377747,3.1010832930725575e-05,0.26994087746251383
1771334350691,0.26994087924377747,3.1010832930725575e-05,0.26994087746251383
1771334350692,0.26994087924377747,3.1010832930725575e-05,0.26994087746251383
1771334350693,0.26994087924377747,3.1010832930725575e-05,0.26994087746251383
1771334350694,0.26994087924377747,3.1010832930725575e-05,0.26994087746251383
1771334350695,0.26994087924377747,3.1010832930725575e-05,0.26994087746251383
1771334350697,0.26994087924377747,3.1010832930725575e-05,0.26994087746251383
1771334350698,0.26994087924377747,3.1010832930725575e-05,0.26994087746251383
1771334350699,0.26994087924377747,3.1010832930725575e-05,0.26994087746251383
1771334350700,0.26994087924377747,3.1010832930725575e-05,0.26994087746251383
1771334350701,0.26994087924377747,3.1010832930725575e-05,0.26994087746251383
1771334350703,0.26994087924377747,3.1010832930725575e-05,0.26994087746251383
1771334350704,0.26994087924377747,3.1010832930725575e-05,0.26994087746251383
1771334350705,0.26994087924377747,3.1010832930725575e-05,0.26994087746251383
1771334350706,0.26994087924377747,3.1010832930725575e-05,0.26994087746251383
1771334350707,0.26994087924377747,3.1010832930725575e-05,0.26994087746251383
1771334350709,0.26994087924377747,3.1010832930725575e-05,0.26994087746251383
1771334350710,0.26994087924377747,3.1010832930725575e-05,0.26994087746251383
1771334350711,0.26994087924377747,3.1010832930725575e-05,0.26994087746251383
1771334350712,0.26994087924377747,3.1010832930725575e-05,0.26994087746251383
1771334350713,0.26994087924377747,3.1010832930725575e-05,0.26994087746251383
1771334350715,0.26994087924377747,3.1010832930725575e-05,0.26994087746251383
1771334350716,0.26994087924377747,3.1010832930725575e-05,0.26994087746251383
1771334350717,0.26994087924377747,3.1010832930725575e-05,0.26994087746251383
1771334350718,0.26994087924377747,3.1010832930725575e-05,0.26994087746251383
1771334350719,0.26994087924377747,3.1010832930725575e-05,0.26994087746251383
1771334350721,0.26994087924377747,3.1010832930725575e-05,0.26994087746251383
1771334350722,0.26994087924377747,3.1010832930725575e-05,0.26994087746251383
1771334350723,0.26994087924377747,3.1010832930725575e-05,0.26994087746251383
1771334350724,0.26994087924377747,3.1010832930725575e-05,0.26994087746251383
1771334350725,0.26994087924377747,3.1010832930725575e-05,0.26994087746251383
1771334350727,0.26994087924377747,3.1010832930725575e-05,0.26994087746251383
1771334350728,0.26994087924377747,3.1010832930725575e-05,0.26994087746251383
1771334350729,0.26994087924377747,3.1010832930725575e-05,0.26994087746251383
1771334350730,0.26994087924377747,3.1010832930725575e-05,0.26994087746251383
1771334350731,0.26994087924377747,3.1010832930725575e-05,0.26994087746251383
1771334350733,0.26994087924377747,3.1010832930725575e-05,0.26994087746251383
1771334350734,0.26994087924377747,3.1010832930725575e-05,0.26994087746251383
1771334350735,0.26994087924377747,3.1010832930725575e-05,0.26994087746251383
1771334350736,0.26994087924377747,3.1010832930725575e-05,0.26994087746251383
1771334350737,0.26994087924377747,3.1010832930725575e-05,0.26994087746251383
1771334350739,0.26994087924377747,3.1010832930725575e-05,0.26994087746251383
1771334350740,0.26994087924377747,3.1010832930725575e-05,0.26994087746251383
1771334350741,0.26994087924377747,3.1010832930725575e-05,0.26994087746251383
1771334350742,0.26994087924377747,3.1010832930725575e-05,0.26994087746251383
1771334350744,0.26994087924377747,3.1010832930725575e-05,0.26994087746251383
1771334350745,0.26994087924377747,3.1010832930725575e-05,0.26994087746251383
1771334350746,0.26994087924377747,3.1010832930725575e-05,0.26994087746251383
1771334350747,0.26994087924377747,3.1010832930725575e-05,0.26994087746251383
1771334350748,0.26994087924377747,3.1010832930725575e-05,0.26994087746251383
1771334350750,0.26994087924377747,3.1010832930725575e-05,0.26994087746251383
1771334350751,0.26994087924377747,3.1010832930725575e-05,0.26994087746251383
1771334350752,0.26994087924377747,3.1010832930725575e-05,0.26994087746251383
1771334350753,0.26994087924377747,3.1010832930725575e-05,0.26994087746251383
1771334350754,0.26994087924377747,3.1010832930725575e-05,0.26994087746251383
1771334350756,0.26994087924377747,3.1010832930725575e-05,0.26994087746251383
1771334350757,0.26994087924377747,3.1010832930725575e-05,0.26994087746251383
1771334350758,0.26994087924377747,3.1010832930725575e-05,0.26994087746251383
1771334350759,0.26994087924377747,3.1010832930725575e-05,0.26994087746251383
1771334350760,0.26994087924377747,3.1010832930725575e-05,0.26994087746251383
1771334350762,0.26994087924377747,3.1010832930725575e-05,0.26994087746251383
1771334350763,0.26994087924377747,3.1010832930725575e-05,0.26994087746251383
1771334350764,0.26994087924377747,3.1010832930725575e-05,0.26994087746251383
1771334350765,0.26994087924377747,3.1010832930725575e-05,0.26994087746251383
1771334350766,0.26994087924377747,3.1010832930725575e-05,0.26994087746251383
1771334350768,0.26994087924377747,3.1010832930725575e-05,0.26994087746251383
1771334350769,0.26994087924377747,3.1010832930725575e-05,0.26994087746251383
1771334350770,0.26994087924377747,3.1010832930725575e-05,0.26994087746251383
1771334350771,0.26994087924377747,3.1010832930725575e-05,0.26994087746251383
1771334350772,0.26994087924377747,3.1010832930725575e-05,0.26994087746251383
1771334350774,0.26994087924377747,3.1010832930725575e-05,0.26994087746251383
1771334350775,0.26994087924377747,3.1010832930725575e-05,0.26994087746251383
1771334350776,0.26994087924377747,3.1010832930725575e-05,0.26994087746251383
1771334350777,0.26994087924377747,3.1010832930725575e-05,0.26994087746251383
1771334350779,0.26994087924377747,3.1010832930725575e-05,0.26994087746251383
1771334350780,0.26994087924377747,3.1010832930725575e-05,0.26994087746251383
1771334350781,0.26994087924377747,3.1010832930725575e-05,0.26994087746251383
1771334350782,0.26994087924377747,3.1010832930725575e-05,0.26994087746251383
1771334350783,0.26994087924377747,3.1010832930725575e-05,0.26994087746251383
1771334350785,0.26994087924377747,3.1010832930725575e-05,0.26994087746251383
1771334350786,0.26994087924377747,3.1010832930725575e-05,0.26994087746251383
1771334350787,0.26994087924377747,3.1010832930725575e-05,0.26994087746251383
1771334350788,0.26994087924377747,3.1010832930725575e-05,0.26994087746251383
1771334350789,0.26994087924377747,3.1010832930725575e-05,0.26994087746251383
1771334350791,0.26994087924377747,3.1010832930725575e-05,0.26994087746251383
1771334350792,0.26994087924377747,3.1010832930725575e-05,0.26994087746251383
1771334350793,0.26994087924377747,3.1010832930725575e-05,0.26994087746251383
1771334350794,0.26994087924377747,3.1010832930725575e-05,0.26994087746251383
1771334350796,0.26994087924377747,3.1010832930725575e-05,0.26994087746251383
1771334350797,0.26994087924377747,3.1010832930725575e-05,0.26994087746251383
1771334350798,0.26994087924377747,3.1010832930725575e-05,0.26994087746251383
1771334350799,0.26994087924377747,3.1010832930725575e-05,0.26994087746251383
1771334350800,0.26994087924377747,3.1010832930725575e-05,0.26994087746251383
1771334350802,0.26994087924377747,3.1010832930725575e-05,0.26994087746251383
1771334350803,0.26994087924377747,3.1010832930725575e-05,0.26994087746251383
1771334350804,0.26994087924377747,3.1010832930725575e-05,0.26994087746251383
1771334350805,0.26994087924377747,3.1010832930725575e-05,0.26994087746251383
1771334350806,0.26994087924377747,3.1010832930725575e-05,0.26994087746251383
1771334350808,0.26994087924377747,3.1010832930725575e-05,0.26994087746251383
1771334350809,0.26994087924377747,3.1010832930725575e-05,0.26994087746251383
1771334350810,0.26994087924377747,3.1010832930725575e-05,0.26994087746251383
1771334350811,0.26994087924377747,3.1010832930725575e-05,0.26994087746251383
1771334350813,0.26994087924377747,3.1010832930725575e-05,0.26994087746251383
1771334350814,0.26994087924377747,3.1010832930725575e-05,0.26994087746251383
1771334350815,0.26994087924377747,3.1010832930725575e-05,0.26994087746251383
1771334350816,0.26994087924377747,3.1010832930725575e-05,0.26994087746251383
1771334350817,0.26994087924377747,3.1010832930725575e-05,0.26994087746251383
1771334350819,0.26994087924377747,3.1010832930725575e-05,0.26994087746251383
1771334350820,0.26994087924377747,3.1010832930725575e-05,0.26994087746251383
1771334350821,0.26994087924377747,3.1010832930725575e-05,0.26994087746251383
1771334350822,0.26994087924377747,3.1010832930725575e-05,0.26994087746251383
1771334350824,0.26994087924377747,3.1010832930725575e-05,0.26994087746251383
1771334350825,0.26994087924377747,3.1010832930725575e-05,0.26994087746251383
1771334350826,0.26994087924377747,3.1010832930725575e-05,0.26994087746251383
1771334350827,0.26994087924377747,3.1010832930725575e-05,0.26994087746251383
1771334350828,0.26994087924377747,3.1010832930725575e-05,0.26994087746251383
1771334350830,0.26994087924377747,3.1010832930725575e-05,0.26994087746251383
1771334350831,0.26994087924377747,3.1010832930725575e-05,0.26994087746251383
1771334350832,0.26994087924377747,3.1010832930725575e-05,0.26994087746251383
1771334350833,0.26994087924377747,3.1010832930725575e-05,0.26994087746251383
1771334350834,0.26994087924377747,3.1010832930725575e-05,0.26994087746251383
1771334350836,0.26994087924377747,3.1010832930725575e-05,0.26994087746251383
1771334350837,0.26994087924377747,3.1010832930725575e-05,0.26994087746251383
1771334350838,0.26994087924377747,3.1010832930725575e-05,0.26994087746251383
1771334350839,0.26994087924377747,3.1010832930725575e-05,0.26994087746251383
1771334350841,0.26994087924377747,3.1010832930725575e-05,0.26994087746251383
1771334350842,0.26994087924377747,3.1010832930725575e-05,0.26994087746251383
1771334350843,0.26994087924377747,3.1010832930725575e-05,0.26994087746251383
1771334350844,0.26994087924377747,3.1010832930725575e-05,0.26994087746251383
1771334350845,0.26994087924377747,3.1010832930725575e-05,0.26994087746251383
1771334350846,0.26994087924377747,3.1010832930725575e-05,0.26994087746251383
1771334350848,0.26994087924377747,3.1010832930725575e-05,0.26994087746251383
1771334350849,0.26994087924377747,3.1010832930725575e-05,0.26994087746251383
1771334350850,0.26994087924377747,3.1010832930725575e-05,0.26994087746251383
1771334350851,0.26994087924377747,3.1010832930725575e-05,0.26994087746251383
1771334350852,0.26994087924377747,3.1010832930725575e-05,0.26994087746251383
1771334350854,0.26994087924377747,3.1010832930725575e-05,0.26994087746251383
1771334350855,0.26994087924377747,3.1010832930725575e-05,0.26994087746251383
1771334350857,7.23397170755394e-05,-1.8663446352051305e-05,-6.989070350792864e-05
1771334350858,0.2699715520714634,1.0046361204514512e-05,0.2699715518845374
1771334350859,0.2699715520714634,1.0046361204514512e-05,0.2699715518845374
1771334350861,0.2699715520714634,1.0046361204514512e-05,0.2699715518845374
1771334350862,0.2699715520714634,1.0046361204514512e-05,0.2699715518845374
1771334350863,0.2699715520714634,1.0046361204514512e-05,0.2699715518845374
1771334350865,1.8734181972802195,-1.2221449309209174,1.4198793997114592
1771334350866,1.8734181972802195,-1.2221449309209174,1.4198793997114592
1771334350868,1.8734181972802195,-1.2221449309209174,1.4198793997114592
1771334350869,1.8734181972802195,-1.2221449309209174,1.4198793997114592
1771334350871,1.8734181972802195,-1.2221449309209174,1.4198793997114592
1771334350872,1.8734181972802195,-1.2221449309209174,1.4198793997114592
1771334350874,1.8734181972802195,-1.2221449309209174,1.4198793997114592
1771334350875,1.8734181972802195,-1.2221449309209174,1.4198793997114592
1771334350877,1.8734181972802195,-1.2221449309209174,1.4198793997114592
1771334350878,1.8734181972802195,-1.2221449309209174,1.4198793997114592
1771334350880,1.8734181972802195,-1.2221449309209174,1.4198793997114592
1771334350881,1.8734181972802195,-1.2221449309209174,1.4198793997114592
1771334350883,1.8734181972802195,-1.2221449309209174,1.4198793997114592
1771334350884,1.8734181972802195,-1.2221449309209174,1.4198793997114592
1771334350886,1.8734181972802195,-1.2221449309209174,1.4198793997114592
1771334350887,1.8734181972802195,-1.2221449309209174,1.4198793997114592
1771334350889,1.8734181972802195,-1.2221449309209174,1.4198793997114592
1771334350890,1.8734181972802195,-1.2221449309209174,1.4198793997114592
1771334350892,1.8734181972802195,-1.2221449309209174,1.4198793997114592
1771334350893,1.8734181972802195,-1.2221449309209174,1.4198793997114592
1771334350895,1.8734181972802195,-1.2221449309209174,1.4198793997114592
1771334350896,1.8734181972802195,-1.2221449309209174,1.4198793997114592
1771334350898,1.8734181972802195,-1.2221449309209174,1.4198793997114592
1771334350899,1.8734181972802195,-1.2221449309209174,1.4198793997114592
1771334350901,1.8734181972802195,-1.2221449309209174,1.4198793997114592
1771334350902,1.8734181972802195,-1.2221449309209174,1.4198793997114592
1771334350904,1.8734181972802195,-1.2221449309209174,1.4198793997114592
1771334350905,1.8734181972802195,-1.2221449309209174,1.4198793997114592
1771334350907,1.8734181972802195,-1.2221449309209174,1.4198793997114592
1771334350908,1.8734181972802195,-1.2221449309209174,1.4198793997114592
1771334350910,1.8734181972802195,-1.2221449309209174,1.4198793997114592
1771334350911,1.8734181972802195,-1.2221449309209174,1.4198793997114592
1771334350913,1.8734181972802195,-1.2221449309209174,1.4198793997114592
1771334350914,1.8734181972802195,-1.2221449309209174,1.4198793997114592
1771334350916,1.8734181972802195,-1.2221449309209174,1.4198793997114592
1771334350917,1.8734181972802195,-1.2221449309209174,1.4198793997114592
1771334350919,1.8734181972802195,-1.2221449309209174,1.4198793997114592
1771334350920,1.8734181972802195,-1.2221449309209174,1.4198793997114592
1771334350922,1.8734181972802195,-1.2221449309209174,1.4198793997114592
1771334350924,1.8734181972802195,-1.2221449309209174,1.4198793997114592
1771334350925,1.8734181972802195,-1.2221449309209174,1.4198793997114592
1771334350927,1.8734181972802195,-1.2221449309209174,1.4198793997114592
1771334350928,1.8734181972802195,-1.2221449309209174,1.4198793997114592
1771334350930,1.8734181972802195,-1.2221449309209174,1.4198793997114592
1771334350931,1.8734181972802195,-1.2221449309209174,1.4198793997114592
1771334350933,1.8734181972802195,-1.2221449309209174,1.4198793997114592
1771334350934,1.8734181972802195,-1.2221449309209174,1.4198793997114592
1771334350936,1.8734181972802195,-1.2221449309209174,1.4198793997114592
1771334350937,1.8734181972802195,-1.2221449309209174,1.4198793997114592
1771334350938,1.8734181972802195,-1.2221449309209174,1.4198793997114592
1771334350940,1.8734181972802195,-1.2221449309209174,1.4198793997114592
1771334350942,1.8734181972802195,-1.2221449309209174,1.4198793997114592
1771334350943,1.8734181972802195,-1.2221449309209174,1.4198793997114592
1771334350945,1.8734181972802195,-1.2221449309209174,1.4198793997114592
1771334350946,1.8734181972802195,-1.2221449309209174,1.4198793997114592
1771334350948,1.8734181972802195,-1.2221449309209174,1.4198793997114592
1771334350949,1.8734181972802195,-1.2221449309209174,1.4198793997114592
1771334350951,1.8734181972802195,-1.2221449309209174,1.4198793997114592
1771334350952,1.8734181972802195,-1.2221449309209174,1.4198793997114592
1771334350954,1.8734181972802195,-1.2221449309209174,1.4198793997114592
1771334350955,1.8734181972802195,-1.2221449309209174,1.4198793997114592
1771334350957,1.8734181972802195,-1.2221449309209174,1.4198793997114592
1771334350958,1.8734181972802195,-1.2221449309209174,1.4198793997114592
1771334350960,1.8734181972802195,-1.2221449309209174,1.4198793997114592
1771334350961,1.8734181972802195,-1.2221449309209174,1.4198793997114592
1771334350963,1.8734181972802195,-1.2221449309209174,1.4198793997114592
1771334350964,1.8734181972802195,-1.2221449309209174,1.4198793997114592
1771334350966,1.8734181972802195,-1.2221449309209174,1.4198793997114592
1771334350967,1.8734181972802195,-1.2221449309209174,1.4198793997114592
1771334350969,1.8734181972802195,-1.2221449309209174,1.4198793997114592
1771334350970,1.8734181972802195,-1.2221449309209174,1.4198793997114592
1771334350972,1.8734181972802195,-1.2221449309209174,1.4198793997114592
1771334350973,1.8734181972802195,-1.2221449309209174,1.4198793997114592
1771334350975,1.8734181972802195,-1.2221449309209174,1.4198793997114592
1771334350976,1.8734181972802195,-1.2221449309209174,1.4198793997114592
1771334350978,1.8734181972802195,-1.2221449309209174,1.4198793997114592
1771334350979,1.8734181972802195,-1.2221449309209174,1.4198793997114592
1771334350981,1.8734181972802195,-1.2221449309209174,1.4198793997114592
1771334350982,1.8734181972802195,-1.2221449309209174,1.4198793997114592
1771334350984,1.8734181972802195,-1.2221449309209174,1.4198793997114592
1771334350985,1.8734181972802195,-1.2221449309209174,1.4198793997114592
1771334350987,1.85589383052582,-1.163162923728954,1.446165247489412
1771334350988,1.85589383052582,-1.163162923728954,1.446165247489412
1771334350990,1.85589383052582,-1.163162923728954,1.446165247489412
1771334350991,1.85589383052582,-1.163162923728954,1.446165247489412
1771334350993,1.85589383052582,-1.163162923728954,1.446165247489412
1771334350994,1.85589383052582,-1.163162923728954,1.446165247489412
1771334350996,1.85589383052582,-1.163162923728954,1.446165247489412
1771334350997,1.85589383052582,-1.163162923728954,1.446165247489412
1771334350999,1.85589383052582,-1.163162923728954,1.446165247489412
1771334351000,1.85589383052582,-1.163162923728954,1.446165247489412
1771334351002,1.85589383052582,-1.163162923728954,1.446165247489412
1771334351003,1.85589383052582,-1.163162923728954,1.446165247489412
1771334351005,1.85589383052582,-1.163162923728954,1.446165247489412
1771334351006,1.85589383052582,-1.163162923728954,1.446165247489412
1771334351008,1.85589383052582,-1.163162923728954,1.446165247489412
1771334351009,1.85589383052582,-1.163162923728954,1.446165247489412
1771334351011,1.85589383052582,-1.163162923728954,1.446165247489412
1771334351012,1.85589383052582,-1.163162923728954,1.446165247489412
1771334351014,1.85589383052582,-1.163162923728954,1.446165247489412
1771334351015,1.85589383052582,-1.163162923728954,1.446165247489412
1771334351017,1.85589383052582,-1.163162923728954,1.446165247489412
1771334351018,1.85589383052582,-1.163162923728954,1.446165247489412
1771334351020,1.85589383052582,-1.163162923728954,1.446165247489412
1771334351021,1.85589383052582,-1.163162923728954,1.446165247489412
1771334351023,1.85589383052582,-1.163162923728954,1.446165247489412
1771334351024,1.85589383052582,-1.163162923728954,1.446165247489412
1771334351026,1.85589383052582,-1.163162923728954,1.446165247489412
1771334351027,1.85589383052582,-1.163162923728954,1.446165247489412
1771334351029,1.85589383052582,-1.163162923728954,1.446165247489412
1771334351030,1.85589383052582,-1.163162923728954,1.446165247489412
1771334351032,1.85589383052582,-1.163162923728954,1.446165247489412
1771334351033,1.85589383052582,-1.163162923728954,1.446165247489412
1771334351035,1.85589383052582,-1.163162923728954,1.446165247489412
1771334351036,1.85589383052582,-1.163162923728954,1.446165247489412
1771334351038,1.85589383052582,-1.163162923728954,1.446165247489412
1771334351039,1.85589383052582,-1.163162923728954,1.446165247489412
1771334351041,1.85589383052582,-1.163162923728954,1.446165247489412
1771334351042,1.85589383052582,-1.163162923728954,1.446165247489412
1771334351044,1.85589383052582,-1.163162923728954,1.446165247489412
1771334351045,1.85589383052582,-1.163162923728954,1.446165247489412
1771334351047,1.85589383052582,-1.163162923728954,1.446165247489412
1771334351048,1.85589383052582,-1.163162923728954,1.446165247489412
1771334351050,1.85589383052582,-1.163162923728954,1.446165247489412
1771334351051,1.85589383052582,-1.163162923728954,1.446165247489412
1771334351053,1.85589383052582,-1.163162923728954,1.446165247489412
1771334351054,1.85589383052582,-1.163162923728954,1.446165247489412
1771334351056,1.85589383052582,-1.163162923728954,1.446165247489412
1771334351057,1.85589383052582,-1.163162923728954,1.446165247489412
1771334351059,1.85589383052582,-1.163162923728954,1.446165247489412
1771334351060,1.85589383052582,-1.163162923728954,1.446165247489412
1771334351062,1.85589383052582,-1.163162923728954,1.446165247489412
1771334351063,1.85589383052582,-1.163162923728954,1.446165247489412
1771334351065,1.85589383052582,-1.163162923728954,1.446165247489412
1771334351066,1.85589383052582,-1.163162923728954,1.446165247489412
1771334351068,1.85589383052582,-1.163162923728954,1.446165247489412
1771334351069,1.85589383052582,-1.163162923728954,1.446165247489412
1771334351071,1.85589383052582,-1.163162923728954,1.446165247489412
1771334351072,1.85589383052582,-1.163162923728954,1.446165247489412
1771334351074,1.85589383052582,-1.163162923728954,1.446165247489412
1771334351075,1.85589383052582,-1.163162923728954,1.446165247489412
1771334351077,1.85589383052582,-1.163162923728954,1.446165247489412
1771334351078,1.85589383052582,-1.163162923728954,1.446165247489412
1771334351080,1.85589383052582,-1.163162923728954,1.446165247489412
1771334351081,1.85589383052582,-1.163162923728954,1.446165247489412
1771334351083,1.85589383052582,-1.163162923728954,1.446165247489412
1771334351084,1.85589383052582,-1.163162923728954,1.446165247489412
1771334351091,1.85589383052582,-1.163162923728954,1.446165247489412
1771334351097,1.85589383052582,-1.163162923728954,1.446165247489412
1771334351100,1.85589383052582,-1.163162923728954,1.446165247489412
1771334351101,1.85589383052582,-1.163162923728954,1.446165247489412
1771334351107,1.85589383052582,-1.163162923728954,1.446165247489412
1771334351112,1.85589383052582,-1.163162923728954,1.446165247489412
1771334351114,1.85589383052582,-1.163162923728954,1.446165247489412
1771334351116,1.85589383052582,-1.163162923728954,1.446165247489412
1771334351118,1.85589383052582,-1.163162923728954,1.446165247489412
1771334351123,1.85589383052582,-1.163162923728954,1.446165247489412
1771334351125,1.85589383052582,-1.163162923728954,1.446165247489412
1771334351126,1.85589383052582,-1.163162923728954,1.446165247489412
1771334351128,1.85589383052582,-1.163162923728954,1.446165247489412
1771334351129,1.85589383052582,-1.163162923728954,1.446165247489412
1771334351131,1.85589383052582,-1.163162923728954,1.446165247489412
1771334351132,1.85589383052582,-1.163162923728954,1.446165247489412
1771334351134,1.85589383052582,-1.163162923728954,1.446165247489412
1771334351135,1.85589383052582,-1.163162923728954,1.446165247489412
1771334351137,1.85589383052582,-1.163162923728954,1.446165247489412
1771334351138,1.85589383052582,-1.163162923728954,1.446165247489412
1771334351140,1.85589383052582,-1.163162923728954,1.446165247489412
1771334351142,1.85589383052582,-1.163162923728954,1.446165247489412
1771334351143,1.85589383052582,-1.163162923728954,1.446165247489412
1771334351144,1.85589383052582,-1.163162923728954,1.446165247489412
1771334351146,1.85589383052582,-1.163162923728954,1.446165247489412
1771334351148,1.85589383052582,-1.163162923728954,1.446165247489412
1771334351149,1.85589383052582,-1.163162923728954,1.446165247489412
1771334351150,1.85589383052582,-1.163162923728954,1.446165247489412
1771334351152,1.85589383052582,-1.163162923728954,1.446165247489412
1771334351154,1.85589383052582,-1.163162923728954,1.446165247489412
1771334351155,1.85589383052582,-1.163162923728954,1.446165247489412
1771334351157,1.85589383052582,-1.163162923728954,1.446165247489412
1771334351158,1.85589383052582,-1.163162923728954,1.446165247489412
1771334351160,1.85589383052582,-1.163162923728954,1.446165247489412
1771334351161,1.85589383052582,-1.163162923728954,1.446165247489412
1771334351163,1.85589383052582,-1.163162923728954,1.446165247489412
1771334351164,1.85589383052582,-1.163162923728954,1.446165247489412
1771334351166,1.85589383052582,-1.163162923728954,1.446165247489412
1771334351167,1.85589383052582,-1.163162923728954,1.446165247489412
1771334351169,1.85589383052582,-1.163162923728954,1.446165247489412
1771334351170,1.85589383052582,-1.163162923728954,1.446165247489412
1771334351171,1.85589383052582,-1.163162923728954,1.446165247489412
1771334351173,1.85589383052582,-1.163162923728954,1.446165247489412
1771334351174,1.85589383052582,-1.163162923728954,1.446165247489412
1771334351176,1.85589383052582,-1.163162923728954,1.446165247489412
1771334351177,1.85589383052582,-1.163162923728954,1.446165247489412
1771334351179,1.85589383052582,-1.163162923728954,1.446165247489412
1771334351180,1.85589383052582,-1.163162923728954,1.446165247489412
1771334351182,1.85589383052582,-1.163162923728954,1.446165247489412
1771334351183,1.85589383052582,-1.163162923728954,1.446165247489412
1771334351185,1.85589383052582,-1.163162923728954,1.446165247489412
1771334351186,1.85589383052582,-1.163162923728954,1.446165247489412
1771334351188,1.85589383052582,-1.163162923728954,1.446165247489412
1771334351190,1.85589383052582,-1.163162923728954,1.446165247489412
1771334351191,1.85589383052582,-1.163162923728954,1.446165247489412
1771334351193,1.85589383052582,-1.163162923728954,1.446165247489412
1771334351194,1.85589383052582,-1.163162923728954,1.446165247489412
1771334351196,1.85589383052582,-1.163162923728954,1.446165247489412
1771334351197,1.85589383052582,-1.163162923728954,1.446165247489412
1771334351198,1.85589383052582,-1.163162923728954,1.446165247489412
1771334351200,1.85589383052582,-1.163162923728954,1.446165247489412
1771334351202,1.85589383052582,-1.163162923728954,1.446165247489412
1771334351203,1.85589383052582,-1.163162923728954,1.446165247489412
1771334351205,1.85589383052582,-1.163162923728954,1.446165247489412
1771334351206,1.85589383052582,-1.163162923728954,1.446165247489412
1771334351208,1.85589383052582,-1.163162923728954,1.446165247489412
1771334351209,1.85589383052582,-1.163162923728954,1.446165247489412
1771334351211,1.85589383052582,-1.163162923728954,1.446165247489412
1771334351212,1.85589383052582,-1.163162923728954,1.446165247489412
1771334351214,1.85589383052582,-1.163162923728954,1.446165247489412
1771334351215,1.85589383052582,-1.163162923728954,1.446165247489412
1771334351217,1.85589383052582,-1.163162923728954,1.446165247489412
1771334351218,1.85589383052582,-1.163162923728954,1.446165247489412
1771334351220,1.85589383052582,-1.163162923728954,1.446165247489412
1771334351221,1.85589383052582,-1.163162923728954,1.446165247489412
1771334351223,1.85589383052582,-1.163162923728954,1.446165247489412
1771334351224,1.85589383052582,-1.163162923728954,1.446165247489412
1771334351226,1.85589383052582,-1.163162923728954,1.446165247489412
1771334351227,1.85589383052582,-1.163162923728954,1.446165247489412
1771334351229,1.85589383052582,-1.163162923728954,1.446165247489412
1771334351230,1.85589383052582,-1.163162923728954,1.446165247489412
1771334351232,1.85589383052582,-1.163162923728954,1.446165247489412
1771334351233,1.85589383052582,-1.163162923728954,1.446165247489412
1771334351235,1.85589383052582,-1.163162923728954,1.446165247489412
1771334351236,1.85589383052582,-1.163162923728954,1.446165247489412
1771334351238,1.85589383052582,-1.163162923728954,1.446165247489412
1771334351239,1.85589383052582,-1.163162923728954,1.446165247489412
1771334351241,1.85589383052582,-1.163162923728954,1.446165247489412
1771334351242,1.85589383052582,-1.163162923728954,1.446165247489412
1771334351244,1.85589383052582,-1.163162923728954,1.446165247489412
1771334351245,1.85589383052582,-1.163162923728954,1.446165247489412
1771334351247,1.85589383052582,-1.163162923728954,1.446165247489412
1771334351248,1.85589383052582,-1.163162923728954,1.446165247489412
1771334351250,1.85589383052582,-1.163162923728954,1.446165247489412
1771334351251,1.85589383052582,-1.163162923728954,1.446165247489412
1771334351253,1.85589383052582,-1.163162923728954,1.446165247489412
1771334351254,1.85589383052582,-1.163162923728954,1.446165247489412
1771334351256,1.85589383052582,-1.163162923728954,1.446165247489412
1771334351257,1.85589383052582,-1.163162923728954,1.446165247489412
1771334351259,1.85589383052582,-1.163162923728954,1.446165247489412
1771334351260,1.85589383052582,-1.163162923728954,1.446165247489412
1771334351262,1.85589383052582,-1.163162923728954,1.446165247489412
1771334351263,1.85589383052582,-1.163162923728954,1.446165247489412
1771334351265,1.85589383052582,-1.163162923728954,1.446165247489412
1771334351266,1.85589383052582,-1.163162923728954,1.446165247489412
1771334351268,1.85589383052582,-1.163162923728954,1.446165247489412
1771334351269,1.85589383052582,-1.163162923728954,1.446165247489412
1771334351270,1.85589383052582,-1.163162923728954,1.446165247489412
1771334351272,1.85589383052582,-1.163162923728954,1.446165247489412
1771334351274,1.85589383052582,-1.163162923728954,1.446165247489412
1771334351275,1.85589383052582,-1.163162923728954,1.446165247489412
1771334351277,1.85589383052582,-1.163162923728954,1.446165247489412
1771334351278,1.85589383052582,-1.163162923728954,1.446165247489412
1771334351280,1.85589383052582,-1.163162923728954,1.446165247489412
1771334351281,1.85589383052582,-1.163162923728954,1.446165247489412
1771334351283,1.85589383052582,-1.163162923728954,1.446165247489412
1771334351284,1.85589383052582,-1.163162923728954,1.446165247489412
1771334351286,1.85589383052582,-1.163162923728954,1.446165247489412
1771334351287,1.85589383052582,-1.163162923728954,1.446165247489412
1771334351289,1.85589383052582,-1.163162923728954,1.446165247489412
1771334351290,1.85589383052582,-1.163162923728954,1.446165247489412
1771334351292,1.85589383052582,-1.163162923728954,1.446165247489412
1771334351293,1.85589383052582,-1.163162923728954,1.446165247489412
1771334351295,1.85589383052582,-1.163162923728954,1.446165247489412
1771334351296,1.85589383052582,-1.163162923728954,1.446165247489412
1771334351298,1.85589383052582,-1.163162923728954,1.446165247489412
1771334351299,1.85589383052582,-1.163162923728954,1.446165247489412
1771334351301,1.85589383052582,-1.163162923728954,1.446165247489412
1771334351303,1.85589383052582,-1.163162923728954,1.446165247489412
1771334351304,1.86335957788094,-1.1895645476696879,1.4342402530287754
1771334351306,1.86335957788094,-1.1895645476696879,1.4342402530287754
1771334351307,1.86335957788094,-1.1895645476696879,1.4342402530287754
1771334351309,1.86335957788094,-1.1895645476696879,1.4342402530287754
1771334351310,1.86335957788094,-1.1895645476696879,1.4342402530287754
1771334351312,1.86335957788094,-1.1895645476696879,1.4342402530287754
1771334351313,1.86335957788094,-1.1895645476696879,1.4342402530287754
1771334351315,1.86335957788094,-1.1895645476696879,1.4342402530287754
1771334351316,1.86335957788094,-1.1895645476696879,1.4342402530287754
1771334351318,1.86335957788094,-1.1895645476696879,1.4342402530287754
1771334351319,1.86335957788094,-1.1895645476696879,1.4342402530287754
1771334351321,1.86335957788094,-1.1895645476696879,1.4342402530287754
1771334351322,1.86335957788094,-1.1895645476696879,1.4342402530287754
1771334351324,1.86335957788094,-1.1895645476696879,1.4342402530287754
1771334351325,1.86335957788094,-1.1895645476696879,1.4342402530287754
1771334351327,1.86335957788094,-1.1895645476696879,1.4342402530287754
1771334351328,1.86335957788094,-1.1895645476696879,1.4342402530287754
1771334351330,1.86335957788094,-1.1895645476696879,1.4342402530287754
1771334351331,1.86335957788094,-1.1895645476696879,1.4342402530287754
1771334351333,1.86335957788094,-1.1895645476696879,1.4342402530287754
1771334351334,1.86335957788094,-1.1895645476696879,1.4342402530287754
1771334351336,1.86335957788094,-1.1895645476696879,1.4342402530287754
1771334351337,1.86335957788094,-1.1895645476696879,1.4342402530287754
1771334351339,1.86335957788094,-1.1895645476696879,1.4342402530287754
1771334351340,1.86335957788094,-1.1895645476696879,1.4342402530287754
1771334351342,1.86335957788094,-1.1895645476696879,1.4342402530287754
1771334351343,1.86335957788094,-1.1895645476696879,1.4342402530287754
1771334351345,1.86335957788094,-1.1895645476696879,1.4342402530287754
1771334351346,1.86335957788094,-1.1895645476696879,1.4342402530287754
1771334351348,1.86335957788094,-1.1895645476696879,1.4342402530287754
1771334351349,1.86335957788094,-1.1895645476696879,1.4342402530287754
1771334351350,1.86335957788094,-1.1895645476696879,1.4342402530287754
1771334351352,1.86335957788094,-1.1895645476696879,1.4342402530287754
1771334351353,1.86335957788094,-1.1895645476696879,1.4342402530287754
1771334351355,1.86335957788094,-1.1895645476696879,1.4342402530287754
1771334351356,1.86335957788094,-1.1895645476696879,1.4342402530287754
1771334351358,1.86335957788094,-1.1895645476696879,1.4342402530287754
1771334351359,1.86335957788094,-1.1895645476696879,1.4342402530287754
1771334351361,1.86335957788094,-1.1895645476696879,1.4342402530287754
1771334351362,1.86335957788094,-1.1895645476696879,1.4342402530287754
1771334351364,1.86335957788094,-1.1895645476696879,1.4342402530287754
1771334351365,1.86335957788094,-1.1895645476696879,1.4342402530287754
1771334351367,1.86335957788094,-1.1895645476696879,1.4342402530287754
1771334351368,1.86335957788094,-1.1895645476696879,1.4342402530287754
1771334351370,1.86335957788094,-1.1895645476696879,1.4342402530287754
1771334351371,1.86335957788094,-1.1895645476696879,1.4342402530287754
1771334351373,1.86335957788094,-1.1895645476696879,1.4342402530287754
1771334351374,1.86335957788094,-1.1895645476696879,1.4342402530287754
1771334351376,1.86335957788094,-1.1895645476696879,1.4342402530287754
1771334351377,1.86335957788094,-1.1895645476696879,1.4342402530287754
1771334351379,1.86335957788094,-1.1895645476696879,1.4342402530287754
1771334351380,1.86335957788094,-1.1895645476696879,1.4342402530287754
1771334351382,1.86335957788094,-1.1895645476696879,1.4342402530287754
1771334351383,1.86335957788094,-1.1895645476696879,1.4342402530287754
1771334351385,1.86335957788094,-1.1895645476696879,1.4342402530287754
1771334351386,1.86335957788094,-1.1895645476696879,1.4342402530287754
1771334351388,1.86335957788094,-1.1895645476696879,1.4342402530287754
1771334351389,1.86335957788094,-1.1895645476696879,1.4342402530287754
1771334351391,1.86335957788094,-1.1895645476696879,1.4342402530287754
1771334351392,1.86335957788094,-1.1895645476696879,1.4342402530287754
1771334351394,1.86335957788094,-1.1895645476696879,1.4342402530287754
1771334351395,1.86335957788094,-1.1895645476696879,1.4342402530287754
1771334351397,1.86335957788094,-1.1895645476696879,1.4342402530287754
1771334351398,1.86335957788094,-1.1895645476696879,1.4342402530287754
1771334351399,1.86335957788094,-1.1895645476696879,1.4342402530287754
1771334351401,1.86335957788094,-1.1895645476696879,1.4342402530287754
1771334351402,1.86335957788094,-1.1895645476696879,1.4342402530287754
1771334351404,1.86335957788094,-1.1895645476696879,1.4342402530287754
1771334351405,1.86335957788094,-1.1895645476696879,1.4342402530287754
1771334351407,1.86335957788094,-1.1895645476696879,1.4342402530287754
1771334351408,1.86335957788094,-1.1895645476696879,1.4342402530287754
1771334351410,1.86335957788094,-1.1895645476696879,1.4342402530287754
1771334351411,1.86335957788094,-1.1895645476696879,1.4342402530287754
1771334351413,1.86335957788094,-1.1895645476696879,1.4342402530287754
1771334351414,1.86335957788094,-1.1895645476696879,1.4342402530287754
1771334351416,1.86335957788094,-1.1895645476696879,1.4342402530287754
1771334351417,1.86335957788094,-1.1895645476696879,1.4342402530287754
1771334351419,1.86335957788094,-1.1895645476696879,1.4342402530287754
1771334351420,1.86335957788094,-1.1895645476696879,1.4342402530287754
1771334351422,1.86335957788094,-1.1895645476696879,1.4342402530287754
1771334351424,1.86335957788094,-1.1895645476696879,1.4342402530287754
1771334351425,1.86335957788094,-1.1895645476696879,1.4342402530287754
1771334351426,1.86335957788094,-1.1895645476696879,1.4342402530287754
1771334351428,1.86335957788094,-1.1895645476696879,1.4342402530287754
1771334351429,1.86335957788094,-1.1895645476696879,1.4342402530287754
1771334351431,1.86335957788094,-1.1895645476696879,1.4342402530287754
1771334351432,1.86335957788094,-1.1895645476696879,1.4342402530287754
1771334351434,1.86335957788094,-1.1895645476696879,1.4342402530287754
1771334351435,1.86335957788094,-1.1895645476696879,1.4342402530287754
1771334351437,1.86335957788094,-1.1895645476696879,1.4342402530287754
1771334351438,1.86335957788094,-1.1895645476696879,1.4342402530287754
1771334351440,1.86335957788094,-1.1895645476696879,1.4342402530287754
1771334351441,1.86335957788094,-1.1895645476696879,1.4342402530287754
1771334351443,1.86335957788094,-1.1895645476696879,1.4342402530287754
1771334351444,1.86335957788094,-1.1895645476696879,1.4342402530287754
1771334351446,1.86335957788094,-1.1895645476696879,1.4342402530287754
1771334351447,1.86335957788094,-1.1895645476696879,1.4342402530287754
1771334351449,1.86335957788094,-1.1895645476696879,1.4342402530287754
1771334351450,1.86335957788094,-1.1895645476696879,1.4342402530287754
1771334351452,1.86335957788094,-1.1895645476696879,1.4342402530287754
1771334351453,1.86335957788094,-1.1895645476696879,1.4342402530287754
1771334351455,1.8720229813139182,-1.1685684430805923,1.462503961158277
1771334351457,1.8668245621638195,-1.1517002841655963,1.4692244217106594
1771334351458,1.8668245621638195,-1.1517002841655963,1.4692244217106594
1771334351460,1.8668245621638195,-1.1517002841655963,1.4692244217106594
1771334351461,1.8668245621638195,-1.1517002841655963,1.4692244217106594
1771334351463,1.8668245621638195,-1.1517002841655963,1.4692244217106594
1771334351464,1.8668245621638195,-1.1517002841655963,1.4692244217106594
1771334351465,1.8668245621638195,-1.1517002841655963,1.4692244217106594
1771334351467,1.8668245621638195,-1.1517002841655963,1.4692244217106594
1771334351468,1.8668245621638195,-1.1517002841655963,1.4692244217106594
1771334351470,1.8668245621638195,-1.1517002841655963,1.4692244217106594
1771334351471,1.8668245621638195,-1.1517002841655963,1.4692244217106594
1771334351473,1.8668245621638195,-1.1517002841655963,1.4692244217106594
1771334351474,1.8668245621638195,-1.1517002841655963,1.4692244217106594
1771334351476,1.8668245621638195,-1.1517002841655963,1.4692244217106594
1771334351477,1.8668245621638195,-1.1517002841655963,1.4692244217106594
1771334351479,1.8668245621638195,-1.1517002841655963,1.4692244217106594
1771334351480,1.8668245621638195,-1.1517002841655963,1.4692244217106594
1771334351482,1.8668245621638195,-1.1517002841655963,1.4692244217106594
1771334351483,1.8668245621638195,-1.1517002841655963,1.4692244217106594
1771334351485,1.8668245621638195,-1.1517002841655963,1.4692244217106594
1771334351486,1.8668245621638195,-1.1517002841655963,1.4692244217106594
1771334351488,1.8668245621638195,-1.1517002841655963,1.4692244217106594
1771334351489,1.8668245621638195,-1.1517002841655963,1.4692244217106594
1771334351491,1.8668245621638195,-1.1517002841655963,1.4692244217106594
1771334351492,1.8668245621638195,-1.1517002841655963,1.4692244217106594
1771334351494,1.8668245621638195,-1.1517002841655963,1.4692244217106594
1771334351495,1.8668245621638195,-1.1517002841655963,1.4692244217106594
1771334351497,1.8668245621638195,-1.1517002841655963,1.4692244217106594
1771334351498,1.8668245621638195,-1.1517002841655963,1.4692244217106594
1771334351500,1.8668245621638195,-1.1517002841655963,1.4692244217106594
1771334351501,1.8668245621638195,-1.1517002841655963,1.4692244217106594
1771334351503,1.8668245621638195,-1.1517002841655963,1.4692244217106594
1771334351504,1.8668245621638195,-1.1517002841655963,1.4692244217106594
1771334351506,1.8668245621638195,-1.1517002841655963,1.4692244217106594
1771334351507,1.8668245621638195,-1.1517002841655963,1.4692244217106594
1771334351509,1.8668245621638195,-1.1517002841655963,1.4692244217106594
1771334351510,1.8668245621638195,-1.1517002841655963,1.4692244217106594
1771334351512,1.8668245621638195,-1.1517002841655963,1.4692244217106594
1771334351513,1.8668245621638195,-1.1517002841655963,1.4692244217106594
1771334351515,1.8668245621638195,-1.1517002841655963,1.4692244217106594
1771334351516,1.8668245621638195,-1.1517002841655963,1.4692244217106594
1771334351518,1.8668245621638195,-1.1517002841655963,1.4692244217106594
1771334351519,1.8668245621638195,-1.1517002841655963,1.4692244217106594
1771334351521,1.8668245621638195,-1.1517002841655963,1.4692244217106594
1771334351522,1.8668245621638195,-1.1517002841655963,1.4692244217106594
1771334351524,1.8668245621638195,-1.1517002841655963,1.4692244217106594
1771334351525,1.8668245621638195,-1.1517002841655963,1.4692244217106594
1771334351527,1.8668245621638195,-1.1517002841655963,1.4692244217106594
1771334351528,1.8668245621638195,-1.1517002841655963,1.4692244217106594
1771334351530,1.8668245621638195,-1.1517002841655963,1.4692244217106594
1771334351532,1.8668245621638195,-1.1517002841655963,1.4692244217106594
1771334351533,0.27041931910497874,-0.00023376670630554752,0.270419218063967
1771334351534,0.27041931910497874,-0.00023376670630554752,0.270419218063967
1771334351535,0.27041931910497874,-0.00023376670630554752,0.270419218063967
1771334351536,0.27041931910497874,-0.00023376670630554752,0.270419218063967
1771334351537,0.27041931910497874,-0.00023376670630554752,0.270419218063967
1771334351538,0.27041931910497874,-0.00023376670630554752,0.270419218063967
1771334351539,0.27041931910497874,-0.00023376670630554752,0.270419218063967
1771334351540,0.27041931910497874,-0.00023376670630554752,0.270419218063967
1771334351541,0.27041931910497874,-0.00023376670630554752,0.270419218063967
1771334351542,0.27041931910497874,-0.00023376670630554752,0.270419218063967
1771334351543,0.27041931910497874,-0.00023376670630554752,0.270419218063967
1771334351544,0.27041931910497874,-0.00023376670630554752,0.270419218063967
1771334351545,0.27041931910497874,-0.00023376670630554752,0.270419218063967
1771334351546,0.27041931910497874,-0.00023376670630554752,0.270419218063967
1771334351547,0.27041931910497874,-0.00023376670630554752,0.270419218063967
1771334351548,0.27041931910497874,-0.00023376670630554752,0.270419218063967
1771334351550,0.27041931910497874,-0.00023376670630554752,0.270419218063967
1771334351551,0.27041931910497874,-0.00023376670630554752,0.270419218063967
1771334351552,0.27041931910497874,-0.00023376670630554752,0.270419218063967
1771334351553,0.27041931910497874,-0.00023376670630554752,0.270419218063967
1771334351554,0.27041931910497874,-0.00023376670630554752,0.270419218063967
1771334351555,0.27041931910497874,-0.00023376670630554752,0.270419218063967
1771334351556,0.27041931910497874,-0.00023376670630554752,0.270419218063967
1771334351557,0.27041931910497874,-0.00023376670630554752,0.270419218063967
1771334351558,0.27041931910497874,-0.00023376670630554752,0.270419218063967
1771334351559,0.27041931910497874,-0.00023376670630554752,0.270419218063967
1771334351560,0.27041931910497874,-0.00023376670630554752,0.270419218063967
1771334351561,0.27041931910497874,-0.00023376670630554752,0.270419218063967
1771334351562,0.27041931910497874,-0.00023376670630554752,0.270419218063967
1771334351563,0.27041931910497874,-0.00023376670630554752,0.270419218063967
1771334351564,0.27041931910497874,-0.00023376670630554752,0.270419218063967
1771334351565,0.27041931910497874,-0.00023376670630554752,0.270419218063967
1771334351566,0.27041931910497874,-0.00023376670630554752,0.270419218063967
1771334351567,0.27041931910497874,-0.00023376670630554752,0.270419218063967
1771334351568,0.27041931910497874,-0.00023376670630554752,0.270419218063967
1771334351569,0.27041931910497874,-0.00023376670630554752,0.270419218063967
1771334351570,0.27041931910497874,-0.00023376670630554752,0.270419218063967
1771334351571,0.27041931910497874,-0.00023376670630554752,0.270419218063967
1771334351573,0.27041931910497874,-0.00023376670630554752,0.270419218063967
1771334351574,0.27041931910497874,-0.00023376670630554752,0.270419218063967
1771334351575,0.27041931910497874,-0.00023376670630554752,0.270419218063967
1771334351576,0.27041931910497874,-0.00023376670630554752,0.270419218063967
1771334351577,0.27041931910497874,-0.00023376670630554752,0.270419218063967
1771334351578,0.27041931910497874,-0.00023376670630554752,0.270419218063967
1771334351579,0.27041931910497874,-0.00023376670630554752,0.270419218063967
1771334351580,0.27041931910497874,-0.00023376670630554752,0.270419218063967
1771334351581,0.27041931910497874,-0.00023376670630554752,0.270419218063967
1771334351582,0.27041931910497874,-0.00023376670630554752,0.270419218063967
1771334351583,0.27041931910497874,-0.00023376670630554752,0.270419218063967
1771334351584,0.27041931910497874,-0.00023376670630554752,0.270419218063967
1771334351585,0.27041931910497874,-0.00023376670630554752,0.270419218063967
1771334351586,0.27041931910497874,-0.00023376670630554752,0.270419218063967
1771334351587,0.27041931910497874,-0.00023376670630554752,0.270419218063967
1771334351588,0.27041931910497874,-0.00023376670630554752,0.270419218063967
1771334351590,0.27041931910497874,-0.00023376670630554752,0.270419218063967
1771334351591,0.2713822622721155,-0.0007780412747046416,0.27138114696438687
1771334351592,0.2713822622721155,-0.0007780412747046416,0.27138114696438687
1771334351592,0.2713822622721155,-0.0007780412747046416,0.27138114696438687
1771334351593,0.2713822622721155,-0.0007780412747046416,0.27138114696438687
1771334351594,0.2713822622721155,-0.0007780412747046416,0.27138114696438687
1771334351595,0.2713822622721155,-0.0007780412747046416,0.27138114696438687
1771334351596,0.2713822622721155,-0.0007780412747046416,0.27138114696438687
1771334351597,0.2713822622721155,-0.0007780412747046416,0.27138114696438687
1771334351598,0.2713822622721155,-0.0007780412747046416,0.27138114696438687
1771334351599,0.2713822622721155,-0.0007780412747046416,0.27138114696438687
1771334351599,0.2713822622721155,-0.0007780412747046416,0.27138114696438687
1771334351600,0.2713822622721155,-0.0007780412747046416,0.27138114696438687
1771334351601,0.2713822622721155,-0.0007780412747046416,0.27138114696438687
1771334351602,0.2713822622721155,-0.0007780412747046416,0.27138114696438687
1771334351603,0.2713822622721155,-0.0007780412747046416,0.27138114696438687
1771334351604,0.2713822622721155,-0.0007780412747046416,0.27138114696438687
1771334351605,0.2713822622721155,-0.0007780412747046416,0.27138114696438687
1771334351606,0.2713822622721155,-0.0007780412747046416,0.27138114696438687
1771334351607,0.2713822622721155,-0.0007780412747046416,0.27138114696438687
1771334351607,0.2713822622721155,-0.0007780412747046416,0.27138114696438687
1771334351608,0.2713822622721155,-0.0007780412747046416,0.27138114696438687
1771334351609,0.2713822622721155,-0.0007780412747046416,0.27138114696438687
1771334351610,0.2713822622721155,-0.0007780412747046416,0.27138114696438687
1771334351611,0.2713822622721155,-0.0007780412747046416,0.27138114696438687
1771334351612,0.2713822622721155,-0.0007780412747046416,0.27138114696438687
1771334351613,0.2713822622721155,-0.0007780412747046416,0.27138114696438687
1771334351613,0.2713822622721155,-0.0007780412747046416,0.27138114696438687
1771334351614,0.2713822622721155,-0.0007780412747046416,0.27138114696438687
1771334351615,0.2713822622721155,-0.0007780412747046416,0.27138114696438687
1771334351616,0.2713822622721155,-0.0007780412747046416,0.27138114696438687
1771334351617,0.2713822622721155,-0.0007780412747046416,0.27138114696438687
1771334351618,0.2713822622721155,-0.0007780412747046416,0.27138114696438687
1771334351619,0.2713822622721155,-0.0007780412747046416,0.27138114696438687
1771334351620,0.2713822622721155,-0.0007780412747046416,0.27138114696438687
1771334351620,0.2713822622721155,-0.0007780412747046416,0.27138114696438687
1771334351621,0.2713822622721155,-0.0007780412747046416,0.27138114696438687
1771334351622,0.2713822622721155,-0.0007780412747046416,0.27138114696438687
1771334351623,0.2713822622721155,-0.0007780412747046416,0.27138114696438687
1771334351624,0.2713822622721155,-0.0007780412747046416,0.27138114696438687
1771334351625,0.2713822622721155,-0.0007780412747046416,0.27138114696438687
1771334351626,0.2713822622721155,-0.0007780412747046416,0.27138114696438687
1771334351627,0.2713822622721155,-0.0007780412747046416,0.27138114696438687
1771334351627,0.2713822622721155,-0.0007780412747046416,0.27138114696438687
1771334351628,0.2713822622721155,-0.0007780412747046416,0.27138114696438687
1771334351629,0.2713822622721155,-0.0007780412747046416,0.27138114696438687
1771334351630,0.2713822622721155,-0.0007780412747046416,0.27138114696438687
1771334351631,0.2713822622721155,-0.0007780412747046416,0.27138114696438687
1771334351632,0.2713822622721155,-0.0007780412747046416,0.27138114696438687
1771334351633,0.2713822622721155,-0.0007780412747046416,0.27138114696438687
1771334351634,0.2713822622721155,-0.0007780412747046416,0.27138114696438687
1771334351635,0.2713822622721155,-0.0007780412747046416,0.27138114696438687
1771334351635,0.2713822622721155,-0.0007780412747046416,0.27138114696438687
1771334351636,0.2713822622721155,-0.0007780412747046416,0.27138114696438687
1771334351637,0.2713822622721155,-0.0007780412747046416,0.27138114696438687
1771334351638,0.2713822622721155,-0.0007780412747046416,0.27138114696438687
1771334351639,0.2713822622721155,-0.0007780412747046416,0.27138114696438687
1771334351640,0.2713822622721155,-0.0007780412747046416,0.27138114696438687
1771334351641,0.2713822622721155,-0.0007780412747046416,0.27138114696438687
1771334351642,0.2713822622721155,-0.0007780412747046416,0.27138114696438687
1771334351642,0.2713822622721155,-0.0007780412747046416,0.27138114696438687
1771334351643,0.2713822622721155,-0.0007780412747046416,0.27138114696438687
1771334351644,0.2713822622721155,-0.0007780412747046416,0.27138114696438687
1771334351645,0.2713822622721155,-0.0007780412747046416,0.27138114696438687
1771334351646,0.2713822622721155,-0.0007780412747046416,0.27138114696438687
1771334351647,0.2713822622721155,-0.0007780412747046416,0.27138114696438687
1771334351648,0.2713822622721155,-0.0007780412747046416,0.27138114696438687
1771334351649,0.2713822622721155,-0.0007780412747046416,0.27138114696438687
1771334351650,0.2713822622721155,-0.0007780412747046416,0.27138114696438687
1771334351651,0.2713822622721155,-0.0007780412747046416,0.27138114696438687
1771334351651,0.2713822622721155,-0.0007780412747046416,0.27138114696438687
1771334351652,0.2713822622721155,-0.0007780412747046416,0.27138114696438687
1771334351653,0.2713822622721155,-0.0007780412747046416,0.27138114696438687
1771334351654,0.2713822622721155,-0.0007780412747046416,0.27138114696438687
1771334351655,0.2713822622721155,-0.0007780412747046416,0.27138114696438687
1771334351656,0.2713822622721155,-0.0007780412747046416,0.27138114696438687
1771334351657,0.2713822622721155,-0.0007780412747046416,0.27138114696438687
1771334351658,0.2713822622721155,-0.0007780412747046416,0.27138114696438687
1771334351658,0.2713822622721155,-0.0007780412747046416,0.27138114696438687
1771334351659,0.2713822622721155,-0.0007780412747046416,0.27138114696438687
1771334351660,0.2713822622721155,-0.0007780412747046416,0.27138114696438687
1771334351661,0.2713822622721155,-0.0007780412747046416,0.27138114696438687
1771334351662,0.2713822622721155,-0.0007780412747046416,0.27138114696438687
1771334351663,0.2713822622721155,-0.0007780412747046416,0.27138114696438687
1771334351664,0.2713822622721155,-0.0007780412747046416,0.27138114696438687
1771334351665,0.2713822622721155,-0.0007780412747046416,0.27138114696438687
1771334351665,0.2713822622721155,-0.0007780412747046416,0.27138114696438687
1771334351666,0.2713822622721155,-0.0007780412747046416,0.27138114696438687
1771334351667,0.2713822622721155,-0.0007780412747046416,0.27138114696438687
1771334351668,0.2713822622721155,-0.0007780412747046416,0.27138114696438687
1771334351669,0.2713822622721155,-0.0007780412747046416,0.27138114696438687
1771334351670,0.2713822622721155,-0.0007780412747046416,0.27138114696438687
1771334351671,0.2713822622721155,-0.0007780412747046416,0.27138114696438687
1771334351671,0.2713822622721155,-0.0007780412747046416,0.27138114696438687
1771334351672,0.2713822622721155,-0.0007780412747046416,0.27138114696438687
1771334351673,0.2713822622721155,-0.0007780412747046416,0.27138114696438687
1771334351674,0.2713822622721155,-0.0007780412747046416,0.27138114696438687
1771334351675,0.2713822622721155,-0.0007780412747046416,0.27138114696438687
1771334351676,0.2713822622721155,-0.0007780412747046416,0.27138114696438687
1771334351677,0.2713822622721155,-0.0007780412747046416,0.27138114696438687
1771334351678,0.2713822622721155,-0.0007780412747046416,0.27138114696438687
1771334351679,0.2713822622721155,-0.0007780412747046416,0.27138114696438687
1771334351679,0.2713822622721155,-0.0007780412747046416,0.27138114696438687
1771334351680,0.2713822622721155,-0.0007780412747046416,0.27138114696438687
1771334351681,0.2713822622721155,-0.0007780412747046416,0.27138114696438687
1771334351682,0.2713822622721155,-0.0007780412747046416,0.27138114696438687
1771334351683,0.2713822622721155,-0.0007780412747046416,0.27138114696438687
1771334351684,0.2713822622721155,-0.0007780412747046416,0.27138114696438687
1771334351685,0.2713822622721155,-0.0007780412747046416,0.27138114696438687
1771334351686,0.2713822622721155,-0.0007780412747046416,0.27138114696438687
1771334351686,0.2713822622721155,-0.0007780412747046416,0.27138114696438687
1771334351687,0.2713822622721155,-0.0007780412747046416,0.27138114696438687
1771334351688,0.2713822622721155,-0.0007780412747046416,0.27138114696438687
1771334351689,0.2713822622721155,-0.0007780412747046416,0.27138114696438687
1771334351690,0.2713822622721155,-0.0007780412747046416,0.27138114696438687
1771334351691,0.2713822622721155,-0.0007780412747046416,0.27138114696438687
1771334351692,0.2713822622721155,-0.0007780412747046416,0.27138114696438687
1771334351693,0.2713822622721155,-0.0007780412747046416,0.27138114696438687
1771334351693,0.2713822622721155,-0.0007780412747046416,0.27138114696438687
1771334351694,0.2713822622721155,-0.0007780412747046416,0.27138114696438687
1771334351695,0.2713822622721155,-0.0007780412747046416,0.27138114696438687
1771334351696,0.2713822622721155,-0.0007780412747046416,0.27138114696438687
1771334351697,0.2713822622721155,-0.0007780412747046416,0.27138114696438687
1771334351698,0.2713822622721155,-0.0007780412747046416,0.27138114696438687
1771334351699,0.2713822622721155,-0.0007780412747046416,0.27138114696438687
1771334351700,0.2713822622721155,-0.0007780412747046416,0.27138114696438687
1771334351700,0.2713822622721155,-0.0007780412747046416,0.27138114696438687
1771334351701,0.2713822622721155,-0.0007780412747046416,0.27138114696438687
1771334351702,0.2713822622721155,-0.0007780412747046416,0.27138114696438687
1771334351703,0.2713822622721155,-0.0007780412747046416,0.27138114696438687
1771334351704,0.2713822622721155,-0.0007780412747046416,0.27138114696438687
1771334351705,0.2713822622721155,-0.0007780412747046416,0.27138114696438687
1771334351706,0.2713822622721155,-0.0007780412747046416,0.27138114696438687
1771334351707,0.2713822622721155,-0.0007780412747046416,0.27138114696438687
1771334351708,0.2713822622721155,-0.0007780412747046416,0.27138114696438687
1771334351709,0.2713822622721155,-0.0007780412747046416,0.27138114696438687
1771334351710,0.2713822622721155,-0.0007780412747046416,0.27138114696438687
1771334351710,0.2713822622721155,-0.0007780412747046416,0.27138114696438687
1771334351711,0.2713822622721155,-0.0007780412747046416,0.27138114696438687
1771334351712,0.2713822622721155,-0.0007780412747046416,0.27138114696438687
1771334351713,0.2713822622721155,-0.0007780412747046416,0.27138114696438687
1771334351714,0.2713822622721155,-0.0007780412747046416,0.27138114696438687
1771334351715,0.2713822622721155,-0.0007780412747046416,0.27138114696438687
1771334351716,0.2713822622721155,-0.0007780412747046416,0.27138114696438687
1771334351717,0.2713822622721155,-0.0007780412747046416,0.27138114696438687
1771334351717,0.2713822622721155,-0.0007780412747046416,0.27138114696438687
1771334351718,0.2713822622721155,-0.0007780412747046416,0.27138114696438687
1771334351719,0.2713822622721155,-0.0007780412747046416,0.27138114696438687
1771334351720,0.2713822622721155,-0.0007780412747046416,0.27138114696438687
1771334351721,0.2713822622721155,-0.0007780412747046416,0.27138114696438687
1771334351722,0.2713822622721155,-0.0007780412747046416,0.27138114696438687
1771334351723,0.2713822622721155,-0.0007780412747046416,0.27138114696438687
1771334351724,0.2713822622721155,-0.0007780412747046416,0.27138114696438687
1771334351725,0.2713822622721155,-0.0007780412747046416,0.27138114696438687
1771334351725,0.2713822622721155,-0.0007780412747046416,0.27138114696438687
1771334351726,0.2713822622721155,-0.0007780412747046416,0.27138114696438687
1771334351727,0.2713822622721155,-0.0007780412747046416,0.27138114696438687
1771334351728,0.2713822622721155,-0.0007780412747046416,0.27138114696438687
1771334351729,0.2713822622721155,-0.0007780412747046416,0.27138114696438687
1771334351730,0.2713822622721155,-0.0007780412747046416,0.27138114696438687
1771334351731,0.2713822622721155,-0.0007780412747046416,0.27138114696438687
1771334351732,0.2713822622721155,-0.0007780412747046416,0.27138114696438687
1771334351732,0.2713822622721155,-0.0007780412747046416,0.27138114696438687
1771334351733,0.2713822622721155,-0.0007780412747046416,0.27138114696438687
1771334351734,0.2713822622721155,-0.0007780412747046416,0.27138114696438687
1771334351735,0.2713822622721155,-0.0007780412747046416,0.27138114696438687
1771334351736,0.2713822622721155,-0.0007780412747046416,0.27138114696438687
1771334351737,0.2713822622721155,-0.0007780412747046416,0.27138114696438687
1771334351738,0.2713822622721155,-0.0007780412747046416,0.27138114696438687
1771334351739,0.2713822622721155,-0.0007780412747046416,0.27138114696438687
1771334351740,0.2713822622721155,-0.0007780412747046416,0.27138114696438687
1771334351741,0.2713822622721155,-0.0007780412747046416,0.27138114696438687
1771334351741,0.2713822622721155,-0.0007780412747046416,0.27138114696438687
1771334351742,0.2713822622721155,-0.0007780412747046416,0.27138114696438687
1771334351743,0.2713822622721155,-0.0007780412747046416,0.27138114696438687
1771334351744,0.2713822622721155,-0.0007780412747046416,0.27138114696438687
1771334351745,0.2713822622721155,-0.0007780412747046416,0.27138114696438687
1771334351746,0.2713822622721155,-0.0007780412747046416,0.27138114696438687
1771334351747,0.2713822622721155,-0.0007780412747046416,0.27138114696438687
1771334351748,0.2713822622721155,-0.0007780412747046416,0.27138114696438687
1771334351748,0.2713822622721155,-0.0007780412747046416,0.27138114696438687
1771334351749,0.2713822622721155,-0.0007780412747046416,0.27138114696438687
1771334351750,0.2713822622721155,-0.0007780412747046416,0.27138114696438687
1771334351751,0.2713822622721155,-0.0007780412747046416,0.27138114696438687
1771334351752,0.2713822622721155,-0.0007780412747046416,0.27138114696438687
1771334351753,0.2713822622721155,-0.0007780412747046416,0.27138114696438687
1771334351754,0.2713822622721155,-0.0007780412747046416,0.27138114696438687
1771334351755,0.2713822622721155,-0.0007780412747046416,0.27138114696438687
1771334351755,0.2713822622721155,-0.0007780412747046416,0.27138114696438687
1771334351756,0.2713822622721155,-0.0007780412747046416,0.27138114696438687
1771334351757,0.2713822622721155,-0.0007780412747046416,0.27138114696438687
1771334351758,0.2713822622721155,-0.0007780412747046416,0.27138114696438687
1771334351759,0.2713822622721155,-0.0007780412747046416,0.27138114696438687
1771334351760,0.2713822622721155,-0.0007780412747046416,0.27138114696438687
1771334351761,0.2713822622721155,-0.0007780412747046416,0.27138114696438687
1771334351762,0.2713822622721155,-0.0007780412747046416,0.27138114696438687
1771334351763,0.2713822622721155,-0.0007780412747046416,0.27138114696438687
1771334351764,0.2713822622721155,-0.0007780412747046416,0.27138114696438687
1771334351765,1.8720229813139182,-1.1685684430805923,1.462503961158277
1771334351767,1.8720229813139182,-1.1685684430805923,1.462503961158277
1771334351768,1.8720229813139182,-1.1685684430805923,1.462503961158277
1771334351770,1.8720229813139182,-1.1685684430805923,1.462503961158277
1771334351771,1.8720229813139182,-1.1685684430805923,1.462503961158277
1771334351773,1.8720229813139182,-1.1685684430805923,1.462503961158277
1771334351774,1.8720229813139182,-1.1685684430805923,1.462503961158277
1771334351776,1.8720229813139182,-1.1685684430805923,1.462503961158277
1771334351777,1.8720229813139182,-1.1685684430805923,1.462503961158277
1771334351779,1.8720229813139182,-1.1685684430805923,1.462503961158277
1771334351780,1.8720229813139182,-1.1685684430805923,1.462503961158277
1771334351782,1.8720229813139182,-1.1685684430805923,1.462503961158277
1771334351783,1.8720229813139182,-1.1685684430805923,1.462503961158277
1771334351785,1.8720229813139182,-1.1685684430805923,1.462503961158277
1771334351786,1.8720229813139182,-1.1685684430805923,1.462503961158277
1771334351788,1.8720229813139182,-1.1685684430805923,1.462503961158277
1771334351789,1.8720229813139182,-1.1685684430805923,1.462503961158277
1771334351791,1.8720229813139182,-1.1685684430805923,1.462503961158277
1771334351792,1.8720229813139182,-1.1685684430805923,1.462503961158277
1771334351794,1.8720229813139182,-1.1685684430805923,1.462503961158277
1771334351795,1.8720229813139182,-1.1685684430805923,1.462503961158277
1771334351797,1.8720229813139182,-1.1685684430805923,1.462503961158277
1771334351798,1.8720229813139182,-1.1685684430805923,1.462503961158277
1771334351800,1.8720229813139182,-1.1685684430805923,1.462503961158277
1771334351801,1.8720229813139182,-1.1685684430805923,1.462503961158277
1771334351803,1.8720229813139182,-1.1685684430805923,1.462503961158277
1771334351804,1.8720229813139182,-1.1685684430805923,1.462503961158277
1771334351806,1.8720229813139182,-1.1685684430805923,1.462503961158277
1771334351807,1.8720229813139182,-1.1685684430805923,1.462503961158277
1771334351809,1.8720229813139182,-1.1685684430805923,1.462503961158277
1771334351810,1.8720229813139182,-1.1685684430805923,1.462503961158277
1771334351812,1.8720229813139182,-1.1685684430805923,1.462503961158277
1771334351813,1.8720229813139182,-1.1685684430805923,1.462503961158277
1771334351815,1.8720229813139182,-1.1685684430805923,1.462503961158277
1771334351816,1.8720229813139182,-1.1685684430805923,1.462503961158277
1771334351818,1.8720229813139182,-1.1685684430805923,1.462503961158277
1771334351819,1.8720229813139182,-1.1685684430805923,1.462503961158277
1771334351821,1.8720229813139182,-1.1685684430805923,1.462503961158277
1771334351823,1.8720229813139182,-1.1685684430805923,1.462503961158277
1771334351824,1.8720229813139182,-1.1685684430805923,1.462503961158277
1771334351826,1.8720229813139182,-1.1685684430805923,1.462503961158277
1771334351827,1.8720229813139182,-1.1685684430805923,1.462503961158277
1771334351829,1.8720229813139182,-1.1685684430805923,1.462503961158277
1771334351830,1.8720229813139182,-1.1685684430805923,1.462503961158277
1771334351831,1.8720229813139182,-1.1685684430805923,1.462503961158277
1771334351833,1.8720229813139182,-1.1685684430805923,1.462503961158277
1771334351835,1.8720229813139182,-1.1685684430805923,1.462503961158277
1771334351836,1.8720229813139182,-1.1685684430805923,1.462503961158277
1771334351837,1.8720229813139182,-1.1685684430805923,1.462503961158277
1771334351839,1.8720229813139182,-1.1685684430805923,1.462503961158277
1771334351841,1.8720229813139182,-1.1685684430805923,1.462503961158277
1771334351842,1.8720229813139182,-1.1685684430805923,1.462503961158277
1771334351843,1.8720229813139182,-1.1685684430805923,1.462503961158277
1771334351845,1.8720229813139182,-1.1685684430805923,1.462503961158277
1771334351847,1.8695744518223092,-1.160376633645348,1.4658904116599503
1771334351848,1.8695744518223092,-1.160376633645348,1.4658904116599503
1771334351850,1.8695744518223092,-1.160376633645348,1.4658904116599503
1771334351852,1.8695744518223092,-1.160376633645348,1.4658904116599503
1771334351853,1.8695744518223092,-1.160376633645348,1.4658904116599503
1771334351855,1.8695744518223092,-1.160376633645348,1.4658904116599503
1771334351856,1.8695744518223092,-1.160376633645348,1.4658904116599503
1771334351858,1.8695744518223092,-1.160376633645348,1.4658904116599503
1771334351859,1.8695744518223092,-1.160376633645348,1.4658904116599503
1771334351861,1.8695744518223092,-1.160376633645348,1.4658904116599503
1771334351863,1.8695744518223092,-1.160376633645348,1.4658904116599503
1771334351864,1.8695744518223092,-1.160376633645348,1.4658904116599503
1771334351866,1.8695744518223092,-1.160376633645348,1.4658904116599503
1771334351867,1.8695744518223092,-1.160376633645348,1.4658904116599503
1771334351869,1.8695744518223092,-1.160376633645348,1.4658904116599503
1771334351871,1.8695744518223092,-1.160376633645348,1.4658904116599503
1771334351872,1.8695744518223092,-1.160376633645348,1.4658904116599503
1771334351874,1.8695744518223092,-1.160376633645348,1.4658904116599503
1771334351875,1.8695744518223092,-1.160376633645348,1.4658904116599503
1771334351877,1.8695744518223092,-1.160376633645348,1.4658904116599503
1771334351879,1.8695744518223092,-1.160376633645348,1.4658904116599503
1771334351880,1.8695744518223092,-1.160376633645348,1.4658904116599503
1771334351882,1.8695744518223092,-1.160376633645348,1.4658904116599503
1771334351883,1.8695744518223092,-1.160376633645348,1.4658904116599503
1771334351885,1.8695744518223092,-1.160376633645348,1.4658904116599503
1771334351886,1.8695744518223092,-1.160376633645348,1.4658904116599503
1771334351888,1.8695744518223092,-1.160376633645348,1.4658904116599503
1771334351890,1.8695744518223092,-1.160376633645348,1.4658904116599503
1771334351891,1.8695744518223092,-1.160376633645348,1.4658904116599503
1771334351893,1.8695744518223092,-1.160376633645348,1.4658904116599503
1771334351894,1.8695744518223092,-1.160376633645348,1.4658904116599503
1771334351896,1.8695744518223092,-1.160376633645348,1.4658904116599503
1771334351898,1.8695744518223092,-1.160376633645348,1.4658904116599503
1771334351899,1.8695744518223092,-1.160376633645348,1.4658904116599503
1771334351901,1.8695744518223092,-1.160376633645348,1.4658904116599503
1771334351902,1.8695744518223092,-1.160376633645348,1.4658904116599503
1771334351904,1.8695744518223092,-1.160376633645348,1.4658904116599503
1771334351906,1.8695744518223092,-1.160376633645348,1.4658904116599503
1771334351907,1.8695744518223092,-1.160376633645348,1.4658904116599503
1771334351909,1.8695744518223092,-1.160376633645348,1.4658904116599503
1771334351910,1.8695744518223092,-1.160376633645348,1.4658904116599503
1771334351912,1.8695744518223092,-1.160376633645348,1.4658904116599503
1771334351913,1.8695744518223092,-1.160376633645348,1.4658904116599503
1771334351915,1.8695744518223092,-1.160376633645348,1.4658904116599503
1771334351917,1.8695744518223092,-1.160376633645348,1.4658904116599503
1771334351918,1.8695744518223092,-1.160376633645348,1.4658904116599503
1771334351920,1.8695744518223092,-1.160376633645348,1.4658904116599503
1771334351921,1.8695744518223092,-1.160376633645348,1.4658904116599503
1771334351923,1.8695744518223092,-1.160376633645348,1.4658904116599503
1771334351925,1.8695744518223092,-1.160376633645348,1.4658904116599503
1771334351926,1.8695744518223092,-1.160376633645348,1.4658904116599503
1771334351928,1.8695744518223092,-1.160376633645348,1.4658904116599503
1771334351929,1.8695744518223092,-1.160376633645348,1.4658904116599503
1771334351931,1.8695744518223092,-1.160376633645348,1.4658904116599503
1771334351932,1.8695744518223092,-1.160376633645348,1.4658904116599503
1771334351934,1.8695744518223092,-1.160376633645348,1.4658904116599503
1771334351935,1.8695744518223092,-1.160376633645348,1.4658904116599503
1771334351937,1.8695744518223092,-1.160376633645348,1.4658904116599503
1771334351939,1.8695744518223092,-1.160376633645348,1.4658904116599503
1771334351940,1.8695744518223092,-1.160376633645348,1.4658904116599503
1771334351942,1.8695744518223092,-1.160376633645348,1.4658904116599503
1771334351944,1.8695744518223092,-1.160376633645348,1.4658904116599503
1771334351945,1.8695744518223092,-1.160376633645348,1.4658904116599503
1771334351947,1.8695744518223092,-1.160376633645348,1.4658904116599503
1771334351948,1.8695744518223092,-1.160376633645348,1.4658904116599503
1771334351950,1.8695744518223092,-1.160376633645348,1.4658904116599503
1771334351951,1.8695744518223092,-1.160376633645348,1.4658904116599503
1771334351953,1.8695744518223092,-1.160376633645348,1.4658904116599503
1771334351955,1.8695744518223092,-1.160376633645348,1.4658904116599503
1771334351956,1.8695744518223092,-1.160376633645348,1.4658904116599503
1771334351958,1.8695744518223092,-1.160376633645348,1.4658904116599503
1771334351960,1.8695744518223092,-1.160376633645348,1.4658904116599503
1771334351961,1.8695744518223092,-1.160376633645348,1.4658904116599503
1771334351963,1.8695744518223092,-1.160376633645348,1.4658904116599503
1771334351964,1.8695744518223092,-1.160376633645348,1.4658904116599503
1771334351966,1.8695744518223092,-1.160376633645348,1.4658904116599503
1771334351967,1.8695744518223092,-1.160376633645348,1.4658904116599503
1771334351969,1.8695744518223092,-1.160376633645348,1.4658904116599503
1771334351971,1.8695744518223092,-1.160376633645348,1.4658904116599503
1771334351972,1.8695744518223092,-1.160376633645348,1.4658904116599503
1771334351974,1.8695744518223092,-1.160376633645348,1.4658904116599503
1771334351976,1.8695744518223092,-1.160376633645348,1.4658904116599503
1771334351977,1.8695744518223092,-1.160376633645348,1.4658904116599503
1771334351979,1.8695744518223092,-1.160376633645348,1.4658904116599503
1771334351980,1.8695744518223092,-1.160376633645348,1.4658904116599503
1771334351982,1.8695744518223092,-1.160376633645348,1.4658904116599503
1771334351983,1.8695744518223092,-1.160376633645348,1.4658904116599503
1771334351985,1.8695744518223092,-1.160376633645348,1.4658904116599503
1771334351986,1.8695744518223092,-1.160376633645348,1.4658904116599503
1771334351988,1.8695744518223092,-1.160376633645348,1.4658904116599503
1771334351990,1.8668245621638195,-1.1517002841655963,1.4692244217106594
1771334351992,1.8668245621638195,-1.1517002841655963,1.4692244217106594
1771334351993,1.8668245621638195,-1.1517002841655963,1.4692244217106594
1771334351995,1.8668245621638195,-1.1517002841655963,1.4692244217106594
1771334351996,1.8668245621638195,-1.1517002841655963,1.4692244217106594
1771334351998,1.8668245621638195,-1.1517002841655963,1.4692244217106594
1771334351999,1.8668245621638195,-1.1517002841655963,1.4692244217106594
1771334352001,1.8668245621638195,-1.1517002841655963,1.4692244217106594
1771334352002,1.8668245621638195,-1.1517002841655963,1.4692244217106594
1771334352004,1.8668245621638195,-1.1517002841655963,1.4692244217106594
1771334352005,1.8668245621638195,-1.1517002841655963,1.4692244217106594
1771334352007,1.8668245621638195,-1.1517002841655963,1.4692244217106594
1771334352008,1.8668245621638195,-1.1517002841655963,1.4692244217106594
1771334352010,1.8668245621638195,-1.1517002841655963,1.4692244217106594
1771334352011,1.8668245621638195,-1.1517002841655963,1.4692244217106594
1771334352013,1.8668245621638195,-1.1517002841655963,1.4692244217106594
1771334352014,1.8668245621638195,-1.1517002841655963,1.4692244217106594
1771334352016,1.8668245621638195,-1.1517002841655963,1.4692244217106594
1771334352017,1.8668245621638195,-1.1517002841655963,1.4692244217106594
1771334352019,1.8668245621638195,-1.1517002841655963,1.4692244217106594
1771334352020,1.8668245621638195,-1.1517002841655963,1.4692244217106594
1771334352021,1.8668245621638195,-1.1517002841655963,1.4692244217106594
1771334352023,1.8668245621638195,-1.1517002841655963,1.4692244217106594
1771334352025,1.8668245621638195,-1.1517002841655963,1.4692244217106594
1771334352026,1.8668245621638195,-1.1517002841655963,1.4692244217106594
1771334352028,1.8668245621638195,-1.1517002841655963,1.4692244217106594
1771334352029,1.8668245621638195,-1.1517002841655963,1.4692244217106594
1771334352031,1.8668245621638195,-1.1517002841655963,1.4692244217106594
1771334352032,1.8668245621638195,-1.1517002841655963,1.4692244217106594
1771334352034,1.8668245621638195,-1.1517002841655963,1.4692244217106594
1771334352035,1.8668245621638195,-1.1517002841655963,1.4692244217106594
1771334352037,1.8668245621638195,-1.1517002841655963,1.4692244217106594
1771334352038,1.8668245621638195,-1.1517002841655963,1.4692244217106594
1771334352040,1.8668245621638195,-1.1517002841655963,1.4692244217106594
1771334352041,1.8668245621638195,-1.1517002841655963,1.4692244217106594
1771334352043,1.8668245621638195,-1.1517002841655963,1.4692244217106594
1771334352044,1.8668245621638195,-1.1517002841655963,1.4692244217106594
1771334352046,1.8668245621638195,-1.1517002841655963,1.4692244217106594
1771334352047,1.8668245621638195,-1.1517002841655963,1.4692244217106594
1771334352049,1.8668245621638195,-1.1517002841655963,1.4692244217106594
1771334352050,1.8668245621638195,-1.1517002841655963,1.4692244217106594
1771334352052,1.8668245621638195,-1.1517002841655963,1.4692244217106594
1771334352053,1.8668245621638195,-1.1517002841655963,1.4692244217106594
1771334352055,1.8668245621638195,-1.1517002841655963,1.4692244217106594
1771334352056,1.8668245621638195,-1.1517002841655963,1.4692244217106594
1771334352058,1.8668245621638195,-1.1517002841655963,1.4692244217106594
1771334352060,1.8668245621638195,-1.1517002841655963,1.4692244217106594
1771334352061,1.8668245621638195,-1.1517002841655963,1.4692244217106594
1771334352062,1.8668245621638195,-1.1517002841655963,1.4692244217106594
1771334352064,1.8668245621638195,-1.1517002841655963,1.4692244217106594
1771334352065,1.8668245621638195,-1.1517002841655963,1.4692244217106594
1771334352067,1.8668245621638195,-1.1517002841655963,1.4692244217106594
1771334352068,1.8668245621638195,-1.1517002841655963,1.4692244217106594
1771334352070,1.8668245621638195,-1.1517002841655963,1.4692244217106594
1771334352071,1.8668245621638195,-1.1517002841655963,1.4692244217106594
1771334352073,1.8668245621638195,-1.1517002841655963,1.4692244217106594
1771334352075,1.8668245621638195,-1.1517002841655963,1.4692244217106594
1771334352076,1.8668245621638195,-1.1517002841655963,1.4692244217106594
1771334352078,1.8668245621638195,-1.1517002841655963,1.4692244217106594
1771334352079,1.8668245621638195,-1.1517002841655963,1.4692244217106594
1771334352081,1.8668245621638195,-1.1517002841655963,1.4692244217106594
1771334352082,1.8668245621638195,-1.1517002841655963,1.4692244217106594
1771334352084,1.8668245621638195,-1.1517002841655963,1.4692244217106594
1771334352085,1.8668245621638195,-1.1517002841655963,1.4692244217106594
1771334352087,1.8668245621638195,-1.1517002841655963,1.4692244217106594
1771334352088,1.8668245621638195,-1.1517002841655963,1.4692244217106594
1771334352090,1.8668245621638195,-1.1517002841655963,1.4692244217106594
1771334352091,1.8668245621638195,-1.1517002841655963,1.4692244217106594
1771334352093,1.8668245621638195,-1.1517002841655963,1.4692244217106594
1771334352094,1.8668245621638195,-1.1517002841655963,1.4692244217106594
1771334352096,1.8668245621638195,-1.1517002841655963,1.4692244217106594
1771334352097,1.8668245621638195,-1.1517002841655963,1.4692244217106594
1771334352099,1.8668245621638195,-1.1517002841655963,1.4692244217106594
1771334352100,1.8668245621638195,-1.1517002841655963,1.4692244217106594
1771334352102,1.8668245621638195,-1.1517002841655963,1.4692244217106594
1771334352103,1.8668245621638195,-1.1517002841655963,1.4692244217106594
1771334352105,1.8668245621638195,-1.1517002841655963,1.4692244217106594
1771334352106,1.8668245621638195,-1.1517002841655963,1.4692244217106594
1771334352108,1.8668245621638195,-1.1517002841655963,1.4692244217106594
1771334352109,1.8668245621638195,-1.1517002841655963,1.4692244217106594
1771334352111,1.8668245621638195,-1.1517002841655963,1.4692244217106594
1771334352112,1.8668245621638195,-1.1517002841655963,1.4692244217106594
1771334352114,1.8668245621638195,-1.1517002841655963,1.4692244217106594
1771334352115,1.8668245621638195,-1.1517002841655963,1.4692244217106594
1771334352117,1.8668245621638195,-1.1517002841655963,1.4692244217106594
1771334352118,1.8668245621638195,-1.1517002841655963,1.4692244217106594
1771334352120,1.8668245621638195,-1.1517002841655963,1.4692244217106594
1771334352121,1.8668245621638195,-1.1517002841655963,1.4692244217106594
1771334352123,1.8668245621638195,-1.1517002841655963,1.4692244217106594
1771334352124,1.8668245621638195,-1.1517002841655963,1.4692244217106594
1771334352126,1.8668245621638195,-1.1517002841655963,1.4692244217106594
1771334352127,1.8668245621638195,-1.1517002841655963,1.4692244217106594
1771334352129,1.8668245621638195,-1.1517002841655963,1.4692244217106594
1771334352130,1.8668245621638195,-1.1517002841655963,1.4692244217106594
1771334352132,1.8668245621638195,-1.1517002841655963,1.4692244217106594
1771334352133,1.8668245621638195,-1.1517002841655963,1.4692244217106594
1771334352135,1.8668245621638195,-1.1517002841655963,1.4692244217106594
1771334352136,1.8668245621638195,-1.1517002841655963,1.4692244217106594
1771334352138,1.8668245621638195,-1.1517002841655963,1.4692244217106594
1771334352139,1.8668245621638195,-1.1517002841655963,1.4692244217106594
1771334352141,1.8668245621638195,-1.1517002841655963,1.4692244217106594
1771334352143,1.8668245621638195,-1.1517002841655963,1.4692244217106594
1771334352144,1.8668245621638195,-1.1517002841655963,1.4692244217106594
1771334352145,1.8668245621638195,-1.1517002841655963,1.4692244217106594
1771334352147,1.8668245621638195,-1.1517002841655963,1.4692244217106594
1771334352148,1.8668245621638195,-1.1517002841655963,1.4692244217106594
1771334352150,1.8668245621638195,-1.1517002841655963,1.4692244217106594
1771334352151,1.8668245621638195,-1.1517002841655963,1.4692244217106594
1771334352153,1.8668245621638195,-1.1517002841655963,1.4692244217106594
1771334352155,1.8668245621638195,-1.1517002841655963,1.4692244217106594
1771334352156,1.8668245621638195,-1.1517002841655963,1.4692244217106594
1771334352158,1.8668245621638195,-1.1517002841655963,1.4692244217106594
1771334352159,1.8668245621638195,-1.1517002841655963,1.4692244217106594
1771334352161,1.8668245621638195,-1.1517002841655963,1.4692244217106594
1771334352162,1.8668245621638195,-1.1517002841655963,1.4692244217106594
1771334352164,1.8668245621638195,-1.1517002841655963,1.4692244217106594
1771334352165,1.8668245621638195,-1.1517002841655963,1.4692244217106594
1771334352167,1.8668245621638195,-1.1517002841655963,1.4692244217106594
1771334352168,1.8668245621638195,-1.1517002841655963,1.4692244217106594
1771334352170,1.8668245621638195,-1.1517002841655963,1.4692244217106594
1771334352171,1.8668245621638195,-1.1517002841655963,1.4692244217106594
1771334352173,1.8668245621638195,-1.1517002841655963,1.4692244217106594
1771334352174,1.8668245621638195,-1.1517002841655963,1.4692244217106594
1771334352176,1.8668245621638195,-1.1517002841655963,1.4692244217106594
1771334352177,1.8668245621638195,-1.1517002841655963,1.4692244217106594
1771334352179,1.8668245621638195,-1.1517002841655963,1.4692244217106594
1771334352180,1.8668245621638195,-1.1517002841655963,1.4692244217106594
1771334352182,1.8668245621638195,-1.1517002841655963,1.4692244217106594
1771334352183,1.8668245621638195,-1.1517002841655963,1.4692244217106594
1771334352185,1.8668245621638195,-1.1517002841655963,1.4692244217106594
1771334352186,1.8668245621638195,-1.1517002841655963,1.4692244217106594
1771334352188,1.8668245621638195,-1.1517002841655963,1.4692244217106594
1771334352189,1.8668245621638195,-1.1517002841655963,1.4692244217106594
1771334352191,1.8668245621638195,-1.1517002841655963,1.4692244217106594
1771334352192,1.8668245621638195,-1.1517002841655963,1.4692244217106594
1771334352194,1.8668245621638195,-1.1517002841655963,1.4692244217106594
1771334352195,1.8668245621638195,-1.1517002841655963,1.4692244217106594
1771334352197,1.8668245621638195,-1.1517002841655963,1.4692244217106594
1771334352198,1.8668245621638195,-1.1517002841655963,1.4692244217106594
1771334352200,1.8668245621638195,-1.1517002841655963,1.4692244217106594
1771334352201,1.8668245621638195,-1.1517002841655963,1.4692244217106594
1771334352203,1.8668245621638195,-1.1517002841655963,1.4692244217106594
1771334352204,1.8668245621638195,-1.1517002841655963,1.4692244217106594
1771334352205,1.8668245621638195,-1.1517002841655963,1.4692244217106594
1771334352207,1.8668245621638195,-1.1517002841655963,1.4692244217106594
1771334352209,1.8668245621638195,-1.1517002841655963,1.4692244217106594
1771334352210,1.8668245621638195,-1.1517002841655963,1.4692244217106594
1771334352212,1.8668245621638195,-1.1517002841655963,1.4692244217106594
1771334352213,1.8668245621638195,-1.1517002841655963,1.4692244217106594
1771334352215,1.8668245621638195,-1.1517002841655963,1.4692244217106594
1771334352216,1.8668245621638195,-1.1517002841655963,1.4692244217106594
1771334352218,1.8668245621638195,-1.1517002841655963,1.4692244217106594
1771334352219,1.8668245621638195,-1.1517002841655963,1.4692244217106594
1771334352221,1.8668245621638195,-1.1517002841655963,1.4692244217106594
1771334352222,1.8668245621638195,-1.1517002841655963,1.4692244217106594
1771334352224,1.8668245621638195,-1.1517002841655963,1.4692244217106594
1771334352225,1.8668245621638195,-1.1517002841655963,1.4692244217106594
1771334352227,1.8668245621638195,-1.1517002841655963,1.4692244217106594
1771334352228,1.8668245621638195,-1.1517002841655963,1.4692244217106594
1771334352230,1.8668245621638195,-1.1517002841655963,1.4692244217106594
1771334352231,1.0928028146467392,-0.41324512696951726,1.0116553052971071
1771334352233,1.0928028146467392,-0.41324512696951726,1.0116553052971071
1771334352234,1.0928028146467392,-0.41324512696951726,1.0116553052971071
1771334352235,1.0928028146467392,-0.41324512696951726,1.0116553052971071
1771334352237,1.0928028146467392,-0.41324512696951726,1.0116553052971071
1771334352238,1.0928028146467392,-0.41324512696951726,1.0116553052971071
1771334352240,1.0928028146467392,-0.41324512696951726,1.0116553052971071
1771334352241,1.0928028146467392,-0.41324512696951726,1.0116553052971071
1771334352243,1.8748714081527984,-1.1760521997832878,1.4601520538949864
1771334352244,1.8748714081527984,-1.1760521997832878,1.4601520538949864
1771334352246,1.8748714081527984,-1.1760521997832878,1.4601520538949864
1771334352247,1.8748714081527984,-1.1760521997832878,1.4601520538949864
1771334352249,1.8748714081527984,-1.1760521997832878,1.4601520538949864
1771334352250,1.8748714081527984,-1.1760521997832878,1.4601520538949864
1771334352252,1.8748714081527984,-1.1760521997832878,1.4601520538949864
1771334352253,1.8748714081527984,-1.1760521997832878,1.4601520538949864
1771334352255,1.8748714081527984,-1.1760521997832878,1.4601520538949864
1771334352256,1.8748714081527984,-1.1760521997832878,1.4601520538949864
1771334352258,1.8748714081527984,-1.1760521997832878,1.4601520538949864
1771334352259,1.8748714081527984,-1.1760521997832878,1.4601520538949864
1771334352261,1.8748714081527984,-1.1760521997832878,1.4601520538949864
1771334352262,1.8748714081527984,-1.1760521997832878,1.4601520538949864
1771334352264,1.8748714081527984,-1.1760521997832878,1.4601520538949864
1771334352265,1.8748714081527984,-1.1760521997832878,1.4601520538949864
1771334352267,1.8748714081527984,-1.1760521997832878,1.4601520538949864
1771334352268,1.8748714081527984,-1.1760521997832878,1.4601520538949864
1771334352270,1.8748714081527984,-1.1760521997832878,1.4601520538949864
1771334352271,1.8748714081527984,-1.1760521997832878,1.4601520538949864
1771334352273,1.8748714081527984,-1.1760521997832878,1.4601520538949864
1771334352274,1.8748714081527984,-1.1760521997832878,1.4601520538949864
1771334352276,1.8748714081527984,-1.1760521997832878,1.4601520538949864
1771334352277,1.8748714081527984,-1.1760521997832878,1.4601520538949864
1771334352279,1.8748714081527984,-1.1760521997832878,1.4601520538949864
1771334352280,1.8748714081527984,-1.1760521997832878,1.4601520538949864
1771334352282,1.8748714081527984,-1.1760521997832878,1.4601520538949864
1771334352283,1.8748714081527984,-1.1760521997832878,1.4601520538949864
1771334352285,1.8748714081527984,-1.1760521997832878,1.4601520538949864
1771334352286,1.8748714081527984,-1.1760521997832878,1.4601520538949864
1771334352288,1.8748714081527984,-1.1760521997832878,1.4601520538949864
1771334352289,1.8748714081527984,-1.1760521997832878,1.4601520538949864
1771334352291,1.8748714081527984,-1.1760521997832878,1.4601520538949864
1771334352293,1.8748714081527984,-1.1760521997832878,1.4601520538949864
1771334352294,1.8748714081527984,-1.1760521997832878,1.4601520538949864
1771334352296,1.8748714081527984,-1.1760521997832878,1.4601520538949864
1771334352297,1.8748714081527984,-1.1760521997832878,1.4601520538949864
1771334352299,1.8748714081527984,-1.1760521997832878,1.4601520538949864
1771334352300,1.8748714081527984,-1.1760521997832878,1.4601520538949864
1771334352301,1.8748714081527984,-1.1760521997832878,1.4601520538949864
1771334352303,1.8748714081527984,-1.1760521997832878,1.4601520538949864
1771334352304,1.8748714081527984,-1.1760521997832878,1.4601520538949864
1771334352306,1.8748714081527984,-1.1760521997832878,1.4601520538949864
1771334352307,1.8748714081527984,-1.1760521997832878,1.4601520538949864
1771334352309,1.8748714081527984,-1.1760521997832878,1.4601520538949864
1771334352310,1.8748714081527984,-1.1760521997832878,1.4601520538949864
1771334352312,1.8748714081527984,-1.1760521997832878,1.4601520538949864
1771334352313,1.8748714081527984,-1.1760521997832878,1.4601520538949864
1771334352315,1.8748714081527984,-1.1760521997832878,1.4601520538949864
1771334352316,1.8748714081527984,-1.1760521997832878,1.4601520538949864
1771334352318,1.8748714081527984,-1.1760521997832878,1.4601520538949864
1771334352319,1.8748714081527984,-1.1760521997832878,1.4601520538949864
1771334352321,1.8748714081527984,-1.1760521997832878,1.4601520538949864
1771334352323,1.8748714081527984,-1.1760521997832878,1.4601520538949864
1771334352324,1.8748714081527984,-1.1760521997832878,1.4601520538949864
1771334352326,1.8748714081527984,-1.1760521997832878,1.4601520538949864
1771334352327,1.8748714081527984,-1.1760521997832878,1.4601520538949864
1771334352329,1.8748714081527984,-1.1760521997832878,1.4601520538949864
1771334352330,1.8748714081527984,-1.1760521997832878,1.4601520538949864
1771334352331,0.27136374180666306,-0.0007887919995312261,0.2713625953857583
1771334352332,0.27136374180666306,-0.0007887919995312261,0.2713625953857583
1771334352333,0.27136374180666306,-0.0007887919995312261,0.2713625953857583
1771334352334,0.27136374180666306,-0.0007887919995312261,0.2713625953857583
1771334352335,0.27136374180666306,-0.0007887919995312261,0.2713625953857583
1771334352336,0.27136374180666306,-0.0007887919995312261,0.2713625953857583
1771334352337,0.27136374180666306,-0.0007887919995312261,0.2713625953857583
1771334352337,0.27136374180666306,-0.0007887919995312261,0.2713625953857583
1771334352338,0.27136374180666306,-0.0007887919995312261,0.2713625953857583
1771334352339,0.27136374180666306,-0.0007887919995312261,0.2713625953857583
1771334352340,0.27136374180666306,-0.0007887919995312261,0.2713625953857583
1771334352341,0.27136374180666306,-0.0007887919995312261,0.2713625953857583
1771334352342,0.27136374180666306,-0.0007887919995312261,0.2713625953857583
1771334352343,0.27136374180666306,-0.0007887919995312261,0.2713625953857583
1771334352344,0.27136374180666306,-0.0007887919995312261,0.2713625953857583
1771334352345,0.27136374180666306,-0.0007887919995312261,0.2713625953857583
1771334352346,0.27136374180666306,-0.0007887919995312261,0.2713625953857583
1771334352346,0.27136374180666306,-0.0007887919995312261,0.2713625953857583
1771334352347,0.27136374180666306,-0.0007887919995312261,0.2713625953857583
1771334352348,0.27136374180666306,-0.0007887919995312261,0.2713625953857583
1771334352349,0.27136374180666306,-0.0007887919995312261,0.2713625953857583
1771334352350,0.27136374180666306,-0.0007887919995312261,0.2713625953857583
1771334352351,0.27136374180666306,-0.0007887919995312261,0.2713625953857583
1771334352352,0.27136374180666306,-0.0007887919995312261,0.2713625953857583
1771334352353,0.27136374180666306,-0.0007887919995312261,0.2713625953857583
1771334352354,0.27136374180666306,-0.0007887919995312261,0.2713625953857583
1771334352354,0.27136374180666306,-0.0007887919995312261,0.2713625953857583
1771334352355,0.27136374180666306,-0.0007887919995312261,0.2713625953857583
1771334352356,0.27136374180666306,-0.0007887919995312261,0.2713625953857583
1771334352357,0.27136374180666306,-0.0007887919995312261,0.2713625953857583
1771334352358,0.27136374180666306,-0.0007887919995312261,0.2713625953857583
1771334352359,0.27136374180666306,-0.0007887919995312261,0.2713625953857583
1771334352360,0.27136374180666306,-0.0007887919995312261,0.2713625953857583
1771334352361,0.27136374180666306,-0.0007887919995312261,0.2713625953857583
1771334352362,0.27136374180666306,-0.0007887919995312261,0.2713625953857583
1771334352363,0.27136374180666306,-0.0007887919995312261,0.2713625953857583
1771334352363,0.27136374180666306,-0.0007887919995312261,0.2713625953857583
1771334352364,0.27136374180666306,-0.0007887919995312261,0.2713625953857583
1771334352365,0.27136374180666306,-0.0007887919995312261,0.2713625953857583
1771334352366,0.27136374180666306,-0.0007887919995312261,0.2713625953857583
1771334352367,0.27136374180666306,-0.0007887919995312261,0.2713625953857583
1771334352368,0.27136374180666306,-0.0007887919995312261,0.2713625953857583
1771334352369,0.27136374180666306,-0.0007887919995312261,0.2713625953857583
1771334352370,0.27136374180666306,-0.0007887919995312261,0.2713625953857583
1771334352370,0.27136374180666306,-0.0007887919995312261,0.2713625953857583
1771334352371,0.27136374180666306,-0.0007887919995312261,0.2713625953857583
1771334352373,0.27136374180666306,-0.0007887919995312261,0.2713625953857583
1771334352374,0.27136374180666306,-0.0007887919995312261,0.2713625953857583
1771334352376,1.8618664684459605,-1.1361643815839337,1.4750177098406072
1771334352378,1.8618664684459605,-1.1361643815839337,1.4750177098406072
1771334352379,1.8618664684459605,-1.1361643815839337,1.4750177098406072
1771334352381,1.8618664684459605,-1.1361643815839337,1.4750177098406072
1771334352383,1.8618664684459605,-1.1361643815839337,1.4750177098406072
1771334352384,1.8618664684459605,-1.1361643815839337,1.4750177098406072
1771334352386,1.8618664684459605,-1.1361643815839337,1.4750177098406072
1771334352388,1.8618664684459605,-1.1361643815839337,1.4750177098406072
1771334352390,1.8618664684459605,-1.1361643815839337,1.4750177098406072
1771334352391,1.8618664684459605,-1.1361643815839337,1.4750177098406072
1771334352393,1.8618664684459605,-1.1361643815839337,1.4750177098406072
1771334352395,1.8618664684459605,-1.1361643815839337,1.4750177098406072
1771334352397,1.8618664684459605,-1.1361643815839337,1.4750177098406072
1771334352398,1.8618664684459605,-1.1361643815839337,1.4750177098406072
1771334352400,1.8618664684459605,-1.1361643815839337,1.4750177098406072
1771334352402,1.8618664684459605,-1.1361643815839337,1.4750177098406072
1771334352404,1.8618664684459605,-1.1361643815839337,1.4750177098406072
1771334352405,1.8618664684459605,-1.1361643815839337,1.4750177098406072
1771334352407,1.8618664684459605,-1.1361643815839337,1.4750177098406072
1771334352409,1.8618664684459605,-1.1361643815839337,1.4750177098406072
1771334352411,1.8618664684459605,-1.1361643815839337,1.4750177098406072
1771334352412,1.8618664684459605,-1.1361643815839337,1.4750177098406072
1771334352414,1.8618664684459605,-1.1361643815839337,1.4750177098406072
1771334352416,1.8618664684459605,-1.1361643815839337,1.4750177098406072
1771334352417,1.8618664684459605,-1.1361643815839337,1.4750177098406072
1771334352419,1.8618664684459605,-1.1361643815839337,1.4750177098406072
1771334352421,1.8618664684459605,-1.1361643815839337,1.4750177098406072
1771334352423,1.8618664684459605,-1.1361643815839337,1.4750177098406072
1771334352424,1.8618664684459605,-1.1361643815839337,1.4750177098406072
1771334352426,1.8618664684459605,-1.1361643815839337,1.4750177098406072
1771334352428,1.8618664684459605,-1.1361643815839337,1.4750177098406072
1771334352430,1.8618664684459605,-1.1361643815839337,1.4750177098406072
1771334352431,1.8618664684459605,-1.1361643815839337,1.4750177098406072
1771334352433,1.8618664684459605,-1.1361643815839337,1.4750177098406072
1771334352435,1.8618664684459605,-1.1361643815839337,1.4750177098406072
1771334352436,1.8618664684459605,-1.1361643815839337,1.4750177098406072
1771334352441,1.8618664684459605,-1.1361643815839337,1.4750177098406072
1771334352445,1.8618664684459605,-1.1361643815839337,1.4750177098406072
1771334352466,1.8618664684459605,-1.1361643815839337,1.4750177098406072
1771334352467,1.8618664684459605,-1.1361643815839337,1.4750177098406072
1771334352470,1.8618664684459605,-1.1361643815839337,1.4750177098406072
1771334352474,1.8618664684459605,-1.1361643815839337,1.4750177098406072
1771334352476,1.8618664684459605,-1.1361643815839337,1.4750177098406072
1771334352478,1.8618664684459605,-1.1361643815839337,1.4750177098406072
1771334352480,1.8618664684459605,-1.1361643815839337,1.4750177098406072
1771334352481,1.8618664684459605,-1.1361643815839337,1.4750177098406072
1771334352483,1.8618664684459605,-1.1361643815839337,1.4750177098406072
1771334352485,1.8618664684459605,-1.1361643815839337,1.4750177098406072
1771334352487,1.8618664684459605,-1.1361643815839337,1.4750177098406072
1771334352488,1.8618664684459605,-1.1361643815839337,1.4750177098406072
1771334352490,1.8618664684459605,-1.1361643815839337,1.4750177098406072
1771334352492,1.8618664684459605,-1.1361643815839337,1.4750177098406072
1771334352494,1.8618664684459605,-1.1361643815839337,1.4750177098406072
1771334352495,1.8618664684459605,-1.1361643815839337,1.4750177098406072
1771334352497,1.8618664684459605,-1.1361643815839337,1.4750177098406072
1771334352499,1.8618664684459605,-1.1361643815839337,1.4750177098406072
1771334352501,1.8618664684459605,-1.1361643815839337,1.4750177098406072
1771334352502,1.8618664684459605,-1.1361643815839337,1.4750177098406072
1771334352505,1.8618664684459605,-1.1361643815839337,1.4750177098406072
1771334352507,1.8413541850362998,-1.247368445068814,1.3544951816072675
1771334352508,1.8413541850362998,-1.247368445068814,1.3544951816072675
1771334352510,1.8413541850362998,-1.247368445068814,1.3544951816072675
1771334352511,1.8413541850362998,-1.247368445068814,1.3544951816072675
1771334352513,1.8413541850362998,-1.247368445068814,1.3544951816072675
1771334352515,1.8413541850362998,-1.247368445068814,1.3544951816072675
1771334352516,1.8413541850362998,-1.247368445068814,1.3544951816072675
1771334352518,1.8413541850362998,-1.247368445068814,1.3544951816072675
1771334352519,1.8413541850362998,-1.247368445068814,1.3544951816072675
1771334352521,1.8413541850362998,-1.247368445068814,1.3544951816072675
1771334352522,1.8413541850362998,-1.247368445068814,1.3544951816072675
1771334352524,1.8413541850362998,-1.247368445068814,1.3544951816072675
1771334352526,1.8413541850362998,-1.247368445068814,1.3544951816072675
1771334352527,1.8413541850362998,-1.247368445068814,1.3544951816072675
1771334352529,1.8413541850362998,-1.247368445068814,1.3544951816072675
1771334352530,1.8413541850362998,-1.247368445068814,1.3544951816072675
1771334352532,1.8413541850362998,-1.247368445068814,1.3544951816072675
1771334352534,1.8413541850362998,-1.247368445068814,1.3544951816072675
1771334352535,1.8413541850362998,-1.247368445068814,1.3544951816072675
1771334352537,1.8413541850362998,-1.247368445068814,1.3544951816072675
1771334352538,1.8413541850362998,-1.247368445068814,1.3544951816072675
1771334352540,1.8413541850362998,-1.247368445068814,1.3544951816072675
1771334352542,1.8413541850362998,-1.247368445068814,1.3544951816072675
1771334352543,1.8413541850362998,-1.247368445068814,1.3544951816072675
1771334352545,1.8413541850362998,-1.247368445068814,1.3544951816072675
1771334352546,1.8413541850362998,-1.247368445068814,1.3544951816072675
1771334352548,1.8413541850362998,-1.247368445068814,1.3544951816072675
1771334352549,1.8413541850362998,-1.247368445068814,1.3544951816072675
1771334352551,1.8413541850362998,-1.247368445068814,1.3544951816072675
1771334352553,1.8413541850362998,-1.247368445068814,1.3544951816072675
1771334352554,1.8413541850362998,-1.247368445068814,1.3544951816072675
1771334352556,1.8413541850362998,-1.247368445068814,1.3544951816072675
1771334352557,1.8413541850362998,-1.247368445068814,1.3544951816072675
1771334352559,1.8413541850362998,-1.247368445068814,1.3544951816072675
1771334352561,1.8413541850362998,-1.247368445068814,1.3544951816072675
1771334352562,1.8413541850362998,-1.247368445068814,1.3544951816072675
1771334352564,1.8413541850362998,-1.247368445068814,1.3544951816072675
1771334352565,1.8413541850362998,-1.247368445068814,1.3544951816072675
1771334352567,1.8413541850362998,-1.247368445068814,1.3544951816072675
1771334352568,1.8413541850362998,-1.247368445068814,1.3544951816072675
1771334352570,1.8413541850362998,-1.247368445068814,1.3544951816072675
1771334352572,1.8413541850362998,-1.247368445068814,1.3544951816072675
1771334352573,1.8413541850362998,-1.247368445068814,1.3544951816072675
1771334352575,1.8413541850362998,-1.247368445068814,1.3544951816072675
1771334352577,1.8413541850362998,-1.247368445068814,1.3544951816072675
1771334352578,1.8413541850362998,-1.247368445068814,1.3544951816072675
1771334352580,1.8413541850362998,-1.247368445068814,1.3544951816072675
1771334352581,1.8413541850362998,-1.247368445068814,1.3544951816072675
1771334352583,1.8413541850362998,-1.247368445068814,1.3544951816072675
1771334352584,1.8413541850362998,-1.247368445068814,1.3544951816072675
1771334352586,1.8413541850362998,-1.247368445068814,1.3544951816072675
1771334352588,1.8413541850362998,-1.247368445068814,1.3544951816072675
1771334352589,1.8413541850362998,-1.247368445068814,1.3544951816072675
1771334352591,1.8413541850362998,-1.247368445068814,1.3544951816072675
1771334352592,1.8413541850362998,-1.247368445068814,1.3544951816072675
1771334352594,1.8413541850362998,-1.247368445068814,1.3544951816072675
1771334352596,1.8413541850362998,-1.247368445068814,1.3544951816072675
1771334352597,1.8413541850362998,-1.247368445068814,1.3544951816072675
1771334352599,1.8413541850362998,-1.247368445068814,1.3544951816072675
1771334352600,1.8413541850362998,-1.247368445068814,1.3544951816072675
1771334352602,1.8413541850362998,-1.247368445068814,1.3544951816072675
1771334352604,1.8413541850362998,-1.247368445068814,1.3544951816072675
1771334352605,1.8413541850362998,-1.247368445068814,1.3544951816072675
1771334352607,1.8413541850362998,-1.247368445068814,1.3544951816072675
1771334352608,1.8413541850362998,-1.247368445068814,1.3544951816072675
1771334352610,1.8413541850362998,-1.247368445068814,1.3544951816072675
1771334352612,1.8413541850362998,-1.247368445068814,1.3544951816072675
1771334352613,1.8413541850362998,-1.247368445068814,1.3544951816072675
1771334352615,1.8413541850362998,-1.247368445068814,1.3544951816072675
1771334352616,1.8413541850362998,-1.247368445068814,1.3544951816072675
1771334352618,1.8413541850362998,-1.247368445068814,1.3544951816072675
1771334352619,1.8413541850362998,-1.247368445068814,1.3544951816072675
1771334352621,1.8413541850362998,-1.247368445068814,1.3544951816072675
1771334352623,1.8413541850362998,-1.247368445068814,1.3544951816072675
1771334352624,1.8413541850362998,-1.247368445068814,1.3544951816072675
1771334352626,1.8413541850362998,-1.247368445068814,1.3544951816072675
1771334352627,1.8413541850362998,-1.247368445068814,1.3544951816072675
1771334352629,1.8413541850362998,-1.247368445068814,1.3544951816072675
1771334352631,1.8413541850362998,-1.247368445068814,1.3544951816072675
1771334352632,1.8413541850362998,-1.247368445068814,1.3544951816072675
1771334352634,1.8413541850362998,-1.247368445068814,1.3544951816072675
1771334352635,1.8413541850362998,-1.247368445068814,1.3544951816072675
1771334352637,1.8413541850362998,-1.247368445068814,1.3544951816072675
1771334352638,1.8413541850362998,-1.247368445068814,1.3544951816072675
1771334352640,1.8413541850362998,-1.247368445068814,1.3544951816072675
1771334352642,1.8413541850362998,-1.247368445068814,1.3544951816072675
1771334352643,1.8413541850362998,-1.247368445068814,1.3544951816072675
1771334352645,1.8413541850362998,-1.247368445068814,1.3544951816072675
1771334352646,1.8413541850362998,-1.247368445068814,1.3544951816072675
1771334352648,1.8413541850362998,-1.247368445068814,1.3544951816072675
1771334352649,1.8413541850362998,-1.247368445068814,1.3544951816072675
1771334352651,1.8413541850362998,-1.247368445068814,1.3544951816072675
1771334352653,1.8413541850362998,-1.247368445068814,1.3544951816072675
1771334352654,1.8413541850362998,-1.247368445068814,1.3544951816072675
1771334352656,1.8413541850362998,-1.247368445068814,1.3544951816072675
1771334352657,1.8413541850362998,-1.247368445068814,1.3544951816072675
1771334352659,1.8413541850362998,-1.247368445068814,1.3544951816072675
1771334352660,1.8413541850362998,-1.247368445068814,1.3544951816072675
1771334352662,1.8413541850362998,-1.247368445068814,1.3544951816072675
1771334352664,1.8413541850362998,-1.247368445068814,1.3544951816072675
1771334352665,1.8413541850362998,-1.247368445068814,1.3544951816072675
1771334352667,1.8413541850362998,-1.247368445068814,1.3544951816072675
1771334352668,1.8413541850362998,-1.247368445068814,1.3544951816072675
1771334352670,1.8413541850362998,-1.247368445068814,1.3544951816072675
1771334352672,1.8413541850362998,-1.247368445068814,1.3544951816072675
1771334352673,1.8413541850362998,-1.247368445068814,1.3544951816072675
1771334352675,1.8413541850362998,-1.247368445068814,1.3544951816072675
1771334352676,1.8413541850362998,-1.247368445068814,1.3544951816072675
1771334352678,1.8413541850362998,-1.247368445068814,1.3544951816072675
1771334352679,1.8413541850362998,-1.247368445068814,1.3544951816072675
1771334352681,1.8413541850362998,-1.247368445068814,1.3544951816072675
1771334352683,1.8413541850362998,-1.247368445068814,1.3544951816072675
1771334352684,1.8413541850362998,-1.247368445068814,1.3544951816072675
1771334352686,1.8413541850362998,-1.247368445068814,1.3544951816072675
1771334352687,1.8413541850362998,-1.247368445068814,1.3544951816072675
1771334352689,1.8413541850362998,-1.247368445068814,1.3544951816072675
1771334352691,1.8413541850362998,-1.247368445068814,1.3544951816072675
1771334352692,1.8413541850362998,-1.247368445068814,1.3544951816072675
1771334352694,1.8413541850362998,-1.247368445068814,1.3544951816072675
1771334352695,1.8413541850362998,-1.247368445068814,1.3544951816072675
1771334352697,1.8413541850362998,-1.247368445068814,1.3544951816072675
1771334352698,1.8413541850362998,-1.247368445068814,1.3544951816072675
1771334352700,1.8413541850362998,-1.247368445068814,1.3544951816072675
1771334352702,1.8413541850362998,-1.247368445068814,1.3544951816072675
1771334352703,1.8413541850362998,-1.247368445068814,1.3544951816072675
1771334352705,1.8413541850362998,-1.247368445068814,1.3544951816072675
1771334352706,1.8413541850362998,-1.247368445068814,1.3544951816072675
1771334352708,1.8413541850362998,-1.247368445068814,1.3544951816072675
1771334352710,1.8413541850362998,-1.247368445068814,1.3544951816072675
1771334352711,1.8413541850362998,-1.247368445068814,1.3544951816072675
1771334352713,1.8413541850362998,-1.247368445068814,1.3544951816072675
1771334352714,1.8413541850362998,-1.247368445068814,1.3544951816072675
1771334352716,1.8413541850362998,-1.247368445068814,1.3544951816072675
1771334352718,1.8413541850362998,-1.247368445068814,1.3544951816072675
1771334352719,1.8413541850362998,-1.247368445068814,1.3544951816072675
1771334352721,1.8413541850362998,-1.247368445068814,1.3544951816072675
1771334352722,1.8413541850362998,-1.247368445068814,1.3544951816072675
1771334352724,1.8413541850362998,-1.247368445068814,1.3544951816072675
1771334352726,1.8413541850362998,-1.247368445068814,1.3544951816072675
1771334352727,1.8413541850362998,-1.247368445068814,1.3544951816072675
1771334352729,1.8413541850362998,-1.247368445068814,1.3544951816072675
1771334352730,1.8413541850362998,-1.247368445068814,1.3544951816072675
1771334352732,1.8413541850362998,-1.247368445068814,1.3544951816072675
1771334352733,1.8413541850362998,-1.247368445068814,1.3544951816072675
1771334352735,1.8413541850362998,-1.247368445068814,1.3544951816072675
1771334352737,1.8413541850362998,-1.247368445068814,1.3544951816072675
1771334352738,1.8413541850362998,-1.247368445068814,1.3544951816072675
1771334352740,1.8413541850362998,-1.247368445068814,1.3544951816072675
1771334352741,1.8413541850362998,-1.247368445068814,1.3544951816072675
1771334352743,1.8413541850362998,-1.247368445068814,1.3544951816072675
1771334352745,1.8413541850362998,-1.247368445068814,1.3544951816072675
1771334352746,1.8413541850362998,-1.247368445068814,1.3544951816072675
1771334352748,1.8413541850362998,-1.247368445068814,1.3544951816072675
1771334352749,1.8413541850362998,-1.247368445068814,1.3544951816072675
1771334352751,1.8413541850362998,-1.247368445068814,1.3544951816072675
1771334352752,1.8413541850362998,-1.247368445068814,1.3544951816072675
1771334352754,1.8413541850362998,-1.247368445068814,1.3544951816072675
1771334352756,1.8413541850362998,-1.247368445068814,1.3544951816072675
1771334352757,1.8413541850362998,-1.247368445068814,1.3544951816072675
1771334352759,1.8413541850362998,-1.247368445068814,1.3544951816072675
1771334352760,1.8413541850362998,-1.247368445068814,1.3544951816072675
1771334352762,1.8413541850362998,-1.247368445068814,1.3544951816072675
1771334352764,1.8413541850362998,-1.247368445068814,1.3544951816072675
1771334352765,1.8413541850362998,-1.247368445068814,1.3544951816072675
1771334352767,1.8413541850362998,-1.247368445068814,1.3544951816072675
1771334352768,1.8413541850362998,-1.247368445068814,1.3544951816072675
1771334352770,1.8413541850362998,-1.247368445068814,1.3544951816072675
1771334352771,1.8413541850362998,-1.247368445068814,1.3544951816072675
1771334352773,1.8413541850362998,-1.247368445068814,1.3544951816072675
1771334352775,1.8413541850362998,-1.247368445068814,1.3544951816072675
1771334352776,1.8413541850362998,-1.247368445068814,1.3544951816072675
1771334352778,1.8413541850362998,-1.247368445068814,1.3544951816072675
1771334352779,1.8413541850362998,-1.247368445068814,1.3544951816072675
1771334352781,1.8413541850362998,-1.247368445068814,1.3544951816072675
1771334352783,1.8413541850362998,-1.247368445068814,1.3544951816072675
1771334352784,1.8413541850362998,-1.247368445068814,1.3544951816072675
1771334352786,1.8413541850362998,-1.247368445068814,1.3544951816072675
1771334352787,1.8413541850362998,-1.247368445068814,1.3544951816072675
1771334352789,1.8413541850362998,-1.247368445068814,1.3544951816072675
1771334352791,1.8413541850362998,-1.247368445068814,1.3544951816072675
1771334352792,1.8413541850362998,-1.247368445068814,1.3544951816072675
1771334352794,1.8413541850362998,-1.247368445068814,1.3544951816072675
1771334352795,1.8413541850362998,-1.247368445068814,1.3544951816072675
1771334352797,1.8413541850362998,-1.247368445068814,1.3544951816072675
1771334352798,1.8413541850362998,-1.247368445068814,1.3544951816072675
1771334352800,1.8413541850362998,-1.247368445068814,1.3544951816072675
1771334352802,1.8413541850362998,-1.247368445068814,1.3544951816072675
1771334352803,1.8413541850362998,-1.247368445068814,1.3544951816072675
1771334352805,1.8413541850362998,-1.247368445068814,1.3544951816072675
1771334352806,1.8413541850362998,-1.247368445068814,1.3544951816072675
1771334352808,1.8413541850362998,-1.247368445068814,1.3544951816072675
1771334352810,1.8413541850362998,-1.247368445068814,1.3544951816072675
1771334352811,1.8413541850362998,-1.247368445068814,1.3544951816072675
1771334352813,1.8413541850362998,-1.247368445068814,1.3544951816072675
1771334352814,1.8413541850362998,-1.247368445068814,1.3544951816072675
1771334352816,1.8413541850362998,-1.247368445068814,1.3544951816072675
1771334352817,1.8413541850362998,-1.247368445068814,1.3544951816072675
1771334352819,1.8413541850362998,-1.247368445068814,1.3544951816072675
1771334352821,1.8413541850362998,-1.247368445068814,1.3544951816072675
1771334352822,1.8413541850362998,-1.247368445068814,1.3544951816072675
1771334352824,1.8413541850362998,-1.247368445068814,1.3544951816072675
1771334352825,1.8413541850362998,-1.247368445068814,1.3544951816072675
1771334352827,1.8413541850362998,-1.247368445068814,1.3544951816072675
1771334352829,1.8413541850362998,-1.247368445068814,1.3544951816072675
1771334352830,1.8413541850362998,-1.247368445068814,1.3544951816072675
1771334352832,1.8413541850362998,-1.247368445068814,1.3544951816072675
1771334352833,1.8413541850362998,-1.247368445068814,1.3544951816072675
1771334352835,1.8413541850362998,-1.247368445068814,1.3544951816072675
1771334352836,1.8413541850362998,-1.247368445068814,1.3544951816072675
1771334352838,1.8413541850362998,-1.247368445068814,1.3544951816072675
1771334352840,1.8413541850362998,-1.247368445068814,1.3544951816072675
1771334352841,1.8413541850362998,-1.247368445068814,1.3544951816072675
1771334352843,1.8413541850362998,-1.247368445068814,1.3544951816072675
1771334352844,1.8413541850362998,-1.247368445068814,1.3544951816072675
1771334352846,1.8413541850362998,-1.247368445068814,1.3544951816072675
1771334352847,1.8413541850362998,-1.247368445068814,1.3544951816072675
1771334352849,1.8413541850362998,-1.247368445068814,1.3544951816072675
1771334352851,1.8413541850362998,-1.247368445068814,1.3544951816072675
1771334352852,1.8413541850362998,-1.247368445068814,1.3544951816072675
1771334352854,1.8413541850362998,-1.247368445068814,1.3544951816072675
1771334352855,1.8413541850362998,-1.247368445068814,1.3544951816072675
1771334352857,1.8413541850362998,-1.247368445068814,1.3544951816072675
1771334352859,1.8413541850362998,-1.247368445068814,1.3544951816072675
1771334352860,1.8413541850362998,-1.247368445068814,1.3544951816072675
1771334352862,1.8413541850362998,-1.247368445068814,1.3544951816072675
1771334352863,1.8413541850362998,-1.247368445068814,1.3544951816072675
1771334352865,1.8413541850362998,-1.247368445068814,1.3544951816072675
1771334352866,1.8413541850362998,-1.247368445068814,1.3544951816072675
1771334352868,1.8413541850362998,-1.247368445068814,1.3544951816072675
1771334352870,1.8413541850362998,-1.247368445068814,1.3544951816072675
1771334352872,1.858416843263905,-1.3083730375794551,1.319800423496707
1771334352873,1.858416843263905,-1.3083730375794551,1.319800423496707
1771334352875,1.858416843263905,-1.3083730375794551,1.319800423496707
1771334352877,1.858416843263905,-1.3083730375794551,1.319800423496707
1771334352878,1.858416843263905,-1.3083730375794551,1.319800423496707
1771334352880,1.858416843263905,-1.3083730375794551,1.319800423496707
1771334352882,1.858416843263905,-1.3083730375794551,1.319800423496707
1771334352883,1.8486275282769757,-1.274400797138523,1.3391513531173904
1771334352885,1.8486275282769757,-1.274400797138523,1.3391513531173904
1771334352886,1.8486275282769757,-1.274400797138523,1.3391513531173904
1771334352888,1.8486275282769757,-1.274400797138523,1.3391513531173904
1771334352889,1.8486275282769757,-1.274400797138523,1.3391513531173904
1771334352891,1.8486275282769757,-1.274400797138523,1.3391513531173904
1771334352892,1.8486275282769757,-1.274400797138523,1.3391513531173904
1771334352893,1.8486275282769757,-1.274400797138523,1.3391513531173904
1771334352895,1.8486275282769757,-1.274400797138523,1.3391513531173904
1771334352896,1.8486275282769757,-1.274400797138523,1.3391513531173904
1771334352898,1.8486275282769757,-1.274400797138523,1.3391513531173904
1771334352899,1.8486275282769757,-1.274400797138523,1.3391513531173904
1771334352901,1.8486275282769757,-1.274400797138523,1.3391513531173904
1771334352902,1.8486275282769757,-1.274400797138523,1.3391513531173904
1771334352903,1.8486275282769757,-1.274400797138523,1.3391513531173904
1771334352905,1.8486275282769757,-1.274400797138523,1.3391513531173904
1771334352906,1.8486275282769757,-1.274400797138523,1.3391513531173904
1771334352908,1.8486275282769757,-1.274400797138523,1.3391513531173904
1771334352909,1.8486275282769757,-1.274400797138523,1.3391513531173904
1771334352911,1.8486275282769757,-1.274400797138523,1.3391513531173904
1771334352912,1.8486275282769757,-1.274400797138523,1.3391513531173904
1771334352913,1.8486275282769757,-1.274400797138523,1.3391513531173904
1771334352915,1.8486275282769757,-1.274400797138523,1.3391513531173904
1771334352916,1.8486275282769757,-1.274400797138523,1.3391513531173904
1771334352918,1.8486275282769757,-1.274400797138523,1.3391513531173904
1771334352919,1.8486275282769757,-1.274400797138523,1.3391513531173904
1771334352921,1.8486275282769757,-1.274400797138523,1.3391513531173904
1771334352922,1.8486275282769757,-1.274400797138523,1.3391513531173904
1771334352924,1.8486275282769757,-1.274400797138523,1.3391513531173904
1771334352925,1.8486275282769757,-1.274400797138523,1.3391513531173904
1771334352926,1.8486275282769757,-1.274400797138523,1.3391513531173904
1771334352928,1.8486275282769757,-1.274400797138523,1.3391513531173904
1771334352929,1.8486275282769757,-1.274400797138523,1.3391513531173904
1771334352931,1.8486275282769757,-1.274400797138523,1.3391513531173904
1771334352932,1.8486275282769757,-1.274400797138523,1.3391513531173904
1771334352934,1.8486275282769757,-1.274400797138523,1.3391513531173904
1771334352935,1.8486275282769757,-1.274400797138523,1.3391513531173904
1771334352936,1.8486275282769757,-1.274400797138523,1.3391513531173904
1771334352938,1.8486275282769757,-1.274400797138523,1.3391513531173904
1771334352939,1.8486275282769757,-1.274400797138523,1.3391513531173904
1771334352941,1.8486275282769757,-1.274400797138523,1.3391513531173904
1771334352942,1.8486275282769757,-1.274400797138523,1.3391513531173904
1771334352944,1.8486275282769757,-1.274400797138523,1.3391513531173904
1771334352945,1.8486275282769757,-1.274400797138523,1.3391513531173904
1771334352947,1.8486275282769757,-1.274400797138523,1.3391513531173904
1771334352948,1.8486275282769757,-1.274400797138523,1.3391513531173904
1771334352950,1.8486275282769757,-1.274400797138523,1.3391513531173904
1771334352952,1.8486275282769757,-1.274400797138523,1.3391513531173904
1771334352954,1.869709520732186,-1.2318257700338455,1.406562819143569
1771334352955,1.869709520732186,-1.2318257700338455,1.406562819143569
1771334352957,1.869709520732186,-1.2318257700338455,1.406562819143569
1771334352958,1.869709520732186,-1.2318257700338455,1.406562819143569
1771334352960,1.869709520732186,-1.2318257700338455,1.406562819143569
1771334352961,1.869709520732186,-1.2318257700338455,1.406562819143569
1771334352963,1.869709520732186,-1.2318257700338455,1.406562819143569
1771334352964,1.869709520732186,-1.2318257700338455,1.406562819143569
1771334352966,1.869709520732186,-1.2318257700338455,1.406562819143569
1771334352967,1.869709520732186,-1.2318257700338455,1.406562819143569
1771334352969,1.869709520732186,-1.2318257700338455,1.406562819143569
1771334352970,1.869709520732186,-1.2318257700338455,1.406562819143569
1771334352972,1.869709520732186,-1.2318257700338455,1.406562819143569
1771334352973,1.869709520732186,-1.2318257700338455,1.406562819143569
1771334352975,1.869709520732186,-1.2318257700338455,1.406562819143569
1771334352976,1.869709520732186,-1.2318257700338455,1.406562819143569
1771334352978,1.869709520732186,-1.2318257700338455,1.406562819143569
1771334352979,1.869709520732186,-1.2318257700338455,1.406562819143569
1771334352981,1.869709520732186,-1.2318257700338455,1.406562819143569
1771334352982,1.869709520732186,-1.2318257700338455,1.406562819143569
1771334352984,1.869709520732186,-1.2318257700338455,1.406562819143569
1771334352985,1.869709520732186,-1.2318257700338455,1.406562819143569
1771334352987,1.869709520732186,-1.2318257700338455,1.406562819143569
1771334352988,1.869709520732186,-1.2318257700338455,1.406562819143569
1771334352990,1.869709520732186,-1.2318257700338455,1.406562819143569
1771334352991,1.869709520732186,-1.2318257700338455,1.406562819143569
1771334352993,1.869709520732186,-1.2318257700338455,1.406562819143569
1771334352994,1.869709520732186,-1.2318257700338455,1.406562819143569
1771334352996,1.869709520732186,-1.2318257700338455,1.406562819143569
1771334352998,1.869709520732186,-1.2318257700338455,1.406562819143569
1771334352998,0.27137823194196903,-0.000780113362881473,0.27137711066906545
1771334352999,0.27137823194196903,-0.000780113362881473,0.27137711066906545
1771334353000,0.27137823194196903,-0.000780113362881473,0.27137711066906545
1771334353001,0.27137823194196903,-0.000780113362881473,0.27137711066906545
1771334353002,0.27137823194196903,-0.000780113362881473,0.27137711066906545
1771334353003,0.27137823194196903,-0.000780113362881473,0.27137711066906545
1771334353004,0.27137823194196903,-0.000780113362881473,0.27137711066906545
1771334353005,0.27137823194196903,-0.000780113362881473,0.27137711066906545
1771334353006,0.27137823194196903,-0.000780113362881473,0.27137711066906545
1771334353007,0.27137823194196903,-0.000780113362881473,0.27137711066906545
1771334353007,0.27137823194196903,-0.000780113362881473,0.27137711066906545
1771334353008,0.27137823194196903,-0.000780113362881473,0.27137711066906545
1771334353009,0.27137823194196903,-0.000780113362881473,0.27137711066906545
1771334353011,1.8721297510335602,-1.239305067168599,1.4032080227803767
1771334353012,1.8721297510335602,-1.239305067168599,1.4032080227803767
1771334353014,1.8721297510335602,-1.239305067168599,1.4032080227803767
1771334353015,1.8721297510335602,-1.239305067168599,1.4032080227803767
1771334353017,1.8721297510335602,-1.239305067168599,1.4032080227803767
1771334353018,1.8721297510335602,-1.239305067168599,1.4032080227803767
1771334353020,1.8721297510335602,-1.239305067168599,1.4032080227803767
1771334353021,1.8721297510335602,-1.239305067168599,1.4032080227803767
1771334353023,1.8721297510335602,-1.239305067168599,1.4032080227803767
1771334353025,1.8721297510335602,-1.239305067168599,1.4032080227803767
1771334353026,1.8721297510335602,-1.239305067168599,1.4032080227803767
1771334353027,1.8721297510335602,-1.239305067168599,1.4032080227803767
1771334353029,1.8721297510335602,-1.239305067168599,1.4032080227803767
1771334353030,1.8721297510335602,-1.239305067168599,1.4032080227803767
1771334353032,1.8721297510335602,-1.239305067168599,1.4032080227803767
1771334353033,1.8721297510335602,-1.239305067168599,1.4032080227803767
1771334353035,1.8721297510335602,-1.239305067168599,1.4032080227803767
1771334353036,1.8721297510335602,-1.239305067168599,1.4032080227803767
1771334353038,1.8721297510335602,-1.239305067168599,1.4032080227803767
1771334353039,1.8721297510335602,-1.239305067168599,1.4032080227803767
1771334353041,1.8721297510335602,-1.239305067168599,1.4032080227803767
1771334353042,1.8721297510335602,-1.239305067168599,1.4032080227803767
1771334353044,1.8721297510335602,-1.239305067168599,1.4032080227803767
1771334353045,1.8721297510335602,-1.239305067168599,1.4032080227803767
1771334353047,1.8721297510335602,-1.239305067168599,1.4032080227803767
1771334353048,1.8721297510335602,-1.239305067168599,1.4032080227803767
1771334353050,1.8721297510335602,-1.239305067168599,1.4032080227803767
1771334353051,1.8721297510335602,-1.239305067168599,1.4032080227803767
1771334353053,1.8721297510335602,-1.239305067168599,1.4032080227803767
1771334353054,1.8721297510335602,-1.239305067168599,1.4032080227803767
1771334353056,1.8721297510335602,-1.239305067168599,1.4032080227803767
1771334353057,1.8721297510335602,-1.239305067168599,1.4032080227803767
1771334353059,1.8721297510335602,-1.239305067168599,1.4032080227803767
1771334353060,1.8721297510335602,-1.239305067168599,1.4032080227803767
1771334353062,1.8721297510335602,-1.239305067168599,1.4032080227803767
1771334353063,1.8721297510335602,-1.239305067168599,1.4032080227803767
1771334353065,1.8721297510335602,-1.239305067168599,1.4032080227803767
1771334353066,1.8721297510335602,-1.239305067168599,1.4032080227803767
1771334353068,1.8721297510335602,-1.239305067168599,1.4032080227803767
1771334353069,1.8721297510335602,-1.239305067168599,1.4032080227803767
1771334353071,1.8721297510335602,-1.239305067168599,1.4032080227803767
1771334353072,1.8721297510335602,-1.239305067168599,1.4032080227803767
1771334353074,1.8721297510335602,-1.239305067168599,1.4032080227803767
1771334353076,1.8721297510335602,-1.239305067168599,1.4032080227803767
1771334353077,1.8721297510335602,-1.239305067168599,1.4032080227803767
1771334353078,1.8721297510335602,-1.239305067168599,1.4032080227803767
1771334353080,1.8721297510335602,-1.239305067168599,1.4032080227803767
1771334353081,1.8721297510335602,-1.239305067168599,1.4032080227803767
1771334353083,1.8721297510335602,-1.239305067168599,1.4032080227803767
1771334353084,1.8721297510335602,-1.239305067168599,1.4032080227803767
1771334353086,1.8721297510335602,-1.239305067168599,1.4032080227803767
1771334353087,1.8721297510335602,-1.239305067168599,1.4032080227803767
1771334353089,1.8721297510335602,-1.239305067168599,1.4032080227803767
1771334353090,1.8721297510335602,-1.239305067168599,1.4032080227803767
1771334353092,1.8721297510335602,-1.239305067168599,1.4032080227803767
1771334353093,1.8721297510335602,-1.239305067168599,1.4032080227803767
1771334353095,1.8721297510335602,-1.239305067168599,1.4032080227803767
1771334353096,1.8721297510335602,-1.239305067168599,1.4032080227803767
1771334353098,1.8721297510335602,-1.239305067168599,1.4032080227803767
1771334353099,1.8721297510335602,-1.239305067168599,1.4032080227803767
1771334353101,1.8721297510335602,-1.239305067168599,1.4032080227803767
1771334353102,1.8721297510335602,-1.239305067168599,1.4032080227803767
1771334353104,1.8721297510335602,-1.239305067168599,1.4032080227803767
1771334353105,1.8721297510335602,-1.239305067168599,1.4032080227803767
1771334353107,1.8721297510335602,-1.239305067168599,1.4032080227803767
1771334353108,1.8721297510335602,-1.239305067168599,1.4032080227803767
1771334353110,1.8721297510335602,-1.239305067168599,1.4032080227803767
1771334353111,1.8721297510335602,-1.239305067168599,1.4032080227803767
1771334353113,1.8721297510335602,-1.239305067168599,1.4032080227803767
1771334353114,1.8721297510335602,-1.239305067168599,1.4032080227803767
1771334353116,1.8721297510335602,-1.239305067168599,1.4032080227803767
1771334353117,1.8721297510335602,-1.239305067168599,1.4032080227803767
1771334353119,1.8721297510335602,-1.239305067168599,1.4032080227803767
1771334353120,1.8721297510335602,-1.239305067168599,1.4032080227803767
1771334353122,1.8721297510335602,-1.239305067168599,1.4032080227803767
1771334353123,1.8721297510335602,-1.239305067168599,1.4032080227803767
1771334353125,1.8721297510335602,-1.239305067168599,1.4032080227803767
1771334353126,1.8721297510335602,-1.239305067168599,1.4032080227803767
1771334353128,1.8721297510335602,-1.239305067168599,1.4032080227803767
1771334353129,1.8721297510335602,-1.239305067168599,1.4032080227803767
1771334353131,1.8721297510335602,-1.239305067168599,1.4032080227803767
1771334353132,1.8721297510335602,-1.239305067168599,1.4032080227803767
1771334353134,1.8721297510335602,-1.239305067168599,1.4032080227803767
1771334353135,1.8721297510335602,-1.239305067168599,1.4032080227803767
1771334353137,1.8721297510335602,-1.239305067168599,1.4032080227803767
1771334353138,1.8721297510335602,-1.239305067168599,1.4032080227803767
1771334353140,1.8721297510335602,-1.239305067168599,1.4032080227803767
1771334353141,1.8721297510335602,-1.239305067168599,1.4032080227803767
1771334353143,1.8721297510335602,-1.239305067168599,1.4032080227803767
1771334353144,1.8721297510335602,-1.239305067168599,1.4032080227803767
1771334353146,1.8721297510335602,-1.239305067168599,1.4032080227803767
1771334353147,1.8721297510335602,-1.239305067168599,1.4032080227803767
1771334353149,1.8721297510335602,-1.239305067168599,1.4032080227803767
1771334353151,1.8721297510335602,-1.239305067168599,1.4032080227803767
1771334353152,1.869709520732186,-1.2318257700338455,1.406562819143569
1771334353154,1.869709520732186,-1.2318257700338455,1.406562819143569
1771334353155,1.869709520732186,-1.2318257700338455,1.406562819143569
1771334353157,1.869709520732186,-1.2318257700338455,1.406562819143569
1771334353158,1.869709520732186,-1.2318257700338455,1.406562819143569
1771334353160,1.869709520732186,-1.2318257700338455,1.406562819143569
1771334353161,1.869709520732186,-1.2318257700338455,1.406562819143569
1771334353163,1.869709520732186,-1.2318257700338455,1.406562819143569
1771334353164,1.869709520732186,-1.2318257700338455,1.406562819143569
1771334353166,1.869709520732186,-1.2318257700338455,1.406562819143569
1771334353168,1.869709520732186,-1.2318257700338455,1.406562819143569
1771334353169,1.869709520732186,-1.2318257700338455,1.406562819143569
1771334353171,1.869709520732186,-1.2318257700338455,1.406562819143569
1771334353172,1.869709520732186,-1.2318257700338455,1.406562819143569
1771334353174,1.869709520732186,-1.2318257700338455,1.406562819143569
1771334353175,1.869709520732186,-1.2318257700338455,1.406562819143569
1771334353177,1.869709520732186,-1.2318257700338455,1.406562819143569
1771334353178,1.869709520732186,-1.2318257700338455,1.406562819143569
1771334353180,1.869709520732186,-1.2318257700338455,1.406562819143569
1771334353181,1.869709520732186,-1.2318257700338455,1.406562819143569
1771334353183,1.869709520732186,-1.2318257700338455,1.406562819143569
1771334353184,1.869709520732186,-1.2318257700338455,1.406562819143569
1771334353186,1.869709520732186,-1.2318257700338455,1.406562819143569
1771334353187,1.869709520732186,-1.2318257700338455,1.406562819143569
1771334353189,1.869709520732186,-1.2318257700338455,1.406562819143569
1771334353190,1.869709520732186,-1.2318257700338455,1.406562819143569
1771334353192,1.869709520732186,-1.2318257700338455,1.406562819143569
1771334353193,1.869709520732186,-1.2318257700338455,1.406562819143569
1771334353195,1.869709520732186,-1.2318257700338455,1.406562819143569
1771334353197,1.869709520732186,-1.2318257700338455,1.406562819143569
1771334353198,1.8721297510335602,-1.239305067168599,1.4032080227803767
1771334353200,1.8721297510335602,-1.239305067168599,1.4032080227803767
1771334353201,1.8721297510335602,-1.239305067168599,1.4032080227803767
1771334353203,1.8721297510335602,-1.239305067168599,1.4032080227803767
1771334353204,1.8721297510335602,-1.239305067168599,1.4032080227803767
1771334353206,1.8721297510335602,-1.239305067168599,1.4032080227803767
1771334353207,1.8721297510335602,-1.239305067168599,1.4032080227803767
1771334353209,1.8721297510335602,-1.239305067168599,1.4032080227803767
1771334353210,1.8721297510335602,-1.239305067168599,1.4032080227803767
1771334353212,1.8721297510335602,-1.239305067168599,1.4032080227803767
1771334353213,1.8721297510335602,-1.239305067168599,1.4032080227803767
1771334353215,1.8721297510335602,-1.239305067168599,1.4032080227803767
1771334353216,1.8721297510335602,-1.239305067168599,1.4032080227803767
1771334353218,1.8721297510335602,-1.239305067168599,1.4032080227803767
1771334353219,1.8721297510335602,-1.239305067168599,1.4032080227803767
1771334353221,1.8721297510335602,-1.239305067168599,1.4032080227803767
1771334353222,1.8721297510335602,-1.239305067168599,1.4032080227803767
1771334353224,1.8721297510335602,-1.239305067168599,1.4032080227803767
1771334353225,1.8721297510335602,-1.239305067168599,1.4032080227803767
1771334353227,1.8721297510335602,-1.239305067168599,1.4032080227803767
1771334353228,1.8721297510335602,-1.239305067168599,1.4032080227803767
1771334353230,1.8721297510335602,-1.239305067168599,1.4032080227803767
1771334353231,1.8721297510335602,-1.239305067168599,1.4032080227803767
1771334353233,1.8721297510335602,-1.239305067168599,1.4032080227803767
1771334353234,1.8721297510335602,-1.239305067168599,1.4032080227803767
1771334353236,1.8721297510335602,-1.239305067168599,1.4032080227803767
1771334353237,1.8721297510335602,-1.239305067168599,1.4032080227803767
1771334353239,1.8721297510335602,-1.239305067168599,1.4032080227803767
1771334353240,1.8721297510335602,-1.239305067168599,1.4032080227803767
1771334353242,1.8721297510335602,-1.239305067168599,1.4032080227803767
1771334353243,1.8721297510335602,-1.239305067168599,1.4032080227803767
1771334353245,1.8721297510335602,-1.239305067168599,1.4032080227803767
1771334353246,1.8721297510335602,-1.239305067168599,1.4032080227803767
1771334353248,1.8721297510335602,-1.239305067168599,1.4032080227803767
1771334353249,1.8721297510335602,-1.239305067168599,1.4032080227803767
1771334353251,1.8721297510335602,-1.239305067168599,1.4032080227803767
1771334353252,1.8721297510335602,-1.239305067168599,1.4032080227803767
1771334353254,1.8721297510335602,-1.239305067168599,1.4032080227803767
1771334353255,1.8721297510335602,-1.239305067168599,1.4032080227803767
1771334353257,1.8721297510335602,-1.239305067168599,1.4032080227803767
1771334353258,1.8721297510335602,-1.239305067168599,1.4032080227803767
1771334353260,1.8721297510335602,-1.239305067168599,1.4032080227803767
1771334353261,1.8721297510335602,-1.239305067168599,1.4032080227803767
1771334353263,1.8721297510335602,-1.239305067168599,1.4032080227803767
1771334353264,1.8721297510335602,-1.239305067168599,1.4032080227803767
1771334353266,1.8721297510335602,-1.239305067168599,1.4032080227803767
1771334353267,1.8721297510335602,-1.239305067168599,1.4032080227803767
1771334353269,1.8721297510335602,-1.239305067168599,1.4032080227803767
1771334353270,1.8721297510335602,-1.239305067168599,1.4032080227803767
1771334353272,1.8721297510335602,-1.239305067168599,1.4032080227803767
1771334353273,1.8721297510335602,-1.239305067168599,1.4032080227803767
1771334353275,1.8721297510335602,-1.239305067168599,1.4032080227803767
1771334353276,1.8721297510335602,-1.239305067168599,1.4032080227803767
1771334353278,1.8721297510335602,-1.239305067168599,1.4032080227803767
1771334353279,1.8721297510335602,-1.239305067168599,1.4032080227803767
1771334353281,1.8721297510335602,-1.239305067168599,1.4032080227803767
1771334353282,1.8721297510335602,-1.239305067168599,1.4032080227803767
1771334353284,1.8721297510335602,-1.239305067168599,1.4032080227803767
1771334353285,1.8721297510335602,-1.239305067168599,1.4032080227803767
1771334353287,1.8721297510335602,-1.239305067168599,1.4032080227803767
1771334353288,1.8721297510335602,-1.239305067168599,1.4032080227803767
1771334353290,1.8721297510335602,-1.239305067168599,1.4032080227803767
1771334353292,1.8721297510335602,-1.239305067168599,1.4032080227803767
1771334353293,1.8721297510335602,-1.239305067168599,1.4032080227803767
1771334353295,1.8721297510335602,-1.239305067168599,1.4032080227803767
1771334353296,1.8721297510335602,-1.239305067168599,1.4032080227803767
1771334353298,1.8721297510335602,-1.239305067168599,1.4032080227803767
1771334353299,1.8721297510335602,-1.239305067168599,1.4032080227803767
1771334353301,1.8721297510335602,-1.239305067168599,1.4032080227803767
1771334353302,1.8721297510335602,-1.239305067168599,1.4032080227803767
1771334353303,1.8721297510335602,-1.239305067168599,1.4032080227803767
1771334353305,1.8721297510335602,-1.239305067168599,1.4032080227803767
1771334353306,1.8721297510335602,-1.239305067168599,1.4032080227803767
1771334353308,1.8721297510335602,-1.239305067168599,1.4032080227803767
1771334353309,1.8721297510335602,-1.239305067168599,1.4032080227803767
1771334353311,1.8721297510335602,-1.239305067168599,1.4032080227803767
1771334353312,1.8721297510335602,-1.239305067168599,1.4032080227803767
1771334353314,1.8721297510335602,-1.239305067168599,1.4032080227803767
1771334353315,1.8721297510335602,-1.239305067168599,1.4032080227803767
1771334353317,1.8721297510335602,-1.239305067168599,1.4032080227803767
1771334353318,1.8721297510335602,-1.239305067168599,1.4032080227803767
1771334353320,1.8721297510335602,-1.239305067168599,1.4032080227803767
1771334353321,1.8721297510335602,-1.239305067168599,1.4032080227803767
1771334353323,1.8721297510335602,-1.239305067168599,1.4032080227803767
1771334353325,1.8721297510335602,-1.239305067168599,1.4032080227803767
1771334353326,1.8721297510335602,-1.239305067168599,1.4032080227803767
1771334353328,1.8721297510335602,-1.239305067168599,1.4032080227803767
1771334353329,1.8721297510335602,-1.239305067168599,1.4032080227803767
1771334353330,1.8721297510335602,-1.239305067168599,1.4032080227803767
1771334353332,1.8721297510335602,-1.239305067168599,1.4032080227803767
1771334353333,1.8721297510335602,-1.239305067168599,1.4032080227803767
1771334353335,1.8721297510335602,-1.239305067168599,1.4032080227803767
1771334353336,1.8721297510335602,-1.239305067168599,1.4032080227803767
1771334353338,1.8721297510335602,-1.239305067168599,1.4032080227803767
1771334353339,1.8721297510335602,-1.239305067168599,1.4032080227803767
1771334353341,1.8721297510335602,-1.239305067168599,1.4032080227803767
1771334353342,1.8721297510335602,-1.239305067168599,1.4032080227803767
1771334353344,1.8721297510335602,-1.239305067168599,1.4032080227803767
1771334353345,1.8721297510335602,-1.239305067168599,1.4032080227803767
1771334353347,1.8721297510335602,-1.239305067168599,1.4032080227803767
1771334353348,1.8721297510335602,-1.239305067168599,1.4032080227803767
1771334353350,1.8721297510335602,-1.239305067168599,1.4032080227803767
1771334353351,1.8721297510335602,-1.239305067168599,1.4032080227803767
1771334353353,1.8721297510335602,-1.239305067168599,1.4032080227803767
1771334353354,1.8721297510335602,-1.239305067168599,1.4032080227803767
1771334353356,1.8721297510335602,-1.239305067168599,1.4032080227803767
1771334353357,1.8721297510335602,-1.239305067168599,1.4032080227803767
1771334353359,1.8721297510335602,-1.239305067168599,1.4032080227803767
1771334353360,1.8721297510335602,-1.239305067168599,1.4032080227803767
1771334353362,1.8721297510335602,-1.239305067168599,1.4032080227803767
1771334353363,1.8721297510335602,-1.239305067168599,1.4032080227803767
1771334353365,1.8721297510335602,-1.239305067168599,1.4032080227803767
1771334353366,1.8721297510335602,-1.239305067168599,1.4032080227803767
1771334353368,1.8721297510335602,-1.239305067168599,1.4032080227803767
1771334353369,1.8721297510335602,-1.239305067168599,1.4032080227803767
1771334353371,1.8721297510335602,-1.239305067168599,1.4032080227803767
1771334353372,1.8721297510335602,-1.239305067168599,1.4032080227803767
1771334353374,1.8721297510335602,-1.239305067168599,1.4032080227803767
1771334353375,1.8721297510335602,-1.239305067168599,1.4032080227803767
1771334353377,1.8721297510335602,-1.239305067168599,1.4032080227803767
1771334353378,1.8721297510335602,-1.239305067168599,1.4032080227803767
1771334353380,1.8721297510335602,-1.239305067168599,1.4032080227803767
1771334353381,1.8721297510335602,-1.239305067168599,1.4032080227803767
1771334353383,1.8721297510335602,-1.239305067168599,1.4032080227803767
1771334353384,1.8721297510335602,-1.239305067168599,1.4032080227803767
1771334353386,1.8721297510335602,-1.239305067168599,1.4032080227803767
1771334353387,1.8721297510335602,-1.239305067168599,1.4032080227803767
1771334353389,1.8721297510335602,-1.239305067168599,1.4032080227803767
1771334353390,1.8721297510335602,-1.239305067168599,1.4032080227803767
1771334353392,1.8721297510335602,-1.239305067168599,1.4032080227803767
1771334353393,1.8721297510335602,-1.239305067168599,1.4032080227803767
1771334353395,1.8721297510335602,-1.239305067168599,1.4032080227803767
1771334353396,1.8721297510335602,-1.239305067168599,1.4032080227803767
1771334353398,1.8721297510335602,-1.239305067168599,1.4032080227803767
1771334353399,1.8721297510335602,-1.239305067168599,1.4032080227803767
1771334353401,1.8721297510335602,-1.239305067168599,1.4032080227803767
1771334353402,1.8721297510335602,-1.239305067168599,1.4032080227803767
1771334353404,1.8721297510335602,-1.239305067168599,1.4032080227803767
1771334353405,1.8721297510335602,-1.239305067168599,1.4032080227803767
1771334353407,1.8721297510335602,-1.239305067168599,1.4032080227803767
1771334353408,1.8721297510335602,-1.239305067168599,1.4032080227803767
1771334353410,1.8721297510335602,-1.239305067168599,1.4032080227803767
1771334353411,1.8721297510335602,-1.239305067168599,1.4032080227803767
1771334353413,1.8721297510335602,-1.239305067168599,1.4032080227803767
1771334353414,1.8721297510335602,-1.239305067168599,1.4032080227803767
1771334353416,1.8721297510335602,-1.239305067168599,1.4032080227803767
1771334353417,1.8721297510335602,-1.239305067168599,1.4032080227803767
1771334353419,1.8721297510335602,-1.239305067168599,1.4032080227803767
1771334353420,1.8721297510335602,-1.239305067168599,1.4032080227803767
1771334353422,1.8721297510335602,-1.239305067168599,1.4032080227803767
1771334353423,1.8721297510335602,-1.239305067168599,1.4032080227803767
1771334353425,1.8721297510335602,-1.239305067168599,1.4032080227803767
1771334353426,1.8721297510335602,-1.239305067168599,1.4032080227803767
1771334353428,1.8721297510335602,-1.239305067168599,1.4032080227803767
1771334353429,1.8721297510335602,-1.239305067168599,1.4032080227803767
1771334353431,1.8721297510335602,-1.239305067168599,1.4032080227803767
1771334353432,1.8721297510335602,-1.239305067168599,1.4032080227803767
1771334353434,1.8721297510335602,-1.239305067168599,1.4032080227803767
1771334353435,1.8721297510335602,-1.239305067168599,1.4032080227803767
1771334353437,1.8721297510335602,-1.239305067168599,1.4032080227803767
1771334353438,1.8721297510335602,-1.239305067168599,1.4032080227803767
1771334353440,1.8721297510335602,-1.239305067168599,1.4032080227803767
1771334353441,1.8721297510335602,-1.239305067168599,1.4032080227803767
1771334353443,1.8721297510335602,-1.239305067168599,1.4032080227803767
1771334353444,1.8721297510335602,-1.239305067168599,1.4032080227803767
1771334353446,1.8721297510335602,-1.239305067168599,1.4032080227803767
1771334353447,1.8721297510335602,-1.239305067168599,1.4032080227803767
1771334353449,1.8721297510335602,-1.239305067168599,1.4032080227803767
1771334353450,1.8721297510335602,-1.239305067168599,1.4032080227803767
1771334353452,1.8721297510335602,-1.239305067168599,1.4032080227803767
1771334353454,1.8721297510335602,-1.239305067168599,1.4032080227803767
1771334353454,0.2713807979015366,-0.0007785095362621416,0.2713796812448872
1771334353455,0.2713807979015366,-0.0007785095362621416,0.2713796812448872
1771334353456,0.2713807979015366,-0.0007785095362621416,0.2713796812448872
1771334353457,0.2713807979015366,-0.0007785095362621416,0.2713796812448872
1771334353458,0.2713807979015366,-0.0007785095362621416,0.2713796812448872
1771334353459,0.2713807979015366,-0.0007785095362621416,0.2713796812448872
1771334353460,0.2713807979015366,-0.0007785095362621416,0.2713796812448872
1771334353461,0.2713807979015366,-0.0007785095362621416,0.2713796812448872
1771334353462,0.2713807979015366,-0.0007785095362621416,0.2713796812448872
1771334353463,0.2713807979015366,-0.0007785095362621416,0.2713796812448872
1771334353463,0.2713807979015366,-0.0007785095362621416,0.2713796812448872
1771334353464,0.2713807979015366,-0.0007785095362621416,0.2713796812448872
1771334353465,0.2713807979015366,-0.0007785095362621416,0.2713796812448872
1771334353466,0.2713807979015366,-0.0007785095362621416,0.2713796812448872
1771334353467,0.2713807979015366,-0.0007785095362621416,0.2713796812448872
1771334353468,0.2713807979015366,-0.0007785095362621416,0.2713796812448872
1771334353469,0.2713807979015366,-0.0007785095362621416,0.2713796812448872
1771334353470,0.2713807979015366,-0.0007785095362621416,0.2713796812448872
1771334353470,0.2713807979015366,-0.0007785095362621416,0.2713796812448872
1771334353471,0.2713807979015366,-0.0007785095362621416,0.2713796812448872
1771334353472,0.2713807979015366,-0.0007785095362621416,0.2713796812448872
1771334353473,0.2713807979015366,-0.0007785095362621416,0.2713796812448872
1771334353474,0.2713807979015366,-0.0007785095362621416,0.2713796812448872
1771334353475,0.2713807979015366,-0.0007785095362621416,0.2713796812448872
1771334353476,0.2713807979015366,-0.0007785095362621416,0.2713796812448872
1771334353477,0.2713807979015366,-0.0007785095362621416,0.2713796812448872
1771334353478,0.2713807979015366,-0.0007785095362621416,0.2713796812448872
1771334353478,0.2713807979015366,-0.0007785095362621416,0.2713796812448872
1771334353479,0.2713807979015366,-0.0007785095362621416,0.2713796812448872
1771334353480,0.2713807979015366,-0.0007785095362621416,0.2713796812448872
1771334353481,0.2713807979015366,-0.0007785095362621416,0.2713796812448872
1771334353482,0.2713807979015366,-0.0007785095362621416,0.2713796812448872
1771334353483,0.2713807979015366,-0.0007785095362621416,0.2713796812448872
1771334353484,0.2713807979015366,-0.0007785095362621416,0.2713796812448872
1771334353485,0.2713807979015366,-0.0007785095362621416,0.2713796812448872
1771334353485,0.2713807979015366,-0.0007785095362621416,0.2713796812448872
1771334353486,0.2713807979015366,-0.0007785095362621416,0.2713796812448872
1771334353487,0.2713807979015366,-0.0007785095362621416,0.2713796812448872
1771334353488,0.2713807979015366,-0.0007785095362621416,0.2713796812448872
1771334353489,0.2713807979015366,-0.0007785095362621416,0.2713796812448872
1771334353490,0.2713807979015366,-0.0007785095362621416,0.2713796812448872
1771334353491,0.2713807979015366,-0.0007785095362621416,0.2713796812448872
1771334353492,0.2713807979015366,-0.0007785095362621416,0.2713796812448872
1771334353493,0.2713807979015366,-0.0007785095362621416,0.2713796812448872
1771334353493,0.2713807979015366,-0.0007785095362621416,0.2713796812448872
1771334353494,0.2713807979015366,-0.0007785095362621416,0.2713796812448872
1771334353495,0.2713807979015366,-0.0007785095362621416,0.2713796812448872
1771334353496,0.2713807979015366,-0.0007785095362621416,0.2713796812448872
1771334353497,0.2713807979015366,-0.0007785095362621416,0.2713796812448872
1771334353498,0.2713807979015366,-0.0007785095362621416,0.2713796812448872
1771334353499,0.2713807979015366,-0.0007785095362621416,0.2713796812448872
1771334353500,0.2713807979015366,-0.0007785095362621416,0.2713796812448872
1771334353500,0.2713807979015366,-0.0007785095362621416,0.2713796812448872
1771334353501,0.2713807979015366,-0.0007785095362621416,0.2713796812448872
1771334353502,0.2713807979015366,-0.0007785095362621416,0.2713796812448872
1771334353503,0.2713807979015366,-0.0007785095362621416,0.2713796812448872
1771334353504,0.2713807979015366,-0.0007785095362621416,0.2713796812448872
1771334353505,0.2713807979015366,-0.0007785095362621416,0.2713796812448872
1771334353506,0.2713807979015366,-0.0007785095362621416,0.2713796812448872
1771334353507,0.2713807979015366,-0.0007785095362621416,0.2713796812448872
1771334353508,0.2713807979015366,-0.0007785095362621416,0.2713796812448872
1771334353509,0.2713807979015366,-0.0007785095362621416,0.2713796812448872
1771334353510,0.2713807979015366,-0.0007785095362621416,0.2713796812448872
1771334353510,0.2713807979015366,-0.0007785095362621416,0.2713796812448872
1771334353511,0.2713807979015366,-0.0007785095362621416,0.2713796812448872
1771334353512,0.2713807979015366,-0.0007785095362621416,0.2713796812448872
1771334353513,0.2713807979015366,-0.0007785095362621416,0.2713796812448872
1771334353514,0.2713807979015366,-0.0007785095362621416,0.2713796812448872
1771334353515,0.2713807979015366,-0.0007785095362621416,0.2713796812448872
1771334353516,0.2713807979015366,-0.0007785095362621416,0.2713796812448872
1771334353517,0.2713807979015366,-0.0007785095362621416,0.2713796812448872
1771334353517,0.2713807979015366,-0.0007785095362621416,0.2713796812448872
1771334353518,0.2713807979015366,-0.0007785095362621416,0.2713796812448872
1771334353519,0.2713807979015366,-0.0007785095362621416,0.2713796812448872
1771334353520,0.2713807979015366,-0.0007785095362621416,0.2713796812448872
1771334353521,0.2713807979015366,-0.0007785095362621416,0.2713796812448872
1771334353522,0.2713807979015366,-0.0007785095362621416,0.2713796812448872
1771334353523,0.2713807979015366,-0.0007785095362621416,0.2713796812448872
1771334353524,0.2713807979015366,-0.0007785095362621416,0.2713796812448872
1771334353524,0.2713807979015366,-0.0007785095362621416,0.2713796812448872
1771334353525,0.2713807979015366,-0.0007785095362621416,0.2713796812448872
1771334353526,0.2713807979015366,-0.0007785095362621416,0.2713796812448872
1771334353527,0.2713807979015366,-0.0007785095362621416,0.2713796812448872
1771334353528,0.2713807979015366,-0.0007785095362621416,0.2713796812448872
1771334353529,0.2713807979015366,-0.0007785095362621416,0.2713796812448872
1771334353530,0.2713807979015366,-0.0007785095362621416,0.2713796812448872
1771334353531,0.2713807979015366,-0.0007785095362621416,0.2713796812448872
1771334353531,0.2713807979015366,-0.0007785095362621416,0.2713796812448872
1771334353532,0.2713807979015366,-0.0007785095362621416,0.2713796812448872
1771334353533,0.2713807979015366,-0.0007785095362621416,0.2713796812448872
1771334353534,0.2713807979015366,-0.0007785095362621416,0.2713796812448872
1771334353535,0.2713807979015366,-0.0007785095362621416,0.2713796812448872
1771334353536,0.2713807979015366,-0.0007785095362621416,0.2713796812448872
1771334353537,0.2713807979015366,-0.0007785095362621416,0.2713796812448872
1771334353538,0.2713807979015366,-0.0007785095362621416,0.2713796812448872
1771334353539,0.2713807979015366,-0.0007785095362621416,0.2713796812448872
1771334353540,0.2713807979015366,-0.0007785095362621416,0.2713796812448872
1771334353541,0.2713807979015366,-0.0007785095362621416,0.2713796812448872
1771334353541,0.2713807979015366,-0.0007785095362621416,0.2713796812448872
1771334353542,0.2713807979015366,-0.0007785095362621416,0.2713796812448872
1771334353543,0.2713807979015366,-0.0007785095362621416,0.2713796812448872
1771334353544,0.2713807979015366,-0.0007785095362621416,0.2713796812448872
1771334353545,0.2713807979015366,-0.0007785095362621416,0.2713796812448872
1771334353546,0.2713807979015366,-0.0007785095362621416,0.2713796812448872
1771334353547,0.2713807979015366,-0.0007785095362621416,0.2713796812448872
1771334353547,0.2713807979015366,-0.0007785095362621416,0.2713796812448872
1771334353548,0.2713807979015366,-0.0007785095362621416,0.2713796812448872
1771334353549,0.2713807979015366,-0.0007785095362621416,0.2713796812448872
1771334353550,0.2713807979015366,-0.0007785095362621416,0.2713796812448872
1771334353551,0.2713807979015366,-0.0007785095362621416,0.2713796812448872
1771334353552,0.2713807979015366,-0.0007785095362621416,0.2713796812448872
1771334353553,0.2713807979015366,-0.0007785095362621416,0.2713796812448872
1771334353553,0.2713807979015366,-0.0007785095362621416,0.2713796812448872
1771334353554,0.2713807979015366,-0.0007785095362621416,0.2713796812448872
1771334353555,0.2713807979015366,-0.0007785095362621416,0.2713796812448872
1771334353556,0.2713807979015366,-0.0007785095362621416,0.2713796812448872
1771334353557,0.2713807979015366,-0.0007785095362621416,0.2713796812448872
1771334353558,0.2713807979015366,-0.0007785095362621416,0.2713796812448872
1771334353560,0.2702661649963079,1.3745135835215063e-06,0.27026616499281264
1771334353561,0.2702661649963079,1.3745135835215063e-06,0.27026616499281264
1771334353562,0.2702661649963079,1.3745135835215063e-06,0.27026616499281264
1771334353563,0.2702661649963079,1.3745135835215063e-06,0.27026616499281264
1771334353564,0.2702661649963079,1.3745135835215063e-06,0.27026616499281264
1771334353565,0.2702661649963079,1.3745135835215063e-06,0.27026616499281264
1771334353567,0.2702661649963079,1.3745135835215063e-06,0.27026616499281264
1771334353568,0.2702661649963079,1.3745135835215063e-06,0.27026616499281264
1771334353569,0.2702661649963079,1.3745135835215063e-06,0.27026616499281264
1771334353570,0.2702563656099256,1.3158396845290853e-07,0.2702563656098936
1771334353571,0.2702563656099256,1.3158396845290853e-07,0.2702563656098936
1771334353572,0.2702563656099256,1.3158396845290853e-07,0.2702563656098936
1771334353574,0.2702563656099256,1.3158396845290853e-07,0.2702563656098936
1771334353575,0.2702563656099256,1.3158396845290853e-07,0.2702563656098936
1771334353576,0.2702563656099256,1.3158396845290853e-07,0.2702563656098936
1771334353577,0.2702563656099256,1.3158396845290853e-07,0.2702563656098936
1771334353578,0.2702563656099256,1.3158396845290853e-07,0.2702563656098936
1771334353580,0.2702563656099256,1.3158396845290853e-07,0.2702563656098936
1771334353581,0.2702563656099256,1.3158396845290853e-07,0.2702563656098936
1771334353582,0.2702563656099256,1.3158396845290853e-07,0.2702563656098936
1771334353583,0.2702563656099256,1.3158396845290853e-07,0.2702563656098936
1771334353584,0.2702563656099256,1.3158396845290853e-07,0.2702563656098936
1771334353585,0.2702563656099256,1.3158396845290853e-07,0.2702563656098936
1771334353586,0.2702563656099256,1.3158396845290853e-07,0.2702563656098936
1771334353588,0.2702563656099256,1.3158396845290853e-07,0.2702563656098936
1771334353589,0.2702563656099256,1.3158396845290853e-07,0.2702563656098936
1771334353590,0.2702563656099256,1.3158396845290853e-07,0.2702563656098936
1771334353591,0.2702563656099256,1.3158396845290853e-07,0.2702563656098936
1771334353592,0.2702563656099256,1.3158396845290853e-07,0.2702563656098936
1771334353593,0.2702563656099256,1.3158396845290853e-07,0.2702563656098936
1771334353595,0.2702563656099256,1.3158396845290853e-07,0.2702563656098936
1771334353596,0.2702563656099256,1.3158396845290853e-07,0.2702563656098936
1771334353597,0.2702563656099256,1.3158396845290853e-07,0.2702563656098936
1771334353598,0.2702563656099256,1.3158396845290853e-07,0.2702563656098936
1771334353599,0.2702563656099256,1.3158396845290853e-07,0.2702563656098936
1771334353601,0.2702563656099256,1.3158396845290853e-07,0.2702563656098936
1771334353601,0.27138851974871486,-0.0007729573827746682,0.271387418994107
1771334353602,0.27138851974871486,-0.0007729573827746682,0.271387418994107
1771334353603,0.27138851974871486,-0.0007729573827746682,0.271387418994107
1771334353604,0.27138851974871486,-0.0007729573827746682,0.271387418994107
1771334353605,0.27138851974871486,-0.0007729573827746682,0.271387418994107
1771334353606,0.27138851974871486,-0.0007729573827746682,0.271387418994107
1771334353607,0.27138851974871486,-0.0007729573827746682,0.271387418994107
1771334353608,0.27138851974871486,-0.0007729573827746682,0.271387418994107
1771334353609,0.27138851974871486,-0.0007729573827746682,0.271387418994107
1771334353610,0.27138851974871486,-0.0007729573827746682,0.271387418994107
1771334353610,0.27138851974871486,-0.0007729573827746682,0.271387418994107
1771334353611,0.27138851974871486,-0.0007729573827746682,0.271387418994107
1771334353612,0.27138851974871486,-0.0007729573827746682,0.271387418994107
1771334353613,0.27138851974871486,-0.0007729573827746682,0.271387418994107
1771334353614,0.27138851974871486,-0.0007729573827746682,0.271387418994107
1771334353615,0.27138851974871486,-0.0007729573827746682,0.271387418994107
1771334353616,0.27138851974871486,-0.0007729573827746682,0.271387418994107
1771334353616,0.27138851974871486,-0.0007729573827746682,0.271387418994107
1771334353617,0.27138851974871486,-0.0007729573827746682,0.271387418994107
1771334353618,0.27138851974871486,-0.0007729573827746682,0.271387418994107
1771334353619,0.27138851974871486,-0.0007729573827746682,0.271387418994107
1771334353620,0.27138851974871486,-0.0007729573827746682,0.271387418994107
1771334353621,0.27138851974871486,-0.0007729573827746682,0.271387418994107
1771334353622,0.27138851974871486,-0.0007729573827746682,0.271387418994107
1771334353623,0.27138851974871486,-0.0007729573827746682,0.271387418994107
1771334353624,0.27138851974871486,-0.0007729573827746682,0.271387418994107
1771334353625,0.27138851974871486,-0.0007729573827746682,0.271387418994107
1771334353625,0.27138851974871486,-0.0007729573827746682,0.271387418994107
1771334353626,0.27138851974871486,-0.0007729573827746682,0.271387418994107
1771334353627,0.27138851974871486,-0.0007729573827746682,0.271387418994107
1771334353628,0.27138851974871486,-0.0007729573827746682,0.271387418994107
1771334353629,0.27138851974871486,-0.0007729573827746682,0.271387418994107
1771334353630,0.27138851974871486,-0.0007729573827746682,0.271387418994107
1771334353631,0.27138851974871486,-0.0007729573827746682,0.271387418994107
1771334353631,0.27138851974871486,-0.0007729573827746682,0.271387418994107
1771334353632,0.27138851974871486,-0.0007729573827746682,0.271387418994107
1771334353633,0.27138851974871486,-0.0007729573827746682,0.271387418994107
1771334353634,0.27138851974871486,-0.0007729573827746682,0.271387418994107
1771334353635,0.27138851974871486,-0.0007729573827746682,0.271387418994107
1771334353636,0.27138851974871486,-0.0007729573827746682,0.271387418994107
1771334353637,0.27138851974871486,-0.0007729573827746682,0.271387418994107
1771334353638,0.27138851974871486,-0.0007729573827746682,0.271387418994107
1771334353639,0.27138851974871486,-0.0007729573827746682,0.271387418994107
1771334353640,0.27138851974871486,-0.0007729573827746682,0.271387418994107
1771334353641,0.27138851974871486,-0.0007729573827746682,0.271387418994107
1771334353642,0.27138851974871486,-0.0007729573827746682,0.271387418994107
1771334353642,0.27138851974871486,-0.0007729573827746682,0.271387418994107
1771334353643,0.27138851974871486,-0.0007729573827746682,0.271387418994107
1771334353644,0.27138851974871486,-0.0007729573827746682,0.271387418994107
1771334353645,0.27138851974871486,-0.0007729573827746682,0.271387418994107
1771334353646,0.27138851974871486,-0.0007729573827746682,0.271387418994107
1771334353647,0.27138851974871486,-0.0007729573827746682,0.271387418994107
1771334353648,0.27138851974871486,-0.0007729573827746682,0.271387418994107
1771334353649,0.27138851974871486,-0.0007729573827746682,0.271387418994107
1771334353649,0.27138851974871486,-0.0007729573827746682,0.271387418994107
1771334353650,0.27138851974871486,-0.0007729573827746682,0.271387418994107
1771334353651,0.27138851974871486,-0.0007729573827746682,0.271387418994107
1771334353652,0.27138851974871486,-0.0007729573827746682,0.271387418994107
1771334353653,0.27138851974871486,-0.0007729573827746682,0.271387418994107
1771334353654,0.27138851974871486,-0.0007729573827746682,0.271387418994107
1771334353655,0.27138851974871486,-0.0007729573827746682,0.271387418994107
1771334353655,0.27138851974871486,-0.0007729573827746682,0.271387418994107
1771334353656,0.27138851974871486,-0.0007729573827746682,0.271387418994107
1771334353657,0.27138851974871486,-0.0007729573827746682,0.271387418994107
1771334353658,0.27138851974871486,-0.0007729573827746682,0.271387418994107
1771334353659,0.27138851974871486,-0.0007729573827746682,0.271387418994107
1771334353660,0.27138851974871486,-0.0007729573827746682,0.271387418994107
1771334353661,0.27138851974871486,-0.0007729573827746682,0.271387418994107
1771334353662,0.27138851974871486,-0.0007729573827746682,0.271387418994107
1771334353663,0.27138851974871486,-0.0007729573827746682,0.271387418994107
1771334353663,0.27138851974871486,-0.0007729573827746682,0.271387418994107
1771334353664,0.27138851974871486,-0.0007729573827746682,0.271387418994107
1771334353665,0.27138851974871486,-0.0007729573827746682,0.271387418994107
1771334353666,0.27138851974871486,-0.0007729573827746682,0.271387418994107
1771334353667,0.27138851974871486,-0.0007729573827746682,0.271387418994107
1771334353668,0.27138851974871486,-0.0007729573827746682,0.271387418994107
1771334353669,0.27138851974871486,-0.0007729573827746682,0.271387418994107
1771334353670,0.27138851974871486,-0.0007729573827746682,0.271387418994107
1771334353670,0.27138851974871486,-0.0007729573827746682,0.271387418994107
1771334353671,0.27138851974871486,-0.0007729573827746682,0.271387418994107
1771334353672,0.27138851974871486,-0.0007729573827746682,0.271387418994107
1771334353673,0.27138851974871486,-0.0007729573827746682,0.271387418994107
1771334353674,0.27138851974871486,-0.0007729573827746682,0.271387418994107
1771334353675,0.27138851974871486,-0.0007729573827746682,0.271387418994107
1771334353676,0.27138851974871486,-0.0007729573827746682,0.271387418994107
1771334353677,0.27138851974871486,-0.0007729573827746682,0.271387418994107
1771334353678,0.27138851974871486,-0.0007729573827746682,0.271387418994107
1771334353679,0.27138851974871486,-0.0007729573827746682,0.271387418994107
1771334353679,0.27138851974871486,-0.0007729573827746682,0.271387418994107
1771334353680,0.27138851974871486,-0.0007729573827746682,0.271387418994107
1771334353681,0.27138851974871486,-0.0007729573827746682,0.271387418994107
1771334353682,0.27138851974871486,-0.0007729573827746682,0.271387418994107
1771334353683,0.27138851974871486,-0.0007729573827746682,0.271387418994107
1771334353684,0.27138851974871486,-0.0007729573827746682,0.271387418994107
1771334353685,0.27138851974871486,-0.0007729573827746682,0.271387418994107
1771334353686,0.27138851974871486,-0.0007729573827746682,0.271387418994107
1771334353686,0.27138851974871486,-0.0007729573827746682,0.271387418994107
1771334353687,0.27138851974871486,-0.0007729573827746682,0.271387418994107
1771334353688,0.27138851974871486,-0.0007729573827746682,0.271387418994107
1771334353689,0.27138851974871486,-0.0007729573827746682,0.271387418994107
1771334353690,0.27138851974871486,-0.0007729573827746682,0.271387418994107
1771334353691,0.27138851974871486,-0.0007729573827746682,0.271387418994107
1771334353692,0.27138851974871486,-0.0007729573827746682,0.271387418994107
1771334353693,0.27138851974871486,-0.0007729573827746682,0.271387418994107
1771334353694,0.27138851974871486,-0.0007729573827746682,0.271387418994107
1771334353694,0.27138851974871486,-0.0007729573827746682,0.271387418994107
1771334353695,0.27138851974871486,-0.0007729573827746682,0.271387418994107
1771334353696,0.27138851974871486,-0.0007729573827746682,0.271387418994107
1771334353697,0.27138851974871486,-0.0007729573827746682,0.271387418994107
1771334353698,0.27138851974871486,-0.0007729573827746682,0.271387418994107
1771334353699,0.27138851974871486,-0.0007729573827746682,0.271387418994107
1771334353700,0.27138851974871486,-0.0007729573827746682,0.271387418994107
1771334353701,0.27138851974871486,-0.0007729573827746682,0.271387418994107
1771334353701,0.27138851974871486,-0.0007729573827746682,0.271387418994107
1771334353702,0.27138851974871486,-0.0007729573827746682,0.271387418994107
1771334353703,0.27138851974871486,-0.0007729573827746682,0.271387418994107
1771334353704,0.27138851974871486,-0.0007729573827746682,0.271387418994107
1771334353705,0.27138851974871486,-0.0007729573827746682,0.271387418994107
1771334353706,0.27138851974871486,-0.0007729573827746682,0.271387418994107
1771334353707,0.27138851974871486,-0.0007729573827746682,0.271387418994107
1771334353708,0.27138851974871486,-0.0007729573827746682,0.271387418994107
1771334353708,0.27138851974871486,-0.0007729573827746682,0.271387418994107
1771334353709,0.27138851974871486,-0.0007729573827746682,0.271387418994107
1771334353710,0.27138851974871486,-0.0007729573827746682,0.271387418994107
1771334353711,0.27138851974871486,-0.0007729573827746682,0.271387418994107
1771334353712,0.27138851974871486,-0.0007729573827746682,0.271387418994107
1771334353713,0.27138851974871486,-0.0007729573827746682,0.271387418994107
1771334353714,0.27138851974871486,-0.0007729573827746682,0.271387418994107
1771334353715,0.27138851974871486,-0.0007729573827746682,0.271387418994107
1771334353715,0.27138851974871486,-0.0007729573827746682,0.271387418994107
1771334353716,0.27138851974871486,-0.0007729573827746682,0.271387418994107
1771334353717,0.27138851974871486,-0.0007729573827746682,0.271387418994107
1771334353718,0.27138851974871486,-0.0007729573827746682,0.271387418994107
1771334353719,0.27138851974871486,-0.0007729573827746682,0.271387418994107
1771334353720,0.27138851974871486,-0.0007729573827746682,0.271387418994107
1771334353721,0.27138851974871486,-0.0007729573827746682,0.271387418994107
1771334353722,0.27138851974871486,-0.0007729573827746682,0.271387418994107
1771334353723,0.27138851974871486,-0.0007729573827746682,0.271387418994107
1771334353724,0.27138851974871486,-0.0007729573827746682,0.271387418994107
1771334353724,0.27138851974871486,-0.0007729573827746682,0.271387418994107
1771334353725,0.27138851974871486,-0.0007729573827746682,0.271387418994107
1771334353726,0.27138851974871486,-0.0007729573827746682,0.271387418994107
1771334353727,0.27138851974871486,-0.0007729573827746682,0.271387418994107
1771334353728,0.27138851974871486,-0.0007729573827746682,0.271387418994107
1771334353729,0.27138851974871486,-0.0007729573827746682,0.271387418994107
1771334353730,0.27138851974871486,-0.0007729573827746682,0.271387418994107
1771334353731,0.27138851974871486,-0.0007729573827746682,0.271387418994107
1771334353731,0.27138851974871486,-0.0007729573827746682,0.271387418994107
1771334353732,0.27138851974871486,-0.0007729573827746682,0.271387418994107
1771334353733,0.27138851974871486,-0.0007729573827746682,0.271387418994107
1771334353734,0.27138851974871486,-0.0007729573827746682,0.271387418994107
1771334353735,0.27138851974871486,-0.0007729573827746682,0.271387418994107
1771334353736,0.27138851974871486,-0.0007729573827746682,0.271387418994107
1771334353737,0.27138851974871486,-0.0007729573827746682,0.271387418994107
1771334353738,0.27138851974871486,-0.0007729573827746682,0.271387418994107
1771334353738,0.27138851974871486,-0.0007729573827746682,0.271387418994107
1771334353740,0.27138851974871486,-0.0007729573827746682,0.271387418994107
1771334353740,0.27138851974871486,-0.0007729573827746682,0.271387418994107
1771334353741,0.27138851974871486,-0.0007729573827746682,0.271387418994107
1771334353742,0.27138851974871486,-0.0007729573827746682,0.271387418994107
1771334353743,0.27138851974871486,-0.0007729573827746682,0.271387418994107
1771334353744,0.27138851974871486,-0.0007729573827746682,0.271387418994107
1771334353745,0.27138851974871486,-0.0007729573827746682,0.271387418994107
1771334353746,0.27138851974871486,-0.0007729573827746682,0.271387418994107
1771334353747,0.27138851974871486,-0.0007729573827746682,0.271387418994107
1771334353747,0.27138851974871486,-0.0007729573827746682,0.271387418994107
1771334353748,0.27138851974871486,-0.0007729573827746682,0.271387418994107
1771334353749,0.27138851974871486,-0.0007729573827746682,0.271387418994107
1771334353750,0.27138851974871486,-0.0007729573827746682,0.271387418994107
1771334353751,0.27138851974871486,-0.0007729573827746682,0.271387418994107
1771334353752,0.27138851974871486,-0.0007729573827746682,0.271387418994107
1771334353753,0.27138851974871486,-0.0007729573827746682,0.271387418994107
1771334353754,0.27138851974871486,-0.0007729573827746682,0.271387418994107
1771334353755,0.27138851974871486,-0.0007729573827746682,0.271387418994107
1771334353756,0.27138851974871486,-0.0007729573827746682,0.271387418994107
1771334353756,0.27138851974871486,-0.0007729573827746682,0.271387418994107
1771334353757,0.27138851974871486,-0.0007729573827746682,0.271387418994107
1771334353758,0.27138851974871486,-0.0007729573827746682,0.271387418994107
1771334353759,0.27138851974871486,-0.0007729573827746682,0.271387418994107
1771334353760,0.27138851974871486,-0.0007729573827746682,0.271387418994107
1771334353761,0.27138851974871486,-0.0007729573827746682,0.271387418994107
1771334353762,0.27138851974871486,-0.0007729573827746682,0.271387418994107
1771334353763,0.27138851974871486,-0.0007729573827746682,0.271387418994107
1771334353764,0.27138851974871486,-0.0007729573827746682,0.271387418994107
1771334353764,0.27138851974871486,-0.0007729573827746682,0.271387418994107
1771334353765,0.27138851974871486,-0.0007729573827746682,0.271387418994107
1771334353766,0.27138851974871486,-0.0007729573827746682,0.271387418994107
1771334353767,0.27138851974871486,-0.0007729573827746682,0.271387418994107
1771334353768,0.27138851974871486,-0.0007729573827746682,0.271387418994107
1771334353769,0.27138851974871486,-0.0007729573827746682,0.271387418994107
1771334353770,0.27138851974871486,-0.0007729573827746682,0.271387418994107
1771334353771,0.27138851974871486,-0.0007729573827746682,0.271387418994107
1771334353771,0.27138851974871486,-0.0007729573827746682,0.271387418994107
1771334353772,0.27138851974871486,-0.0007729573827746682,0.271387418994107
1771334353773,0.27138851974871486,-0.0007729573827746682,0.271387418994107
1771334353774,0.27138851974871486,-0.0007729573827746682,0.271387418994107
1771334353775,0.27138851974871486,-0.0007729573827746682,0.271387418994107
1771334353776,0.27138851974871486,-0.0007729573827746682,0.271387418994107
1771334353777,0.27138851974871486,-0.0007729573827746682,0.271387418994107
1771334353778,0.27138851974871486,-0.0007729573827746682,0.271387418994107
1771334353779,0.27138851974871486,-0.0007729573827746682,0.271387418994107
1771334353779,0.27138851974871486,-0.0007729573827746682,0.271387418994107
1771334353780,0.27138851974871486,-0.0007729573827746682,0.271387418994107
1771334353781,0.27138851974871486,-0.0007729573827746682,0.271387418994107
1771334353782,0.27138851974871486,-0.0007729573827746682,0.271387418994107
1771334353783,0.27138851974871486,-0.0007729573827746682,0.271387418994107
1771334353784,0.27138851974871486,-0.0007729573827746682,0.271387418994107
1771334353785,0.27138851974871486,-0.0007729573827746682,0.271387418994107
1771334353786,0.27138851974871486,-0.0007729573827746682,0.271387418994107
1771334353786,0.27138851974871486,-0.0007729573827746682,0.271387418994107
1771334353787,0.27138851974871486,-0.0007729573827746682,0.271387418994107
1771334353788,0.27138851974871486,-0.0007729573827746682,0.271387418994107
1771334353789,0.27138851974871486,-0.0007729573827746682,0.271387418994107
1771334353790,0.27138851974871486,-0.0007729573827746682,0.271387418994107
1771334353791,0.27138851974871486,-0.0007729573827746682,0.271387418994107
1771334353792,0.27138851974871486,-0.0007729573827746682,0.271387418994107
1771334353793,0.27138851974871486,-0.0007729573827746682,0.271387418994107
1771334353793,0.27138851974871486,-0.0007729573827746682,0.271387418994107
1771334353794,0.27138851974871486,-0.0007729573827746682,0.271387418994107
1771334353795,0.27138851974871486,-0.0007729573827746682,0.271387418994107
1771334353796,0.27138851974871486,-0.0007729573827746682,0.271387418994107
1771334353797,0.27138851974871486,-0.0007729573827746682,0.271387418994107
1771334353798,0.27138851974871486,-0.0007729573827746682,0.271387418994107
1771334353799,0.2681019216328028,-0.0003947069797872418,0.26810163108344126
1771334353801,0.2681019216328028,-0.0003947069797872418,0.26810163108344126
1771334353801,0.2713821029819734,-0.0007776064158058174,0.2713809889199693
1771334353802,0.2713821029819734,-0.0007776064158058174,0.2713809889199693
1771334353803,0.2713821029819734,-0.0007776064158058174,0.2713809889199693
1771334353804,0.2713821029819734,-0.0007776064158058174,0.2713809889199693
1771334353805,0.2713821029819734,-0.0007776064158058174,0.2713809889199693
1771334353806,0.2713821029819734,-0.0007776064158058174,0.2713809889199693
1771334353807,0.2713821029819734,-0.0007776064158058174,0.2713809889199693
1771334353808,0.2713821029819734,-0.0007776064158058174,0.2713809889199693
1771334353809,0.2713821029819734,-0.0007776064158058174,0.2713809889199693
1771334353809,0.2713821029819734,-0.0007776064158058174,0.2713809889199693
1771334353810,0.2713821029819734,-0.0007776064158058174,0.2713809889199693
1771334353811,0.2713821029819734,-0.0007776064158058174,0.2713809889199693
1771334353812,0.2713821029819734,-0.0007776064158058174,0.2713809889199693
1771334353813,0.2713821029819734,-0.0007776064158058174,0.2713809889199693
1771334353814,0.2713821029819734,-0.0007776064158058174,0.2713809889199693
1771334353815,0.2713821029819734,-0.0007776064158058174,0.2713809889199693
1771334353815,0.2713821029819734,-0.0007776064158058174,0.2713809889199693
1771334353816,0.2713821029819734,-0.0007776064158058174,0.2713809889199693
1771334353817,0.2713821029819734,-0.0007776064158058174,0.2713809889199693
1771334353818,0.2713821029819734,-0.0007776064158058174,0.2713809889199693
1771334353819,0.2713821029819734,-0.0007776064158058174,0.2713809889199693
1771334353820,0.2713821029819734,-0.0007776064158058174,0.2713809889199693
1771334353821,0.2713821029819734,-0.0007776064158058174,0.2713809889199693
1771334353822,0.2713821029819734,-0.0007776064158058174,0.2713809889199693
1771334353822,0.2713821029819734,-0.0007776064158058174,0.2713809889199693
1771334353823,0.2713821029819734,-0.0007776064158058174,0.2713809889199693
1771334353824,0.2713821029819734,-0.0007776064158058174,0.2713809889199693
1771334353825,0.2713821029819734,-0.0007776064158058174,0.2713809889199693
1771334353826,0.2713821029819734,-0.0007776064158058174,0.2713809889199693
1771334353827,0.2713821029819734,-0.0007776064158058174,0.2713809889199693
1771334353828,0.2713821029819734,-0.0007776064158058174,0.2713809889199693
1771334353829,0.2713821029819734,-0.0007776064158058174,0.2713809889199693
1771334353829,0.2713821029819734,-0.0007776064158058174,0.2713809889199693
1771334353830,0.2713821029819734,-0.0007776064158058174,0.2713809889199693
1771334353831,0.2713821029819734,-0.0007776064158058174,0.2713809889199693
1771334353832,0.2713821029819734,-0.0007776064158058174,0.2713809889199693
1771334353833,0.2713821029819734,-0.0007776064158058174,0.2713809889199693
1771334353834,0.2713821029819734,-0.0007776064158058174,0.2713809889199693
1771334353835,0.2713821029819734,-0.0007776064158058174,0.2713809889199693
1771334353836,0.2713821029819734,-0.0007776064158058174,0.2713809889199693
1771334353836,0.2713821029819734,-0.0007776064158058174,0.2713809889199693
1771334353837,0.2713821029819734,-0.0007776064158058174,0.2713809889199693
1771334353838,0.2713821029819734,-0.0007776064158058174,0.2713809889199693
1771334353839,0.2713821029819734,-0.0007776064158058174,0.2713809889199693
1771334353840,0.2713821029819734,-0.0007776064158058174,0.2713809889199693
1771334353841,0.2713821029819734,-0.0007776064158058174,0.2713809889199693
1771334353842,0.2713821029819734,-0.0007776064158058174,0.2713809889199693
1771334353843,0.2713821029819734,-0.0007776064158058174,0.2713809889199693
1771334353844,0.2713821029819734,-0.0007776064158058174,0.2713809889199693
1771334353844,0.2713821029819734,-0.0007776064158058174,0.2713809889199693
1771334353845,0.2713821029819734,-0.0007776064158058174,0.2713809889199693
1771334353846,0.2713821029819734,-0.0007776064158058174,0.2713809889199693
1771334353847,0.2713821029819734,-0.0007776064158058174,0.2713809889199693
1771334353848,0.2713821029819734,-0.0007776064158058174,0.2713809889199693
1771334353849,0.2713821029819734,-0.0007776064158058174,0.2713809889199693
1771334353850,0.2713821029819734,-0.0007776064158058174,0.2713809889199693
1771334353851,0.2713821029819734,-0.0007776064158058174,0.2713809889199693
1771334353851,0.2713821029819734,-0.0007776064158058174,0.2713809889199693
1771334353852,0.2713821029819734,-0.0007776064158058174,0.2713809889199693
1771334353853,0.2713821029819734,-0.0007776064158058174,0.2713809889199693
1771334353854,0.2713821029819734,-0.0007776064158058174,0.2713809889199693
1771334353855,0.2713821029819734,-0.0007776064158058174,0.2713809889199693
1771334353856,0.2713821029819734,-0.0007776064158058174,0.2713809889199693
1771334353857,0.2713821029819734,-0.0007776064158058174,0.2713809889199693
1771334353858,0.2713821029819734,-0.0007776064158058174,0.2713809889199693
1771334353859,0.2713821029819734,-0.0007776064158058174,0.2713809889199693
1771334353859,0.2713821029819734,-0.0007776064158058174,0.2713809889199693
1771334353860,0.2713821029819734,-0.0007776064158058174,0.2713809889199693
1771334353861,0.2713821029819734,-0.0007776064158058174,0.2713809889199693
1771334353862,0.2713821029819734,-0.0007776064158058174,0.2713809889199693
1771334353863,0.2713821029819734,-0.0007776064158058174,0.2713809889199693
1771334353864,0.2713821029819734,-0.0007776064158058174,0.2713809889199693
1771334353865,0.2713821029819734,-0.0007776064158058174,0.2713809889199693
1771334353866,0.2713821029819734,-0.0007776064158058174,0.2713809889199693
1771334353867,0.2713821029819734,-0.0007776064158058174,0.2713809889199693
1771334353867,0.2713821029819734,-0.0007776064158058174,0.2713809889199693
1771334353868,0.2713821029819734,-0.0007776064158058174,0.2713809889199693
1771334353869,0.2713821029819734,-0.0007776064158058174,0.2713809889199693
1771334353870,0.2713821029819734,-0.0007776064158058174,0.2713809889199693
1771334353871,0.2713821029819734,-0.0007776064158058174,0.2713809889199693
1771334353872,0.2713821029819734,-0.0007776064158058174,0.2713809889199693
1771334353873,0.2713821029819734,-0.0007776064158058174,0.2713809889199693
1771334353874,0.2713821029819734,-0.0007776064158058174,0.2713809889199693
1771334353874,0.2713821029819734,-0.0007776064158058174,0.2713809889199693
1771334353875,0.2713821029819734,-0.0007776064158058174,0.2713809889199693
1771334353876,0.2713821029819734,-0.0007776064158058174,0.2713809889199693
1771334353877,0.2713821029819734,-0.0007776064158058174,0.2713809889199693
1771334353878,0.2713821029819734,-0.0007776064158058174,0.2713809889199693
1771334353879,0.2713821029819734,-0.0007776064158058174,0.2713809889199693
1771334353880,0.2713821029819734,-0.0007776064158058174,0.2713809889199693
1771334353880,0.2713821029819734,-0.0007776064158058174,0.2713809889199693
1771334353881,0.2713821029819734,-0.0007776064158058174,0.2713809889199693
1771334353882,0.2713821029819734,-0.0007776064158058174,0.2713809889199693
1771334353883,0.2713821029819734,-0.0007776064158058174,0.2713809889199693
1771334353884,0.2713821029819734,-0.0007776064158058174,0.2713809889199693
1771334353885,0.2713821029819734,-0.0007776064158058174,0.2713809889199693
1771334353886,0.2713821029819734,-0.0007776064158058174,0.2713809889199693
1771334353887,0.2713821029819734,-0.0007776064158058174,0.2713809889199693
1771334353887,0.2713821029819734,-0.0007776064158058174,0.2713809889199693
1771334353888,0.2713821029819734,-0.0007776064158058174,0.2713809889199693
1771334353889,0.2713821029819734,-0.0007776064158058174,0.2713809889199693
1771334353890,0.2713821029819734,-0.0007776064158058174,0.2713809889199693
1771334353891,0.2713821029819734,-0.0007776064158058174,0.2713809889199693
1771334353892,0.2713821029819734,-0.0007776064158058174,0.2713809889199693
1771334353893,0.2713821029819734,-0.0007776064158058174,0.2713809889199693
1771334353894,0.2713821029819734,-0.0007776064158058174,0.2713809889199693
1771334353895,0.2713821029819734,-0.0007776064158058174,0.2713809889199693
1771334353895,0.2713821029819734,-0.0007776064158058174,0.2713809889199693
1771334353896,0.2713821029819734,-0.0007776064158058174,0.2713809889199693
1771334353897,0.2713821029819734,-0.0007776064158058174,0.2713809889199693
1771334353898,0.2713821029819734,-0.0007776064158058174,0.2713809889199693
1771334353899,0.2713821029819734,-0.0007776064158058174,0.2713809889199693
1771334353900,0.2713821029819734,-0.0007776064158058174,0.2713809889199693
1771334353901,0.2713821029819734,-0.0007776064158058174,0.2713809889199693
1771334353902,0.2713821029819734,-0.0007776064158058174,0.2713809889199693
1771334353902,0.2713821029819734,-0.0007776064158058174,0.2713809889199693
1771334353903,0.2713821029819734,-0.0007776064158058174,0.2713809889199693
1771334353904,0.2713821029819734,-0.0007776064158058174,0.2713809889199693
1771334353905,0.2713821029819734,-0.0007776064158058174,0.2713809889199693
1771334353906,0.2713821029819734,-0.0007776064158058174,0.2713809889199693
1771334353910,0.2713821029819734,-0.0007776064158058174,0.2713809889199693
1771334353928,0.2713821029819734,-0.0007776064158058174,0.2713809889199693
1771334353932,0.2713821029819734,-0.0007776064158058174,0.2713809889199693
1771334353933,0.2713821029819734,-0.0007776064158058174,0.2713809889199693
1771334353934,0.2713821029819734,-0.0007776064158058174,0.2713809889199693
1771334353935,0.2713821029819734,-0.0007776064158058174,0.2713809889199693
1771334353936,0.2713821029819734,-0.0007776064158058174,0.2713809889199693
1771334353938,0.2713821029819734,-0.0007776064158058174,0.2713809889199693
1771334353939,0.2713821029819734,-0.0007776064158058174,0.2713809889199693
1771334353941,0.2713821029819734,-0.0007776064158058174,0.2713809889199693
1771334353944,0.2713821029819734,-0.0007776064158058174,0.2713809889199693
1771334353945,0.2713821029819734,-0.0007776064158058174,0.2713809889199693
1771334353945,0.2713821029819734,-0.0007776064158058174,0.2713809889199693
1771334353946,0.2713821029819734,-0.0007776064158058174,0.2713809889199693
1771334353947,0.2713821029819734,-0.0007776064158058174,0.2713809889199693
1771334353948,0.2713821029819734,-0.0007776064158058174,0.2713809889199693
1771334353949,0.2713821029819734,-0.0007776064158058174,0.2713809889199693
1771334353950,0.2713821029819734,-0.0007776064158058174,0.2713809889199693
1771334353951,0.2713821029819734,-0.0007776064158058174,0.2713809889199693
1771334353952,0.2713821029819734,-0.0007776064158058174,0.2713809889199693
1771334353953,0.2713821029819734,-0.0007776064158058174,0.2713809889199693
1771334353953,0.2713821029819734,-0.0007776064158058174,0.2713809889199693
1771334353954,0.2713821029819734,-0.0007776064158058174,0.2713809889199693
1771334353955,0.2713821029819734,-0.0007776064158058174,0.2713809889199693
1771334353956,0.2713821029819734,-0.0007776064158058174,0.2713809889199693
1771334353957,0.2713821029819734,-0.0007776064158058174,0.2713809889199693
1771334353958,0.2713821029819734,-0.0007776064158058174,0.2713809889199693
1771334353959,0.2713821029819734,-0.0007776064158058174,0.2713809889199693
1771334353960,0.2713821029819734,-0.0007776064158058174,0.2713809889199693
1771334353961,0.2713821029819734,-0.0007776064158058174,0.2713809889199693
1771334353961,0.2713821029819734,-0.0007776064158058174,0.2713809889199693
1771334353962,0.2713821029819734,-0.0007776064158058174,0.2713809889199693
1771334353963,0.2713821029819734,-0.0007776064158058174,0.2713809889199693
1771334353964,0.2713821029819734,-0.0007776064158058174,0.2713809889199693
1771334353965,0.2713821029819734,-0.0007776064158058174,0.2713809889199693
1771334353966,0.2713821029819734,-0.0007776064158058174,0.2713809889199693
1771334353967,0.2713821029819734,-0.0007776064158058174,0.2713809889199693
1771334353968,0.2713821029819734,-0.0007776064158058174,0.2713809889199693
1771334353969,0.2713821029819734,-0.0007776064158058174,0.2713809889199693
1771334353969,0.2713821029819734,-0.0007776064158058174,0.2713809889199693
1771334353970,0.2713821029819734,-0.0007776064158058174,0.2713809889199693
1771334353971,0.2713821029819734,-0.0007776064158058174,0.2713809889199693
1771334353972,0.2713821029819734,-0.0007776064158058174,0.2713809889199693
1771334353973,0.2713821029819734,-0.0007776064158058174,0.2713809889199693
1771334353974,0.2713821029819734,-0.0007776064158058174,0.2713809889199693
1771334353975,0.2713821029819734,-0.0007776064158058174,0.2713809889199693
1771334353976,0.2713821029819734,-0.0007776064158058174,0.2713809889199693
1771334353977,0.2713821029819734,-0.0007776064158058174,0.2713809889199693
1771334353977,0.2713821029819734,-0.0007776064158058174,0.2713809889199693
1771334353978,0.2713821029819734,-0.0007776064158058174,0.2713809889199693
1771334353979,0.2713821029819734,-0.0007776064158058174,0.2713809889199693
1771334353980,0.2713821029819734,-0.0007776064158058174,0.2713809889199693
1771334353981,0.2713821029819734,-0.0007776064158058174,0.2713809889199693
1771334353982,0.2713821029819734,-0.0007776064158058174,0.2713809889199693
1771334353983,0.2713821029819734,-0.0007776064158058174,0.2713809889199693
1771334353984,0.2713821029819734,-0.0007776064158058174,0.2713809889199693
1771334353984,0.2713821029819734,-0.0007776064158058174,0.2713809889199693
1771334353985,0.2713821029819734,-0.0007776064158058174,0.2713809889199693
1771334353986,0.2713821029819734,-0.0007776064158058174,0.2713809889199693
1771334353987,0.2713821029819734,-0.0007776064158058174,0.2713809889199693
1771334353988,0.2713821029819734,-0.0007776064158058174,0.2713809889199693
1771334353989,0.2713821029819734,-0.0007776064158058174,0.2713809889199693
1771334353990,0.2713821029819734,-0.0007776064158058174,0.2713809889199693
1771334353991,0.2713821029819734,-0.0007776064158058174,0.2713809889199693
1771334353992,0.2713821029819734,-0.0007776064158058174,0.2713809889199693
1771334353992,0.2713821029819734,-0.0007776064158058174,0.2713809889199693
1771334353993,0.2713821029819734,-0.0007776064158058174,0.2713809889199693
1771334353994,0.2713821029819734,-0.0007776064158058174,0.2713809889199693
1771334353995,0.2713821029819734,-0.0007776064158058174,0.2713809889199693
1771334353996,0.2713821029819734,-0.0007776064158058174,0.2713809889199693
1771334353997,0.2713821029819734,-0.0007776064158058174,0.2713809889199693
1771334353998,0.2713821029819734,-0.0007776064158058174,0.2713809889199693
1771334353998,0.2713821029819734,-0.0007776064158058174,0.2713809889199693
1771334353999,0.2713821029819734,-0.0007776064158058174,0.2713809889199693
1771334354000,0.2713821029819734,-0.0007776064158058174,0.2713809889199693
1771334354001,0.2713821029819734,-0.0007776064158058174,0.2713809889199693
1771334354002,0.2713821029819734,-0.0007776064158058174,0.2713809889199693
1771334354003,0.2713821029819734,-0.0007776064158058174,0.2713809889199693
1771334354004,0.2713821029819734,-0.0007776064158058174,0.2713809889199693
1771334354005,0.2713821029819734,-0.0007776064158058174,0.2713809889199693
1771334354005,0.2713821029819734,-0.0007776064158058174,0.2713809889199693
1771334354006,0.2713821029819734,-0.0007776064158058174,0.2713809889199693
1771334354007,0.2713821029819734,-0.0007776064158058174,0.2713809889199693
1771334354008,0.2713821029819734,-0.0007776064158058174,0.2713809889199693
1771334354009,0.2713821029819734,-0.0007776064158058174,0.2713809889199693
1771334354010,0.2713821029819734,-0.0007776064158058174,0.2713809889199693
1771334354011,0.2713821029819734,-0.0007776064158058174,0.2713809889199693
1771334354012,0.2713821029819734,-0.0007776064158058174,0.2713809889199693
1771334354013,0.2713821029819734,-0.0007776064158058174,0.2713809889199693
1771334354013,0.2713821029819734,-0.0007776064158058174,0.2713809889199693
1771334354014,0.2713821029819734,-0.0007776064158058174,0.2713809889199693
1771334354015,0.2713821029819734,-0.0007776064158058174,0.2713809889199693
1771334354016,0.2713821029819734,-0.0007776064158058174,0.2713809889199693
1771334354017,0.2713821029819734,-0.0007776064158058174,0.2713809889199693
1771334354018,0.2713821029819734,-0.0007776064158058174,0.2713809889199693
1771334354019,0.2713821029819734,-0.0007776064158058174,0.2713809889199693
1771334354020,0.2713821029819734,-0.0007776064158058174,0.2713809889199693
1771334354021,0.2713821029819734,-0.0007776064158058174,0.2713809889199693
1771334354021,0.2713821029819734,-0.0007776064158058174,0.2713809889199693
1771334354022,0.2713821029819734,-0.0007776064158058174,0.2713809889199693
1771334354023,0.2713821029819734,-0.0007776064158058174,0.2713809889199693
1771334354024,0.2713821029819734,-0.0007776064158058174,0.2713809889199693
1771334354025,0.2713821029819734,-0.0007776064158058174,0.2713809889199693
1771334354026,0.2713821029819734,-0.0007776064158058174,0.2713809889199693
1771334354027,0.2713821029819734,-0.0007776064158058174,0.2713809889199693
1771334354028,0.2713821029819734,-0.0007776064158058174,0.2713809889199693
1771334354029,0.2713821029819734,-0.0007776064158058174,0.2713809889199693
1771334354029,0.2713821029819734,-0.0007776064158058174,0.2713809889199693
1771334354030,0.2713821029819734,-0.0007776064158058174,0.2713809889199693
1771334354031,0.2713821029819734,-0.0007776064158058174,0.2713809889199693
1771334354032,0.2713821029819734,-0.0007776064158058174,0.2713809889199693
1771334354033,0.2713821029819734,-0.0007776064158058174,0.2713809889199693
1771334354034,0.2713821029819734,-0.0007776064158058174,0.2713809889199693
1771334354035,0.2713821029819734,-0.0007776064158058174,0.2713809889199693
1771334354036,0.2713821029819734,-0.0007776064158058174,0.2713809889199693
1771334354036,0.2713821029819734,-0.0007776064158058174,0.2713809889199693
1771334354037,0.2713821029819734,-0.0007776064158058174,0.2713809889199693
1771334354038,0.2713821029819734,-0.0007776064158058174,0.2713809889199693
1771334354039,0.2713821029819734,-0.0007776064158058174,0.2713809889199693
1771334354040,0.2713821029819734,-0.0007776064158058174,0.2713809889199693
1771334354041,0.2713821029819734,-0.0007776064158058174,0.2713809889199693
1771334354042,0.2713821029819734,-0.0007776064158058174,0.2713809889199693
1771334354043,0.2713821029819734,-0.0007776064158058174,0.2713809889199693
1771334354044,0.2713821029819734,-0.0007776064158058174,0.2713809889199693
1771334354045,0.2713821029819734,-0.0007776064158058174,0.2713809889199693
1771334354045,0.2713821029819734,-0.0007776064158058174,0.2713809889199693
1771334354046,0.2713821029819734,-0.0007776064158058174,0.2713809889199693
1771334354047,0.2713821029819734,-0.0007776064158058174,0.2713809889199693
1771334354048,0.2713821029819734,-0.0007776064158058174,0.2713809889199693
1771334354049,0.2713821029819734,-0.0007776064158058174,0.2713809889199693
1771334354050,0.2713821029819734,-0.0007776064158058174,0.2713809889199693
1771334354051,0.2713821029819734,-0.0007776064158058174,0.2713809889199693
1771334354051,0.2713821029819734,-0.0007776064158058174,0.2713809889199693
1771334354052,0.2713821029819734,-0.0007776064158058174,0.2713809889199693
1771334354053,0.2713821029819734,-0.0007776064158058174,0.2713809889199693
1771334354055,1.8746388301405723,-1.2464708312568529,1.4002075597198667
1771334354057,1.8746388301405723,-1.2464708312568529,1.4002075597198667
1771334354058,1.8746388301405723,-1.2464708312568529,1.4002075597198667
1771334354060,1.8746388301405723,-1.2464708312568529,1.4002075597198667
1771334354061,1.8746388301405723,-1.2464708312568529,1.4002075597198667
1771334354063,1.8746388301405723,-1.2464708312568529,1.4002075597198667
1771334354064,1.8746388301405723,-1.2464708312568529,1.4002075597198667
1771334354066,1.8746388301405723,-1.2464708312568529,1.4002075597198667
1771334354067,1.8746388301405723,-1.2464708312568529,1.4002075597198667
1771334354069,1.8746388301405723,-1.2464708312568529,1.4002075597198667
1771334354070,1.8746388301405723,-1.2464708312568529,1.4002075597198667
1771334354072,1.8746388301405723,-1.2464708312568529,1.4002075597198667
1771334354073,1.8746388301405723,-1.2464708312568529,1.4002075597198667
1771334354075,1.8746388301405723,-1.2464708312568529,1.4002075597198667
1771334354076,1.8746388301405723,-1.2464708312568529,1.4002075597198667
1771334354078,1.8746388301405723,-1.2464708312568529,1.4002075597198667
1771334354079,1.8746388301405723,-1.2464708312568529,1.4002075597198667
1771334354081,1.8746388301405723,-1.2464708312568529,1.4002075597198667
1771334354082,1.8746388301405723,-1.2464708312568529,1.4002075597198667
1771334354084,1.8746388301405723,-1.2464708312568529,1.4002075597198667
1771334354085,1.8746388301405723,-1.2464708312568529,1.4002075597198667
1771334354087,1.8746388301405723,-1.2464708312568529,1.4002075597198667
1771334354088,1.8746388301405723,-1.2464708312568529,1.4002075597198667
1771334354090,1.8746388301405723,-1.2464708312568529,1.4002075597198667
1771334354091,1.8746388301405723,-1.2464708312568529,1.4002075597198667
1771334354093,1.8746388301405723,-1.2464708312568529,1.4002075597198667
1771334354094,1.8746388301405723,-1.2464708312568529,1.4002075597198667
1771334354096,1.8746388301405723,-1.2464708312568529,1.4002075597198667
1771334354097,1.8746388301405723,-1.2464708312568529,1.4002075597198667
1771334354099,1.8746388301405723,-1.2464708312568529,1.4002075597198667
1771334354100,1.8746388301405723,-1.2464708312568529,1.4002075597198667
1771334354102,1.8746388301405723,-1.2464708312568529,1.4002075597198667
1771334354103,1.8746388301405723,-1.2464708312568529,1.4002075597198667
1771334354105,1.8746388301405723,-1.2464708312568529,1.4002075597198667
1771334354106,1.8746388301405723,-1.2464708312568529,1.4002075597198667
1771334354108,1.8746388301405723,-1.2464708312568529,1.4002075597198667
1771334354109,1.8746388301405723,-1.2464708312568529,1.4002075597198667
1771334354111,1.8746388301405723,-1.2464708312568529,1.4002075597198667
1771334354112,1.8746388301405723,-1.2464708312568529,1.4002075597198667
1771334354114,1.8746388301405723,-1.2464708312568529,1.4002075597198667
1771334354115,1.8746388301405723,-1.2464708312568529,1.4002075597198667
1771334354117,1.8746388301405723,-1.2464708312568529,1.4002075597198667
1771334354118,1.8746388301405723,-1.2464708312568529,1.4002075597198667
1771334354120,1.8746388301405723,-1.2464708312568529,1.4002075597198667
1771334354121,1.8746388301405723,-1.2464708312568529,1.4002075597198667
1771334354123,1.8746388301405723,-1.2464708312568529,1.4002075597198667
1771334354124,1.8746388301405723,-1.2464708312568529,1.4002075597198667
1771334354126,1.8746388301405723,-1.2464708312568529,1.4002075597198667
1771334354127,1.8746388301405723,-1.2464708312568529,1.4002075597198667
1771334354129,1.8746388301405723,-1.2464708312568529,1.4002075597198667
1771334354130,1.8746388301405723,-1.2464708312568529,1.4002075597198667
1771334354132,1.8746388301405723,-1.2464708312568529,1.4002075597198667
1771334354133,1.8746388301405723,-1.2464708312568529,1.4002075597198667
1771334354135,1.8746388301405723,-1.2464708312568529,1.4002075597198667
1771334354136,1.8746388301405723,-1.2464708312568529,1.4002075597198667
1771334354138,1.8746388301405723,-1.2464708312568529,1.4002075597198667
1771334354140,1.8746388301405723,-1.2464708312568529,1.4002075597198667
1771334354141,1.8746388301405723,-1.2464708312568529,1.4002075597198667
1771334354143,1.8746388301405723,-1.2464708312568529,1.4002075597198667
1771334354144,1.8746388301405723,-1.2464708312568529,1.4002075597198667
1771334354146,1.8746388301405723,-1.2464708312568529,1.4002075597198667
1771334354147,1.8746388301405723,-1.2464708312568529,1.4002075597198667
1771334354149,1.8746388301405723,-1.2464708312568529,1.4002075597198667
1771334354150,1.8746388301405723,-1.2464708312568529,1.4002075597198667
1771334354152,1.8746388301405723,-1.2464708312568529,1.4002075597198667
1771334354153,1.8746388301405723,-1.2464708312568529,1.4002075597198667
1771334354155,1.8746388301405723,-1.2464708312568529,1.4002075597198667
1771334354156,1.8746388301405723,-1.2464708312568529,1.4002075597198667
1771334354158,1.8746388301405723,-1.2464708312568529,1.4002075597198667
1771334354159,1.8746388301405723,-1.2464708312568529,1.4002075597198667
1771334354161,1.8746388301405723,-1.2464708312568529,1.4002075597198667
1771334354162,1.8746388301405723,-1.2464708312568529,1.4002075597198667
1771334354164,1.8746388301405723,-1.2464708312568529,1.4002075597198667
1771334354165,1.8746388301405723,-1.2464708312568529,1.4002075597198667
1771334354167,1.8746388301405723,-1.2464708312568529,1.4002075597198667
1771334354168,1.8746388301405723,-1.2464708312568529,1.4002075597198667
1771334354170,1.8746388301405723,-1.2464708312568529,1.4002075597198667
1771334354171,1.8746388301405723,-1.2464708312568529,1.4002075597198667
1771334354173,1.8746388301405723,-1.2464708312568529,1.4002075597198667
1771334354174,1.8746388301405723,-1.2464708312568529,1.4002075597198667
1771334354176,1.8746388301405723,-1.2464708312568529,1.4002075597198667
1771334354177,1.8746388301405723,-1.2464708312568529,1.4002075597198667
1771334354179,1.8746388301405723,-1.2464708312568529,1.4002075597198667
1771334354180,1.8746388301405723,-1.2464708312568529,1.4002075597198667
1771334354182,1.8746388301405723,-1.2464708312568529,1.4002075597198667
1771334354183,1.8746388301405723,-1.2464708312568529,1.4002075597198667
1771334354185,1.8746388301405723,-1.2464708312568529,1.4002075597198667
1771334354186,1.8746388301405723,-1.2464708312568529,1.4002075597198667
1771334354188,1.8746388301405723,-1.2464708312568529,1.4002075597198667
1771334354189,1.8746388301405723,-1.2464708312568529,1.4002075597198667
1771334354191,1.8746388301405723,-1.2464708312568529,1.4002075597198667
1771334354192,1.8746388301405723,-1.2464708312568529,1.4002075597198667
1771334354194,1.8746388301405723,-1.2464708312568529,1.4002075597198667
1771334354195,1.8746388301405723,-1.2464708312568529,1.4002075597198667
1771334354197,1.8746388301405723,-1.2464708312568529,1.4002075597198667
1771334354198,1.8746388301405723,-1.2464708312568529,1.4002075597198667
1771334354200,1.8746388301405723,-1.2464708312568529,1.4002075597198667
1771334354201,1.8746388301405723,-1.2464708312568529,1.4002075597198667
1771334354203,1.8746388301405723,-1.2464708312568529,1.4002075597198667
1771334354204,1.8746388301405723,-1.2464708312568529,1.4002075597198667
1771334354206,1.8746388301405723,-1.2464708312568529,1.4002075597198667
1771334354208,1.8746388301405723,-1.2464708312568529,1.4002075597198667
1771334354209,1.8746388301405723,-1.2464708312568529,1.4002075597198667
1771334354210,1.8746388301405723,-1.2464708312568529,1.4002075597198667
1771334354212,1.8746388301405723,-1.2464708312568529,1.4002075597198667
1771334354213,1.8746388301405723,-1.2464708312568529,1.4002075597198667
1771334354215,1.8746388301405723,-1.2464708312568529,1.4002075597198667
1771334354216,1.8746388301405723,-1.2464708312568529,1.4002075597198667
1771334354218,1.8746388301405723,-1.2464708312568529,1.4002075597198667
1771334354219,1.8746388301405723,-1.2464708312568529,1.4002075597198667
1771334354221,1.8746388301405723,-1.2464708312568529,1.4002075597198667
1771334354222,1.8746388301405723,-1.2464708312568529,1.4002075597198667
1771334354224,1.8746388301405723,-1.2464708312568529,1.4002075597198667
1771334354226,1.8746388301405723,-1.2464708312568529,1.4002075597198667
1771334354227,1.8746388301405723,-1.2464708312568529,1.4002075597198667
1771334354229,1.8746388301405723,-1.2464708312568529,1.4002075597198667
1771334354230,1.869358327811359,-1.2311575122531628,1.406681107351728
1771334354232,1.869358327811359,-1.2311575122531628,1.406681107351728
1771334354233,1.869358327811359,-1.2311575122531628,1.406681107351728
1771334354235,1.869358327811359,-1.2311575122531628,1.406681107351728
1771334354236,1.869358327811359,-1.2311575122531628,1.406681107351728
1771334354238,1.869358327811359,-1.2311575122531628,1.406681107351728
1771334354239,1.869358327811359,-1.2311575122531628,1.406681107351728
1771334354241,1.869358327811359,-1.2311575122531628,1.406681107351728
1771334354243,1.869358327811359,-1.2311575122531628,1.406681107351728
1771334354244,1.869358327811359,-1.2311575122531628,1.406681107351728
1771334354246,1.869358327811359,-1.2311575122531628,1.406681107351728
1771334354247,1.869358327811359,-1.2311575122531628,1.406681107351728
1771334354249,1.869358327811359,-1.2311575122531628,1.406681107351728
1771334354250,1.869358327811359,-1.2311575122531628,1.406681107351728
1771334354252,1.869358327811359,-1.2311575122531628,1.406681107351728
1771334354253,1.869358327811359,-1.2311575122531628,1.406681107351728
1771334354255,1.869358327811359,-1.2311575122531628,1.406681107351728
1771334354256,1.869358327811359,-1.2311575122531628,1.406681107351728
1771334354258,1.869358327811359,-1.2311575122531628,1.406681107351728
1771334354259,1.869358327811359,-1.2311575122531628,1.406681107351728
1771334354261,1.869358327811359,-1.2311575122531628,1.406681107351728
1771334354262,1.869358327811359,-1.2311575122531628,1.406681107351728
1771334354264,1.869358327811359,-1.2311575122531628,1.406681107351728
1771334354265,1.869358327811359,-1.2311575122531628,1.406681107351728
1771334354267,1.869358327811359,-1.2311575122531628,1.406681107351728
1771334354268,1.869358327811359,-1.2311575122531628,1.406681107351728
1771334354270,1.869358327811359,-1.2311575122531628,1.406681107351728
1771334354271,1.869358327811359,-1.2311575122531628,1.406681107351728
1771334354273,1.869358327811359,-1.2311575122531628,1.406681107351728
1771334354274,1.869358327811359,-1.2311575122531628,1.406681107351728
1771334354276,1.869358327811359,-1.2311575122531628,1.406681107351728
1771334354277,1.869358327811359,-1.2311575122531628,1.406681107351728
1771334354279,1.869358327811359,-1.2311575122531628,1.406681107351728
1771334354280,1.869358327811359,-1.2311575122531628,1.406681107351728
1771334354282,1.869358327811359,-1.2311575122531628,1.406681107351728
1771334354283,1.869358327811359,-1.2311575122531628,1.406681107351728
1771334354285,1.869358327811359,-1.2311575122531628,1.406681107351728
1771334354286,1.869358327811359,-1.2311575122531628,1.406681107351728
1771334354288,1.869358327811359,-1.2311575122531628,1.406681107351728
1771334354289,1.869358327811359,-1.2311575122531628,1.406681107351728
1771334354291,1.869358327811359,-1.2311575122531628,1.406681107351728
1771334354292,1.869358327811359,-1.2311575122531628,1.406681107351728
1771334354294,1.869358327811359,-1.2311575122531628,1.406681107351728
1771334354295,1.869358327811359,-1.2311575122531628,1.406681107351728
1771334354297,1.869358327811359,-1.2311575122531628,1.406681107351728
1771334354298,1.869358327811359,-1.2311575122531628,1.406681107351728
1771334354300,1.869358327811359,-1.2311575122531628,1.406681107351728
1771334354301,1.869358327811359,-1.2311575122531628,1.406681107351728
1771334354303,1.869358327811359,-1.2311575122531628,1.406681107351728
1771334354304,1.869358327811359,-1.2311575122531628,1.406681107351728
1771334354306,1.869358327811359,-1.2311575122531628,1.406681107351728
1771334354307,1.869358327811359,-1.2311575122531628,1.406681107351728
1771334354309,1.869358327811359,-1.2311575122531628,1.406681107351728
1771334354310,1.869358327811359,-1.2311575122531628,1.406681107351728
1771334354312,1.869358327811359,-1.2311575122531628,1.406681107351728
1771334354313,1.869358327811359,-1.2311575122531628,1.406681107351728
1771334354315,1.869358327811359,-1.2311575122531628,1.406681107351728
1771334354316,1.869358327811359,-1.2311575122531628,1.406681107351728
1771334354318,1.869358327811359,-1.2311575122531628,1.406681107351728
1771334354319,1.869358327811359,-1.2311575122531628,1.406681107351728
1771334354321,1.869358327811359,-1.2311575122531628,1.406681107351728
1771334354322,1.869358327811359,-1.2311575122531628,1.406681107351728
1771334354324,1.869358327811359,-1.2311575122531628,1.406681107351728
1771334354325,1.869358327811359,-1.2311575122531628,1.406681107351728
1771334354327,1.869358327811359,-1.2311575122531628,1.406681107351728
1771334354328,1.869358327811359,-1.2311575122531628,1.406681107351728
1771334354330,1.869358327811359,-1.2311575122531628,1.406681107351728
1771334354331,1.869358327811359,-1.2311575122531628,1.406681107351728
1771334354333,1.869358327811359,-1.2311575122531628,1.406681107351728
1771334354334,1.869358327811359,-1.2311575122531628,1.406681107351728
1771334354336,1.869358327811359,-1.2311575122531628,1.406681107351728
1771334354337,1.869358327811359,-1.2311575122531628,1.406681107351728
1771334354339,1.869358327811359,-1.2311575122531628,1.406681107351728
1771334354340,1.869358327811359,-1.2311575122531628,1.406681107351728
1771334354342,1.869358327811359,-1.2311575122531628,1.406681107351728
1771334354343,1.869358327811359,-1.2311575122531628,1.406681107351728
1771334354345,1.869358327811359,-1.2311575122531628,1.406681107351728
1771334354346,1.869358327811359,-1.2311575122531628,1.406681107351728
1771334354348,1.869358327811359,-1.2311575122531628,1.406681107351728
1771334354349,1.869358327811359,-1.2311575122531628,1.406681107351728
1771334354351,1.869358327811359,-1.2311575122531628,1.406681107351728
1771334354352,1.869358327811359,-1.2311575122531628,1.406681107351728
1771334354354,1.869358327811359,-1.2311575122531628,1.406681107351728
1771334354355,1.869358327811359,-1.2311575122531628,1.406681107351728
1771334354357,1.869358327811359,-1.2311575122531628,1.406681107351728
1771334354358,1.869358327811359,-1.2311575122531628,1.406681107351728
1771334354360,1.869358327811359,-1.2311575122531628,1.406681107351728
1771334354361,1.869358327811359,-1.2311575122531628,1.406681107351728
1771334354363,1.869358327811359,-1.2311575122531628,1.406681107351728
1771334354364,1.869358327811359,-1.2311575122531628,1.406681107351728
1771334354366,1.869358327811359,-1.2311575122531628,1.406681107351728
1771334354367,1.869358327811359,-1.2311575122531628,1.406681107351728
1771334354369,1.869358327811359,-1.2311575122531628,1.406681107351728
1771334354370,1.869358327811359,-1.2311575122531628,1.406681107351728
1771334354372,1.869358327811359,-1.2311575122531628,1.406681107351728
1771334354373,1.869358327811359,-1.2311575122531628,1.406681107351728
1771334354375,1.869358327811359,-1.2311575122531628,1.406681107351728
1771334354376,1.869358327811359,-1.2311575122531628,1.406681107351728
1771334354378,1.869358327811359,-1.2311575122531628,1.406681107351728
1771334354379,1.869358327811359,-1.2311575122531628,1.406681107351728
1771334354381,1.869358327811359,-1.2311575122531628,1.406681107351728
1771334354382,1.869358327811359,-1.2311575122531628,1.406681107351728
1771334354384,1.869358327811359,-1.2311575122531628,1.406681107351728
1771334354385,1.869358327811359,-1.2311575122531628,1.406681107351728
1771334354387,1.869358327811359,-1.2311575122531628,1.406681107351728
1771334354388,1.869358327811359,-1.2311575122531628,1.406681107351728
1771334354390,1.869358327811359,-1.2311575122531628,1.406681107351728
1771334354391,1.869358327811359,-1.2311575122531628,1.406681107351728
1771334354393,1.869358327811359,-1.2311575122531628,1.406681107351728
1771334354394,1.869358327811359,-1.2311575122531628,1.406681107351728
1771334354396,1.869358327811359,-1.2311575122531628,1.406681107351728
1771334354397,1.869358327811359,-1.2311575122531628,1.406681107351728
1771334354399,1.869358327811359,-1.2311575122531628,1.406681107351728
1771334354400,1.869358327811359,-1.2311575122531628,1.406681107351728
1771334354402,1.869358327811359,-1.2311575122531628,1.406681107351728
1771334354403,1.869358327811359,-1.2311575122531628,1.406681107351728
1771334354405,1.869358327811359,-1.2311575122531628,1.406681107351728
1771334354406,1.869358327811359,-1.2311575122531628,1.406681107351728
1771334354408,1.869358327811359,-1.2311575122531628,1.406681107351728
1771334354409,1.869358327811359,-1.2311575122531628,1.406681107351728
1771334354411,1.869358327811359,-1.2311575122531628,1.406681107351728
1771334354412,1.869358327811359,-1.2311575122531628,1.406681107351728
1771334354414,1.869358327811359,-1.2311575122531628,1.406681107351728
1771334354415,1.869358327811359,-1.2311575122531628,1.406681107351728
1771334354417,1.869358327811359,-1.2311575122531628,1.406681107351728
1771334354418,1.869358327811359,-1.2311575122531628,1.406681107351728
1771334354420,1.869358327811359,-1.2311575122531628,1.406681107351728
1771334354421,1.869358327811359,-1.2311575122531628,1.406681107351728
1771334354423,1.869358327811359,-1.2311575122531628,1.406681107351728
1771334354424,1.869358327811359,-1.2311575122531628,1.406681107351728
1771334354426,1.869358327811359,-1.2311575122531628,1.406681107351728
1771334354427,1.869358327811359,-1.2311575122531628,1.406681107351728
1771334354429,1.869358327811359,-1.2311575122531628,1.406681107351728
1771334354430,1.869358327811359,-1.2311575122531628,1.406681107351728
1771334354432,1.869358327811359,-1.2311575122531628,1.406681107351728
1771334354433,1.869358327811359,-1.2311575122531628,1.406681107351728
1771334354435,1.869358327811359,-1.2311575122531628,1.406681107351728
1771334354436,1.869358327811359,-1.2311575122531628,1.406681107351728
1771334354438,1.869358327811359,-1.2311575122531628,1.406681107351728
1771334354439,1.869358327811359,-1.2311575122531628,1.406681107351728
1771334354441,1.869358327811359,-1.2311575122531628,1.406681107351728
1771334354442,1.869358327811359,-1.2311575122531628,1.406681107351728
1771334354444,1.869358327811359,-1.2311575122531628,1.406681107351728
1771334354445,1.869358327811359,-1.2311575122531628,1.406681107351728
1771334354447,1.869358327811359,-1.2311575122531628,1.406681107351728
1771334354448,1.869358327811359,-1.2311575122531628,1.406681107351728
1771334354450,1.869358327811359,-1.2311575122531628,1.406681107351728
1771334354451,1.869358327811359,-1.2311575122531628,1.406681107351728
1771334354453,1.869358327811359,-1.2311575122531628,1.406681107351728
1771334354454,1.869358327811359,-1.2311575122531628,1.406681107351728
1771334354455,1.869358327811359,-1.2311575122531628,1.406681107351728
1771334354457,1.869358327811359,-1.2311575122531628,1.406681107351728
1771334354458,1.869358327811359,-1.2311575122531628,1.406681107351728
1771334354460,1.869358327811359,-1.2311575122531628,1.406681107351728
1771334354461,1.869358327811359,-1.2311575122531628,1.406681107351728
1771334354463,1.869358327811359,-1.2311575122531628,1.406681107351728
1771334354464,1.869358327811359,-1.2311575122531628,1.406681107351728
1771334354466,1.869358327811359,-1.2311575122531628,1.406681107351728
1771334354467,1.869358327811359,-1.2311575122531628,1.406681107351728
1771334354469,1.869358327811359,-1.2311575122531628,1.406681107351728
1771334354470,1.869358327811359,-1.2311575122531628,1.406681107351728
1771334354472,1.869358327811359,-1.2311575122531628,1.406681107351728
1771334354474,1.869358327811359,-1.2311575122531628,1.406681107351728
1771334354475,1.8412634305124151,-1.1412963614108758,1.4448853366176304
1771334354477,1.8412634305124151,-1.1412963614108758,1.4448853366176304
1771334354478,1.8412634305124151,-1.1412963614108758,1.4448853366176304
1771334354480,1.8412634305124151,-1.1412963614108758,1.4448853366176304
1771334354481,1.8412634305124151,-1.1412963614108758,1.4448853366176304
1771334354483,1.8412634305124151,-1.1412963614108758,1.4448853366176304
1771334354484,1.8412634305124151,-1.1412963614108758,1.4448853366176304
1771334354486,1.8412634305124151,-1.1412963614108758,1.4448853366176304
1771334354487,1.8412634305124151,-1.1412963614108758,1.4448853366176304
1771334354489,1.8412634305124151,-1.1412963614108758,1.4448853366176304
1771334354490,1.8412634305124151,-1.1412963614108758,1.4448853366176304
1771334354492,1.8412634305124151,-1.1412963614108758,1.4448853366176304
1771334354493,1.8412634305124151,-1.1412963614108758,1.4448853366176304
1771334354495,1.8412634305124151,-1.1412963614108758,1.4448853366176304
1771334354496,1.8412634305124151,-1.1412963614108758,1.4448853366176304
1771334354498,1.8412634305124151,-1.1412963614108758,1.4448853366176304
1771334354499,1.8412634305124151,-1.1412963614108758,1.4448853366176304
1771334354501,1.8412634305124151,-1.1412963614108758,1.4448853366176304
1771334354502,1.8412634305124151,-1.1412963614108758,1.4448853366176304
1771334354503,1.8412634305124151,-1.1412963614108758,1.4448853366176304
1771334354505,1.8412634305124151,-1.1412963614108758,1.4448853366176304
1771334354507,1.8412634305124151,-1.1412963614108758,1.4448853366176304
1771334354508,1.8412634305124151,-1.1412963614108758,1.4448853366176304
1771334354510,1.8412634305124151,-1.1412963614108758,1.4448853366176304
1771334354511,1.8412634305124151,-1.1412963614108758,1.4448853366176304
1771334354513,1.8412634305124151,-1.1412963614108758,1.4448853366176304
1771334354514,1.8412634305124151,-1.1412963614108758,1.4448853366176304
1771334354516,1.8412634305124151,-1.1412963614108758,1.4448853366176304
1771334354517,1.8412634305124151,-1.1412963614108758,1.4448853366176304
1771334354518,1.8412634305124151,-1.1412963614108758,1.4448853366176304
1771334354520,1.8412634305124151,-1.1412963614108758,1.4448853366176304
1771334354521,1.8412634305124151,-1.1412963614108758,1.4448853366176304
1771334354523,1.8412634305124151,-1.1412963614108758,1.4448853366176304
1771334354524,1.8412634305124151,-1.1412963614108758,1.4448853366176304
1771334354526,1.8412634305124151,-1.1412963614108758,1.4448853366176304
1771334354527,1.8412634305124151,-1.1412963614108758,1.4448853366176304
1771334354529,1.8412634305124151,-1.1412963614108758,1.4448853366176304
1771334354530,1.8412634305124151,-1.1412963614108758,1.4448853366176304
1771334354532,1.8412634305124151,-1.1412963614108758,1.4448853366176304
1771334354533,1.8412634305124151,-1.1412963614108758,1.4448853366176304
1771334354535,1.8412634305124151,-1.1412963614108758,1.4448853366176304
1771334354536,1.8412634305124151,-1.1412963614108758,1.4448853366176304
1771334354538,1.8412634305124151,-1.1412963614108758,1.4448853366176304
1771334354539,1.8412634305124151,-1.1412963614108758,1.4448853366176304
1771334354541,1.8412634305124151,-1.1412963614108758,1.4448853366176304
1771334354542,1.8412634305124151,-1.1412963614108758,1.4448853366176304
1771334354544,1.8412634305124151,-1.1412963614108758,1.4448853366176304
1771334354545,1.8412634305124151,-1.1412963614108758,1.4448853366176304
1771334354547,1.8412634305124151,-1.1412963614108758,1.4448853366176304
1771334354548,1.8412634305124151,-1.1412963614108758,1.4448853366176304
1771334354549,1.8412634305124151,-1.1412963614108758,1.4448853366176304
1771334354551,1.8412634305124151,-1.1412963614108758,1.4448853366176304
1771334354552,1.8412634305124151,-1.1412963614108758,1.4448853366176304
1771334354554,1.8412634305124151,-1.1412963614108758,1.4448853366176304
1771334354555,1.8412634305124151,-1.1412963614108758,1.4448853366176304
1771334354557,1.8412634305124151,-1.1412963614108758,1.4448853366176304
1771334354558,1.8412634305124151,-1.1412963614108758,1.4448853366176304
1771334354560,1.8412634305124151,-1.1412963614108758,1.4448853366176304
1771334354561,1.8412634305124151,-1.1412963614108758,1.4448853366176304
1771334354563,1.8412634305124151,-1.1412963614108758,1.4448853366176304
1771334354564,1.8412634305124151,-1.1412963614108758,1.4448853366176304
1771334354566,1.8412634305124151,-1.1412963614108758,1.4448853366176304
1771334354567,1.8412634305124151,-1.1412963614108758,1.4448853366176304
1771334354569,1.8412634305124151,-1.1412963614108758,1.4448853366176304
1771334354570,1.8412634305124151,-1.1412963614108758,1.4448853366176304
1771334354572,1.8412634305124151,-1.1412963614108758,1.4448853366176304
1771334354573,1.8412634305124151,-1.1412963614108758,1.4448853366176304
1771334354575,1.8412634305124151,-1.1412963614108758,1.4448853366176304
1771334354576,1.8412634305124151,-1.1412963614108758,1.4448853366176304
1771334354577,1.8412634305124151,-1.1412963614108758,1.4448853366176304
1771334354579,1.8412634305124151,-1.1412963614108758,1.4448853366176304
1771334354580,1.8412634305124151,-1.1412963614108758,1.4448853366176304
1771334354582,1.8412634305124151,-1.1412963614108758,1.4448853366176304
1771334354583,1.8412634305124151,-1.1412963614108758,1.4448853366176304
1771334354585,1.8412634305124151,-1.1412963614108758,1.4448853366176304
1771334354586,1.8412634305124151,-1.1412963614108758,1.4448853366176304
1771334354588,1.8412634305124151,-1.1412963614108758,1.4448853366176304
1771334354590,1.8745823199183198,-1.2466430737559,1.399978542980853
1771334354591,1.8745823199183198,-1.2466430737559,1.399978542980853
1771334354593,1.8745823199183198,-1.2466430737559,1.399978542980853
1771334354595,1.8745823199183198,-1.2466430737559,1.399978542980853
1771334354596,1.8745823199183198,-1.2466430737559,1.399978542980853
1771334354598,1.8745823199183198,-1.2466430737559,1.399978542980853
1771334354600,1.8745823199183198,-1.2466430737559,1.399978542980853
1771334354601,1.8745823199183198,-1.2466430737559,1.399978542980853
1771334354603,1.8745823199183198,-1.2466430737559,1.399978542980853
1771334354605,1.8745823199183198,-1.2466430737559,1.399978542980853
1771334354606,1.8745823199183198,-1.2466430737559,1.399978542980853
1771334354608,1.8745823199183198,-1.2466430737559,1.399978542980853
1771334354610,1.8745823199183198,-1.2466430737559,1.399978542980853
1771334354611,1.8745823199183198,-1.2466430737559,1.399978542980853
1771334354613,1.8745823199183198,-1.2466430737559,1.399978542980853
1771334354615,1.8745823199183198,-1.2466430737559,1.399978542980853
1771334354617,1.8745823199183198,-1.2466430737559,1.399978542980853
1771334354618,1.8745823199183198,-1.2466430737559,1.399978542980853
1771334354620,1.8745823199183198,-1.2466430737559,1.399978542980853
1771334354622,1.8745823199183198,-1.2466430737559,1.399978542980853
1771334354623,1.8745823199183198,-1.2466430737559,1.399978542980853
1771334354625,1.8745823199183198,-1.2466430737559,1.399978542980853
1771334354627,1.869358327811359,-1.2311575122531628,1.406681107351728
1771334354628,1.869358327811359,-1.2311575122531628,1.406681107351728
1771334354630,1.869358327811359,-1.2311575122531628,1.406681107351728
1771334354631,1.869358327811359,-1.2311575122531628,1.406681107351728
1771334354633,1.869358327811359,-1.2311575122531628,1.406681107351728
1771334354634,1.869358327811359,-1.2311575122531628,1.406681107351728
1771334354636,1.869358327811359,-1.2311575122531628,1.406681107351728
1771334354637,1.869358327811359,-1.2311575122531628,1.406681107351728
1771334354639,1.869358327811359,-1.2311575122531628,1.406681107351728
1771334354640,1.869358327811359,-1.2311575122531628,1.406681107351728
1771334354642,1.869358327811359,-1.2311575122531628,1.406681107351728
1771334354643,1.869358327811359,-1.2311575122531628,1.406681107351728
1771334354645,1.869358327811359,-1.2311575122531628,1.406681107351728
1771334354646,1.869358327811359,-1.2311575122531628,1.406681107351728
1771334354648,1.869358327811359,-1.2311575122531628,1.406681107351728
1771334354649,1.869358327811359,-1.2311575122531628,1.406681107351728
1771334354651,1.869358327811359,-1.2311575122531628,1.406681107351728
1771334354652,1.869358327811359,-1.2311575122531628,1.406681107351728
1771334354654,1.869358327811359,-1.2311575122531628,1.406681107351728
1771334354655,1.869358327811359,-1.2311575122531628,1.406681107351728
1771334354657,1.869358327811359,-1.2311575122531628,1.406681107351728
1771334354659,1.869358327811359,-1.2311575122531628,1.406681107351728
1771334354660,1.869358327811359,-1.2311575122531628,1.406681107351728
1771334354661,1.869358327811359,-1.2311575122531628,1.406681107351728
1771334354663,1.869358327811359,-1.2311575122531628,1.406681107351728
1771334354664,1.869358327811359,-1.2311575122531628,1.406681107351728
1771334354666,1.869358327811359,-1.2311575122531628,1.406681107351728
1771334354667,1.869358327811359,-1.2311575122531628,1.406681107351728
1771334354669,1.869358327811359,-1.2311575122531628,1.406681107351728
1771334354670,1.869358327811359,-1.2311575122531628,1.406681107351728
1771334354672,1.869358327811359,-1.2311575122531628,1.406681107351728
1771334354674,1.869358327811359,-1.2311575122531628,1.406681107351728
1771334354675,1.869358327811359,-1.2311575122531628,1.406681107351728
1771334354676,1.869358327811359,-1.2311575122531628,1.406681107351728
1771334354678,1.869358327811359,-1.2311575122531628,1.406681107351728
1771334354679,1.869358327811359,-1.2311575122531628,1.406681107351728
1771334354681,1.869358327811359,-1.2311575122531628,1.406681107351728
1771334354682,1.869358327811359,-1.2311575122531628,1.406681107351728
1771334354684,1.869358327811359,-1.2311575122531628,1.406681107351728
1771334354685,1.869358327811359,-1.2311575122531628,1.406681107351728
1771334354687,1.869358327811359,-1.2311575122531628,1.406681107351728
1771334354688,1.869358327811359,-1.2311575122531628,1.406681107351728
1771334354690,1.869358327811359,-1.2311575122531628,1.406681107351728
1771334354692,1.869358327811359,-1.2311575122531628,1.406681107351728
1771334354693,1.869358327811359,-1.2311575122531628,1.406681107351728
1771334354695,1.869358327811359,-1.2311575122531628,1.406681107351728
1771334354697,1.867071582718696,-1.2212017289643788,1.4123110961010357
1771334354698,1.867071582718696,-1.2212017289643788,1.4123110961010357
1771334354700,1.867071582718696,-1.2212017289643788,1.4123110961010357
1771334354702,1.8791307334636356,-1.2694585783472927,1.3854989106123656
1771334354704,1.8791307334636356,-1.2694585783472927,1.3854989106123656
1771334354706,1.8791307334636356,-1.2694585783472927,1.3854989106123656
1771334354708,1.8791307334636356,-1.2694585783472927,1.3854989106123656
1771334354710,1.8791307334636356,-1.2694585783472927,1.3854989106123656
1771334354712,1.8791307334636356,-1.2694585783472927,1.3854989106123656
1771334354714,1.8791307334636356,-1.2694585783472927,1.3854989106123656
1771334354716,1.8791307334636356,-1.2694585783472927,1.3854989106123656
1771334354718,1.8791307334636356,-1.2694585783472927,1.3854989106123656
1771334354720,1.8791307334636356,-1.2694585783472927,1.3854989106123656
1771334354722,1.8791307334636356,-1.2694585783472927,1.3854989106123656
1771334354725,1.8791307334636356,-1.2694585783472927,1.3854989106123656
1771334354727,1.8791307334636356,-1.2694585783472927,1.3854989106123656
1771334354729,1.8791307334636356,-1.2694585783472927,1.3854989106123656
1771334354731,1.8791307334636356,-1.2694585783472927,1.3854989106123656
1771334354733,1.8791307334636356,-1.2694585783472927,1.3854989106123656
1771334354735,1.8791307334636356,-1.2694585783472927,1.3854989106123656
1771334354737,1.8791307334636356,-1.2694585783472927,1.3854989106123656
1771334354739,1.8791307334636356,-1.2694585783472927,1.3854989106123656
1771334354741,1.8791307334636356,-1.2694585783472927,1.3854989106123656
1771334354743,1.8791307334636356,-1.2694585783472927,1.3854989106123656
1771334354745,1.8791307334636356,-1.2694585783472927,1.3854989106123656
1771334354747,1.8791307334636356,-1.2694585783472927,1.3854989106123656
1771334354749,1.8791307334636356,-1.2694585783472927,1.3854989106123656
1771334354751,1.8791307334636356,-1.2694585783472927,1.3854989106123656
1771334354753,1.8791307334636356,-1.2694585783472927,1.3854989106123656
1771334354755,1.8791307334636356,-1.2694585783472927,1.3854989106123656
1771334354757,1.8791307334636356,-1.2694585783472927,1.3854989106123656
1771334354759,1.8791307334636356,-1.2694585783472927,1.3854989106123656
1771334354761,1.8791307334636356,-1.2694585783472927,1.3854989106123656
1771334354763,1.8791307334636356,-1.2694585783472927,1.3854989106123656
1771334354765,1.8791307334636356,-1.2694585783472927,1.3854989106123656
1771334354767,1.8791307334636356,-1.2694585783472927,1.3854989106123656
1771334354769,1.8791307334636356,-1.2694585783472927,1.3854989106123656
1771334354771,1.8791307334636356,-1.2694585783472927,1.3854989106123656
1771334354773,1.8791307334636356,-1.2694585783472927,1.3854989106123656
1771334354775,1.8791307334636356,-1.2694585783472927,1.3854989106123656
1771334354778,1.8791307334636356,-1.2694585783472927,1.3854989106123656
1771334354780,1.8791307334636356,-1.2694585783472927,1.3854989106123656
1771334354782,1.8791307334636356,-1.2694585783472927,1.3854989106123656
1771334354784,1.8791307334636356,-1.2694585783472927,1.3854989106123656
1771334354786,1.8791307334636356,-1.2694585783472927,1.3854989106123656
1771334354788,1.8791307334636356,-1.2694585783472927,1.3854989106123656
1771334354790,1.8791307334636356,-1.2694585783472927,1.3854989106123656
1771334354792,1.8791307334636356,-1.2694585783472927,1.3854989106123656
1771334354794,1.8791307334636356,-1.2694585783472927,1.3854989106123656
1771334354796,1.8791307334636356,-1.2694585783472927,1.3854989106123656
1771334354798,1.8791307334636356,-1.2694585783472927,1.3854989106123656
1771334354800,1.8791307334636356,-1.2694585783472927,1.3854989106123656
1771334354802,1.8791307334636356,-1.2694585783472927,1.3854989106123656
1771334354804,1.8791307334636356,-1.2694585783472927,1.3854989106123656
1771334354807,1.8791307334636356,-1.2694585783472927,1.3854989106123656
1771334354809,1.8791307334636356,-1.2694585783472927,1.3854989106123656
1771334354811,1.8791307334636356,-1.2694585783472927,1.3854989106123656
1771334354813,1.8791307334636356,-1.2694585783472927,1.3854989106123656
1771334354815,1.8791307334636356,-1.2694585783472927,1.3854989106123656
1771334354817,1.8791307334636356,-1.2694585783472927,1.3854989106123656
1771334354819,1.8791307334636356,-1.2694585783472927,1.3854989106123656
1771334354821,1.8791307334636356,-1.2694585783472927,1.3854989106123656
1771334354823,1.8791307334636356,-1.2694585783472927,1.3854989106123656
1771334354825,1.8791307334636356,-1.2694585783472927,1.3854989106123656
1771334354827,1.8791307334636356,-1.2694585783472927,1.3854989106123656
1771334354829,1.8791307334636356,-1.2694585783472927,1.3854989106123656
1771334354831,1.8791307334636356,-1.2694585783472927,1.3854989106123656
1771334354833,1.8791307334636356,-1.2694585783472927,1.3854989106123656
1771334354835,1.8791307334636356,-1.2694585783472927,1.3854989106123656
1771334354837,1.8791307334636356,-1.2694585783472927,1.3854989106123656
1771334354839,1.8791307334636356,-1.2694585783472927,1.3854989106123656
1771334354841,1.8791307334636356,-1.2694585783472927,1.3854989106123656
1771334354843,1.8791307334636356,-1.2694585783472927,1.3854989106123656
1771334354845,1.8791307334636356,-1.2694585783472927,1.3854989106123656
1771334354847,1.8791307334636356,-1.2694585783472927,1.3854989106123656
1771334354849,1.8791307334636356,-1.2694585783472927,1.3854989106123656
1771334354851,1.8791307334636356,-1.2694585783472927,1.3854989106123656
1771334354853,1.8791307334636356,-1.2694585783472927,1.3854989106123656
1771334354855,1.8791307334636356,-1.2694585783472927,1.3854989106123656
1771334354857,1.8791307334636356,-1.2694585783472927,1.3854989106123656
1771334354859,1.8791307334636356,-1.2694585783472927,1.3854989106123656
1771334354861,1.8791307334636356,-1.2694585783472927,1.3854989106123656
1771334354863,1.8791307334636356,-1.2694585783472927,1.3854989106123656
1771334354865,1.8791307334636356,-1.2694585783472927,1.3854989106123656
1771334354867,1.8791307334636356,-1.2694585783472927,1.3854989106123656
1771334354869,1.8791307334636356,-1.2694585783472927,1.3854989106123656
1771334354871,1.8791307334636356,-1.2694585783472927,1.3854989106123656
1771334354874,1.8791307334636356,-1.2694585783472927,1.3854989106123656
1771334354876,1.8791307334636356,-1.2694585783472927,1.3854989106123656
1771334354878,1.8791307334636356,-1.2694585783472927,1.3854989106123656
1771334354880,1.8791307334636356,-1.2694585783472927,1.3854989106123656
1771334354882,1.8791307334636356,-1.2694585783472927,1.3854989106123656
1771334354884,1.8791307334636356,-1.2694585783472927,1.3854989106123656
1771334354886,1.8791307334636356,-1.2694585783472927,1.3854989106123656
1771334354888,1.8791307334636356,-1.2694585783472927,1.3854989106123656
1771334354890,1.8791307334636356,-1.2694585783472927,1.3854989106123656
1771334354892,1.8791307334636356,-1.2694585783472927,1.3854989106123656
1771334354894,1.8791307334636356,-1.2694585783472927,1.3854989106123656
1771334354896,1.8791307334636356,-1.2694585783472927,1.3854989106123656
1771334354897,0.27135635139383263,-0.0007914225294082646,0.27135519728236845
1771334354898,0.27135635139383263,-0.0007914225294082646,0.27135519728236845
1771334354899,0.27135635139383263,-0.0007914225294082646,0.27135519728236845
1771334354900,0.27135635139383263,-0.0007914225294082646,0.27135519728236845
1771334354901,0.27135635139383263,-0.0007914225294082646,0.27135519728236845
1771334354902,0.27135635139383263,-0.0007914225294082646,0.27135519728236845
1771334354903,0.27135635139383263,-0.0007914225294082646,0.27135519728236845
1771334354903,0.27135635139383263,-0.0007914225294082646,0.27135519728236845
1771334354904,0.27135635139383263,-0.0007914225294082646,0.27135519728236845
1771334354905,0.27135635139383263,-0.0007914225294082646,0.27135519728236845
1771334354906,0.27135635139383263,-0.0007914225294082646,0.27135519728236845
1771334354907,0.27135635139383263,-0.0007914225294082646,0.27135519728236845
1771334354908,0.27135635139383263,-0.0007914225294082646,0.27135519728236845
1771334354909,0.27135635139383263,-0.0007914225294082646,0.27135519728236845
1771334354910,0.27135635139383263,-0.0007914225294082646,0.27135519728236845
1771334354911,0.27135635139383263,-0.0007914225294082646,0.27135519728236845
1771334354911,0.27135635139383263,-0.0007914225294082646,0.27135519728236845
1771334354912,0.27135635139383263,-0.0007914225294082646,0.27135519728236845
1771334354913,0.27135635139383263,-0.0007914225294082646,0.27135519728236845
1771334354914,0.27135635139383263,-0.0007914225294082646,0.27135519728236845
1771334354915,0.27135635139383263,-0.0007914225294082646,0.27135519728236845
1771334354916,0.27135635139383263,-0.0007914225294082646,0.27135519728236845
1771334354917,0.27135635139383263,-0.0007914225294082646,0.27135519728236845
1771334354918,0.27135635139383263,-0.0007914225294082646,0.27135519728236845
1771334354919,0.27135635139383263,-0.0007914225294082646,0.27135519728236845
1771334354919,0.27135635139383263,-0.0007914225294082646,0.27135519728236845
1771334354920,0.27135635139383263,-0.0007914225294082646,0.27135519728236845
1771334354921,0.27135635139383263,-0.0007914225294082646,0.27135519728236845
1771334354922,0.27135635139383263,-0.0007914225294082646,0.27135519728236845
1771334354923,0.27135635139383263,-0.0007914225294082646,0.27135519728236845
1771334354924,0.27135635139383263,-0.0007914225294082646,0.27135519728236845
1771334354925,0.27135635139383263,-0.0007914225294082646,0.27135519728236845
1771334354926,0.27135635139383263,-0.0007914225294082646,0.27135519728236845
1771334354927,0.27135635139383263,-0.0007914225294082646,0.27135519728236845
1771334354928,0.27135635139383263,-0.0007914225294082646,0.27135519728236845
1771334354929,0.27135635139383263,-0.0007914225294082646,0.27135519728236845
1771334354929,0.27135635139383263,-0.0007914225294082646,0.27135519728236845
1771334354930,0.27135635139383263,-0.0007914225294082646,0.27135519728236845
1771334354931,0.27135635139383263,-0.0007914225294082646,0.27135519728236845
1771334354932,0.27135635139383263,-0.0007914225294082646,0.27135519728236845
1771334354933,0.27135635139383263,-0.0007914225294082646,0.27135519728236845
1771334354934,0.27135635139383263,-0.0007914225294082646,0.27135519728236845
1771334354935,0.27135635139383263,-0.0007914225294082646,0.27135519728236845
1771334354936,0.27135635139383263,-0.0007914225294082646,0.27135519728236845
1771334354936,0.27135635139383263,-0.0007914225294082646,0.27135519728236845
1771334354937,0.27135635139383263,-0.0007914225294082646,0.27135519728236845
1771334354938,0.27135635139383263,-0.0007914225294082646,0.27135519728236845
1771334354939,0.27135635139383263,-0.0007914225294082646,0.27135519728236845
1771334354940,0.27135635139383263,-0.0007914225294082646,0.27135519728236845
1771334354941,0.27135635139383263,-0.0007914225294082646,0.27135519728236845
1771334354942,0.27135635139383263,-0.0007914225294082646,0.27135519728236845
1771334354943,0.27135635139383263,-0.0007914225294082646,0.27135519728236845
1771334354944,0.27135635139383263,-0.0007914225294082646,0.27135519728236845
1771334354944,0.27135635139383263,-0.0007914225294082646,0.27135519728236845
1771334354945,0.27135635139383263,-0.0007914225294082646,0.27135519728236845
1771334354946,0.27135635139383263,-0.0007914225294082646,0.27135519728236845
1771334354947,0.27135635139383263,-0.0007914225294082646,0.27135519728236845
1771334354948,0.27135635139383263,-0.0007914225294082646,0.27135519728236845
1771334354949,0.27135635139383263,-0.0007914225294082646,0.27135519728236845
1771334354950,0.27135635139383263,-0.0007914225294082646,0.27135519728236845
1771334354951,0.27135635139383263,-0.0007914225294082646,0.27135519728236845
1771334354951,0.27135635139383263,-0.0007914225294082646,0.27135519728236845
1771334354952,0.27135635139383263,-0.0007914225294082646,0.27135519728236845
1771334354953,0.27135635139383263,-0.0007914225294082646,0.27135519728236845
1771334354954,0.27135635139383263,-0.0007914225294082646,0.27135519728236845
1771334354955,0.27135635139383263,-0.0007914225294082646,0.27135519728236845
1771334354956,0.27135635139383263,-0.0007914225294082646,0.27135519728236845
1771334354957,0.27135635139383263,-0.0007914225294082646,0.27135519728236845
1771334354958,0.27135635139383263,-0.0007914225294082646,0.27135519728236845
1771334354959,0.27135635139383263,-0.0007914225294082646,0.27135519728236845
1771334354959,0.27135635139383263,-0.0007914225294082646,0.27135519728236845
1771334354960,0.27135635139383263,-0.0007914225294082646,0.27135519728236845
1771334354961,0.27135635139383263,-0.0007914225294082646,0.27135519728236845
1771334354962,0.27135635139383263,-0.0007914225294082646,0.27135519728236845
1771334354963,0.27135635139383263,-0.0007914225294082646,0.27135519728236845
1771334354964,0.27135635139383263,-0.0007914225294082646,0.27135519728236845
1771334354965,0.27135635139383263,-0.0007914225294082646,0.27135519728236845
1771334354966,0.27135635139383263,-0.0007914225294082646,0.27135519728236845
1771334354967,0.27135635139383263,-0.0007914225294082646,0.27135519728236845
1771334354968,0.27135635139383263,-0.0007914225294082646,0.27135519728236845
1771334354968,0.27135635139383263,-0.0007914225294082646,0.27135519728236845
1771334354969,0.27135635139383263,-0.0007914225294082646,0.27135519728236845
1771334354970,0.27135635139383263,-0.0007914225294082646,0.27135519728236845
1771334354971,0.27135635139383263,-0.0007914225294082646,0.27135519728236845
1771334354972,0.27135635139383263,-0.0007914225294082646,0.27135519728236845
1771334354973,0.27135635139383263,-0.0007914225294082646,0.27135519728236845
1771334354974,0.27135635139383263,-0.0007914225294082646,0.27135519728236845
1771334354975,0.27135635139383263,-0.0007914225294082646,0.27135519728236845
1771334354976,0.27135635139383263,-0.0007914225294082646,0.27135519728236845
1771334354977,0.27135635139383263,-0.0007914225294082646,0.27135519728236845
1771334354977,0.27135635139383263,-0.0007914225294082646,0.27135519728236845
1771334354978,0.27135635139383263,-0.0007914225294082646,0.27135519728236845
1771334354979,0.27135635139383263,-0.0007914225294082646,0.27135519728236845
1771334354980,0.27135635139383263,-0.0007914225294082646,0.27135519728236845
1771334354981,0.27135635139383263,-0.0007914225294082646,0.27135519728236845
1771334354982,0.27135635139383263,-0.0007914225294082646,0.27135519728236845
1771334354983,0.27135635139383263,-0.0007914225294082646,0.27135519728236845
1771334354984,0.27135635139383263,-0.0007914225294082646,0.27135519728236845
1771334354985,0.27135635139383263,-0.0007914225294082646,0.27135519728236845
1771334354985,0.27135635139383263,-0.0007914225294082646,0.27135519728236845
1771334354986,0.27135635139383263,-0.0007914225294082646,0.27135519728236845
1771334354987,0.27135635139383263,-0.0007914225294082646,0.27135519728236845
1771334354988,0.27135635139383263,-0.0007914225294082646,0.27135519728236845
1771334354989,0.27135635139383263,-0.0007914225294082646,0.27135519728236845
1771334354990,0.27135635139383263,-0.0007914225294082646,0.27135519728236845
1771334354991,0.27135635139383263,-0.0007914225294082646,0.27135519728236845
1771334354992,0.27135635139383263,-0.0007914225294082646,0.27135519728236845
1771334354993,0.27135635139383263,-0.0007914225294082646,0.27135519728236845
1771334354994,0.27135635139383263,-0.0007914225294082646,0.27135519728236845
1771334354994,0.27135635139383263,-0.0007914225294082646,0.27135519728236845
1771334354995,0.27135635139383263,-0.0007914225294082646,0.27135519728236845
1771334354996,0.27135635139383263,-0.0007914225294082646,0.27135519728236845
1771334354997,0.27135635139383263,-0.0007914225294082646,0.27135519728236845
1771334354998,0.27135635139383263,-0.0007914225294082646,0.27135519728236845
1771334354999,0.27135635139383263,-0.0007914225294082646,0.27135519728236845
1771334355000,0.27135635139383263,-0.0007914225294082646,0.27135519728236845
1771334355001,0.27135635139383263,-0.0007914225294082646,0.27135519728236845
1771334355002,0.27135635139383263,-0.0007914225294082646,0.27135519728236845
1771334355002,0.27135635139383263,-0.0007914225294082646,0.27135519728236845
1771334355003,0.27135635139383263,-0.0007914225294082646,0.27135519728236845
1771334355004,0.27135635139383263,-0.0007914225294082646,0.27135519728236845
1771334355005,0.27135635139383263,-0.0007914225294082646,0.27135519728236845
1771334355006,0.27135635139383263,-0.0007914225294082646,0.27135519728236845
1771334355007,0.27135635139383263,-0.0007914225294082646,0.27135519728236845
1771334355008,0.27135635139383263,-0.0007914225294082646,0.27135519728236845
1771334355009,0.27135635139383263,-0.0007914225294082646,0.27135519728236845
1771334355010,0.27135635139383263,-0.0007914225294082646,0.27135519728236845
1771334355010,0.27135635139383263,-0.0007914225294082646,0.27135519728236845
1771334355011,0.27135635139383263,-0.0007914225294082646,0.27135519728236845
1771334355012,0.27135635139383263,-0.0007914225294082646,0.27135519728236845
1771334355013,0.27135635139383263,-0.0007914225294082646,0.27135519728236845
1771334355014,0.27135635139383263,-0.0007914225294082646,0.27135519728236845
1771334355015,0.27135635139383263,-0.0007914225294082646,0.27135519728236845
1771334355016,0.27135635139383263,-0.0007914225294082646,0.27135519728236845
1771334355017,0.27135635139383263,-0.0007914225294082646,0.27135519728236845
1771334355018,0.27135635139383263,-0.0007914225294082646,0.27135519728236845
1771334355018,0.27135635139383263,-0.0007914225294082646,0.27135519728236845
1771334355019,0.27135635139383263,-0.0007914225294082646,0.27135519728236845
1771334355020,0.27135635139383263,-0.0007914225294082646,0.27135519728236845
1771334355021,0.27135635139383263,-0.0007914225294082646,0.27135519728236845
1771334355022,0.27135635139383263,-0.0007914225294082646,0.27135519728236845
1771334355023,0.27135635139383263,-0.0007914225294082646,0.27135519728236845
1771334355024,0.27135635139383263,-0.0007914225294082646,0.27135519728236845
1771334355025,0.27135635139383263,-0.0007914225294082646,0.27135519728236845
1771334355026,0.27135635139383263,-0.0007914225294082646,0.27135519728236845
1771334355026,0.27135635139383263,-0.0007914225294082646,0.27135519728236845
1771334355027,0.27135635139383263,-0.0007914225294082646,0.27135519728236845
1771334355028,0.27135635139383263,-0.0007914225294082646,0.27135519728236845
1771334355029,0.27135635139383263,-0.0007914225294082646,0.27135519728236845
1771334355030,0.27135635139383263,-0.0007914225294082646,0.27135519728236845
1771334355031,0.27135635139383263,-0.0007914225294082646,0.27135519728236845
1771334355032,0.27135635139383263,-0.0007914225294082646,0.27135519728236845
1771334355033,0.27135635139383263,-0.0007914225294082646,0.27135519728236845
1771334355034,0.27135635139383263,-0.0007914225294082646,0.27135519728236845
1771334355035,0.27135635139383263,-0.0007914225294082646,0.27135519728236845
1771334355036,0.27135635139383263,-0.0007914225294082646,0.27135519728236845
1771334355036,0.27135635139383263,-0.0007914225294082646,0.27135519728236845
1771334355037,0.27135635139383263,-0.0007914225294082646,0.27135519728236845
1771334355038,0.27135635139383263,-0.0007914225294082646,0.27135519728236845
1771334355039,0.27135635139383263,-0.0007914225294082646,0.27135519728236845
1771334355040,0.27135635139383263,-0.0007914225294082646,0.27135519728236845
1771334355041,0.27135635139383263,-0.0007914225294082646,0.27135519728236845
1771334355042,0.27135635139383263,-0.0007914225294082646,0.27135519728236845
1771334355043,0.27135635139383263,-0.0007914225294082646,0.27135519728236845
1771334355044,0.27135635139383263,-0.0007914225294082646,0.27135519728236845
1771334355044,0.27135635139383263,-0.0007914225294082646,0.27135519728236845
1771334355045,0.27135635139383263,-0.0007914225294082646,0.27135519728236845
1771334355046,0.27135635139383263,-0.0007914225294082646,0.27135519728236845
1771334355047,0.27135635139383263,-0.0007914225294082646,0.27135519728236845
1771334355048,0.27135635139383263,-0.0007914225294082646,0.27135519728236845
1771334355049,0.27135635139383263,-0.0007914225294082646,0.27135519728236845
1771334355050,0.27135635139383263,-0.0007914225294082646,0.27135519728236845
1771334355051,0.27135635139383263,-0.0007914225294082646,0.27135519728236845
1771334355051,0.27135635139383263,-0.0007914225294082646,0.27135519728236845
1771334355052,0.27135635139383263,-0.0007914225294082646,0.27135519728236845
1771334355053,0.27135635139383263,-0.0007914225294082646,0.27135519728236845
1771334355054,0.27135635139383263,-0.0007914225294082646,0.27135519728236845
1771334355055,0.27135635139383263,-0.0007914225294082646,0.27135519728236845
1771334355056,0.27135635139383263,-0.0007914225294082646,0.27135519728236845
1771334355057,0.27135635139383263,-0.0007914225294082646,0.27135519728236845
1771334355058,0.27135635139383263,-0.0007914225294082646,0.27135519728236845
1771334355059,0.27135635139383263,-0.0007914225294082646,0.27135519728236845
1771334355060,0.27135635139383263,-0.0007914225294082646,0.27135519728236845
1771334355060,0.27135635139383263,-0.0007914225294082646,0.27135519728236845
1771334355061,0.27135635139383263,-0.0007914225294082646,0.27135519728236845
1771334355062,0.27135635139383263,-0.0007914225294082646,0.27135519728236845
1771334355063,0.27135635139383263,-0.0007914225294082646,0.27135519728236845
1771334355064,0.27135635139383263,-0.0007914225294082646,0.27135519728236845
1771334355065,0.27135635139383263,-0.0007914225294082646,0.27135519728236845
1771334355066,0.27135635139383263,-0.0007914225294082646,0.27135519728236845
1771334355067,0.27135635139383263,-0.0007914225294082646,0.27135519728236845
1771334355067,0.27135635139383263,-0.0007914225294082646,0.27135519728236845
1771334355068,0.27135635139383263,-0.0007914225294082646,0.27135519728236845
1771334355069,0.27135635139383263,-0.0007914225294082646,0.27135519728236845
1771334355070,0.27135635139383263,-0.0007914225294082646,0.27135519728236845
1771334355071,0.27135635139383263,-0.0007914225294082646,0.27135519728236845
1771334355072,0.27135635139383263,-0.0007914225294082646,0.27135519728236845
1771334355073,0.27135635139383263,-0.0007914225294082646,0.27135519728236845
1771334355074,0.27135635139383263,-0.0007914225294082646,0.27135519728236845
1771334355075,0.27135635139383263,-0.0007914225294082646,0.27135519728236845
1771334355076,0.27135635139383263,-0.0007914225294082646,0.27135519728236845
1771334355076,0.27135635139383263,-0.0007914225294082646,0.27135519728236845
1771334355077,0.27135635139383263,-0.0007914225294082646,0.27135519728236845
1771334355078,0.27135635139383263,-0.0007914225294082646,0.27135519728236845
1771334355079,0.27135635139383263,-0.0007914225294082646,0.27135519728236845
1771334355080,0.27135635139383263,-0.0007914225294082646,0.27135519728236845
1771334355081,0.27135635139383263,-0.0007914225294082646,0.27135519728236845
1771334355082,0.27135635139383263,-0.0007914225294082646,0.27135519728236845
1771334355083,0.27135635139383263,-0.0007914225294082646,0.27135519728236845
1771334355084,0.27135635139383263,-0.0007914225294082646,0.27135519728236845
1771334355084,0.27135635139383263,-0.0007914225294082646,0.27135519728236845
1771334355085,0.27135635139383263,-0.0007914225294082646,0.27135519728236845
1771334355086,0.27135635139383263,-0.0007914225294082646,0.27135519728236845
1771334355087,0.27135635139383263,-0.0007914225294082646,0.27135519728236845
1771334355088,0.27135635139383263,-0.0007914225294082646,0.27135519728236845
1771334355089,0.27135635139383263,-0.0007914225294082646,0.27135519728236845
1771334355090,0.27135635139383263,-0.0007914225294082646,0.27135519728236845
1771334355091,0.27135635139383263,-0.0007914225294082646,0.27135519728236845
1771334355092,0.27135635139383263,-0.0007914225294082646,0.27135519728236845
1771334355092,0.27135635139383263,-0.0007914225294082646,0.27135519728236845
1771334355093,0.27135635139383263,-0.0007914225294082646,0.27135519728236845
1771334355094,0.27135635139383263,-0.0007914225294082646,0.27135519728236845
1771334355095,0.27135635139383263,-0.0007914225294082646,0.27135519728236845
1771334355096,0.27135635139383263,-0.0007914225294082646,0.27135519728236845
1771334355097,0.27135635139383263,-0.0007914225294082646,0.27135519728236845
1771334355098,0.27135635139383263,-0.0007914225294082646,0.27135519728236845
1771334355098,0.27135635139383263,-0.0007914225294082646,0.27135519728236845
1771334355099,0.27135635139383263,-0.0007914225294082646,0.27135519728236845
1771334355100,0.27135635139383263,-0.0007914225294082646,0.27135519728236845
1771334355101,0.27135635139383263,-0.0007914225294082646,0.27135519728236845
1771334355102,0.27135635139383263,-0.0007914225294082646,0.27135519728236845
1771334355103,0.27135635139383263,-0.0007914225294082646,0.27135519728236845
1771334355104,0.27135635139383263,-0.0007914225294082646,0.27135519728236845
1771334355105,0.27135635139383263,-0.0007914225294082646,0.27135519728236845
1771334355105,0.27135635139383263,-0.0007914225294082646,0.27135519728236845
1771334355107,0.27135635139383263,-0.0007914225294082646,0.27135519728236845
1771334355107,0.27135635139383263,-0.0007914225294082646,0.27135519728236845
1771334355108,0.27135635139383263,-0.0007914225294082646,0.27135519728236845
1771334355109,0.27135635139383263,-0.0007914225294082646,0.27135519728236845
1771334355110,0.27135635139383263,-0.0007914225294082646,0.27135519728236845
1771334355111,0.27135635139383263,-0.0007914225294082646,0.27135519728236845
1771334355112,0.27135635139383263,-0.0007914225294082646,0.27135519728236845
1771334355113,0.27135635139383263,-0.0007914225294082646,0.27135519728236845
1771334355114,0.27135635139383263,-0.0007914225294082646,0.27135519728236845
1771334355115,0.27135635139383263,-0.0007914225294082646,0.27135519728236845
1771334355115,0.27135635139383263,-0.0007914225294082646,0.27135519728236845
1771334355116,0.27135635139383263,-0.0007914225294082646,0.27135519728236845
1771334355117,0.27135635139383263,-0.0007914225294082646,0.27135519728236845
1771334355118,0.27135635139383263,-0.0007914225294082646,0.27135519728236845
1771334355119,0.27135635139383263,-0.0007914225294082646,0.27135519728236845
1771334355120,0.27135635139383263,-0.0007914225294082646,0.27135519728236845
1771334355121,0.27135635139383263,-0.0007914225294082646,0.27135519728236845
1771334355122,0.27135635139383263,-0.0007914225294082646,0.27135519728236845
1771334355122,0.27135635139383263,-0.0007914225294082646,0.27135519728236845
1771334355123,0.27135635139383263,-0.0007914225294082646,0.27135519728236845
1771334355124,0.27135635139383263,-0.0007914225294082646,0.27135519728236845
1771334355125,0.27135635139383263,-0.0007914225294082646,0.27135519728236845
1771334355126,0.27135635139383263,-0.0007914225294082646,0.27135519728236845
1771334355127,0.27135635139383263,-0.0007914225294082646,0.27135519728236845
1771334355128,0.27135635139383263,-0.0007914225294082646,0.27135519728236845
1771334355129,0.27135635139383263,-0.0007914225294082646,0.27135519728236845
1771334355130,0.27135635139383263,-0.0007914225294082646,0.27135519728236845
1771334355130,0.27135635139383263,-0.0007914225294082646,0.27135519728236845
1771334355131,0.27135635139383263,-0.0007914225294082646,0.27135519728236845
1771334355132,0.27135635139383263,-0.0007914225294082646,0.27135519728236845
1771334355133,0.27135635139383263,-0.0007914225294082646,0.27135519728236845
1771334355134,0.27135635139383263,-0.0007914225294082646,0.27135519728236845
1771334355135,0.27135635139383263,-0.0007914225294082646,0.27135519728236845
1771334355136,0.27135635139383263,-0.0007914225294082646,0.27135519728236845
1771334355137,0.27135635139383263,-0.0007914225294082646,0.27135519728236845
1771334355138,0.27135635139383263,-0.0007914225294082646,0.27135519728236845
1771334355138,0.27135635139383263,-0.0007914225294082646,0.27135519728236845
1771334355139,0.27135635139383263,-0.0007914225294082646,0.27135519728236845
1771334355140,0.27135635139383263,-0.0007914225294082646,0.27135519728236845
1771334355141,0.27135635139383263,-0.0007914225294082646,0.27135519728236845
1771334355142,0.27135635139383263,-0.0007914225294082646,0.27135519728236845
1771334355143,0.27135635139383263,-0.0007914225294082646,0.27135519728236845
1771334355144,0.27135635139383263,-0.0007914225294082646,0.27135519728236845
1771334355145,0.27135635139383263,-0.0007914225294082646,0.27135519728236845
1771334355146,0.27135635139383263,-0.0007914225294082646,0.27135519728236845
1771334355146,0.27135635139383263,-0.0007914225294082646,0.27135519728236845
1771334355147,0.27135635139383263,-0.0007914225294082646,0.27135519728236845
1771334355148,0.27135635139383263,-0.0007914225294082646,0.27135519728236845
1771334355149,0.27135635139383263,-0.0007914225294082646,0.27135519728236845
1771334355150,0.27135635139383263,-0.0007914225294082646,0.27135519728236845
1771334355151,0.27135635139383263,-0.0007914225294082646,0.27135519728236845
1771334355152,0.27135635139383263,-0.0007914225294082646,0.27135519728236845
1771334355153,0.27135635139383263,-0.0007914225294082646,0.27135519728236845
1771334355154,0.27135635139383263,-0.0007914225294082646,0.27135519728236845
1771334355154,0.27135635139383263,-0.0007914225294082646,0.27135519728236845
1771334355155,0.27135635139383263,-0.0007914225294082646,0.27135519728236845
1771334355156,0.27135635139383263,-0.0007914225294082646,0.27135519728236845
1771334355157,0.27135635139383263,-0.0007914225294082646,0.27135519728236845
1771334355158,0.27135635139383263,-0.0007914225294082646,0.27135519728236845
1771334355159,0.27135635139383263,-0.0007914225294082646,0.27135519728236845
1771334355160,0.27135635139383263,-0.0007914225294082646,0.27135519728236845
1771334355161,0.27135635139383263,-0.0007914225294082646,0.27135519728236845
1771334355162,0.27135635139383263,-0.0007914225294082646,0.27135519728236845
1771334355162,0.27135635139383263,-0.0007914225294082646,0.27135519728236845
1771334355163,0.27135635139383263,-0.0007914225294082646,0.27135519728236845
1771334355164,0.27135635139383263,-0.0007914225294082646,0.27135519728236845
1771334355165,0.27135635139383263,-0.0007914225294082646,0.27135519728236845
1771334355166,0.27135635139383263,-0.0007914225294082646,0.27135519728236845
1771334355167,0.27135635139383263,-0.0007914225294082646,0.27135519728236845
1771334355168,0.27135635139383263,-0.0007914225294082646,0.27135519728236845
1771334355169,0.27135635139383263,-0.0007914225294082646,0.27135519728236845
1771334355170,0.27135635139383263,-0.0007914225294082646,0.27135519728236845
1771334355170,0.27135635139383263,-0.0007914225294082646,0.27135519728236845
1771334355171,0.27135635139383263,-0.0007914225294082646,0.27135519728236845
1771334355172,0.27135635139383263,-0.0007914225294082646,0.27135519728236845
1771334355173,0.27135635139383263,-0.0007914225294082646,0.27135519728236845
1771334355174,0.27135635139383263,-0.0007914225294082646,0.27135519728236845
1771334355175,0.27135635139383263,-0.0007914225294082646,0.27135519728236845
1771334355176,0.27135635139383263,-0.0007914225294082646,0.27135519728236845
1771334355177,0.27135635139383263,-0.0007914225294082646,0.27135519728236845
1771334355178,0.27135635139383263,-0.0007914225294082646,0.27135519728236845
1771334355179,0.27135635139383263,-0.0007914225294082646,0.27135519728236845
1771334355179,0.27135635139383263,-0.0007914225294082646,0.27135519728236845
1771334355180,0.27135635139383263,-0.0007914225294082646,0.27135519728236845
1771334355181,0.27135635139383263,-0.0007914225294082646,0.27135519728236845
1771334355182,0.27135635139383263,-0.0007914225294082646,0.27135519728236845
1771334355183,0.27135635139383263,-0.0007914225294082646,0.27135519728236845
1771334355184,0.27135635139383263,-0.0007914225294082646,0.27135519728236845
1771334355185,0.27135635139383263,-0.0007914225294082646,0.27135519728236845
1771334355186,0.27135635139383263,-0.0007914225294082646,0.27135519728236845
1771334355186,0.27135635139383263,-0.0007914225294082646,0.27135519728236845
1771334355187,0.27135635139383263,-0.0007914225294082646,0.27135519728236845
1771334355188,0.27135635139383263,-0.0007914225294082646,0.27135519728236845
1771334355189,0.27135635139383263,-0.0007914225294082646,0.27135519728236845
1771334355190,0.27135635139383263,-0.0007914225294082646,0.27135519728236845
1771334355191,0.27135635139383263,-0.0007914225294082646,0.27135519728236845
1771334355192,0.27135635139383263,-0.0007914225294082646,0.27135519728236845
1771334355193,0.27135635139383263,-0.0007914225294082646,0.27135519728236845
1771334355194,0.27135635139383263,-0.0007914225294082646,0.27135519728236845
1771334355194,0.27135635139383263,-0.0007914225294082646,0.27135519728236845
1771334355195,0.27135635139383263,-0.0007914225294082646,0.27135519728236845
1771334355196,0.27135635139383263,-0.0007914225294082646,0.27135519728236845
1771334355197,0.27135635139383263,-0.0007914225294082646,0.27135519728236845
1771334355198,0.27135635139383263,-0.0007914225294082646,0.27135519728236845
1771334355199,0.27135635139383263,-0.0007914225294082646,0.27135519728236845
1771334355200,0.27135635139383263,-0.0007914225294082646,0.27135519728236845
1771334355203,0.27135635139383263,-0.0007914225294082646,0.27135519728236845
1771334355204,0.27135635139383263,-0.0007914225294082646,0.27135519728236845
1771334355206,0.27135635139383263,-0.0007914225294082646,0.27135519728236845
1771334355207,0.27135635139383263,-0.0007914225294082646,0.27135519728236845
1771334355223,0.27135635139383263,-0.0007914225294082646,0.27135519728236845
1771334355225,0.27135635139383263,-0.0007914225294082646,0.27135519728236845
1771334355227,0.27135635139383263,-0.0007914225294082646,0.27135519728236845
1771334355228,0.27135635139383263,-0.0007914225294082646,0.27135519728236845
1771334355229,0.27135635139383263,-0.0007914225294082646,0.27135519728236845
1771334355230,0.27135635139383263,-0.0007914225294082646,0.27135519728236845
1771334355231,0.27135635139383263,-0.0007914225294082646,0.27135519728236845
1771334355233,0.27135635139383263,-0.0007914225294082646,0.27135519728236845
1771334355234,0.27135635139383263,-0.0007914225294082646,0.27135519728236845
1771334355237,0.27135635139383263,-0.0007914225294082646,0.27135519728236845
1771334355238,0.27135635139383263,-0.0007914225294082646,0.27135519728236845
1771334355239,0.27135635139383263,-0.0007914225294082646,0.27135519728236845
1771334355240,0.27135635139383263,-0.0007914225294082646,0.27135519728236845
1771334355241,0.27135635139383263,-0.0007914225294082646,0.27135519728236845
1771334355242,0.27135635139383263,-0.0007914225294082646,0.27135519728236845
1771334355243,0.27135635139383263,-0.0007914225294082646,0.27135519728236845
1771334355244,0.27135635139383263,-0.0007914225294082646,0.27135519728236845
1771334355245,0.27135635139383263,-0.0007914225294082646,0.27135519728236845
1771334355246,0.27135635139383263,-0.0007914225294082646,0.27135519728236845
1771334355247,0.27135635139383263,-0.0007914225294082646,0.27135519728236845
1771334355247,0.27135635139383263,-0.0007914225294082646,0.27135519728236845
1771334355248,0.27135635139383263,-0.0007914225294082646,0.27135519728236845
1771334355249,0.27135635139383263,-0.0007914225294082646,0.27135519728236845
1771334355250,0.27135635139383263,-0.0007914225294082646,0.27135519728236845
1771334355251,0.27135635139383263,-0.0007914225294082646,0.27135519728236845
1771334355252,0.27135635139383263,-0.0007914225294082646,0.27135519728236845
1771334355253,0.27135635139383263,-0.0007914225294082646,0.27135519728236845
1771334355254,0.27135635139383263,-0.0007914225294082646,0.27135519728236845
1771334355255,0.27135635139383263,-0.0007914225294082646,0.27135519728236845
1771334355255,0.27135635139383263,-0.0007914225294082646,0.27135519728236845
1771334355256,0.27135635139383263,-0.0007914225294082646,0.27135519728236845
1771334355257,0.27135635139383263,-0.0007914225294082646,0.27135519728236845
1771334355258,0.27135635139383263,-0.0007914225294082646,0.27135519728236845
1771334355259,0.27135635139383263,-0.0007914225294082646,0.27135519728236845
1771334355260,0.27135635139383263,-0.0007914225294082646,0.27135519728236845
1771334355261,0.27135635139383263,-0.0007914225294082646,0.27135519728236845
1771334355262,0.27135635139383263,-0.0007914225294082646,0.27135519728236845
1771334355263,0.27135635139383263,-0.0007914225294082646,0.27135519728236845
1771334355263,0.27135635139383263,-0.0007914225294082646,0.27135519728236845
1771334355264,0.27135635139383263,-0.0007914225294082646,0.27135519728236845
1771334355265,0.27135635139383263,-0.0007914225294082646,0.27135519728236845
1771334355266,0.27135635139383263,-0.0007914225294082646,0.27135519728236845
1771334355267,0.27135635139383263,-0.0007914225294082646,0.27135519728236845
1771334355268,0.27135635139383263,-0.0007914225294082646,0.27135519728236845
1771334355269,0.27135635139383263,-0.0007914225294082646,0.27135519728236845
1771334355270,0.27135635139383263,-0.0007914225294082646,0.27135519728236845
1771334355270,0.27135635139383263,-0.0007914225294082646,0.27135519728236845
1771334355271,0.27135635139383263,-0.0007914225294082646,0.27135519728236845
1771334355272,0.27135635139383263,-0.0007914225294082646,0.27135519728236845
1771334355273,0.27135635139383263,-0.0007914225294082646,0.27135519728236845
1771334355274,0.27135635139383263,-0.0007914225294082646,0.27135519728236845
1771334355275,0.27135635139383263,-0.0007914225294082646,0.27135519728236845
1771334355276,0.27135635139383263,-0.0007914225294082646,0.27135519728236845
1771334355277,0.27135635139383263,-0.0007914225294082646,0.27135519728236845
1771334355278,0.27135635139383263,-0.0007914225294082646,0.27135519728236845
1771334355279,0.27135635139383263,-0.0007914225294082646,0.27135519728236845
1771334355279,0.27135635139383263,-0.0007914225294082646,0.27135519728236845
1771334355280,0.27135635139383263,-0.0007914225294082646,0.27135519728236845
1771334355281,0.27135635139383263,-0.0007914225294082646,0.27135519728236845
1771334355282,0.27135635139383263,-0.0007914225294082646,0.27135519728236845
1771334355283,0.27135635139383263,-0.0007914225294082646,0.27135519728236845
1771334355284,0.27135635139383263,-0.0007914225294082646,0.27135519728236845
1771334355285,0.27135635139383263,-0.0007914225294082646,0.27135519728236845
1771334355286,0.27135635139383263,-0.0007914225294082646,0.27135519728236845
1771334355286,0.27135635139383263,-0.0007914225294082646,0.27135519728236845
1771334355287,0.27135635139383263,-0.0007914225294082646,0.27135519728236845
1771334355288,0.27135635139383263,-0.0007914225294082646,0.27135519728236845
1771334355289,0.27135635139383263,-0.0007914225294082646,0.27135519728236845
1771334355290,0.27135635139383263,-0.0007914225294082646,0.27135519728236845
1771334355291,0.27135635139383263,-0.0007914225294082646,0.27135519728236845
1771334355292,0.27135635139383263,-0.0007914225294082646,0.27135519728236845
1771334355293,0.27135635139383263,-0.0007914225294082646,0.27135519728236845
1771334355294,0.27135635139383263,-0.0007914225294082646,0.27135519728236845
1771334355294,0.27135635139383263,-0.0007914225294082646,0.27135519728236845
1771334355295,0.27135635139383263,-0.0007914225294082646,0.27135519728236845
1771334355296,0.27135635139383263,-0.0007914225294082646,0.27135519728236845
1771334355297,0.27135635139383263,-0.0007914225294082646,0.27135519728236845
1771334355298,0.27135635139383263,-0.0007914225294082646,0.27135519728236845
1771334355299,0.27135635139383263,-0.0007914225294082646,0.27135519728236845
1771334355300,0.27135635139383263,-0.0007914225294082646,0.27135519728236845
1771334355301,0.27135635139383263,-0.0007914225294082646,0.27135519728236845
1771334355302,0.27135635139383263,-0.0007914225294082646,0.27135519728236845
1771334355302,0.27135635139383263,-0.0007914225294082646,0.27135519728236845
1771334355303,0.27135635139383263,-0.0007914225294082646,0.27135519728236845
1771334355304,0.27135635139383263,-0.0007914225294082646,0.27135519728236845
1771334355305,0.27135635139383263,-0.0007914225294082646,0.27135519728236845
1771334355306,0.27135635139383263,-0.0007914225294082646,0.27135519728236845
1771334355307,0.27135635139383263,-0.0007914225294082646,0.27135519728236845
1771334355308,0.27135635139383263,-0.0007914225294082646,0.27135519728236845
1771334355309,0.27135635139383263,-0.0007914225294082646,0.27135519728236845
1771334355310,0.27135635139383263,-0.0007914225294082646,0.27135519728236845
1771334355311,0.27135635139383263,-0.0007914225294082646,0.27135519728236845
1771334355311,0.27135635139383263,-0.0007914225294082646,0.27135519728236845
1771334355312,0.27135635139383263,-0.0007914225294082646,0.27135519728236845
1771334355313,0.27135635139383263,-0.0007914225294082646,0.27135519728236845
1771334355314,0.27135635139383263,-0.0007914225294082646,0.27135519728236845
1771334355315,0.27135635139383263,-0.0007914225294082646,0.27135519728236845
1771334355316,0.27135635139383263,-0.0007914225294082646,0.27135519728236845
1771334355317,0.27135635139383263,-0.0007914225294082646,0.27135519728236845
1771334355318,0.27135635139383263,-0.0007914225294082646,0.27135519728236845
1771334355319,0.27135635139383263,-0.0007914225294082646,0.27135519728236845
1771334355320,0.27135635139383263,-0.0007914225294082646,0.27135519728236845
1771334355320,0.27135635139383263,-0.0007914225294082646,0.27135519728236845
1771334355321,0.27135635139383263,-0.0007914225294082646,0.27135519728236845
1771334355322,0.27135635139383263,-0.0007914225294082646,0.27135519728236845
1771334355324,0.01847504747103675,-0.0009450064638878452,0.018450862902321712
1771334355325,0.27135035890835385,-0.000794144965933359,0.27134919681743214
1771334355326,0.27135035890835385,-0.000794144965933359,0.27134919681743214
1771334355326,0.27135035890835385,-0.000794144965933359,0.27134919681743214
1771334355327,0.27135035890835385,-0.000794144965933359,0.27134919681743214
1771334355328,0.27135035890835385,-0.000794144965933359,0.27134919681743214
1771334355329,0.27135035890835385,-0.000794144965933359,0.27134919681743214
1771334355330,0.27135035890835385,-0.000794144965933359,0.27134919681743214
1771334355331,0.27135035890835385,-0.000794144965933359,0.27134919681743214
1771334355332,0.27135035890835385,-0.000794144965933359,0.27134919681743214
1771334355333,0.27135035890835385,-0.000794144965933359,0.27134919681743214
1771334355334,0.27135035890835385,-0.000794144965933359,0.27134919681743214
1771334355335,0.27135035890835385,-0.000794144965933359,0.27134919681743214
1771334355335,0.27135035890835385,-0.000794144965933359,0.27134919681743214
1771334355336,0.27135035890835385,-0.000794144965933359,0.27134919681743214
1771334355337,0.27135035890835385,-0.000794144965933359,0.27134919681743214
1771334355338,0.27135035890835385,-0.000794144965933359,0.27134919681743214
1771334355339,0.27135035890835385,-0.000794144965933359,0.27134919681743214
1771334355340,0.27135035890835385,-0.000794144965933359,0.27134919681743214
1771334355341,0.27135035890835385,-0.000794144965933359,0.27134919681743214
1771334355342,0.27135035890835385,-0.000794144965933359,0.27134919681743214
1771334355342,0.27135035890835385,-0.000794144965933359,0.27134919681743214
1771334355343,0.27135035890835385,-0.000794144965933359,0.27134919681743214
1771334355344,0.27135035890835385,-0.000794144965933359,0.27134919681743214
1771334355345,0.27135035890835385,-0.000794144965933359,0.27134919681743214
1771334355346,0.27135035890835385,-0.000794144965933359,0.27134919681743214
1771334355347,0.27135035890835385,-0.000794144965933359,0.27134919681743214
1771334355348,0.27135035890835385,-0.000794144965933359,0.27134919681743214
1771334355349,0.27135035890835385,-0.000794144965933359,0.27134919681743214
1771334355350,0.27135035890835385,-0.000794144965933359,0.27134919681743214
1771334355350,0.27135035890835385,-0.000794144965933359,0.27134919681743214
1771334355351,0.27135035890835385,-0.000794144965933359,0.27134919681743214
1771334355352,0.27135035890835385,-0.000794144965933359,0.27134919681743214
1771334355353,0.27135035890835385,-0.000794144965933359,0.27134919681743214
1771334355354,0.27135035890835385,-0.000794144965933359,0.27134919681743214
1771334355355,0.27135035890835385,-0.000794144965933359,0.27134919681743214
1771334355356,0.27135035890835385,-0.000794144965933359,0.27134919681743214
1771334355356,0.27135035890835385,-0.000794144965933359,0.27134919681743214
1771334355357,0.27135035890835385,-0.000794144965933359,0.27134919681743214
1771334355358,0.27135035890835385,-0.000794144965933359,0.27134919681743214
1771334355359,0.27135035890835385,-0.000794144965933359,0.27134919681743214
1771334355360,0.27135035890835385,-0.000794144965933359,0.27134919681743214
1771334355361,0.27135035890835385,-0.000794144965933359,0.27134919681743214
1771334355362,0.27135035890835385,-0.000794144965933359,0.27134919681743214
1771334355363,0.27135035890835385,-0.000794144965933359,0.27134919681743214
1771334355364,0.27135035890835385,-0.000794144965933359,0.27134919681743214
1771334355365,0.27135035890835385,-0.000794144965933359,0.27134919681743214
1771334355365,0.27135035890835385,-0.000794144965933359,0.27134919681743214
1771334355366,0.27135035890835385,-0.000794144965933359,0.27134919681743214
1771334355367,0.27135035890835385,-0.000794144965933359,0.27134919681743214
1771334355368,0.27135035890835385,-0.000794144965933359,0.27134919681743214
1771334355369,0.27135035890835385,-0.000794144965933359,0.27134919681743214
1771334355370,0.27135035890835385,-0.000794144965933359,0.27134919681743214
1771334355371,0.27135035890835385,-0.000794144965933359,0.27134919681743214
1771334355372,0.27135035890835385,-0.000794144965933359,0.27134919681743214
1771334355373,0.27135035890835385,-0.000794144965933359,0.27134919681743214
1771334355374,0.27135035890835385,-0.000794144965933359,0.27134919681743214
1771334355375,0.27135035890835385,-0.000794144965933359,0.27134919681743214
1771334355375,0.27135035890835385,-0.000794144965933359,0.27134919681743214
1771334355376,0.27135035890835385,-0.000794144965933359,0.27134919681743214
1771334355377,0.27135035890835385,-0.000794144965933359,0.27134919681743214
1771334355378,0.27135035890835385,-0.000794144965933359,0.27134919681743214
1771334355379,0.27135035890835385,-0.000794144965933359,0.27134919681743214
1771334355380,0.27135035890835385,-0.000794144965933359,0.27134919681743214
1771334355381,0.27135035890835385,-0.000794144965933359,0.27134919681743214
1771334355382,0.27135035890835385,-0.000794144965933359,0.27134919681743214
1771334355382,0.27135035890835385,-0.000794144965933359,0.27134919681743214
1771334355383,0.27135035890835385,-0.000794144965933359,0.27134919681743214
1771334355384,0.27135035890835385,-0.000794144965933359,0.27134919681743214
1771334355385,0.27135035890835385,-0.000794144965933359,0.27134919681743214
1771334355386,0.27135035890835385,-0.000794144965933359,0.27134919681743214
1771334355387,0.27135035890835385,-0.000794144965933359,0.27134919681743214
1771334355388,0.27135035890835385,-0.000794144965933359,0.27134919681743214
1771334355389,0.27135035890835385,-0.000794144965933359,0.27134919681743214
1771334355390,0.27135035890835385,-0.000794144965933359,0.27134919681743214
1771334355391,0.27135035890835385,-0.000794144965933359,0.27134919681743214
1771334355391,0.27135035890835385,-0.000794144965933359,0.27134919681743214
1771334355392,0.27135035890835385,-0.000794144965933359,0.27134919681743214
1771334355393,0.27135035890835385,-0.000794144965933359,0.27134919681743214
1771334355394,0.27135035890835385,-0.000794144965933359,0.27134919681743214
1771334355395,0.27135035890835385,-0.000794144965933359,0.27134919681743214
1771334355396,0.27135035890835385,-0.000794144965933359,0.27134919681743214
1771334355397,0.27135035890835385,-0.000794144965933359,0.27134919681743214
1771334355398,0.27135035890835385,-0.000794144965933359,0.27134919681743214
1771334355399,0.27135035890835385,-0.000794144965933359,0.27134919681743214
1771334355400,0.27135035890835385,-0.000794144965933359,0.27134919681743214
1771334355400,0.27135035890835385,-0.000794144965933359,0.27134919681743214
1771334355401,0.27135035890835385,-0.000794144965933359,0.27134919681743214
1771334355402,0.27135035890835385,-0.000794144965933359,0.27134919681743214
1771334355403,0.27135035890835385,-0.000794144965933359,0.27134919681743214
1771334355404,0.27135035890835385,-0.000794144965933359,0.27134919681743214
1771334355405,0.27135035890835385,-0.000794144965933359,0.27134919681743214
1771334355406,0.27135035890835385,-0.000794144965933359,0.27134919681743214
1771334355407,0.27135035890835385,-0.000794144965933359,0.27134919681743214
1771334355408,0.27135035890835385,-0.000794144965933359,0.27134919681743214
1771334355408,0.27135035890835385,-0.000794144965933359,0.27134919681743214
1771334355409,0.27135035890835385,-0.000794144965933359,0.27134919681743214
1771334355410,0.27135035890835385,-0.000794144965933359,0.27134919681743214
1771334355411,0.27135035890835385,-0.000794144965933359,0.27134919681743214
1771334355412,0.27135035890835385,-0.000794144965933359,0.27134919681743214
1771334355413,0.27135035890835385,-0.000794144965933359,0.27134919681743214
1771334355414,0.27135035890835385,-0.000794144965933359,0.27134919681743214
1771334355415,0.27135035890835385,-0.000794144965933359,0.27134919681743214
1771334355415,0.27135035890835385,-0.000794144965933359,0.27134919681743214
1771334355416,0.27135035890835385,-0.000794144965933359,0.27134919681743214
1771334355417,0.27135035890835385,-0.000794144965933359,0.27134919681743214
1771334355418,0.27135035890835385,-0.000794144965933359,0.27134919681743214
1771334355419,0.27135035890835385,-0.000794144965933359,0.27134919681743214
1771334355420,0.27135035890835385,-0.000794144965933359,0.27134919681743214
1771334355421,0.27135035890835385,-0.000794144965933359,0.27134919681743214
1771334355422,0.27135035890835385,-0.000794144965933359,0.27134919681743214
1771334355422,0.27135035890835385,-0.000794144965933359,0.27134919681743214
1771334355424,0.27135035890835385,-0.000794144965933359,0.27134919681743214
1771334355424,0.27135035890835385,-0.000794144965933359,0.27134919681743214
1771334355425,0.27135035890835385,-0.000794144965933359,0.27134919681743214
1771334355426,0.27135035890835385,-0.000794144965933359,0.27134919681743214
1771334355427,0.27135035890835385,-0.000794144965933359,0.27134919681743214
1771334355428,0.27135035890835385,-0.000794144965933359,0.27134919681743214
1771334355429,0.27135035890835385,-0.000794144965933359,0.27134919681743214
1771334355430,0.27135035890835385,-0.000794144965933359,0.27134919681743214
1771334355431,0.27135035890835385,-0.000794144965933359,0.27134919681743214
1771334355431,0.27135035890835385,-0.000794144965933359,0.27134919681743214
1771334355432,0.27135035890835385,-0.000794144965933359,0.27134919681743214
1771334355433,0.27135035890835385,-0.000794144965933359,0.27134919681743214
1771334355434,0.27135035890835385,-0.000794144965933359,0.27134919681743214
1771334355435,0.27135035890835385,-0.000794144965933359,0.27134919681743214
1771334355436,0.27135035890835385,-0.000794144965933359,0.27134919681743214
1771334355437,0.27135035890835385,-0.000794144965933359,0.27134919681743214
1771334355438,0.27135035890835385,-0.000794144965933359,0.27134919681743214
1771334355439,0.27135035890835385,-0.000794144965933359,0.27134919681743214
1771334355440,0.27135035890835385,-0.000794144965933359,0.27134919681743214
1771334355440,0.27135035890835385,-0.000794144965933359,0.27134919681743214
1771334355441,0.27135035890835385,-0.000794144965933359,0.27134919681743214
1771334355442,0.27135035890835385,-0.000794144965933359,0.27134919681743214
1771334355443,0.27135035890835385,-0.000794144965933359,0.27134919681743214
1771334355444,0.27135035890835385,-0.000794144965933359,0.27134919681743214
1771334355445,0.27135035890835385,-0.000794144965933359,0.27134919681743214
1771334355446,0.27135035890835385,-0.000794144965933359,0.27134919681743214
1771334355447,0.27135035890835385,-0.000794144965933359,0.27134919681743214
1771334355447,0.27135035890835385,-0.000794144965933359,0.27134919681743214
1771334355448,0.27135035890835385,-0.000794144965933359,0.27134919681743214
1771334355449,0.27135035890835385,-0.000794144965933359,0.27134919681743214
1771334355450,0.27135035890835385,-0.000794144965933359,0.27134919681743214
1771334355451,0.27135035890835385,-0.000794144965933359,0.27134919681743214
1771334355452,0.27135035890835385,-0.000794144965933359,0.27134919681743214
1771334355453,0.27135035890835385,-0.000794144965933359,0.27134919681743214
1771334355454,0.27135035890835385,-0.000794144965933359,0.27134919681743214
1771334355455,0.27135035890835385,-0.000794144965933359,0.27134919681743214
1771334355455,0.27135035890835385,-0.000794144965933359,0.27134919681743214
1771334355456,0.27135035890835385,-0.000794144965933359,0.27134919681743214
1771334355457,0.27135035890835385,-0.000794144965933359,0.27134919681743214
1771334355458,0.27135035890835385,-0.000794144965933359,0.27134919681743214
1771334355459,0.27135035890835385,-0.000794144965933359,0.27134919681743214
1771334355460,0.27135035890835385,-0.000794144965933359,0.27134919681743214
1771334355461,0.27135035890835385,-0.000794144965933359,0.27134919681743214
1771334355462,0.27135035890835385,-0.000794144965933359,0.27134919681743214
1771334355462,0.27135035890835385,-0.000794144965933359,0.27134919681743214
1771334355463,0.27135035890835385,-0.000794144965933359,0.27134919681743214
1771334355464,0.27135035890835385,-0.000794144965933359,0.27134919681743214
1771334355465,0.27135035890835385,-0.000794144965933359,0.27134919681743214
1771334355466,0.27135035890835385,-0.000794144965933359,0.27134919681743214
1771334355467,0.27135035890835385,-0.000794144965933359,0.27134919681743214
1771334355468,0.27135035890835385,-0.000794144965933359,0.27134919681743214
1771334355469,0.27135035890835385,-0.000794144965933359,0.27134919681743214
1771334355470,0.27135035890835385,-0.000794144965933359,0.27134919681743214
1771334355471,0.27135035890835385,-0.000794144965933359,0.27134919681743214
1771334355471,0.27135035890835385,-0.000794144965933359,0.27134919681743214
1771334355472,0.27135035890835385,-0.000794144965933359,0.27134919681743214
1771334355473,0.27135035890835385,-0.000794144965933359,0.27134919681743214
1771334355474,0.27135035890835385,-0.000794144965933359,0.27134919681743214
1771334355475,0.27135035890835385,-0.000794144965933359,0.27134919681743214
1771334355476,0.27135035890835385,-0.000794144965933359,0.27134919681743214
1771334355477,0.27135035890835385,-0.000794144965933359,0.27134919681743214
1771334355478,0.27135035890835385,-0.000794144965933359,0.27134919681743214
1771334355479,0.27135035890835385,-0.000794144965933359,0.27134919681743214
1771334355479,0.27135035890835385,-0.000794144965933359,0.27134919681743214
1771334355480,0.27135035890835385,-0.000794144965933359,0.27134919681743214
1771334355481,0.27135035890835385,-0.000794144965933359,0.27134919681743214
1771334355482,0.27135035890835385,-0.000794144965933359,0.27134919681743214
1771334355483,0.27135035890835385,-0.000794144965933359,0.27134919681743214
1771334355484,0.27135035890835385,-0.000794144965933359,0.27134919681743214
1771334355485,0.27135035890835385,-0.000794144965933359,0.27134919681743214
1771334355486,0.27135035890835385,-0.000794144965933359,0.27134919681743214
1771334355486,0.27135035890835385,-0.000794144965933359,0.27134919681743214
1771334355487,0.27135035890835385,-0.000794144965933359,0.27134919681743214
1771334355488,0.27135035890835385,-0.000794144965933359,0.27134919681743214
1771334355489,0.27135035890835385,-0.000794144965933359,0.27134919681743214
1771334355490,0.27135035890835385,-0.000794144965933359,0.27134919681743214
1771334355491,0.27135035890835385,-0.000794144965933359,0.27134919681743214
1771334355492,0.27135035890835385,-0.000794144965933359,0.27134919681743214
1771334355493,0.27135035890835385,-0.000794144965933359,0.27134919681743214
1771334355494,0.27135035890835385,-0.000794144965933359,0.27134919681743214
1771334355495,0.27135035890835385,-0.000794144965933359,0.27134919681743214
1771334355496,0.27135035890835385,-0.000794144965933359,0.27134919681743214
1771334355496,0.27135035890835385,-0.000794144965933359,0.27134919681743214
1771334355497,0.27135035890835385,-0.000794144965933359,0.27134919681743214
1771334355498,0.27135035890835385,-0.000794144965933359,0.27134919681743214
1771334355499,0.27135035890835385,-0.000794144965933359,0.27134919681743214
1771334355500,0.27135035890835385,-0.000794144965933359,0.27134919681743214
1771334355501,0.27135035890835385,-0.000794144965933359,0.27134919681743214
1771334355502,0.27135035890835385,-0.000794144965933359,0.27134919681743214
1771334355503,0.27135035890835385,-0.000794144965933359,0.27134919681743214
1771334355503,0.27135035890835385,-0.000794144965933359,0.27134919681743214
1771334355504,0.27135035890835385,-0.000794144965933359,0.27134919681743214
1771334355505,0.27135035890835385,-0.000794144965933359,0.27134919681743214
1771334355506,0.27135035890835385,-0.000794144965933359,0.27134919681743214
1771334355507,0.27135035890835385,-0.000794144965933359,0.27134919681743214
1771334355508,0.27135035890835385,-0.000794144965933359,0.27134919681743214
1771334355509,0.27135035890835385,-0.000794144965933359,0.27134919681743214
1771334355510,0.27135035890835385,-0.000794144965933359,0.27134919681743214
1771334355511,0.27135035890835385,-0.000794144965933359,0.27134919681743214
1771334355511,0.27135035890835385,-0.000794144965933359,0.27134919681743214
1771334355512,0.27135035890835385,-0.000794144965933359,0.27134919681743214
1771334355513,0.27135035890835385,-0.000794144965933359,0.27134919681743214
1771334355514,0.27135035890835385,-0.000794144965933359,0.27134919681743214
1771334355515,0.27135035890835385,-0.000794144965933359,0.27134919681743214
1771334355516,0.27135035890835385,-0.000794144965933359,0.27134919681743214
1771334355517,0.27135035890835385,-0.000794144965933359,0.27134919681743214
1771334355518,0.27135035890835385,-0.000794144965933359,0.27134919681743214
1771334355519,0.27135035890835385,-0.000794144965933359,0.27134919681743214
1771334355519,0.27135035890835385,-0.000794144965933359,0.27134919681743214
1771334355520,0.27135035890835385,-0.000794144965933359,0.27134919681743214
1771334355521,0.27135035890835385,-0.000794144965933359,0.27134919681743214
1771334355522,0.27135035890835385,-0.000794144965933359,0.27134919681743214
1771334355523,0.27135035890835385,-0.000794144965933359,0.27134919681743214
1771334355524,0.27135035890835385,-0.000794144965933359,0.27134919681743214
1771334355525,0.27135035890835385,-0.000794144965933359,0.27134919681743214
1771334355526,0.27135035890835385,-0.000794144965933359,0.27134919681743214
1771334355527,0.27135035890835385,-0.000794144965933359,0.27134919681743214
1771334355527,0.27135035890835385,-0.000794144965933359,0.27134919681743214
1771334355528,0.27135035890835385,-0.000794144965933359,0.27134919681743214
1771334355529,0.27135035890835385,-0.000794144965933359,0.27134919681743214
1771334355530,0.27135035890835385,-0.000794144965933359,0.27134919681743214
1771334355531,0.27135035890835385,-0.000794144965933359,0.27134919681743214
1771334355532,0.27135035890835385,-0.000794144965933359,0.27134919681743214
1771334355533,0.27135035890835385,-0.000794144965933359,0.27134919681743214
1771334355534,0.27135035890835385,-0.000794144965933359,0.27134919681743214
1771334355535,0.27135035890835385,-0.000794144965933359,0.27134919681743214
1771334355535,0.27135035890835385,-0.000794144965933359,0.27134919681743214
1771334355536,0.27135035890835385,-0.000794144965933359,0.27134919681743214
1771334355537,0.27135035890835385,-0.000794144965933359,0.27134919681743214
1771334355538,0.27135035890835385,-0.000794144965933359,0.27134919681743214
1771334355539,0.27135035890835385,-0.000794144965933359,0.27134919681743214
1771334355540,0.27135035890835385,-0.000794144965933359,0.27134919681743214
1771334355541,0.27135035890835385,-0.000794144965933359,0.27134919681743214
1771334355542,0.27135035890835385,-0.000794144965933359,0.27134919681743214
1771334355543,0.27135035890835385,-0.000794144965933359,0.27134919681743214
1771334355544,0.27135035890835385,-0.000794144965933359,0.27134919681743214
1771334355544,0.27135035890835385,-0.000794144965933359,0.27134919681743214
1771334355545,0.27135035890835385,-0.000794144965933359,0.27134919681743214
1771334355546,0.27135035890835385,-0.000794144965933359,0.27134919681743214
1771334355547,0.27135035890835385,-0.000794144965933359,0.27134919681743214
1771334355548,0.27135035890835385,-0.000794144965933359,0.27134919681743214
1771334355549,0.27135035890835385,-0.000794144965933359,0.27134919681743214
1771334355550,0.27135035890835385,-0.000794144965933359,0.27134919681743214
1771334355550,0.27135035890835385,-0.000794144965933359,0.27134919681743214
1771334355551,0.27135035890835385,-0.000794144965933359,0.27134919681743214
1771334355552,0.27135035890835385,-0.000794144965933359,0.27134919681743214
1771334355553,0.27135035890835385,-0.000794144965933359,0.27134919681743214
1771334355554,0.27135035890835385,-0.000794144965933359,0.27134919681743214
1771334355555,0.27135035890835385,-0.000794144965933359,0.27134919681743214
1771334355556,0.27135035890835385,-0.000794144965933359,0.27134919681743214
1771334355557,0.27135035890835385,-0.000794144965933359,0.27134919681743214
1771334355558,0.27135035890835385,-0.000794144965933359,0.27134919681743214
1771334355558,0.27135035890835385,-0.000794144965933359,0.27134919681743214
1771334355559,0.27135035890835385,-0.000794144965933359,0.27134919681743214
1771334355560,0.27135035890835385,-0.000794144965933359,0.27134919681743214
1771334355561,0.27135035890835385,-0.000794144965933359,0.27134919681743214
1771334355562,0.27135035890835385,-0.000794144965933359,0.27134919681743214
1771334355563,0.27135035890835385,-0.000794144965933359,0.27134919681743214
1771334355564,0.27135035890835385,-0.000794144965933359,0.27134919681743214
1771334355565,0.27135035890835385,-0.000794144965933359,0.27134919681743214
1771334355566,0.27135035890835385,-0.000794144965933359,0.27134919681743214
1771334355567,0.27135035890835385,-0.000794144965933359,0.27134919681743214
1771334355567,0.27135035890835385,-0.000794144965933359,0.27134919681743214
1771334355568,0.27135035890835385,-0.000794144965933359,0.27134919681743214
1771334355569,0.27135035890835385,-0.000794144965933359,0.27134919681743214
1771334355570,0.27135035890835385,-0.000794144965933359,0.27134919681743214
1771334355571,0.27135035890835385,-0.000794144965933359,0.27134919681743214
1771334355572,0.27135035890835385,-0.000794144965933359,0.27134919681743214
1771334355573,0.2713484085406745,-0.0007950041334504228,0.27134724392553644
1771334355574,0.2713484085406745,-0.0007950041334504228,0.27134724392553644
1771334355575,0.2713484085406745,-0.0007950041334504228,0.27134724392553644
1771334355576,0.2713484085406745,-0.0007950041334504228,0.27134724392553644
1771334355577,0.2713484085406745,-0.0007950041334504228,0.27134724392553644
1771334355577,0.2713484085406745,-0.0007950041334504228,0.27134724392553644
1771334355578,0.2713484085406745,-0.0007950041334504228,0.27134724392553644
1771334355579,0.2713484085406745,-0.0007950041334504228,0.27134724392553644
1771334355580,0.2713484085406745,-0.0007950041334504228,0.27134724392553644
1771334355581,0.2713484085406745,-0.0007950041334504228,0.27134724392553644
1771334355582,0.2713484085406745,-0.0007950041334504228,0.27134724392553644
1771334355583,0.2713484085406745,-0.0007950041334504228,0.27134724392553644
1771334355584,0.2713484085406745,-0.0007950041334504228,0.27134724392553644
1771334355585,0.2713484085406745,-0.0007950041334504228,0.27134724392553644
1771334355585,0.2713484085406745,-0.0007950041334504228,0.27134724392553644
1771334355586,0.2713484085406745,-0.0007950041334504228,0.27134724392553644
1771334355587,0.2713484085406745,-0.0007950041334504228,0.27134724392553644
1771334355588,0.2713484085406745,-0.0007950041334504228,0.27134724392553644
1771334355589,0.2713484085406745,-0.0007950041334504228,0.27134724392553644
1771334355590,0.2713484085406745,-0.0007950041334504228,0.27134724392553644
1771334355591,0.2713484085406745,-0.0007950041334504228,0.27134724392553644
1771334355592,0.2713484085406745,-0.0007950041334504228,0.27134724392553644
1771334355593,0.2713484085406745,-0.0007950041334504228,0.27134724392553644
1771334355593,0.2713484085406745,-0.0007950041334504228,0.27134724392553644
1771334355594,0.2713484085406745,-0.0007950041334504228,0.27134724392553644
1771334355595,0.2713484085406745,-0.0007950041334504228,0.27134724392553644
1771334355596,0.2713484085406745,-0.0007950041334504228,0.27134724392553644
1771334355597,0.2713484085406745,-0.0007950041334504228,0.27134724392553644
1771334355598,0.2713484085406745,-0.0007950041334504228,0.27134724392553644
1771334355599,0.2713484085406745,-0.0007950041334504228,0.27134724392553644
1771334355600,0.2713484085406745,-0.0007950041334504228,0.27134724392553644
1771334355601,0.2713484085406745,-0.0007950041334504228,0.27134724392553644
1771334355601,0.2713484085406745,-0.0007950041334504228,0.27134724392553644
1771334355602,0.2713484085406745,-0.0007950041334504228,0.27134724392553644
1771334355603,0.2713484085406745,-0.0007950041334504228,0.27134724392553644
1771334355604,0.2713484085406745,-0.0007950041334504228,0.27134724392553644
1771334355605,0.2713484085406745,-0.0007950041334504228,0.27134724392553644
1771334355606,0.2713484085406745,-0.0007950041334504228,0.27134724392553644
1771334355607,0.2713484085406745,-0.0007950041334504228,0.27134724392553644
1771334355608,0.2713484085406745,-0.0007950041334504228,0.27134724392553644
1771334355609,0.2713484085406745,-0.0007950041334504228,0.27134724392553644
1771334355610,0.2713484085406745,-0.0007950041334504228,0.27134724392553644
1771334355610,0.2713484085406745,-0.0007950041334504228,0.27134724392553644
1771334355611,0.2713484085406745,-0.0007950041334504228,0.27134724392553644
1771334355612,0.2713484085406745,-0.0007950041334504228,0.27134724392553644
1771334355613,0.2713484085406745,-0.0007950041334504228,0.27134724392553644
1771334355614,0.2713484085406745,-0.0007950041334504228,0.27134724392553644
1771334355615,0.2713484085406745,-0.0007950041334504228,0.27134724392553644
1771334355616,0.2713484085406745,-0.0007950041334504228,0.27134724392553644
1771334355617,0.2713484085406745,-0.0007950041334504228,0.27134724392553644
1771334355617,0.2713484085406745,-0.0007950041334504228,0.27134724392553644
1771334355618,0.2713484085406745,-0.0007950041334504228,0.27134724392553644
1771334355619,0.2713484085406745,-0.0007950041334504228,0.27134724392553644
1771334355620,0.2713484085406745,-0.0007950041334504228,0.27134724392553644
1771334355621,0.2713484085406745,-0.0007950041334504228,0.27134724392553644
1771334355622,0.2713484085406745,-0.0007950041334504228,0.27134724392553644
1771334355623,0.2713484085406745,-0.0007950041334504228,0.27134724392553644
1771334355624,0.2713484085406745,-0.0007950041334504228,0.27134724392553644
1771334355625,0.2713484085406745,-0.0007950041334504228,0.27134724392553644
1771334355626,0.2713484085406745,-0.0007950041334504228,0.27134724392553644
1771334355627,0.2713484085406745,-0.0007950041334504228,0.27134724392553644
1771334355627,0.2713484085406745,-0.0007950041334504228,0.27134724392553644
1771334355628,0.2713484085406745,-0.0007950041334504228,0.27134724392553644
1771334355629,0.2713484085406745,-0.0007950041334504228,0.27134724392553644
1771334355630,0.2713484085406745,-0.0007950041334504228,0.27134724392553644
1771334355631,0.2713484085406745,-0.0007950041334504228,0.27134724392553644
1771334355632,0.2713484085406745,-0.0007950041334504228,0.27134724392553644
1771334355633,0.2713484085406745,-0.0007950041334504228,0.27134724392553644
1771334355634,0.2713484085406745,-0.0007950041334504228,0.27134724392553644
1771334355634,0.2713484085406745,-0.0007950041334504228,0.27134724392553644
1771334355635,0.2713484085406745,-0.0007950041334504228,0.27134724392553644
1771334355636,0.2713484085406745,-0.0007950041334504228,0.27134724392553644
1771334355637,0.2713484085406745,-0.0007950041334504228,0.27134724392553644
1771334355638,0.2713484085406745,-0.0007950041334504228,0.27134724392553644
1771334355639,0.2713484085406745,-0.0007950041334504228,0.27134724392553644
1771334355640,0.2713484085406745,-0.0007950041334504228,0.27134724392553644
1771334355641,0.2713484085406745,-0.0007950041334504228,0.27134724392553644
1771334355642,0.2713484085406745,-0.0007950041334504228,0.27134724392553644
1771334355642,0.2713484085406745,-0.0007950041334504228,0.27134724392553644
1771334355643,0.2713484085406745,-0.0007950041334504228,0.27134724392553644
1771334355644,0.2713484085406745,-0.0007950041334504228,0.27134724392553644
1771334355645,0.2713484085406745,-0.0007950041334504228,0.27134724392553644
1771334355646,0.2713484085406745,-0.0007950041334504228,0.27134724392553644
1771334355647,0.2713484085406745,-0.0007950041334504228,0.27134724392553644
1771334355648,0.2704767745351551,-0.0002700895836594419,0.270476639683648
1771334355649,0.2704767745351551,-0.0002700895836594419,0.270476639683648
1771334355650,0.2704767745351551,-0.0002700895836594419,0.270476639683648
1771334355651,0.2704767745351551,-0.0002700895836594419,0.270476639683648
1771334355652,0.2704767745351551,-0.0002700895836594419,0.270476639683648
1771334355653,0.2704767745351551,-0.0002700895836594419,0.270476639683648
1771334355654,0.2704767745351551,-0.0002700895836594419,0.270476639683648
1771334355655,0.2704767745351551,-0.0002700895836594419,0.270476639683648
1771334355656,0.2704767745351551,-0.0002700895836594419,0.270476639683648
1771334355657,0.2704767745351551,-0.0002700895836594419,0.270476639683648
1771334355659,0.2704767745351551,-0.0002700895836594419,0.270476639683648
1771334355660,0.2704767745351551,-0.0002700895836594419,0.270476639683648
1771334355661,0.27047897134166826,-0.0002712420516953085,0.27047883533799166
1771334355662,0.27047897134166826,-0.0002712420516953085,0.27047883533799166
1771334355663,0.27047897134166826,-0.0002712420516953085,0.27047883533799166
1771334355664,0.27047897134166826,-0.0002712420516953085,0.27047883533799166
1771334355665,0.27047897134166826,-0.0002712420516953085,0.27047883533799166
1771334355666,0.27047897134166826,-0.0002712420516953085,0.27047883533799166
1771334355667,0.27047897134166826,-0.0002712420516953085,0.27047883533799166
1771334355668,0.27047897134166826,-0.0002712420516953085,0.27047883533799166
1771334355669,0.27047897134166826,-0.0002712420516953085,0.27047883533799166
1771334355670,0.27047897134166826,-0.0002712420516953085,0.27047883533799166
1771334355671,0.27047897134166826,-0.0002712420516953085,0.27047883533799166
1771334355672,0.27047897134166826,-0.0002712420516953085,0.27047883533799166
1771334355674,0.27047897134166826,-0.0002712420516953085,0.27047883533799166
1771334355675,0.27047897134166826,-0.0002712420516953085,0.27047883533799166
1771334355676,0.27047897134166826,-0.0002712420516953085,0.27047883533799166
1771334355677,0.27047897134166826,-0.0002712420516953085,0.27047883533799166
1771334355678,0.27047897134166826,-0.0002712420516953085,0.27047883533799166
1771334355679,0.27047897134166826,-0.0002712420516953085,0.27047883533799166
1771334355680,0.27047897134166826,-0.0002712420516953085,0.27047883533799166
1771334355681,0.27047897134166826,-0.0002712420516953085,0.27047883533799166
1771334355682,0.27047897134166826,-0.0002712420516953085,0.27047883533799166
1771334355683,0.27047897134166826,-0.0002712420516953085,0.27047883533799166
1771334355684,0.27047897134166826,-0.0002712420516953085,0.27047883533799166
1771334355685,0.27047897134166826,-0.0002712420516953085,0.27047883533799166
1771334355686,0.27047897134166826,-0.0002712420516953085,0.27047883533799166
1771334355687,0.27047897134166826,-0.0002712420516953085,0.27047883533799166
1771334355688,0.27047897134166826,-0.0002712420516953085,0.27047883533799166
1771334355689,0.27047897134166826,-0.0002712420516953085,0.27047883533799166
1771334355690,0.27047897134166826,-0.0002712420516953085,0.27047883533799166
1771334355691,0.27047897134166826,-0.0002712420516953085,0.27047883533799166
1771334355692,0.27047897134166826,-0.0002712420516953085,0.27047883533799166
1771334355693,0.27047897134166826,-0.0002712420516953085,0.27047883533799166
1771334355694,0.27047897134166826,-0.0002712420516953085,0.27047883533799166
1771334355695,0.27047897134166826,-0.0002712420516953085,0.27047883533799166
1771334355697,0.27047897134166826,-0.0002712420516953085,0.27047883533799166
1771334355698,0.27047897134166826,-0.0002712420516953085,0.27047883533799166
1771334355699,0.27047897134166826,-0.0002712420516953085,0.27047883533799166
1771334355700,0.27047897134166826,-0.0002712420516953085,0.27047883533799166
1771334355701,0.27047897134166826,-0.0002712420516953085,0.27047883533799166
1771334355702,0.27047897134166826,-0.0002712420516953085,0.27047883533799166
1771334355703,0.27047897134166826,-0.0002712420516953085,0.27047883533799166
1771334355704,0.27047897134166826,-0.0002712420516953085,0.27047883533799166
1771334355705,0.27047897134166826,-0.0002712420516953085,0.27047883533799166
1771334355706,0.27047897134166826,-0.0002712420516953085,0.27047883533799166
1771334355707,0.27047897134166826,-0.0002712420516953085,0.27047883533799166
1771334355708,0.27047897134166826,-0.0002712420516953085,0.27047883533799166
1771334355709,0.27047897134166826,-0.0002712420516953085,0.27047883533799166
1771334355710,0.27047897134166826,-0.0002712420516953085,0.27047883533799166
1771334355711,0.27047897134166826,-0.0002712420516953085,0.27047883533799166
1771334355712,0.27047897134166826,-0.0002712420516953085,0.27047883533799166
1771334355713,0.27047897134166826,-0.0002712420516953085,0.27047883533799166
1771334355714,0.27047897134166826,-0.0002712420516953085,0.27047883533799166
1771334355715,0.27047897134166826,-0.0002712420516953085,0.27047883533799166
1771334355716,0.27047897134166826,-0.0002712420516953085,0.27047883533799166
1771334355717,0.27047897134166826,-0.0002712420516953085,0.27047883533799166
1771334355718,0.27047897134166826,-0.0002712420516953085,0.27047883533799166
1771334355719,0.27047897134166826,-0.0002712420516953085,0.27047883533799166
1771334355721,0.27047897134166826,-0.0002712420516953085,0.27047883533799166
1771334355722,0.27047897134166826,-0.0002712420516953085,0.27047883533799166
1771334355723,0.27047897134166826,-0.0002712420516953085,0.27047883533799166
1771334355724,0.27047897134166826,-0.0002712420516953085,0.27047883533799166
1771334355725,0.27047897134166826,-0.0002712420516953085,0.27047883533799166
1771334355726,0.27047897134166826,-0.0002712420516953085,0.27047883533799166
1771334355727,0.27047897134166826,-0.0002712420516953085,0.27047883533799166
1771334355728,0.27047897134166826,-0.0002712420516953085,0.27047883533799166
1771334355729,0.27047897134166826,-0.0002712420516953085,0.27047883533799166
1771334355730,0.27047897134166826,-0.0002712420516953085,0.27047883533799166
1771334355731,0.27047897134166826,-0.0002712420516953085,0.27047883533799166
1771334355732,0.27047897134166826,-0.0002712420516953085,0.27047883533799166
1771334355733,0.27047897134166826,-0.0002712420516953085,0.27047883533799166
1771334355734,0.27047897134166826,-0.0002712420516953085,0.27047883533799166
1771334355735,0.27047897134166826,-0.0002712420516953085,0.27047883533799166
1771334355736,0.27047897134166826,-0.0002712420516953085,0.27047883533799166
1771334355737,0.27047897134166826,-0.0002712420516953085,0.27047883533799166
1771334355738,0.27047897134166826,-0.0002712420516953085,0.27047883533799166
1771334355740,0.27047897134166826,-0.0002712420516953085,0.27047883533799166
1771334355741,0.27047897134166826,-0.0002712420516953085,0.27047883533799166
1771334355742,0.27047897134166826,-0.0002712420516953085,0.27047883533799166
1771334355743,0.27047897134166826,-0.0002712420516953085,0.27047883533799166
1771334355744,0.27047897134166826,-0.0002712420516953085,0.27047883533799166
1771334355745,0.27047897134166826,-0.0002712420516953085,0.27047883533799166
1771334355746,0.27047897134166826,-0.0002712420516953085,0.27047883533799166
1771334355747,0.27047897134166826,-0.0002712420516953085,0.27047883533799166
1771334355748,0.27047897134166826,-0.0002712420516953085,0.27047883533799166
1771334355749,0.27047897134166826,-0.0002712420516953085,0.27047883533799166
1771334355750,0.27047897134166826,-0.0002712420516953085,0.27047883533799166
1771334355752,0.27047897134166826,-0.0002712420516953085,0.27047883533799166
1771334355754,1.875020085790398,-1.205149752077282,1.436424170356896
1771334355755,1.875020085790398,-1.205149752077282,1.436424170356896
1771334355757,1.875020085790398,-1.205149752077282,1.436424170356896
1771334355759,1.875020085790398,-1.205149752077282,1.436424170356896
1771334355760,1.875020085790398,-1.205149752077282,1.436424170356896
1771334355762,1.875020085790398,-1.205149752077282,1.436424170356896
1771334355763,1.875020085790398,-1.205149752077282,1.436424170356896
1771334355765,1.875020085790398,-1.205149752077282,1.436424170356896
1771334355767,1.8675453680856626,-1.1785877128358557,1.4486741196730755
1771334355769,1.8675453680856626,-1.1785877128358557,1.4486741196730755
1771334355770,1.8675453680856626,-1.1785877128358557,1.4486741196730755
1771334355772,1.8675453680856626,-1.1785877128358557,1.4486741196730755
1771334355774,1.8675453680856626,-1.1785877128358557,1.4486741196730755
1771334355776,1.8675453680856626,-1.1785877128358557,1.4486741196730755
1771334355778,1.8675453680856626,-1.1785877128358557,1.4486741196730755
1771334355780,1.8675453680856626,-1.1785877128358557,1.4486741196730755
1771334355781,1.8675453680856626,-1.1785877128358557,1.4486741196730755
1771334355783,1.8675453680856626,-1.1785877128358557,1.4486741196730755
1771334355785,1.8675453680856626,-1.1785877128358557,1.4486741196730755
1771334355787,1.8675453680856626,-1.1785877128358557,1.4486741196730755
1771334355789,1.8675453680856626,-1.1785877128358557,1.4486741196730755
1771334355790,1.8675453680856626,-1.1785877128358557,1.4486741196730755
1771334355792,1.8675453680856626,-1.1785877128358557,1.4486741196730755
1771334355794,1.8675453680856626,-1.1785877128358557,1.4486741196730755
1771334355796,1.8675453680856626,-1.1785877128358557,1.4486741196730755
1771334355798,1.8675453680856626,-1.1785877128358557,1.4486741196730755
1771334355800,1.8675453680856626,-1.1785877128358557,1.4486741196730755
1771334355801,1.8675453680856626,-1.1785877128358557,1.4486741196730755
1771334355803,1.8675453680856626,-1.1785877128358557,1.4486741196730755
1771334355805,1.8675453680856626,-1.1785877128358557,1.4486741196730755
1771334355807,1.8675453680856626,-1.1785877128358557,1.4486741196730755
1771334355809,1.8675453680856626,-1.1785877128358557,1.4486741196730755
1771334355811,1.8675453680856626,-1.1785877128358557,1.4486741196730755
1771334355812,1.8675453680856626,-1.1785877128358557,1.4486741196730755
1771334355814,1.8675453680856626,-1.1785877128358557,1.4486741196730755
1771334355816,1.8675453680856626,-1.1785877128358557,1.4486741196730755
1771334355818,1.8675453680856626,-1.1785877128358557,1.4486741196730755
1771334355820,1.8675453680856626,-1.1785877128358557,1.4486741196730755
1771334355821,1.8675453680856626,-1.1785877128358557,1.4486741196730755
1771334355824,1.8675453680856626,-1.1785877128358557,1.4486741196730755
1771334355826,1.8598834478394752,-1.1542035106833342,1.4584171884181567
1771334355828,1.8544110783965844,-1.1419988299229267,1.4610541126647738
1771334355829,1.8544110783965844,-1.1419988299229267,1.4610541126647738
1771334355831,1.8544110783965844,-1.1419988299229267,1.4610541126647738
1771334355832,1.8544110783965844,-1.1419988299229267,1.4610541126647738
1771334355834,1.8544110783965844,-1.1419988299229267,1.4610541126647738
1771334355836,1.8544110783965844,-1.1419988299229267,1.4610541126647738
1771334355837,1.8544110783965844,-1.1419988299229267,1.4610541126647738
1771334355839,1.8544110783965844,-1.1419988299229267,1.4610541126647738
1771334355841,1.8544110783965844,-1.1419988299229267,1.4610541126647738
1771334355842,1.8544110783965844,-1.1419988299229267,1.4610541126647738
1771334355844,1.8544110783965844,-1.1419988299229267,1.4610541126647738
1771334355846,1.8544110783965844,-1.1419988299229267,1.4610541126647738
1771334355847,1.8544110783965844,-1.1419988299229267,1.4610541126647738
1771334355849,1.8544110783965844,-1.1419988299229267,1.4610541126647738
1771334355850,1.8544110783965844,-1.1419988299229267,1.4610541126647738
1771334355852,1.8544110783965844,-1.1419988299229267,1.4610541126647738
1771334355854,1.8544110783965844,-1.1419988299229267,1.4610541126647738
1771334355855,1.8544110783965844,-1.1419988299229267,1.4610541126647738
1771334355857,1.8544110783965844,-1.1419988299229267,1.4610541126647738
1771334355859,1.8544110783965844,-1.1419988299229267,1.4610541126647738
1771334355860,1.8544110783965844,-1.1419988299229267,1.4610541126647738
1771334355862,1.8544110783965844,-1.1419988299229267,1.4610541126647738
1771334355864,1.8544110783965844,-1.1419988299229267,1.4610541126647738
1771334355865,1.8544110783965844,-1.1419988299229267,1.4610541126647738
1771334355867,1.8544110783965844,-1.1419988299229267,1.4610541126647738
1771334355869,1.8544110783965844,-1.1419988299229267,1.4610541126647738
1771334355870,1.8544110783965844,-1.1419988299229267,1.4610541126647738
1771334355872,1.8544110783965844,-1.1419988299229267,1.4610541126647738
1771334355874,1.8544110783965844,-1.1419988299229267,1.4610541126647738
1771334355875,1.8544110783965844,-1.1419988299229267,1.4610541126647738
1771334355877,1.8544110783965844,-1.1419988299229267,1.4610541126647738
1771334355878,1.8544110783965844,-1.1419988299229267,1.4610541126647738
1771334355880,1.8544110783965844,-1.1419988299229267,1.4610541126647738
1771334355882,1.8544110783965844,-1.1419988299229267,1.4610541126647738
1771334355884,1.8651581485117712,-1.1700809223072361,1.4524894334254228
1771334355885,1.8651581485117712,-1.1700809223072361,1.4524894334254228
1771334355887,1.8651581485117712,-1.1700809223072361,1.4524894334254228
1771334355888,1.8651581485117712,-1.1700809223072361,1.4524894334254228
1771334355890,1.8651581485117712,-1.1700809223072361,1.4524894334254228
1771334355891,1.8651581485117712,-1.1700809223072361,1.4524894334254228
1771334355893,1.8651581485117712,-1.1700809223072361,1.4524894334254228
1771334355894,1.8651581485117712,-1.1700809223072361,1.4524894334254228
1771334355896,1.8651581485117712,-1.1700809223072361,1.4524894334254228
1771334355897,1.8651581485117712,-1.1700809223072361,1.4524894334254228
1771334355899,1.8651581485117712,-1.1700809223072361,1.4524894334254228
1771334355900,1.8651581485117712,-1.1700809223072361,1.4524894334254228
1771334355902,1.8651581485117712,-1.1700809223072361,1.4524894334254228
1771334355903,1.8651581485117712,-1.1700809223072361,1.4524894334254228
1771334355905,1.8651581485117712,-1.1700809223072361,1.4524894334254228
1771334355906,1.8651581485117712,-1.1700809223072361,1.4524894334254228
1771334355908,1.8651581485117712,-1.1700809223072361,1.4524894334254228
1771334355909,1.8651581485117712,-1.1700809223072361,1.4524894334254228
1771334355911,1.8651581485117712,-1.1700809223072361,1.4524894334254228
1771334355912,1.8651581485117712,-1.1700809223072361,1.4524894334254228
1771334355914,1.8651581485117712,-1.1700809223072361,1.4524894334254228
1771334355915,1.8651581485117712,-1.1700809223072361,1.4524894334254228
1771334355917,1.8651581485117712,-1.1700809223072361,1.4524894334254228
1771334355918,1.8651581485117712,-1.1700809223072361,1.4524894334254228
1771334355920,1.8651581485117712,-1.1700809223072361,1.4524894334254228
1771334355921,1.8651581485117712,-1.1700809223072361,1.4524894334254228
1771334355923,1.8651581485117712,-1.1700809223072361,1.4524894334254228
1771334355925,1.8651581485117712,-1.1700809223072361,1.4524894334254228
1771334355926,1.8651581485117712,-1.1700809223072361,1.4524894334254228
1771334355927,1.8651581485117712,-1.1700809223072361,1.4524894334254228
1771334355929,1.8651581485117712,-1.1700809223072361,1.4524894334254228
1771334355930,1.8651581485117712,-1.1700809223072361,1.4524894334254228
1771334355932,1.8651581485117712,-1.1700809223072361,1.4524894334254228
1771334355933,1.8651581485117712,-1.1700809223072361,1.4524894334254228
1771334355935,1.8651581485117712,-1.1700809223072361,1.4524894334254228
1771334355936,1.8651581485117712,-1.1700809223072361,1.4524894334254228
1771334355938,1.8651581485117712,-1.1700809223072361,1.4524894334254228
1771334355939,1.8651581485117712,-1.1700809223072361,1.4524894334254228
1771334355941,1.8651581485117712,-1.1700809223072361,1.4524894334254228
1771334355942,1.8651581485117712,-1.1700809223072361,1.4524894334254228
1771334355944,1.8651581485117712,-1.1700809223072361,1.4524894334254228
1771334355945,1.8651581485117712,-1.1700809223072361,1.4524894334254228
1771334355947,1.8651581485117712,-1.1700809223072361,1.4524894334254228
1771334355948,1.8651581485117712,-1.1700809223072361,1.4524894334254228
1771334355950,1.8651581485117712,-1.1700809223072361,1.4524894334254228
1771334355951,1.8651581485117712,-1.1700809223072361,1.4524894334254228
1771334355953,1.8651581485117712,-1.1700809223072361,1.4524894334254228
1771334355954,1.8651581485117712,-1.1700809223072361,1.4524894334254228
1771334355956,1.8651581485117712,-1.1700809223072361,1.4524894334254228
1771334355958,1.8651581485117712,-1.1700809223072361,1.4524894334254228
1771334355959,1.8651581485117712,-1.1700809223072361,1.4524894334254228
1771334355961,1.8651581485117712,-1.1700809223072361,1.4524894334254228
1771334355962,1.8651581485117712,-1.1700809223072361,1.4524894334254228
1771334355963,1.8651581485117712,-1.1700809223072361,1.4524894334254228
1771334355965,1.8651581485117712,-1.1700809223072361,1.4524894334254228
1771334355966,1.8651581485117712,-1.1700809223072361,1.4524894334254228
1771334355968,1.8651581485117712,-1.1700809223072361,1.4524894334254228
1771334355969,1.8651581485117712,-1.1700809223072361,1.4524894334254228
1771334355971,1.8651581485117712,-1.1700809223072361,1.4524894334254228
1771334355973,1.8651581485117712,-1.1700809223072361,1.4524894334254228
1771334355974,1.8651581485117712,-1.1700809223072361,1.4524894334254228
1771334355976,1.8651581485117712,-1.1700809223072361,1.4524894334254228
1771334355977,1.8651581485117712,-1.1700809223072361,1.4524894334254228
1771334355979,1.8651581485117712,-1.1700809223072361,1.4524894334254228
1771334355980,1.8651581485117712,-1.1700809223072361,1.4524894334254228
1771334355981,1.8651581485117712,-1.1700809223072361,1.4524894334254228
1771334355983,1.8651581485117712,-1.1700809223072361,1.4524894334254228
1771334355984,1.8651581485117712,-1.1700809223072361,1.4524894334254228
1771334355986,1.8651581485117712,-1.1700809223072361,1.4524894334254228
1771334355987,1.8651581485117712,-1.1700809223072361,1.4524894334254228
1771334355989,1.8651581485117712,-1.1700809223072361,1.4524894334254228
1771334355990,1.8651581485117712,-1.1700809223072361,1.4524894334254228
1771334355992,1.8651581485117712,-1.1700809223072361,1.4524894334254228
1771334355993,1.8651581485117712,-1.1700809223072361,1.4524894334254228
1771334355995,1.8651581485117712,-1.1700809223072361,1.4524894334254228
1771334355996,1.8651581485117712,-1.1700809223072361,1.4524894334254228
1771334355998,1.8651581485117712,-1.1700809223072361,1.4524894334254228
1771334355999,1.8651581485117712,-1.1700809223072361,1.4524894334254228
1771334356001,1.8651581485117712,-1.1700809223072361,1.4524894334254228
1771334356002,1.8651581485117712,-1.1700809223072361,1.4524894334254228
1771334356004,1.8651581485117712,-1.1700809223072361,1.4524894334254228
1771334356005,1.8651581485117712,-1.1700809223072361,1.4524894334254228
1771334356007,1.8651581485117712,-1.1700809223072361,1.4524894334254228
1771334356008,1.8651581485117712,-1.1700809223072361,1.4524894334254228
1771334356010,1.8651581485117712,-1.1700809223072361,1.4524894334254228
1771334356011,1.8651581485117712,-1.1700809223072361,1.4524894334254228
1771334356013,1.8651581485117712,-1.1700809223072361,1.4524894334254228
1771334356014,1.8651581485117712,-1.1700809223072361,1.4524894334254228
1771334356016,1.8651581485117712,-1.1700809223072361,1.4524894334254228
1771334356017,1.8651581485117712,-1.1700809223072361,1.4524894334254228
1771334356019,1.8651581485117712,-1.1700809223072361,1.4524894334254228
1771334356020,1.8651581485117712,-1.1700809223072361,1.4524894334254228
1771334356022,1.8651581485117712,-1.1700809223072361,1.4524894334254228
1771334356023,1.8651581485117712,-1.1700809223072361,1.4524894334254228
1771334356025,1.8651581485117712,-1.1700809223072361,1.4524894334254228
1771334356026,1.8651581485117712,-1.1700809223072361,1.4524894334254228
1771334356028,1.8651581485117712,-1.1700809223072361,1.4524894334254228
1771334356029,1.8651581485117712,-1.1700809223072361,1.4524894334254228
1771334356031,1.8651581485117712,-1.1700809223072361,1.4524894334254228
1771334356032,1.8651581485117712,-1.1700809223072361,1.4524894334254228
1771334356034,1.8651581485117712,-1.1700809223072361,1.4524894334254228
1771334356035,1.8651581485117712,-1.1700809223072361,1.4524894334254228
1771334356037,1.8651581485117712,-1.1700809223072361,1.4524894334254228
1771334356038,1.8651581485117712,-1.1700809223072361,1.4524894334254228
1771334356040,1.8651581485117712,-1.1700809223072361,1.4524894334254228
1771334356041,1.8651581485117712,-1.1700809223072361,1.4524894334254228
1771334356043,1.8651581485117712,-1.1700809223072361,1.4524894334254228
1771334356044,1.8651581485117712,-1.1700809223072361,1.4524894334254228
1771334356046,1.8651581485117712,-1.1700809223072361,1.4524894334254228
1771334356047,1.8651581485117712,-1.1700809223072361,1.4524894334254228
1771334356049,1.8651581485117712,-1.1700809223072361,1.4524894334254228
1771334356050,1.8651581485117712,-1.1700809223072361,1.4524894334254228
1771334356052,1.8651581485117712,-1.1700809223072361,1.4524894334254228
1771334356053,1.8651581485117712,-1.1700809223072361,1.4524894334254228
1771334356055,1.8651581485117712,-1.1700809223072361,1.4524894334254228
1771334356057,1.8651581485117712,-1.1700809223072361,1.4524894334254228
1771334356058,1.8651581485117712,-1.1700809223072361,1.4524894334254228
1771334356060,1.8651581485117712,-1.1700809223072361,1.4524894334254228
1771334356061,1.8651581485117712,-1.1700809223072361,1.4524894334254228
1771334356063,1.8651581485117712,-1.1700809223072361,1.4524894334254228
1771334356064,1.8651581485117712,-1.1700809223072361,1.4524894334254228
1771334356066,1.8651581485117712,-1.1700809223072361,1.4524894334254228
1771334356067,1.8651581485117712,-1.1700809223072361,1.4524894334254228
1771334356069,1.8651581485117712,-1.1700809223072361,1.4524894334254228
1771334356070,1.8651581485117712,-1.1700809223072361,1.4524894334254228
1771334356072,1.8651581485117712,-1.1700809223072361,1.4524894334254228
1771334356073,1.8651581485117712,-1.1700809223072361,1.4524894334254228
1771334356075,1.8651581485117712,-1.1700809223072361,1.4524894334254228
1771334356076,1.8651581485117712,-1.1700809223072361,1.4524894334254228
1771334356078,1.8651581485117712,-1.1700809223072361,1.4524894334254228
1771334356079,1.8651581485117712,-1.1700809223072361,1.4524894334254228
1771334356081,1.8651581485117712,-1.1700809223072361,1.4524894334254228
1771334356082,1.8651581485117712,-1.1700809223072361,1.4524894334254228
1771334356084,1.8651581485117712,-1.1700809223072361,1.4524894334254228
1771334356085,1.8651581485117712,-1.1700809223072361,1.4524894334254228
1771334356087,1.8651581485117712,-1.1700809223072361,1.4524894334254228
1771334356088,1.8651581485117712,-1.1700809223072361,1.4524894334254228
1771334356090,1.8651581485117712,-1.1700809223072361,1.4524894334254228
1771334356091,1.8651581485117712,-1.1700809223072361,1.4524894334254228
1771334356093,1.8651581485117712,-1.1700809223072361,1.4524894334254228
1771334356094,1.8651581485117712,-1.1700809223072361,1.4524894334254228
1771334356096,1.8651581485117712,-1.1700809223072361,1.4524894334254228
1771334356097,1.8651581485117712,-1.1700809223072361,1.4524894334254228
1771334356099,1.8651581485117712,-1.1700809223072361,1.4524894334254228
1771334356100,1.8651581485117712,-1.1700809223072361,1.4524894334254228
1771334356102,1.8651581485117712,-1.1700809223072361,1.4524894334254228
1771334356104,1.8675421328594461,-1.1786783606610454,1.4485961963620504
1771334356105,1.8675421328594461,-1.1786783606610454,1.4485961963620504
1771334356107,1.8675421328594461,-1.1786783606610454,1.4485961963620504
1771334356108,1.8675421328594461,-1.1786783606610454,1.4485961963620504
1771334356110,1.8675421328594461,-1.1786783606610454,1.4485961963620504
1771334356111,1.8675421328594461,-1.1786783606610454,1.4485961963620504
1771334356113,1.8675421328594461,-1.1786783606610454,1.4485961963620504
1771334356114,1.8675421328594461,-1.1786783606610454,1.4485961963620504
1771334356116,1.8675421328594461,-1.1786783606610454,1.4485961963620504
1771334356117,1.8675421328594461,-1.1786783606610454,1.4485961963620504
1771334356119,1.8675421328594461,-1.1786783606610454,1.4485961963620504
1771334356120,1.8675421328594461,-1.1786783606610454,1.4485961963620504
1771334356122,1.8675421328594461,-1.1786783606610454,1.4485961963620504
1771334356124,1.8675421328594461,-1.1786783606610454,1.4485961963620504
1771334356125,1.8675421328594461,-1.1786783606610454,1.4485961963620504
1771334356127,1.8675421328594461,-1.1786783606610454,1.4485961963620504
1771334356128,1.8675421328594461,-1.1786783606610454,1.4485961963620504
1771334356130,1.8675421328594461,-1.1786783606610454,1.4485961963620504
1771334356131,1.8675421328594461,-1.1786783606610454,1.4485961963620504
1771334356133,1.8675421328594461,-1.1786783606610454,1.4485961963620504
1771334356134,1.8675421328594461,-1.1786783606610454,1.4485961963620504
1771334356136,1.8675421328594461,-1.1786783606610454,1.4485961963620504
1771334356137,1.8675421328594461,-1.1786783606610454,1.4485961963620504
1771334356139,1.8675421328594461,-1.1786783606610454,1.4485961963620504
1771334356140,1.8675421328594461,-1.1786783606610454,1.4485961963620504
1771334356142,1.8675421328594461,-1.1786783606610454,1.4485961963620504
1771334356143,1.8675421328594461,-1.1786783606610454,1.4485961963620504
1771334356145,1.8675421328594461,-1.1786783606610454,1.4485961963620504
1771334356146,1.8675421328594461,-1.1786783606610454,1.4485961963620504
1771334356148,1.8675421328594461,-1.1786783606610454,1.4485961963620504
1771334356149,1.8675421328594461,-1.1786783606610454,1.4485961963620504
1771334356151,1.8675421328594461,-1.1786783606610454,1.4485961963620504
1771334356152,1.8675421328594461,-1.1786783606610454,1.4485961963620504
1771334356154,1.8675421328594461,-1.1786783606610454,1.4485961963620504
1771334356155,1.8675421328594461,-1.1786783606610454,1.4485961963620504
1771334356157,1.8675421328594461,-1.1786783606610454,1.4485961963620504
1771334356158,1.8675421328594461,-1.1786783606610454,1.4485961963620504
1771334356160,1.8675421328594461,-1.1786783606610454,1.4485961963620504
1771334356161,1.8675421328594461,-1.1786783606610454,1.4485961963620504
1771334356163,1.8675421328594461,-1.1786783606610454,1.4485961963620504
1771334356164,1.8675421328594461,-1.1786783606610454,1.4485961963620504
1771334356166,1.8675421328594461,-1.1786783606610454,1.4485961963620504
1771334356167,1.8675421328594461,-1.1786783606610454,1.4485961963620504
1771334356169,1.8675421328594461,-1.1786783606610454,1.4485961963620504
1771334356170,1.8675421328594461,-1.1786783606610454,1.4485961963620504
1771334356172,1.8675421328594461,-1.1786783606610454,1.4485961963620504
1771334356173,1.8675421328594461,-1.1786783606610454,1.4485961963620504
1771334356175,1.8675421328594461,-1.1786783606610454,1.4485961963620504
1771334356176,1.8675421328594461,-1.1786783606610454,1.4485961963620504
1771334356178,1.8675421328594461,-1.1786783606610454,1.4485961963620504
1771334356179,1.8675421328594461,-1.1786783606610454,1.4485961963620504
1771334356181,1.8675421328594461,-1.1786783606610454,1.4485961963620504
1771334356182,1.8675421328594461,-1.1786783606610454,1.4485961963620504
1771334356184,1.8675421328594461,-1.1786783606610454,1.4485961963620504
1771334356185,1.8675421328594461,-1.1786783606610454,1.4485961963620504
1771334356187,1.8675421328594461,-1.1786783606610454,1.4485961963620504
1771334356188,1.8675421328594461,-1.1786783606610454,1.4485961963620504
1771334356190,1.8675421328594461,-1.1786783606610454,1.4485961963620504
1771334356191,1.8675421328594461,-1.1786783606610454,1.4485961963620504
1771334356193,1.8675421328594461,-1.1786783606610454,1.4485961963620504
1771334356194,1.8675421328594461,-1.1786783606610454,1.4485961963620504
1771334356196,1.8675421328594461,-1.1786783606610454,1.4485961963620504
1771334356197,1.8675421328594461,-1.1786783606610454,1.4485961963620504
1771334356199,1.8675421328594461,-1.1786783606610454,1.4485961963620504
1771334356200,1.8675421328594461,-1.1786783606610454,1.4485961963620504
1771334356202,1.8675421328594461,-1.1786783606610454,1.4485961963620504
1771334356203,1.8675421328594461,-1.1786783606610454,1.4485961963620504
1771334356205,1.8675421328594461,-1.1786783606610454,1.4485961963620504
1771334356207,1.8675421328594461,-1.1786783606610454,1.4485961963620504
1771334356208,1.869813412799461,-1.188319239753571,1.4436410852827177
1771334356210,1.869813412799461,-1.188319239753571,1.4436410852827177
1771334356212,1.869813412799461,-1.188319239753571,1.4436410852827177
1771334356214,1.869813412799461,-1.188319239753571,1.4436410852827177
1771334356215,1.869813412799461,-1.188319239753571,1.4436410852827177
1771334356217,1.869813412799461,-1.188319239753571,1.4436410852827177
1771334356218,1.869813412799461,-1.188319239753571,1.4436410852827177
1771334356220,1.869813412799461,-1.188319239753571,1.4436410852827177
1771334356222,1.869813412799461,-1.188319239753571,1.4436410852827177
1771334356224,1.869813412799461,-1.188319239753571,1.4436410852827177
1771334356225,1.869813412799461,-1.188319239753571,1.4436410852827177
1771334356227,1.869813412799461,-1.188319239753571,1.4436410852827177
1771334356229,1.869813412799461,-1.188319239753571,1.4436410852827177
1771334356230,1.869813412799461,-1.188319239753571,1.4436410852827177
1771334356232,1.869813412799461,-1.188319239753571,1.4436410852827177
1771334356234,1.869813412799461,-1.188319239753571,1.4436410852827177
1771334356235,1.869813412799461,-1.188319239753571,1.4436410852827177
1771334356237,1.869813412799461,-1.188319239753571,1.4436410852827177
1771334356239,1.869813412799461,-1.188319239753571,1.4436410852827177
1771334356240,1.869813412799461,-1.188319239753571,1.4436410852827177
1771334356242,1.869813412799461,-1.188319239753571,1.4436410852827177
1771334356244,1.869813412799461,-1.188319239753571,1.4436410852827177
1771334356245,1.869813412799461,-1.188319239753571,1.4436410852827177
1771334356247,1.869813412799461,-1.188319239753571,1.4436410852827177
1771334356249,1.869813412799461,-1.188319239753571,1.4436410852827177
1771334356251,1.869813412799461,-1.188319239753571,1.4436410852827177
1771334356252,1.869813412799461,-1.188319239753571,1.4436410852827177
1771334356254,1.869813412799461,-1.188319239753571,1.4436410852827177
1771334356256,1.869813412799461,-1.188319239753571,1.4436410852827177
1771334356257,1.869813412799461,-1.188319239753571,1.4436410852827177
1771334356259,1.869813412799461,-1.188319239753571,1.4436410852827177
1771334356261,1.869813412799461,-1.188319239753571,1.4436410852827177
1771334356262,1.869813412799461,-1.188319239753571,1.4436410852827177
1771334356264,1.869813412799461,-1.188319239753571,1.4436410852827177
1771334356266,1.869813412799461,-1.188319239753571,1.4436410852827177
1771334356267,1.869813412799461,-1.188319239753571,1.4436410852827177
1771334356269,1.869813412799461,-1.188319239753571,1.4436410852827177
1771334356271,1.869813412799461,-1.188319239753571,1.4436410852827177
1771334356272,1.869813412799461,-1.188319239753571,1.4436410852827177
1771334356274,1.869813412799461,-1.188319239753571,1.4436410852827177
1771334356276,1.869813412799461,-1.188319239753571,1.4436410852827177
1771334356278,1.869813412799461,-1.188319239753571,1.4436410852827177
1771334356279,1.869813412799461,-1.188319239753571,1.4436410852827177
1771334356281,1.869813412799461,-1.188319239753571,1.4436410852827177
1771334356283,1.869813412799461,-1.188319239753571,1.4436410852827177
1771334356284,1.869813412799461,-1.188319239753571,1.4436410852827177
1771334356286,1.869813412799461,-1.188319239753571,1.4436410852827177
1771334356288,1.869813412799461,-1.188319239753571,1.4436410852827177
1771334356290,1.869813412799461,-1.188319239753571,1.4436410852827177
1771334356291,0.2701618304296051,-6.942214141072284e-05,0.27016182151007384
1771334356292,0.2701618304296051,-6.942214141072284e-05,0.27016182151007384
1771334356293,0.2701618304296051,-6.942214141072284e-05,0.27016182151007384
1771334356295,0.2701618304296051,-6.942214141072284e-05,0.27016182151007384
1771334356296,0.2701618304296051,-6.942214141072284e-05,0.27016182151007384
1771334356297,0.2701618304296051,-6.942214141072284e-05,0.27016182151007384
1771334356298,0.2701618304296051,-6.942214141072284e-05,0.27016182151007384
1771334356300,0.2701618304296051,-6.942214141072284e-05,0.27016182151007384
1771334356301,0.2701618304296051,-6.942214141072284e-05,0.27016182151007384
1771334356302,0.2701618304296051,-6.942214141072284e-05,0.27016182151007384
1771334356303,0.2701618304296051,-6.942214141072284e-05,0.27016182151007384
1771334356305,0.2701618304296051,-6.942214141072284e-05,0.27016182151007384
1771334356306,0.2701618304296051,-6.942214141072284e-05,0.27016182151007384
1771334356307,0.2701618304296051,-6.942214141072284e-05,0.27016182151007384
1771334356308,0.2701618304296051,-6.942214141072284e-05,0.27016182151007384
1771334356310,0.2701618304296051,-6.942214141072284e-05,0.27016182151007384
1771334356311,0.2701618304296051,-6.942214141072284e-05,0.27016182151007384
1771334356312,0.2701618304296051,-6.942214141072284e-05,0.27016182151007384
1771334356313,0.2701618304296051,-6.942214141072284e-05,0.27016182151007384
1771334356315,0.2701618304296051,-6.942214141072284e-05,0.27016182151007384
1771334356316,0.2701618304296051,-6.942214141072284e-05,0.27016182151007384
1771334356317,0.2701618304296051,-6.942214141072284e-05,0.27016182151007384
1771334356318,0.2701618304296051,-6.942214141072284e-05,0.27016182151007384
1771334356320,0.2701618304296051,-6.942214141072284e-05,0.27016182151007384
1771334356321,0.27015894940147933,-7.10498816543097e-05,0.27015894005867247
1771334356323,0.27015894940147933,-7.10498816543097e-05,0.27015894005867247
1771334356325,0.27015894940147933,-7.10498816543097e-05,0.27015894005867247
1771334356326,0.27015894940147933,-7.10498816543097e-05,0.27015894005867247
1771334356328,0.27015894940147933,-7.10498816543097e-05,0.27015894005867247
1771334356329,0.27015894940147933,-7.10498816543097e-05,0.27015894005867247
1771334356331,0.27015894940147933,-7.10498816543097e-05,0.27015894005867247
1771334356333,0.27015894940147933,-7.10498816543097e-05,0.27015894005867247
1771334356334,0.27015894940147933,-7.10498816543097e-05,0.27015894005867247
1771334356336,0.27015894940147933,-7.10498816543097e-05,0.27015894005867247
1771334356337,0.27015894940147933,-7.10498816543097e-05,0.27015894005867247
1771334356339,0.27015894940147933,-7.10498816543097e-05,0.27015894005867247
1771334356341,0.27015894940147933,-7.10498816543097e-05,0.27015894005867247
1771334356342,0.27015894940147933,-7.10498816543097e-05,0.27015894005867247
1771334356344,0.27015894940147933,-7.10498816543097e-05,0.27015894005867247
1771334356346,0.27015894940147933,-7.10498816543097e-05,0.27015894005867247
1771334356347,0.27015894940147933,-7.10498816543097e-05,0.27015894005867247
1771334356349,0.27015894940147933,-7.10498816543097e-05,0.27015894005867247
1771334356350,0.27015894940147933,-7.10498816543097e-05,0.27015894005867247
1771334356352,0.27015894940147933,-7.10498816543097e-05,0.27015894005867247
1771334356354,0.27015894940147933,-7.10498816543097e-05,0.27015894005867247
1771334356355,0.27015894940147933,-7.10498816543097e-05,0.27015894005867247
1771334356357,0.27015894940147933,-7.10498816543097e-05,0.27015894005867247
1771334356359,0.27015894940147933,-7.10498816543097e-05,0.27015894005867247
1771334356360,0.27015894940147933,-7.10498816543097e-05,0.27015894005867247
1771334356362,0.27015894940147933,-7.10498816543097e-05,0.27015894005867247
1771334356363,0.27015894940147933,-7.10498816543097e-05,0.27015894005867247
1771334356365,0.27015894940147933,-7.10498816543097e-05,0.27015894005867247
1771334356367,0.27015894940147933,-7.10498816543097e-05,0.27015894005867247
1771334356368,0.27015894940147933,-7.10498816543097e-05,0.27015894005867247
1771334356370,0.27015894940147933,-7.10498816543097e-05,0.27015894005867247
1771334356371,0.27015894940147933,-7.10498816543097e-05,0.27015894005867247
1771334356373,0.27015894940147933,-7.10498816543097e-05,0.27015894005867247
1771334356375,0.27015894940147933,-7.10498816543097e-05,0.27015894005867247
1771334356376,0.27015894940147933,-7.10498816543097e-05,0.27015894005867247
1771334356378,0.27015894940147933,-7.10498816543097e-05,0.27015894005867247
1771334356380,0.27015894940147933,-7.10498816543097e-05,0.27015894005867247
1771334356381,0.27015894940147933,-7.10498816543097e-05,0.27015894005867247
1771334356383,0.27015894940147933,-7.10498816543097e-05,0.27015894005867247
1771334356384,0.27015894940147933,-7.10498816543097e-05,0.27015894005867247
1771334356386,0.27015894940147933,-7.10498816543097e-05,0.27015894005867247
1771334356388,0.27015894940147933,-7.10498816543097e-05,0.27015894005867247
1771334356389,0.27015894940147933,-7.10498816543097e-05,0.27015894005867247
1771334356391,0.27015894940147933,-7.10498816543097e-05,0.27015894005867247
1771334356393,0.27015894940147933,-7.10498816543097e-05,0.27015894005867247
1771334356394,0.27015894940147933,-7.10498816543097e-05,0.27015894005867247
1771334356396,0.27015894940147933,-7.10498816543097e-05,0.27015894005867247
1771334356397,0.27015894940147933,-7.10498816543097e-05,0.27015894005867247
1771334356399,0.27015894940147933,-7.10498816543097e-05,0.27015894005867247
1771334356401,0.27015894940147933,-7.10498816543097e-05,0.27015894005867247
1771334356402,0.27015894940147933,-7.10498816543097e-05,0.27015894005867247
1771334356404,0.27015894940147933,-7.10498816543097e-05,0.27015894005867247
1771334356405,0.27015894940147933,-7.10498816543097e-05,0.27015894005867247
1771334356407,0.27015894940147933,-7.10498816543097e-05,0.27015894005867247
1771334356409,0.27015894940147933,-7.10498816543097e-05,0.27015894005867247
1771334356410,0.27015894940147933,-7.10498816543097e-05,0.27015894005867247
1771334356412,0.27015894940147933,-7.10498816543097e-05,0.27015894005867247
1771334356413,0.27015894940147933,-7.10498816543097e-05,0.27015894005867247
1771334356415,0.27015894940147933,-7.10498816543097e-05,0.27015894005867247
1771334356417,0.27015894940147933,-7.10498816543097e-05,0.27015894005867247
1771334356418,0.27015894940147933,-7.10498816543097e-05,0.27015894005867247
1771334356420,0.27015894940147933,-7.10498816543097e-05,0.27015894005867247
1771334356422,0.27015894940147933,-7.10498816543097e-05,0.27015894005867247
1771334356423,0.27015894940147933,-7.10498816543097e-05,0.27015894005867247
1771334356425,0.27015894940147933,-7.10498816543097e-05,0.27015894005867247
1771334356426,0.27015894940147933,-7.10498816543097e-05,0.27015894005867247
1771334356428,0.27015894940147933,-7.10498816543097e-05,0.27015894005867247
1771334356430,0.27015894940147933,-7.10498816543097e-05,0.27015894005867247
1771334356431,0.27015894940147933,-7.10498816543097e-05,0.27015894005867247
1771334356433,0.27015894940147933,-7.10498816543097e-05,0.27015894005867247
1771334356434,0.27015894940147933,-7.10498816543097e-05,0.27015894005867247
1771334356436,0.27015894940147933,-7.10498816543097e-05,0.27015894005867247
1771334356438,0.27015894940147933,-7.10498816543097e-05,0.27015894005867247
1771334356439,0.27015894940147933,-7.10498816543097e-05,0.27015894005867247
1771334356441,0.27015894940147933,-7.10498816543097e-05,0.27015894005867247
1771334356443,0.27015894940147933,-7.10498816543097e-05,0.27015894005867247
1771334356444,0.27015894940147933,-7.10498816543097e-05,0.27015894005867247
1771334356446,0.27015894940147933,-7.10498816543097e-05,0.27015894005867247
1771334356447,0.27015894940147933,-7.10498816543097e-05,0.27015894005867247
1771334356449,0.27015894940147933,-7.10498816543097e-05,0.27015894005867247
1771334356451,0.27015894940147933,-7.10498816543097e-05,0.27015894005867247
1771334356452,0.27015894940147933,-7.10498816543097e-05,0.27015894005867247
1771334356454,0.27015894940147933,-7.10498816543097e-05,0.27015894005867247
1771334356455,0.27015894940147933,-7.10498816543097e-05,0.27015894005867247
1771334356457,0.27015894940147933,-7.10498816543097e-05,0.27015894005867247
1771334356459,0.27015894940147933,-7.10498816543097e-05,0.27015894005867247
1771334356460,0.27015894940147933,-7.10498816543097e-05,0.27015894005867247
1771334356462,0.27015894940147933,-7.10498816543097e-05,0.27015894005867247
1771334356464,0.27015894940147933,-7.10498816543097e-05,0.27015894005867247
1771334356465,0.27015894940147933,-7.10498816543097e-05,0.27015894005867247
1771334356467,0.27015894940147933,-7.10498816543097e-05,0.27015894005867247
1771334356468,0.27015894940147933,-7.10498816543097e-05,0.27015894005867247
1771334356470,0.27015894940147933,-7.10498816543097e-05,0.27015894005867247
1771334356472,0.27015894940147933,-7.10498816543097e-05,0.27015894005867247
1771334356473,0.27015894940147933,-7.10498816543097e-05,0.27015894005867247
1771334356475,0.27015894940147933,-7.10498816543097e-05,0.27015894005867247
1771334356477,0.27015894940147933,-7.10498816543097e-05,0.27015894005867247
1771334356478,0.27015894940147933,-7.10498816543097e-05,0.27015894005867247
1771334356480,0.27015894940147933,-7.10498816543097e-05,0.27015894005867247
1771334356481,0.27015894940147933,-7.10498816543097e-05,0.27015894005867247
1771334356483,0.27015894940147933,-7.10498816543097e-05,0.27015894005867247
1771334356485,0.27015894940147933,-7.10498816543097e-05,0.27015894005867247
1771334356486,0.27015894940147933,-7.10498816543097e-05,0.27015894005867247
1771334356488,0.27015894940147933,-7.10498816543097e-05,0.27015894005867247
1771334356489,0.27015894940147933,-7.10498816543097e-05,0.27015894005867247
1771334356491,0.27015894940147933,-7.10498816543097e-05,0.27015894005867247
1771334356493,0.27015894940147933,-7.10498816543097e-05,0.27015894005867247
1771334356494,0.27015894940147933,-7.10498816543097e-05,0.27015894005867247
1771334356496,0.27015894940147933,-7.10498816543097e-05,0.27015894005867247
1771334356498,0.27015894940147933,-7.10498816543097e-05,0.27015894005867247
1771334356499,0.27015894940147933,-7.10498816543097e-05,0.27015894005867247
1771334356501,0.27015894940147933,-7.10498816543097e-05,0.27015894005867247
1771334356502,0.27015894940147933,-7.10498816543097e-05,0.27015894005867247
1771334356504,0.27015894940147933,-7.10498816543097e-05,0.27015894005867247
1771334356506,0.27015894940147933,-7.10498816543097e-05,0.27015894005867247
1771334356507,0.27015894940147933,-7.10498816543097e-05,0.27015894005867247
1771334356509,0.27015894940147933,-7.10498816543097e-05,0.27015894005867247
1771334356511,0.27015894940147933,-7.10498816543097e-05,0.27015894005867247
1771334356512,0.27015894940147933,-7.10498816543097e-05,0.27015894005867247
1771334356514,0.27015894940147933,-7.10498816543097e-05,0.27015894005867247
1771334356515,0.27015894940147933,-7.10498816543097e-05,0.27015894005867247
1771334356517,0.27015894940147933,-7.10498816543097e-05,0.27015894005867247
1771334356519,0.27015894940147933,-7.10498816543097e-05,0.27015894005867247
1771334356520,0.27015894940147933,-7.10498816543097e-05,0.27015894005867247
1771334356522,0.27015894940147933,-7.10498816543097e-05,0.27015894005867247
1771334356524,0.27015894940147933,-7.10498816543097e-05,0.27015894005867247
1771334356525,0.27015894940147933,-7.10498816543097e-05,0.27015894005867247
1771334356527,0.27015894940147933,-7.10498816543097e-05,0.27015894005867247
1771334356529,1.869813412799461,-1.188319239753571,1.4436410852827177
1771334356530,1.869813412799461,-1.188319239753571,1.4436410852827177
1771334356532,1.869813412799461,-1.188319239753571,1.4436410852827177
1771334356534,1.869813412799461,-1.188319239753571,1.4436410852827177
1771334356535,1.869813412799461,-1.188319239753571,1.4436410852827177
1771334356537,1.869813412799461,-1.188319239753571,1.4436410852827177
1771334356539,1.869813412799461,-1.188319239753571,1.4436410852827177
1771334356540,1.869813412799461,-1.188319239753571,1.4436410852827177
1771334356542,1.869813412799461,-1.188319239753571,1.4436410852827177
1771334356544,1.869813412799461,-1.188319239753571,1.4436410852827177
1771334356545,1.869813412799461,-1.188319239753571,1.4436410852827177
1771334356547,1.869813412799461,-1.188319239753571,1.4436410852827177
1771334356549,1.869813412799461,-1.188319239753571,1.4436410852827177
1771334356550,1.869813412799461,-1.188319239753571,1.4436410852827177
1771334356552,1.869813412799461,-1.188319239753571,1.4436410852827177
1771334356554,1.869813412799461,-1.188319239753571,1.4436410852827177
1771334356555,1.869813412799461,-1.188319239753571,1.4436410852827177
1771334356557,1.869813412799461,-1.188319239753571,1.4436410852827177
1771334356559,1.869813412799461,-1.188319239753571,1.4436410852827177
1771334356560,1.869813412799461,-1.188319239753571,1.4436410852827177
1771334356562,1.869813412799461,-1.188319239753571,1.4436410852827177
1771334356564,1.869813412799461,-1.188319239753571,1.4436410852827177
1771334356571,1.869813412799461,-1.188319239753571,1.4436410852827177
1771334356583,1.869813412799461,-1.188319239753571,1.4436410852827177
1771334356590,1.869813412799461,-1.188319239753571,1.4436410852827177
1771334356592,1.869813412799461,-1.188319239753571,1.4436410852827177
1771334356594,1.869813412799461,-1.188319239753571,1.4436410852827177
1771334356600,1.869813412799461,-1.188319239753571,1.4436410852827177
1771334356602,1.869813412799461,-1.188319239753571,1.4436410852827177
1771334356604,1.869813412799461,-1.188319239753571,1.4436410852827177
1771334356605,1.869813412799461,-1.188319239753571,1.4436410852827177
1771334356607,1.869813412799461,-1.188319239753571,1.4436410852827177
1771334356609,1.869813412799461,-1.188319239753571,1.4436410852827177
1771334356610,1.869813412799461,-1.188319239753571,1.4436410852827177
1771334356612,1.869813412799461,-1.188319239753571,1.4436410852827177
1771334356614,1.869813412799461,-1.188319239753571,1.4436410852827177
1771334356615,1.869813412799461,-1.188319239753571,1.4436410852827177
1771334356617,1.869813412799461,-1.188319239753571,1.4436410852827177
1771334356619,1.869813412799461,-1.188319239753571,1.4436410852827177
1771334356620,1.869813412799461,-1.188319239753571,1.4436410852827177
1771334356622,1.869813412799461,-1.188319239753571,1.4436410852827177
1771334356624,1.869813412799461,-1.188319239753571,1.4436410852827177
1771334356626,1.869813412799461,-1.188319239753571,1.4436410852827177
1771334356627,1.869813412799461,-1.188319239753571,1.4436410852827177
1771334356629,1.869813412799461,-1.188319239753571,1.4436410852827177
1771334356631,1.869813412799461,-1.188319239753571,1.4436410852827177
1771334356632,1.869813412799461,-1.188319239753571,1.4436410852827177
1771334356634,1.869813412799461,-1.188319239753571,1.4436410852827177
1771334356636,1.869813412799461,-1.188319239753571,1.4436410852827177
1771334356637,1.869813412799461,-1.188319239753571,1.4436410852827177
1771334356639,1.869813412799461,-1.188319239753571,1.4436410852827177
1771334356641,1.869813412799461,-1.188319239753571,1.4436410852827177
1771334356642,1.869813412799461,-1.188319239753571,1.4436410852827177
1771334356644,1.869813412799461,-1.188319239753571,1.4436410852827177
1771334356646,1.869813412799461,-1.188319239753571,1.4436410852827177
1771334356647,1.869813412799461,-1.188319239753571,1.4436410852827177
1771334356649,1.869813412799461,-1.188319239753571,1.4436410852827177
1771334356651,1.869813412799461,-1.188319239753571,1.4436410852827177
1771334356653,1.869813412799461,-1.188319239753571,1.4436410852827177
1771334356654,1.869813412799461,-1.188319239753571,1.4436410852827177
1771334356656,1.869813412799461,-1.188319239753571,1.4436410852827177
1771334356658,1.869813412799461,-1.188319239753571,1.4436410852827177
1771334356659,1.869813412799461,-1.188319239753571,1.4436410852827177
1771334356661,1.869813412799461,-1.188319239753571,1.4436410852827177
1771334356663,1.869813412799461,-1.188319239753571,1.4436410852827177
1771334356664,1.869813412799461,-1.188319239753571,1.4436410852827177
1771334356666,1.869813412799461,-1.188319239753571,1.4436410852827177
1771334356668,1.869813412799461,-1.188319239753571,1.4436410852827177
1771334356670,1.869813412799461,-1.188319239753571,1.4436410852827177
1771334356671,1.869813412799461,-1.188319239753571,1.4436410852827177
1771334356673,1.869813412799461,-1.188319239753571,1.4436410852827177
1771334356675,1.869813412799461,-1.188319239753571,1.4436410852827177
1771334356676,1.869813412799461,-1.188319239753571,1.4436410852827177
1771334356678,1.869813412799461,-1.188319239753571,1.4436410852827177
1771334356680,1.869813412799461,-1.188319239753571,1.4436410852827177
1771334356681,1.869813412799461,-1.188319239753571,1.4436410852827177
1771334356683,1.869813412799461,-1.188319239753571,1.4436410852827177
1771334356685,1.869813412799461,-1.188319239753571,1.4436410852827177
1771334356686,1.869813412799461,-1.188319239753571,1.4436410852827177
1771334356688,1.869813412799461,-1.188319239753571,1.4436410852827177
1771334356690,1.869813412799461,-1.188319239753571,1.4436410852827177
1771334356692,1.869813412799461,-1.188319239753571,1.4436410852827177
1771334356693,1.869813412799461,-1.188319239753571,1.4436410852827177
1771334356695,1.869813412799461,-1.188319239753571,1.4436410852827177
1771334356697,1.869813412799461,-1.188319239753571,1.4436410852827177
1771334356698,1.869813412799461,-1.188319239753571,1.4436410852827177
1771334356700,1.869813412799461,-1.188319239753571,1.4436410852827177
1771334356702,1.869813412799461,-1.188319239753571,1.4436410852827177
1771334356703,1.869813412799461,-1.188319239753571,1.4436410852827177
1771334356705,1.869813412799461,-1.188319239753571,1.4436410852827177
1771334356707,1.869813412799461,-1.188319239753571,1.4436410852827177
1771334356708,1.869813412799461,-1.188319239753571,1.4436410852827177
1771334356710,1.869813412799461,-1.188319239753571,1.4436410852827177
1771334356712,1.869813412799461,-1.188319239753571,1.4436410852827177
1771334356713,1.869813412799461,-1.188319239753571,1.4436410852827177
1771334356715,1.869813412799461,-1.188319239753571,1.4436410852827177
1771334356717,1.869813412799461,-1.188319239753571,1.4436410852827177
1771334356718,1.869813412799461,-1.188319239753571,1.4436410852827177
1771334356720,1.869813412799461,-1.188319239753571,1.4436410852827177
1771334356722,1.869813412799461,-1.188319239753571,1.4436410852827177
1771334356723,1.869813412799461,-1.188319239753571,1.4436410852827177
1771334356725,1.869813412799461,-1.188319239753571,1.4436410852827177
1771334356727,1.869813412799461,-1.188319239753571,1.4436410852827177
1771334356728,1.869813412799461,-1.188319239753571,1.4436410852827177
1771334356730,1.869813412799461,-1.188319239753571,1.4436410852827177
1771334356732,1.869813412799461,-1.188319239753571,1.4436410852827177
1771334356734,1.869813412799461,-1.188319239753571,1.4436410852827177
1771334356735,1.869813412799461,-1.188319239753571,1.4436410852827177
1771334356737,1.869813412799461,-1.188319239753571,1.4436410852827177
1771334356739,1.869813412799461,-1.188319239753571,1.4436410852827177
1771334356740,1.869813412799461,-1.188319239753571,1.4436410852827177
1771334356742,1.869813412799461,-1.188319239753571,1.4436410852827177
1771334356744,1.869813412799461,-1.188319239753571,1.4436410852827177
1771334356745,1.869813412799461,-1.188319239753571,1.4436410852827177
1771334356747,1.869813412799461,-1.188319239753571,1.4436410852827177
1771334356749,1.869813412799461,-1.188319239753571,1.4436410852827177
1771334356750,1.869813412799461,-1.188319239753571,1.4436410852827177
1771334356752,1.869813412799461,-1.188319239753571,1.4436410852827177
1771334356754,1.869813412799461,-1.188319239753571,1.4436410852827177
1771334356755,1.869813412799461,-1.188319239753571,1.4436410852827177
1771334356757,1.869813412799461,-1.188319239753571,1.4436410852827177
1771334356759,1.869813412799461,-1.188319239753571,1.4436410852827177
1771334356761,1.869813412799461,-1.188319239753571,1.4436410852827177
1771334356762,1.869813412799461,-1.188319239753571,1.4436410852827177
1771334356764,1.869813412799461,-1.188319239753571,1.4436410852827177
1771334356766,1.869813412799461,-1.188319239753571,1.4436410852827177
1771334356767,1.869813412799461,-1.188319239753571,1.4436410852827177
1771334356769,1.869813412799461,-1.188319239753571,1.4436410852827177
1771334356771,1.869813412799461,-1.188319239753571,1.4436410852827177
1771334356772,1.869813412799461,-1.188319239753571,1.4436410852827177
1771334356774,1.869813412799461,-1.188319239753571,1.4436410852827177
1771334356776,1.869813412799461,-1.188319239753571,1.4436410852827177
1771334356777,1.869813412799461,-1.188319239753571,1.4436410852827177
1771334356779,1.869813412799461,-1.188319239753571,1.4436410852827177
1771334356781,1.869813412799461,-1.188319239753571,1.4436410852827177
1771334356782,1.869813412799461,-1.188319239753571,1.4436410852827177
1771334356784,1.869813412799461,-1.188319239753571,1.4436410852827177
1771334356786,1.869813412799461,-1.188319239753571,1.4436410852827177
1771334356787,1.869813412799461,-1.188319239753571,1.4436410852827177
1771334356789,1.869813412799461,-1.188319239753571,1.4436410852827177
1771334356791,1.869813412799461,-1.188319239753571,1.4436410852827177
1771334356793,1.869813412799461,-1.188319239753571,1.4436410852827177
1771334356794,1.869813412799461,-1.188319239753571,1.4436410852827177
1771334356796,1.869813412799461,-1.188319239753571,1.4436410852827177
1771334356798,1.869813412799461,-1.188319239753571,1.4436410852827177
1771334356799,1.869813412799461,-1.188319239753571,1.4436410852827177
1771334356801,1.869813412799461,-1.188319239753571,1.4436410852827177
1771334356803,1.869813412799461,-1.188319239753571,1.4436410852827177
1771334356804,1.869813412799461,-1.188319239753571,1.4436410852827177
1771334356806,1.869813412799461,-1.188319239753571,1.4436410852827177
1771334356808,1.869813412799461,-1.188319239753571,1.4436410852827177
1771334356810,1.869813412799461,-1.188319239753571,1.4436410852827177
1771334356811,1.862303048406315,-1.162613202813265,1.4548206709927294
1771334356813,1.862303048406315,-1.162613202813265,1.4548206709927294
1771334356814,1.862303048406315,-1.162613202813265,1.4548206709927294
1771334356816,1.862303048406315,-1.162613202813265,1.4548206709927294
1771334356818,1.862303048406315,-1.162613202813265,1.4548206709927294
1771334356819,1.862303048406315,-1.162613202813265,1.4548206709927294
1771334356821,1.862303048406315,-1.162613202813265,1.4548206709927294
1771334356822,1.862303048406315,-1.162613202813265,1.4548206709927294
1771334356824,1.862303048406315,-1.162613202813265,1.4548206709927294
1771334356825,1.862303048406315,-1.162613202813265,1.4548206709927294
1771334356827,1.862303048406315,-1.162613202813265,1.4548206709927294
1771334356829,1.862303048406315,-1.162613202813265,1.4548206709927294
1771334356830,1.862303048406315,-1.162613202813265,1.4548206709927294
1771334356832,1.862303048406315,-1.162613202813265,1.4548206709927294
1771334356833,1.862303048406315,-1.162613202813265,1.4548206709927294
1771334356835,1.862303048406315,-1.162613202813265,1.4548206709927294
1771334356836,1.862303048406315,-1.162613202813265,1.4548206709927294
1771334356838,1.862303048406315,-1.162613202813265,1.4548206709927294
1771334356839,1.862303048406315,-1.162613202813265,1.4548206709927294
1771334356841,1.862303048406315,-1.162613202813265,1.4548206709927294
1771334356843,1.862303048406315,-1.162613202813265,1.4548206709927294
1771334356844,1.862303048406315,-1.162613202813265,1.4548206709927294
1771334356846,1.862303048406315,-1.162613202813265,1.4548206709927294
1771334356848,1.862303048406315,-1.162613202813265,1.4548206709927294
1771334356849,1.862303048406315,-1.162613202813265,1.4548206709927294
1771334356851,1.862303048406315,-1.162613202813265,1.4548206709927294
1771334356852,1.862303048406315,-1.162613202813265,1.4548206709927294
1771334356854,1.862303048406315,-1.162613202813265,1.4548206709927294
1771334356855,1.862303048406315,-1.162613202813265,1.4548206709927294
1771334356857,1.862303048406315,-1.162613202813265,1.4548206709927294
1771334356859,1.862303048406315,-1.162613202813265,1.4548206709927294
1771334356860,1.862303048406315,-1.162613202813265,1.4548206709927294
1771334356862,1.862303048406315,-1.162613202813265,1.4548206709927294
1771334356863,1.862303048406315,-1.162613202813265,1.4548206709927294
1771334356865,1.862303048406315,-1.162613202813265,1.4548206709927294
1771334356867,1.862303048406315,-1.162613202813265,1.4548206709927294
1771334356868,1.862303048406315,-1.162613202813265,1.4548206709927294
1771334356870,1.862303048406315,-1.162613202813265,1.4548206709927294
1771334356871,1.862303048406315,-1.162613202813265,1.4548206709927294
1771334356873,1.862303048406315,-1.162613202813265,1.4548206709927294
1771334356875,1.862303048406315,-1.162613202813265,1.4548206709927294
1771334356876,1.862303048406315,-1.162613202813265,1.4548206709927294
1771334356878,1.862303048406315,-1.162613202813265,1.4548206709927294
1771334356879,1.862303048406315,-1.162613202813265,1.4548206709927294
1771334356881,1.862303048406315,-1.162613202813265,1.4548206709927294
1771334356882,1.862303048406315,-1.162613202813265,1.4548206709927294
1771334356884,1.862303048406315,-1.162613202813265,1.4548206709927294
1771334356886,1.862303048406315,-1.162613202813265,1.4548206709927294
1771334356887,1.862303048406315,-1.162613202813265,1.4548206709927294
1771334356889,1.862303048406315,-1.162613202813265,1.4548206709927294
1771334356890,1.862303048406315,-1.162613202813265,1.4548206709927294
1771334356892,1.862303048406315,-1.162613202813265,1.4548206709927294
1771334356894,1.862303048406315,-1.162613202813265,1.4548206709927294
1771334356895,1.862303048406315,-1.162613202813265,1.4548206709927294
1771334356897,1.862303048406315,-1.162613202813265,1.4548206709927294
1771334356899,1.862303048406315,-1.162613202813265,1.4548206709927294
1771334356900,1.8675421328594461,-1.1786783606610454,1.4485961963620504
1771334356902,1.8675421328594461,-1.1786783606610454,1.4485961963620504
1771334356903,1.8675421328594461,-1.1786783606610454,1.4485961963620504
1771334356905,1.8675421328594461,-1.1786783606610454,1.4485961963620504
1771334356906,1.8675421328594461,-1.1786783606610454,1.4485961963620504
1771334356908,1.8675421328594461,-1.1786783606610454,1.4485961963620504
1771334356909,1.8675421328594461,-1.1786783606610454,1.4485961963620504
1771334356911,1.8675421328594461,-1.1786783606610454,1.4485961963620504
1771334356912,1.8675421328594461,-1.1786783606610454,1.4485961963620504
1771334356914,1.8675421328594461,-1.1786783606610454,1.4485961963620504
1771334356915,1.8675421328594461,-1.1786783606610454,1.4485961963620504
1771334356917,1.8675421328594461,-1.1786783606610454,1.4485961963620504
1771334356918,1.8675421328594461,-1.1786783606610454,1.4485961963620504
1771334356920,1.8675421328594461,-1.1786783606610454,1.4485961963620504
1771334356921,1.8675421328594461,-1.1786783606610454,1.4485961963620504
1771334356923,1.8675421328594461,-1.1786783606610454,1.4485961963620504
1771334356924,1.8675421328594461,-1.1786783606610454,1.4485961963620504
1771334356926,1.8675421328594461,-1.1786783606610454,1.4485961963620504
1771334356927,1.8675421328594461,-1.1786783606610454,1.4485961963620504
1771334356929,1.8675421328594461,-1.1786783606610454,1.4485961963620504
1771334356930,1.8675421328594461,-1.1786783606610454,1.4485961963620504
1771334356932,1.8675421328594461,-1.1786783606610454,1.4485961963620504
1771334356934,1.8675421328594461,-1.1786783606610454,1.4485961963620504
1771334356935,1.8675421328594461,-1.1786783606610454,1.4485961963620504
1771334356936,1.8675421328594461,-1.1786783606610454,1.4485961963620504
1771334356938,1.8675421328594461,-1.1786783606610454,1.4485961963620504
1771334356939,1.8675421328594461,-1.1786783606610454,1.4485961963620504
1771334356941,1.8675421328594461,-1.1786783606610454,1.4485961963620504
1771334356942,1.8675421328594461,-1.1786783606610454,1.4485961963620504
1771334356944,1.8675421328594461,-1.1786783606610454,1.4485961963620504
1771334356945,1.8675421328594461,-1.1786783606610454,1.4485961963620504
1771334356947,1.8675421328594461,-1.1786783606610454,1.4485961963620504
1771334356948,1.8675421328594461,-1.1786783606610454,1.4485961963620504
1771334356950,1.8675421328594461,-1.1786783606610454,1.4485961963620504
1771334356951,1.8675421328594461,-1.1786783606610454,1.4485961963620504
1771334356953,1.8675421328594461,-1.1786783606610454,1.4485961963620504
1771334356954,1.8675421328594461,-1.1786783606610454,1.4485961963620504
1771334356956,1.8675421328594461,-1.1786783606610454,1.4485961963620504
1771334356958,1.8675421328594461,-1.1786783606610454,1.4485961963620504
1771334356959,1.8675421328594461,-1.1786783606610454,1.4485961963620504
1771334356961,1.8675421328594461,-1.1786783606610454,1.4485961963620504
1771334356962,1.8675421328594461,-1.1786783606610454,1.4485961963620504
1771334356963,1.8675421328594461,-1.1786783606610454,1.4485961963620504
1771334356965,1.8675421328594461,-1.1786783606610454,1.4485961963620504
1771334356966,1.8675421328594461,-1.1786783606610454,1.4485961963620504
1771334356968,1.8675421328594461,-1.1786783606610454,1.4485961963620504
1771334356969,1.8675421328594461,-1.1786783606610454,1.4485961963620504
1771334356971,1.8675421328594461,-1.1786783606610454,1.4485961963620504
1771334356972,1.8675421328594461,-1.1786783606610454,1.4485961963620504
1771334356974,1.8675421328594461,-1.1786783606610454,1.4485961963620504
1771334356975,1.8675421328594461,-1.1786783606610454,1.4485961963620504
1771334356977,1.8675421328594461,-1.1786783606610454,1.4485961963620504
1771334356978,1.8675421328594461,-1.1786783606610454,1.4485961963620504
1771334356980,1.8675421328594461,-1.1786783606610454,1.4485961963620504
1771334356981,1.8675421328594461,-1.1786783606610454,1.4485961963620504
1771334356983,1.8675421328594461,-1.1786783606610454,1.4485961963620504
1771334356984,1.8675421328594461,-1.1786783606610454,1.4485961963620504
1771334356986,1.8675421328594461,-1.1786783606610454,1.4485961963620504
1771334356987,1.8675421328594461,-1.1786783606610454,1.4485961963620504
1771334356989,1.8675421328594461,-1.1786783606610454,1.4485961963620504
1771334356991,1.8675421328594461,-1.1786783606610454,1.4485961963620504
1771334356992,1.8675421328594461,-1.1786783606610454,1.4485961963620504
1771334356994,1.8675421328594461,-1.1786783606610454,1.4485961963620504
1771334356995,1.8675421328594461,-1.1786783606610454,1.4485961963620504
1771334356997,1.8675421328594461,-1.1786783606610454,1.4485961963620504
1771334356998,1.8675421328594461,-1.1786783606610454,1.4485961963620504
1771334357000,1.8675421328594461,-1.1786783606610454,1.4485961963620504
1771334357001,1.8675421328594461,-1.1786783606610454,1.4485961963620504
1771334357003,1.8675421328594461,-1.1786783606610454,1.4485961963620504
1771334357004,1.8675421328594461,-1.1786783606610454,1.4485961963620504
1771334357006,1.8675421328594461,-1.1786783606610454,1.4485961963620504
1771334357007,1.8675421328594461,-1.1786783606610454,1.4485961963620504
1771334357009,1.8675421328594461,-1.1786783606610454,1.4485961963620504
1771334357010,1.8675421328594461,-1.1786783606610454,1.4485961963620504
1771334357012,1.8675421328594461,-1.1786783606610454,1.4485961963620504
1771334357013,1.8675421328594461,-1.1786783606610454,1.4485961963620504
1771334357015,1.8675421328594461,-1.1786783606610454,1.4485961963620504
1771334357016,1.8675421328594461,-1.1786783606610454,1.4485961963620504
1771334357018,1.8675421328594461,-1.1786783606610454,1.4485961963620504
1771334357019,1.8675421328594461,-1.1786783606610454,1.4485961963620504
1771334357021,1.8675421328594461,-1.1786783606610454,1.4485961963620504
1771334357022,1.8675421328594461,-1.1786783606610454,1.4485961963620504
1771334357024,1.8675421328594461,-1.1786783606610454,1.4485961963620504
1771334357025,1.8675421328594461,-1.1786783606610454,1.4485961963620504
1771334357027,1.8675421328594461,-1.1786783606610454,1.4485961963620504
1771334357028,1.8675421328594461,-1.1786783606610454,1.4485961963620504
1771334357030,1.8675421328594461,-1.1786783606610454,1.4485961963620504
1771334357031,1.8675421328594461,-1.1786783606610454,1.4485961963620504
1771334357033,1.8675421328594461,-1.1786783606610454,1.4485961963620504
1771334357034,1.8675421328594461,-1.1786783606610454,1.4485961963620504
1771334357036,1.8675421328594461,-1.1786783606610454,1.4485961963620504
1771334357037,1.8675421328594461,-1.1786783606610454,1.4485961963620504
1771334357039,1.8675421328594461,-1.1786783606610454,1.4485961963620504
1771334357040,1.8675421328594461,-1.1786783606610454,1.4485961963620504
1771334357042,1.8675421328594461,-1.1786783606610454,1.4485961963620504
1771334357043,1.8675421328594461,-1.1786783606610454,1.4485961963620504
1771334357045,1.8675421328594461,-1.1786783606610454,1.4485961963620504
1771334357046,1.8675421328594461,-1.1786783606610454,1.4485961963620504
1771334357048,1.8675421328594461,-1.1786783606610454,1.4485961963620504
1771334357049,1.8675421328594461,-1.1786783606610454,1.4485961963620504
1771334357051,1.8675421328594461,-1.1786783606610454,1.4485961963620504
1771334357052,1.8675421328594461,-1.1786783606610454,1.4485961963620504
1771334357054,1.8675421328594461,-1.1786783606610454,1.4485961963620504
1771334357055,1.8675421328594461,-1.1786783606610454,1.4485961963620504
1771334357057,1.8675421328594461,-1.1786783606610454,1.4485961963620504
1771334357058,1.8675421328594461,-1.1786783606610454,1.4485961963620504
1771334357060,1.8675421328594461,-1.1786783606610454,1.4485961963620504
1771334357061,1.8675421328594461,-1.1786783606610454,1.4485961963620504
1771334357063,1.8675421328594461,-1.1786783606610454,1.4485961963620504
1771334357064,1.8675421328594461,-1.1786783606610454,1.4485961963620504
1771334357066,1.8675421328594461,-1.1786783606610454,1.4485961963620504
1771334357067,1.8675421328594461,-1.1786783606610454,1.4485961963620504
1771334357069,1.8675421328594461,-1.1786783606610454,1.4485961963620504
1771334357070,1.8675421328594461,-1.1786783606610454,1.4485961963620504
1771334357072,1.8675421328594461,-1.1786783606610454,1.4485961963620504
1771334357073,1.8675421328594461,-1.1786783606610454,1.4485961963620504
1771334357075,1.8675421328594461,-1.1786783606610454,1.4485961963620504
1771334357076,1.8675421328594461,-1.1786783606610454,1.4485961963620504
1771334357078,1.8675421328594461,-1.1786783606610454,1.4485961963620504
1771334357079,1.8675421328594461,-1.1786783606610454,1.4485961963620504
1771334357081,1.8675421328594461,-1.1786783606610454,1.4485961963620504
1771334357082,1.8675421328594461,-1.1786783606610454,1.4485961963620504
1771334357084,1.8675421328594461,-1.1786783606610454,1.4485961963620504
1771334357085,1.8675421328594461,-1.1786783606610454,1.4485961963620504
1771334357087,1.8675421328594461,-1.1786783606610454,1.4485961963620504
1771334357088,1.8675421328594461,-1.1786783606610454,1.4485961963620504
1771334357090,1.8675421328594461,-1.1786783606610454,1.4485961963620504
1771334357091,1.8675421328594461,-1.1786783606610454,1.4485961963620504
1771334357093,1.8675421328594461,-1.1786783606610454,1.4485961963620504
1771334357094,1.8675421328594461,-1.1786783606610454,1.4485961963620504
1771334357096,1.8675421328594461,-1.1786783606610454,1.4485961963620504
1771334357097,1.8675421328594461,-1.1786783606610454,1.4485961963620504
1771334357099,1.8675421328594461,-1.1786783606610454,1.4485961963620504
1771334357100,1.8675421328594461,-1.1786783606610454,1.4485961963620504
1771334357102,1.8675421328594461,-1.1786783606610454,1.4485961963620504
1771334357103,1.8675421328594461,-1.1786783606610454,1.4485961963620504
1771334357105,1.8675421328594461,-1.1786783606610454,1.4485961963620504
1771334357106,1.8675421328594461,-1.1786783606610454,1.4485961963620504
1771334357108,1.8675421328594461,-1.1786783606610454,1.4485961963620504
1771334357110,1.8675421328594461,-1.1786783606610454,1.4485961963620504
1771334357111,1.8675421328594461,-1.1786783606610454,1.4485961963620504
1771334357113,1.8675421328594461,-1.1786783606610454,1.4485961963620504
1771334357114,1.8675421328594461,-1.1786783606610454,1.4485961963620504
1771334357116,1.8675421328594461,-1.1786783606610454,1.4485961963620504
1771334357117,1.8675421328594461,-1.1786783606610454,1.4485961963620504
1771334357119,1.8675421328594461,-1.1786783606610454,1.4485961963620504
1771334357120,1.8675421328594461,-1.1786783606610454,1.4485961963620504
1771334357121,1.8675421328594461,-1.1786783606610454,1.4485961963620504
1771334357123,1.8675421328594461,-1.1786783606610454,1.4485961963620504
1771334357125,1.8675421328594461,-1.1786783606610454,1.4485961963620504
1771334357126,1.8675421328594461,-1.1786783606610454,1.4485961963620504
1771334357128,1.8675421328594461,-1.1786783606610454,1.4485961963620504
1771334357129,1.8675421328594461,-1.1786783606610454,1.4485961963620504
1771334357130,1.8675421328594461,-1.1786783606610454,1.4485961963620504
1771334357132,1.8675421328594461,-1.1786783606610454,1.4485961963620504
1771334357133,1.8675421328594461,-1.1786783606610454,1.4485961963620504
1771334357135,1.8675421328594461,-1.1786783606610454,1.4485961963620504
1771334357136,1.8675421328594461,-1.1786783606610454,1.4485961963620504
1771334357138,1.8675421328594461,-1.1786783606610454,1.4485961963620504
1771334357139,1.8675421328594461,-1.1786783606610454,1.4485961963620504
1771334357141,1.8675421328594461,-1.1786783606610454,1.4485961963620504
1771334357143,1.8675421328594461,-1.1786783606610454,1.4485961963620504
1771334357144,1.8675421328594461,-1.1786783606610454,1.4485961963620504
1771334357146,1.8675421328594461,-1.1786783606610454,1.4485961963620504
1771334357147,1.8675421328594461,-1.1786783606610454,1.4485961963620504
1771334357149,1.8675421328594461,-1.1786783606610454,1.4485961963620504
1771334357150,1.8675421328594461,-1.1786783606610454,1.4485961963620504
1771334357152,1.8675421328594461,-1.1786783606610454,1.4485961963620504
1771334357153,1.8675421328594461,-1.1786783606610454,1.4485961963620504
1771334357154,1.8675421328594461,-1.1786783606610454,1.4485961963620504
1771334357156,1.8675421328594461,-1.1786783606610454,1.4485961963620504
1771334357158,1.8675421328594461,-1.1786783606610454,1.4485961963620504
1771334357159,1.8675421328594461,-1.1786783606610454,1.4485961963620504
1771334357161,1.8675421328594461,-1.1786783606610454,1.4485961963620504
1771334357162,1.8675421328594461,-1.1786783606610454,1.4485961963620504
1771334357164,1.8675421328594461,-1.1786783606610454,1.4485961963620504
1771334357165,1.8675421328594461,-1.1786783606610454,1.4485961963620504
1771334357167,1.8675421328594461,-1.1786783606610454,1.4485961963620504
1771334357168,1.8675421328594461,-1.1786783606610454,1.4485961963620504
1771334357170,1.8675421328594461,-1.1786783606610454,1.4485961963620504
1771334357171,1.8675421328594461,-1.1786783606610454,1.4485961963620504
1771334357173,1.8675421328594461,-1.1786783606610454,1.4485961963620504
1771334357174,1.8675421328594461,-1.1786783606610454,1.4485961963620504
1771334357176,1.8675421328594461,-1.1786783606610454,1.4485961963620504
1771334357177,1.8675421328594461,-1.1786783606610454,1.4485961963620504
1771334357179,1.8675421328594461,-1.1786783606610454,1.4485961963620504
1771334357180,1.8675421328594461,-1.1786783606610454,1.4485961963620504
1771334357182,1.8675421328594461,-1.1786783606610454,1.4485961963620504
1771334357183,1.8675421328594461,-1.1786783606610454,1.4485961963620504
1771334357185,1.8675421328594461,-1.1786783606610454,1.4485961963620504
1771334357186,1.8675421328594461,-1.1786783606610454,1.4485961963620504
1771334357188,1.8675421328594461,-1.1786783606610454,1.4485961963620504
1771334357189,1.8675421328594461,-1.1786783606610454,1.4485961963620504
1771334357191,1.8675421328594461,-1.1786783606610454,1.4485961963620504
1771334357192,1.8675421328594461,-1.1786783606610454,1.4485961963620504
1771334357194,1.8675421328594461,-1.1786783606610454,1.4485961963620504
1771334357195,1.8675421328594461,-1.1786783606610454,1.4485961963620504
1771334357197,1.8675421328594461,-1.1786783606610454,1.4485961963620504
1771334357198,1.8675421328594461,-1.1786783606610454,1.4485961963620504
1771334357200,1.8675421328594461,-1.1786783606610454,1.4485961963620504
1771334357201,1.8675421328594461,-1.1786783606610454,1.4485961963620504
1771334357203,1.8675421328594461,-1.1786783606610454,1.4485961963620504
1771334357204,1.8675421328594461,-1.1786783606610454,1.4485961963620504
1771334357206,1.8675421328594461,-1.1786783606610454,1.4485961963620504
1771334357207,1.8675421328594461,-1.1786783606610454,1.4485961963620504
1771334357209,1.8675421328594461,-1.1786783606610454,1.4485961963620504
1771334357210,1.8675421328594461,-1.1786783606610454,1.4485961963620504
1771334357212,1.8675421328594461,-1.1786783606610454,1.4485961963620504
1771334357213,1.8675421328594461,-1.1786783606610454,1.4485961963620504
1771334357215,1.8675421328594461,-1.1786783606610454,1.4485961963620504
1771334357216,1.8675421328594461,-1.1786783606610454,1.4485961963620504
1771334357218,1.8675421328594461,-1.1786783606610454,1.4485961963620504
1771334357219,1.8675421328594461,-1.1786783606610454,1.4485961963620504
1771334357221,1.8675421328594461,-1.1786783606610454,1.4485961963620504
1771334357222,1.8675421328594461,-1.1786783606610454,1.4485961963620504
1771334357224,1.8675421328594461,-1.1786783606610454,1.4485961963620504
1771334357226,1.8748974553729254,-1.2059822784941023,1.4355651194292942
1771334357228,1.8748974553729254,-1.2059822784941023,1.4355651194292942
1771334357230,1.8748974553729254,-1.2059822784941023,1.4355651194292942
1771334357232,1.8748974553729254,-1.2059822784941023,1.4355651194292942
1771334357234,1.8748974553729254,-1.2059822784941023,1.4355651194292942
1771334357236,1.8748974553729254,-1.2059822784941023,1.4355651194292942
1771334357238,1.8748974553729254,-1.2059822784941023,1.4355651194292942
1771334357240,1.8748974553729254,-1.2059822784941023,1.4355651194292942
1771334357242,1.8748974553729254,-1.2059822784941023,1.4355651194292942
1771334357244,1.8748974553729254,-1.2059822784941023,1.4355651194292942
1771334357246,1.8748974553729254,-1.2059822784941023,1.4355651194292942
1771334357248,1.8748974553729254,-1.2059822784941023,1.4355651194292942
1771334357250,1.8748974553729254,-1.2059822784941023,1.4355651194292942
1771334357252,1.8748974553729254,-1.2059822784941023,1.4355651194292942
1771334357254,1.8748974553729254,-1.2059822784941023,1.4355651194292942
1771334357256,1.8748974553729254,-1.2059822784941023,1.4355651194292942
1771334357258,1.8748974553729254,-1.2059822784941023,1.4355651194292942
1771334357260,1.8748974553729254,-1.2059822784941023,1.4355651194292942
1771334357262,1.8748974553729254,-1.2059822784941023,1.4355651194292942
1771334357264,1.8748974553729254,-1.2059822784941023,1.4355651194292942
1771334357266,1.8748974553729254,-1.2059822784941023,1.4355651194292942
1771334357268,1.8748974553729254,-1.2059822784941023,1.4355651194292942
1771334357270,1.8748974553729254,-1.2059822784941023,1.4355651194292942
1771334357272,1.8748974553729254,-1.2059822784941023,1.4355651194292942
1771334357274,1.8748974553729254,-1.2059822784941023,1.4355651194292942
1771334357276,1.8748974553729254,-1.2059822784941023,1.4355651194292942
1771334357278,1.8748974553729254,-1.2059822784941023,1.4355651194292942
1771334357280,1.8748974553729254,-1.2059822784941023,1.4355651194292942
1771334357282,1.8748974553729254,-1.2059822784941023,1.4355651194292942
1771334357284,1.8748974553729254,-1.2059822784941023,1.4355651194292942
1771334357286,1.8748974553729254,-1.2059822784941023,1.4355651194292942
1771334357288,1.8748974553729254,-1.2059822784941023,1.4355651194292942
1771334357290,1.8748974553729254,-1.2059822784941023,1.4355651194292942
1771334357292,1.8748974553729254,-1.2059822784941023,1.4355651194292942
1771334357294,1.8748974553729254,-1.2059822784941023,1.4355651194292942
1771334357296,1.8748974553729254,-1.2059822784941023,1.4355651194292942
1771334357298,1.8748974553729254,-1.2059822784941023,1.4355651194292942
1771334357300,1.8748974553729254,-1.2059822784941023,1.4355651194292942
1771334357302,1.8748974553729254,-1.2059822784941023,1.4355651194292942
1771334357304,1.8748974553729254,-1.2059822784941023,1.4355651194292942
1771334357305,1.8748974553729254,-1.2059822784941023,1.4355651194292942
1771334357308,1.8748974553729254,-1.2059822784941023,1.4355651194292942
1771334357310,1.8748974553729254,-1.2059822784941023,1.4355651194292942
1771334357312,1.8748974553729254,-1.2059822784941023,1.4355651194292942
1771334357314,1.8748974553729254,-1.2059822784941023,1.4355651194292942
1771334357316,1.8748974553729254,-1.2059822784941023,1.4355651194292942
1771334357318,1.8748974553729254,-1.2059822784941023,1.4355651194292942
1771334357320,1.8748974553729254,-1.2059822784941023,1.4355651194292942
1771334357322,1.8748974553729254,-1.2059822784941023,1.4355651194292942
1771334357324,1.8748974553729254,-1.2059822784941023,1.4355651194292942
1771334357326,1.8748974553729254,-1.2059822784941023,1.4355651194292942
1771334357328,1.8748974553729254,-1.2059822784941023,1.4355651194292942
1771334357329,1.8748974553729254,-1.2059822784941023,1.4355651194292942
1771334357331,1.8748974553729254,-1.2059822784941023,1.4355651194292942
1771334357333,1.8748974553729254,-1.2059822784941023,1.4355651194292942
1771334357335,1.8748974553729254,-1.2059822784941023,1.4355651194292942
1771334357337,1.8748974553729254,-1.2059822784941023,1.4355651194292942
1771334357339,1.8748974553729254,-1.2059822784941023,1.4355651194292942
1771334357341,1.8748974553729254,-1.2059822784941023,1.4355651194292942
1771334357343,1.8748974553729254,-1.2059822784941023,1.4355651194292942
1771334357345,1.8748974553729254,-1.2059822784941023,1.4355651194292942
1771334357347,1.8748974553729254,-1.2059822784941023,1.4355651194292942
1771334357349,1.8748974553729254,-1.2059822784941023,1.4355651194292942
1771334357351,1.8748974553729254,-1.2059822784941023,1.4355651194292942
1771334357353,1.8748974553729254,-1.2059822784941023,1.4355651194292942
1771334357355,1.8748974553729254,-1.2059822784941023,1.4355651194292942
1771334357357,1.8748974553729254,-1.2059822784941023,1.4355651194292942
1771334357359,1.8748974553729254,-1.2059822784941023,1.4355651194292942
1771334357361,1.8748974553729254,-1.2059822784941023,1.4355651194292942
1771334357363,1.8748974553729254,-1.2059822784941023,1.4355651194292942
1771334357365,1.8748974553729254,-1.2059822784941023,1.4355651194292942
1771334357367,1.8748974553729254,-1.2059822784941023,1.4355651194292942
1771334357369,1.8748974553729254,-1.2059822784941023,1.4355651194292942
1771334357371,1.8748974553729254,-1.2059822784941023,1.4355651194292942
1771334357373,1.8748974553729254,-1.2059822784941023,1.4355651194292942
1771334357375,1.8748974553729254,-1.2059822784941023,1.4355651194292942
1771334357377,1.8748974553729254,-1.2059822784941023,1.4355651194292942
1771334357379,1.8748974553729254,-1.2059822784941023,1.4355651194292942
1771334357381,1.8748974553729254,-1.2059822784941023,1.4355651194292942
1771334357383,1.8748974553729254,-1.2059822784941023,1.4355651194292942
1771334357385,1.8748974553729254,-1.2059822784941023,1.4355651194292942
1771334357387,1.8748974553729254,-1.2059822784941023,1.4355651194292942
1771334357389,1.8748974553729254,-1.2059822784941023,1.4355651194292942
1771334357391,1.8748974553729254,-1.2059822784941023,1.4355651194292942
1771334357393,1.8748974553729254,-1.2059822784941023,1.4355651194292942
1771334357395,1.8748974553729254,-1.2059822784941023,1.4355651194292942
1771334357397,1.8748974553729254,-1.2059822784941023,1.4355651194292942
1771334357399,1.8748974553729254,-1.2059822784941023,1.4355651194292942
1771334357401,1.8748974553729254,-1.2059822784941023,1.4355651194292942
1771334357403,1.8748974553729254,-1.2059822784941023,1.4355651194292942
1771334357405,1.8748974553729254,-1.2059822784941023,1.4355651194292942
1771334357407,1.8748974553729254,-1.2059822784941023,1.4355651194292942
1771334357409,1.8748974553729254,-1.2059822784941023,1.4355651194292942
1771334357411,1.8748974553729254,-1.2059822784941023,1.4355651194292942
1771334357413,1.8748974553729254,-1.2059822784941023,1.4355651194292942
1771334357415,1.8748974553729254,-1.2059822784941023,1.4355651194292942
1771334357417,1.8748974553729254,-1.2059822784941023,1.4355651194292942
1771334357419,1.8748974553729254,-1.2059822784941023,1.4355651194292942
1771334357421,1.8748974553729254,-1.2059822784941023,1.4355651194292942
1771334357423,1.8748974553729254,-1.2059822784941023,1.4355651194292942
1771334357425,1.8748974553729254,-1.2059822784941023,1.4355651194292942
1771334357427,1.8748974553729254,-1.2059822784941023,1.4355651194292942
1771334357429,1.8748974553729254,-1.2059822784941023,1.4355651194292942
1771334357431,1.8748974553729254,-1.2059822784941023,1.4355651194292942
1771334357433,1.8748974553729254,-1.2059822784941023,1.4355651194292942
1771334357435,1.8748974553729254,-1.2059822784941023,1.4355651194292942
1771334357437,1.8748974553729254,-1.2059822784941023,1.4355651194292942
1771334357439,1.8748974553729254,-1.2059822784941023,1.4355651194292942
1771334357441,1.8748974553729254,-1.2059822784941023,1.4355651194292942
1771334357443,1.8675421328594461,-1.1786783606610454,1.4485961963620504
1771334357444,1.8675421328594461,-1.1786783606610454,1.4485961963620504
1771334357446,1.8675421328594461,-1.1786783606610454,1.4485961963620504
1771334357447,1.8675421328594461,-1.1786783606610454,1.4485961963620504
1771334357449,1.8675421328594461,-1.1786783606610454,1.4485961963620504
1771334357450,1.8675421328594461,-1.1786783606610454,1.4485961963620504
1771334357452,1.8675421328594461,-1.1786783606610454,1.4485961963620504
1771334357453,1.8675421328594461,-1.1786783606610454,1.4485961963620504
1771334357455,1.8675421328594461,-1.1786783606610454,1.4485961963620504
1771334357457,1.8675421328594461,-1.1786783606610454,1.4485961963620504
1771334357458,1.8675421328594461,-1.1786783606610454,1.4485961963620504
1771334357460,1.8675421328594461,-1.1786783606610454,1.4485961963620504
1771334357461,1.8675421328594461,-1.1786783606610454,1.4485961963620504
1771334357462,1.8675421328594461,-1.1786783606610454,1.4485961963620504
1771334357464,1.8675421328594461,-1.1786783606610454,1.4485961963620504
1771334357465,1.8675421328594461,-1.1786783606610454,1.4485961963620504
1771334357467,1.8675421328594461,-1.1786783606610454,1.4485961963620504
1771334357469,1.8675421328594461,-1.1786783606610454,1.4485961963620504
1771334357470,1.8675421328594461,-1.1786783606610454,1.4485961963620504
1771334357471,1.8675421328594461,-1.1786783606610454,1.4485961963620504
1771334357473,1.8675421328594461,-1.1786783606610454,1.4485961963620504
1771334357475,1.8675421328594461,-1.1786783606610454,1.4485961963620504
1771334357476,1.8675421328594461,-1.1786783606610454,1.4485961963620504
1771334357478,1.8675421328594461,-1.1786783606610454,1.4485961963620504
1771334357479,1.8675421328594461,-1.1786783606610454,1.4485961963620504
1771334357481,1.8675421328594461,-1.1786783606610454,1.4485961963620504
1771334357482,1.8675421328594461,-1.1786783606610454,1.4485961963620504
1771334357484,1.8675421328594461,-1.1786783606610454,1.4485961963620504
1771334357485,1.8675421328594461,-1.1786783606610454,1.4485961963620504
1771334357487,1.8675421328594461,-1.1786783606610454,1.4485961963620504
1771334357488,1.8675421328594461,-1.1786783606610454,1.4485961963620504
1771334357489,1.8675421328594461,-1.1786783606610454,1.4485961963620504
1771334357491,1.8675421328594461,-1.1786783606610454,1.4485961963620504
1771334357493,1.8675421328594461,-1.1786783606610454,1.4485961963620504
1771334357494,1.8675421328594461,-1.1786783606610454,1.4485961963620504
1771334357495,1.8675421328594461,-1.1786783606610454,1.4485961963620504
1771334357497,1.8675421328594461,-1.1786783606610454,1.4485961963620504
1771334357498,1.8675421328594461,-1.1786783606610454,1.4485961963620504
1771334357500,1.8675421328594461,-1.1786783606610454,1.4485961963620504
1771334357502,1.8675421328594461,-1.1786783606610454,1.4485961963620504
1771334357504,1.869813412799461,-1.188319239753571,1.4436410852827177
1771334357505,1.869813412799461,-1.188319239753571,1.4436410852827177
1771334357507,1.869813412799461,-1.188319239753571,1.4436410852827177
1771334357509,1.869813412799461,-1.188319239753571,1.4436410852827177
1771334357510,1.869813412799461,-1.188319239753571,1.4436410852827177
1771334357512,1.869813412799461,-1.188319239753571,1.4436410852827177
1771334357514,1.869813412799461,-1.188319239753571,1.4436410852827177
1771334357515,1.869813412799461,-1.188319239753571,1.4436410852827177
1771334357517,1.869813412799461,-1.188319239753571,1.4436410852827177
1771334357519,1.869813412799461,-1.188319239753571,1.4436410852827177
1771334357520,1.869813412799461,-1.188319239753571,1.4436410852827177
1771334357522,1.869813412799461,-1.188319239753571,1.4436410852827177
1771334357524,1.869813412799461,-1.188319239753571,1.4436410852827177
1771334357526,1.869813412799461,-1.188319239753571,1.4436410852827177
1771334357527,1.869813412799461,-1.188319239753571,1.4436410852827177
1771334357529,1.869813412799461,-1.188319239753571,1.4436410852827177
1771334357531,1.869813412799461,-1.188319239753571,1.4436410852827177
1771334357532,0.2713836698674086,-0.0007770763441450885,0.27138255733016076
1771334357533,0.2713836698674086,-0.0007770763441450885,0.27138255733016076
1771334357534,0.2713836698674086,-0.0007770763441450885,0.27138255733016076
1771334357535,0.2713836698674086,-0.0007770763441450885,0.27138255733016076
1771334357535,0.2713836698674086,-0.0007770763441450885,0.27138255733016076
1771334357536,0.2713836698674086,-0.0007770763441450885,0.27138255733016076
1771334357537,0.2713836698674086,-0.0007770763441450885,0.27138255733016076
1771334357538,0.2713836698674086,-0.0007770763441450885,0.27138255733016076
1771334357539,0.2713836698674086,-0.0007770763441450885,0.27138255733016076
1771334357540,0.2713836698674086,-0.0007770763441450885,0.27138255733016076
1771334357541,0.2713836698674086,-0.0007770763441450885,0.27138255733016076
1771334357542,0.2713836698674086,-0.0007770763441450885,0.27138255733016076
1771334357543,0.2713836698674086,-0.0007770763441450885,0.27138255733016076
1771334357543,0.2713836698674086,-0.0007770763441450885,0.27138255733016076
1771334357544,0.2713836698674086,-0.0007770763441450885,0.27138255733016076
1771334357545,0.2713836698674086,-0.0007770763441450885,0.27138255733016076
1771334357546,0.2713836698674086,-0.0007770763441450885,0.27138255733016076
1771334357547,0.2713836698674086,-0.0007770763441450885,0.27138255733016076
1771334357548,0.2713836698674086,-0.0007770763441450885,0.27138255733016076
1771334357549,0.2713836698674086,-0.0007770763441450885,0.27138255733016076
1771334357549,0.2713836698674086,-0.0007770763441450885,0.27138255733016076
1771334357550,0.2713836698674086,-0.0007770763441450885,0.27138255733016076
1771334357551,0.2713836698674086,-0.0007770763441450885,0.27138255733016076
1771334357552,0.2713836698674086,-0.0007770763441450885,0.27138255733016076
1771334357553,0.2713836698674086,-0.0007770763441450885,0.27138255733016076
1771334357554,0.2713836698674086,-0.0007770763441450885,0.27138255733016076
1771334357555,0.2713836698674086,-0.0007770763441450885,0.27138255733016076
1771334357556,0.2713836698674086,-0.0007770763441450885,0.27138255733016076
1771334357557,0.2713836698674086,-0.0007770763441450885,0.27138255733016076
1771334357558,0.2713836698674086,-0.0007770763441450885,0.27138255733016076
1771334357558,0.2713836698674086,-0.0007770763441450885,0.27138255733016076
1771334357559,0.2713836698674086,-0.0007770763441450885,0.27138255733016076
1771334357560,0.2713836698674086,-0.0007770763441450885,0.27138255733016076
1771334357561,0.2713836698674086,-0.0007770763441450885,0.27138255733016076
1771334357562,0.2713836698674086,-0.0007770763441450885,0.27138255733016076
1771334357563,0.2713836698674086,-0.0007770763441450885,0.27138255733016076
1771334357564,0.2713836698674086,-0.0007770763441450885,0.27138255733016076
1771334357564,0.2713836698674086,-0.0007770763441450885,0.27138255733016076
1771334357565,0.2713836698674086,-0.0007770763441450885,0.27138255733016076
1771334357566,0.2713836698674086,-0.0007770763441450885,0.27138255733016076
1771334357567,0.2713836698674086,-0.0007770763441450885,0.27138255733016076
1771334357568,0.2713836698674086,-0.0007770763441450885,0.27138255733016076
1771334357569,0.2713836698674086,-0.0007770763441450885,0.27138255733016076
1771334357570,0.2713836698674086,-0.0007770763441450885,0.27138255733016076
1771334357571,0.2713836698674086,-0.0007770763441450885,0.27138255733016076
1771334357571,0.2713836698674086,-0.0007770763441450885,0.27138255733016076
1771334357572,0.2713836698674086,-0.0007770763441450885,0.27138255733016076
1771334357573,0.2713836698674086,-0.0007770763441450885,0.27138255733016076
1771334357574,0.2713836698674086,-0.0007770763441450885,0.27138255733016076
1771334357575,0.2713836698674086,-0.0007770763441450885,0.27138255733016076
1771334357576,0.2713836698674086,-0.0007770763441450885,0.27138255733016076
1771334357577,0.2713836698674086,-0.0007770763441450885,0.27138255733016076
1771334357578,0.2713836698674086,-0.0007770763441450885,0.27138255733016076
1771334357579,0.2713836698674086,-0.0007770763441450885,0.27138255733016076
1771334357579,0.2713836698674086,-0.0007770763441450885,0.27138255733016076
1771334357580,0.2713836698674086,-0.0007770763441450885,0.27138255733016076
1771334357581,0.2713836698674086,-0.0007770763441450885,0.27138255733016076
1771334357582,0.2713836698674086,-0.0007770763441450885,0.27138255733016076
1771334357583,0.2713836698674086,-0.0007770763441450885,0.27138255733016076
1771334357584,0.2713836698674086,-0.0007770763441450885,0.27138255733016076
1771334357585,0.2713836698674086,-0.0007770763441450885,0.27138255733016076
1771334357586,0.2713836698674086,-0.0007770763441450885,0.27138255733016076
1771334357586,0.2713836698674086,-0.0007770763441450885,0.27138255733016076
1771334357587,0.2713836698674086,-0.0007770763441450885,0.27138255733016076
1771334357588,0.2713836698674086,-0.0007770763441450885,0.27138255733016076
1771334357589,0.2713836698674086,-0.0007770763441450885,0.27138255733016076
1771334357590,0.2713836698674086,-0.0007770763441450885,0.27138255733016076
1771334357591,0.2713836698674086,-0.0007770763441450885,0.27138255733016076
1771334357592,0.2713836698674086,-0.0007770763441450885,0.27138255733016076
1771334357593,0.2713836698674086,-0.0007770763441450885,0.27138255733016076
1771334357593,0.2713836698674086,-0.0007770763441450885,0.27138255733016076
1771334357594,0.2713836698674086,-0.0007770763441450885,0.27138255733016076
1771334357595,0.2713836698674086,-0.0007770763441450885,0.27138255733016076
1771334357596,0.2713836698674086,-0.0007770763441450885,0.27138255733016076
1771334357597,0.2713836698674086,-0.0007770763441450885,0.27138255733016076
1771334357598,0.2713836698674086,-0.0007770763441450885,0.27138255733016076
1771334357599,0.2713836698674086,-0.0007770763441450885,0.27138255733016076
1771334357599,0.2713836698674086,-0.0007770763441450885,0.27138255733016076
1771334357600,0.2713836698674086,-0.0007770763441450885,0.27138255733016076
1771334357601,0.2713836698674086,-0.0007770763441450885,0.27138255733016076
1771334357602,0.2713836698674086,-0.0007770763441450885,0.27138255733016076
1771334357603,0.2713836698674086,-0.0007770763441450885,0.27138255733016076
1771334357604,0.2713836698674086,-0.0007770763441450885,0.27138255733016076
1771334357605,0.2713836698674086,-0.0007770763441450885,0.27138255733016076
1771334357606,0.2713836698674086,-0.0007770763441450885,0.27138255733016076
1771334357606,0.2713836698674086,-0.0007770763441450885,0.27138255733016076
1771334357607,0.2713836698674086,-0.0007770763441450885,0.27138255733016076
1771334357608,0.2713836698674086,-0.0007770763441450885,0.27138255733016076
1771334357609,0.2713836698674086,-0.0007770763441450885,0.27138255733016076
1771334357610,0.2713836698674086,-0.0007770763441450885,0.27138255733016076
1771334357611,0.2713836698674086,-0.0007770763441450885,0.27138255733016076
1771334357612,0.2713836698674086,-0.0007770763441450885,0.27138255733016076
1771334357613,0.2713836698674086,-0.0007770763441450885,0.27138255733016076
1771334357613,0.2713836698674086,-0.0007770763441450885,0.27138255733016076
1771334357614,0.2713836698674086,-0.0007770763441450885,0.27138255733016076
1771334357615,0.2713836698674086,-0.0007770763441450885,0.27138255733016076
1771334357616,0.2713836698674086,-0.0007770763441450885,0.27138255733016076
1771334357617,0.2713836698674086,-0.0007770763441450885,0.27138255733016076
1771334357618,0.2713836698674086,-0.0007770763441450885,0.27138255733016076
1771334357619,0.2713836698674086,-0.0007770763441450885,0.27138255733016076
1771334357620,0.2713836698674086,-0.0007770763441450885,0.27138255733016076
1771334357620,0.2713836698674086,-0.0007770763441450885,0.27138255733016076
1771334357621,0.2713836698674086,-0.0007770763441450885,0.27138255733016076
1771334357622,0.2713836698674086,-0.0007770763441450885,0.27138255733016076
1771334357623,0.2713836698674086,-0.0007770763441450885,0.27138255733016076
1771334357624,0.2713836698674086,-0.0007770763441450885,0.27138255733016076
1771334357625,0.2713836698674086,-0.0007770763441450885,0.27138255733016076
1771334357626,0.2713836698674086,-0.0007770763441450885,0.27138255733016076
1771334357627,0.2713836698674086,-0.0007770763441450885,0.27138255733016076
1771334357628,0.2713836698674086,-0.0007770763441450885,0.27138255733016076
1771334357628,0.2713836698674086,-0.0007770763441450885,0.27138255733016076
1771334357629,0.2713836698674086,-0.0007770763441450885,0.27138255733016076
1771334357630,0.2713836698674086,-0.0007770763441450885,0.27138255733016076
1771334357631,0.2713836698674086,-0.0007770763441450885,0.27138255733016076
1771334357632,0.2713836698674086,-0.0007770763441450885,0.27138255733016076
1771334357633,0.2713836698674086,-0.0007770763441450885,0.27138255733016076
1771334357634,0.2713836698674086,-0.0007770763441450885,0.27138255733016076
1771334357635,0.2713836698674086,-0.0007770763441450885,0.27138255733016076
1771334357635,0.2713836698674086,-0.0007770763441450885,0.27138255733016076
1771334357636,0.2713836698674086,-0.0007770763441450885,0.27138255733016076
1771334357637,0.2713836698674086,-0.0007770763441450885,0.27138255733016076
1771334357638,0.2713836698674086,-0.0007770763441450885,0.27138255733016076
1771334357639,0.2713836698674086,-0.0007770763441450885,0.27138255733016076
1771334357640,0.2713836698674086,-0.0007770763441450885,0.27138255733016076
1771334357641,0.2713836698674086,-0.0007770763441450885,0.27138255733016076
1771334357642,0.2713836698674086,-0.0007770763441450885,0.27138255733016076
1771334357642,0.2713836698674086,-0.0007770763441450885,0.27138255733016076
1771334357643,0.2713836698674086,-0.0007770763441450885,0.27138255733016076
1771334357644,0.2713836698674086,-0.0007770763441450885,0.27138255733016076
1771334357645,0.2713836698674086,-0.0007770763441450885,0.27138255733016076
1771334357646,0.2713836698674086,-0.0007770763441450885,0.27138255733016076
1771334357647,0.2713836698674086,-0.0007770763441450885,0.27138255733016076
1771334357648,0.2713836698674086,-0.0007770763441450885,0.27138255733016076
1771334357649,0.2713836698674086,-0.0007770763441450885,0.27138255733016076
1771334357649,0.2713836698674086,-0.0007770763441450885,0.27138255733016076
