Timestamp_ms,Measured_Distance_m,X,Y
1771414003003,1.919640569313356,-1.0774934085695997,1.5887189398514676
1771414003043,1.9195809571819227,-0.9049644424917378,1.6928763714462687
1771414003079,1.9307980127106719,-1.0169919131654461,1.6412520874148389
1771414003114,2.0853725061235235,-1.4943084564580065,1.454586101354607
1771414003154,2.356518982157421,-1.823606697138429,1.4925281663741283
1771414003195,1.9130675924689804,-0.9900721567962818,1.6369437185474092
1771414003239,1.9011317624677577,-1.1387518633462808,1.5223488995592094
1771414003280,1.9144762651110316,-1.011753263374032,1.6252921902616408
1771414003325,1.8947456150153155,-0.8059795807513169,1.714776329738575
1771414003370,1.8916492432924032,-1.0525143918824371,1.571798433174262
1771414003414,2.3367822649471828,-1.8300703596433388,1.453063602367972
1771414003459,1.9163536775106131,-0.9525201519672739,1.662864028537719
1771414003500,1.8965472926661993,-0.9963428972606352,1.6137510540345972
1771414003546,1.9263417166855126,-1.0296999074966076,1.6280388539418724
1771414003592,1.9341808388177943,-1.1721759338420188,1.5385249745686607
1771414003636,1.9799924991560824,-1.17877468611709,1.5908678562608225
1771414003679,2.3936650722160997,-1.898517519893868,1.4578284208381118
1771414003723,1.8744133377988037,-0.9024505890245205,1.6428658786667123
1771414003768,1.9314308421628037,-1.0539499945480866,1.6185223220733798
1771414003813,1.9027160898813824,-1.002028819880587,1.6174877937166066
1771414003855,1.8861548149215213,-0.8341770731195965,1.691664445607716
1771414003897,1.9158412963846532,-0.9605223866581392,1.6576623955623113
1771414003942,2.1060106990580487,-1.485972799858938,1.4923692246312101
1771414003982,1.924028459146937,-0.9793247058885831,1.6561426967636506
1771414004025,1.9020771204328237,-1.0493024391762478,1.5864620270314695
1771414004070,1.92810033216624,-1.0117780708052424,1.6413031488232717
1771414004114,1.919041079249108,-1.0421036716022578,1.6114399155657881
1771414004159,2.3799887409544564,-1.8612051566846757,1.4833279380502316
1771414004202,1.9258880164943364,-1.0390253583434825,1.621564354811639
1771414004247,1.9139081450775413,-1.0233978599409477,1.6173129592204605
1771414004288,1.8919012838895608,-1.0531172981562997,1.571697943087966
1771414004333,1.891934497279883,-0.9268789137484833,1.6493367216084518
1771414004375,1.9064087674194756,-0.9101793732106293,1.6751023542087662
1771414004420,1.8917249756958945,-0.8888146700264671,1.669919718434804
1771414004466,1.913320889953636,-0.9925764662650882,1.6357227107763967
1771414004507,1.9075225788508436,-0.9812490823889475,1.635785018618468
1771414004550,1.9295084042433255,-1.033217348213145,1.6295596317401277
1771414004592,1.915285230572089,-1.0883081163799933,1.576040278123948
1771414004633,1.8988223427549922,-0.8823836929322724,1.681346278371223
1771414004668,1.9118128550520388,-0.9661101816360494,1.6497452863037334
1771414004703,1.9002160136567314,-0.9900293650275455,1.6219317972530887
1771414004741,1.9194372994809623,-0.9981022879256892,1.6395216892363071
1771414004784,1.9016578954496501,-0.9270417708507606,1.6603904078330127
1771414004828,1.9255427652319004,-1.04119332454299,1.6197627609202618
1771414004873,1.917498449284035,-0.933098601914475,1.6751499342184064
1771414004915,1.8934765320169795,-0.9914548693312994,1.613155485183714
1771414004950,1.9343805055266523,-1.055153953932985,1.6212581761277673
1771414004989,1.9007276360952439,-1.0650055200574484,1.574334395502867
1771414005033,1.8985998809872802,-0.9706169862698516,1.6317426800967563
1771414005073,1.9261337333908144,-0.9484936942024861,1.676410114191679
1771414005119,1.8981588687903328,-1.01535207892579,1.6037665812045319
1771414005163,1.9145828948173162,-1.0193219612180282,1.6206820787883376
1771414005207,1.9081926596801904,-1.055268612015294,1.5898450814317329
1771414005250,1.913444737903038,-1.0291273548131064,1.6131235701533233
1771414005294,1.9002525414818696,-1.0716319976256277,1.5692560603907864
1771414005339,1.9150111282642883,-1.0498011569319825,1.601619540427855
1771414005383,1.9071488120944895,-0.9457325619972989,1.6561420569055807
1771414005426,1.9193557286705945,-1.0767127022179093,1.5889040783078243
1771414005469,1.8934765320169795,-0.9914548693312994,1.613155485183714
1771414005514,1.897264046247702,-0.9883788834256265,1.6194807945704432
1771414005557,1.9174617288050448,-1.0181280247511837,1.6248307009188017
1771414005602,1.9211308156251,-1.0171136880974405,1.62979242734441
1771414005645,1.9063107426138939,-0.9963631536672135,1.625201868513404
1771414005691,1.9073413900750018,-1.065398965940575,1.5820481097823775
1771414005733,1.9081131412442232,-0.9691127791401807,1.6436898068358556
1771414005774,1.914069472962415,-0.9818554228591989,1.6430526089960118
1771414005819,1.9188514211510173,-1.0829418946902312,1.5840541749504689
1771414005865,1.9098384453594166,-0.9957081439165476,1.6297386844249409
1771414005903,1.9254759325110704,-0.9198658631179192,1.6915390508497585
1771414005942,1.9003749119621463,-0.99195859534127,1.6209389103676024
1771414005982,1.9037487710166614,-1.0282582006108558,1.6021686727757392
1771414006018,1.8857041842727298,-0.9266720330405512,1.6423030212978884
1771414006063,1.906743280509809,-0.991028745628976,1.6289665322241482
1771414006107,1.9303506216945192,-1.0186152981201007,1.6397183895755134
1771414006152,1.899282333278093,-1.0015627224691594,1.6137365009388747
1771414006196,1.909217612775877,-0.9592124882359331,1.6507644578636436
1771414006239,1.875871708710461,-1.0103842821397526,1.5805120277762021
1771414006276,1.9417247172642969,-1.0861429413838768,1.609530486979695
1771414006311,1.898031834232966,-1.056013229748121,1.577136932025466
1771414006349,1.910362258821449,-1.0238861498185714,1.6128053546969303
1771414006390,1.9027263257153797,-0.8713873455928536,1.69146432552123
1771414006429,1.8829048783314308,-1.0397016536375665,1.5698252298480904
1771414006473,1.9129073422171434,-0.9970833128143615,1.6324948291542591
1771414006520,1.9079298282922796,-0.9771104780983617,1.6387346775112188
1771414006564,1.9092597052956888,-0.9988453530639628,1.6271387718717503
1771414006609,1.8857465627983057,-1.0092642079589311,1.5929299600543194
1771414006654,1.9111508914621413,-1.1326790155108468,1.5393297170385285
1771414006699,1.9132869476843377,-1.070605263541618,1.5857084580263272
1771414006740,1.9135413204919378,-1.1093140270519968,1.5591865746650435
1771414006785,2.111468876056764,-1.4997675231400716,1.4862698917392863
1771414006830,1.8865668534143551,-0.9946252830286195,1.6030767413826388
1771414006873,1.8835983369733844,-0.8685045766368037,1.6714193056829953
1771414006918,1.8972901152907276,-1.0686765998331593,1.5676862270712655
1771414006963,1.9309938443638455,-1.0154226694392914,1.6424536612519232
1771414007006,1.8968820250593796,-1.1064681535297667,1.5407432109919557
1771414007053,1.9032694054586667,-0.9506043699735233,1.6488740890505336
1771414007100,1.8994007303324418,-0.9154017429318049,1.6642604313702911
1771414007140,1.9383323043021752,-1.0449262135814295,1.6325628104522525
1771414007182,2.0275029792902286,-1.3553831651782011,1.5078808993359767
1771414007228,1.9938224606758639,-1.3593694271997847,1.4585755945750931
1771414007273,1.9593794014803696,-1.1889623660847406,1.5574132820095465
1771414007315,1.9383146500036337,-1.2406001318352806,1.4892867404596717
1771414007356,1.9496584216877755,-1.146702778449683,1.576781753811809
1771414007403,1.9124145586395327,-1.1585176694747794,1.5215670388159583
1771414007446,1.956245201976284,-1.1051155953396148,1.6141916897296926
1771414007490,1.9634999748190818,-1.214989985665794,1.542443349315095
1771414007536,2.3295682145657115,-1.8213374081246683,1.4524524474421159
1771414007578,1.9080028099619317,-1.0150643018193088,1.6155863288585686
1771414007622,1.8908808988792696,-0.988668370138338,1.611820532079945
1771414007668,1.901208491201941,-0.9371101649266375,1.6542122795486471
1771414007714,1.8912807449266273,-0.9798825328421423,1.6176442989610187
1771414007756,1.9188883725835297,-1.0004008206012331,1.6374769569605083
1771414007794,1.9209167914161283,-1.0185958552606145,1.6286140743559632
1771414007829,1.8754883905190074,-0.932941997413347,1.626983691508299
1771414007867,1.9079723855068706,-1.0156240257175921,1.615198582912321
1771414007906,1.946379535407839,-1.1101846178388746,1.598713048100999
1771414007946,1.882996822364642,-1.0001168213752196,1.5954445702178646
1771414007989,1.9278545455380205,-1.0539242292584616,1.6142697629992222
1771414008030,1.9058725861068442,-1.120648044186677,1.5415895288740664
1771414008074,1.8669999178910082,-0.9950015388514074,1.5797660051692346
1771414008115,1.8865668534143551,-0.9946252830286195,1.6030767413826388
1771414008156,1.8796216797457037,-1.0367219274336108,1.5678601035004367
1771414008202,1.8778957995843535,-1.098361089894299,1.5231859867733704
1771414008249,1.8932432864694073,-0.9951921997318988,1.6105783518209436
1771414008293,1.8880682439658438,-0.9758754881317981,1.6163133129241343
1771414008340,1.9074805297148563,-1.0214600788202735,1.6109318044590681
1771414008385,1.9290694216141693,-1.1935798083001634,1.5154788268481256
1771414008426,1.9386911066297108,-1.1231138967439227,1.5802336478716728
1771414008469,1.9030932737288981,-1.152604560488325,1.5143535702251605
1771414008513,1.8937278564385227,-1.030991679441558,1.5884776835616918
1771414008556,1.920637800812918,-1.0217553274014737,1.6263042805201582
1771414008598,1.9146409526139883,-1.0575124839397418,1.5960943968757606
1771414008643,1.8915866191851278,-0.8908902328400176,1.6686565047697748
1771414008688,1.8786096433976185,-1.0542284990081863,1.5549200828806198
1771414008732,1.8844816373069992,-0.8563615001130559,1.6786649524164687
1771414008771,2.0908280791822027,-1.5034460057707542,1.4530010889289466
1771414008811,2.3333120129501514,-1.8540278433193886,1.4166600530734057
1771414008856,2.332425553436686,-1.838314756078562,1.4355513992568314
1771414008898,2.3167252940840917,-1.8167443440506494,1.437586893585566
1771414008942,2.2842658854808757,-1.76891843033854,1.445267526231862
1771414008983,2.3476469640189146,-1.846626281800464,1.4496267254127941
1771414009029,1.8642715851923584,-1.101338344076222,1.5041816363800862
1771414009072,1.9123095034093802,-0.9607253410377434,1.6534613560400322
1771414009113,1.8514986737140906,-0.9080980457531995,1.6135071360437971
1771414009155,1.899565550225055,-1.0792350162626372,1.5632021811891132
1771414009197,1.872621905321937,-0.968929568910195,1.602463194829468
1771414009241,1.8662552312615914,-0.9613166706988902,1.5996183441207648
1771414009282,2.126836765096423,-1.5516675373189348,1.454566079281519
1771414009324,1.8586804900373801,-1.019638170818245,1.5540370538233699
1771414009368,1.8972901152907276,-1.0686765998331593,1.5676862270712655
1771414009413,1.8690662851587068,-1.0521915675198277,1.5447658992731346
1771414009455,1.9064609564727428,-1.033283956171864,1.6021603054853115
1771414009499,1.8874937847333444,-1.0647257292790175,1.558522347872583
1771414009541,1.8743103761456896,-1.1032207241568448,1.515237083732524
1771414009587,1.9204261725812977,-1.101683387220969,1.5730004445824497
1771414009626,1.863877760547396,-0.9175016945784923,1.6224151585549154
1771414009672,1.8993932060711607,-1.1590712672608035,1.5047419541834135
1771414009717,1.8526995618744195,-0.9696330881006768,1.5787043234975988
1771414009761,1.912193106775543,-1.1251045021124664,1.5461637484193458
1771414009804,1.9237650279006195,-1.2214587345200283,1.4862403716889818
1771414009849,1.90367112662013,-1.1814975041417626,1.492657832871935
1771414009890,1.9041095678903432,-1.0666652323771373,1.5772946866611126
1771414009930,1.9197057746025643,-1.1882893430267287,1.5077263340180596
1771414009975,1.9421308742910728,-1.1187664356797142,1.5875244865107168
1771414010022,1.918456449256093,-1.1250942660599281,1.5539105637620743
1771414010064,1.815945646856815,-1.0508067187156636,1.481034716757253
1771414010106,1.8489024591160799,-1.169890386892628,1.4317111391554178
1771414010152,1.8539759247718197,-1.18387085288221,1.4267713668732889
1771414010196,1.8197245600221557,-1.2287154289731954,1.3422577505647133
1771414010237,1.916583566806745,-1.1871971997559465,1.5046113709012385
1771414010282,1.9188754449826197,-1.1971490651288996,1.4996389862957846
1771414010323,1.9012260685123925,-1.2804541366336843,1.4053817159650164
1771414010368,1.9123226542187957,-1.2343845718502249,1.4605727173326757
1771414010407,1.9227631656926816,-1.2976994272158664,1.4188003340668323
1771414010453,1.8816927899531855,-1.2391927052194336,1.4160399694545154
1771414010494,1.884430037277962,-1.2808125021928622,1.3822430682126354
1771414010538,1.9159676331909274,-1.3014158679076682,1.406146759834611
1771414010584,1.9436747590847223,-1.1754840529161314,1.547936952993538
1771414010630,1.9162143703614323,-1.1512740174411467,1.5318112318247905
1771414010673,1.896717595863057,-1.0754778235189804,1.5623332197631248
1771414010713,1.882145846251114,-1.1304876437118405,1.5048158272609884
1771414010757,1.8931850105118764,-1.0800755135296336,1.5548589547288691
1771414010803,1.9026498034311081,-1.1218175186605859,1.5367503796396604
1771414010847,1.8726419289472955,-1.1961440674061663,1.4408425188272591
1771414010890,1.8747034579874684,-1.024654860690093,1.5699030135184588
1771414010930,1.8832632721168405,-1.1541145062682014,1.4881869030889683
1771414010965,1.8682899317591821,-1.0960338855367773,1.5130158594237815
1771414011002,1.9859578936801612,-0.8428508666622727,1.7982300108821445
1771414011040,1.9939624013239126,-0.8642403141655867,1.7969348171996644
1771414011078,2.108815755604048,-0.38699260661607127,2.0730028011337494
1771414011122,2.1624566255423403,-0.19015685194652843,2.154079624575134
1771414011165,1.7936054968414146,-1.2816015660751447,1.2547980332043378
1771414011205,1.8575638488645894,-1.109904004080013,1.4895155435025784
1771414011248,1.8726419289472955,-1.1961440674061663,1.4408425188272591
1771414011290,1.8858958470960623,-1.1236418848589902,1.5146062394842794
1771414011331,1.8702601253439055,-1.152843303486505,1.4726931975322366
1771414011374,2.0402488161893726,-1.5412213697966457,1.3368814162985014
1771414011418,2.249273772647959,-1.7863652701901285,1.3667961171222764
1771414011462,2.358678751459556,-1.9088876596353712,1.385465032210704
1771414011505,2.321053359301871,-1.8800690926440249,1.3611131119826787
1771414011547,1.942580941875256,-1.1923947647164244,1.5335629888641094
1771414011590,1.8708984722982842,-1.1418390529366094,1.4820474590366128
1771414011636,1.9249352422757922,-1.2043260332722447,1.501657248688296
1771414011676,1.8744142469108473,-0.9900939115113755,1.5915850010007204
1771414011722,1.8621167625380366,-0.8558349080858177,1.6537912345356287
1771414011764,1.9407788217886623,-1.053944758388136,1.6296695620184978
1771414011807,2.1284317304132765,-1.5712799919005116,1.435723099376472
1771414011854,2.068726167480314,-1.4141583704060683,1.5098953802923702
1771414011900,2.026237380650912,-1.445771893480537,1.4196413472313256
1771414011945,2.0415850130551476,-1.3836457601316483,1.5011974473736294
1771414011993,1.9687780509540849,-1.6260740826343385,1.1099414812067614
1771414012036,2.0454148995340273,-1.417756424322205,1.474343525956183
1771414012081,1.9698880028118533,-1.22296157584518,1.5442874498060088
1771414012125,1.9543659148883599,-1.1705656037859877,1.5650310848384328
1771414012169,1.8873508053311672,-1.0283295876056895,1.582602704925945
1771414012211,1.8861710193728318,-1.0838175363598195,1.5436905979505346
1771414012256,1.9128917519989757,-0.9927608833120877,1.635108768073584
1771414012299,2.3946972986578783,-1.8875393612649847,1.4736927467673553
1771414012339,1.940563858431001,-1.0180643972283958,1.6520692999219486
1771414012381,1.8850944927255209,-0.9750350185204562,1.613346819243433
1771414012426,1.8636961376446934,-0.8745421986841233,1.6457640281013823
1771414012470,1.8881127619926223,-0.900602699527671,1.6594832266711466
1771414012514,1.8912211301349757,-1.019193015677776,1.593098540537482
1771414012559,2.11922131983116,-1.5242715151353137,1.4723095294719852
1771414012604,1.90357006321381,-0.9873834091181339,1.6274682758696342
1771414012646,1.9153546191645563,-1.04424557801953,1.6056570274942465
1771414012688,1.9519145015495556,-1.123703632756658,1.5960138994034292
1771414012732,2.0194846586980115,-1.3772493878937702,1.4769909987074599
1771414012774,1.9234178121686096,-1.1085401985761323,1.5718380032014336
1771414012819,1.9225519337661814,-1.1916073050772802,1.5087338958592218
1771414012865,1.8759922307003083,-1.004783394694987,1.5842213164179861
1771414012908,1.893148092659174,-1.034506330026635,1.5854987713252542
1771414012948,1.9214174581198544,-1.168271385798228,1.525446497748397
1771414012988,1.9116228372870285,-1.0940909389235285,1.5675671881621984
1771414013031,1.8628667907775698,-0.9256674994439111,1.6166051962848502
1771414013073,2.3482766043908563,-1.8404118938405933,1.4585222218874594
1771414013115,2.3355149713441112,-1.830474450885138,1.450514896865674
1771414013155,2.3267389186412823,-1.8209186384109448,1.448436849782425
1771414013199,2.2899687907576576,-1.7807620081504845,1.4397373833348712
1771414013240,2.051758757497645,-1.460051347777774,1.4415145024662726
1771414013285,2.0392847709061313,-1.44869529403157,1.435257580331996
1771414013330,1.8723416330876648,-1.0526694192237478,1.5484024944517885
1771414013373,2.231669851689266,-1.72195420947737,1.4195858647513915
1771414013419,1.9169467504145556,-1.0675328621715532,1.5921866825560174
1771414013463,1.8568272346538572,-0.9664701820538685,1.5854787184169497
1771414013508,2.06059216177752,-1.4334597702333134,1.4802814409096705
1771414013553,1.8631631312097927,-0.9221615943380856,1.6189486858536681
1771414013596,1.9264991610494546,-1.1131681527737227,1.5723408285656741
1771414013639,1.8961596104223666,-1.0441046308903432,1.5828034584086685
1771414013682,1.8876724080316942,-1.0639692128112992,1.5592551536659676
1771414013722,2.1050845650032253,-1.5303676538419189,1.4454604352555622
1771414013766,2.090722748261253,-1.5424993380560759,1.411317612089375
1771414013811,1.8823182413839348,-0.9260537808735883,1.6387636671516856
1771414013856,2.34187068422454,-1.836201827376481,1.4535202615614222
1771414013900,1.8793722172131606,-0.9627863391356708,1.6140267643401842
1771414013946,1.8731646451664052,-1.0008875299476174,1.5833413846346411
1771414013990,1.8739232291569388,-0.9534348334504861,1.6132421663027572
1771414014034,1.8993701870980138,-1.0434495365097796,1.5870791323668363
1771414014075,1.8640112948203238,-1.0310143476384925,1.5529158129729101
1771414014122,1.8683985601011848,-0.8948682761594299,1.6401597323771946
1771414014168,1.9085049312715074,-1.0127492400823885,1.617630999146655
1771414014211,1.9042521063103024,-1.0610740304320094,1.5812330588278234
1771414014257,1.930690678266422,-1.1005547990958453,1.586299350479587
1771414014303,2.090722748261253,-1.5424993380560759,1.411317612089375
1771414014347,1.8986694372693727,-1.0131315412973743,1.6057739915844955
1771414014389,1.892210568270725,-1.0870081944475183,1.5488298873276456
1771414014435,1.8558434176365068,-0.8052105354527115,1.6720618362909632
1771414014479,2.3590694340003564,-1.8375829431160096,1.4793571311903917
1771414014521,1.8588434162038636,-0.936608530329214,1.605634861006387
1771414014566,1.8800346116383782,-0.9590744999987929,1.617005332214564
1771414014611,1.8703952962912274,-0.9540202269040534,1.6087958139696554
1771414014653,1.8844334016857938,-0.9866018025893573,1.6055236306316152
1771414014693,1.9020389185126414,-1.0870002435274964,1.5608275106839649
1771414014739,1.885836606830476,-1.0463079617035151,1.568954861344876
1771414014784,1.8854016376615872,-1.0133039064269818,1.5899542535924778
1771414014829,1.8689523702481896,-1.051248880561833,1.5452697995411089
1771414014872,1.8818043677016971,-0.8516582219893353,1.6780542158163867
1771414014918,1.8982722678759745,-1.0573169894579657,1.576552690775205
1771414014957,1.9027552231701732,-0.9573290607989328,1.6443839298202865
1771414015003,1.885530392104853,-0.9293048278453497,1.6406149446150993
1771414015048,1.912157747709641,-1.1252436135601518,1.5460187781097934
1771414015084,1.8751582448473023,-0.894216833733812,1.6482095429543817
1771414015119,1.89809442604729,-0.9773309838417106,1.627140620295242
1771414015157,1.9037381234508783,-1.0289564619167268,1.6017076643882562
1771414015196,1.9268183671896584,-1.1423369424825676,1.5516750078476487
1771414015240,1.9318038699874525,-1.12964775674355,1.5670871506660897
1771414015287,1.9064609564727428,-1.033283956171864,1.6021603054853115
1771414015331,1.9017778983775524,-1.0094761688908767,1.6117434781002649
1771414015375,1.9062008352380573,-0.953983573792002,1.6503081424986386
1771414015422,1.8838997899996324,-1.0273834529549326,1.5791015354799254
1771414015462,1.8834519106462917,-1.0371573609298474,1.5721627486956309
1771414015506,1.900407790015282,-1.1060520659123532,1.5453797578076993
1771414015552,1.9332934718074173,-1.069223822602389,1.6107091808618685
1771414015595,1.8921011042506044,-1.0082168717705675,1.6011075317365564
1771414015638,2.1324682850488945,-1.5621658245910859,1.4515711912334945
1771414015674,1.8916029315837042,-1.0144216328473086,1.5965933739019038
1771414015711,1.901865288527206,-1.0929175784946847,1.5564776716426059
1771414015754,1.904145720576191,-1.0196025975715097,1.6081608962457865
1771414015801,1.9058850722297391,-1.1606191724785526,1.511741064145364
1771414015845,1.9160124245308385,-1.0405663733538295,1.6088272851993157
1771414015889,2.0974643497678445,-1.545601518699208,1.4179113667439684
1771414015924,2.372608840519915,-1.8737821506938896,1.4554082457696316
1771414015961,2.3812339351335337,-1.8828682635612437,1.4577661526820411
1771414015997,2.10071749582442,-1.5432749643506471,1.4252425694145299
1771414016036,1.9513286763379802,-1.1642005370879704,1.5659887332107518
1771414016077,1.9012592398873014,-1.0964040540947468,1.5532819600515042
1771414016121,1.9074333806787922,-1.0645078126122558,1.582758736704744
1771414016167,1.9849715435200475,-1.2357840803923166,1.5533672248484183
1771414016210,1.9418944347974725,-1.200210993919172,1.526580350316664
1771414016251,2.356667226272472,-1.863957954120046,1.4420614274917003
1771414016297,2.3865504289788775,-1.8986120351816838,1.4459928388213164
1771414016340,2.1459788361474303,-1.6308816448985095,1.3947939724295524
1771414016383,1.9055739514209205,-0.9663381921361919,1.6423771134404233
1771414016426,2.3322851154588515,-1.8347295513791602,1.439903237404144
1771414016468,1.8908126073503062,-0.9415418839182487,1.6397168038849081
1771414016513,2.169499635730807,-1.632301841139102,1.4290973965584024
1771414016572,2.1084945458073467,-1.5686210635972915,1.4089631679139916
1771414016611,2.2576956836119355,-1.731340398734858,1.4490169852381265
1771414016652,1.9003138154278136,-0.988942176829776,1.622709452734222
1771414016694,2.3417777348322706,-1.8457165819296661,1.4412679343363017
1771414016739,2.309467011942124,-1.8248684863203413,1.415447945663771
1771414016779,2.3786841106438987,-1.8815473830277056,1.4553066837101203
1771414016822,2.35749700733855,-1.815451953070431,1.503970194419749
1771414016863,2.332720523693449,-1.8296835986893387,1.4470117381513776
1771414016907,2.3321842385518785,-1.8412940244313405,1.4313349147363252
1771414016945,2.361350344826346,-1.8479277750998675,1.4700810824665271
1771414016988,2.345248251890461,-1.8384917223886834,1.456069211852086
1771414017032,2.342003958073502,-1.8380328665217844,1.4514192093319085
1771414017072,2.2985341101571475,-1.7964854408354236,1.4338406872530374
1771414017114,2.3831362052118124,-1.8641998423015922,1.4846201940409125
1771414017156,2.3367238171012787,-1.830725477565442,1.4521440779761332
1771414017197,2.313638597278724,-1.815256797388596,1.4344916585161305
1771414017240,2.45019413181124,-1.9444766776508609,1.4907923174051128
1771414017285,2.3400195333096128,-1.8250284429173984,1.4645690829773224
1771414017327,2.326673653334356,-1.7831379797903846,1.4946000248057352
1771414017371,2.2887621663434716,-1.7551824575420782,1.4689338973629178
1771414017417,1.8887447098185657,-1.0906855869805419,1.5419991988391333
1771414017461,2.3366332685433897,-1.822960680289221,1.4617350614195528
1771414017508,1.9040368208525666,-1.100828536709898,1.5535548744500447
1771414017552,2.395869214068461,-1.9094985177399375,1.4470676216645877
1771414017600,1.860634890133424,-1.0337440899167007,1.5470408368702202
1771414017640,2.058723711490959,-1.453983838287218,1.4574890456722749
1771414017680,2.147174545823726,-1.587867495109925,1.4453495591747543
1771414017723,1.856879551259304,-0.8373412391083578,1.6573657765180967
1771414017764,2.1162750225339635,-1.5568796344125306,1.433438444772789
1771414017808,2.0594933779065268,-1.4459353105179609,1.4665551648124815
1771414017848,2.3979317762125403,-1.8880364695577199,1.478308186066034
1771414017891,2.361120243503663,-1.8469912283142,1.470888237363125
1771414017932,2.3386902240140848,-1.835498216158822,1.4492819816643112
1771414017975,2.3854510650018876,-1.913707478313266,1.424113924855214
1771414018018,2.3695974122807724,-1.8318506453548689,1.5031018293517853
1771414018060,2.3493134790305534,-1.8292561040201647,1.4741424383890491
1771414018104,1.9020960497918495,-1.0442845744733438,1.589792159419207
1771414018149,1.8568114738186783,-0.9623246209454785,1.587979903281787
1771414018189,2.104709925750258,-1.5707541951088289,1.4009051110263224
1771414018234,1.9160124245308385,-1.0405663733538295,1.6088272851993157
1771414018278,2.1430400017632505,-1.5558758636922032,1.473726822018746
1771414018324,1.8706830030633794,-0.9929626770235461,1.585395855926354
1771414018369,1.8981049357521855,-1.096992683262683,1.5490027114227227
1771414018414,1.8742121456605891,-0.9493523790838084,1.6159830529029635
1771414018456,1.8927199909885402,-0.875863220494158,1.6778714442034173
1771414018498,1.90909558225486,-1.082666623996285,1.5724118173905683
1771414018540,1.8820912163978787,-1.0537796640971062,1.559428025391822
1771414018581,1.8842671844737697,-1.0693669499330942,1.5514242323992167
1771414018622,2.1289636596181127,-1.5680834717690684,1.4400001699788831
1771414018665,1.8834228782947005,-0.9948075473715657,1.599262230585236
1771414018713,1.8918383470331326,-0.9721697533555064,1.6229412503124532
1771414018756,2.128230992693117,-1.5699930046327244,1.4368330187129748
1771414018800,2.3318312141915034,-1.8393125532546737,1.433306018586957
1771414018846,2.3319252132722394,-1.8390085572108097,1.4338489204934375
1771414018890,2.109329719598808,-1.5588272757782309,1.4210311010926553
1771414018929,2.345248251890461,-1.8384917223886834,1.456069211852086
1771414018973,2.081401254396434,-1.4984179628372065,1.4446365599865751
1771414019014,1.8498087397866814,-0.7977907789692569,1.6689284726383022
1771414019056,1.849233998056115,-0.8509808377816592,1.6417971839709766
1771414019097,1.8972287137027029,-0.9439717032523155,1.6457199687543853
1771414019138,1.909498165761347,-1.0407640141629033,1.6009351991475074
1771414019180,1.9029441642492313,-1.0761477611346717,1.5694274396909973
1771414019224,1.895469561007362,-1.090459911745979,1.5503877055692854
1771414019269,1.9007276360952439,-1.0650055200574484,1.574334395502867
1771414019310,1.8915951188693625,-1.0566683808333575,1.5689436021340628
1771414019356,1.884771599920513,-1.0220996168855723,1.583564446755893
1771414019396,1.898972421494405,-1.085875410490001,1.5578738236742717
1771414019440,1.8844382193385698,-1.0594514767296186,1.5584190614078584
1771414019486,1.879508993754849,-1.0422350908453633,1.5640652393733205
1771414019531,1.91266166256023,-1.1195102882069043,1.5507970047774005
1771414019573,1.93715036233028,-1.1782758127255641,1.5376012602174356
1771414019618,1.9312639235837112,-1.1732338039352734,1.5340478427479107
1771414019664,1.9557729610834929,-1.2269724502693253,1.5230188710535997
1771414019710,1.9454643611289932,-1.1956100669312963,1.5347143539680546
1771414019755,1.9500644620169647,-1.2554582971731776,1.4921715283708301
1771414019797,1.9724716252726497,-1.374253527544811,1.4149457779492371
1771414019840,2.1465871212909913,-1.6584394799622566,1.3628700453802869
1771414019880,1.990053212351492,-1.4035590162230842,1.4107919322031086
1771414019924,2.3537544459470667,-1.8548337961684696,1.4490519591811906
1771414019969,2.3519312932726435,-1.8742469616182544,1.4208374766805212
1771414020011,2.3210186767043166,-1.8097065515999788,1.4533030980171926
1771414020055,2.462923183926071,-1.9517967098555953,1.502158518039094
1771414020100,2.373884308169364,-1.8948683012923895,1.4299653245201558
1771414020140,2.3507996682238956,-1.8519918413259728,1.447889947400565
1771414020182,2.3210212025342583,-1.8437356435752972,1.4098859170952656
1771414020222,2.365048497878917,-1.8814126390820218,1.4330878824488553
1771414020266,2.350641523241066,-1.8535803081722622,1.4455987036315094
1771414020305,2.3472711596978755,-1.8598477921831624,1.432008410261904
1771414020348,2.4162864405426796,-1.9460874704205646,1.4321954197044828
1771414020390,2.3628276214987554,-1.9013343688096616,1.4028121709268966
1771414020432,2.176799778415256,-1.661927295188701,1.4058644816679438
1771414020476,2.0075800719173222,-1.390873539614737,1.4477045768937578
1771414020518,1.948800995081056,-1.2739335911473497,1.4747604970893857
1771414020560,1.965485387244987,-1.3761435954312984,1.4033394501071348
1771414020605,2.1264954324571024,-1.5939570315475688,1.4075808345672307
1771414020645,1.9628621716464383,-1.3367028088281183,1.4373773011118518
1771414020689,1.9234839716096077,-1.223502850556841,1.484193843040172
1771414020733,1.9265513282373758,-1.1862606852106319,1.5180202920438182
1771414020776,1.9259764305186737,-1.1894442247911097,1.5147962394409775
1771414020819,1.9082645715821926,-1.169790897732902,1.5076680439463523
1771414020861,1.924305574211597,-1.2121507656672967,1.4945375419286095
1771414020905,1.9008220411778294,-1.1427396508167318,1.5189702178379614
1771414020945,1.9184912683254778,-1.162218717273863,1.526386713732597
1771414020985,1.9045773185760781,-1.1359506281272738,1.5287350760977834
1771414021025,1.8926797072111323,-1.1224420108295263,1.5239292655546017
1771414021065,1.9008943860381549,-1.0964324943856072,1.5528152665809056
1771414021105,1.900407790015282,-1.1060520659123532,1.5453797578076993
1771414021149,1.9083632906155408,-1.1359234718484386,1.5334693720686974
1771414021189,1.8809235919922482,-1.025305332078057,1.576902829893246
1771414021230,1.9029441642492313,-1.0761477611346717,1.5694274396909973
1771414021275,1.9162619675586514,-1.076278696956001,1.5854602154549469
1771414021315,1.9089577861603257,-1.1215540021772281,1.5447447845978874
1771414021356,1.9063863820708566,-1.0772677309607566,1.5728328816425075
1771414021398,1.8973034013335794,-1.0261904525994057,1.595836254665809
1771414021439,1.8997843911336503,-1.0722542177101633,1.568263888954222
1771414021479,1.9068962385264732,-1.0709396885136435,1.5777646998436468
1771414021517,1.8997386019481048,-0.9960325931270531,1.6176915123596152
1771414021556,1.8888108566520454,-0.9271956677620047,1.645574260217388
1771414021601,1.8651918286386686,-0.9793440363216951,1.5873959229321433
1771414021646,2.109915639922332,-1.58745445922374,1.3898677446000127
1771414021689,2.2602263890849223,-1.7446629570669225,1.4369323213548952
1771414021730,2.378412450297499,-1.9155442297571783,1.409800016872652
1771414021772,2.2646163511027817,-1.7644579936461944,1.4195686691175327
1771414021818,2.151307746441374,-1.6135126233488055,1.422920248711332
1771414021865,2.2334497934060105,-1.7368222019544863,1.4041889539742574
1771414021901,2.339941568382182,-1.8566375881753607,1.424157087408985
1771414021936,2.4320291785048065,-1.9546600131398526,1.4470902384201456
1771414021979,2.438296139362103,-1.9567718271559777,1.4547618635628279
1771414022021,2.0477382057101883,-1.4314196239811918,1.464332482466576
1771414022061,2.0991160102187942,-1.5261702939084787,1.4412120795872396
1771414022104,2.3313557177113826,-1.8409458809319237,1.430432712847878
1771414022147,2.0416703132894667,-1.490990592464839,1.3947633209074783
1771414022190,1.9948819358840564,-1.351424511568244,1.4673805667409712
1771414022235,2.1292373241042855,-1.5584155340763397,1.4508592645423384
1771414022278,2.3100275879231833,-1.7808515390758035,1.471324319359108
1771414022324,2.0899582529820577,-1.516464325922314,1.438145141288874
1771414022369,1.9477483066286891,-1.2419463927880234,1.5004308126054138
1771414022414,1.9984296549156664,-1.3827811223128883,1.442788083337764
1771414022457,2.1983929269046314,-1.6816828593608333,1.415935811255681
1771414022500,2.370087301776202,-1.862336579773201,1.4659523463194342
1771414022544,2.3587175811982837,-1.8375019577737661,1.4788966099871412
1771414022589,1.8888133985812297,-1.011248807162701,1.5953030761181368
1771414022630,2.0075800719173222,-1.390873539614737,1.4477045768937578
1771414022669,2.057486809511954,-1.5053061498029785,1.4026066329092457
1771414022713,2.2116913785926453,-1.6865836390039695,1.4307391036751473
1771414022757,2.032394192127524,-1.449219875025065,1.4249168067034745
1771414022796,1.835337322110361,-0.6461144741313115,1.717847249393627
1771414022837,1.8788390174268728,-0.9308799315100746,1.6320228572288364
1771414022881,1.8638602334216479,-0.8315717199019792,1.6680717743520104
1771414022923,2.3716641247879906,-1.8820337182769213,1.443170053761902
1771414022969,1.9190431198946816,-1.1591672363958987,1.5293978599701936
1771414023009,1.9561335359122887,-1.227568140103232,1.5230019276823668
1771414023052,1.952800861369927,-1.264903647965415,1.487766771214801
1771414023097,1.9311560080182266,-1.1738807029096443,1.533416976116168
1771414023142,1.9278964999952404,-1.1346951272181123,1.5586057496882815
1771414023186,1.922249967711222,-1.1219319093078217,1.5608695426725128
1771414023232,1.8939370993149656,-1.1079991748708529,1.5360128790628989
1771414023276,1.8809155209290271,-1.067309010649369,1.5487719885956028
1771414023320,1.899565550225055,-1.0792350162626372,1.5632021811891132
1771414023365,1.8640453460360578,-1.0349981399179735,1.5503044547588132
1771414023405,2.1312410171003853,-1.5782517016784376,1.4322394489470678
1771414023447,1.9263819939690248,-1.1886053624602064,1.515969946608084
1771414023489,1.8861710193728318,-1.0838175363598195,1.5436905979505346
1771414023534,1.9020389185126414,-1.0870002435274964,1.5608275106839649
1771414023580,1.874626507447564,-1.0253353733586197,1.5693667240529192
1771414023622,1.915856407217363,-1.1184875558671006,1.555471427074847
1771414023666,1.9117409357879203,-1.1306122865608612,1.541580118918538
1771414023709,1.9301228176434135,-1.2220630581274259,1.4939665234361825
1771414023755,1.9066682565968733,-1.1522978888568576,1.5190765010525933
1771414023797,1.8918260123008177,-1.092434640540952,1.544536246568586
1771414023839,1.8917358115855019,-1.0955474754676182,1.5422192158806691
1771414023881,1.9020389185126414,-1.0870002435274964,1.5608275106839649
1771414023925,1.9234521600246979,-1.1488390611523793,1.5426720401544185
1771414023964,1.9109145924574353,-1.1761095544117428,1.5061078632316405
1771414024006,1.9076957214461054,-1.135636724348822,1.5328510025224416
1771414024051,1.9254844464404168,-1.1627589483602945,1.534757955344106
1771414024098,1.9180870812038484,-1.1659459560464032,1.5230325271182286
1771414024140,1.9544153706420573,-1.2507852083203728,1.5017575715304026
1771414024186,1.9819511839256128,-1.3068476449961417,1.4900603102667276
1771414024227,1.8994889675941116,-0.9987357633388291,1.6157305508777602
1771414024272,1.914877933320483,-1.1306718715079827,1.5454250607837186
1771414024317,1.9450726873179782,-1.1632607577619989,1.5588881192700652
1771414024360,1.8871842542019888,-0.9078309601226306,1.6544809932878466
1771414024404,1.8854016376615872,-1.0133039064269818,1.5899542535924778
1771414024447,1.9016572280263773,-1.0538106929682878,1.582966593548538
1771414024491,1.9270287793494578,-1.1030545274439236,1.5800982962861911
1771414024537,1.924410975271146,-1.096050066866522,1.58178122781437
1771414024582,1.9226830750674473,-1.1579883156862014,1.5348528489353792
1771414024622,1.927663659352416,-1.0948159401978934,1.586589184595858
1771414024664,1.929048413657105,-1.1203734816328597,1.570347427764588
1771414024708,1.9237807692471105,-1.0609894638993353,1.604753503071299
1771414024750,1.9255427652319004,-1.04119332454299,1.6197627609202618
1771414024797,1.9272743785434163,-1.0993734901744698,1.582960662584992
1771414024842,1.929700867134761,-1.1174716451431463,1.5732140855337264
1771414024883,1.9746422728344084,-1.2409869146298822,1.5359568950273452
1771414024928,2.040128425363381,-1.3655103874346293,1.5157524117690848
1771414024973,2.3706379140809433,-1.8528950287821568,1.4787508688052955
1771414025014,2.233406665055333,-1.7058683171660316,1.4415681100810729
1771414025059,2.1036676057097004,-1.5458494706877657,1.4268030029708858
1771414025104,1.9058817253119997,-0.9622517747030188,1.6451312023541271
1771414025149,1.8800747681283703,-0.9974264310397866,1.593681790200346
1771414025189,1.8937278564385227,-1.030991679441558,1.5884776835616918
1771414025229,2.084896523999233,-1.4948363472671082,1.453360867325529
1771414025274,2.0900256967911064,-1.4806634330365533,1.475073968082807
1771414025317,2.0536723602306086,-1.4396957376989257,1.4645293940466697
1771414025357,2.1441708352078077,-1.5449855026070134,1.4867711213532169
1771414025396,2.320992586723123,-1.7837764502500515,1.4849741287837368
1771414025440,1.9189425867640693,-1.0430025793216156,1.6107409074165946
1771414025486,1.981023995203523,-1.2406793053024976,1.5443998611001748
1771414025527,1.9394615190602205,-1.1549710721266535,1.558060591397519
1771414025571,1.9708181381590169,-1.2492286807057118,1.5243201228740768
1771414025614,1.964040556246841,-1.2496296218403558,1.5152165240656301
1771414025656,1.9453368360944259,-1.237481087366093,1.5009916602956537
1771414025697,1.9186748989937163,-1.1593424696470809,1.5288029323955246
1771414025739,1.935659573058959,-1.1954544191111278,1.5223884900387505
1771414025781,1.9559922722601506,-1.2284456567240802,1.5221126888693788
1771414025823,1.9522806141735694,-1.1197149326697684,1.5992617253077326
1771414025868,2.0303115601713317,-1.3636046756287095,1.5042431053419756
1771414025908,2.0022292488035927,-1.264544242699975,1.5523691001237259
1771414025948,1.9690191405153843,-1.232758013223627,1.535364470263943
1771414025984,1.9080028099619317,-1.0150643018193088,1.6155863288585686
1771414026025,1.904050802813053,-1.0243109279737836,1.6050534516104185
1771414026064,1.8936055177584503,-1.1077428856836176,1.5357889034963694
1771414026102,2.0984764431569856,-1.5289055689785844,1.4373764794343424
1771414026145,2.093738353231912,-1.513638915239137,1.4465951493309959
1771414026189,1.9198038239411384,-1.1510985891941166,1.5364305257232858
1771414026233,1.9483232085051247,-1.2037150663249494,1.5320030561007463
1771414026274,1.9584789713606015,-1.2362936753651916,1.5189528727099157
1771414026319,1.9575038825002242,-1.1702042702041289,1.56921745338225
1771414026363,1.9541042570982474,-1.1352444885320352,1.5905167081383116
1771414026405,1.9100374794692563,-0.948852122075646,1.6576859845609522
1771414026446,1.9098384453594166,-0.9957081439165476,1.6297386844249409
1771414026492,1.8908838758973427,-0.9448936444408801,1.637869907173274
1771414026536,1.9020771204328237,-1.0493024391762478,1.5864620270314695
1771414026579,1.8913677140339495,-1.1015971671662097,1.5374509783994381
1771414026623,1.9006533200943752,-1.1440535391792768,1.517769594726796
1771414026669,1.8892050353465049,-1.0856789885522586,1.5460908121435601
1771414026715,2.0343902820996784,-1.4251508803451742,1.4517881347335029
1771414026756,2.1006012639012006,-1.5443508775838897,1.4239052063986533
1771414026802,2.092838894808801,-1.5543355543480795,1.4014334176527872
1771414026848,1.872525279004916,-1.008531855972226,1.5777244423541317
1771414026889,1.8461877577929917,-0.9297521018757906,1.5949828419397696
1771414026935,1.8636371104842728,-0.959584341306579,1.597604823319393
1771414026978,1.8731572631080597,-0.9627103761327046,1.6068313116257424
1771414027021,1.8591498452891413,-0.8934073706220595,1.6304175592027998
1771414027066,1.8847241754239394,-0.9434685640861686,1.6315796903641058
1771414027107,1.9092597052956888,-0.9988453530639628,1.6271387718717503
1771414027153,2.196712790132271,-1.6284527119005616,1.4743435310111457
1771414027197,1.9687581308201174,-1.3079951013012445,1.471447380181252
1771414027240,1.9140205443157894,-1.1028315324171947,1.5643648088503055
1771414027287,1.8935899740290794,-1.0331362580398584,1.5869191731360637
1771414027328,1.9451206773547378,-1.086620648506271,1.6133040679651076
1771414027368,1.9153625657215048,-1.0057691651606802,1.6300436020485018
1771414027408,1.9169702840802145,-1.0673430912955295,1.5923422356736887
1771414027454,2.038928382099142,-1.4489548544381146,1.4344890299788446
1771414027498,2.3440232225752387,-1.8541619344940092,1.4340601063572753
1771414027539,2.354069842033908,-1.8639163739359166,1.4378666739816781
1771414027583,2.3600467436958956,-1.866347872044991,1.4444951550430116
1771414027627,1.8820247661078384,-0.9735255333585158,1.610672299427255
1771414027673,1.9369370815968021,-1.2204082977828041,1.5041040006487634
1771414027719,1.8939299039732718,-1.0290454174625059,1.589979877219716
1771414027766,1.9345873358242565,-1.1362941510974813,1.565715096086529
1771414027807,1.9109143450330415,-1.060091663342693,1.589905437239706
1771414027847,2.0670260834837193,-1.4376527559944547,1.4851772227527569
1771414027887,2.0662467528175146,-1.413039592010952,1.5075459379197855
1771414027925,1.945346140015812,-1.159925540428206,1.5617119917375142
1771414027968,1.8853380852147952,-1.093652742299988,1.5357159160538472
1771414028013,1.897713205201819,-1.101375814349183,1.5454082712228623
1771414028055,1.9728898224843623,-1.370301078928243,1.419355207391889
1771414028098,1.875871708710461,-1.0103842821397526,1.5805120277762021
1771414028139,1.9198847139703088,-0.989281748995999,1.6453810914314873
1771414028184,1.9570505876248967,-1.2524585823446122,1.503793370790774
1771414028224,2.1621849679690635,-1.6015784715730057,1.4525805434141181
1771414028265,1.8857041842727298,-0.9266720330405512,1.6423030212978884
1771414028307,1.8945868084761746,-1.059406545543427,1.570705875112104
1771414028347,1.8947754016984255,-1.0564466531580694,1.5729253929899358
1771414028389,1.8755439972583037,-0.9322085538748027,1.6274681249518546
1771414028433,2.116576817745828,-1.5187841217742628,1.4741750970849559
1771414028473,2.317922381045974,-1.808133420291815,1.4503164134000763
1771414028518,2.2513739034952294,-1.7285675561612948,1.4424765707372562
1771414028560,2.122793390666993,-1.5574447705840073,1.4424345967980658
1771414028601,2.102526264952786,-1.523902302755523,1.4485642776462242
1771414028648,2.032577782484193,-1.3388728884538352,1.5293109005076908
1771414028692,1.8874692330043297,-0.9488711369072558,1.6316199530167204
1771414028737,1.884248768988502,-0.7224418784358368,1.740250314097597
1771414028780,2.076260559355339,-1.5194121003943353,1.4150069892088235
1771414028823,2.0818198703958113,-1.4542281570167424,1.4896960898500478
1771414028864,2.30188591948054,-1.7952118665931802,1.4407960092760532
1771414028909,2.0994278822722037,-1.4835984055483937,1.4854404073931118
1771414028946,1.8811438519977406,-0.9003263326141784,1.6517005438972285
1771414028982,1.9110661057254437,-1.1334898288173358,1.538627462519846
1771414029017,1.9109109543285157,-1.0611458164582648,1.5891979837596828
1771414029056,1.84490418902035,-0.9878948033878073,1.5581191623570387
1771414029098,1.8858747171687986,-1.0033621481599342,1.596805513672964
1771414029141,1.8896635973458495,-1.1167465951145317,1.5243705433503227
1771414029185,1.8703466631446772,-0.9141697703055356,1.6317139061109802
1771414029230,2.390947563263799,-1.8925454001327224,1.4611304386376909
1771414029274,2.3695581948857303,-1.871987046458113,1.4527458610655724
1771414029316,1.9371676942830847,-1.2145370652797167,1.50914492108471
1771414029363,1.8834228782947005,-0.9948075473715657,1.599262230585236
1771414029405,1.9180605175580034,-1.166247878535791,1.522767886063284
1771414029451,1.9329279460674924,-1.1118655900884473,1.5811278741031554
1771414029491,1.9340658522764256,-1.2526910390494117,1.4735589169174885
1771414029536,2.346946176151801,-1.828657153410874,1.4711116099850485
1771414029579,2.3295682145657115,-1.8213374081246683,1.4524524474421159
1771414029624,2.224754302486728,-1.6850736426608233,1.4526040497131323
1771414029669,1.9124005536734348,-1.1593156660136081,1.5209415058528333
1771414029711,1.9162180870143664,-1.1511685055500942,1.5318951755360288
1771414029754,1.9186748989937163,-1.1593424696470809,1.5288029323955246
1771414029799,1.8815836084369382,-1.055854448010026,1.5574107551176126
1771414029844,1.848747532070551,-0.9411197803038662,1.5912765304804053
1771414029888,1.8345966672674616,-0.9904238747003684,1.5442815416796207
1771414029932,2.355828698972422,-1.8757446689554784,1.4253107716519917
1771414029975,1.9848495452683281,-1.3861542726781317,1.4206350867439703
1771414030020,1.9801084324504334,-1.3690551284877341,1.4305654334642461
1771414030066,1.9631390119516752,-1.2988303579655325,1.4720579069702815
1771414030108,1.9393229189251993,-1.2297449294545135,1.4995668682487848
1771414030148,1.9479276008257247,-1.244212825534172,1.4987849688447423
1771414030190,1.9443552424362902,-1.244698577959684,1.4937345007780416
1771414030232,1.9487576981173147,-1.2721560703152919,1.476236938547281
1771414030273,2.155383390304985,-1.604196968079121,1.4395241042818165
1771414030318,2.368707416397548,-1.8754270113869733,1.4469099313560858
1771414030362,2.3408559922994847,-1.8468536742392165,1.4383109130620932
1771414030407,1.9161771008054322,-1.1147228362657569,1.5585659049134684
1771414030452,1.9143917542581785,-1.100522635243959,1.5664436530202412
1771414030494,1.9118191894662961,-1.0058330728698395,1.625838996559248
1771414030539,1.8666248516228272,-0.9609200332148645,1.6002877948863714
1771414030580,2.025390209092139,-1.3841244139472646,1.4786497576510265
1771414030623,2.325330857723361,-1.8362197921584147,1.4266956482607525
1771414030663,2.1192054113562655,-1.5270411196096643,1.4694138268516943
1771414030704,1.9215445039188968,-1.1301866377595684,1.5540307089535397
1771414030749,1.98759720029431,-1.2832482071263587,1.5178328859017272
1771414030793,2.0795585164788246,-1.4470738750282697,1.493499522487462
1771414030835,1.861748626857137,-0.8136410413459482,1.6745435812309921
1771414030881,1.8984887367404308,-1.0514760254708049,1.5807142851857816
1771414030921,1.8985542264648378,-1.0532308177134209,1.5796243209846503
1771414030961,1.8969253062320464,-1.1117826242871771,1.5369661719623695
1771414030996,1.9420603122654698,-1.1573491264944291,1.5595323837225172
1771414031036,1.9308494536416863,-1.0559288672100557,1.616537608600829
1771414031079,1.89259412684652,-1.0825297152544455,1.5524309790019881
1771414031123,2.2007057104868344,-1.6208889474954074,1.488564625421615
1771414031168,2.3233841057216975,-1.8222424930949284,1.4413694873554774
1771414031212,2.35256053028494,-1.8328492577542854,1.4748575005756057
1771414031256,2.1150288521912923,-1.5723246838999436,1.414617310087982
1771414031301,2.0736768857687777,-1.4349179696657501,1.4970458399467996
1771414031341,2.299503019663024,-1.7903893326089133,1.442990012134379
1771414031383,2.161035367314095,-1.5846527953987082,1.4693363729307956
1771414031430,2.016365176911891,-1.404271845771646,1.4469793052549211
1771414031476,1.9442331399317705,-1.2143175406479743,1.5183792058914687
1771414031518,2.406032622986232,-1.908326284872295,1.4653613115336135
1771414031559,1.93768622316632,-1.1343686037202,1.5709346804824325
1771414031600,1.8769400092502657,-0.9492652672273464,1.6191971006521049
1771414031642,1.9602226745097553,-1.2533522713892526,1.5071765050801378
1771414031687,1.872208041185559,-0.9693454831010977,1.6017279056916527
1771414031730,1.8834098417084562,-1.0757876154435304,1.5459345517526268
1771414031775,1.8955839435115247,-1.0475767688032782,1.579816888238123
1771414031815,1.896558159364969,-1.0726571261902944,1.5640778565937878
1771414031856,1.9146937842644447,-1.095401038546296,1.5703976732829796
1771414031903,1.9317664069674256,-1.125145561481269,1.570276700638087
1771414031948,2.3380095319990346,-1.8461724974000875,1.4345506897847382
1771414031991,2.341303710985531,-1.8460082256440453,1.4401238481218002
1771414032036,2.3386460047258057,-1.8360275663334833,1.448539923883191
1771414032081,2.1351107415765167,-1.4966379970173314,1.5227516490483186
1771414032123,2.1161187477193235,-1.5230614600844603,1.4690957570065304
1771414032163,1.903202113791229,-0.8228829635144996,1.7161124422068028
1771414032207,1.8968005836794848,-1.0704295525404164,1.5658968763283738
1771414032253,1.8716457254137973,-0.8567197090645599,1.6640580102749047
1771414032293,1.8673964025289118,-1.034145191181183,1.5548996905700239
1771414032338,1.8939181902412319,-1.0668019890276306,1.564883263228703
1771414032382,2.0823019332082477,-1.49303652418927,1.4514900201102412
1771414032426,2.225936461052048,-1.7143911639362728,1.4197380271226616
1771414032470,2.254449534750068,-1.7297600756726044,1.4458467364641052
1771414032514,2.3452668409216906,-1.871989971539226,1.4127739032072237
1771414032558,1.8868136284461605,-1.0346784879116646,1.577816876301872
1771414032599,1.8962148321452335,-1.1546847190878209,1.5041056775215815
1771414032638,1.8898503464574532,-1.1551101613495522,1.4957455823609735
1771414032680,1.895469561007362,-1.090459911745979,1.5503877055692854
1771414032723,1.8687059530737917,-1.0955016641733968,1.5139148069976547
1771414032767,1.8819613553193166,-1.1284131866635012,1.50614150167879
1771414032812,1.8725321915225432,-1.0831731478797906,1.5274530238277066
1771414032856,1.8815836084369382,-1.055854448010026,1.5574107551176126
1771414032898,1.8981488704196958,-1.1690502542705175,1.4954232301477752
1771414032939,1.9133659704365102,-1.1474885128771712,1.531090934477566
1771414032984,1.9026653126874793,-1.1166853162148191,1.5405029038123728
1771414033030,1.8882857490748157,-1.0916933439045093,1.540723438204803
1771414033073,1.891294216169396,-1.0565728118692492,1.5686451814653681
1771414033118,1.8731374306856838,-1.0393886862411184,1.5583051668879646
1771414033159,1.8584266084112315,-1.1360204702526846,1.4707844675606765
1771414033203,1.8322395951316122,-0.980518309659704,1.5478003031367227
1771414033246,1.8567895637064304,-1.1494706180333534,1.4582128727202819
1771414033289,1.836321929436469,-1.1260792419874242,1.4505253425205313
1771414033331,1.7917628287660832,-1.1030312173040813,1.4119972266971748
1771414033376,1.803208071761506,-1.0129548682519334,1.4918048749587047
1771414033415,1.7829029581796882,-1.0154808942940763,1.465449252485253
1771414033456,1.8450593437730551,-1.019916170944786,1.5375353609883524
1771414033502,1.8664933413703073,-1.0013576117307394,1.5751445415607432
1771414033546,2.0197238024618045,-0.7127738582020254,1.8897718553557117
1771414033589,1.828990676568004,-0.817652681310809,1.63604736719874
1771414033628,1.8699850699621607,-0.8280778427566474,1.6766428505250854
1771414033672,2.3366508348520907,-1.8226573258503673,1.4621413736499493
1771414033713,2.1096701885125952,-1.5571077504252178,1.4234197405770679
1771414033753,2.0733284899166677,-1.5838251315623422,1.3379794392036293
1771414033794,2.16367297562255,-1.652881615575792,1.3962317538041098
1771414033839,2.188411838706214,-1.6793798807113633,1.403149882247581
1771414033885,1.8578422626589342,-1.2145991957715678,1.4058188597940804
1771414033926,1.8880805860275727,-1.1346388474098776,1.5091199373418291
1771414033971,1.913761273163186,-1.1836514436128531,1.503812312322381
1771414034016,1.8844175462881947,-1.140566396638394,1.5000459271696085
1771414034058,1.8974235132468014,-1.1803845653614473,1.485566648278798
1771414034098,1.8490196285252771,-1.164530722892173,1.4362248368942747
1771414034141,1.864694479658087,-1.2126390001049596,1.4165423247795272
1771414034181,1.8592398942334127,-1.1632141395107625,1.4504157507250492
1771414034225,1.794047039067511,-1.3363507562375603,1.1969843084561316
1771414034270,1.8362219540905353,-1.2308355446910704,1.362627948711276
1771414034316,1.864779623009714,-1.1701200929876652,1.4519717663848666
1771414034358,1.8469904043082346,-1.2878192070271388,1.323969502525903
1771414034397,2.0189097486445005,-0.7335140083040002,1.8809449148748616
1771414034441,2.06489037250535,-0.7115243451276607,1.9384285792249183
1771414034488,1.8434167955241298,-1.3179248574613067,1.2888985810008662
1771414034530,1.8709508586677508,-1.2144634388126414,1.423213150352739
1771414034572,1.8722166788231258,-1.2711526662075012,1.3745421752922158
1771414034613,1.8641867944661723,-1.2517656909140848,1.381403293651947
1771414034658,1.8871255754032852,-1.145829699807522,1.4994389738766243
1771414034703,1.9014139153672533,-1.1377317322648748,1.52346361392381
1771414034747,1.9121322959852494,-1.1275939801271175,1.5442738530878863
1771414034790,1.9044064532449363,-1.1010391285323609,1.553858673303868
1771414034837,1.9290743673116402,-1.0387003682118325,1.6255551235486936
1771414034880,1.9280932471027514,-0.9213478282058698,1.693712416257128
1771414034925,1.8797089507333296,-1.0401504644380946,1.5656924189623616
1771414034971,1.9112297733899213,-1.0991682622533787,1.563530740966412
1771414035015,1.9334640653798467,-0.9835221484040595,1.6646223222442462
1771414035059,1.9408745993582803,-1.0132299119047488,1.6554030796321664
1771414035104,1.941243314198991,-1.0045406136758455,1.6611212359120686
1771414035145,1.955615674769758,-1.0334287728146958,1.660258304880264
1771414035186,1.9162619675586514,-1.076278696956001,1.5854602154549469
1771414035229,2.0492708826165598,-0.7097507892468957,1.9224372467010364
1771414035273,1.9440279414705137,-1.133942182860032,1.5790566054289215
1771414035318,1.949494441347569,-1.071173115181398,1.628839075586551
1771414035362,2.37164940451658,-1.8817585185560073,1.4435046850584683
1771414035409,2.0830495985830884,-0.8311483966408982,1.9100492069364154
1771414035452,2.06061774360443,-0.6740253541742819,1.9472635433314223
1771414035494,1.8744298290803745,-1.1059247918698063,1.513412547481356
1771414035541,2.041729015211541,-0.620027906399197,1.945307884845717
1771414035584,2.197853244981616,-0.2373014395509154,2.1850050144709696
1771414035629,2.2637426526833546,-1.3711449838331577,1.801247409682257
1771414035674,2.0150913698687014,-0.7893562552687555,1.854052300014055
1771414035720,1.8564822870365647,-1.1908883619763202,1.4241879761428513
1771414035763,1.9277944514310532,-1.05487771077359,1.6135750562900462
1771414035806,1.9589976105563969,-0.9890553578173895,1.69098821324644
1771414035849,1.9409620130517096,-1.0989892359296554,1.5998613050575656
1771414035893,2.393665515357232,-1.862846302473932,1.503142791876275
1771414035933,2.3231869805173737,-1.8240393890902094,1.4387765822019927
1771414035968,2.30304695824951,-1.7866234330537163,1.4532728581947965
1771414036004,2.2693909983930647,-1.749832715979033,1.4450678079858095
1771414036041,2.3609634879791823,-1.8468853215281493,1.4707695947002344
1771414036076,1.9423988115575017,-1.2700041610512283,1.4696947213801106
1771414036111,1.8535815805244837,-1.0749578551390955,1.5100431402229537
1771414036150,1.9011325617425978,-1.1705497291781546,1.4980381666829858
1771414036188,1.8812622654041278,-1.1754667306156024,1.4688177819080686
1771414036233,1.8708984722982842,-1.1418390529366094,1.4820474590366128
1771414036272,1.8682082006194216,-1.1324217707554558,1.4858744273930873
1771414036318,1.8934907929306428,-1.1454246798437533,1.5077498750515452
1771414036361,1.8739404146137375,-1.071084376122323,1.5376706203700974
1771414036405,1.9223323324228097,-1.0400599116273037,1.6166746662528997
1771414036447,1.8986694372693727,-1.0131315412973743,1.6057739915844955
1771414036490,1.8678816580491509,-0.9844137439601318,1.5874229018062078
1771414036538,1.849888023744464,-1.0849148806386935,1.4983475571982383
1771414036583,1.8885626500813895,-1.0529920110716626,1.5677616872157887
1771414036627,1.9051722613890072,-1.2041766139706578,1.4763603990666592
1771414036673,1.9016058813370134,-1.1339844887428496,1.5264940573831716
1771414036718,1.9262821350201715,-0.9899594251565239,1.6524355358807905
1771414036762,1.8892050353465049,-1.0856789885522586,1.5460908121435601
1771414036808,1.8834098417084562,-1.0757876154435304,1.5459345517526268
1771414036853,1.8839472244780238,-1.0686301696152873,1.551543330109234
1771414036899,1.890108434313563,-1.111556068452544,1.5287095865956986
1771414036943,1.8824314679047,-1.0075106224942907,1.5901165293521762
1771414036987,1.8370234650905441,-0.9611258167976406,1.565532617219564
1771414037029,1.8217588205981188,-1.1003336682766773,1.45191977012638
1771414037073,2.1333333587524024,-0.14739228326710377,2.1282355918457703
1771414037116,2.3901243685893268,-1.034514476905873,2.15464017747667
1771414037160,2.791631545502832,-1.4352372260700677,2.3944312040125997
1771414037204,2.1754805781659785,-0.3750894384729559,2.1429007581135022
1771414037251,2.1432672205285,-0.4527452462912487,2.0949024131335183
1771414037296,1.974901198575042,-0.900074583586827,1.7578681657377317
1771414037339,1.8732371123094596,-0.9999827924247403,1.5839986407152948
1771414037380,1.8474906299839566,-1.031941810995968,1.5324221763590082
1771414037424,1.877100447263473,-1.0711424263197382,1.5414798057887733
1771414037468,1.8761582521394906,-0.9641935350494482,1.6094410874710379
1771414037515,1.861369133469692,-1.1387444274627203,1.4723981051184198
1771414037555,1.8794538252239876,-1.0473453528343015,1.5605814278804782
1771414037602,1.905479935053798,-1.1613992867217584,1.510630821774406
1771414037647,1.8748714081527984,-1.1760521997832878,1.4601520538949864
1771414037690,1.899492663390047,-1.2276905132713491,1.449430364624719
1771414037734,1.8935683206968197,-1.144701467348362,1.5083963457251814
1771414037778,1.8606278854828613,-1.0297950236061362,1.5496639434382091
1771414037823,1.8695411801260051,-1.085616801609307,1.5220448036278413
1771414037866,1.8621106111475025,-1.0535278381955033,1.5354266580645377
1771414037907,1.8440183959478142,-1.0756530656606107,1.497789814002245
1771414037954,1.8542887034172366,-1.1426831757799198,1.4603635695984385
1771414037995,1.8639354764568437,-1.144492486184343,1.471187414798666
1771414038040,1.9099917893785132,-1.1503509681438397,1.524716788647605
1771414038081,1.9674885095537944,-1.2865762207895135,1.4885337293206307
1771414038123,2.06043552328104,-1.4741454819005626,1.4395449433034628
1771414038165,2.0409906075834443,-1.3913344081461607,1.4932619411718793
1771414038205,2.364434437550722,-1.8494383815531064,1.47313539171185
1771414038250,2.1146382056908384,-1.5039143253976226,1.4865854979889932
1771414038292,2.118506582381898,-1.531913805846931,1.4633216430610871
1771414038338,2.346249933109853,-1.870606990328441,1.4162338212146897
1771414038381,2.0837634773094735,-1.4725971793754693,1.474288905426708
1771414038426,1.9625706932218239,-1.3058741211676457,1.4650517074689955
1771414038471,2.347251927353926,-1.8180499875752614,1.4846837552638315
1771414038513,2.1609439169896367,-1.616255608092598,1.4343627231923386
1771414038551,2.2596812324773445,-1.750881338871392,1.4284865451246826
1771414038588,2.3465376040347112,-1.8283924458925433,1.47078883288936
1771414038630,2.3187912752375395,-1.795186701950361,1.4676844631113055
1771414038676,1.990400290871487,-1.365303121829999,1.44832341119743
1771414038717,2.2022547398427217,-1.6405092669137773,1.469236292884761
1771414038761,2.204524087176218,-1.6555174950471137,1.4557432034988405
1771414038808,2.081473156710458,-1.4619460579077008,1.481635658950719
1771414038849,2.0363304321116344,-1.4069707680607386,1.4720988032623796
1771414038889,2.3654208420338447,-1.8391467674853792,1.4875331685633713
1771414038933,2.1452038351079925,-1.5739198806105341,1.4576267367131277
1771414038974,2.079425135691017,-1.518759814303826,1.4203441559704508
1771414039015,2.160479315419836,-1.6187760532282744,1.430816187304174
1771414039059,2.0792730307952905,-1.5207018227319131,1.4180417141016939
1771414039103,2.084785196587685,-1.4997597730194008,1.4481194491974572
1771414039146,2.133723510915066,-1.5494917168235216,1.4669190299832544
1771414039190,2.1452618746586696,-1.5720068305638932,1.459774994827796
1771414039232,2.0853504969557872,-1.5278382835593267,1.419294498842379
1771414039276,1.8739232291569388,-0.9534348334504861,1.6132421663027572
1771414039316,2.0575126761982694,-1.4306764794912143,1.4786896982623465
1771414039358,1.9090779500702624,-1.0007182394252385,1.6257741616614918
1771414039403,1.9506707559184648,-1.0958847557545417,1.6137388264834938
1771414039446,2.1246246653441596,-1.5736933827213593,1.42741693480489
1771414039489,1.8907224321257925,-1.0290664725741332,1.5861442274798034
1771414039531,2.145387745493213,-1.5659275590548867,1.4664785911512161
1771414039572,2.2163243965961694,-1.6701437914229453,1.4569535157028048
1771414039615,2.438285884358862,-1.9601979868787203,1.4501247898371683
1771414039658,2.3441486276757617,-1.850079357214364,1.4395274087850647
1771414039702,2.2018321731417796,-1.642690098905567,1.4661630733448
1771414039742,2.0973856261864663,-1.5101024491502302,1.4555469961509564
1771414039783,2.0733116733343504,-1.512805982159721,1.417758567290724
1771414039827,2.066020224952279,-1.4839602694933807,1.4374635607475406
1771414039868,2.0242325402230037,-1.395636637388126,1.466190899329838
1771414039909,1.9229964285962082,-1.1908482897523358,1.5098992069630703
1771414039949,2.2075819024564156,-1.6574054041760515,1.458226725259521
1771414039988,1.9607533576335956,-1.2149127015946293,1.539006451245562
1771414040032,1.9104189782359708,-1.1041150655664091,1.5590479769376744
1771414040075,1.9207457839078852,-1.1766070513317237,1.5181766080256878
1771414040117,1.8829048783314308,-1.0397016536375665,1.5698252298480904
1771414040163,1.8731726318167505,-1.042869965703084,1.5560199045069252
1771414040205,2.097835143232307,-1.5396650684789968,1.4249013176659213
1771414040247,2.065824779619957,-1.4513408896444437,1.470116200216132
1771414040291,2.3717008612398094,-1.8837688050855836,1.44096497674027
1771414040331,2.0832335537026236,-1.4446334321227317,1.500965118204204
1771414040372,2.280260056381759,-1.7409122471187366,1.4726881789985733
1771414040412,2.3848551098418906,-1.8493954584683439,1.5057457730758006
1771414040455,2.3526537519433277,-1.831632218547155,1.4765172171407435
1771414040495,2.1302971767612275,-1.5084861714453643,1.5042059472941076
1771414040541,1.8952805339979906,-0.8830943063767366,1.6769713022579424
1771414040584,1.9347843463070395,-1.1320776395575967,1.569009459731986
1771414040625,1.909735540313448,-1.03878896364504,1.602500334772371
1771414040671,1.990913327818545,-1.3217663978309926,1.4888483698652442
1771414040717,1.9447501692994527,-1.2046487082902675,1.526720246346671
1771414040758,1.9282922227201666,-1.2057642164109472,1.504806815051678
1771414040804,1.936809396010916,-1.1825207283174037,1.5339085251656457
1771414040846,1.9405611103861635,-1.0561940116725164,1.6279532035197746
1771414040893,1.914458247145025,-1.0976352192778214,1.5685494271659184
1771414040931,1.9234458508407268,-1.0303150171511484,1.6242213231420268
1771414040968,1.9258880164943364,-1.0390253583434825,1.621564354811639
1771414041002,1.9156196259216467,-1.1214513224302163,1.5530439409867671
1771414041037,1.8556139320862297,-0.7613105479744728,1.6922497789910704
1771414041075,2.103467054807427,-1.5455192345271194,1.426865076440985
1771414041116,2.3498362376861635,-1.8623495531297665,1.4329635326484842
1771414041155,2.2563377503326274,-1.7134642017448798,1.4680260464020671
1771414041200,2.397930884421778,-1.890987767992412,1.4745296835828319
1771414041241,1.8924898524104092,-1.0033556163664619,1.6046168852976246
1771414041287,1.9421775948192572,-1.1180291668293107,1.5881009388376017
1771414041330,2.0077441172324573,-1.3623014133153355,1.4748461952219216
1771414041371,1.987773250641505,-1.3598568465468515,1.449838560966547
1771414041414,2.329067096365036,-1.8353605225856366,1.4338777114888284
1771414041456,2.275093050805767,-1.764985153839548,1.4355750752052925
1771414041501,2.0661009342033,-1.4827379061978625,1.438840287120057
1771414041540,2.1523795407457924,-1.636287599206873,1.3983206285050922
1771414041585,2.106938838588483,-1.513072499869154,1.4662206108537335
1771414041628,2.0536304486266492,-1.4016317117917616,1.5009418922883684
1771414041673,2.2915208681000645,-1.7640821857213123,1.4625600606329952
1771414041712,2.2447495942750932,-1.691846759270044,1.4753153168545516
1771414041754,2.363159332621086,-1.8594163993667228,1.4584555821553935
1771414041799,1.9246364580679705,-1.1312308645855411,1.5570941611647868
1771414041844,1.9300848917152034,-1.1454560632070263,1.5534342910112255
1771414041887,1.883524905955962,-1.0335576240889164,1.5746189091472544
1771414041928,1.842328299384024,-0.9808762682341742,1.5595048281830455
1771414041975,1.9584279820698922,-1.2002556182138813,1.5475227338880564
1771414042020,1.9857946875004229,-1.2677326564765248,1.528474550853849
1771414042061,2.0974310291368923,-1.466052230840252,1.4999692591631881
1771414042106,1.9447501692994527,-1.2046487082902675,1.526720246346671
1771414042147,1.8542840825213394,-0.9504160034193337,1.5921931035952976
1771414042191,1.8918027793749828,-0.9727681481549479,1.6225411815994388
1771414042237,1.9042521063103024,-1.0610740304320094,1.5812330588278234
1771414042281,2.3744863159067235,-1.8847505953232655,1.4442646772170544
1771414042323,1.9364316338554646,-1.2268430636089156,1.4982067847499672
1771414042364,1.9236862900739644,-1.182721805152995,1.5171480067001286
1771414042409,1.952933204863447,-1.1864717284395812,1.5512037068908155
1771414042456,1.9155126206067867,-1.0893147489505615,1.5756211401928621
1771414042496,1.8498087397866814,-0.7977907789692569,1.6689284726383022
1771414042540,1.9899103299686887,-1.2934989159455115,1.5121520015408112
1771414042581,2.1086545457076937,-1.4959654428661058,1.4861061156203266
1771414042624,1.974939542170417,-1.3134549770609873,1.4748634575654853
1771414042665,2.1035716734469534,-1.5148597008353788,1.4595252214721615
1771414042708,1.9944731860609979,-1.3946644765805771,1.4257749779262268
1771414042754,1.897749178827729,-0.9414485633356552,1.6477641057914056
1771414042798,2.0005167542194418,-1.4010896229734442,1.4279408784360863
1771414042840,2.1071283248346453,-1.5132900910543634,1.4662683511680719
1771414042885,2.0939574747076706,-1.5110433911150256,1.4496226322914967
1771414042929,1.8329861736044357,-0.7643763096161467,1.6660033523143436
1771414042970,2.3494730002135764,-1.8401078796678938,1.4608307122718611
1771414043005,2.2265477716450337,-1.7041694743737787,1.4329415138204569
1771414043039,1.9940472885561078,-1.395755644075806,1.4241105192464862
1771414043074,1.9123032427199795,-1.1637162069695912,1.5174545402593305
1771414043112,2.325368855385901,-1.7970641732245707,1.4757712122518938
1771414043155,1.8945591686431282,-1.1371927345716002,1.515304302088299
1771414043195,1.9791844806323964,-1.2660493187066952,1.5212791758840458
1771414043240,1.9498572724524106,-1.185483989547219,1.5480862680945022
1771414043286,1.8891785691201186,-1.0821813289435753,1.5485087139918379
1771414043333,1.9678616896620764,-1.1678889473104686,1.5838292320795597
1771414043375,1.9450675145216716,-1.2040975259268871,1.5275590934900891
1771414043419,1.9565143795241386,-1.186125591701598,1.5559738423235974
1771414043465,1.8939299039732718,-1.0290454174625059,1.589979877219716
1771414043506,1.9224978156172987,-1.0419998926111285,1.615621884864055
1771414043552,1.9417173799883876,-1.2062546308622248,1.5215834348705317
1771414043598,1.94427176691732,-1.2133463159247557,1.5192048648104115
1771414043643,1.9445264354919363,-1.170075636174451,1.5530956390248247
1771414043686,1.9401566833458694,-1.1053360017523695,1.5945031449206144
1771414043731,2.0020805618948585,-1.2711897019394882,1.5467395766580188
1771414043773,2.3587616727742966,-1.8370664005598623,1.479507914437442
1771414043813,1.8573522831579505,-0.7418730723967166,1.7027571313034364
1771414043856,1.8682386760667264,-0.8574057326389701,1.6598708264167383
1771414043901,1.9237174903231877,-1.1784066238032935,1.5205416178296034
1771414043943,1.9890131968409852,-1.3071423353694107,1.4991839154328592
1771414043984,2.0216920210336125,-1.4261566784982387,1.4329395508135867
1771414044028,2.059402943354122,-1.484833719888254,1.4270281382574173
1771414044072,2.0693136495811864,-1.4838856027118354,1.4422699117736397
1771414044112,2.0490649347055467,-1.4854423014152247,1.4114277437425153
1771414044156,2.0713932325463484,-1.4636094311796157,1.4657821655351428
1771414044199,2.3461224454432537,-1.8375648732506336,1.458645215810896
1771414044240,2.0648994951634583,-1.5306414586224308,1.3859821969536632
1771414044287,1.9922087932959653,-1.2703226102643304,1.5346583795545459
1771414044327,1.939266236352256,-1.0731266962772599,1.6152871661698105
1771414044372,1.8776548992519766,-0.9885298109475115,1.5963698611390242
1771414044412,1.9536728029815882,-1.218912549459166,1.5267906267333748
1771414044457,1.8321195667161043,-0.8617120489048641,1.6168223314626091
1771414044502,1.9271704780047714,-1.219649385972114,1.4921264780811927
1771414044547,1.9257217110439138,-1.1591955661819398,1.537748271899543
1771414044590,1.9998209392699131,-1.2603573382295057,1.5526696909238078
1771414044632,1.950829844425981,-1.2114938092448224,1.5290584789551274
1771414044672,2.4129331782701238,-1.9087364260563213,1.4761340652672783
1771414044713,2.0934726294926707,-1.547950584822236,1.409424221937261
1771414044757,2.041920586824243,-1.454818793254045,1.432809115580825
1771414044801,1.984834414901304,-1.3837186063785596,1.4229864626686997
1771414044843,1.9285020309715553,-1.130830338091688,1.5621596685079449
1771414044884,1.911977439969273,-1.1267878410711458,1.5446704801237323
1771414044927,1.9450675145216716,-1.2040975259268871,1.5275590934900891
1771414044967,1.9261332370044295,-1.2337040055243054,1.4791766877038208
1771414045007,1.9198451117771995,-1.0704289463863355,1.5937337054705996
1771414045048,1.8887439039585168,-0.9320412792187348,1.6427576171099507
1771414045093,1.8723791443286069,-0.8422081696496639,1.6722706297403207
1771414045137,1.8703466631446772,-0.9141697703055356,1.6317139061109802
1771414045181,1.953972958247283,-1.179004385617015,1.5581909319006715
1771414045222,1.8677903113150698,-0.9474001305232099,1.609681223014995
1771414045264,2.3375775190955888,-1.8215055834199594,1.4650549707608247
1771414045308,1.8701719008012176,-1.0411895283618826,1.5535338118547661
1771414045353,1.8796827317626779,-0.9193662687825748,1.6395038383339058
1771414045398,2.0921899266544526,-1.5263195703691643,1.4309462807186204
1771414045442,1.8860068202834919,-0.9627239697642225,1.6217842902794637
1771414045484,2.08502325427121,-1.5336208372592106,1.4125611839407402
1771414045527,2.3511221925395454,-1.8108330953522536,1.499552955059919
1771414045572,1.8708582197109394,-0.9475157478777171,1.6131721500768963
1771414045617,1.8854016376615872,-1.0133039064269818,1.5899542535924778
1771414045657,1.9137696397781736,-1.0637768893227808,1.5908780480852165
1771414045702,1.8879363871120771,-1.0586754825811189,1.5631730628319558
1771414045748,1.8691679871912406,-0.9686550702403153,1.598591980224561
1771414045789,2.3239446446064145,-1.8128676325267763,1.4540390841141775
1771414045834,1.8658580730868108,-0.9709426617602959,1.5933288099061846
1771414045879,1.8904414838357435,-1.032819386356933,1.5833676512334007
1771414045919,1.874377185043569,-0.9867180817118021,1.5936364889882624
1771414045960,1.868397262666582,-0.9778955549948645,1.5920516997451002
1771414045999,1.872617754267286,-0.844606136233486,1.6713281330228948
1771414046035,1.8793959245950846,-0.9227800653620563,1.6372556282862527
1771414046074,1.8579301916000037,-0.9437152842181903,1.6004080914541163
1771414046115,2.161832477129432,-1.610680656457878,1.4419526629137294
1771414046158,1.901204234318583,-1.0207535682811708,1.6039450406520066
1771414046201,1.847833666929537,-0.7873412877708607,1.6717006182955074
1771414046247,1.884060760144534,-0.9076724278562346,1.6510044553622405
1771414046292,1.8910402347347708,-1.0592926123920454,1.566503217589218
1771414046331,2.0900188792487975,-1.512212033174042,1.4427036016937191
1771414046371,1.8777979551815234,-0.8577483320015218,1.6704469340366719
1771414046417,1.8805257050220496,-1.030387086085391,1.5731113692542986
1771414046456,1.9190431198946816,-1.1591672363958987,1.5293978599701936
1771414046501,1.8680374888468518,-0.9880489728197034,1.5853464249327909
1771414046546,1.9002525414818696,-1.0716319976256277,1.5692560603907864
1771414046591,1.904217363174889,-1.1059786751758796,1.5501144913434406
1771414046634,1.881148105334221,-0.9841105063197693,1.6031982739366881
1771414046679,1.9251415801862124,-1.0899885416223434,1.5868506807175853
1771414046725,1.8423928587545781,-1.013456797031469,1.5386087113170077
1771414046771,1.8620817135086447,-0.974211410442335,1.5869027807484763
1771414046814,1.8708239211897029,-1.0292480878367172,1.562251745968004
1771414046855,1.8757182097967373,-1.0087277156885184,1.581387744408341
1771414046897,2.065230235964268,-1.4598174719440133,1.4608589514898471
1771414046940,1.8822461849136742,-0.9308247585701185,1.635975540604126
1771414046982,2.0905241098671263,-1.5082189052457666,1.4476072629670667
1771414047024,1.8568272346538572,-0.9664701820538685,1.5854787184169497
1771414047064,1.8673419820811248,-0.8679649538822665,1.653361096940054
1771414047105,1.8794140281672576,-0.9621651223050858,1.6144458388845122
1771414047148,1.8670690605015676,-0.916305689537237,1.6267546711178962
1771414047192,1.8837703086281419,-1.0334589456262315,1.574977200906122
1771414047231,1.884771599920513,-1.0220996168855723,1.583564446755893
1771414047272,1.8659749452918752,-0.8449002865899723,1.6637325512765564
1771414047317,1.8850944927255209,-0.9750350185204562,1.613346819243433
1771414047358,1.875344469324332,-0.973971593785468,1.602590469559942
1771414047398,1.866539942745076,-0.8786142013374518,1.6468176714715395
1771414047443,1.8824050568324528,-0.8838590772313781,1.6619993771310766
1771414047484,1.8887362581682734,-0.9719231317987537,1.6194721605492306
1771414047528,1.8786709247430027,-1.0144526287379803,1.5812306307181536
1771414047573,1.8995589817203982,-1.1162070276364333,1.5370121003068502
1771414047619,1.9059420935999976,-0.961054755435573,1.6459006717329612
1771414047662,1.8878772159813195,-0.9389297852379981,1.6378312614595878
1771414047706,1.8906355582596577,-1.0259591892762467,1.5880524412296446
1771414047748,1.8652591297316423,-0.8553053122810924,1.6576020161157463
1771414047791,2.0740695171163823,-1.5098218380997797,1.4220416235217537
1771414047835,1.9080535298663974,-1.05749611318189,1.5881971676844202
1771414047881,2.0528094301300857,-1.4453045282766073,1.4577796050755207
1771414047924,1.891294216169396,-1.0565728118692492,1.5686451814653681
1771414047966,1.8969245904011849,-0.9914326757881123,1.6172149365648114
1771414048006,1.8880511311822508,-0.9765934775791321,1.615859602041116
1771414048048,1.864493711759505,-0.8643780302855634,1.6520252485813849
1771414048089,1.8910652516184923,-0.9432198993627182,1.6390436258150956
1771414048135,1.9109143450330415,-1.060091663342693,1.589905437239706
1771414048181,1.8924898524104092,-1.0033556163664619,1.6046168852976246
1771414048224,1.8865668534143551,-0.9946252830286195,1.6030767413826388
1771414048264,1.8908808988792696,-0.988668370138338,1.611820532079945
1771414048305,1.8850944927255209,-0.9750350185204562,1.613346819243433
1771414048350,1.881148105334221,-0.9841105063197693,1.6031982739366881
1771414048391,1.8795031502275898,-0.9214916695341139,1.6381041464738026
1771414048431,1.8591767155020829,-0.9763831456251286,1.5821548635972054
1771414048475,1.881556216685256,-1.013479205365326,1.5852803212173552
1771414048521,1.8875265416122522,-1.0635482760090815,1.5593657396162133
1771414048564,1.8739232291569388,-0.9534348334504861,1.6132421663027572
1771414048610,1.882708585474014,-1.046207659599505,1.5652607293396488
1771414048654,1.8812144985080095,-1.063654113817045,1.5516468398307712
1771414048697,1.8734202265728737,-0.9195166812129348,1.6322354052965238
1771414048741,1.8759770952910428,-0.9726438697539984,1.6041365168484212
1771414048786,1.8581791198540447,-0.9010786313490374,1.6250805954129468
1771414048826,2.3250581891833413,-1.8009785266847353,1.470500571067212
1771414048867,2.1011870588397614,-1.538239758219761,1.4313649089130618
1771414048913,2.071491373236805,-1.4228338478997895,1.5055299235369526
1771414048954,1.9112168594888197,-1.0136941628654055,1.6202388799701455
1771414048996,1.8996267834524763,-1.0359811230867142,1.5922704007228143
1771414049042,1.8945208171170627,-1.0213852895455016,1.5956131162628222
1771414049087,1.8901018439421806,-1.075519475439707,1.5542660127608556
1771414049132,1.8929504724066555,-1.0407084759210956,1.5811980771334662
1771414049177,1.8813402525641945,-0.9819031104380931,1.6047764416361257
1771414049222,1.9050063881097767,-1.0931833476422728,1.5601280419172945
1771414049269,1.8823130782165636,-1.008682679329984,1.589233078199922
1771414049311,2.080022882060478,-1.4808421722506497,1.4606853359910044
1771414049356,1.8402867176953674,-0.8368655899914589,1.6389970065909931
1771414049402,1.8973528848693362,-0.9423974137516689,1.6467650361469781
1771414049447,1.8732279599250967,-0.8359885226394275,1.6763371319219433
1771414049490,1.872208256807559,-0.8903721966909314,1.6469368865315284
1771414049534,1.8772706774059662,-1.0687897379394051,1.5433190507227184
1771414049580,2.0622729795033607,-1.4882477800677751,1.427616330500954
1771414049624,1.8790834360528805,-1.047576459397169,1.5599801669781546
1771414049664,1.8851695023604353,-1.0541393205908578,1.5628993395014716
1771414049707,1.8986694372693727,-1.0131315412973743,1.6057739915844955
1771414049752,1.9150752135150233,-0.968653840857841,1.6520359590550577
1771414049798,1.8939157684290706,-1.0669207788183144,1.5647993448458493
1771414049840,1.920695246142157,-1.1403619812804227,1.545524111815558
1771414049886,1.8641522054565889,-0.9092401567702936,1.627373891404491
1771414049931,1.8982600110836956,-1.0140551975677303,1.604706554471983
1771414049973,2.0845120791812377,-1.5028011446059986,1.4445689073295835
1771414050018,2.0669006077850045,-1.4734065798267317,1.449534812615866
1771414050060,2.0939228458898307,-1.5089063515501808,1.4517969922791856
1771414050104,1.9022027130435826,-1.088910663375756,1.5596950755506465
1771414050145,1.896583579494323,-1.0351036840963075,1.5892103816605752
1771414050191,1.9286191058706517,-1.1252030787973548,1.5663619272040117
1771414050232,1.894121926573105,-1.0649428735389102,1.5663953998986655
1771414050276,1.909139701069888,-1.1596910595524847,1.5165523547162019
1771414050320,2.0950395118159326,-1.534258234900877,1.4266191589589656
1771414050361,1.9425122920256965,-1.160542966503665,1.5577207797194588
1771414050404,1.884284210038134,-0.984035133635022,1.6069230970929937
1771414050447,2.1267540928600894,-1.5513723856859043,1.4547600119704855
1771414050489,1.8796108056863734,-1.045297567441584,1.562142687578086
1771414050536,1.886064346757281,-1.0009390055844614,1.5985492883263124
1771414050582,1.9107133745780225,-1.1816874768208205,1.5014793727907743
1771414050626,1.8808336819952358,-0.9488812629599179,1.6239334001526502
1771414050666,1.9045571492401974,-1.0185077341034825,1.6093414585765624
1771414050706,2.123871304535269,-1.5842897586961495,1.4145159167428416
1771414050743,1.8537610422850708,-0.8777883571265709,1.632763792465667
1771414050780,2.3418673771098395,-1.8361507996815578,1.4535793933597492
1771414050824,2.061510975796033,-1.4614748974144904,1.453932126185682
1771414050868,2.1606314499048542,-1.5823388439631305,1.471234870849443
1771414050914,2.102248488790319,-1.5280237791275353,1.4438116355820052
1771414050954,2.0335767017778488,-1.4367203383807248,1.4391903526972551
1771414050988,2.2909220938259867,-1.770555623156329,1.4537733060176703
1771414051023,2.0812567994619933,-1.4644312430437907,1.4788749100934802
1771414051060,2.344232799889929,-1.8577980461649677,1.4296901201817842
1771414051098,2.2383984549486033,-1.6842581524618876,1.4743480318371112
1771414051143,2.2900738630325863,-1.7757991775000315,1.4460206012831232
1771414051182,2.346440543234213,-1.8603050830247616,1.4300518245873135
1771414051225,2.0154831948678593,-1.3861657277075676,1.4631189576120267
1771414051268,2.124557683806218,-1.5362749248818501,1.4675165099579994
1771414051312,2.392151092603889,-1.8798049814300697,1.4794323511525205
1771414051359,2.0377877948445633,-1.3917465149288826,1.4884961320073284
1771414051401,2.312062113780453,-1.8068489324536303,1.4425422535475738
1771414051445,2.3693341058040005,-1.8702142349540598,1.4546624420466916
1771414051488,2.0744730039490986,-1.5058950145994212,1.4267860558325505
1771414051533,2.137859914373755,-1.5738353402535254,1.4468888468901921
1771414051573,1.8798459280413062,-0.8770488783664566,1.6627104312325764
1771414051613,2.3783498890947468,-1.8462086327422154,1.4993538205990986
1771414051658,1.9023871380483277,-0.9620569175688505,1.6411956953299718
1771414051704,1.9008943860381549,-1.0964324943856072,1.5528152665809056
1771414051745,1.871494043007158,-0.9438035896510716,1.616083146738753
1771414051785,1.8702242998253658,-1.0732867401814512,1.5315986762229699
1771414051829,1.8945208171170627,-1.0213852895455016,1.5956131162628222
1771414051873,1.8752110805412174,-0.892150644821715,1.6493889242773392
1771414051914,1.884284210038134,-0.984035133635022,1.6069230970929937
1771414051960,1.8882909087338333,-1.0545822101123024,1.5663648738788476
1771414052002,1.8639533735874203,-0.9511422086165914,1.6030129999148097
1771414052045,1.8894269681835814,-1.0024030833929851,1.6015999271052794
1771414052089,2.0871561870109403,-1.4769101055015976,1.4747737078092036
1771414052134,1.8849973982479424,-1.0149745938528538,1.5884085636997638
1771414052178,1.8856396293203255,-0.9672059182981501,1.6186875928579691
1771414052222,2.460556162178328,-1.935584914634149,1.519160184271052
1771414052264,1.8716131029285383,-0.8161792737884268,1.6842764025218626
1771414052306,2.349518144548058,-1.8308607849702574,1.4724755677493062
1771414052351,2.4595381679898627,-1.9472764062548877,1.5024788176350372
1771414052394,2.366599901171312,-1.8609672386277587,1.4620519925701134
1771414052438,2.330529786374279,-1.8216858109100065,1.4535576670730659
1771414052482,2.449069868266123,-1.952892444387675,1.477888466800718
1771414052522,2.117691361304463,-1.57558780522614,1.4149698829891133
1771414052567,1.8537610422850708,-0.8777883571265709,1.632763792465667
1771414052607,1.872250872010782,-0.8855348726867994,1.6495912575546428
1771414052648,1.8844717758943432,-1.0998316749760546,1.5302301006259633
1771414052692,1.8799015166682906,-0.9993966361479943,1.592242467725256
1771414052734,1.88502262624361,-0.9802654166875714,1.610090064032661
1771414052778,1.8975219234299316,-0.9840013334490801,1.622445939212663
1771414052827,1.88745280296274,-0.9839188868646392,1.6107084489388368
1771414052871,1.9064174701585868,-1.038931026873308,1.5984523427133632
1771414052912,1.902609018889778,-1.0421711830479756,1.5917915391109183
1771414052955,1.8634982173496988,-0.8383479768940482,1.664271094414357
1771414052997,1.8965472926661993,-0.9963428972606352,1.6137510540345972
1771414053040,2.2036082127420635,-1.6260935984945903,1.4871814832760615
1771414053085,1.9080320596827467,-1.0950429894395797,1.5625195013363558
1771414053128,1.887345610828842,-0.9899563484054159,1.6068789260447438
1771414053173,1.909735540313448,-1.03878896364504,1.602500334772371
1771414053217,1.9107129986722842,-1.1034570165019222,1.5598739615840471
1771414053265,1.8947456150153155,-0.8059795807513169,1.714776329738575
1771414053308,1.8362867600159296,-0.7244841856221071,1.6873267999392627
1771414053353,1.8705807155462937,-0.9122644700549257,1.633047993798434
1771414053400,1.8945208171170627,-1.0213852895455016,1.5956131162628222
1771414053444,2.07847668856901,-1.4594654536584317,1.4798736211252586
1771414053487,1.8958319633475649,-1.0436825462300967,1.5826893491601393
1771414053532,1.9023871380483277,-0.9620569175688505,1.6411956953299718
1771414053574,1.8794140281672576,-0.9621651223050858,1.6144458388845122
1771414053619,2.115430838130261,-1.529202272218582,1.4617072352403626
1771414053663,2.101796765394807,-1.495113381929978,1.4772222643183983
1771414053706,2.291125687249763,-1.7681075354780695,1.4570698877409296
1771414053750,2.09425543536064,-1.5053049107425647,1.4560092562315332
1771414053795,2.103724649932579,-1.5095263419513862,1.4652602586874517
1771414053840,1.8891212445134418,-0.967091580840949,1.6228102016990678
1771414053882,1.8599201178547655,-0.9622775464675128,1.5916421609034326
1771414053922,1.854019991512409,-0.9541722959297555,1.5896368637546792
1771414053970,1.8662405057658782,-1.042171064063631,1.5481385915317014
1771414054015,1.8819363889609506,-1.0553291775786868,1.5581928311497506
1771414054058,1.8627652310585052,-0.9268520400500602,1.6158092715093226
1771414054103,1.8651428863777701,-1.0180999095632164,1.5627637571792385
1771414054148,1.9246364580679705,-1.1312308645855411,1.5570941611647868
1771414054189,1.9073076897704662,-1.144918363202508,1.5254456939069456
1771414054233,1.8861506527631902,-1.004389930838433,1.5964852494618849
1771414054280,1.929755733908946,-1.149830390939248,1.5497894258985478
1771414054323,1.8933706083196344,-0.9973702011653042,1.609380297591636
1771414054363,1.918119986954154,-1.0533798130777074,1.6029894739995576
1771414054406,1.8850944927255209,-0.9750350185204562,1.613346819243433
1771414054453,1.8861506527631902,-1.004389930838433,1.5964852494618849
1771414054496,1.8703188107749766,-0.9543448848377132,1.6085143128747146
1771414054540,1.8902201594522952,-0.9487155526666966,1.6348917552327997
1771414054582,1.8917497956970888,-0.9780130403960909,1.6193232482537796
1771414054626,1.877807742824647,-1.0210023343379069,1.575981012667583
1771414054668,1.888792919087863,-1.0102943679308523,1.5958834485399145
1771414054709,1.8777238306037864,-0.9832635842686345,1.5996998180497974
1771414054753,1.864553722910279,-0.948058950488561,1.6055356775908503
1771414054797,1.8680374888468518,-0.9880489728197034,1.5853464249327909
1771414054839,1.90338632439501,-1.0746505370137163,1.5709887724583131
1771414054885,1.8582694235283244,-0.9438803240983407,1.6007045899229195
1771414054932,2.048995470634598,-1.4124793781327878,1.4843464706835496
1771414054976,2.10895814489546,-1.5234001208358003,1.4584089031401204
1771414055022,1.873053395500218,-0.8790560383954245,1.6539617600644332
1771414055068,1.8757182097967373,-1.0087277156885184,1.581387744408341
1771414055111,1.8871842542019888,-0.9078309601226306,1.6544809932878466
1771414055156,1.8699902424938686,-1.0388737020109446,1.554864926060252
1771414055204,1.8933671825033047,-1.0354838916181448,1.5851222028537246
1771414055248,1.8777238306037864,-0.9832635842686345,1.5996998180497974
1771414055292,1.8725551983756226,-0.9260061676626802,1.6275673713902732
1771414055334,1.8765478077160629,-1.0403652818073073,1.5617527829506064
1771414055380,1.8714839491693145,-0.859120827743975,1.662637535765051
1771414055422,1.8788390174268728,-0.9308799315100746,1.6320228572288364
1771414055464,1.8926821271248506,-0.9615846323631353,1.6302149027477644
1771414055507,1.8851695023604353,-1.0541393205908578,1.5628993395014716
1771414055548,1.8879363871120771,-1.0586754825811189,1.5631730628319558
1771414055588,1.8948812857320076,-1.0928072127383137,1.5480140447697832
1771414055631,1.8809235919922482,-1.025305332078057,1.576902829893246
1771414055674,1.8638602334216479,-0.8315717199019792,1.6680717743520104
1771414055719,1.9051234239468944,-1.0065455085858948,1.6175170477051242
1771414055765,1.8647739937051593,-0.9452298784008696,1.6074584052402
1771414055806,1.8740213684896883,-1.0325044659004428,1.5639343392392167
1771414055853,1.870466068545042,-0.9910295585113668,1.5863491821585536
1771414055898,1.891914673252419,-1.0148444752449655,1.5966940289023999
1771414055938,1.892147256765242,-1.0078755673131023,1.6013769331726753
1771414055973,2.079425135691017,-1.518759814303826,1.4203441559704508
1771414056009,1.8699850699621607,-0.8280778427566474,1.6766428505250854
1771414056043,2.1230119676820696,-1.5558636024336356,1.4444612371204435
1771414056083,1.8585661762748598,-0.8962873313988312,1.6281699085681796
1771414056126,1.8515062050195803,-0.862175023223112,1.6385144053551177
1771414056170,1.9016058813370134,-1.1339844887428496,1.5264940573831716
1771414056215,1.8904414838357435,-1.032819386356933,1.5833676512334007
1771414056258,1.8766720818090719,-0.957275770917475,1.6141626934903277
1771414056299,1.9006242867034524,-0.9844076372076586,1.6258272611240845
1771414056343,1.8669210252710755,-0.9574975455732763,1.6026829271007899
1771414056384,1.8897699385780051,-1.0748644159846754,1.5543155754231637
1771414056432,1.8918033965451662,-1.0919706634976551,1.544836613121374
1771414056472,1.8994889675941116,-0.9987357633388291,1.6157305508777602
1771414056519,1.8640666051289065,-0.992841325309015,1.5776597894081745
1771414056564,1.8937743584662896,-0.9486306341839454,1.6390488829416199
1771414056606,1.8751273889162967,-0.9773761113091508,1.6002620603220747
1771414056653,1.8910402347347708,-1.0592926123920454,1.566503217589218
1771414056700,1.8711447099862364,-1.0250760335755937,1.5653758817288597
1771414056745,1.9009050005403034,-1.0246381272036325,1.601111029679005
1771414056788,1.8850521878786282,-0.8951662679259773,1.6589451780554654
1771414056833,1.869799653148228,-0.8811761301451015,1.6491450423100256
1771414056878,1.90338632439501,-1.0746505370137163,1.5709887724583131
1771414056926,1.90219442808999,-1.126300707710981,1.5329025924912345
1771414056972,1.863526332890155,-1.0036349894549863,1.5701742582645781
1771414057017,1.8834228782947005,-0.9948075473715657,1.599262230585236
1771414057057,1.8994265675552702,-1.038337510548635,1.5904956773667944
1771414057099,1.9014289377766562,-0.9352173176726692,1.6555363403258778
1771414057140,2.10780360293909,-1.5041641217502497,1.4765928089362712
1771414057181,1.8971599039863616,-1.0282758499788123,1.5943225764078899
1771414057223,1.8672700859621911,-0.9541074283091413,1.6051095256008439
1771414057264,1.873216973161901,-0.9615719057134574,1.6075824391565192
1771414057305,1.847895816472074,-0.8683926720731604,1.63113859485472
1771414057349,1.8537275121857324,-0.9135883168349705,1.6129668554489736
1771414057389,1.8891212445134418,-0.967091580840949,1.6228102016990678
1771414057436,1.9103851512064198,-1.0238395542962224,1.612862050210274
1771414057480,1.8677903113150698,-0.9474001305232099,1.609681223014995
1771414057523,1.8869601242785075,-1.0753377537212336,1.5505699681210559
1771414057568,1.8803653095074093,-1.070339227411666,1.546010231357701
1771414057608,1.8841111307413965,-1.0667180245247398,1.5530574390980072
1771414057653,1.8891212445134418,-0.967091580840949,1.6228102016990678
1771414057696,1.9078467641901933,-1.059791142375625,1.5864179809158614
1771414057734,1.8956946253897773,-1.0069551931667486,1.606144249962065
1771414057773,1.8873508053311672,-1.0283295876056895,1.582602704925945
1771414057812,1.8723416330876648,-1.0526694192237478,1.5484024944517885
1771414057856,1.8754511113937569,-1.0112167350581904,1.5794801632076079
1771414057897,2.1065467585925814,-1.5498265339730541,1.4267364720683287
1771414057939,1.885530392104853,-0.9293048278453497,1.6406149446150993
1771414057986,1.8963136378225272,-0.9551429500259293,1.638202477719855
1771414058030,1.891914673252419,-1.0148444752449655,1.5966940289023999
1771414058076,1.8812349006001106,-0.9794352524847006,1.6061604332774915
1771414058120,1.8669999178910082,-0.9950015388514074,1.5797660051692346
1771414058164,1.8857465627983057,-1.0092642079589311,1.5929299600543194
1771414058206,1.8815462768518263,-0.9792355980535017,1.606646829717026
1771414058248,1.8808336819952358,-0.9488812629599179,1.6239334001526502
1771414058294,1.857055959863728,-0.7462568601138873,1.7005168440207683
1771414058339,1.8639533735874203,-0.9511422086165914,1.6030129999148097
1771414058384,1.8901887128671186,-0.95366443917298,1.6319735009206306
1771414058430,1.8609903352367592,-0.9491109172270451,1.6007727804548222
1771414058474,1.8731646451664052,-1.0008875299476174,1.5833413846346411
1771414058520,1.868397262666582,-0.9778955549948645,1.5920516997451002
1771414058563,1.868397262666582,-0.9778955549948645,1.5920516997451002
1771414058606,1.895872987769848,-1.0815608189660857,1.5571000547918492
1771414058648,2.4038434899716847,-1.8971478855075465,1.4762430100743895
1771414058690,1.9163153023827315,-1.1907192777344584,1.501483246585772
1771414058732,1.9105276122079162,-1.0647924024472915,1.5862953371612132
1771414058775,1.8874638500650074,-0.988803461694082,1.6077274331938298
1771414058821,1.8767496248696862,-0.9175431301702806,1.6371633268326748
1771414058863,1.8903629623737175,-1.0673750945873195,1.5601866993949947
1771414058909,1.859349735909434,-0.8455789448404278,1.6559521999348383
1771414058954,1.8772706774059662,-1.0687897379394051,1.5433190507227184
1771414058998,1.8986694372693727,-1.0131315412973743,1.6057739915844955
1771414059044,1.9007825338261748,-1.0603668580057284,1.5775285630826825
1771414059085,1.8881699013418378,-1.0182025910846308,1.5901097634571615
1771414059126,2.0837634773094735,-1.4725971793754693,1.474288905426708
1771414059169,1.8603034778028746,-1.0002113144082239,1.5685363738387592
1771414059214,1.8846270668363014,-1.0226726029657889,1.5830224029353404
1771414059258,1.8855129666822108,-1.0462583259881233,1.5685989490074514
1771414059304,1.9109310795002514,-1.021968002440448,1.6146947056914123
1771414059351,2.0610102324412196,-1.4984231385414093,1.4150940873705613
1771414059393,1.8615095842516345,-0.943185436811589,1.6048735663743812
1771414059432,1.8831590392830246,-1.002251888759196,1.5942958065277562
1771414059473,1.857249851118083,-0.785804333072214,1.6828216065890866
1771414059513,2.0892718229164196,-1.5205144653987046,1.432861650874149
1771414059557,1.848161977185702,-0.9051239359288928,1.6113514062809369
1771414059598,1.8550039658549218,-0.9415884447893715,1.5982649698897304
1771414059639,2.1235463351764094,-1.5507029907317007,1.4507822966168695
1771414059684,2.12477545898305,-1.5379958600888715,1.4660284736137026
1771414059725,1.9000486134754426,-1.0730422066602476,1.5680450109278299
1771414059766,1.8514911578849507,-0.9022096839046886,1.6167984395077692
1771414059811,1.9008943860381549,-1.0964324943856072,1.5528152665809056
1771414059857,1.8834228782947005,-0.9948075473715657,1.599262230585236
1771414059897,1.8986694372693727,-1.0131315412973743,1.6057739915844955
1771414059939,1.8950569305738643,-1.01050891777817,1.6031570407189768
1771414059979,1.8807248011266888,-0.9895708168758359,1.5993359171733479
1771414060023,1.884771599920513,-1.0220996168855723,1.583564446755893
1771414060068,1.8777641239610794,-0.9436114326031136,1.6234517453549457
1771414060113,1.8887362581682734,-0.9719231317987537,1.6194721605492306
1771414060158,1.869300418971162,-0.932097845072373,1.620332578076859
1771414060202,1.8809235919922482,-1.025305332078057,1.576902829893246
1771414060247,1.8808336819952358,-0.9488812629599179,1.6239334001526502
1771414060288,1.8878136795278875,-0.8999481151500389,1.6594980803395085
1771414060334,1.8945868084761746,-1.059406545543427,1.570705875112104
1771414060376,1.914458247145025,-1.0976352192778214,1.5685494271659184
1771414060422,2.075369544936525,-1.454611256342424,1.4802921471695896
1771414060461,1.9056927657481295,-1.0850774030485963,1.566611613265416
1771414060503,1.8851695023604353,-1.0541393205908578,1.5628993395014716
1771414060547,1.8812144985080095,-1.063654113817045,1.5516468398307712
1771414060591,1.895311274254139,-1.0115058114757591,1.6028290051236325
1771414060633,1.919640569313356,-1.0774934085695997,1.5887189398514676
1771414060674,1.9120199000747278,-1.0850593425085644,1.5743145560899365
1771414060715,1.9095268750693035,-1.1512440728392792,1.5234598686425476
1771414060759,1.8717955142224312,-0.8958259652134645,1.6435067043102014
1771414060806,1.8615069819708119,-0.9032128118794581,1.627702325483036
1771414060848,1.9344741358750477,-1.1315647727024778,1.5689969240085535
1771414060893,1.8322725739899737,-0.7317431062559825,1.6798139217909493
1771414060933,1.8640103394452716,-0.9932808981168991,1.577316582996249
1771414060969,1.882708585474014,-1.046207659599505,1.5652607293396488
1771414061009,1.8957787895526665,-1.083227684981154,1.555826147552529
1771414061050,1.8677552317252293,-0.9079377966290482,1.6322250344512408
1771414061088,1.9015121335013594,-0.9731848437269982,1.633603273072428
1771414061130,1.9160124245308385,-1.0405663733538295,1.6088272851993157
1771414061172,2.1040874134409195,-1.5078626586956025,1.467492434703473
1771414061215,1.8891212445134418,-0.967091580840949,1.6228102016990678
1771414061258,1.861680498852469,-0.9411258785597635,1.6062802870335835
1771414061303,2.109329719598808,-1.5588272757782309,1.4210311010926553
1771414061348,1.8777238306037864,-0.9832635842686345,1.5996998180497974
1771414061390,1.8897699385780051,-1.0748644159846754,1.5543155754231637
1771414061435,1.8982058791920893,-0.9709870785593552,1.6310639635128297
1771414061476,1.8734048973915869,-0.9195432573565319,1.6322028389329928
1771414061521,2.1220382426136895,-1.5630294050439772,1.4352649170389646
1771414061566,1.8640103394452716,-0.9932808981168991,1.577316582996249
1771414061606,1.8686979874761676,-0.9743719552986122,1.5945630941185858
1771414061650,2.407033137203861,-1.9011045594435838,1.4763502218851319
1771414061692,2.0998935119718882,-1.5133389742026966,1.4558014668150192
1771414061735,1.8852014640389423,-0.9726466582425898,1.6149127029731651
1771414061776,1.8962654340577942,-0.9577162085767275,1.6366435959706724
1771414061817,2.133769617513584,-1.5512527891609684,1.4651237370080323
1771414061859,2.0774385833916704,-1.4707947357993634,1.4671448166112544
1771414061905,1.8689523702481896,-1.051248880561833,1.5452697995411089
1771414061949,1.8515214391547443,-0.8621765395831732,1.638530821877343
1771414061993,1.8626877534898358,-0.8887483148571668,1.6369887292952134
1771414062039,1.8746857886300783,-0.9386104625160797,1.6227930261579662
1771414062080,1.92810033216624,-1.0117780708052424,1.6413031488232717
1771414062128,1.8971599039863616,-1.0282758499788123,1.5943225764078899
1771414062171,2.1435756600165985,-1.5880029278898813,1.4398483639705817
1771414062209,2.3285811785925983,-1.8356890316045456,1.432667471726241
1771414062252,2.0769556504828066,-1.476122734514093,1.4610976855512074
1771414062298,1.895311274254139,-1.0115058114757591,1.6028290051236325
1771414062342,1.892750578794475,-0.920642144471272,1.6537601988650463
1771414062388,2.0564594532955183,-1.4442747711020338,1.4639316475186506
1771414062433,1.8602180941075648,-0.9195109696945597,1.6170686238550767
1771414062478,1.8672700859621911,-0.9541074283091413,1.6051095256008439
1771414062523,1.8939299039732718,-1.0290454174625059,1.589979877219716
1771414062563,1.856879551259304,-0.8373412391083578,1.6573657765180967
1771414062607,1.8778610179701782,-0.9469545544833254,1.6216161921229328
1771414062648,2.072232060301249,-1.4547215309689432,1.475781480801183
1771414062689,2.075846895321771,-1.4503603180219566,1.4851246684114716
1771414062731,1.8880809192077177,-0.9362871132858827,1.6395779941713808
1771414062773,1.8411811476138236,-0.8251429420732926,1.6459304795389103
1771414062815,2.0318143605395127,-1.4215011122179013,1.4517589964101676
1771414062859,1.8602476270813173,-0.9581594719984744,1.594506713777423
1771414062902,1.8769618347262578,-0.9148472441281302,1.6389143506999153
1771414062948,1.8647585528310897,-0.8196809166453047,1.674947060430333
1771414062991,1.8856396293203255,-0.9672059182981501,1.6186875928579691
1771414063036,1.8875402864595203,-1.0256757160876506,1.5845496705486304
1771414063081,2.0768982256664392,-1.511364374245929,1.4245293847571607
1771414063126,1.8779903479373137,-1.018691826393544,1.5776928439289752
1771414063166,1.8725551983756226,-0.9260061676626802,1.6275673713902732
1771414063207,1.8926821271248506,-0.9615846323631353,1.6302149027477644
1771414063252,1.9005804959012138,-0.9407183342067107,1.6514403522644876
1771414063298,1.871494043007158,-0.9438035896510716,1.616083146738753
1771414063339,1.8581791198540447,-0.9010786313490374,1.6250805954129468
1771414063381,1.8794866276805227,-1.0009701827249333,1.5907635515454575
1771414063424,1.8541605534768801,-0.9559120538045068,1.5887553315287222
1771414063464,1.8768598873927071,-1.0367106229911145,1.564555566632627
1771414063505,1.8708582197109394,-0.9475157478777171,1.6131721500768963
1771414063550,2.1042499193880735,-1.5420604430376603,1.4317532305754397
1771414063591,1.8337242561970264,-0.7543294418219026,1.6713861734997078
1771414063634,1.8944796883396713,-0.9829755314879645,1.6195099240287265
1771414063680,1.8880809192077177,-0.9362871132858827,1.6395779941713808
1771414063725,1.8762745328711954,-1.0018739089607536,1.5863967956487817
1771414063769,1.872621905321937,-0.968929568910195,1.602463194829468
1771414063814,1.8881699013418378,-1.0182025910846308,1.5901097634571615
1771414063856,1.8506170571597766,-0.9182037932343112,1.6067623615024202
1771414063900,1.8732371123094596,-0.9999827924247403,1.5839986407152948
1771414063945,1.931085462151594,-1.1342327686573535,1.5628842211235963
1771414063989,1.8937743584662896,-0.9486306341839454,1.6390488829416199
1771414064032,1.9016572280263773,-1.0538106929682878,1.582966593548538
1771414064074,1.9026653126874793,-1.1166853162148191,1.5405029038123728
1771414064119,1.882291903706937,-1.0468180588968319,1.5643512272914144
1771414064164,1.8768598873927071,-1.0367106229911145,1.564555566632627
1771414064206,1.8710215290332957,-0.9842099016448945,1.5912424176128033
1771414064249,2.07185909014503,-1.4614716099934841,1.468571013808881
1771414064289,1.8627652310585052,-0.9268520400500602,1.6158092715093226
1771414064335,1.871198168447355,-0.8628967745987969,1.6603589196278403
1771414064375,1.876139844263617,-0.8384453140759598,1.6783653268992345
1771414064419,1.8868136284461605,-1.0346784879116646,1.577816876301872
1771414064463,1.8641598259709458,-0.9486800273838941,1.60471120841319
1771414064507,1.91378850280646,-1.1429332987445138,1.5350211425564066
1771414064548,1.9087033546267347,-1.0943896905116852,1.5637965664577629
1771414064589,1.891294216169396,-1.0565728118692492,1.5686451814653681
1771414064634,1.8786709247430027,-1.0144526287379803,1.5812306307181536
1771414064679,1.9449201226840678,-1.201867023107538,1.529127183195706
1771414064722,1.88467869756235,-1.0601584306755476,1.5582290893552448
1771414064763,1.94807496906899,-1.2820746544153911,1.4667244682007596
1771414064806,1.9098424320895513,-1.1518741490308761,1.5233791583857668
1771414064852,2.031212333894056,-1.430765728119895,1.4417811819415882
1771414064898,1.8711447099862364,-1.0250760335755937,1.5653758817288597
1771414064939,1.9603760347509296,-1.2514708995598762,1.5089382973404086
1771414064979,1.9342628116670486,-1.2067979140594218,1.5116254229206205
1771414065027,1.9502008548874439,-1.2179505364639913,1.5231151844594002
1771414065062,1.9448943180588991,-1.1701718843305475,1.553483720397509
1771414065100,1.9356389882745149,-1.1164839009213767,1.581190055594764
1771414065136,1.9675319429648552,-1.2096557193675612,1.5517457869085407
1771414065174,1.9218722416502487,-1.1220666090799367,1.5603074818809286
1771414065221,1.893414344056285,-1.0727074119879212,1.5602296903162265
1771414065266,1.883524905955962,-1.0335576240889164,1.5746189091472544
1771414065306,1.9161748540744679,-1.1520018283589095,1.5312145045175864
1771414065351,1.8914045766579493,-1.0963637651637475,1.5412325480077975
1771414065397,1.8881699013418378,-1.0182025910846308,1.5901097634571615
1771414065438,1.9257818977907823,-0.9923569225937712,1.6504131773707114
1771414065477,1.9042723678508753,-1.0611143545518613,1.5812303998862296
1771414065521,1.8594521313264039,-0.968780820406138,1.5871439602970852
1771414065565,1.8972901152907276,-1.0686765998331593,1.5676862270712655
1771414065607,2.083818215699197,-1.5441912481205262,1.399203968443399
1771414065648,1.8457293324842547,-0.8107411259321622,1.6581361812333215
1771414065689,1.9073556458794438,-1.0229999493170598,1.609806405616987
1771414065726,2.1040874134409195,-1.5078626586956025,1.467492434703473
1771414065766,1.9178314300843289,-1.0523741200508716,1.6033047451019582
1771414065808,2.1326927224267815,-1.5275318524429795,1.488295900708013
1771414065853,1.8906483071115627,-0.9833175890462187,1.614818113676011
1771414065894,1.880424956535753,-0.9094662401739615,1.645864263888832
1771414065934,1.8924898524104092,-1.0033556163664619,1.6046168852976246
1771414065974,1.9132608191877638,-1.0742135691113317,1.5832347173354073
1771414066011,1.912856616420013,-1.0369066803607119,1.6074342820797214
1771414066048,1.893414344056285,-1.0727074119879212,1.5602296903162265
1771414066086,1.9131425132394932,-1.1503864219139492,1.52863512855107
1771414066131,1.855814333487825,-0.9740280527786028,1.5796569857976077
1771414066174,1.8978701747457276,-1.1396276058270363,1.5176165919712117
1771414066216,1.9313605861866567,-1.130137842703798,1.5661871441063715
1771414066257,2.0013172607012564,-1.354666924248348,1.4731423224957934
1771414066302,1.9245021364316663,-1.2113227873841503,1.4954616604560413
1771414066345,1.959788955919931,-1.2251669817527249,1.5296204164983715
1771414066389,2.3519650731291533,-1.8014191880813006,1.5121602474711235
1771414066430,2.0919174152910593,-1.495576584107825,1.4626582490337228
1771414066473,2.151313104997037,-1.609469580556098,1.4274998231161258
1771414066517,2.3332823331079307,-1.8204332660152294,1.4595304621619634
1771414066561,2.33114164497274,-1.8086521647173743,1.4707136757334405
1771414066605,2.070654511902262,-1.4709913850315368,1.457324415778517
1771414066649,2.1395632325808562,-1.5601523718644545,1.4641227417049296
1771414066692,1.887521190645183,-0.9433344701696569,1.634887250707015
1771414066737,1.923001882219982,-1.115448148097408,1.5664327843631387
1771414066779,1.9502707092821974,-1.2173516729369744,1.523683282011598
1771414066824,1.9099152345339006,-1.1147995214378799,1.5508056712904292
1771414066865,1.9396617653672021,-1.2215235826920126,1.5067076361904723
1771414066906,1.904282955290466,-1.097700033606066,1.5560681893898585
1771414066950,1.9263819939690248,-1.1886053624602064,1.515969946608084
1771414066997,1.8988202007510377,-1.124489996448796,1.5300458825364676
1771414067040,1.8962654340577942,-0.9577162085767275,1.6366435959706724
1771414067082,1.8933671825033047,-1.0354838916181448,1.5851222028537246
1771414067122,1.8929516357571505,-0.9600633188025766,1.631424015762136
1771414067164,1.8515062050195803,-0.862175023223112,1.6385144053551177
1771414067208,2.0930649696934687,-1.444105183529722,1.5150845475617887
1771414067249,1.8838997899996324,-1.0273834529549326,1.5791015354799254
1771414067290,1.846308017071351,-0.8441430682833461,1.6420340356311505
1771414067332,1.8543209473290319,-0.6924588249883996,1.720176430311415
1771414067373,1.875132910207661,-1.057292692959605,1.5486302309970832
1771414067412,2.3054374489075506,-1.7956049340804563,1.4459753633901498
1771414067456,1.8731374306856838,-1.0393886862411184,1.5583051668879646
1771414067499,2.311584449863263,-1.7682212482135304,1.4888976748641354
1771414067539,1.8768598873927071,-1.0367106229911145,1.564555566632627
1771414067584,1.9419845424226665,-1.0872557676137462,1.6090925575613158
1771414067624,1.9428236608483305,-1.1897077875166886,1.5359554542610454
1771414067670,1.9033852083458023,-1.0711455141684603,1.5733793372312914
1771414067713,1.8880552745101562,-1.0235225758942113,1.5865542084153634
1771414067751,1.9143917542581785,-1.100522635243959,1.5664436530202412
1771414067790,1.9308494536416863,-1.0559288672100557,1.616537608600829
1771414067834,1.9110176153298766,-1.1341592221930763,1.538073855448913
1771414067875,2.3299543011309276,-1.7863605054595275,1.495862022344605
1771414067919,2.0781609153635103,-1.4942581821202086,1.4442801927989295
1771414067964,2.394418343129989,-1.8878034563347126,1.4729009851880994
1771414068006,2.3451239134252853,-1.8396255743951946,1.4544359440519459
1771414068050,2.295332955109078,-1.7598334939378006,1.47361441646872
1771414068091,2.1321750850749193,-1.602672385622542,1.4062758683050736
1771414068131,2.35431797655672,-1.8526866407015823,1.4527096565053923
1771414068172,2.0960290751372557,-1.4885727979274532,1.4756316983214925
1771414068217,2.0545284077835415,-1.4650595529566646,1.440377549352944
1771414068263,1.9012764108064621,-0.976519613998378,1.6313373145262025
1771414068306,2.0776561955602113,-1.5032010091787207,1.4342391686722984
1771414068351,2.234029504089668,-1.6970215049589297,1.452930086704125
1771414068393,2.3531826977682027,-1.7917182068017796,1.5255211163699605
1771414068438,2.3220859626886003,-1.7982756859665847,1.4691112195395053
1771414068482,2.2725336855905787,-1.716035773867904,1.489842466487475
1771414068527,1.9240703197084907,-1.1379552369970416,1.551484603137956
1771414068572,1.9592390707258254,-1.1536169576453357,1.5835989553203538
1771414068618,1.9472020340140341,-1.217430649084447,1.519690223676593
1771414068660,2.137053897516576,-1.5482446616296184,1.4730708837751756
1771414068704,2.305313975783213,-1.7930615392097238,1.4489316214191272
1771414068747,2.245339749320401,-1.7174539644299176,1.4463410628002513
1771414068790,2.352966768332832,-1.8628413573675973,1.437454239327116
1771414068837,2.0528385278074883,-1.4830374700738118,1.4194174451541322
1771414068877,2.053933873052849,-1.47516274830426,1.4291743143820141
1771414068922,1.908837503593771,-1.19944289367904,1.4849233515333211
1771414068962,2.1107886121390713,-1.576155511226754,1.403980900712512
1771414069007,2.0358768143400523,-1.4503030100138474,1.428781152700501
1771414069048,2.1075490398087346,-1.542609375613943,1.4360081021591349
1771414069088,2.0952647067668484,-1.5286428321263195,1.4329638108520368
1771414069134,2.076173250851919,-1.4844789171153372,1.4514881026701878
1771414069175,2.096252563393281,-1.5562634058408433,1.4043927588725171
1771414069219,2.3194489812290544,-1.7877668209314785,1.4777460439808503
1771414069263,2.308204247103164,-1.8043352470031755,1.439507263881316
1771414069305,2.3749575268211505,-1.8838021712782056,1.4462754349334546
1771414069348,2.3196172413076765,-1.7861965847532624,1.4799073980447621
1771414069391,2.3124406527309147,-1.7934645620620737,1.4597488266924807
1771414069436,2.2625482272042072,-1.7157843499623526,1.474858822006082
1771414069481,2.3107630125935597,-1.808173270217936,1.4387964154945059
1771414069524,1.9601764282899319,-1.1804935896644537,1.5648407314434931
1771414069569,1.9275597733242522,-1.2147382602091434,1.496628757882831
1771414069614,1.9439413469005478,-1.1764310646309102,1.5475522318684105
1771414069656,1.9282909242619177,-1.1661681800076285,1.5356945218788067
1771414069697,1.9761334614973338,-1.3006869020356706,1.4877220978806105
1771414069738,2.351439475080222,-1.8112859463926052,1.4995035262933505
1771414069779,2.087375146835088,-1.5091178739520454,1.4421158920639017
1771414069824,1.9396094842446927,-1.1859291396509193,1.5348149813898722
1771414069870,1.9024846951615784,-1.0817329990452933,1.565024515495051
1771414069912,1.8958319633475649,-1.0436825462300967,1.5826893491601393
1771414069952,2.4593493991578894,-1.9149643631486575,1.543149686520698
1771414069996,1.9010900841132488,-0.8514003996034997,1.699782594177479
1771414070038,1.874889831522194,-0.9405593765749992,1.6219001015728958
1771414070084,2.053997942159772,-1.438285632790801,1.4663703437072584
1771414070127,1.9420602921072467,-1.120117786310527,1.5864848952859556
1771414070172,1.8770487119681427,-1.0341258683391976,1.5664914795596445
1771414070212,1.9137397642800862,-1.1019488870517598,1.5646432614855657
1771414070257,1.893756831921901,-0.9487565801805646,1.638955731560482
1771414070302,1.9323908239462055,-1.0756975258171206,1.6053065530989465
1771414070347,1.9015121335013594,-0.9731848437269982,1.633603273072428
1771414070391,1.8901018439421806,-1.075519475439707,1.5542660127608556
1771414070436,1.9438768382735863,-1.139956548449841,1.5745336547761815
1771414070476,1.8896646032210918,-0.9601231058112268,1.6275736340805382
1771414070516,1.8947754016984255,-1.0564466531580694,1.5729253929899358
1771414070557,1.9215976801621384,-1.1295008034971146,1.5545949888327457
1771414070600,1.9094376090170275,-1.0780662607893716,1.5759838578095542
1771414070643,1.8982600110836956,-1.0140551975677303,1.604706554471983
1771414070688,1.8954726893535279,-1.0484383618108288,1.5791116862237835
1771414070731,2.332109427447656,-1.7936827628703618,1.4904484317721225
1771414070775,1.905384928662672,-0.9641001127616177,1.6434727557668523
1771414070820,1.891940876285257,-0.9717305268540973,1.6233237700898993
1771414070860,1.9052503285919817,-0.9699248946967667,1.6398855183357528
1771414070906,2.131690008225529,-1.572268819821544,1.4394697111733634
1771414070942,2.340441719767857,-1.819589278239168,1.471992629786912
1771414070977,2.093802988222294,-1.4753513110084782,1.4857151350760927
1771414071012,1.9157445906399622,-1.0398861298214077,1.6089481575151297
1771414071053,1.8942760843205513,-1.0245069961302427,1.5933195845494987
1771414071091,2.1159846754901297,-1.5250050515065467,1.466884705690459
1771414071131,1.8811756788510523,-0.9402356023772523,1.6293492402560608
1771414071175,2.054191824218562,-1.394728638485106,1.508123362220699
1771414071214,1.887345610828842,-0.9899563484054159,1.6068789260447438
1771414071253,1.9019399238269012,-1.0071934293195488,1.6133619772953018
1771414071296,1.953006644065365,-1.1864064066497102,1.5513461219289466
1771414071341,1.923051246228624,-1.1493866231367158,1.54176408252879
1771414071384,2.0981739415449674,-1.4973211680832885,1.4698174065468268
1771414071430,2.0744871220377754,-1.428860187976931,1.503946602348335
1771414071474,1.8710215290332957,-0.9842099016448945,1.5912424176128033
1771414071520,1.883702165132716,-0.782183909718432,1.7136283664503427
1771414071563,1.8578648021132218,-0.7776792889311437,1.6872689609243545
1771414071608,1.9235766537701573,-1.0244897703760323,1.6280564650295335
1771414071650,1.893414344056285,-1.0727074119879212,1.5602296903162265
1771414071694,2.2541188026012,-1.6984435474161603,1.482005766682666
1771414071731,1.8953593013898782,-0.9307105707801846,1.6511101461753392
1771414071768,1.8882027267401293,-0.9784824719110685,1.6148936774387546
1771414071808,1.9085140873985482,-1.0084044186723011,1.6203538348770898
1771414071852,1.8966060391562451,-1.113583523466821,1.5352674698654827
1771414071896,1.9120858003021095,-0.9226760933280657,1.6747360790637482
1771414071939,1.898555194905967,-0.9265035673260432,1.6571369792013424
1771414071986,1.9363712848395096,-1.1907899540431728,1.5269423820501125
1771414072026,2.0876967924534378,-1.4681174233164487,1.4842874144097036
1771414072071,1.9258798590473312,-1.0737218452863226,1.5987916157020285
1771414072115,1.944052342742958,-1.2164989491111269,1.5164002829516707
1771414072159,1.875344469324332,-0.973971593785468,1.602590469559942
1771414072203,1.9191697225785245,-1.0366536793180054,1.6151041988734263
1771414072246,1.9169467504145556,-1.0675328621715532,1.5921866825560174
1771414072291,1.8839472244780238,-1.0686301696152873,1.551543330109234
1771414072336,1.8841685345737074,-0.9419877923348543,1.6317935119891056
1771414072380,1.896370165250385,-1.002847469729837,1.609508234246795
1771414072422,1.8850944927255209,-0.9750350185204562,1.613346819243433
1771414072466,1.8467951682254449,-0.8781844301433547,1.6246367286364791
1771414072508,1.920637800812918,-1.0217553274014737,1.6263042805201582
1771414072553,1.9285086848151758,-1.084306867088075,1.5948117021746493
1771414072593,1.8829048783314308,-1.0397016536375665,1.5698252298480904
1771414072635,1.9010836085562621,-0.9785611257397291,1.6298886495439784
1771414072682,1.9061349368365859,-1.0757206384821587,1.5735868280373193
1771414072723,2.086293727854471,-1.4437485700731556,1.5060582941229812
1771414072771,1.893414344056285,-1.0727074119879212,1.5602296903162265
1771414072816,1.9112168594888197,-1.0136941628654055,1.6202388799701455
1771414072856,2.3238572227794503,-1.78072870536783,1.4930899737601995
1771414072899,2.060900648972289,-1.4649866424696445,1.4495259991872929
1771414072943,1.898555194905967,-0.9265035673260432,1.6571369792013424
1771414072984,2.111738101340943,-1.5326300075325991,1.4527501742094806
1771414073028,2.0529347948484973,-1.4431190225301571,1.4601194330297933
1771414073074,1.8716802694723973,-0.8971555839576683,1.6426499594575348
1771414073123,1.901721682057195,-1.0143632997796683,1.608605747865694
1771414073167,2.2486098098577902,-1.7236292541395595,1.4440734992592978
1771414073213,2.1512563736792853,-1.6100124357357826,1.4268019982015312
1771414073256,2.290590383236597,-1.7743306674128927,1.4486390117810923
1771414073301,2.066805391904088,-1.439228403999631,1.4833428899362697
1771414073340,2.119360250071161,-1.5597868147968206,1.4348355173913432
1771414073385,2.072395573309544,-1.456039233036574,1.4747112138080662
1771414073430,2.0807141485052436,-1.4663232894738343,1.4762341882426835
1771414073473,1.8739232291569388,-0.9534348334504861,1.6132421663027572
1771414073518,2.3495549667016555,-1.7925275621132224,1.5189646080856678
1771414073564,1.8609319034260985,-0.691712161897753,1.7276000214956642
1771414073606,2.098296735670246,-1.5370499935199637,1.4283999819184714
1771414073650,2.3359476753233666,-1.7932179305797147,1.4970040064395438
1771414073697,2.0404765592509424,-1.4357017158138798,1.4499328163958654
1771414073738,1.896642473668845,-1.0721398267404902,1.5645347119324478
1771414073783,1.896370165250385,-1.002847469729837,1.609508234246795
1771414073826,1.896370165250385,-1.002847469729837,1.609508234246795
1771414073872,1.923871284157941,-1.1024773970896922,1.576649709641892
1771414073916,1.8898660463870436,-1.077496070625329,1.5526093813556492
1771414073958,1.8987295881178905,-0.9686542714520531,1.6330593838535163
1771414074002,2.150692358736499,-1.5815801622250352,1.4574230039298122
1771414074047,2.086293727854471,-1.4437485700731556,1.5060582941229812
1771414074091,2.0635513818061155,-1.4718033604465335,1.4463883204493255
1771414074138,1.8953593013898782,-0.9307105707801846,1.6511101461753392
1771414074182,1.9003749119621463,-0.99195859534127,1.6209389103676024
1771414074226,2.0999614946967213,-1.5143763057097375,1.4548204988636282
1771414074267,2.0366016748877556,-1.4434339592110845,1.4367479902724154
1771414074313,2.1046727745692397,-1.460491502694658,1.5154577059653238
1771414074356,1.884284210038134,-0.984035133635022,1.6069230970929937
1771414074398,1.8972325424942875,-1.0276342668473823,1.5948226026428085
1771414074439,1.8820247661078384,-0.9735255333585158,1.610672299427255
1771414074485,1.861680498852469,-0.9411258785597635,1.6062802870335835
1771414074529,2.1216357598100433,-1.533154341223899,1.4665524413709354
1771414074576,1.899282333278093,-1.0015627224691594,1.6137365009388747
1771414074618,1.8503765828222878,-0.7096890175007265,1.7088695083873258
1771414074662,1.883524905955962,-1.0335576240889164,1.5746189091472544
1771414074707,2.1227979633933045,-1.5270905680601499,1.4745391111559196
1771414074749,1.9007825338261748,-1.0603668580057284,1.5775285630826825
1771414074795,1.917523469131404,-1.0604339727115717,1.5976157373376392
1771414074842,1.9134716361031565,-1.1461464833105366,1.5322277705896667
1771414074887,2.1099590358909697,-1.5190137776058337,1.4644194332846052
1771414074933,1.8957787895526665,-1.083227684981154,1.555826147552529
1771414074972,1.8992295030979938,-0.8819709809371694,1.6820225605569563
1771414075015,1.8976678752669585,-1.0216602391834664,1.5991728238348084
1771414075058,1.903120578969251,-1.0357043821386005,1.5966165384697593
1771414075103,1.891914673252419,-1.0148444752449655,1.5966940289023999
1771414075145,1.870466068545042,-0.9910295585113668,1.5863491821585536
1771414075190,1.9237291412578204,-1.1042366430922466,1.5752445032365348
1771414075232,1.931790248846417,-1.1292069793917716,1.5673880065991994
1771414075276,1.9419792272471972,-1.1209354923327544,1.5858079773693745
1771414075322,1.888792919087863,-1.0102943679308523,1.5958834485399145
1771414075365,1.929609171766311,-1.1514575432720004,1.5483982310138042
1771414075408,1.880424956535753,-0.9094662401739615,1.645864263888832
1771414075448,1.9054471187145874,-1.0096978738333717,1.615932834555351
1771414075494,1.9508662286660179,-1.1316814321404736,1.5890802932193384
1771414075538,1.900192534749595,-1.0331434907797903,1.594787194762185
1771414075582,1.916391287051012,-0.9963438753236911,1.6370260985060694
1771414075624,1.8988102711107384,-1.0078602636493499,1.6092539062038342
1771414075669,1.8700647694881751,-0.9183332322348058,1.6290507409697328
1771414075709,1.909988680176021,-0.9930985479493045,1.6315060626493307
1771414075750,1.8998788734243903,-1.0377977236101203,1.5913879535028481
1771414075795,1.875854977155537,-0.9284548305904954,1.6299704055204116
1771414075841,1.929260678218915,-1.1915648109318782,1.5173068463137525
1771414075886,1.9189090313423287,-0.9595746913741748,1.6617545794254072
1771414075924,1.882255663653832,-1.0133409259215085,1.5861987741797894
1771414075964,1.931808103613085,-1.202412088131236,1.511981388609352
1771414076001,1.8809235919922482,-1.025305332078057,1.576902829893246
1771414076038,1.90493127654695,-1.0941477719145094,1.5593600679706106
1771414076078,1.8930399921880126,-0.9526842763001512,1.6358462891462777
1771414076118,1.914458247145025,-1.0976352192778214,1.5685494271659184
1771414076163,1.913320889953636,-0.9925764662650882,1.6357227107763967
1771414076207,1.9080535298663974,-1.05749611318189,1.5881971676844202
1771414076249,1.8732371123094596,-0.9999827924247403,1.5839986407152948
1771414076295,1.9160215482307414,-0.9566463367150517,1.660110345650011
1771414076333,1.8745863449313525,-0.9859981966927678,1.5943279213266315
1771414076379,1.8750579431126202,-1.0175857915548967,1.574916330112595
1771414076423,1.901204234318583,-1.0207535682811708,1.6039450406520066
1771414076468,1.92746061129441,-1.0618070042523768,1.608623726609804
1771414076513,1.8804256350211301,-0.8689377450848133,1.667617391373555
1771414076556,2.1178070151350274,-1.5395131244353177,1.4543059832946228
1771414076602,1.8828001195636066,-0.8785174562954825,1.66527576371388
1771414076649,1.8886467603015762,-1.0503797459508184,1.569614275704045
1771414076691,1.9330833893574149,-1.1541986100715131,1.5506891883025875
1771414076734,2.299206435376937,-1.754947323449869,1.48543263879412
1771414076773,1.9285086848151758,-1.084306867088075,1.5948117021746493
1771414076819,2.0845120791812377,-1.5028011446059986,1.4445689073295835
1771414076864,1.8971599039863616,-1.0282758499788123,1.5943225764078899
1771414076907,1.9032103876958417,-0.9934624018633229,1.6233429200009817
1771414076951,1.8807248011266888,-0.9895708168758359,1.5993359171733479
1771414076995,1.9137983888076047,-1.1427853304275357,1.5351436289683813
1771414077037,1.9234204654901663,-1.0260653117641991,1.6268793019338113
1771414077082,1.9585469534439346,-1.1989104178979073,1.5487155899972025
1771414077124,1.9321350380203446,-1.195584116652625,1.5178024987309253
1771414077166,1.8984887367404308,-1.0514760254708049,1.5807142851857816
1771414077206,1.8814287107031544,-0.940980773270653,1.6292112133769205
1771414077251,1.9098246866355364,-1.0350151339446547,1.6050464187019806
1771414077296,1.8718104506954325,-0.8551582803565111,1.6650461491713475
1771414077340,1.8887362581682734,-0.9719231317987537,1.6194721605492306
1771414077380,1.911977439969273,-1.1267878410711458,1.5446704801237323
1771414077426,1.867901839474549,-0.9409526713099742,1.6135877268580805
1771414077473,1.9094122322120688,-1.1157235098666576,1.5495212557599531
1771414077518,1.9231759779017714,-1.0681991581816153,1.5992361928241006
1771414077557,1.941538376305195,-1.0872985347166595,1.6085251515188745
1771414077603,1.9105276122079162,-1.0647924024472915,1.5862953371612132
1771414077644,1.9200566269466153,-1.1106556025909942,1.56622526576315
1771414077684,1.8656449268417956,-1.0146496590025393,1.5656043761233422
1771414077725,1.884284210038134,-0.984035133635022,1.6069230970929937
1771414077771,1.8950569305738643,-1.01050891777817,1.6031570407189768
1771414077816,1.917671390072365,-1.0975914338588941,1.5725001127572784
1771414077856,1.9549907449930652,-1.1625236514928465,1.5717911988328093
1771414077897,1.9670559797452338,-1.1776288103763946,1.575595002665012
1771414077939,1.9094319258085726,-1.115809630463184,1.5494835100325035
1771414077985,1.929944716811393,-1.1474760948765224,1.551768417527285
1771414078031,1.9342812564499716,-1.1747705683104739,1.5366711069338055
1771414078075,1.9165338812500763,-1.1110798357699059,1.5616029317739515
1771414078121,1.9252855947337768,-1.1280636024468156,1.5601913761215658
1771414078165,1.9118128550520388,-0.9661101816360494,1.6497452863037334
1771414078207,1.8850944927255209,-0.9750350185204562,1.613346819243433
1771414078253,1.90357006321381,-0.9873834091181339,1.6274682758696342
1771414078298,1.8993272992270875,-1.0438480101688488,1.5867657424004962
1771414078342,1.8846270668363014,-1.0226726029657889,1.5830224029353404
1771414078388,2.0113345881680122,-1.389926116399211,1.4538129922766525
1771414078430,2.357821886081849,-1.845776320225635,1.4671175215983496
1771414078472,2.3024678964500995,-1.7931353663044005,1.4443074369024518
1771414078518,2.095905878122912,-1.4830289921144588,1.481028851338875
1771414078563,1.9066839852959279,-0.9914899865839559,1.6286164147176305
1771414078605,1.9288477485662616,-1.0416038199829019,1.6234269676662891
1771414078648,1.9047874992147567,-1.0106047501735167,1.6145877046761907
1771414078688,2.1522851945936003,-1.5644308027991776,1.4781366046884614
1771414078735,2.0769556504828066,-1.476122734514093,1.4610976855512074
1771414078777,2.0741371501415897,-1.5033417225533432,1.4289886573475041
1771414078824,2.082931070422109,-1.4809560754216493,1.464708485263023
1771414078869,2.0717609705442284,-1.4944421621802024,1.4348645033481473
1771414078909,1.844733563719347,-0.8643995843352241,1.6296795021456745
1771414078949,1.864493711759505,-0.8643780302855634,1.6520252485813849
1771414078989,1.923282803502591,-1.1469650981985255,1.5438548525568176
1771414079033,1.879829952895256,-0.9174701456296164,1.6407343428113375
1771414079077,1.8753135050687335,-0.8904104892633373,1.6504453650160624
1771414079120,1.8796761078830981,-0.7950320268223305,1.7032634402444413
1771414079167,1.915242177971615,-1.0882956834579032,1.5759965436663719
1771414079208,1.9602987449513904,-1.1405773484600459,1.5943194415291586
1771414079252,1.89809442604729,-0.9773309838417106,1.627140620295242
1771414079295,1.9420602921072467,-1.120117786310527,1.5864848952859556
1771414079342,1.929978814004875,-1.0665090412440639,1.6085324639099863
1771414079386,1.942474317387995,-1.1217682130782365,1.5858255105273142
1771414079431,1.8457293324842547,-0.8107411259321622,1.6581361812333215
1771414079475,1.9186145070067784,-1.1642225986230568,1.5250138908718962
1771414079519,1.8812349006001106,-0.9794352524847006,1.6061604332774915
1771414079564,1.8942760843205513,-1.0245069961302427,1.5933195845494987
1771414079606,1.9239019027986546,-1.1761222325828988,1.5225422902555126
1771414079652,1.9148859194198873,-1.129739557416621,1.5461166245793505
1771414079697,1.9150681168628894,-1.1319321942425464,1.5447379712630966
1771414079741,1.9046519695982478,-1.1345040358482248,1.5299018654601917
1771414079785,1.8869601242785075,-1.0753377537212336,1.5505699681210559
1771414079830,1.9237291412578204,-1.1042366430922466,1.5752445032365348
1771414079873,1.9047821651921888,-1.0958762195531462,1.5579635452256728
1771414079915,1.8847241754239394,-0.9434685640861686,1.6315796903641058
1771414079958,1.8975371395118386,-1.0987535017228367,1.5470578328810385
1771414080003,1.943984565486554,-1.1800000289105639,1.5448870258439658
1771414080045,1.920830584085555,-1.0584793836266082,1.6028760174124168
1771414080090,1.9194608533961983,-1.113260483652906,1.5636435217968832
1771414080131,1.9064609564727428,-1.033283956171864,1.6021603054853115
1771414080174,1.9138024063059422,-0.9850227503242182,1.640844243591124
1771414080220,1.9380133573221556,-1.092268963605125,1.6008885920963019
1771414080261,1.9531147731956902,-1.1843594056777131,1.5530454325157348
1771414080306,1.9443914630807773,-1.1719861362943278,1.5514853070639436
1771414080348,1.8794699926787515,-1.0047889208291199,1.5883345610918749
1771414080391,1.8852554265476353,-1.0108991529858893,1.5913110713558547
1771414080436,1.9242927702105446,-1.1758154579586704,1.5232730137142239
1771414080477,1.9165338812500763,-1.1110798357699059,1.5616029317739515
1771414080523,1.8914045766579493,-1.0963637651637475,1.5412325480077975
1771414080568,1.902553560784506,-1.0426417787512903,1.5914170329791462
1771414080608,1.8993272992270875,-1.0438480101688488,1.5867657424004962
1771414080647,1.9425908849042444,-1.1510240663632825,1.5648651522625165
1771414080691,1.9515685785553085,-1.1231491227554733,1.5959811918872975
1771414080736,1.9409253589655575,-1.137546533034285,1.5726344566545831
1771414080778,1.927663659352416,-1.0948159401978934,1.586589184595858
1771414080820,1.9144161110159685,-1.0941254223417467,1.5709483143321423
1771414080860,1.927663659352416,-1.0948159401978934,1.586589184595858
1771414080895,1.9279217262787853,-1.1705907432203626,1.531861447567818
1771414080930,1.9383943558130856,-1.2045117150144025,1.518724532968731
1771414080966,1.8851695023604353,-1.0541393205908578,1.5628993395014716
1771414081001,1.8897699385780051,-1.0748644159846754,1.5543155754231637
1771414081036,1.9064426789924507,-1.1134101076596155,1.5475275830967654
1771414081076,1.9199657197640114,-1.1545074155454147,1.534073333488196
1771414081114,1.9464918231740436,-1.0653657171383557,1.6290568763642628
1771414081157,1.9277650412045357,-1.0547229146433628,1.613641108616329
1771414081204,1.8906355582596577,-1.0259591892762467,1.5880524412296446
1771414081250,1.8971453181070554,-1.1031905238319646,1.5434153770592272
1771414081290,1.9194608533961983,-1.113260483652906,1.5636435217968832
1771414081334,1.918919518969418,-1.0861893728050525,1.581911744278798
1771414081377,1.9344741358750477,-1.1315647727024778,1.5689969240085535
1771414081419,1.881720337883399,-1.0161212541240827,1.5837831375921754
1771414081465,1.9130609680039878,-1.0766218623089032,1.5813562637492111
1771414081508,1.9269891284098508,-1.1403133267349075,1.5533745903292369
1771414081555,1.9208913287715865,-1.1009216175533738,1.5741013591740318
1771414081600,1.931479535684158,-1.1288307190098767,1.5672761098754537
1771414081642,1.940743395023015,-1.1353243349870044,1.5740151141941983
1771414081687,1.9205177363709431,-1.062643862095518,1.5997426036916353
1771414081730,1.9073556458794438,-1.0229999493170598,1.609806405616987
1771414081773,1.937106269455014,-1.1782503259786328,1.53756524040223
1771414081812,1.9220262236388235,-1.1620583102477398,1.530949146098421
1771414081852,1.921417988285595,-1.1322680473416356,1.5523582559050675
1771414081894,1.8968005836794848,-1.0704295525404164,1.5658968763283738
1771414081934,1.8945868084761746,-1.059406545543427,1.570705875112104
1771414081978,1.9127886332160147,-1.1499867741775653,1.5284929749845326
1771414082025,1.896554062011774,-1.1143629220054827,1.5346376080993072
1771414082069,1.9345873358242565,-1.1362941510974813,1.565715096086529
1771414082109,1.8965735260479224,-1.0797465004375908,1.5592109012249193
1771414082149,1.9406312050232677,-1.1372415432993284,1.572492017818921
1771414082191,1.9290298519234856,-1.0391722782592763,1.6252006478307133
1771414082236,1.9250283490717082,-1.0498815979062495,1.6135311509566732
1771414082280,1.9478327983085424,-1.16786911667224,1.5588888146656543
1771414082326,1.9226830750674473,-1.1579883156862014,1.5348528489353792
1771414082369,1.934086010414003,-1.0543164229247992,1.6214516878495673
1771414082413,1.8961596104223666,-1.0441046308903432,1.5828034584086685
1771414082459,1.9117839533117715,-1.1655365826466662,1.515401715273121
1771414082505,1.9152258301712421,-1.167306646602555,1.5183824199959053
1771414082551,1.8958272960436313,-1.0815002722890856,1.5570864771947446
1771414082591,1.9421775502515377,-1.159967827400174,1.5577317728343298
1771414082638,1.8828881117098664,-1.0396473580791725,1.5698410785991501
1771414082679,1.9495151230908514,-1.2299649372392392,1.5125460218856193
1771414082723,1.8996267834524763,-1.0359811230867142,1.5922704007228143
1771414082763,1.9242371276413504,-1.102094957138681,1.577363378820151
1771414082806,1.9624954620131334,-1.2307997694624222,1.52856807696399
1771414082846,1.9042723678508753,-1.0611143545518613,1.5812303998862296
1771414082890,1.9419339354551697,-1.1631499493998345,1.555052926714575
1771414082930,1.949879542430537,-1.1856478826392827,1.5479888011165024
1771414082974,1.9365246904534879,-1.1102259271468473,1.5866714428094115
1771414083016,1.93685371849041,-1.1811724288797127,1.5350029381354708
1771414083060,1.9421308742910728,-1.1187664356797142,1.5875244865107168
1771414083107,1.947629282603206,-1.2110799110558779,1.5253016985142205
1771414083149,1.909735540313448,-1.03878896364504,1.602500334772371
1771414083194,1.8875265416122522,-1.0635482760090815,1.5593657396162133
1771414083233,1.927431076410787,-1.2120366460935432,1.4986519685505237
1771414083278,1.9603120862549392,-1.1364043677314493,1.597312927549914
1771414083324,1.9134716361031565,-1.1461464833105366,1.5322277705896667
1771414083363,1.9088817488133931,-1.0847042538773355,1.5707470237352963
1771414083406,1.94259570444762,-1.07478086438755,1.6181854542927694
1771414083449,1.9323011075254886,-0.9530473099091766,1.680918913933421
1771414083491,1.8919012838895608,-1.0531172981562997,1.571697943087966
1771414083536,1.8818086677638295,-1.0145638206516074,1.5848861523453006
1771414083580,1.905702560940122,-1.00046073390209,1.6219681164233257
1771414083624,1.9100774502657338,-0.9925559326315639,1.6319401296038814
1771414083670,1.912649149445203,-1.1196656628922697,1.5506693948786996
1771414083715,1.8563955543549464,-1.0426892692028242,1.535904795916104
1771414083759,1.944029384081465,-1.0168300294430375,1.656896779342344
1771414083804,1.901204234318583,-1.0207535682811708,1.6039450406520066
1771414083849,1.845019417623803,-0.9440861465850557,1.5851807465507075
1771414083889,1.8989083779929343,-1.1246980718155064,1.5300023775361393
1771414083934,1.8939181902412319,-1.0668019890276306,1.564883263228703
1771414083980,1.880595023662986,-1.0709873595520765,1.5458407805157872
1771414084024,1.9104189782359708,-1.1041150655664091,1.5590479769376744
1771414084067,1.8901583174875318,-0.8213159856705762,1.7023919985858917
1771414084110,1.9235991607186307,-0.943846706657387,1.6761226463028966
1771414084154,1.9265349540504584,-0.9414249159734699,1.6808498019640383
1771414084193,1.9489805922029997,-1.073703775128158,1.6265563476435414
1771414084237,1.8971599039863616,-1.0282758499788123,1.5943225764078899
1771414084277,2.0326167525030048,-1.4132254724919278,1.4609327932714185
1771414084319,1.8757886477232624,-1.1271950531595287,1.4993379749276519
1771414084362,2.2928405360230113,-1.78454087100319,1.4396289811439142
1771414084404,2.0792726237625305,-1.4470671498881245,1.493107935697543
1771414084444,2.1582956401641935,-1.5370054283475219,1.5152077031159843
1771414084486,1.940563858431001,-1.0180643972283958,1.6520692999219486
1771414084531,1.908802326801,-0.8352255915039827,1.7163695796936431
1771414084573,1.9001454944456708,-1.0343156437737755,1.5939711569244357
1771414084614,1.8809155209290271,-1.067309010649369,1.5487719885956028
1771414084656,1.8624915940331097,-1.0489579139204164,1.5390133958701342
1771414084697,1.8571424654472684,-1.1454649622174329,1.4618098909570196
1771414084740,1.859230029412506,-1.1995143517027513,1.4205286418542766
1771414084781,1.833564715188521,-0.9647737471619839,1.5592213382234694
1771414084824,2.053933873052849,-1.47516274830426,1.4291743143820141
1771414084867,1.8931850105118764,-1.0800755135296336,1.5548589547288691
1771414084909,1.8687059530737917,-1.0955016641733968,1.5139148069976547
1771414084949,1.923114010337052,-1.1898055573654922,1.5108706868613373
1771414084991,1.9233194760095915,-1.1134654294794337,1.5682322991674382
1771414085030,1.9574431103276186,-1.132601233226489,1.5964955297973429
1771414085074,1.9420603122654698,-1.1573491264944291,1.5595323837225172
1771414085120,1.9766372040780538,-1.259484714700536,1.5234148778258718
1771414085164,1.9362046336247822,-1.1518638640158507,1.5563091023458517
1771414085209,1.9577163714339438,-1.1721785546889172,1.568008554475354
1771414085255,1.9515432227497667,-1.1281705909154267,1.5924044926004455
1771414085300,1.9296278022669606,-1.0320001247771546,1.6304720781851978
1771414085345,1.9277944514310532,-1.05487771077359,1.6135750562900462
1771414085389,1.9597563271820058,-1.184674865577122,1.561150321013237
1771414085434,1.9420132211286534,-1.162448005799604,1.5556766967628626
1771414085474,1.9276675155372316,-1.0949558963436505,1.5864972850653591
1771414085516,1.9741826834847775,-1.090388542361718,1.6457369457047033
1771414085558,1.942017296744507,-1.0820373554190363,1.6126457584766163
1771414085598,1.9508207820003503,-1.1322712212110828,1.5886042946881458
1771414085634,1.9682598528161532,-1.2009688369522482,1.5593975442065533
1771414085669,1.9387905867250632,-1.0391851329020512,1.6367660794166836
1771414085704,1.9635503320008398,-1.1395585962481014,1.5990422483529523
1771414085739,1.931920342440285,-1.2012969436215168,1.5130108600998842
1771414085778,1.9737423458922503,-1.2523801080663421,1.5255172607636993
1771414085822,1.9944865209887026,-1.2445255813957585,1.5585674703576895
1771414085868,1.9596865266768162,-1.1050663446396511,1.6183941598953588
1771414085910,1.9945405276150552,-1.2766984307422848,1.5323945422896579
1771414085947,1.9262555947866706,-1.1119101759288097,1.5729324133963651
1771414085984,1.9673353111063476,-1.207148173424505,1.553448265544685
1771414086019,1.9495809268388133,-1.0307318086880604,1.654828610114149
1771414086057,1.9670007100673155,-1.1787531542996106,1.57468498266607
1771414086096,2.0024996623103166,-1.3029212323444679,1.5206581337890859
1771414086137,1.9408686957385712,-1.2124965026159111,1.515527474261726
1771414086173,1.9702852639958914,-1.214517729089349,1.5514414933367648
1771414086213,1.985975551168023,-1.2608838691918351,1.5343633071241505
1771414086254,1.9286191058706517,-1.1252030787973548,1.5663619272040117
1771414086293,1.9231190819574406,-1.0697462354053575,1.59813328456199
1771414086335,1.984112995633863,-1.1705602927629384,1.6020277714352913
1771414086379,1.9568166693319466,-1.1400993075420298,1.590378900236531
1771414086422,1.9392674724647505,-1.190737268442918,1.5306544637183535
1771414086468,2.0051462790801318,-1.2714436181371733,1.5504975738153064
1771414086509,1.9322438893470901,-1.0395636600530407,1.6287645147829983
1771414086551,1.9349150856192712,-1.0880507832456365,1.6000130879575918
1771414086594,1.9133091761427514,-1.074647818022303,1.582998443060497
1771414086640,1.9346047013118897,-1.0910598799567572,1.5975868329098146
1771414086682,1.9329516781812341,-1.0736207877019703,1.6073707084546023
1771414086723,1.9472825198801396,-1.2157878335485146,1.5211078712655968
1771414086765,1.9530642444441746,-1.2255184271856554,1.5207118489558409
1771414086801,1.953006644065365,-1.1864064066497102,1.5513461219289466
1771414086842,1.9568166693319466,-1.1400993075420298,1.590378900236531
1771414086877,1.98547168860328,-1.2704853674799006,1.52576694067758
1771414086915,1.934755401401648,-1.2447933899158823,1.4811373601643363
1771414086957,1.9107133745780225,-1.1816874768208205,1.5014793727907743
1771414086998,1.9474379590598871,-1.1357386043927589,1.5819647362945002
1771414087039,1.9050317272111654,-0.9279265758221283,1.6637602446158448
1771414087086,1.924442621078425,-1.0528907943864692,1.6108694475094585
1771414087131,1.924507606737186,-1.0945263057846706,1.5829534719424487
1771414087174,1.9497627848529513,-1.1452802856922286,1.5779442272787283
1771414087213,1.9177298367108948,-1.1002341081501779,1.5707236019981932
1771414087255,1.936188725332677,-1.0294047028821434,1.6398636339005457
1771414087295,2.3477341137023204,-1.8500883380067121,1.4453472282511153
1771414087337,1.921300774457051,-0.9237685313619334,1.6846508143810337
1771414087378,1.9344741358750477,-1.1315647727024778,1.5689969240085535
1771414087423,1.9323562038651998,-1.0401737209278887,1.6285082526371661
1771414087469,2.0875397372925986,-1.4699782465952367,1.4822233668757365
1771414087510,1.8691668809967077,-1.0897786936572842,1.5186070024419034
1771414087550,2.341734050713479,-1.8374948462549732,1.4516649249249536
1771414087592,2.3409533057270657,-1.8237167168649167,1.4676919691208803
1771414087640,1.9036601129305808,-1.0676085165593872,1.5761135368153958
1771414087685,1.8836801823296145,-0.9920795139906149,1.6012586509435243
1771414087724,2.3813239153370755,-1.888217579985338,1.4509782770223032
1771414087763,1.901876759347268,-1.1301307805454657,1.5296861202903564
1771414087809,2.1111714623199287,-1.5022883017180464,1.4832986219353048
1771414087855,1.9789600806957255,-1.3088680624147808,1.4843003052542332
1771414087900,2.262721427905716,-1.746500244714948,1.4386261347251796
1771414087942,1.9604140388297753,-1.2545701940266434,1.5064119064521568
1771414087986,2.0631238483903696,-1.4435139769250305,1.4740242237558956
1771414088028,2.1053189596414015,-1.4942219563734078,1.4831280008539989
1771414088068,1.9073556458794438,-1.0229999493170598,1.609806405616987
1771414088113,1.9979533069866828,-1.2370622724618177,1.5689150234957359
1771414088155,1.9601764282899319,-1.1804935896644537,1.5648407314434931
1771414088201,2.0779370878668444,-1.4294206609152353,1.5081707845205041
1771414088241,2.0809680220722657,-1.5020850463765019,1.4401973553438643
1771414088285,1.9467501276845507,-1.1007914310861502,1.6056445076314743
1771414088330,2.1133099995777407,-1.4460655168358663,1.5410949598689527
1771414088375,2.056232585082229,-1.4072783802721398,1.4992197985527567
1771414088422,2.079538684625487,-1.447931137380809,1.4926408014847432
1771414088468,2.169278027380036,-1.5974423604314487,1.4676324693781548
1771414088508,2.2133844223512846,-1.6676862397519974,1.4552983222862497
1771414088551,2.061743168312181,-1.4559282391564055,1.4598143219289499
1771414088596,1.8933695529242973,-1.1157937334035928,1.529657676880035
1771414088640,2.0497965471997444,-1.4773924857276783,1.4209072200630786
1771414088686,1.8357121168275903,-0.9765199785143968,1.5544284182392816
1771414088725,1.861215083286773,-0.9893188828887275,1.5765055452531684
1771414088764,2.3680028418094983,-1.882956758771828,1.4359356891634634
1771414088804,2.096862371155749,-1.5830522827920412,1.3750553710726772
1771414088850,1.9131944318693632,-1.225051097037471,1.4695450805549397
1771414088894,2.2399758743462783,-1.7405800240781857,1.4099195358010175
1771414088939,1.9275092907196352,-1.2504335338436559,1.4668701521435963
1771414088979,2.289605181672886,-1.7884368189865494,1.4296103078939386
1771414089024,1.903424820429162,-1.2195940192915178,1.4613748578424868
1771414089067,1.9019647709561076,-1.1249537685371125,1.5336065364402525
1771414089111,1.8891262962260262,-1.0445352369778336,1.574085226982429
1771414089156,2.2669541247138127,-1.7433775962787814,1.4490395302924584
1771414089197,2.346946176151801,-1.828657153410874,1.4711116099850485
1771414089239,2.1192531461059945,-1.4508087130923557,1.544793829381597
1771414089285,1.9199219221962114,-0.9463865022418194,1.670464838212433
1771414089324,2.5352130439578486,-2.0046415795361345,1.5520042898938429
1771414089371,2.07954809288901,-1.5212538134017173,1.4178529916211526
1771414089412,2.0615037432788896,-1.4241519447035962,1.490499554495015
1771414089457,2.0656955219400426,-1.4860443751219783,1.4348414910823684
1771414089502,1.8842461764727318,-1.1060499617362145,1.5254629250478124
1771414089547,1.8818167218913788,-0.9363740129354909,1.6323105962680937
1771414089590,1.919055533688913,-1.1220217898009637,1.5568690518453634
1771414089630,2.103467054807427,-1.5455192345271194,1.426865076440985
1771414089676,1.9030150249738997,-0.9588179103239678,1.6438170214833498
1771414089721,1.8919012838895608,-1.0531172981562997,1.571697943087966
1771414089762,1.8751273889162967,-0.9773761113091508,1.6002620603220747
1771414089807,1.9350472593012635,-1.0025748332398157,1.6550684576426098
1771414089850,1.9143344355212282,-1.0565957935257968,1.5963338185122717
1771414089893,1.930430016518009,-1.1420606191489822,1.556360366644809
1771414089935,1.8882909087338333,-1.0545822101123024,1.5663648738788476
1771414089981,1.9087033546267347,-1.0943896905116852,1.5637965664577629
1771414090023,1.9252855947337768,-1.1280636024468156,1.5601913761215658
1771414090068,2.128576731795068,-1.5339790695622344,1.4757191864593866
1771414090113,2.4907897107596844,-1.9754290736223348,1.5171398611578024
1771414090157,1.8549266784533105,-1.0266438374462559,1.5449127527052966
1771414090203,1.8891785691201186,-1.0821813289435753,1.5485087139918379
1771414090243,1.9163641602470092,-1.1937034493601595,1.4991743293109316
1771414090289,1.8605780717010485,-0.9966711765975227,1.5711134034927274
1771414090330,1.881371139454434,-1.061981740086201,1.5529816959950171
1771414090375,1.8808336819952358,-0.9488812629599179,1.6239334001526502
1771414090420,1.9050908843362269,-1.0547073299215397,1.5864941619151212
1771414090464,1.875132910207661,-1.057292692959605,1.5486302309970832
1771414090510,1.8781984946324493,-1.0622798725401037,1.5489322314535843
1771414090555,1.9194608533961983,-1.113260483652906,1.5636435217968832
1771414090598,2.079756092077471,-1.4794076399421907,1.4617586796096105
1771414090642,1.9780903374397734,-1.2788838377450176,1.5090717387278751
1771414090685,2.3863771138423955,-1.9415994016238804,1.3874391853643715
1771414090730,1.8624570097509865,-1.1288328241334908,1.481378603979885
1771414090774,1.8726970843807171,-0.9243392000447045,1.628677811326953
1771414090820,1.9036808531275977,-0.9465925628977943,1.6516547188898785
1771414090865,1.9255427652319004,-1.04119332454299,1.6197627609202618
1771414090906,1.8846972839330434,-0.9395778227460414,1.6337923267870977
1771414090946,2.3625966438536263,-1.8693158944940023,1.4448255909072578
1771414090984,2.3199328657764173,-1.8207881366515979,1.4376435800080571
1771414091024,1.9159981469819622,-1.1937585141114704,1.4986625735050194
1771414091067,1.9045773185760781,-1.1359506281272738,1.5287350760977834
1771414091106,1.9368958101496723,-1.2167127033714955,1.5070419957087402
1771414091150,1.8978701747457276,-1.1396276058270363,1.5176165919712117
1771414091194,1.9072357985813981,-1.0312588936563516,1.6043857035155547
1771414091241,1.9126055325203548,-1.0005590128043707,1.6300127560615632
1771414091288,1.9508662286660179,-1.1316814321404736,1.5890802932193384
1771414091329,1.9078467641901933,-1.059791142375625,1.5864179809158614
1771414091374,1.9264991610494546,-1.1131681527737227,1.5723408285656741
1771414091416,1.8836801823296145,-0.9920795139906149,1.6012586509435243
1771414091457,1.8848969687028048,-0.8933124836116728,1.659767872097953
1771414091504,1.8838997899996324,-1.0273834529549326,1.5791015354799254
1771414091545,1.9051902428882788,-1.0489735113213314,1.5904101465165819
1771414091589,1.8787948014721192,-1.0087640895356782,1.5850125922849678
1771414091636,1.9219250504221113,-1.0879133398643455,1.584373839845016
1771414091682,1.891453116493723,-1.0541487100645894,1.570466615042478
1771414091723,1.9125209663509841,-1.0789222423167817,1.579133699775364
1771414091769,1.8892050353465049,-1.0856789885522586,1.5460908121435601
1771414091810,1.9386919671416036,-1.0841686223396345,1.60720407596346
1771414091854,1.9506153208503783,-1.2135640463710904,1.5271419172073204
1771414091897,1.943984565486554,-1.1800000289105639,1.5448870258439658
1771414091941,1.8716882758611686,-1.019017713664864,1.5699744906314201
1771414091983,2.057944928252335,-1.4585910868087053,1.451774558670081
1771414092024,1.9002525414818696,-1.0716319976256277,1.5692560603907864
1771414092070,1.9094376090170275,-1.0780662607893716,1.5759838578095542
1771414092116,1.8615095842516345,-0.943185436811589,1.6048735663743812
1771414092159,2.093391206316331,-1.482625378421583,1.477873042565836
1771414092203,1.8768598873927071,-1.0367106229911145,1.564555566632627
1771414092248,1.9080306770908722,-1.0950863943354934,1.5624873931207062
1771414092290,1.8678816580491509,-0.9844137439601318,1.5874229018062078
1771414092332,1.8765789316392123,-0.9980436096846481,1.5891687889710788
1771414092375,2.0493488001521527,-1.4439558084615622,1.4542428022497425
1771414092422,1.8778947409699323,-1.0657303268839593,1.5461912975186278
1771414092465,1.886064346757281,-1.0009390055844614,1.5985492883263124
1771414092507,1.8876724080316942,-1.0639692128112992,1.5592551536659676
1771414092551,1.8497139656111974,-0.8900619638542,1.6214905041587837
1771414092596,1.8948812857320076,-1.0928072127383137,1.5480140447697832
1771414092640,1.93437998839562,-1.2092822650655868,1.5097888405016389
1771414092685,1.9231095628592487,-1.0734074670341047,1.5956650025854795
1771414092725,1.8723823352889015,-0.928618944999026,1.625878982117309
1771414092773,1.9031937739821634,-0.9918069275743446,1.6243354209460583
1771414092813,2.1296962343528216,-1.5543882279647643,1.4558445272010154
1771414092851,2.044326770064129,-1.4293273909029691,1.4616070444600855
1771414092888,1.892562701594654,-1.0451701993749323,1.5777873221083443
1771414092923,1.9137983888076047,-1.1427853304275357,1.5351436289683813
1771414092960,1.8994467223116778,-1.1175205151091254,1.5359185359942795
1771414092995,1.9000486134754426,-1.0730422066602476,1.5680450109278299
1771414093040,1.961395346254888,-1.3183992207604265,1.4522035666560775
1771414093081,1.9317158843766296,-1.199569188781981,1.5141202129546794
1771414093123,1.9120366640748283,-1.2028141509691097,1.4863116506960636
1771414093164,1.8952288858836583,-1.0551562440747384,1.574337267067608
1771414093202,1.918589121060742,-1.2004064335134068,1.4966658310498886
1771414093237,1.9083394444434947,-1.1687592963084603,1.5085626080847485
1771414093272,2.244615156950445,-1.7322328899715786,1.4274685347538782
1771414093309,1.9257008800166218,-1.2000262649084075,1.5060746471628716
1771414093344,1.9456834251254198,-1.1971493328399616,1.5337918586589967
1771414093379,1.894956013354734,-1.0919514483266155,1.5487092454836944
1771414093415,1.9154103961746096,-1.1238821804531025,1.5510273467072573
1771414093451,1.948914447406527,-1.2325687532037906,1.5096495593135322
1771414093491,1.903089886923419,-1.1524952459118687,1.5144325095099924
1771414093527,1.9052658273595158,-1.090240600467691,1.562502257917021
1771414093570,1.8708860542509624,-1.0697477096104184,1.5348793000669465
1771414093615,1.917308482312946,-1.2188487512972928,1.4800268706378958
1771414093655,1.9738887781862222,-1.253744301445201,1.5245858897560287
1771414093696,1.946507269963494,-1.187614904876567,1.5422261149830647
1771414093734,1.9444190083933652,-1.2480940930758677,1.4909816950689116
1771414093780,1.9757909103230487,-1.1913815138943582,1.5761852079200491
1771414093819,2.277762864099245,-1.7656722339143285,1.438959772701649
1771414093858,1.9038500828722633,-0.813510019339469,1.7212921270043098
1771414093896,1.924375671568585,-1.0537425333581243,1.610232405187849
1771414093934,1.926266771039986,-1.111513729907862,1.573226271532206
1771414093975,1.9430797906992612,-1.1870414185533622,1.5383405811661819
1771414094012,1.9569810858306664,-1.175928551900801,1.5642784314576033
1771414094058,1.9441890328223,-1.21436844063572,1.5182820178525727
1771414094099,1.9830504445012764,-1.258765489560787,1.532318017817288
1771414094138,1.9050045984810224,-1.2408383372560683,1.4454628120534398
1771414094179,1.8972577815790108,-1.1826336456884197,1.4835648788805385
1771414094223,1.8627990181550549,-1.0820378858973283,1.5163159946140108
1771414094265,1.9326236345947714,-1.1567963097568776,1.5481784169556085
1771414094304,1.971720932697012,-1.2014010993347592,1.563431749374691
1771414094349,1.9521255105232966,-1.2369944193320004,1.5101784051486529
1771414094390,1.9737445259427133,-1.2557068520466894,1.5227828983186737
1771414094432,1.906094488999283,-1.117931166186218,1.5438348709181824
1771414094473,1.9044064532449363,-1.1010391285323609,1.553858673303868
1771414094567,1.9269532395802695,-1.1083727843551343,1.576279974633232
1771414094602,2.056591017141237,-1.5143314914277437,1.391533954259203
1771414094645,2.1413235481659885,-1.6090311059509104,1.4128996560310174
1771414094687,2.125120413660363,-1.5690862751741455,1.433214929316646
1771414094726,1.9165338812500763,-1.1110798357699059,1.5616029317739515
1771414094767,1.9481024380364056,-1.2060065005085343,1.5299187657567137
1771414094808,1.9116228372870285,-1.0940909389235285,1.5675671881621984
1771414094849,1.9192899300398996,-1.1522839802196252,1.5348991707867268
1771414094890,1.8907224321257925,-1.0290664725741332,1.5861442274798034
1771414094930,1.9200566269466153,-1.1106556025909942,1.56622526576315
1771414094973,1.8859531481539826,-1.1190160605855166,1.518098262031674
1771414095017,2.0138294675037782,-1.39717535462681,1.4503138117697143
1771414095059,1.9144959588476163,-1.1709224468513773,1.5146733640965095
1771414095098,2.1445860462269843,-1.615003162104346,1.411032989006442
1771414095136,1.9771344112521656,-1.3243523236944947,1.4680433927110055
1771414095175,1.9609045499300928,-1.319198835310679,1.4508139394324442
1771414095219,1.8705722890666687,-1.1098558694254252,1.505742553601395
1771414095259,1.913874342630491,-1.2520349629919487,1.4475232125341007
1771414095302,1.93671055110619,-1.2965907127207652,1.4386452941751486
1771414095346,1.9007276360952439,-1.0650055200574484,1.574334395502867
1771414095388,1.88467869756235,-1.0601584306755476,1.5582290893552448
1771414095428,1.8965735260479224,-1.0797465004375908,1.5592109012249193
1771414095471,1.8770487119681427,-1.0341258683391976,1.5664914795596445
1771414095516,1.857674761140034,-0.908078268695507,1.6206015476049789
1771414095557,2.3189065791638406,-1.8360643967462276,1.4164022217895091
1771414095600,1.9947110272926103,-1.3883653474381208,1.4322408123062849
1771414095646,2.0097158410011304,-1.3330342933803558,1.5039871456374942
1771414095688,1.874626507447564,-1.0253353733586197,1.5693667240529192
1771414095731,1.9991113268994454,-1.3014226392809682,1.5174798882702267
1771414095772,1.9353546128359245,-1.1618926523795465,1.5477735434396447
1771414095817,1.9057152779497109,-1.1626399269281016,1.5099732186113641
1771414095861,2.332425553436686,-1.838314756078562,1.4355513992568314
1771414095907,1.9608298850611787,-1.1297890435548519,1.6026323830537208
1771414095946,1.9544751569296206,-1.1690836824414819,1.5662747148901208
1771414095984,1.968499070565055,-1.1985740178752908,1.5615405580675024
1771414096019,1.938202202552987,-1.1283511785083808,1.5758970131134833
1771414096060,1.8809154829426482,-1.0677175302824033,1.5484903388465232
1771414096100,1.8769618347262578,-0.9148472441281302,1.6389143506999153
1771414096141,1.8820579777565267,-1.1639306608144888,1.478988724924208
1771414096184,1.9525400131161503,-1.2678295787179348,1.4849311977824158
1771414096224,1.9004087898872004,-1.218003998292132,1.4587733987240492
1771414096271,2.051049045074214,-1.3942626466063541,1.50427186956949
1771414096312,1.9508733420907314,-1.093407909313051,1.6156626939840886
1771414096356,1.9413633971461766,-1.2061426058464724,1.5212205146331759
1771414096398,1.974650622638082,-1.277808366833113,1.5054736328266456
1771414096441,1.9775177824029009,-1.2485576711698234,1.5335189341780797
1771414096483,1.9636569401873687,-1.2902457338619038,1.4802751517867134
1771414096526,1.9750623112350005,-1.3503483549502262,1.4413294049398144
1771414096572,1.9751089107087874,-1.2724199313926687,1.510629910784216
1771414096618,1.952512711358868,-1.2638044244542386,1.4883226346286107
1771414096658,2.001755649123758,-1.3459553183568918,1.4816983362971279
1771414096706,1.929643868490041,-1.150836936608894,1.5489027743980148
1771414096751,1.9293223760547902,-1.116867148301874,1.5731791391287073
1771414096794,2.043980129207469,-1.4692431223098348,1.4209783306371107
1771414096839,2.0660811823694005,-1.4818591517583468,1.4397169536026773
1771414096883,1.9208913287715865,-1.1009216175533738,1.5741013591740318
1771414096928,1.9517563825052717,-1.2001226722058633,1.5391746321673583
1771414096973,2.027591324428404,-1.2810029473839541,1.571673639051998
1771414097018,2.25885526842568,-1.7209867641884555,1.4630897720859781
1771414097063,2.154327321099688,-1.5414719559733239,1.504988510050603
1771414097106,1.9232187883235252,-0.8123923518481121,1.743212314785351
1771414097146,2.3578050439308798,-1.812241114942376,1.5083191858815268
1771414097192,1.9490584448307664,-1.2704015079981454,1.4781437108218416
1771414097232,1.9807728652182996,-1.2476560829498073,1.538445787885766
1771414097274,1.9551043300156006,-1.2020842006166366,1.5418905654661788
1771414097315,1.9781312098881387,-1.200153825574761,1.5724610896590663
1771414097362,1.9941060310810121,-1.2484853837419052,1.5549093574149249
1771414097407,1.962208030227062,-1.1562786343594689,1.5853327958543493
1771414097448,1.9532759384553886,-1.144902704072189,1.58255637812906
1771414097489,2.0580215120034646,-1.3510142957156692,1.5524860439440096
1771414097535,1.9503117082306105,-1.0957874219213979,1.6133709075163896
1771414097576,1.9266389976498348,-1.0252549434860396,1.631192854362291
1771414097622,1.9307454343876596,-1.0962240572332007,1.5893617425721474
1771414097668,1.898555194905967,-0.9265035673260432,1.6571369792013424
1771414097711,1.908550141714829,-0.9226351971095502,1.6707207835225835
1771414097757,1.956245201976284,-1.1051155953396148,1.6141916897296926
1771414097805,1.9652444894836236,-1.2363261586133618,1.527639857091349
1771414097846,2.085854804353155,-1.5223794593368942,1.4258860566792302
1771414097889,1.9312639235837112,-1.1732338039352734,1.5340478427479107
1771414097936,1.9459135435937172,-1.1155060969438217,1.5944358459413217
1771414097981,1.9002160136567314,-0.9900293650275455,1.6219317972530887
1771414098023,2.111187201816134,-1.578725810106387,1.4016904856694186
1771414098066,1.8744110638299298,-1.138071790428621,1.4893654474435218
1771414098106,1.921348841620911,-1.2792317764173595,1.4335785410650173
1771414098152,1.8500872824044676,-1.1493050869080834,1.4498002516629493
1771414098198,1.9186431979103982,-1.2397099166526002,1.4643466268070011
1771414098240,1.9111508914621413,-1.1326790155108468,1.5393297170385285
1771414098281,2.0822924262262337,-1.4528805317654632,1.4916701742463176
1771414098322,2.2550252441824483,-1.6888873497186203,1.4942551227486307
1771414098364,1.92746061129441,-1.0618070042523768,1.608623726609804
1771414098407,1.9138024063059422,-0.9850227503242182,1.640844243591124
1771414098453,1.9544751569296206,-1.1690836824414819,1.5662747148901208
1771414098494,1.969228968653876,-1.1934521216841163,1.5663763162896998
1771414098533,1.9420132211286534,-1.162448005799604,1.5556766967628626
1771414098576,1.950545397391763,-1.0544686254010744,1.6409519387632776
1771414098622,1.9059719821268148,-1.115126652314205,1.5457107575322537
1771414098661,1.8714287553769013,-0.940623959913328,1.617860362481419
1771414098706,1.9481024380364056,-1.2060065005085343,1.5299187657567137
1771414098749,2.117503143649699,-1.5419392766146482,1.45129005736257
1771414098788,2.228239984407526,-1.6897158415645774,1.452554234057429
1771414098828,1.9199657197640114,-1.1545074155454147,1.534073333488196
1771414098867,1.8809155209290271,-1.067309010649369,1.5487719885956028
1771414098910,1.9154103961746096,-1.1238821804531025,1.5510273467072573
1771414098949,1.9273596582013455,-1.2134486387216632,1.4974169937751307
1771414098989,1.8725741746296998,-1.0868093137469106,1.5249195241202307
1771414099032,1.9056942218545099,-1.1628838666357166,1.5097587820337495
1771414099074,1.8767002404062798,-0.9960751843570951,1.5905464530937055
1771414099112,1.892371057255108,-1.0815004473836232,1.5528763636058853
1771414099154,2.346408552580421,-1.8605610677361772,1.4296662578542452
1771414099200,1.93685371849041,-1.1811724288797127,1.5350029381354708
1771414099242,1.960687832141827,-1.2869621084204432,1.47919752115768
1771414099286,1.970006118426938,-1.221963881587025,1.54522761389264
1771414099331,1.9583778685473843,-1.273072300124497,1.4881299656521665
1771414099373,1.9474499189890166,-1.2092510148562712,1.5265232294463802
1771414099418,1.8873508053311672,-1.0283295876056895,1.582602704925945
1771414099463,1.9591856735566409,-1.264723093822117,1.4962900786353566
1771414099507,1.9232259161074448,-1.1838678056515108,1.5156698001640057
1771414099552,1.930199938481373,-1.216633050787511,1.498491181904308
1771414099596,1.9868593061114779,-1.3658062238875681,1.4429772212587992
1771414099642,1.9794701574261095,-1.3376314956397288,1.4591244244454167
1771414099687,1.9908530197362424,-1.390799936504916,1.4244898324701503
1771414099729,1.9857069937572223,-1.303795958607438,1.49771437977181
1771414099774,1.937541250428833,-1.249773023826957,1.4805855213488175
1771414099818,1.9857152945889422,-1.3037785669862976,1.4977405247343767
1771414099859,1.9753060110562781,-1.3094438279441547,1.4789153791796283
1771414099894,2.1329384916947682,-1.5573864836698161,1.4573859989157705
1771414099931,1.9281172887403863,-1.2083394829277028,1.502515215609343
1771414099971,1.891294216169396,-1.0565728118692492,1.5686451814653681
1771414100013,2.1028296239984323,-1.5546887956206434,1.415922023395717
1771414100055,1.9354366962361513,-1.2373359200109606,1.488259058829523
1771414100100,2.157764017388659,-1.6132631806205804,1.4329436362925148
1771414100146,1.9242371276413504,-1.102094957138681,1.577363378820151
1771414100190,1.8641522054565889,-0.9092401567702936,1.627373891404491
1771414100235,1.8919012838895608,-1.0531172981562997,1.571697943087966
1771414100281,1.9346047013118897,-1.0910598799567572,1.5975868329098146
1771414100323,2.228658289141696,-1.6817571166456444,1.4623989778346127
1771414100368,1.9237174903231877,-1.1784066238032935,1.5205416178296034
1771414100414,1.9078467641901933,-1.059791142375625,1.5864179809158614
1771414100457,2.246911075584736,-1.7351941078082318,1.4274840769034693
1771414100498,1.9311560080182266,-1.1738807029096443,1.533416976116168
1771414100541,1.9617216036836531,-1.2035982808936698,1.5490974238533115
1771414100583,1.9619377467491919,-1.2736022579161548,1.492359544731151
1771414100630,1.9285020309715553,-1.130830338091688,1.5621596685079449
1771414100673,1.90357006321381,-0.9873834091181339,1.6274682758696342
1771414100720,1.9216639329751168,-1.1660168375228637,1.5274806073762686
1771414100766,1.937197292882236,-1.1400689097621728,1.5661980183054613
1771414100808,1.9438768382735863,-1.139956548449841,1.5745336547761815
1771414100849,1.893414344056285,-1.0727074119879212,1.5602296903162265
1771414100889,1.9405341880284233,-1.1800127067512334,1.5405333319382477
1771414100931,1.8968005836794848,-1.0704295525404164,1.5658968763283738
1771414100971,1.8987345757202718,-1.0466173265599912,1.5842301476679634
1771414101011,1.8948812857320076,-1.0928072127383137,1.5480140447697832
1771414101051,1.9387190395823233,-1.2361800632342241,1.4934826298625759
1771414101094,1.897090408801781,-1.032828445507615,1.5912942598143287
1771414101138,1.8986627185258371,-1.1626303230465183,1.5010699019874691
1771414101183,2.0530255006224585,-1.5103817046740464,1.3905613299642763
1771414101230,1.867340317219844,-1.0666853688046387,1.5326911575046094
1771414101273,2.2988147809074566,-1.8283754287218184,1.393410452294981
1771414101315,1.908279161680349,-1.209000480258163,1.4764305597077658
1771414101355,1.933812840101155,-1.2902756835940727,1.440423812933521
1771414101397,1.8775547627105522,-1.2530257679534786,1.3982626047426403
1771414101442,1.9210511164295285,-1.2473410927558362,1.4610193668318756
1771414101485,2.012371232041377,-1.4503371197530652,1.3950484631775746
1771414101527,1.9252554090198661,-1.3118906727720558,1.409095899026725
1771414101572,1.9624272785160306,-1.3756743674758385,1.399514508011184
1771414101619,1.9711509101295441,-1.3578869245498977,1.4288383430748735
1771414101660,1.9658132657934742,-1.3090524183190952,1.4665618166523129
1771414101706,1.9396149389812314,-1.3343380296548448,1.4077102450916497
1771414101747,1.9550442136544315,-1.3481945699204418,1.4158281248021276
1771414101789,2.293172161967068,-1.7870174944473383,1.4370828225818695
1771414101833,1.92961918692801,-1.2624609468317456,1.4593226388586613
1771414101874,2.0871908107161987,-1.5812364907541958,1.3623716969481927
1771414101921,1.882608607216118,-1.1568022538309712,1.4852689027566006
1771414101964,1.8688977205805084,-1.2019098160590693,1.4311504058106101
1771414102008,1.9976637294097848,-1.4933401366501446,1.3268743768982565
1771414102051,1.882500925620377,-1.1581309760072371,1.484096485197004
1771414102093,1.937057037936058,-1.3272139568170578,1.4109192326450244
1771414102137,1.9180643879977763,-1.3130539479662091,1.3981631972826478
1771414102182,1.8578252855468698,-1.210731415551652,1.4091288908448374
1771414102224,1.903995714896726,-1.2552707422367528,1.4316057578919854
1771414102269,2.306441397239592,-1.8191134687818522,1.4179203456460374
1771414102308,2.2998677703964456,-1.8164700410036883,1.410612757437128
1771414102349,1.9598149234056823,-1.3309455811913735,1.4385612235531644
1771414102393,1.8866532122585988,-1.1901655570650205,1.4638873898294906
1771414102439,1.9045773185760781,-1.1359506281272738,1.5287350760977834
1771414102482,1.9476877182514603,-1.253572380000715,1.490652117674316
1771414102524,2.3144516857625597,-1.806545830291672,1.4467476520751392
1771414102566,1.8535226716598745,-0.9975221039830874,1.5622086756967883
1771414102608,1.9079648835931597,-1.2436144489788306,1.446980683808785
1771414102648,1.903089886923419,-1.1524952459118687,1.5144325095099924
1771414102691,1.9144161594857976,-1.2120749004665532,1.481844683952858
1771414102736,1.929237662081953,-1.2662220500874268,1.4555547659459034
1771414102778,1.9110502396281153,-1.178119949514129,1.504708078977282
1771414102825,1.8669308450788766,-1.079060453252887,1.5235023198317104
1771414102871,1.9026498034311081,-1.1218175186605859,1.5367503796396604
1771414102913,1.853265882965434,-1.0058323355984593,1.556565368247732
1771414102959,1.8719088957020447,-1.0948487333177104,1.5183376320703685
1771414103001,1.907057003736568,-1.1433547426875261,1.5263048017596739
1771414103042,2.076349998389841,-1.513491198779316,1.4214688554558776
1771414103084,2.048593515461166,-1.4579911960186258,1.4390959189441535
1771414103127,2.3340212913815366,-1.8492079444060252,1.4241086218993195
1771414103169,2.30666148830744,-1.816815021430129,1.421221446343438
1771414103214,2.252250843523546,-1.7167861216414269,1.4578337609933147
1771414103255,2.3498014273765624,-1.86210708873386,1.4332215244643933
1771414103297,2.3167252940840917,-1.8167443440506494,1.437586893585566
1771414103339,2.2306154657435164,-1.7354226192240552,1.4014113203123784
1771414103380,2.1124857548584193,-1.5651707892649376,1.418744679253994
1771414103422,2.051758757497645,-1.460051347777774,1.4415145024662726
1771414103467,2.029590786764025,-1.4436712393950484,1.4265525276907884
1771414103511,2.103057643092579,-1.5550809906589942,1.4158299907337584
1771414103554,2.2729126425528654,-1.7485645805141419,1.4521204455719412
1771414103596,2.2400949502404943,-1.7381253814597681,1.4131332366122795
1771414103640,2.1067627688807224,-1.5533174757080461,1.4232547853430715
1771414103680,1.884771599920513,-1.0220996168855723,1.583564446755893
1771414103722,1.9106294315432413,-1.1788445837178305,1.5036057568785721
1771414103767,2.1252528172855416,-1.5671135910929053,1.4355676682037772
1771414103807,2.1225566538032354,-1.5944993793302629,1.401006237644856
1771414103846,2.109915639922332,-1.58745445922374,1.3898677446000127
1771414103892,1.9026748480142885,-1.1966171705245745,1.4792832468705772
1771414103938,2.0707437658844934,-1.5051722890008088,1.4221238076811598
1771414103982,2.1599165404667438,-1.6244517307880522,1.4235153796575324
1771414104027,1.8768289482943223,-1.114718123892187,1.5099305962268117
1771414104071,2.104514565747204,-1.5709153941207192,1.4004307844219535
1771414104116,2.254761030123989,-1.761984893581645,1.4068960650154194
1771414104156,2.1019118482726866,-1.564371626625764,1.4038428799966767
1771414104198,1.8883303984482829,-1.1320338828318697,1.5113871052197223
1771414104239,1.8968820250593796,-1.1064681535297667,1.5407432109919557
1771414104278,2.1184762776962014,-1.6014398713429634,1.3868424847957987
1771414104322,1.9142498094779674,-1.2094358053477758,1.483784811160032
1771414104369,1.8892050353465049,-1.0856789885522586,1.5460908121435601
1771414104413,1.9488144825624818,-1.2740012941524552,1.4747198343899572
1771414104456,1.9458205770220638,-1.267797153325961,1.4761124943516557
1771414104500,1.9253015683017245,-1.2003196539216985,1.5053301489422093
1771414104542,1.9421209898574725,-1.1935162968922013,1.5321073031278507
1771414104587,2.1067627688807224,-1.5533174757080461,1.4232547853430715
1771414104635,1.9389321049812538,-1.269887528063704,1.4652110338771307
1771414104675,1.9468701440266794,-1.29441418602816,1.4542335688298216
1771414104720,1.8821034421355458,-1.1307536314907383,1.5045629238316944
1771414104766,1.9756795612137856,-1.378686069492727,1.4151093422010161
1771414104808,2.215218607744456,-1.6800087956425453,1.4438711599934981
1771414104848,2.1558972078660297,-1.5990164454009783,1.4460425921188362
1771414104891,2.103260482104898,-1.5186476428248905,1.4551336682678095
1771414104932,2.358216465946827,-1.8469198593737965,1.466312358712637
1771414104977,2.0164503296904135,-1.3283517027477962,1.5170872374110882
1771414105023,1.9519374280106507,-1.2020149854393396,1.5379270781308516
1771414105065,1.9691689490287456,-1.1937648667393523,1.566062512404199
1771414105106,1.9654062608698044,-1.193135022717287,1.5618100357699218
1771414105147,2.1047964971658977,-1.4992217238071734,1.4773295222618685
1771414105191,2.276967068700447,-1.7023160909201958,1.5121835069000356
1771414105231,2.2149726955529636,-1.688431043586532,1.4336333747156058
1771414105276,1.9047821220430945,-1.1287848720419276,1.5342879928827844
1771414105321,1.9564137400462063,-1.2603899706794846,1.4963194324916564
1771414105365,1.9585033072193312,-1.31500223538871,1.451380145003973
1771414105406,1.9825793783075853,-1.3393389630409198,1.4617770463962572
1771414105452,2.0161133746575026,-1.3723288633794168,1.4769653449585811
1771414105493,2.1165841943013723,-1.514580174381583,1.47850449675902
1771414105537,2.2476875561744403,-1.6567596706465775,1.518962390548387
1771414105582,2.1812876268832877,-1.6205459296093563,1.4600844500304333
1771414105626,1.9580110494083627,-0.9973955801217302,1.6849360006715017
1771414105665,2.096233847375016,-1.4837871296476355,1.48073363464625
1771414105704,2.1088079586274926,-1.5305839438580602,1.45064943979397
1771414105752,1.9610171453577112,-1.1696398147741534,1.574017454821258
1771414105793,1.9023823349950657,-1.0448863494672938,1.589739307307393
1771414105836,1.9130066966002475,-0.9949907826603148,1.6338873778992253
1771414105881,2.10321533611619,-1.5160969059412264,1.4577259419622668
1771414105925,2.0713932325463484,-1.4636094311796157,1.4657821655351428
1771414105961,2.2668823694247413,-1.7014120059563227,1.4979829314102384
1771414105996,2.1206819968493114,-1.5072594571726423,1.4917979288510945
1771414106034,2.0876925080926765,-1.4350454432260982,1.5162798502328985
1771414106070,2.281053146460624,-1.73221879735669,1.484123140127549
1771414106109,2.2547087919454314,-1.7249550720049673,1.451978559084246
1771414106154,1.9068441040260624,-0.9493950865232237,1.6536938672996635
1771414106202,1.8859253199663422,-0.8837161218699444,1.666061261910046
1771414106245,2.0750615746675116,-1.4231469093053724,1.5101435074840337
1771414106290,1.9774185460283933,-1.2094107878862845,1.5644518696084329
1771414106335,1.9446206530276624,-1.1264916214335443,1.5851076023481045
1771414106376,1.9680126338988952,-1.1623680063414978,1.5880725251131822
1771414106420,2.2955538166401097,-1.7612989706303934,1.4722069355723368
1771414106467,1.9060979947289185,-1.1176628750641358,1.5440334397975242
1771414106511,1.9151899944689856,-0.9173356035454034,1.6812043615759815
1771414106555,2.344249755090112,-1.8131631842027724,1.4859159403181974
1771414106601,1.9969426254554952,-1.2896601352596557,1.5246496597196133
1771414106645,2.35431797655672,-1.8526866407015823,1.4527096565053923
1771414106688,2.33217878249922,-1.7992927495328985,1.4837801302813993
1771414106728,2.0536896812448853,-1.3602379068428805,1.5386338562632171
1771414106772,1.924507606737186,-1.0945263057846706,1.5829534719424487
1771414106814,1.9646248141424199,-1.2434811333123632,1.5210211475980004
1771414106856,1.9770053524640603,-1.2512661368534175,1.5306479733875675
1771414106902,1.9748707403277703,-1.3142671566171988,1.4740475847272025
1771414106949,2.002979777520119,-1.3365372411897736,1.491843219667326
1771414106993,1.9654629830368782,-1.3429107953109318,1.4351429662321398
1771414107038,2.2224159672523287,-1.7139706383033466,1.4147216625655108
1771414107084,1.9942855500108796,-1.319135658069372,1.4956791001388237
1771414107126,2.136200597836839,-1.5980790800546574,1.4175670171424442
1771414107171,2.1014911938104897,-1.5349795277084912,1.4353059211118913
1771414107213,2.0794292772981366,-1.4874366222560307,1.4531202338609914
1771414107257,2.15640943383079,-1.630774248979737,1.4109135321411457
1771414107301,2.2343102864115485,-1.6963867363893101,1.4541026430644024
1771414107342,1.9935917760100381,-1.366288165341169,1.4517798795352967
1771414107388,2.243560493765438,-1.7374312538485424,1.4194704390494706
1771414107430,2.262531085012003,-1.7485505720338161,1.4358334888439557
1771414107468,1.969076703044234,-1.3384109116885559,1.4442711981980945
1771414107503,2.1545962222104875,-1.6135103948771408,1.4278897318725694
1771414107542,1.9317158843766296,-1.199569188781981,1.5141202129546794
1771414107579,1.917714838511923,-1.1748692703973407,1.5156887541064725
1771414107621,1.956191178462543,-1.2627180226550274,1.494063961802456
1771414107666,1.9636574854427162,-1.2173939114344952,1.5407474759146718
1771414107711,1.9498691596939064,-1.2260251089590377,1.5161966139414111
1771414107757,1.966567399639699,-1.292176178230812,1.4824533927710715
1771414107800,2.01317404228847,-1.3697821675090671,1.4753191309402378
1771414107846,1.914877933320483,-1.1306718715079827,1.5454250607837186
1771414107892,1.9078467641901933,-1.059791142375625,1.5864179809158614
1771414107932,2.2945723946377226,-1.7660321107556518,1.464989098257536
1771414107973,2.065121013813744,-1.4238616794452172,1.4957749561690594
1771414108018,2.110723415126633,-1.4685372427808256,1.5160975238188104
1771414108063,1.9332963133122516,-1.1496745991300203,1.5543110857167464
1771414108108,1.9996082768095864,-1.2581940248492651,1.5541496248814044
1771414108153,1.9357655809644294,-1.1574575786505958,1.5516057289372371
1771414108199,1.9809094983629794,-1.2828244833073643,1.5094249851290604
1771414108242,1.9542454450297995,-1.0944524402103226,1.619027212722933
1771414108287,1.9094319258085726,-1.115809630463184,1.5494835100325035
1771414108331,1.8986694372693727,-1.0131315412973743,1.6057739915844955
1771414108375,2.099043061214144,-1.4875719693209326,1.480915733227886
1771414108419,2.0842153169839697,-1.5070047000492401,1.43975356279472
1771414108464,2.0765283855479684,-1.4424230611312097,1.4937823967041932
1771414108507,2.097129789604286,-1.5092802241554435,1.4560310983694724
1771414108547,2.062436328406244,-1.4555369695097047,1.4611829930300768
1771414108590,1.9525131744195758,-1.2286124847456408,1.5175042202936873
1771414108634,2.1034951179385177,-1.5537467612655371,1.417943127578829
1771414108681,1.9956178638212856,-1.2677215093527374,1.5412244590347794
1771414108723,1.9765127959473043,-1.2601991047737153,1.5226624868535235
1771414108767,2.373180596497953,-1.8639067580344315,1.4689580460135523
1771414108814,1.927926318908186,-0.9278273403246857,1.6899811589733447
1771414108853,2.219443109946566,-1.6755501582537127,1.4554928325021883
1771414108898,1.9516798832564042,-1.1597534594356718,1.5697217205717462
1771414108942,2.1419669901928855,-1.5289721614599352,1.5000889028842597
1771414108984,1.9027160898813824,-1.002028819880587,1.6174877937166066
1771414109028,2.0828817447192334,-1.5158308227612718,1.4285143608838948
1771414109072,2.109329719598808,-1.5588272757782309,1.4210311010926553
1771414109114,2.135524969496399,-1.566073040154705,1.451854720088479
1771414109158,1.9019399238269012,-1.0071934293195488,1.6133619772953018
1771414109204,1.8975219234299316,-0.9840013334490801,1.622445939212663
1771414109247,2.170777193481338,-1.582838272169648,1.4855627310530233
1771414109292,1.9083776632880445,-1.1285579347390746,1.5389159475664067
1771414109336,1.9132303723762782,-0.9926266783925778,1.6355863581989152
1771414109383,1.8892050353465049,-1.0856789885522586,1.5460908121435601
1771414109427,1.9020960497918495,-1.0442845744733438,1.589792159419207
1771414109473,1.9042723678508753,-1.0611143545518613,1.5812303998862296
1771414109520,1.8658135833297966,-0.8425549497130123,1.6647406658251847
1771414109567,1.9081131412442232,-0.9691127791401807,1.6436898068358556
1771414109609,2.1449594460392256,-1.5722249954361127,1.4590954694189195
1771414109649,1.9311752635494126,-1.0517590040362326,1.6196422123339016
1771414109690,1.9169693848493978,-1.1053443483290875,1.5662009749922976
1771414109734,1.9308690205857264,-1.0987016479589156,1.5878003222792358
1771414109773,2.158179186405035,-1.5738865300916955,1.4766917725198516
1771414109819,1.8792670572649808,-0.9643683125614397,1.612959525297762
1771414109865,1.9232836259565949,-1.1472639427217255,1.5436338139608592
1771414109906,1.9087057589233731,-1.0867392819786514,1.569125682395064
1771414109949,1.9463922989644196,-1.0684967629870248,1.6268858745942347
1771414109989,2.0887456211039783,-1.4188620896329336,1.5328694139696015
1771414110034,2.133778526727706,-1.5508849749701106,1.4655260473755554
1771414110078,1.9605527518955708,-1.1381729078844638,1.5963488104806915
1771414110123,1.8744206838803217,-0.985436609605172,1.5944803506497773
1771414110163,2.3156084998273396,-1.7945719996202962,1.4634049551137356
1771414110206,1.8896486614819592,-1.0017439741955452,1.6022737200626724
1771414110250,1.9189178818867914,-1.044086579734065,1.6100090221623329
1771414110293,2.1263821960946,-1.5159521831165852,1.49110369269617
1771414110339,1.923001882219982,-1.115448148097408,1.5664327843631387
1771414110384,1.9254621185667815,-1.0833503969457035,1.5917777129590884
1771414110426,1.9200995675776837,-1.024626754074373,1.6238603278136399
1771414110466,1.9357048977051363,-1.194440053742249,1.5232420717062227
1771414110511,1.9181071064588608,-1.0925730491131027,1.5765211715037895
1771414110556,1.8723455898098351,-0.8012751908963196,1.6922281395055474
1771414110595,2.1673272120037557,-1.6246245651075908,1.434539043156701
1771414110639,1.9357267616218259,-1.1198631775898646,1.5789061273987295
1771414110686,1.898549124759195,-0.9713250355134674,1.6312622273897803
1771414110727,2.127924622836815,-1.538343070666537,1.4702257640945664
1771414110769,2.0972285047396375,-1.472370997049054,1.4934828583352506
1771414110815,1.9036601129305808,-1.0676085165593872,1.5761135368153958
1771414110858,1.8796827317626779,-0.9193662687825748,1.6395038383339058
1771414110898,1.9049159864923835,-1.0137599447704022,1.6127602704597361
1771414110937,1.8723823352889015,-0.928618944999026,1.625878982117309
1771414110976,1.906123873248577,-1.0800266528281892,1.570621103050922
1771414111011,1.905384928662672,-0.9641001127616177,1.6434727557668523
1771414111046,1.9027717361089909,-0.9605937771055061,1.6424980593965401
1771414111085,1.8659234272444543,-0.8866669735836739,1.6417953326452293
1771414111131,1.8981115119405763,-1.0585660860294768,1.575520597538977
1771414111176,1.9158412963846532,-0.9605223866581392,1.6576623955623113
1771414111219,2.0962650605173563,-1.5204413975075382,1.443116475095188
1771414111264,2.122229877484395,-1.5250991207461184,1.4757819367328109
1771414111306,2.07185909014503,-1.4614716099934841,1.468571013808881
1771414111348,1.8802656217604994,-0.9949271678507902,1.5954681880397374
1771414111395,1.8880682011183798,-0.9803302066140213,1.6136152633371144
1771414111439,2.0445419548129014,-1.4267379557750528,1.4644352531064606
1771414111485,1.9160110480755332,-0.9530898311219141,1.6621426262988097
1771414111532,1.9005804959012138,-0.9407183342067107,1.6514403522644876
1771414111576,2.073409231102891,-1.5103983529742118,1.4204656472282144
1771414111619,2.1088607390354506,-1.5623195920659245,1.4164925375349178
1771414111660,1.8747983969696744,-0.9017301870464667,1.643700611136105
1771414111701,1.9157445906399622,-1.0398861298214077,1.6089481575151297
1771414111746,2.1233904720500223,-1.5528957996105133,1.4482063845822675
1771414111790,1.891934497279883,-0.9268789137484833,1.6493367216084518
1771414111834,1.9214872734723263,-1.0933000332434732,1.58012922871072
1771414111878,1.8940850205624153,-0.8575641833772026,1.6888285100943543
1771414111923,1.9110661057254437,-1.1334898288173358,1.538627462519846
1771414111969,2.087122816133938,-1.4700577411218174,1.4815572507988612
1771414112014,1.8715539601190072,-0.8120125892353408,1.686223526274158
1771414112056,1.8591498452891413,-0.8934073706220595,1.6304175592027998
1771414112097,2.132295306647153,-1.5642352015724261,1.449086439420074
1771414112140,1.9073556458794438,-1.0229999493170598,1.609806405616987
1771414112181,1.9655031327112789,-1.1561848368803251,1.5894776461674027
1771414112217,2.1174771274680366,-1.5429949771932996,1.4501296099682046
1771414112259,1.8829996390851989,-0.9609645006343746,1.619331611905207
1771414112298,2.1106368696379856,-1.5117620773789258,1.4728759000249103
1771414112340,1.91074050511246,-0.9797072404868363,1.6404581679564667
1771414112381,1.883740282119006,-0.9909021213943623,1.6020581875493614
1771414112427,1.8895572487852619,-1.043503837672038,1.5752861128063869
1771414112472,1.9076405797698637,-1.0150304930904337,1.6151797669861063
1771414112515,1.9024846951615784,-1.0817329990452933,1.565024515495051
1771414112560,1.9104189782359708,-1.1041150655664091,1.5590479769376744
1771414112606,1.9031937739821634,-0.9918069275743446,1.6243354209460583
1771414112652,1.9245570987631557,-1.1317667315162592,1.5566065950755377
1771414112695,2.08261615916123,-1.4851822915132897,1.4599738447570925
1771414112740,1.8846270668363014,-1.0226726029657889,1.5830224029353404
1771414112783,1.9173317139946984,-1.023871111881018,1.6210641096962748
1771414112827,2.1671500682096756,-1.5858300833867054,1.4770519167473146
1771414112872,1.879946607288508,-1.078583975516757,1.5397583752050317
1771414112912,1.8892050353465049,-1.0856789885522586,1.5460908121435601
1771414112957,2.100411294187578,-1.5118226192871322,1.4581220705285727
1771414113003,1.9073556458794438,-1.0229999493170598,1.609806405616987
1771414113044,1.924375671568585,-1.0537425333581243,1.610232405187849
1771414113089,1.9387775886411411,-1.0827978780903755,1.6082311069681925
1771414113136,2.1390464843017982,-1.5648218914099716,1.4583731724658138
1771414113180,1.8732371123094596,-0.9999827924247403,1.5839986407152948
1771414113224,1.9080320596827467,-1.0950429894395797,1.5625195013363558
1771414113267,1.8944796883396713,-0.9829755314879645,1.6195099240287265
1771414113313,1.926681666510229,-1.0689892549206723,1.6029236466316104
1771414113357,1.918119986954154,-1.0533798130777074,1.6029894739995576
1771414113398,2.1123379245192475,-1.4908050476995978,1.4964864907895703
1771414113440,1.9488166791382333,-1.1188059507530215,1.595669042579632
1771414113480,1.9097263300597518,-0.9525713830989987,1.6551925615541982
1771414113522,1.9200415412219467,-1.0295648141843199,1.6206652379228585
1771414113563,1.8896486614819592,-1.0017439741955452,1.6022737200626724
1771414113607,1.9007825338261748,-1.0603668580057284,1.5775285630826825
1771414113653,1.8820247661078384,-0.9735255333585158,1.610672299427255
1771414113697,1.8815462768518263,-0.9792355980535017,1.606646829717026
1771414113741,1.8809235919922482,-1.025305332078057,1.576902829893246
1771414113784,1.8896975310244821,-0.9598270770846065,1.627786454316181
1771414113829,1.9151059625672724,-1.0517915173065535,1.6004266468609853
1771414113874,1.9119928753283235,-1.003592083984467,1.627427320733551
1771414113920,1.924442621078425,-1.0528907943864692,1.6108694475094585
1771414113964,1.9484206560345132,-1.1607827015562422,1.5649046528877584
1771414114010,1.9067659239836823,-1.0340980325338303,1.6019979862580997
1771414114050,2.0803214916538537,-1.4788118500126608,1.463165411325407
1771414114091,1.9035079441879872,-1.035407114075393,1.597270985684284
1771414114132,2.10682762333892,-1.5148024646839984,1.464273242073079
1771414114172,1.8988643248408261,-1.087099702589056,1.5568879088694831
1771414114219,1.9037487710166614,-1.0282582006108558,1.6021686727757392
1771414114264,1.8496960180289121,-0.6706152646813972,1.7238475935790591
1771414114306,1.8981115119405763,-1.0585660860294768,1.575520597538977
1771414114352,1.888966399413663,-1.008331814249254,1.5973293368891168
1771414114398,2.138209504211799,-1.5351676208704506,1.4883548836660656
1771414114439,1.9146409526139883,-1.0575124839397418,1.5960943968757606
1771414114485,1.9070857218707222,-0.9419812479414813,1.658206042411432
1771414114525,1.8962654340577942,-0.9577162085767275,1.6366435959706724
1771414114570,1.9307980127106719,-1.0169919131654461,1.6412520874148389
1771414114612,1.9191697225785245,-1.0366536793180054,1.6151041988734263
1771414114652,1.936188725332677,-1.0294047028821434,1.6398636339005457
1771414114687,1.9164416111583775,-1.073916355357369,1.5872782083413302
1771414114722,1.920830584085555,-1.0584793836266082,1.6028760174124168
1771414114760,1.9121063102615654,-1.0850097097763545,1.5744537057129144
1771414114800,1.9110142726543105,-1.0602887264485081,1.5898941369961346
1771414114845,1.9121063102615654,-1.0850097097763545,1.5744537057129144
1771414114890,1.871120099274797,-0.904345110979068,1.638062986016833
1771414114930,1.9214174581198544,-1.168271385798228,1.525446497748397
1771414114973,1.896583579494323,-1.0351036840963075,1.5892103816605752
1771414115016,1.9365417157063305,-1.1889345190927154,1.5286034560933688
1771414115058,1.9035773296967469,-1.106207323997554,1.5491649384328217
1771414115099,1.9186748989937163,-1.1593424696470809,1.5288029323955246
1771414115141,1.9029441642492313,-1.0761477611346717,1.5694274396909973
1771414115182,1.8963945487811102,-0.9988870797438476,1.611997793598837
1771414115223,1.8865975660756569,-0.9196485459817629,1.6472695372027681
1771414115268,2.107398733190066,-1.5094939873774138,1.4705636071664943
1771414115315,1.9104375077364986,-0.9837935150249285,1.6376574094606418
1771414115356,2.1250255395473006,-1.5307437650059361,1.4739596567151176
1771414115401,2.1111178597079134,-1.500573297154041,1.4849573722656049
1771414115446,2.2746418075571913,-1.7319775636767198,1.4745335098286165
1771414115490,1.9296645141347215,-1.0283473501620737,1.6328217491586252
1771414115534,1.8972287137027029,-0.9439717032523155,1.6457199687543853
1771414115576,2.0870067119867204,-1.5101798217580928,1.440470035034508
1771414115622,1.9032694054586667,-0.9506043699735233,1.6488740890505336
1771414115667,1.8844816373069992,-0.8563615001130559,1.6786649524164687
1771414115711,1.891185337448998,-0.8961318463108615,1.6653917540955843
1771414115755,1.9009050005403034,-1.0246381272036325,1.601111029679005
1771414115800,1.8861506527631902,-1.004389930838433,1.5964852494618849
1771414115847,2.0695945337488952,-1.4830101375299638,1.4435728128870622
1771414115892,1.8567183351914551,-0.879894859464259,1.6349886888062868
1771414115936,1.8421874295713814,-0.8572040944667028,1.6305997872256495
1771414115976,2.1726742305588855,-1.6330540886621199,1.4330553567949071
1771414116011,1.8675749045296244,-0.9097833517791247,1.6309905814732275
1771414116051,1.90493127654695,-1.0941477719145094,1.5593600679706106
1771414116095,1.9318038699874525,-1.12964775674355,1.5670871506660897
1771414116138,1.9313605861866567,-1.130137842703798,1.5661871441063715
1771414116179,1.9073076897704662,-1.144918363202508,1.5254456939069456
1771414116223,1.9218722416502487,-1.1220666090799367,1.5603074818809286
1771414116266,1.9134716361031565,-1.1461464833105366,1.5322277705896667
1771414116306,1.9367492511306132,-1.1458649735633748,1.5614067772734939
1771414116348,1.9451363358144604,-1.235519038021104,1.5023475202472665
1771414116391,1.941523795583125,-1.168320711221399,1.5506583648717178
1771414116436,1.8656418542569135,-0.802992245743508,1.6839901964177144
1771414116481,1.9492392605948599,-1.1512066874980533,1.5729770683974242
1771414116522,1.93855222128221,-1.0813973324037642,1.6089016514716532
1771414116569,1.9139081450775413,-1.0233978599409477,1.6173129592204605
1771414116608,1.932883032971538,-1.1119790651160693,1.580993161874157
1771414116654,1.9517912529058918,-1.1591731326473582,1.57028874525307
1771414116695,1.9655031327112789,-1.1561848368803251,1.5894776461674027
1771414116742,1.9249548502298666,-1.0899500055588547,1.5866506108169312
1771414116781,1.947333517771191,-1.1780220102941348,1.5506037445774747
1771414116822,1.9205069263450767,-1.1432301582710394,1.5431693553719203
1771414116868,1.911977439969273,-1.1267878410711458,1.5446704801237323
1771414116912,1.9162960729876026,-1.1502205240338046,1.532704598231214
1771414116956,1.9414035887250403,-1.2059491011727301,1.52142520673714
1771414116997,1.9094122322120688,-1.1157235098666576,1.5495212557599531
1771414117042,1.9026001916341453,-1.0035316762951436,1.616419396035121
1771414117084,1.9483464573106766,-1.2036839897013654,1.5320570389680885
1771414117124,2.09759838245303,-1.5036730981941464,1.4624931411246984
1771414117170,1.9406312050232677,-1.1372415432993284,1.572492017818921
1771414117212,1.9312026038623404,-1.0517363426878954,1.6196895266174236
1771414117254,1.9516447286865586,-1.1267342476309297,1.5935454440415542
1771414117294,1.9341808388177943,-1.1721759338420188,1.5385249745686607
1771414117338,1.9234178121686096,-1.1085401985761323,1.5718380032014336
1771414117383,1.9369965922460244,-1.1466926747273773,1.5611059246890597
1771414117426,1.9194608533961983,-1.113260483652906,1.5636435217968832
1771414117472,1.936002915075818,-1.190906501390794,1.5263842871725337
1771414117514,1.8881617425186346,-1.0144955179187622,1.5924677736248696
1771414117557,1.9033293403492924,-1.075707277462111,1.5701963033485735
1771414117598,1.9031636294831549,-0.9927279297435039,1.6237373734981504
1771414117640,1.9050063881097767,-1.0931833476422728,1.5601280419172945
1771414117681,1.91706492670306,-1.1042737935516596,1.567072851551591
1771414117725,1.9173153849993412,-1.0603490871704848,1.597422329533393
1771414117769,1.9045571492401974,-1.0185077341034825,1.6093414585765624
1771414117816,1.9284175308865317,-1.0511135361582558,1.61677286825806
1771414117862,1.9367445014599622,-1.0647318151728706,1.617815015906974
1771414117905,1.9112168594888197,-1.0136941628654055,1.6202388799701455
1771414117949,1.9142836320966292,-0.978838235983745,1.6451010704176485
1771414117995,1.9162821216360706,-0.9937707958812336,1.6384617099449166
1771414118040,1.8831621737841628,-0.9147500498747556,1.6460656484556215
1771414118085,1.893305613033301,-0.8724269019507052,1.6803206375856063
1771414118129,1.9089936132741123,-1.001980688103165,1.6248973248146046
1771414118174,1.897173753937169,-0.9083399123061534,1.665589041852671
1771414118219,1.8647585528310897,-0.8196809166453047,1.674947060430333
1771414118260,1.9114199959088867,-0.975952650055924,1.6434849636090827
1771414118302,1.9267919370140825,-1.0279454316791732,1.6296795261745172
1771414118346,1.9072357985813981,-1.0312588936563516,1.6043857035155547
1771414118390,1.9223323324228097,-1.0400599116273037,1.6166746662528997
1771414118436,1.9219250504221113,-1.0879133398643455,1.584373839845016
1771414118477,1.93855222128221,-1.0813973324037642,1.6089016514716532
1771414118522,1.8614735415473178,-0.7275562755567921,1.713401766013635
1771414118568,1.894986375534691,-0.9320922343455948,1.6499022486604293
1771414118611,1.9096876615990714,-0.9933672337398729,1.6309900379204412
1771414118656,1.89642745955156,-0.914196125512325,1.661530184329926
1771414118700,1.9219793326850219,-1.0828924910973134,1.587875438437605
1771414118747,1.9055732891986157,-1.124676448430444,1.5382823040174107
1771414118789,1.8818167218913788,-0.9363740129354909,1.6323105962680937
1771414118831,1.9545676742560196,-1.2083538028570278,1.5362994110418533
1771414118874,1.9125209663509841,-1.0789222423167817,1.579133699775364
1771414118915,1.8745863449313525,-0.9859981966927678,1.5943279213266315
1771414118957,1.9087033546267347,-1.0943896905116852,1.5637965664577629
1771414119001,1.9156196259216467,-1.1214513224302163,1.5530439409867671
1771414119045,1.8931176837179164,-0.9956921427641762,1.6101216479642688
1771414119089,1.9425122920256965,-1.160542966503665,1.5577207797194588
1771414119131,1.9110661057254437,-1.1334898288173358,1.538627462519846
1771414119172,1.940255242267295,-1.1789595031954896,1.5409882851503978
1771414119220,1.9144762651110316,-1.011753263374032,1.6252921902616408
1771414119263,2.1184956644903608,-1.5324119901864957,1.462784116948608
1771414119307,1.9237894990870175,-1.0652400602053764,1.6019455830118334
1771414119352,1.9211308156251,-1.0171136880974405,1.62979242734441
1771414119397,2.097934714459653,-1.467805288570953,1.4989588723437504
1771414119439,1.9085140873985482,-1.0084044186723011,1.6203538348770898
1771414119484,1.924375671568585,-1.0537425333581243,1.610232405187849
1771414119528,1.92570018588681,-1.0387548641668283,1.6215145815237828
1771414119573,1.9284175308865317,-1.0511135361582558,1.61677286825806
1771414119614,1.8985998809872802,-0.9706169862698516,1.6317426800967563
1771414119661,1.9773514178676956,-1.2865206819804593,1.5015935417348865
1771414119701,1.9332963133122516,-1.1496745991300203,1.5543110857167464
1771414119743,1.91349775015603,-1.1419648337865864,1.535379418335078
1771414119784,1.868379401685584,-0.9396210337709875,1.614916066406586
1771414119830,1.9107129986722842,-1.1034570165019222,1.5598739615840471
1771414119873,1.8925107639802372,-1.0079321949743736,1.6017707957492553
1771414119917,1.876536959633624,-0.9151483235328625,1.6382595968911635
1771414119963,1.9288739630441287,-1.1956595061065338,1.513589478942901
1771414120008,1.9205274038463145,-1.1828297367492808,1.5130562853992882
1771414120050,1.8968820250593796,-1.1064681535297667,1.5407432109919557
1771414120089,1.906113126227205,-1.0798781720723278,1.5707101525925706
1771414120134,1.9049206583297758,-1.052341652044257,1.5878601203835023
1771414120176,1.8932229416418425,-0.9593868952820693,1.6321366033270692
1771414120221,1.902553560784506,-1.0426417787512903,1.5914170329791462
1771414120268,1.915970525299482,-0.9972801912647199,1.6359631028624628
1771414120308,1.9038495439308922,-0.9497623240405193,1.6500286705869744
1771414120353,1.9277650412045357,-1.0547229146433628,1.613641108616329
1771414120398,1.9026218796764438,-0.9547412201622477,1.645733641737516
1771414120443,1.871131015529543,-0.8222588797899287,1.68078006053238
1771414120482,1.8929516357571505,-0.9600633188025766,1.631424015762136
1771414120523,2.086215493125076,-1.484479733982636,1.465815473772175
1771414120565,1.8978533457581963,-1.0961717363083243,1.5492755876616573
1771414120608,1.8600440586884166,-0.9213765248674008,1.615806052620595
1771414120654,1.9320443012970125,-1.159817851120378,1.5451918115226893
1771414120699,1.8585661762748598,-0.8962873313988312,1.6281699085681796
1771414120738,2.131690008225529,-1.572268819821544,1.4394697111733634
1771414120780,1.8970343070682056,-0.9904166811524237,1.617965994663907
1771414120825,1.8636820739537303,-0.9195121308332276,1.6210516074533268
1771414120866,1.857408889339351,-0.8711400521556711,1.6404520083583842
1771414120906,1.8983510607889553,-0.8881608890919396,1.677768453954826
1771414120942,1.8906250199178842,-1.0263662324977265,1.5877768491598316
1771414120982,1.8953593013898782,-0.9307105707801846,1.6511101461753392
1771414121019,1.8969453131528673,-0.9068390779379197,1.666146574529784
1771414121053,1.8920576654457661,-0.9318172440705815,1.6466933026598454
1771414121092,1.9132783677951635,-1.0316860276431783,1.6112908033743518
1771414121131,1.9133091761427514,-1.074647818022303,1.582998443060497
1771414121172,1.9174617288050448,-1.0181280247511837,1.6248307009188017
1771414121218,1.909217612775877,-0.9592124882359331,1.6507644578636436
1771414121261,1.9111072060214493,-0.9794582317067952,1.6410339195912154
1771414121305,1.9053293793022696,-0.9692654361205181,1.6403672021759257
1771414121350,1.9271407909678333,-1.1065458476170031,1.5777921014296192
1771414121396,1.9409253589655575,-1.137546533034285,1.5726344566545831
1771414121440,1.928769308179683,-1.0424791472660018,1.6227717866944458
1771414121484,1.930690678266422,-1.1005547990958453,1.586299350479587
1771414121530,1.8943830456613269,-0.9402466803939898,1.6445738973050639
1771414121573,2.047036546288672,-1.3992792499534192,1.494113851917333
1771414121617,1.9114729235846697,-0.9705099167692556,1.6467662976420963
1771414121658,2.108353180536882,-1.499067412413017,1.4825484905800983
1771414121699,1.8916113430532697,-0.8019146761399982,1.7132210380914297
1771414121734,2.1227882412916146,-1.5205639112307894,1.481254640238629
1771414121773,1.926830368950025,-1.0290361857433146,1.6290364634160097
1771414121816,1.8834245570311725,-0.9160067509208162,1.6456669451306234
1771414121858,1.9015121335013594,-0.9731848437269982,1.633603273072428
1771414121901,1.9066839852959279,-0.9914899865839559,1.6286164147176305
1771414121943,1.9193501125916972,-1.0805260360156204,1.5863065089061856
1771414121987,2.4177662304428202,-1.8908557556098746,1.5067375539710604
1771414122031,2.125889251417776,-1.5244706083165342,1.481686361438428
1771414122074,1.8903176836652849,-0.9071782335051892,1.658411468192406
1771414122118,1.8948742532732301,-0.8520317488701418,1.6925100692861679
1771414122162,1.906743280509809,-0.991028745628976,1.6289665322241482
1771414122206,2.252157298311831,-1.6825441242047503,1.4970830860187139
1771414122248,1.9132303723762782,-0.9926266783925778,1.6355863581989152
1771414122289,2.102248488790319,-1.5280237791275353,1.4438116355820052
1771414122333,1.87380326466151,-0.8694726595084235,1.65986625034172
1771414122379,1.8742645306554568,-0.9085374081182013,1.6393374603549389
1771414122422,2.1127709798422076,-1.5589720235130688,1.4259759616371412
1771414122464,1.888689182599141,-0.9729231311185488,1.6188166694846857
1771414122505,1.8929516357571505,-0.9600633188025766,1.631424015762136
1771414122547,1.8902201594522952,-0.9487155526666966,1.6348917552327997
1771414122591,1.9063107426138939,-0.9963631536672135,1.625201868513404
1771414122632,1.8887439039585168,-0.9320412792187348,1.6427576171099507
1771414122672,1.9073556458794438,-1.0229999493170598,1.609806405616987
1771414122718,1.8808475328021612,-0.8586927026090141,1.6733900573787346
1771414122764,1.9109143450330415,-1.060091663342693,1.589905437239706
1771414122806,1.9121063102615654,-1.0850097097763545,1.5744537057129144
1771414122853,1.8615069819708119,-0.9032128118794581,1.627702325483036
1771414122898,1.922249967711222,-1.1219319093078217,1.5608695426725128
1771414122938,2.1035716734469534,-1.5148597008353788,1.4595252214721615
1771414122978,1.896370165250385,-1.002847469729837,1.609508234246795
1771414123020,2.1190514729860666,-1.529053709545148,1.4670970992032673
1771414123064,2.118506582381898,-1.531913805846931,1.4633216430610871
1771414123106,1.9343036863520229,-1.095022003067208,1.5945085649922688
1771414123149,1.888792919087863,-1.0102943679308523,1.5958834485399145
1771414123191,1.8693089074050717,-0.9669943992103298,1.599761739509917
1771414123234,1.8912211301349757,-1.019193015677776,1.593098540537482
1771414123277,2.1050845650032253,-1.5303676538419189,1.4454604352555622
1771414123317,2.068164122811873,-1.4597318615757588,1.465088984050721
1771414123363,2.052624101804921,-1.4505458349548883,1.452302476760776
1771414123407,2.1308119207742213,-1.581317371100008,1.4282138542847445
1771414123447,2.0908280791822027,-1.5034460057707542,1.4530010889289466
1771414123488,1.8732465652015042,-0.9954353102887744,1.5868715250673335
1771414123532,2.2419773565700383,-1.715362838702697,1.4436041004966014
1771414123577,1.852146693286477,-0.8138603190492844,1.6637544153296868
1771414123618,1.8828207726617328,-1.0824818817162156,1.5405346596953426
1771414123658,1.8813402525641945,-0.9819031104380931,1.6047764416361257
1771414123699,1.8763326698827678,-0.9223594705139103,1.6339759163533272
1771414123741,1.900404041528456,-1.0263620701687204,1.5994112735555757
1771414123784,1.8688453871642454,-0.8937727228826079,1.6412657922944984
1771414123828,1.887345610828842,-0.9899563484054159,1.6068789260447438
1771414123874,1.8888133985812297,-1.011248807162701,1.5953030761181368
1771414123915,2.1244997504534378,-1.5753371427233243,1.4254164571917334
1771414123956,1.857408889339351,-0.8711400521556711,1.6404520083583842
1771414123997,1.8880552745101562,-1.0235225758942113,1.5865542084153634
1771414124042,1.8906483071115627,-0.9833175890462187,1.614818113676011
1771414124083,1.8876724080316942,-1.0639692128112992,1.5592551536659676
1771414124122,1.888966399413663,-1.008331814249254,1.5973293368891168
1771414124166,1.9132790202566017,-1.069934575731973,1.5861515101046637
1771414124208,1.9089293479368823,-1.0888757105124187,1.5679161146154492
1771414124252,2.05033649258107,-1.4049648974483095,1.4933028392619176
1771414124295,1.8971599039863616,-1.0282758499788123,1.5943225764078899
1771414124336,1.9129937154123517,-1.0778429264753164,1.5804428433367272
1771414124382,2.070654511902262,-1.4709913850315368,1.457324415778517
1771414124425,2.4455492296190298,-1.9521470693282161,1.473035252193065
1771414124466,2.1269644120233266,-1.5549718079157722,1.451220275010272
1771414124505,2.0891130699049696,-1.4873809927609765,1.4670007502455953
1771414124551,1.898549124759195,-0.9713250355134674,1.6312622273897803
1771414124598,1.8881699013418378,-1.0182025910846308,1.5901097634571615
1771414124637,2.2963202295365805,-1.7839484471290097,1.4458957550822704
1771414124681,2.035943853328292,-1.4126525246272674,1.4661105751509542
1771414124725,2.091667689481592,-1.4982210069966448,1.4595915652727036
1771414124769,1.8807248011266888,-0.9895708168758359,1.5993359171733479
1771414124813,2.232279300288091,-1.6840258134508408,1.4653081362382192
1771414124857,2.0653016663285744,-1.4557370846228335,1.465025772262522
1771414124899,1.895267681965085,-1.0880473254173602,1.5518352373732966
1771414124942,1.86764270831397,-0.8684862093536061,1.6534270440757115
1771414124988,1.8834228782947005,-0.9948075473715657,1.599262230585236
1771414125031,1.872250872010782,-0.8855348726867994,1.6495912575546428
1771414125074,1.8717955142224312,-0.8958259652134645,1.6435067043102014
1771414125117,1.868397262666582,-0.9778955549948645,1.5920516997451002
1771414125161,1.8918027793749828,-0.9727681481549479,1.6225411815994388
1771414125203,1.892562701594654,-1.0451701993749323,1.5777873221083443
1771414125247,1.9019630016768956,-1.0506615909734784,1.5854253312599953
1771414125290,1.8910201374374442,-0.982584682389796,1.6156993848259256
1771414125334,1.927978232244994,-1.095263527026382,1.5866624941607028
1771414125375,1.9323908239462055,-1.0756975258171206,1.6053065530989465
1771414125419,1.9169467504145556,-1.0675328621715532,1.5921866825560174
1771414125464,1.882996475727897,-0.9214025916983278,1.6421610735903116
1771414125508,1.9212900656167764,-1.0611015051381967,1.6016925772541903
1771414125553,1.8946445418872417,-0.9808959913085172,1.6209629836421304
1771414125597,1.9080320596827467,-1.0950429894395797,1.5625195013363558
1771414125641,1.9439413469005478,-1.1764310646309102,1.5475522318684105
1771414125685,1.9332111681967734,-1.1871372166822147,1.5257819797103183
1771414125726,1.9315620238846327,-1.1655079086128703,1.5402997004070835
1771414125772,1.9341466821906161,-1.1782182845872047,1.5338595314087118
1771414125814,1.9251415801862124,-1.0899885416223434,1.5868506807175853
1771414125856,1.9450876033424407,-1.0830329004708923,1.6156749429182982
1771414125901,1.9066513068840067,-1.074549936769301,1.5750116315226317
1771414125946,1.9042521063103024,-1.0610740304320094,1.5812330588278234
1771414125986,1.8903629623737175,-1.0673750945873195,1.5601866993949947
1771414126026,1.9326809297292826,-1.076771968750373,1.6049354203371204
1771414126061,1.9089933446421727,-1.0026519496900255,1.6244828893130578
1771414126099,1.9234521600246979,-1.1488390611523793,1.5426720401544185
1771414126143,1.9134716361031565,-1.1461464833105366,1.5322277705896667
1771414126188,1.9255427652319004,-1.04119332454299,1.6197627609202618
1771414126232,1.9067537590174408,-1.0682869320578885,1.579390049456272
1771414126273,1.9104189782359708,-1.1041150655664091,1.5590479769376744
1771414126315,1.9582647300373297,-1.164754283172511,1.5742135219656403
1771414126361,1.8860969437601485,-1.0393976752250242,1.5738532822338263
1771414126405,1.9181105028818637,-1.0489335258005423,1.605891141926301
1771414126451,1.8978533457581963,-1.0961717363083243,1.5492755876616573
1771414126497,1.9285086848151758,-1.084306867088075,1.5948117021746493
1771414126540,1.9016572280263773,-1.0538106929682878,1.582966593548538
1771414126587,1.9385912669532126,-1.1189885487839808,1.5830352895616646
1771414126628,1.891940876285257,-0.9717305268540973,1.6233237700898993
1771414126673,1.9210686049210062,-1.0565760490267562,1.6044162918133658
1771414126717,1.9002525414818696,-1.0716319976256277,1.5692560603907864
1771414126760,1.8660461389647134,-0.8847217317990926,1.6429837643834246
1771414126806,1.9203694266189126,-0.981360696796213,1.6506816523716203
1771414126853,1.9024846951615784,-1.0817329990452933,1.565024515495051
1771414126898,1.9089936132741123,-1.001980688103165,1.6248973248146046
1771414126944,1.8809235919922482,-1.025305332078057,1.576902829893246
1771414126988,1.909449548997234,-1.0009371084929297,1.62607579313129
1771414127033,1.8933706083196344,-0.9973702011653042,1.609380297591636
1771414127078,1.9349794085522098,-1.0873188019754378,1.600588371315923
1771414127121,1.8998519114491286,-0.9154679100124118,1.664738955864977
1771414127166,2.0667035760036376,-1.4761294424681233,1.4464803974285207
1771414127207,1.924375671568585,-1.0537425333581243,1.610232405187849
1771414127251,1.8710048684022813,-0.8202428390668735,1.6816244832139406
1771414127292,1.868379401685584,-0.9396210337709875,1.614916066406586
1771414127338,1.9118191894662961,-1.0058330728698395,1.625838996559248
1771414127382,1.9311560080182266,-1.1738807029096443,1.533416976116168
1771414127426,1.9118003586091823,-1.0498476756623412,1.5977485625356005
1771414127473,1.9080028099619317,-1.0150643018193088,1.6155863288585686
1771414127522,1.9060799870132936,-0.9990998587795521,1.6232499465822499
1771414127564,1.9216582619106701,-1.0100063214863273,1.6348265064303291
1771414127610,1.8821404392153884,-0.8919700571574668,1.6573599639379493
1771414127655,1.8649200011902323,-0.903832500481295,1.6312612978652763
1771414127700,1.9240703197084907,-1.1379552369970416,1.551484603137956
1771414127743,1.8993715923999288,-1.0809459395185348,1.5617836988053864
1771414127783,1.8977729386448372,-0.936876575088348,1.650395228332713
1771414127826,1.9080028099619317,-1.0150643018193088,1.6155863288585686
1771414127867,2.1458522329446423,-1.5603846598926077,1.4730517705788002
1771414127908,1.9331352090576601,-1.067043690705035,1.6119644842939254
1771414127953,1.8865975660756569,-0.9196485459817629,1.6472695372027681
1771414127994,1.892743814363272,-0.9209397697042935,1.653586734159243
1771414128040,1.8950569305738643,-1.01050891777817,1.6031570407189768
1771414128082,1.8734666945650378,-0.7902257611423316,1.6986526137122537
1771414128126,1.9019399238269012,-1.0071934293195488,1.6133619772953018
1771414128169,1.8746857886300783,-0.9386104625160797,1.6227930261579662
1771414128213,1.8767002404062798,-0.9960751843570951,1.5905464530937055
1771414128257,2.100355891289875,-1.476607057180616,1.4936955743258014
1771414128301,2.116437051515521,-1.5156031722656524,1.4772450092134355
1771414128341,1.8688453871642454,-0.8937727228826079,1.6412657922944984
1771414128384,1.898031834232966,-1.056013229748121,1.577136932025466
1771414128426,1.8693089074050717,-0.9669943992103298,1.599761739509917
1771414128472,2.015841441454621,-1.3393244467020988,1.50659441906306
1771414128513,1.8973220249522291,-0.8603457706229207,1.6910458365579804
1771414128556,1.913161250807924,-1.1129122951049413,1.5561530114346702
1771414128598,1.8839896655123674,-1.105211997153378,1.5257534208074526
1771414128642,2.346681198216432,-1.8612964658575653,1.4291564337918528
1771414128686,2.3168572436476316,-1.7838808364061287,1.478376355650168
1771414128731,1.9257903865243218,-1.0412558896645145,1.6200169088835021
1771414128775,2.3727348624450717,-1.8728567593239673,1.4568041345756677
1771414128816,2.0425304236747364,-1.4486124793739568,1.439948754726687
1771414128859,2.058819418660498,-1.4533198430381185,1.4582862656163262
1771414128901,2.12887153170389,-1.5278237441778915,1.4825142849988042
1771414128936,2.074052666091832,-1.3935334129146297,1.536150737659928
1771414128971,1.876397924247483,-0.9614681781581849,1.611349779690755
1771414129010,1.8762745328711954,-1.0018739089607536,1.5863967956487817
1771414129054,1.9570505876248967,-1.2524585823446122,1.503793370790774
1771414129098,2.0791388359372633,-1.4900478990232182,1.4500260541518044
1771414129141,1.9780361505831876,-1.279362801420926,1.5085946557489704
1771414129188,1.9635919015052108,-1.1765806159663574,1.5720531828755275
1771414129228,2.0839931511151426,-1.4718097038815903,1.4753994880895163
1771414129273,2.03217868346015,-1.3824770097080297,1.4894655145852056
1771414129318,1.8394330481903727,-0.8525579871183296,1.6299260159208662
1771414129359,1.8762291838689722,-0.8830811579899861,1.6554164487538159
1771414129405,1.902464169982401,-0.9626298491575649,1.6409490216267262
1771414129452,1.9315364969713502,-1.0030601950412936,1.6506675874494163
1771414129497,1.9049872810689437,-1.0564072060863312,1.5852382647297276
1771414129539,2.3969242163534252,-1.8991730403439806,1.4623226257471644
1771414129585,1.9127812572368588,-1.0331555767704317,1.609758271363988
1771414129629,1.8592565316298078,-1.0090745679348252,1.56160281978333
1771414129675,1.873920284827195,-1.1473779418191243,1.4815873556809755
1771414129723,1.8901603810152638,-1.1866236474092968,1.4712683593990676
1771414129768,1.8643875588272847,-1.0676965215133272,1.528386439176396
1771414129807,1.8604601473274205,-0.8768463614492045,1.640869409248298
1771414129854,1.85825019850621,-0.7766719412943838,1.688157130084277
1771414129900,1.894166288858908,-0.9025042495599469,1.6653384068638317
1771414129944,2.375825369127064,-1.8742888290459898,1.4599957431106303
1771414129985,2.3355149713441112,-1.830474450885138,1.450514896865674
1771414130030,1.891239258746714,-1.0187646637346093,1.5933940171064183
1771414130073,1.8656687750174532,-0.9730302552198811,1.5918329373718392
1771414130114,1.8506859825754716,-0.993985378637775,1.5610995077686936
1771414130157,1.8653405591711456,-0.894154968341852,1.6370651466201656
1771414130204,1.8747459679578853,-1.0196891381793052,1.5731835575842679
1771414130250,1.8771242026065234,-0.991119224522222,1.5941386247104252
1771414130292,1.8351652341716433,-0.906734338980539,1.5955137966265873
1771414130338,1.871239297848687,-1.0241005381620978,1.5661272609687082
1771414130380,1.8661376560463865,-1.0099327069593418,1.5692372920396958
1771414130422,1.8830601728884402,-1.116522481627038,1.516342033559725
1771414130467,1.8615557458168883,-1.059960769475446,1.5303179283916437
1771414130510,1.8640103394452716,-0.9932808981168991,1.577316582996249
1771414130551,1.8627652310585052,-0.9268520400500602,1.6158092715093226
1771414130592,1.8464051457881578,-0.9696021565829003,1.5713317982981116
1771414130636,1.858388517076515,-1.0194418104382896,1.5538166801563662
1771414130681,2.04733192670911,-1.4312474162568143,1.4639326663411232
1771414130723,2.17009446867599,-1.6564496029822315,1.4019574586121133
1771414130763,1.9559419889228793,-1.2292096808271065,1.5214311106956213
1771414130806,1.8815354464576526,-1.1369737846753836,1.4991551785047246
1771414130853,1.883534167695106,-1.07369912091206,1.5475371267364042
1771414130897,1.9079906380370646,-1.0188916368222511,1.6131609055673146
1771414130941,2.091667689481592,-1.4982210069966448,1.4595915652727036
1771414130978,1.9181821785016722,-1.1326628935865923,1.5480625437667137
1771414131013,1.9307589553559832,-1.2105065035644942,1.5041622746616772
1771414131053,1.8911223007231952,-1.0200625956872977,1.5924245216562962
1771414131096,2.417195422248506,-1.932507279195127,1.4519811724664275
1771414131138,2.35798763639677,-1.807234768556352,1.5145983575592226
1771414131182,2.2858277099394106,-1.7190552058297537,1.506604632555095
1771414131225,1.9336103646449239,-1.1077817481727417,1.584824482609232
1771414131264,1.8897234902874063,-1.037407260938101,1.579506582669703
1771414131306,1.8761601078403232,-1.007249027259818,1.5828537984714708
1771414131348,2.2674866938071077,-1.7679211866304052,1.4198417462716144
1771414131391,1.958936737859919,-1.1950309195408462,1.5522030293356024
1771414131430,2.32127517721735,-1.806936124280438,1.4571548617548613
1771414131472,1.9150710379262947,-1.1683747022042543,1.5173653599424286
1771414131517,1.892562701594654,-1.0451701993749323,1.5777873221083443
1771414131562,1.9160677198508882,-1.15706391869059,1.5272585226866333
1771414131605,2.131494920742111,-1.5359277466704755,1.4779027553114494
1771414131651,2.062158771275218,-1.419867997799417,1.4954844254529673
1771414131693,2.049322083839779,-1.4133736832766288,1.4839460349805416
1771414131734,2.110878739868262,-1.5440460688893822,1.4393508229667518
1771414131779,2.060710449398527,-1.4320792988460982,1.4817815082112302
1771414131824,1.9878113677803704,-1.280847337943395,1.5201395102950865
1771414131864,2.0784679482569555,-1.4556549864060246,1.4836096428922112
1771414131907,2.0812055366704323,-1.4648514568346798,1.478386517551137
1771414131952,2.0832281452693526,-1.446363057870534,1.4992909691149963
1771414131998,1.922249967711222,-1.1219319093078217,1.5608695426725128
1771414132043,2.0803214916538537,-1.4788118500126608,1.463165411325407
1771414132083,2.316004676079791,-1.7876788349399058,1.472440845240093
1771414132127,2.221226653923681,-1.6520085453692794,1.484828479699884
1771414132167,2.3242070159088333,-1.77650590227206,1.4986544071240633
1771414132212,1.9121063102615654,-1.0850097097763545,1.5744537057129144
1771414132255,2.5069904439790944,-2.022223304854621,1.481760436610909
1771414132302,1.8593217959946742,-0.9265104049160712,1.6120347423809198
1771414132346,2.119609648273889,-1.5549395409812448,1.4404541245554456
1771414132388,2.103747192606229,-1.5449580141792147,1.4278854942963766
1771414132433,2.004186086731953,-1.3582540076120317,1.4737394345866552
1771414132470,2.2765212769227023,-1.7825735387464574,1.4159734119123506
1771414132510,2.0709960977412636,-1.5021493393578371,1.4256830640525808
1771414132545,1.9508353176689188,-1.251427646690801,1.4965584792323738
1771414132585,1.8955614465477286,-0.925229444481504,1.6544194367519274
1771414132629,1.9039363221759715,-1.0262603641644183,1.6036717818325794
1771414132674,1.9395874465029188,-1.186779222735643,1.534129896428166
1771414132721,1.926681666510229,-1.0689892549206723,1.6029236466316104
1771414132763,2.2628382815976398,-1.7166426650505178,1.4743049376543564
1771414132805,2.385284163629648,-1.8800226552204535,1.468024303995075
1771414132847,1.918761949876616,-1.0060095601042207,1.6338886697915576
1771414132890,2.1088925974602817,-1.528049152509127,1.4534420439559714
1771414132930,2.1273300935808193,-1.5124709890838623,1.4959828990447248
1771414132973,2.3691272371633088,-1.8344948478483105,1.4991305877364574
1771414133019,1.9394285207501918,-1.0754962854673529,1.6139054269210458
1771414133064,1.9163536775106131,-0.9525201519672739,1.662864028537719
1771414133105,2.086076010515254,-1.5161143190664796,1.4328679259334478
1771414133145,2.0955600674675434,-1.4877968790624962,1.475748096057207
1771414133190,1.9411904744511685,-1.0918696156419914,1.6050050468885646
1771414133235,1.871131015529543,-0.8222588797899287,1.68078006053238
1771414133278,2.202532812228608,-1.6766476175667135,1.4282869303650176
1771414133319,1.8950739166278416,-1.0148730415759635,1.6004180263186054
1771414133366,1.9031937739821634,-0.9918069275743446,1.6243354209460583
1771414133411,1.9368677750388843,-1.0640778113452494,1.6183927797005218
1771414133456,1.8942577358239787,-1.0218591442008862,1.5949972599167745
1771414133497,1.9066839852959279,-0.9914899865839559,1.6286164147176305
1771414133539,2.2108669600764475,-1.6225005532728523,1.501807134683732
1771414133583,2.125499541141054,-1.5300291868512996,1.4753843522194416
1771414133623,2.0886528351492215,-1.4600772576818892,1.4935344212226966
1771414133670,2.141115150097003,-1.544661408546982,1.4826986271392324
1771414133714,1.8826640181617202,-0.8805861958637917,1.6640287728687175
1771414133755,2.2836085646926807,-1.7434317711108078,1.4748944830797885
1771414133800,2.0433025296832104,-1.4047350849640796,1.4838478927709422
1771414133845,1.9155093308478157,-1.0033071617625031,1.6317324338631984
1771414133890,1.9624954620131334,-1.2307997694624222,1.52856807696399
1771414133935,1.9237291412578204,-1.1042366430922466,1.5752445032365348
1771414133979,1.9451821285029953,-1.2388695987363976,1.4996451681561744
1771414134023,1.9183181914802923,-1.094296776981458,1.5755821932391252
1771414134063,1.9646248141424199,-1.2434811333123632,1.5210211475980004
1771414134106,1.9135413204919378,-1.1093140270519968,1.5591865746650435
1771414134150,1.9347251661003635,-1.1696177133085148,1.5411540718101613
1771414134190,2.0648028462993646,-1.4972969278610846,1.4217991081385994
1771414134235,1.8880809192077177,-0.9362871132858827,1.6395779941713808
1771414134281,1.8762745328711954,-1.0018739089607536,1.5863967956487817
1771414134322,2.3854762212998595,-1.8783232436767001,1.4705096377279874
1771414134366,2.072632808230345,-1.4850445788046285,1.445838634397279
1771414134407,1.8649082239782933,-0.9395952560610451,1.610913852026064
1771414134452,1.904217363174889,-1.1059786751758796,1.5501144913434406
1771414134495,1.9109092887796637,-1.0983997999814594,1.5636790557352522
1771414134536,2.0721311073817565,-1.4962789272056025,1.4334841115895205
1771414134582,2.081473156710458,-1.4619460579077008,1.481635658950719
1771414134624,2.0837615843585096,-1.4725373046994699,1.4743460335744476
1771414134671,1.9008220411778294,-1.1427396508167318,1.5189702178379614
1771414134718,1.8848948153859215,-0.9767435886563398,1.612079534975698
1771414134762,2.0838703106296146,-1.4714845560135896,1.4755502949533963
1771414134807,1.865088175089919,-0.8973610531009306,1.635022030811155
1771414134849,1.9062553190786824,-1.0363290666033873,1.5999473138915297
1771414134890,2.0499512587185076,-1.4790258833678647,1.4194303785143891
1771414134931,1.9049206583297758,-1.052341652044257,1.5878601203835023
1771414134972,1.8721202804760864,-1.0133997833876824,1.5741204603205114
1771414135015,2.0973856261864663,-1.5101024491502302,1.4555469961509564
1771414135059,1.9357048977051363,-1.194440053742249,1.5232420717062227
1771414135100,1.9169693848493978,-1.1053443483290875,1.5662009749922976
1771414135145,2.110878739868262,-1.5440460688893822,1.4393508229667518
1771414135188,2.038612303778615,-1.4199137597188045,1.4628004101991359
1771414135235,1.9067537590174408,-1.0682869320578885,1.579390049456272
1771414135280,1.8874299373788817,-1.1079965061007189,1.5279841330925688
1771414135324,1.8947754505332042,-1.0567682278176214,1.5727094202739775
1771414135369,1.90417579123808,-1.1023041938466558,1.5526786235938337
1771414135409,2.0529347948484973,-1.4431190225301571,1.4601194330297933
1771414135454,1.8765375274918612,-0.9593058634995457,1.6128004688555428
1771414135495,1.8696230900400186,-0.9633185893535532,1.6023444680269807
1771414135540,2.063782765891535,-1.4379523790458257,1.4803689608970336
1771414135581,2.232772477936605,-1.6758938407397772,1.475348356423542
1771414135622,2.1098840958914984,-1.5173334451668683,1.466052561906949
1771414135664,2.3254853505815443,-1.7978072638391465,1.475049544204048
1771414135706,2.226290787056003,-1.6709468128611176,1.4711585288879345
1771414135750,2.121649433459418,-1.5323843741792562,1.4673767233638124
1771414135795,2.0905443112401363,-1.5103136573523428,1.445450854810874
1771414135840,2.273960918352075,-1.7351603377578875,1.469733601869586
1771414135881,1.942474317387995,-1.1217682130782365,1.5858255105273142
1771414135922,1.8996198711813321,-0.9573986031318937,1.6407143473828951
1771414135959,1.8638169802196198,-0.827796226123287,1.6699003394726963
1771414135994,1.9100374794692563,-0.948852122075646,1.6576859845609522
1771414136029,1.9067537590174408,-1.0682869320578885,1.579390049456272
1771414136064,2.073765390623701,-1.4729854276938943,1.4597317647945138
1771414136102,2.2420382358571755,-1.724905843984445,1.432283240296369
1771414136147,1.8558434176365068,-0.8052105354527115,1.6720618362909632
1771414136192,1.8660365639210175,-0.8852613164948325,1.6426822149789027
1771414136237,2.2362584330844517,-1.713915242687987,1.4364352823650308
1771414136279,2.098296735670246,-1.5370499935199637,1.4283999819184714
1771414136322,2.083193823669197,-1.5179553809508157,1.426712293497169
1771414136363,2.069465949289541,-1.4524703682360207,1.4741163945446027
1771414136407,1.8770487119681427,-1.0341258683391976,1.5664914795596445
1771414136447,1.9180156621522124,-1.0930227797647953,1.5760981197807544
1771414136489,2.3452613007787635,-1.838443421568172,1.4561512128289462
1771414136530,2.311707098879237,-1.8017880062166363,1.4482919911614982
1771414136572,1.8570233313469964,-0.830558745463828,1.660935827628704
1771414136616,1.8510296057830113,-0.7818853291283537,1.6777860213921965
1771414136663,1.8945868084761746,-1.059406545543427,1.570705875112104
1771414136706,1.9120199000747278,-1.0850593425085644,1.5743145560899365
1771414136748,2.056654609690409,-1.4422756859323989,1.4661749654557041
1771414136792,1.874688401209427,-0.8578179771375407,1.666914790782305
1771414136837,2.0531680475616243,-1.4474022507026991,1.4562025120802304
1771414136881,2.237829851313826,-1.6909903366664838,1.4657537735690238
1771414136926,2.1013665878349883,-1.5014633070771397,1.4701528743536303
1771414136972,2.0765283855479684,-1.4424230611312097,1.4937823967041932
1771414137013,2.304567047314105,-1.7703388441279801,1.4754421888158342
1771414137057,1.9015121335013594,-0.9731848437269982,1.633603273072428
1771414137098,2.0998497282261095,-1.4826867585882446,1.4869461513579938
1771414137141,1.9050272815067297,-0.9277889485239509,1.6638319056568611
1771414137184,2.088750749705942,-1.456560813080639,1.4971006286135218
1771414137224,2.1053189596414015,-1.4942219563734078,1.4831280008539989
1771414137266,1.92226101156503,-1.0847566347716695,1.5869437418830747
1771414137305,2.0928818849379374,-1.4854656535464712,1.474295213461378
1771414137346,2.0863645052840334,-1.447573552647979,1.5024805018978447
1771414137386,1.8718920918839763,-0.8071395625489588,1.6889362718072118
1771414137425,1.8923111635172682,-0.9665890072873349,1.6268212042395322
1771414137472,1.8938932490831148,-0.9901949121447386,1.614418060752936
1771414137513,2.0876967924534378,-1.4681174233164487,1.4842874144097036
1771414137556,1.8962485195050962,-1.0766152591103635,1.560979830611528
1771414137596,2.120484610256666,-1.579596980634596,1.4146831309892094
1771414137643,1.8693683853568914,-0.882166724925231,1.6481262177413851
1771414137688,1.8759920106178418,-0.8818013710833384,1.655829811863984
1771414137733,1.9162619675586514,-1.076278696956001,1.5854602154549469
1771414137775,1.9169574913467464,-1.2185296881574301,1.4798349308991754
1771414137818,2.0953064614241477,-1.5285869386234532,1.4330844840258243
1771414137859,2.0892718229164196,-1.5205144653987046,1.432861650874149
1771414137902,2.036017649973712,-1.4450416923432623,1.4343020527051467
1771414137944,2.114748711075965,-1.5385496607501197,1.4508711356985313
1771414137985,1.8530408691240556,-0.9271126966997773,1.6044383784558702
1771414138029,2.033664984700847,-1.4011399719744426,1.473974236183847
1771414138072,2.1287930532286143,-1.564302118460479,1.443855514119908
1771414138114,2.0809680220722657,-1.5020850463765019,1.4401973553438643
1771414138159,2.233329005958395,-1.7073938265150317,1.4396405002754924
1771414138199,2.1191253842161855,-1.597096929457888,1.3928294195433917
1771414138241,2.0633037198888178,-1.4772294615813493,1.4404913600376472
1771414138287,1.8860068202834919,-0.9627239697642225,1.6217842902794637
1771414138329,1.9156196259216467,-1.1214513224302163,1.5530439409867671
1771414138372,2.0530976345380063,-1.4452659248879536,1.4582236808196902
1771414138412,1.897264046247702,-0.9883788834256265,1.6194807945704432
1771414138451,2.123880106368708,-1.550076151646194,1.451940298471834
1771414138494,1.896610743303462,-1.0341475841808498,1.5898651155827725
1771414138536,1.9116228372870285,-1.0940909389235285,1.5675671881621984
1771414138577,1.8978533457581963,-1.0961717363083243,1.5492755876616573
1771414138619,2.1038592835641867,-1.5470115823927355,1.4258257428528698
1771414138661,2.0807275177508493,-1.5088186182379788,1.432792162312471
1771414138707,1.9121707806191262,-1.1616274564231268,1.5188873383952788
1771414138752,2.1386195905189322,-1.6039854252523607,1.4145403877335458
1771414138799,1.9121929605338726,-1.1243799912686618,1.5466905164091425
1771414138840,1.8964280266327016,-1.0368489747466514,1.5878864769764935
1771414138885,1.861158982802782,-0.8673500049538686,1.6466987363127508
1771414138930,1.8841111307413965,-1.0667180245247398,1.5530574390980072
1771414138975,1.914269663259097,-1.1379726696978267,1.539300668061603
1771414139018,1.9080320596827467,-1.0950429894395797,1.5625195013363558
1771414139062,1.9212517785914847,-1.170644510125743,1.5234171548375717
1771414139106,1.9029441642492313,-1.0761477611346717,1.5694274396909973
1771414139148,1.9089293479368823,-1.0888757105124187,1.5679161146154492
1771414139190,1.929705452685319,-1.1496392468365393,1.549868619030841
1771414139229,1.8745863449313525,-0.9859981966927678,1.5943279213266315
1771414139269,1.9033293403492924,-1.075707277462111,1.5701963033485735
1771414139315,1.9278412518485544,-1.2075108344911656,1.5028271613580353
1771414139356,1.9312639235837112,-1.1732338039352734,1.5340478427479107
1771414139403,1.90005120887986,-1.0732386212495972,1.567913727927682
1771414139445,1.9363712848395096,-1.1907899540431728,1.5269423820501125
1771414139489,1.8954566010050706,-1.0112579953314256,1.6031571954028594
1771414139529,1.9234521600246979,-1.1488390611523793,1.5426720401544185
1771414139574,1.885258593159299,-1.053844627046737,1.5632055095622273
1771414139622,1.8910402347347708,-1.0592926123920454,1.566503217589218
1771414139666,1.9468634179707376,-1.2206370610404964,1.51668135527774
1771414139710,1.9257217110439138,-1.1591955661819398,1.537748271899543
1771414139756,1.9132101804163093,-1.0369292122223606,1.6078404781844875
1771414139796,1.8857465627983057,-1.0092642079589311,1.5929299600543194
1771414139834,1.9087059582854664,-1.010323679316975,1.6193839872636295
1771414139869,1.9306744051203224,-1.175222710114105,1.531781720813631
1771414139906,2.1211292439107616,-1.5036855049668458,1.4960344820645144
1771414139945,1.927069414831311,-1.0634625848634356,1.6070606274107617
1771414139984,1.9549907449930652,-1.1625236514928465,1.5717911988328093
1771414140030,2.143619247230795,-1.5866555956781592,1.4413977583587072
1771414140075,1.90005120887986,-1.0732386212495972,1.567913727927682
1771414140121,2.126948461725354,-1.5487828736991802,1.4578001814281538
1771414140166,2.3301985153390117,-1.7926067950305593,1.488753169366366
1771414140207,2.056339867803442,-1.445572316181721,1.462482249672416
1771414140246,1.9497627848529513,-1.1452802856922286,1.5779442272787283
1771414140286,2.320066653650006,-1.793918301870895,1.4712465475206324
1771414140332,2.07262967548868,-1.4496493118762424,1.481320574451408
1771414140373,1.924375671568585,-1.0537425333581243,1.610232405187849
1771414140413,1.9096876615990714,-0.9933672337398729,1.6309900379204412
1771414140456,1.9186398020026558,-1.0077199485762676,1.632690783666716
1771414140496,1.90357006321381,-0.9873834091181339,1.6274682758696342
1771414140542,2.0774385833916704,-1.4707947357993634,1.4671448166112544
1771414140584,1.9026218796764438,-0.9547412201622477,1.645733641737516
1771414140626,1.8676293738213467,-0.8230325658901406,1.6765013788973175
1771414140666,2.1198283539885865,-1.518096169020512,1.4795459681872698
1771414140708,1.908126866077571,-0.9730450727518033,1.641380950127194
1771414140748,1.904814336419838,-0.9728283088772302,1.637657698567566
1771414140792,1.879829952895256,-0.9174701456296164,1.6407343428113375
1771414140839,1.8881127619926223,-0.900602699527671,1.6594832266711466
1771414140882,1.945039737715582,-1.1635371381447637,1.5586407249429204
1771414140922,2.1149892761504816,-1.53272107709099,1.4573763199917085
1771414140959,1.8921011042506044,-1.0082168717705675,1.6011075317365564
1771414140999,1.8835983369733844,-0.8685045766368037,1.6714193056829953
1771414141034,2.1130223394596697,-1.5207002682313433,1.46708353588224
1771414141069,1.9391090193108136,-1.0788354690212731,1.6112907309217026
1771414141108,2.059515525891131,-1.4067790392147137,1.5041864698941914
1771414141150,1.9118128550520388,-0.9661101816360494,1.6497452863037334
1771414141191,1.8775054104164595,-0.8661962911072164,1.6657522479093883
1771414141237,1.8963228886006611,-0.9198065693186731,1.658311301556185
1771414141281,1.924637471501666,-1.0981683694861697,1.5805871152734399
1771414141325,1.9023871380483277,-0.9620569175688505,1.6411956953299718
1771414141367,1.9149149365427955,-1.088145386155256,1.5757026473239573
1771414141414,2.083442141302401,-1.4761793599269175,1.4702468001939297
1771414141458,1.91375224166373,-1.02523380889966,1.6159651232505134
1771414141503,2.070677834236233,-1.507804993664928,1.4192359896353963
1771414141543,2.0697202786195685,-1.4774392809011736,1.4494534152497924
1771414141587,1.8780842102978115,-0.9790760942237591,1.6026884608960978
1771414141627,2.157867487555363,-1.6146621707232511,1.4315230240145544
1771414141667,2.1415375426167147,-1.5790822055277345,1.4466106714048883
1771414141710,2.3339392256127756,-1.8167375330523505,1.4651747489131874
1771414141749,2.061507386715637,-1.4620443634667917,1.453354390621269
1771414141789,1.89945317818218,-1.004099907552646,1.6123603045718882
1771414141831,1.9098384453594166,-0.9957081439165476,1.6297386844249409
1771414141872,1.9047905995824286,-0.9714318323237101,1.6384588561833913
1771414141916,2.3409536687402057,-1.816658994662597,1.4764193768369853
1771414141959,1.917523469131404,-1.0604339727115717,1.5976157373376392
1771414142006,2.065735670519439,-1.4163825261273095,1.5037035612572107
1771414142044,1.8811438519977406,-0.9003263326141784,1.6517005438972285
1771414142085,1.9128917519989757,-0.9927608833120877,1.635108768073584
1771414142129,2.081262744046355,-1.5016476450144765,1.4410790956702688
1771414142174,2.1124055834351356,-1.5311286237564559,1.455301510492447
1771414142213,1.9089933446421727,-1.0026519496900255,1.6244828893130578
1771414142256,1.8613814390547645,-0.818909814618849,1.6715644101196065
1771414142298,1.8954726893535279,-1.0484383618108288,1.5791116862237835
1771414142343,2.08910503939961,-1.5283083218072884,1.424301070398894
1771414142384,1.8831590392830246,-1.002251888759196,1.5942958065277562
1771414142428,2.155037145406596,-1.6044731537721053,1.4386976739074842
1771414142472,1.8884235945885652,-1.0154492728276938,1.5921703573777857
1771414142516,1.8893508318413959,-1.0037599500818777,1.600660028985356
1771414142556,1.88745280296274,-0.9839188868646392,1.6107084489388368
1771414142596,2.110736188847691,-1.5392052250303097,1.4443180169722558
1771414142637,1.8708582197109394,-0.9475157478777171,1.6131721500768963
1771414142678,1.8866527238006054,-0.8737655555604589,1.6721220811114141
1771414142718,1.8788390174268728,-0.9308799315100746,1.6320228572288364
1771414142758,1.9186283217710463,-1.1281069490259032,1.5519372888945768
1771414142801,1.905351828792478,-1.0081927725544622,1.6167600084279012
1771414142845,2.132657171298933,-1.5950103804767155,1.415686581296965
1771414142891,1.8856768347051487,-0.9273451530336634,1.6418916200799003
1771414142936,1.8944796883396713,-0.9829755314879645,1.6195099240287265
1771414142979,2.3002216138092777,-1.7788935658673624,1.4582719753019526
1771414143022,2.0977965817491624,-1.5054298566505098,1.460969351185608
1771414143066,2.2475899313934553,-1.7316331738317237,1.4328667247817255
1771414143111,2.3156084998273396,-1.7945719996202962,1.4634049551137356
1771414143157,1.9209167914161283,-1.0185958552606145,1.6286140743559632
1771414143199,1.8913435010142496,-0.8951041642203599,1.66612387715446
1771414143240,1.903378412652987,-0.949721499438316,1.6495085496165338
1771414143279,2.07262967548868,-1.4496493118762424,1.481320574451408
1771414143324,1.8896130359415324,-0.9170359805971908,1.6521750621197269
1771414143367,1.8962654340577942,-0.9577162085767275,1.6366435959706724
1771414143412,1.905351828792478,-1.0081927725544622,1.6167600084279012
1771414143457,1.9020680251322193,-0.9676510109294658,1.6375329899814426
1771414143501,2.0955600674675434,-1.4877968790624962,1.475748096057207
1771414143541,1.9079906380370646,-1.0188916368222511,1.6131609055673146
1771414143582,2.056150125043994,-1.412433801085784,1.4942503452463367
1771414143624,2.1329944570628445,-1.5566167002460316,1.4582900268382741
1771414143666,1.891914673252419,-1.0148444752449655,1.5966940289023999
1771414143706,2.165309952080084,-1.6093019508718764,1.448694039297818
1771414143751,1.860520262949805,-0.9508840423435162,1.5991732823128535
1771414143796,1.889965308388398,-0.9571742093563231,1.6296583690622861
1771414143841,2.152864463748499,-1.5951898551020958,1.445750575116768
1771414143880,2.302419217975807,-1.789522768475177,1.4487037365911866
1771414143926,1.8798957182287859,-1.0377351646989532,1.5675183059097457
1771414143973,1.8828881117098664,-1.0396473580791725,1.5698410785991501
1771414144014,1.9415860409097243,-1.125463638731989,1.5821150249421339
1771414144057,1.887345610828842,-0.9899563484054159,1.6068789260447438
1771414144103,1.9517912529058918,-1.1591731326473582,1.57028874525307
1771414144146,2.1515681853777915,-1.57097667031829,1.470128551401387
1771414144190,1.9110142726543105,-1.0602887264485081,1.5898941369961346
1771414144231,1.9411904744511685,-1.0918696156419914,1.6050050468885646
1771414144273,1.9488820295110447,-1.1599091883062662,1.5661263805433414
1771414144315,1.9238271721397058,-1.065128636758326,1.602064909864893
1771414144359,1.9438768382735863,-1.139956548449841,1.5745336547761815
1771414144406,1.946767608785998,-1.1845010076173403,1.5449470818030817
1771414144449,1.9314497350554316,-1.0913420316808167,1.5935716641972786
1771414144489,1.9500124416910258,-1.220928685364679,1.5204873126742862
1771414144535,1.8857551521246407,-1.0471785839602235,1.5682759664866666
1771414144581,1.929173138586171,-1.1925572139425653,1.516415605998555
1771414144624,1.904050802813053,-1.0243109279737836,1.6050534516104185
1771414144665,1.8988305433327899,-0.9728988042784662,1.6306518171967395
1771414144706,2.1579511841779384,-1.5791049331967744,1.470775619613195
1771414144751,1.9488281980165223,-1.161076762937737,1.565193948349645
1771414144793,2.1430400017632505,-1.5558758636922032,1.473726822018746
1771414144838,1.8869948413658688,-0.9547366970836426,1.6276447310710092
1771414144879,1.9103340638551103,-1.0288339397754074,1.6096201290650518
1771414144921,1.9353889418844459,-1.1200574486290105,1.5783541009986533
1771414144966,1.8908952326064057,-1.1025559001340117,1.5361820425240338
1771414145010,1.8719636434077138,-0.9727352857582364,1.5993854901433626
1771414145055,1.9081926596801904,-1.055268612015294,1.5898450814317329
1771414145099,1.9406930110286111,-1.213904023261433,1.5141751501609724
1771414145140,1.9209761836298074,-1.1369653912776971,1.5483730807236649
1771414145185,1.900192534749595,-1.0331434907797903,1.594787194762185
1771414145232,1.929700867134761,-1.1174716451431463,1.5732140855337264
1771414145273,1.9511278677406576,-1.0899475387730844,1.6183060028921294
1771414145320,1.9169755949748017,-0.9397969847630048,1.6708013224675637
1771414145366,1.9094184825123146,-1.0400947159935279,1.6012750928937765
1771414145411,1.9024846951615784,-1.0817329990452933,1.565024515495051
1771414145455,1.9415062654550554,-1.2449716091818446,1.4897960501801597
1771414145498,1.8945868084761746,-1.059406545543427,1.570705875112104
1771414145543,1.9269903739648757,-1.1406803263423926,1.5531066590703628
1771414145583,1.9206104810522733,-1.1409869708464662,1.5449573949745186
1771414145624,1.9314617960164802,-1.133491679144529,1.5638865952431855
1771414145665,1.9164416111583775,-1.073916355357369,1.5872782083413302
1771414145708,1.923282803502591,-1.1469650981985255,1.5438548525568176
1771414145752,1.9097263300597518,-0.9525713830989987,1.6551925615541982
1771414145794,1.9591848987943563,-1.154681071569935,1.5827561690361402
1771414145839,1.9189178818867914,-1.044086579734065,1.6100090221623329
1771414145883,1.9269044942410827,-1.1452851134211077,1.5496073499123844
1771414145928,1.9382237850486015,-1.2019206436416965,1.5205585182149541
1771414145963,1.8978533457581963,-1.0961717363083243,1.5492755876616573
1771414146002,1.8993701870980138,-1.0434495365097796,1.5870791323668363
1771414146042,1.9531512152055703,-1.2205343667998405,1.5248263930426667
1771414146081,1.9370942471380679,-1.214692005147223,1.5089259275812108
1771414146120,1.9338677162320659,-1.1796239098789918,1.5324267601182207
1771414146164,1.9121929605338726,-1.1243799912686618,1.5466905164091425
1771414146208,1.9018441883813941,-1.0559134354221107,1.5817895352337996
1771414146254,1.9191957530231376,-1.078480162468866,1.5875115362047536
1771414146297,1.9169702840802145,-1.0673430912955295,1.5923422356736887
1771414146342,1.9356389882745149,-1.1164839009213767,1.581190055594764
1771414146388,1.9361450432264693,-1.1158330929668365,1.5822686677838533
1771414146433,1.909735540313448,-1.03878896364504,1.602500334772371
1771414146480,1.9205177363709431,-1.062643862095518,1.5997426036916353
1771414146522,1.9309691245363498,-1.09788335420049,1.5884879289696094
1771414146568,1.9144762651110316,-1.011753263374032,1.6252921902616408
1771414146609,1.9430538089705358,-1.1502218784186284,1.5660292893052892
1771414146653,1.9361202998868243,-1.1570299397554504,1.552367074548847
1771414146697,1.9049206583297758,-1.052341652044257,1.5878601203835023
1771414146739,1.9007825338261748,-1.0603668580057284,1.5775285630826825
1771414146785,1.9357267616218259,-1.1198631775898646,1.5789061273987295
1771414146832,2.078459223065731,-1.4914468294558503,1.4476115144793138
1771414146872,1.8762761976174955,-0.9236479125353491,1.6331830587582825
1771414146914,1.901491850776935,-1.0565807201580015,1.5809201245988023
1771414146959,2.1766122948000204,-1.6295109888172898,1.4430298053742026
1771414147004,2.101192096428984,-1.5390805933363236,1.4304681587896806
1771414147042,2.2904977719913733,-1.777210836621444,1.444957330059525
1771414147082,1.8931176837179164,-0.9956921427641762,1.6101216479642688
1771414147117,2.140584966617282,-1.582908955703805,1.4410077158921109
1771414147152,2.0540447199884424,-1.431819376733184,1.4727501431416656
1771414147190,1.9228727652749285,-1.1101667832339635,1.5700220969273024
1771414147234,1.9046554942265057,-1.0217202830809067,1.6074203603377326
1771414147274,2.125178250149351,-1.5705529475535094,1.431693414750114
1771414147313,1.8829996390851989,-0.9609645006343746,1.619331611905207
1771414147357,2.0917702503465128,-1.4588316103654773,1.4991041034008217
1771414147402,2.1175699269704844,-1.544655767765634,1.448496101036569
1771414147446,1.906605196365187,-0.9528923209381076,1.6514053407640172
1771414147490,1.9309979455051782,-0.9756342375603095,1.6664005821066354
1771414147535,1.9399405508181848,-1.1071847351196735,1.5929567800247253
1771414147581,1.8886405070573709,-0.9336114157957152,1.641746840774741
1771414147623,2.0924836463155145,-1.4893711982985007,1.4697827199204514
1771414147670,1.9080535298663974,-1.05749611318189,1.5881971676844202
1771414147711,2.080314538481819,-1.5117234741499515,1.4291258575516799
1771414147755,1.8987345757202718,-1.0466173265599912,1.5842301476679634
1771414147800,1.8848948153859215,-0.9767435886563398,1.612079534975698
1771414147842,1.886669775285922,-1.0367563660323158,1.5762801395909607
1771414147885,1.9164416111583775,-1.073916355357369,1.5872782083413302
1771414147925,1.921442702831634,-1.1362672227885395,1.549464055304722
1771414147971,1.8838997899996324,-1.0273834529549326,1.5791015354799254
1771414148012,1.9337837669109958,-1.1807265690430147,1.5314713272942435
1771414148058,1.9090454292606989,-1.0829289304445018,1.572170277860351
1771414148100,1.8956539405292567,-1.00354569336404,1.6082288094592097
1771414148140,1.9183181914802923,-1.094296776981458,1.5755821932391252
1771414148183,1.9067659239836823,-1.0340980325338303,1.6019979862580997
1771414148225,1.8918027793749828,-0.9727681481549479,1.6225411815994388
1771414148264,1.9308690205857264,-1.0987016479589156,1.5878003222792358
1771414148309,1.8999873964584102,-0.9530409968925897,1.643674227133463
1771414148353,1.913444737903038,-1.0291273548131064,1.6131235701533233
1771414148397,1.9332943236567843,-1.1087918851320737,1.5837321419194617
1771414148440,1.9191957530231376,-1.078480162468866,1.5875115362047536
1771414148481,1.8908838758973427,-0.9448936444408801,1.637869907173274
1771414148523,1.9177023168269705,-0.9753500283705163,1.6511433911448041
1771414148568,1.9005804959012138,-0.9407183342067107,1.6514403522644876
1771414148607,1.8856396293203255,-0.9672059182981501,1.6186875928579691
1771414148654,1.8903176836652849,-0.9071782335051892,1.658411468192406
1771414148701,1.9414896195722084,-1.1309248156010974,1.5780972734163958
1771414148744,1.9023279282620555,-1.0074716189505135,1.6136457119377339
1771414148789,1.9051902428882788,-1.0489735113213314,1.5904101465165819
1771414148835,1.8932229563781988,-1.0716186633553901,1.5607455279147253
1771414148880,1.8970343070682056,-0.9904166811524237,1.617965994663907
1771414148922,1.8985542264648378,-1.0532308177134209,1.5796243209846503
1771414148968,1.8875416455028438,-1.0677401204852883,1.5565167839164618
1771414149013,1.8863169153033974,-0.9637320953321408,1.621546161349237
1771414149057,1.8873508053311672,-1.0283295876056895,1.582602704925945
1771414149103,1.8977320983723711,-0.9823559871554919,1.6236883419217376
1771414149145,1.9368205575732598,-1.102491767366933,1.5924150762682854
1771414149190,1.9096876615990714,-0.9933672337398729,1.6309900379204412
1771414149232,1.9191697225785245,-1.0366536793180054,1.6151041988734263
1771414149275,1.884268205503004,-0.9049007057473842,1.6527617441747
1771414149319,1.9061780558544772,-1.0041754063623327,1.6202303953074693
1771414149366,1.881556216685256,-1.013479205365326,1.5852803212173552
1771414149407,1.8976078171008803,-1.0653515748204427,1.5703316368047773
1771414149452,1.928769308179683,-1.0424791472660018,1.6227717866944458
1771414149496,1.929944716811393,-1.1474760948765224,1.551768417527285
1771414149540,2.0207749082809427,-1.3601052630574066,1.4945383579357863
1771414149588,1.9067537590174408,-1.0682869320578885,1.579390049456272
1771414149633,1.8896415721005362,-1.038641973672374,1.578596883797932
1771414149678,1.8834228782947005,-0.9948075473715657,1.599262230585236
1771414149724,1.8854016376615872,-1.0133039064269818,1.5899542535924778
1771414149764,1.9062553190786824,-1.0363290666033873,1.5999473138915297
1771414149806,1.9314130984162985,-1.1298725817696942,1.5664432660326806
1771414149847,1.8994265675552702,-1.038337510548635,1.5904956773667944
1771414149891,1.88745280296274,-0.9839188868646392,1.6107084489388368
1771414149935,1.913161250807924,-1.1129122951049413,1.5561530114346702
1771414149981,1.9225832472651694,-1.036861149229915,1.6190260343435814
1771414150025,1.9017774825457152,-1.01369900240975,1.609090403187899
1771414150069,1.924442621078425,-1.0528907943864692,1.6108694475094585
1771414150114,1.929048413657105,-1.1203734816328597,1.570347427764588
1771414150158,1.9200995675776837,-1.024626754074373,1.6238603278136399
1771414150200,1.9068962385264732,-1.0709396885136435,1.5777646998436468
1771414150241,1.881148105334221,-0.9841105063197693,1.6031982739366881
1771414150281,1.9086465064516815,-1.124870700092751,1.5419459765708567
1771414150324,1.921442702831634,-1.1362672227885395,1.549464055304722
1771414150369,1.9421308742910728,-1.1187664356797142,1.5875244865107168
1771414150413,2.0930908265513497,-1.479457757355908,1.480619448877003
1771414150457,1.9458685506402114,-1.154196941244638,1.5665994501442155
1771414150498,2.0738195054088773,-1.4744549592487377,1.4583243514942494
1771414150540,2.1184956644903608,-1.5324119901864957,1.462784116948608
1771414150579,2.136638433160731,-1.586270362251353,1.4314224156071138
1771414150622,2.282624315025309,-1.754085755867447,1.460670025915398
1771414150664,2.386957226024172,-1.897387387633931,1.4482699679675393
1771414150708,1.8467024877350249,-0.7564844150158637,1.6846487491595499
1771414150749,2.0601645380616853,-1.4405638656043394,1.4727707469263507
1771414150789,1.8903176836652849,-0.9071782335051892,1.658411468192406
1771414150832,2.367033750672475,-1.8605905902413316,1.4632332118729459
1771414150876,1.9030150249738997,-0.9588179103239678,1.6438170214833498
1771414150915,1.901081205168734,-0.9832462915241739,1.6270637599214621
1771414150951,2.103467054807427,-1.5455192345271194,1.426865076440985
1771414150987,1.9049206583297758,-1.052341652044257,1.5878601203835023
1771414151021,1.879420227714053,-0.9637776315087043,1.6134909573171505
1771414151056,1.871131015529543,-0.8222588797899287,1.68078006053238
1771414151094,1.9260080484626227,-1.076709014380169,1.5969360353800293
1771414151135,1.913320889953636,-0.9925764662650882,1.6357227107763967
1771414151176,1.9169467504145556,-1.0675328621715532,1.5921866825560174
1771414151218,1.9310069396943499,-1.092939228964519,1.5919395852035911
1771414151263,1.938202404172544,-1.1280929421996628,1.5760821277140153
1771414151305,1.933928301370697,-1.1027841966203396,1.5886930762507216
1771414151349,2.102615868857751,-1.4845078668826286,1.4890365627263906
1771414151390,1.9415167333379895,-1.131242338958361,1.5779030376989056
1771414151432,1.9042521063103024,-1.0610740304320094,1.5812330588278234
1771414151473,1.9109092887796637,-1.0983997999814594,1.5636790557352522
1771414151516,1.9357048977051363,-1.194440053742249,1.5232420717062227
1771414151558,1.9417539280234326,-1.2058692798761776,1.5219354772280387
1771414151611,1.9263279169332759,-1.1886376649094093,1.5158759003016047
1771414151657,1.9389004276593451,-1.1982963343847604,1.5242771281422671
1771414151699,1.8993715923999288,-1.0809459395185348,1.5617836988053864
1771414151742,1.9534551416939436,-1.2212020646720658,1.5246811167753043
1771414151784,1.8929504724066555,-1.0407084759210956,1.5811980771334662
1771414151829,1.9210229338555,-1.098961138984529,1.5756311520786264
1771414151874,1.9234731151012232,-1.111164911519207,1.5700513889442334
1771414151913,1.8803454035148477,-0.9554793820986969,1.6194931265379633
1771414151955,1.9357267616218259,-1.1198631775898646,1.5789061273987295
1771414152001,2.0945210125791633,-1.4994292659314066,1.4624397931552762
1771414152044,1.9094184825123146,-1.0400947159935279,1.6012750928937765
1771414152089,1.8937221451909172,-0.9036866315708195,1.6641917062365967
1771414152133,1.895930731200724,-0.9601450628397847,1.6348317331810323
1771414152174,2.0433765924947327,-1.401325615274632,1.4871699360633133
1771414152219,1.9222394437639365,-1.0018214173698408,1.640535987676275
1771414152262,1.8768871119781796,-0.8704879702367943,1.6628156616963943
1771414152307,1.8861506527631902,-1.004389930838433,1.5964852494618849
1771414152347,1.8998135418885302,-1.0383837968317133,1.5909275861648755
1771414152390,1.8559148906163403,-0.803937506339315,1.6727535882826214
1771414152431,2.092397706609725,-1.5224997206017523,1.4353127754580965
1771414152477,1.918919518969418,-1.0861893728050525,1.581911744278798
1771414152516,1.901865288527206,-1.0929175784946847,1.5564776716426059
1771414152562,2.2537774618303827,-1.7349386884589455,1.4385758912003763
1771414152608,1.8767002404062798,-0.9960751843570951,1.5905464530937055
1771414152648,2.0653016663285744,-1.4557370846228335,1.465025772262522
1771414152690,2.0396071525946793,-1.4107164844186708,1.473050011881743
1771414152731,1.894956013354734,-1.0919514483266155,1.5487092454836944
1771414152774,1.8943476939271646,-0.9002587892739669,1.6667595200934469
1771414152818,2.0594933779065268,-1.4459353105179609,1.4665551648124815
1771414152863,2.1276177923545005,-1.5787870614365653,1.4262499377682487
1771414152904,1.8811438519977406,-0.9003263326141784,1.6517005438972285
1771414152950,1.8992238245902966,-1.002288615222545,1.61321686939068
1771414152994,2.1213096209881255,-1.5374120083633134,1.4616151424492931
1771414153040,2.1151839290327152,-1.4940216697447908,1.497298334992483
1771414153086,1.9287109540583556,-1.0045034286402394,1.6464807336117528
1771414153126,2.1111852949523486,-1.5034634181270816,1.482127221252166
1771414153171,1.8851549858030512,-0.9337294391567029,1.6376686645809069
1771414153216,1.8923111635172682,-0.9665890072873349,1.6268212042395322
1771414153259,1.8908838758973427,-0.9448936444408801,1.637869907173274
1771414153304,1.8793722172131606,-0.9627863391356708,1.6140267643401842
1771414153344,1.8823182413839348,-0.9260537808735883,1.6387636671516856
1771414153386,2.1027896174859144,-1.527453990732172,1.4452018826457846
1771414153430,2.0400125359208476,-1.4371681806493022,1.4478255306643069
1771414153473,1.869776821295572,-0.8815417631034486,1.6489237342456555
1771414153518,2.0981248968513255,-1.5331678806693805,1.4323143273985446
1771414153564,2.0504093632642375,-1.473934876200485,1.4253752269776252
1771414153609,2.115969820079309,-1.5561665163735188,1.4337622023210024
1771414153654,2.3054374489075506,-1.7956049340804563,1.4459753633901498
1771414153700,2.218063414170683,-1.6938138698354255,1.4320614105671754
1771414153740,2.095662993269975,-1.522041443511359,1.4405530971106655
1771414153782,2.0594933779065268,-1.4459353105179609,1.4665551648124815
1771414153825,1.856505737296858,-0.8826583224230596,1.633256819509247
1771414153869,1.8910682320401713,-0.9823063873781758,1.615924880539803
1771414153910,1.8808475328021612,-0.8586927026090141,1.6733900573787346
1771414153950,2.071994484040989,-1.4533089476664014,1.4768392751173234
1771414153996,1.9068448382631766,-0.9050717094270271,1.6783630233074605
1771414154040,2.112581364380789,-1.5231633739125063,1.4638898037422308
1771414154086,2.0517192861582747,-1.3859863992301633,1.5128098791133098
1771414154126,2.122793390666993,-1.5574447705840073,1.4424345967980658
1771414154172,2.0710433210614267,-1.4667944020171475,1.4620993878407524
1771414154213,2.1540082411186336,-1.5834192897937778,1.4603201209036183
1771414154255,1.8829996390851989,-0.9609645006343746,1.619331611905207
1771414154292,2.111054384217508,-1.544529793564968,1.4390894099791434
1771414154327,1.8794293221017966,-1.0054902144186189,1.5878425631920876
1771414154366,2.1021100824950056,-1.528682418957651,1.4429126310684735
1771414154406,1.8829996390851989,-0.9609645006343746,1.619331611905207
1771414154446,1.8680618275952678,-0.8585295473205778,1.6590907172593354
1771414154488,2.091149217291843,-1.4650282169565094,1.4921787334302545
1771414154529,1.8973528848693362,-0.9423974137516689,1.6467650361469781
1771414154572,1.9061795319705175,-0.9127932299406292,1.6734183360648032
1771414154618,1.8926373603454671,-0.8811974819572274,1.6749827388864935
1771414154659,2.093812492455009,-1.4708605181630168,1.49017451651472
1771414154705,1.8965472926661993,-0.9963428972606352,1.6137510540345972
1771414154753,1.876764394088332,-0.8720532921125106,1.6618566865507616
1771414154798,1.8827650405723912,-0.9641054548323144,1.617190424768875
1771414154840,2.06410305775892,-1.4714548890284505,1.44752959990599
1771414154887,1.856505737296858,-0.8826583224230596,1.633256819509247
1771414154931,1.9034594649203835,-1.0318276818237266,1.599527920862048
1771414154974,1.8945208171170627,-1.0213852895455016,1.5956131162628222
1771414155016,1.8847900670101103,-0.9386740785182666,1.6344187257303004
1771414155057,1.9156196259216467,-1.1214513224302163,1.5530439409867671
1771414155097,1.9142397634481074,-0.9752065638833141,1.6472055213982153
1771414155141,1.955818589149407,-1.1524205517232924,1.5802383445633001
1771414155184,1.9027717361089909,-0.9605937771055061,1.6424980593965401
1771414155229,1.925389250751376,-1.0060104019633125,1.641665872840926
1771414155273,1.9130675924689804,-0.9900721567962818,1.6369437185474092
1771414155320,1.9074160004107679,-0.9821258444242951,1.6351344361662976
1771414155365,1.9258866863952309,-0.9999430274705978,1.6459506282532712
1771414155406,1.944510240998432,-1.1285472379882837,1.5835091439511162
1771414155450,1.9020960497918495,-1.0442845744733438,1.589792159419207
1771414155495,1.9239714386379985,-1.1436591247122398,1.547161886538446
1771414155539,1.9264991610494546,-1.1131681527737227,1.5723408285656741
1771414155581,1.8976678752669585,-1.0216602391834664,1.5991728238348084
1771414155625,1.9389996165822156,-1.1970764913616272,1.5253613955175722
1771414155671,1.8770487119681427,-1.0341258683391976,1.5664914795596445
1771414155711,1.9269903739648757,-1.1406803263423926,1.5531066590703628
1771414155755,1.942941691912266,-1.1881699328687023,1.5372945810083642
1771414155797,1.878624405255773,-1.052902276526304,1.5558362549151288
1771414155839,1.9343805055266523,-1.055153953932985,1.6212581761277673
1771414155880,1.9478327983085424,-1.16786911667224,1.5588888146656543
1771414155923,1.9474379590598871,-1.1357386043927589,1.5819647362945002
1771414155958,1.9271407909678333,-1.1065458476170031,1.5777921014296192
1771414155994,1.9513655186050356,-1.1684689262352288,1.5628524420505574
1771414156030,1.9304260819958978,-1.1038841965328394,1.5836617500890398
1771414156067,1.9214872734723263,-1.0933000332434732,1.58012922871072
1771414156106,1.9096936444811798,-1.0749398814514566,1.5784277199279475
1771414156148,1.9365298163820173,-1.2215790459771616,1.5026284850774316
1771414156189,1.881148105334221,-0.9841105063197693,1.6031982739366881
1771414156230,1.9257811464345416,-1.1585112782236369,1.538338273004794
1771414156274,1.9601964185749052,-1.2166730704535433,1.5369048893887454
1771414156317,1.9438768382735863,-1.139956548449841,1.5745336547761815
1771414156359,1.9142397634481074,-0.9752065638833141,1.6472055213982153
1771414156405,1.9408397719174968,-1.1347297325256152,1.5745626232002037
1771414156449,1.894539894591614,-0.8556940164936443,1.690286710098668
1771414156492,1.9337339770038524,-1.1437901787894154,1.55918925109302
1771414156531,1.9156196259216467,-1.1214513224302163,1.5530439409867671
1771414156573,1.9389004276593451,-1.1982963343847604,1.5242771281422671
1771414156614,1.9150681168628894,-1.1319321942425464,1.5447379712630966
1771414156659,1.8916243374940938,-1.0566391588236927,1.5689985093174335
1771414156704,1.9160124245308385,-1.0405663733538295,1.6088272851993157
1771414156748,1.9242371276413504,-1.102094957138681,1.577363378820151
1771414156794,1.9122022924610729,-1.0445172797976294,1.6017182210044136
1771414156839,1.8956539405292567,-1.00354569336404,1.6082288094592097
1771414156882,1.8816115308955932,-0.894334774482103,1.6554839970085196
1771414156927,1.89945317818218,-1.004099907552646,1.6123603045718882
1771414156973,1.9053434694545877,-1.085223545428455,1.5660854360605425
1771414157013,1.9110176153298766,-1.1341592221930763,1.538073855448913
1771414157057,1.8895572487852619,-1.043503837672038,1.5752861128063869
1771414157103,1.8903795935280563,-0.9517237554959952,1.6333269424251529
1771414157145,1.8863169153033974,-0.9637320953321408,1.621546161349237
1771414157191,1.935719546363063,-1.1205882463373844,1.578382762305306
1771414157236,1.913444737903038,-1.0291273548131064,1.6131235701533233
1771414157281,1.89945317818218,-1.004099907552646,1.6123603045718882
1771414157328,1.9205177363709431,-1.062643862095518,1.5997426036916353
1771414157372,2.1275255078934068,-1.5454237599165397,1.4622004612988344
1771414157413,1.9132869476843377,-1.070605263541618,1.5857084580263272
1771414157455,1.8948266401003337,-1.0974584693877463,1.544653004400349
1771414157502,1.8838997899996324,-1.0273834529549326,1.5791015354799254
1771414157547,1.9026327690141516,-1.003958339556743,1.61619278124886
1771414157593,1.9148282722516992,-1.0121628494087795,1.6254518382564054
1771414157633,1.8839705666021036,-0.8632523777401001,1.6745567855851038
1771414157679,1.8865071261579207,-0.8707570444401186,1.673526607676892
1771414157722,1.918119986954154,-1.0533798130777074,1.6029894739995576
1771414157768,1.9002160136567314,-0.9900293650275455,1.6219317972530887
1771414157809,1.8904414838357435,-1.032819386356933,1.5833676512334007
1771414157855,1.8818167218913788,-0.9363740129354909,1.6323105962680937
1771414157900,1.9014405482586727,-1.0138268450972048,1.608611602196904
1771414157947,1.9128917519989757,-0.9927608833120877,1.635108768073584
1771414157991,1.9049803753552765,-1.012945592116433,1.6133479035535452
1771414158032,1.9314308421628037,-1.0539499945480866,1.6185223220733798
1771414158074,1.9137696397781736,-1.0637768893227808,1.5908780480852165
1771414158119,2.083118547641919,-1.4816008734603425,1.4643229614027526
1771414158158,1.8965735260479224,-1.0797465004375908,1.5592109012249193
1771414158203,1.8891262962260262,-1.0445352369778336,1.574085226982429
1771414158248,1.8916029315837042,-1.0144216328473086,1.5965933739019038
1771414158291,1.8834228782947005,-0.9948075473715657,1.599262230585236
1771414158330,2.1214486591449724,-1.4995968514562033,1.500584451635643
1771414158372,1.8943830456613269,-0.9402466803939898,1.6445738973050639
1771414158413,1.8680618275952678,-0.8585295473205778,1.6590907172593354
1771414158458,1.8900647259965069,-1.0000601755626788,1.6038155485310008
1771414158502,1.883921494960522,-0.9497012240396416,1.627030357501634
1771414158548,2.5645335073388296,-2.0572036132671436,1.5312561522567694
1771414158592,1.8910652516184923,-0.9432198993627182,1.6390436258150956
1771414158632,2.043395181121802,-1.4771542908971722,1.4119061821225491
1771414158673,1.8898660463870436,-1.077496070625329,1.5526093813556492
1771414158713,1.9125209663509841,-1.0789222423167817,1.579133699775364
1771414158757,1.913748419819959,-0.9874009539482826,1.639351204136994
1771414158802,1.9026001916341453,-1.0035316762951436,1.616419396035121
1771414158847,1.8852014640389423,-0.9726466582425898,1.6149127029731651
1771414158891,1.8932229563781988,-1.0716186633553901,1.5607455279147253
1771414158933,1.8626877534898358,-0.8887483148571668,1.6369887292952134
1771414158979,1.8892510374761262,-0.8803588458383675,1.6715973753146292
1771414159023,2.114212610445956,-1.542725657677023,1.445646051879125
1771414159069,2.086076010515254,-1.5161143190664796,1.4328679259334478
1771414159114,1.913320889953636,-0.9925764662650882,1.6357227107763967
1771414159156,1.9177813694788624,-1.0140947839061651,1.6277276032477084
1771414159205,1.8737489530549523,-0.9939286008690497,1.5884083465686722
1771414159243,1.8718857190808806,-0.8500013579388856,1.66776911975279
1771414159288,1.9443481283089323,-1.1304748111834086,1.581934368214524
1771414159330,1.8923871460654398,-0.9657862901431641,1.627386233309476
1771414159376,1.8878772159813195,-0.9389297852379981,1.6378312614595878
1771414159416,1.901204234318583,-1.0207535682811708,1.6039450406520066
1771414159456,2.0955600674675434,-1.4877968790624962,1.475748096057207
1771414159502,1.8769618347262578,-0.9148472441281302,1.6389143506999153
1771414159544,1.8947754016984255,-1.0564466531580694,1.5729253929899358
1771414159583,1.8874692330043297,-0.9488711369072558,1.6316199530167204
1771414159623,1.913320889953636,-0.9925764662650882,1.6357227107763967
1771414159663,2.0833377718362462,-1.4811004724057824,1.4651408335716347
1771414159708,1.8954726893535279,-1.0484383618108288,1.5791116862237835
1771414159749,1.8738583641027238,-0.9095461218951288,1.6383134684373646
1771414159793,1.8881530354863967,-0.8489499303649568,1.6865366587032222
1771414159841,1.8950569305738643,-1.01050891777817,1.6031570407189768
1771414159888,1.8747983969696744,-0.9017301870464667,1.643700611136105
1771414159930,1.8772932444219055,-0.9495338369437764,1.6194491094353516
1771414159976,1.923871284157941,-1.1024773970896922,1.576649709641892
1771414160021,1.9130675924689804,-0.9900721567962818,1.6369437185474092
1771414160066,2.094699438436607,-1.4615806035652579,1.5005158701821362
1771414160106,1.9093134024937788,-1.0423380259657378,1.599690316457601
1771414160149,1.8616846349345537,-0.8559952205942128,1.653221661566067
1771414160190,2.1135297848059755,-1.5514206105717188,1.4353056261142674
1771414160231,1.8929516357571505,-0.9600633188025766,1.631424015762136
1771414160273,1.8812652536400643,-0.7683770405826786,1.717194129403784
1771414160319,1.9028439175797627,-0.8275745946548055,1.7134571091662123
1771414160364,1.900404041528456,-1.0263620701687204,1.5994112735555757
1771414160406,1.8842671844737697,-1.0693669499330942,1.5514242323992167
1771414160452,1.869300418971162,-0.932097845072373,1.620332578076859
1771414160497,1.8822461849136742,-0.9308247585701185,1.635975540604126
1771414160540,2.089017347439549,-1.4493236308501762,1.5044781457245007
1771414160581,2.1595191926604054,-1.5950227350755142,1.4558247209265527
1771414160623,2.092419132416002,-1.5209750079735356,1.4369595856600972
1771414160669,2.055690590697666,-1.4860457310050765,1.4203984969171526
1771414160714,1.9194372994809623,-0.9981022879256892,1.6395216892363071
1771414160757,1.8894653600407352,-0.873258028811326,1.6755595369638234
1771414160803,2.054771332159489,-1.458782664752067,1.4470792530070142
1771414160846,1.8700971786483764,-0.8727041903511211,1.6539803063314302
1771414160889,1.857249851118083,-0.785804333072214,1.6828216065890866
1771414160934,1.8910652516184923,-0.9432198993627182,1.6390436258150956
1771414160974,1.8819602260402353,-0.9345968281999322,1.6334941264406309
1771414161011,2.063247559733756,-1.4806465826877893,1.4368981139671213
1771414161045,1.8660365639210175,-0.8852613164948325,1.6426822149789027
1771414161086,2.1213096209881255,-1.5374120083633134,1.4616151424492931
1771414161124,2.1088925974602817,-1.528049152509127,1.4534420439559714
1771414161165,1.888233261519992,-1.0174197971789485,1.5906859546179357
1771414161210,1.8826640181617202,-0.8805861958637917,1.6640287728687175
1771414161254,2.3353269628132405,-1.7998441623342383,1.4880567914410652
1771414161299,2.0781340693511394,-1.4599883101980287,1.4788763789725738
1771414161338,2.122793390666993,-1.5574447705840073,1.4424345967980658
1771414161384,2.062298608408458,-1.488759390215503,1.4271198366950921
1771414161422,2.0592472775447725,-1.4090385935738388,1.5017022314343864
1771414161457,2.10904144780794,-1.5254951608339704,1.4563379905928264
1771414161492,2.078459223065731,-1.4914468294558503,1.4476115144793138
1771414161530,1.8799015166682906,-0.9993966361479943,1.592242467725256
1771414161568,2.254800245212654,-1.6911552370298133,1.4913477495465912
1771414161613,2.116437051515521,-1.5156031722656524,1.4772450092134355
1771414161656,1.8807248011266888,-0.9895708168758359,1.5993359171733479
1771414161700,2.188378830437074,-1.6127015066938988,1.4792551354693224
1771414161743,1.9117915435582462,-1.053893604099046,1.5950721542488115
1771414161784,2.051074703236976,-1.4631076201727171,1.4374364438301883
1771414161827,1.909339304135739,-1.0750873660782434,1.5778985181615746
1771414161868,2.0971162451535013,-1.5117660086428186,1.4534304526873247
1771414161907,1.8824314679047,-1.0075106224942907,1.5901165293521762
1771414161953,1.8993272992270875,-1.0438480101688488,1.5867657424004962
1771414161994,2.079407128533558,-1.4494709479762522,1.4909620978311289
1771414162038,2.0650951597732274,-1.4923042606118484,1.4274613874562547
1771414162081,2.2431359166462927,-1.7091809288026663,1.4527075731770174
1771414162124,2.1219637755774374,-1.5293064702481207,1.4710377238263086
1771414162168,2.251829200403005,-1.7233834750855561,1.449373708051057
1771414162208,2.1475651250739083,-1.5807988075257398,1.4536543937810353
1771414162247,2.1111178597079134,-1.500573297154041,1.4849573722656049
1771414162290,2.0615431680294307,-1.4584366621799503,1.4570253038496714
1771414162332,1.9175877780346036,-1.0986275906832152,1.5716743630463919
1771414162372,2.128751856132177,-1.5667970009564829,1.4410869587849162
1771414162414,2.0777431301414913,-1.5029499408519473,1.43462817138912
1771414162459,2.2838313748581083,-1.7449471804440855,1.4734466689522612
1771414162504,2.102248488790319,-1.5280237791275353,1.4438116355820052
1771414162546,2.280514145231635,-1.7765607998608623,1.4298868804906586
1771414162589,2.4505772781381823,-1.937592815617592,1.500354317151197
1771414162634,2.065824779619957,-1.4513408896444437,1.470116200216132
1771414162678,2.2658818643753302,-1.7184339794801657,1.4768904094322586
1771414162722,2.4284105711385893,-1.9237778623891828,1.4819772731722156
1771414162764,2.3379467889633387,-1.8435583869554482,1.4378065453704867
1771414162806,2.20771686639273,-1.655466625285432,1.460631375371965
1771414162846,2.3837659564479097,-1.896930360269559,1.4436049817756997
1771414162889,2.3274457760728073,-1.8225591351724777,1.4475089082138672
1771414162928,2.088977048917908,-1.4529275231376304,1.5009419453846045
1771414162972,2.0919174152910593,-1.495576584107825,1.4626582490337228
1771414163016,1.891934497279883,-0.9268789137484833,1.6493367216084518
1771414163060,2.22938553337389,-1.6738469884051317,1.4725474918738126
1771414163105,2.116838079031866,-1.552560664169329,1.4389436531405295
1771414163148,2.0824184144939824,-1.487279141160095,1.45755521655055
1771414163188,1.882292026251879,-0.9704940408628314,1.6128126328687835
1771414163227,2.1105570425818265,-1.5129145025360975,1.471577635739175
1771414163269,2.056967779204999,-1.4027818880328846,1.5044332551809805
1771414163314,2.080155283443422,-1.4763805349101782,1.4653827211264365
1771414163356,2.07185909014503,-1.4614716099934841,1.468571013808881
1771414163397,2.100157848348021,-1.5143568751168222,1.455124133111743
1771414163438,2.036586599044627,-1.4413762771543805,1.4387909518289095
1771414163483,2.3799666403231043,-1.8676944132085593,1.4751131441080647
1771414163524,2.0949809208533403,-1.4976436707638077,1.4649261053584297
1771414163570,2.0503645607798906,-1.4009352679952756,1.4971223086271606
1771414163615,2.1396948313447117,-1.5884061036071588,1.4336178086598947
1771414163658,2.2620481122582974,-1.75364058112045,1.4288479185759613
1771414163702,2.3016160138561514,-1.7677342706280132,1.4739578771750317
1771414163746,2.0755912538669525,-1.4571682474998,1.4780865169560782
1771414163789,2.2591842670622664,-1.7152035809285837,1.4703707792633238
1771414163831,2.1356296210090173,-1.5631901343504617,1.455111845185965
1771414163872,2.3519390003406286,-1.8017196311530246,1.5117616981657804
1771414163912,2.0984517143085797,-1.5297682525474257,1.4364221840331663
1771414163952,2.0398781256532446,-1.4423701382226266,1.4424531714694362
1771414163998,2.09495840581127,-1.4972327960299352,1.4653138491707776
1771414164038,2.0552327238173467,-1.4568536315356448,1.4496754965615835
1771414164083,1.8983856362035783,-0.9286804021155586,1.655723628650189
1771414164127,2.1206817665607374,-1.5435127037569218,1.4542557162906964
1771414164170,1.8600067296982423,-0.7484046482063152,1.7027963815635538
1771414164215,2.2197722689215618,-1.6717407236135429,1.4603670356746776
1771414164256,2.1139202011969265,-1.546695037554585,1.440969492332324
1771414164302,2.0462345351738525,-1.4431213666069866,1.4506813896168023
1771414164342,2.0985174894108423,-1.4967834409193674,1.4708551880973064
1771414164386,2.1095388528830146,-1.5208604898228208,1.4618951885545264
1771414164429,2.058038763437085,-1.4619625809583472,1.448512672946721
1771414164475,1.8908838758973427,-0.9448936444408801,1.637869907173274
1771414164515,1.9016578954496501,-0.9270417708507606,1.6603904078330127
1771414164557,1.867557856588194,-0.8653561609737876,1.654971619807723
1771414164596,1.8811756788510523,-0.9402356023772523,1.6293492402560608
1771414164638,2.0949809208533403,-1.4976436707638077,1.4649261053584297
1771414164678,2.2317535911903557,-1.7200643757112386,1.4220065524462808
1771414164721,2.1472435095592797,-1.5863181259483428,1.447152200921586
1771414164764,2.3614478723485623,-1.8474107289041797,1.4708873690902646
1771414164808,2.0213678865674103,-1.4224417552257869,1.4361711547848957
1771414164850,2.1182291900589414,-1.5393774192399043,1.4550642813127022
1771414164893,2.1024663071020386,-1.5205710705907833,1.4519738950069603
1771414164932,2.0479960882018977,-1.4239785690051567,1.4719283312390927
1771414164973,1.8667699547852747,-0.9156326063631725,1.626790396533493
1771414165013,2.0970488720618308,-1.4775992773033046,1.488057239332059
1771414165058,1.893414344056285,-1.0727074119879212,1.5602296903162265
1771414165097,1.9073413900750018,-1.065398965940575,1.5820481097823775
1771414165141,1.8994265675552702,-1.038337510548635,1.5904956773667944
1771414165182,1.9036808531275977,-0.9465925628977943,1.6516547188898785
1771414165227,1.9331352090576601,-1.067043690705035,1.6119644842939254
1771414165272,1.8984887367404308,-1.0514760254708049,1.5807142851857816
1771414165318,1.8914045766579493,-1.0963637651637475,1.5412325480077975
1771414165361,1.8735824355299093,-0.9527283673816618,1.613263710839756
1771414165400,1.918119986954154,-1.0533798130777074,1.6029894739995576
1771414165442,1.9296212824967578,-1.1133254181261123,1.5760535546797734
1771414165481,1.9212435461973407,-1.0971610956244138,1.5771538587129568
1771414165527,1.9534551416939436,-1.2212020646720658,1.5246811167753043
1771414165571,1.8670289123089965,-0.8767183705133355,1.6483815875585837
1771414165616,1.93709306842809,-1.214629774228599,1.5089745085022264
1771414165656,1.89406938591423,-0.8584088766524929,1.6883817812158817
1771414165703,2.023755961297498,-1.3977900133235577,1.463479166076541
1771414165746,2.116437051515521,-1.5156031722656524,1.4772450092134355
1771414165791,1.854390282310439,-0.7400301448693885,1.7003289986975996
1771414165832,2.133594636816828,-1.5851566431436863,1.4281122123107035
1771414165872,2.070951399350034,-1.4712702049946462,1.457464813422566
1771414165917,2.073224972459811,-1.4826320053136093,1.449159799073494
1771414165957,2.035708013882509,-1.4147269366312663,1.4637809988367056
1771414165992,2.0845162966766453,-1.5028398047691656,1.4445347736596343
1771414166027,1.8924076720494944,-0.9307391598370758,1.647704892745531
1771414166067,2.3081571043731306,-1.8010524388414049,1.4435370902791456
1771414166105,2.136638433160731,-1.586270362251353,1.4314224156071138
1771414166148,1.8950537602465185,-0.931418702975905,1.6503599467907455
1771414166188,1.867061840639896,-0.8351935274517244,1.669841815405394
1771414166232,2.4050601209563713,-1.8832577245652846,1.49587918238067
1771414166274,1.9023871380483277,-0.9620569175688505,1.6411956953299718
1771414166319,2.058320923476299,-1.3841235379872106,1.5234457836136122
1771414166360,2.143745405224272,-1.5486336806014847,1.4823555868032734
1771414166405,2.0825013122672282,-1.4542574901149266,1.4906196255381052
1771414166448,2.221226653923681,-1.6520085453692794,1.484828479699884
1771414166488,2.1289636596181127,-1.5680834717690684,1.4400001699788831
1771414166529,2.080014409860114,-1.5120594154146478,1.4283333887722542
1771414166574,2.0404960428504046,-1.4350784381964343,1.4505771186365253
1771414166616,2.32352608558385,-1.8169174774113284,1.448303956587105
1771414166656,2.3107432212619647,-1.7774612820272553,1.4765383928303888
1771414166698,2.044780919543191,-1.3888495521161173,1.5007417934190939
1771414166742,1.9062936633250376,-0.9521896067930415,1.651451023660255
1771414166788,2.1098840958914984,-1.5173334451668683,1.466052561906949
1771414166832,1.8813402525641945,-0.9819031104380931,1.6047764416361257
1771414166877,1.9051902428882788,-1.0489735113213314,1.5904101465165819
1771414166924,1.9240940081554476,-1.099828121361164,1.578770361921856
1771414166964,1.9254621185667815,-1.0833503969457035,1.5917777129590884
1771414167008,1.92746061129441,-1.0618070042523768,1.608623726609804
1771414167053,1.934334492776685,-1.1696124017429173,1.5406676343828347
1771414167100,1.9309005390813074,-1.1727569396543664,1.5339550359502094
1771414167145,1.896554062011774,-1.1143629220054827,1.5346376080993072
1771414167190,1.887194036579712,-1.067710293896232,1.556115696216078
1771414167234,1.8764360758743703,-0.8353874247332539,1.6802202824154777
1771414167274,1.8800511567017104,-0.9189686693507598,1.640149059252583
1771414167314,1.9075991738392601,-1.0620645042426662,1.5845988756969405
1771414167358,1.9164936318222034,-1.0730885854505545,1.5879007300806895
1771414167400,1.91706492670306,-1.1042737935516596,1.567072851551591
1771414167442,1.9036601129305808,-1.0676085165593872,1.5761135368153958
1771414167489,1.8904414838357435,-1.032819386356933,1.5833676512334007
1771414167535,1.8745276546559764,-0.9798903189494524,1.5980203036567389
1771414167580,1.9309691245363498,-1.09788335420049,1.5884879289696094
1771414167624,1.9117915435582462,-1.053893604099046,1.5950721542488115
1771414167664,1.8982600110836956,-1.0140551975677303,1.604706554471983
1771414167707,1.8972325424942875,-1.0276342668473823,1.5948226026428085
1771414167754,1.8906250199178842,-1.0263662324977265,1.5877768491598316
1771414167797,1.9269532395802695,-1.1083727843551343,1.576279974633232
1771414167842,1.9162055191733585,-0.9989502042387346,1.6352192761711901
1771414167887,1.9094184825123146,-1.0400947159935279,1.6012750928937765
1771414167927,1.9087895345817238,-1.1232898769421573,1.5432748749616794
1771414167967,1.9352121088686804,-1.1639522841294252,1.5460468901627336
1771414168011,1.9393325340264278,-1.1522202250758404,1.5599356494610748
1771414168050,1.9003749119621463,-0.99195859534127,1.6209389103676024
1771414168089,1.9080320596827467,-1.0950429894395797,1.5625195013363558
1771414168134,1.9053434694545877,-1.085223545428455,1.5660854360605425
1771414168178,1.88665388105958,-0.954565521076485,1.62734984956805
1771414168224,1.9146409526139883,-1.0575124839397418,1.5960943968757606
1771414168267,1.9155126206067867,-1.0893147489505615,1.5756211401928621
1771414168312,1.9274064140259133,-1.1395572305383552,1.5544467836358966
1771414168358,1.9323202755220426,-1.1188795477132483,1.5754269912955599
1771414168400,1.9342751822150104,-1.1377846445376159,1.5642463307252228
1771414168444,1.913444737903038,-1.0291273548131064,1.6131235701533233
1771414168483,1.9094376090170275,-1.0780662607893716,1.5759838578095542
1771414168519,1.9080535298663974,-1.05749611318189,1.5881971676844202
1771414168554,1.934607943785414,-1.052672065376635,1.6231418357412013
1771414168592,1.928100481147668,-1.0894593223662818,1.590801637637789
1771414168630,1.9000486134754426,-1.0730422066602476,1.5680450109278299
1771414168673,1.9036601129305808,-1.0676085165593872,1.5761135368153958
1771414168719,1.8888133985812297,-1.011248807162701,1.5953030761181368
1771414168763,1.9393602183893268,-1.110162631218474,1.5901751441011684
1771414168808,1.9352911092394578,-1.1208983967309853,1.577636986669366
1771414168855,1.9090454292606989,-1.0829289304445018,1.572170277860351
1771414168899,1.930430016518009,-1.1420606191489822,1.556360366644809
1771414168944,1.9347843463070395,-1.1320776395575967,1.569009459731986
1771414168989,1.8862666167159876,-0.9193518860364581,1.6470561189523525
1771414169034,1.9079723855068706,-1.0156240257175921,1.615198582912321
1771414169079,1.9205069263450767,-1.1432301582710394,1.5431693553719203
1771414169123,1.9307748339041433,-1.1786643875923744,1.5292618221413445
1771414169169,1.9050063881097767,-1.0931833476422728,1.5601280419172945
1771414169214,1.9132783677951635,-1.0316860276431783,1.6112908033743518
1771414169259,1.934681159535323,-1.0903078868866884,1.5981926982856687
1771414169304,1.9206104810522733,-1.1409869708464662,1.5449573949745186
1771414169343,1.940255242267295,-1.1789595031954896,1.5409882851503978
1771414169387,1.9214872734723263,-1.0933000332434732,1.58012922871072
1771414169428,1.9103851512064198,-1.0238395542962224,1.612862050210274
1771414169474,1.9162619675586514,-1.076278696956001,1.5854602154549469
1771414169520,1.8892050353465049,-1.0856789885522586,1.5460908121435601
1771414169566,1.9040500526419073,-1.1421448819504878,1.5234538626423697
1771414169609,1.9100374794692563,-0.948852122075646,1.6576859845609522
1771414169650,1.9248496472758503,-1.0908167005224108,1.5859272021374013
1771414169690,1.9234731151012232,-1.111164911519207,1.5700513889442334
1771414169731,1.9110661057254437,-1.1334898288173358,1.538627462519846
1771414169773,1.8846270668363014,-1.0226726029657889,1.5830224029353404
1771414169818,1.9212909030486185,-1.0501495161245216,1.6088954993786295
1771414169863,1.9278964999952404,-1.1346951272181123,1.5586057496882815
1771414169907,1.9130797813021705,-1.1140729440895307,1.5552220821718181
1771414169952,1.9440279414705137,-1.133942182860032,1.5790566054289215
1771414169997,1.9570871722201808,-1.1420220390247298,1.5893318917238721
1771414170041,1.924637471501666,-1.0981683694861697,1.5805871152734399
1771414170087,1.918244400465102,-1.1319285748035208,1.5486766226230022
1771414170128,1.9065659823996282,-1.0718568896990406,1.5767424181673295
1771414170173,1.9027717361089909,-0.9605937771055061,1.6424980593965401
1771414170219,1.944510240998432,-1.1285472379882837,1.5835091439511162
1771414170264,1.939090049745114,-1.1966739888379134,1.5257921173801057
1771414170306,1.924637471501666,-1.0981683694861697,1.5805871152734399
1771414170352,1.9454025675403168,-1.078808196682044,1.61887739639668
1771414170397,1.9052658273595158,-1.090240600467691,1.562502257917021
1771414170440,1.8706261027828157,-0.9547188861806841,1.6086497023225224
1771414170483,1.9483747357395131,-1.1619438699794882,1.5639854711234078
1771414170529,1.9209167914161283,-1.0185958552606145,1.6286140743559632
1771414170573,1.8868136284461605,-1.0346784879116646,1.577816876301872
1771414170619,1.9280818568413067,-1.1690687174628922,1.5332246999478876
1771414170665,1.9351789488740152,-1.0456979320296322,1.62832226512877
1771414170707,1.9357048977051363,-1.194440053742249,1.5232420717062227
1771414170753,1.8910201374374442,-0.982584682389796,1.6156993848259256
1771414170801,1.9513283747972137,-1.1261247459219565,1.5935888688463358
1771414170840,1.9200566269466153,-1.1106556025909942,1.56622526576315
1771414170886,1.9442991773678269,-1.1763601185184742,1.5480556070995672
1771414170932,1.9174617288050448,-1.0181280247511837,1.6248307009188017
1771414170968,1.920619052616206,-1.1411986184851333,1.5448117226510145
1771414171004,1.9177813694788624,-1.0140947839061651,1.6277276032477084
1771414171039,1.9237291412578204,-1.1042366430922466,1.5752445032365348
1771414171076,1.8708582197109394,-0.9475157478777171,1.6131721500768963
1771414171113,1.9221244751430175,-1.123464591991613,1.5596120698702416
1771414171154,1.920637800812918,-1.0217553274014737,1.6263042805201582
1771414171197,1.8917497956970888,-0.9780130403960909,1.6193232482537796
1771414171239,1.929705452685319,-1.1496392468365393,1.549868619030841
1771414171277,1.9288477485662616,-1.0416038199829019,1.6234269676662891
1771414171321,1.8908838758973427,-0.9448936444408801,1.637869907173274
1771414171361,1.9382237850486015,-1.2019206436416965,1.5205585182149541
1771414171402,1.9144762651110316,-1.011753263374032,1.6252921902616408
1771414171445,1.9314130984162985,-1.1298725817696942,1.5664432660326806
1771414171486,1.910334881344963,-1.1468658356613737,1.5277689988594523
1771414171529,1.9335962347033853,-1.1085843333486936,1.584245932522139
1771414171569,1.913444737903038,-1.0291273548131064,1.6131235701533233
1771414171612,1.8981588687903328,-1.01535207892579,1.6037665812045319
1771414171651,1.9085140873985482,-1.0084044186723011,1.6203538348770898
1771414171694,1.8981452365909983,-1.0957233481199942,1.5499502197095902
1771414171737,1.9207457839078852,-1.1766070513317237,1.5181766080256878
1771414171784,1.917523469131404,-1.0604339727115717,1.5976157373376392
1771414171824,1.9053434694545877,-1.085223545428455,1.5660854360605425
1771414171864,1.8892539408150444,-0.9609622390996173,1.6266013733886449
1771414171907,1.9375222034061392,-1.1411028721840661,1.5658469030480138
1771414171946,1.8777641239610794,-0.9436114326031136,1.6234517453549457
1771414171990,1.9087033546267347,-1.0943896905116852,1.5637965664577629
1771414172032,1.9049206583297758,-1.052341652044257,1.5878601203835023
1771414172073,1.9190431198946816,-1.1591672363958987,1.5293978599701936
1771414172114,1.9282640454364326,-1.005011498377781,1.645647020794959
1771414172158,1.9276359849664062,-1.1371876833492487,1.556465439184621
1771414172203,1.924442621078425,-1.0528907943864692,1.6108694475094585
1771414172248,1.9067659239836823,-1.0340980325338303,1.6019979862580997
1771414172291,1.9280818568413067,-1.1690687174628922,1.5332246999478876
1771414172336,1.929048413657105,-1.1203734816328597,1.570347427764588
1771414172376,1.9122329726079343,-1.1636344241361298,1.5174287029361067
1771414172417,1.9430538089705358,-1.1502218784186284,1.5660292893052892
1771414172465,1.9080028099619317,-1.0150643018193088,1.6155863288585686
1771414172506,1.9145828948173162,-1.0193219612180282,1.6206820787883376
1771414172552,1.931814304588971,-1.0437836350660763,1.6255528999644453
1771414172593,1.8906483071115627,-0.9833175890462187,1.614818113676011
1771414172633,1.9042723678508753,-1.0611143545518613,1.5812303998862296
1771414172672,1.9525131744195758,-1.2286124847456408,1.5175042202936873
1771414172713,1.9160677198508882,-1.15706391869059,1.5272585226866333
1771414172755,1.90171387714849,-0.9314549732652582,1.6579829019982562
1771414172801,1.9109109543285157,-1.0611458164582648,1.5891979837596828
1771414172844,1.9251415801862124,-1.0899885416223434,1.5868506807175853
1771414172890,1.93685371849041,-1.1811724288797127,1.5350029381354708
1771414172931,1.8968820250593796,-1.1064681535297667,1.5407432109919557
1771414172977,1.9043762933881818,-0.9809673028333507,1.6322843556166222
1771414173018,1.9151225382862112,-1.131126732048348,1.54539530628815
1771414173062,1.9258880164943364,-1.0390253583434825,1.621564354811639
1771414173108,1.9190095782597796,-1.1187816544888014,1.559142511456883
1771414173154,1.9219250504221113,-1.0879133398643455,1.584373839845016
1771414173199,1.9395127734248125,-1.1546737236487008,1.5583447597349092
1771414173240,1.9474499189890166,-1.2092510148562712,1.5265232294463802
1771414173280,1.9375463439712546,-1.0558203533915342,1.624601248430073
1771414173322,1.9545310441701724,-1.1676717068245241,1.5673973292392862
1771414173363,1.9304289684968376,-1.1038060134950385,1.5837197627686395
1771414173407,1.9162960729876026,-1.1502205240338046,1.532704598231214
1771414173453,1.912856616420013,-1.0369066803607119,1.6074342820797214
1771414173495,1.8978731978561434,-0.8953967145141426,1.6733760482264537
1771414173543,1.9122022924610729,-1.0445172797976294,1.6017182210044136
1771414173584,1.9144161110159685,-1.0941254223417467,1.5709483143321423
1771414173626,1.9186283217710463,-1.1281069490259032,1.5519372888945768
1771414173667,1.911844931046148,-1.04912470456021,1.5982766952715988
1771414173709,1.9398094576663867,-1.0662302509994028,1.6204980049064275
1771414173750,1.9298883256692692,-1.1476123811233898,1.5515974904100738
1771414173794,1.8907224321257925,-1.0290664725741332,1.5861442274798034
1771414173836,1.9094961764588703,-1.0346283254017588,1.6049049430378728
1771414173877,1.929643868490041,-1.150836936608894,1.5489027743980148
1771414173923,1.9305535114265986,-1.2173270736629145,1.498383013854887
1771414173963,1.90171387714849,-0.9314549732652582,1.6579829019982562
1771414174006,1.9618852285282264,-1.1643823287070814,1.5789893737805603
1771414174053,1.9447501692994527,-1.2046487082902675,1.526720246346671
1771414174098,1.8998135418885302,-1.0383837968317133,1.5909275861648755
1771414174139,1.898762784638788,-1.0507927943813429,1.5814975863419753
1771414174180,1.9079723855068706,-1.0156240257175921,1.615198582912321
1771414174222,1.8942577358239787,-1.0218591442008862,1.5949972599167745
1771414174265,1.9005869930970767,-1.062323057720479,1.575976090987804
1771414174306,1.9144161110159685,-1.0941254223417467,1.5709483143321423
1771414174351,1.8989779566364073,-0.9210078608196391,1.6606811253517086
1771414174397,1.9417539280234326,-1.2058692798761776,1.5219354772280387
1771414174441,1.9061349368365859,-1.0757206384821587,1.5735868280373193
1771414174486,1.909735540313448,-1.03878896364504,1.602500334772371
1771414174527,1.8975219234299316,-0.9840013334490801,1.622445939212663
1771414174573,1.8849973982479424,-1.0149745938528538,1.5884085636997638
1771414174618,1.867901839474549,-0.9409526713099742,1.6135877268580805
1771414174663,1.8942577358239787,-1.0218591442008862,1.5949972599167745
1771414174708,1.9031065769339621,-0.9970406841673085,1.621025760833087
1771414174752,1.868610173822531,-0.7147803352035654,1.7264973368410816
1771414174799,1.9061798429554564,-1.1126778850882855,1.5477304409118366
1771414174841,1.909735540313448,-1.03878896364504,1.602500334772371
1771414174886,1.9053434694545877,-1.085223545428455,1.5660854360605425
1771414174931,1.909735540313448,-1.03878896364504,1.602500334772371
1771414174974,1.9099748847781979,-1.114265725091817,1.55126269676322
1771414175019,1.8652591297316423,-0.8553053122810924,1.6576020161157463
1771414175062,1.9532734772224787,-1.2192633078391069,1.5259994308577027
1771414175107,1.9233432314260601,-1.0663961900620025,1.6006399819115116
1771414175154,1.876853260762591,-0.9157077380497691,1.6383093422522335
1771414175199,1.9033852083458023,-1.0711455141684603,1.5733793372312914
1771414175241,1.89945317818218,-1.004099907552646,1.6123603045718882
1771414175288,1.9466590256357577,-1.186486932580767,1.5432854955918687
1771414175330,1.927069414831311,-1.0634625848634356,1.6070606274107617
1771414175373,1.9175877780346036,-1.0986275906832152,1.5716743630463919
1771414175415,1.8857112286684306,-0.9708446792372282,1.6165913047901024
1771414175456,1.8923940718304963,-0.880358416957408,1.6751490622602672
1771414175494,1.905702560940122,-1.00046073390209,1.6219681164233257
1771414175533,1.8987345757202718,-1.0466173265599912,1.5842301476679634
1771414175575,1.9243256039693843,-1.135202539923992,1.553816019817743
1771414175616,1.9094184825123146,-1.0400947159935279,1.6012750928937765
1771414175658,1.9358317709177721,-1.2289010514698802,1.4957429093901335
1771414175703,1.9421308742910728,-1.1187664356797142,1.5875244865107168
1771414175746,1.9061798429554564,-1.1126778850882855,1.5477304409118366
1771414175790,1.9504898289881334,-1.1409726963189943,1.581958241939629
1771414175831,1.9058758771335054,-0.9214984962378066,1.668293553446416
1771414175875,1.892147256765242,-1.0078755673131023,1.6013769331726753
1771414175920,1.9439486598688582,-1.1770295913573658,1.5471062449861168
1771414175960,1.9001454944456708,-1.0343156437737755,1.5939711569244357
1771414175995,1.8994265675552702,-1.038337510548635,1.5904956773667944
1771414176030,1.9391090193108136,-1.0788354690212731,1.6112907309217026
1771414176067,1.9246160698841375,-1.1313520850002616,1.5569808849892228
1771414176108,1.9051864332351083,-1.1295434630687762,1.534231700370485
1771414176148,1.9062553190786824,-1.0363290666033873,1.5999473138915297
1771414176184,1.952225160625283,-1.1197579115698364,1.599163936954298
1771414176224,1.924375671568585,-1.0537425333581243,1.610232405187849
1771414176268,1.9042723678508753,-1.0611143545518613,1.5812303998862296
1771414176313,1.9078467641901933,-1.059791142375625,1.5864179809158614
1771414176355,1.9110142726543105,-1.0602887264485081,1.5898941369961346
1771414176394,1.8869948413658688,-0.9547366970836426,1.6276447310710092
1771414176438,1.881148105334221,-0.9841105063197693,1.6031982739366881
1771414176479,1.9151059625672724,-1.0517915173065535,1.6004266468609853
1771414176521,1.8999818452511157,-1.1069682611720246,1.5441995599797387
1771414176561,1.9133091761427514,-1.074647818022303,1.582998443060497
1771414176601,1.9329279460674924,-1.1118655900884473,1.5811278741031554
1771414176640,1.91378850280646,-1.1429332987445138,1.5350211425564066
1771414176685,1.9005804959012138,-0.9407183342067107,1.6514403522644876
1771414176727,1.932167896658923,-1.1992272766764842,1.5149675639281752
1771414176773,1.8931176837179164,-0.9956921427641762,1.6101216479642688
1771414176814,1.94819798022219,-1.1677479958670816,1.5594357916535824
1771414176858,1.9016439345115697,-1.0917010150617077,1.5570608682315152
1771414176903,1.9517912529058918,-1.1591731326473582,1.57028874525307
1771414176948,1.9549141594067356,-1.1299746202858763,1.5952575742364408
1771414176989,1.9630843291371483,-1.2631086958332869,1.502749648415923
1771414177035,1.9245409769874584,-1.0122940459721277,1.636801373592172
1771414177079,1.883524905955962,-1.0335576240889164,1.5746189091472544
1771414177125,1.9083592160942644,-1.0930875762482128,1.5642872013488198
1771414177171,1.9105276122079162,-1.0647924024472915,1.5862953371612132
1771414177217,1.9025746859662749,-1.0846188995524466,1.5631353998976893
1771414177260,1.912402304653019,-1.1227048331382208,1.5481655055226682
1771414177305,1.9421209898574725,-1.1935162968922013,1.5321073031278507
1771414177348,1.9202687980775377,-1.1819911404549286,1.513383362124815
1771414177392,1.896583579494323,-1.0351036840963075,1.5892103816605752
1771414177437,1.8896646032210918,-0.9601231058112268,1.6275736340805382
1771414177482,1.921417988285595,-1.1322680473416356,1.5523582559050675
1771414177526,1.9394615190602205,-1.1549710721266535,1.558060591397519
1771414177571,1.9251415801862124,-1.0899885416223434,1.5868506807175853
1771414177612,1.9016439345115697,-1.0917010150617077,1.5570608682315152
1771414177652,1.9309005390813074,-1.1727569396543664,1.5339550359502094
1771414177697,1.9045775693717182,-1.0565372264905437,1.5846592084084046
1771414177740,1.9261114110206792,-1.0758087154017035,1.5976672918758172
1771414177785,1.9504898289881334,-1.1409726963189943,1.581958241939629
1771414177830,1.9154867489170146,-1.1228863281731525,1.5518427044254484
1771414177874,1.930430016518009,-1.1420606191489822,1.556360366644809
1771414177914,1.937014983208959,-1.1003103145582949,1.5941594201498888
1771414177960,1.9040330782937618,-0.9854100362667736,1.6292050281230825
1771414178002,1.9269903739648757,-1.1406803263423926,1.5531066590703628
1771414178047,1.927069414831311,-1.0634625848634356,1.6070606274107617
1771414178089,1.9104375077364986,-0.9837935150249285,1.6376574094606418
1771414178133,1.9260419009675154,-1.1561411609064585,1.5404463704850055
1771414178175,1.9451821285029953,-1.2388695987363976,1.4996451681561744
1771414178220,1.9205059563395876,-1.0192072023438636,1.627746849797667
1771414178265,1.9316927843265974,-1.0494933971358884,1.6217276659129962
1771414178307,1.9110661057254437,-1.1334898288173358,1.538627462519846
1771414178353,1.9274064140259133,-1.1395572305383552,1.5544467836358966
1771414178398,1.9591732272149223,-1.1915228176386303,1.5551955212391246
1771414178440,1.9171818004780508,-1.067360365366942,1.592585290189511
1771414178487,1.8876724080316942,-1.0639692128112992,1.5592551536659676
1771414178530,1.9513677787885595,-1.1304169612224662,1.5905953922587486
1771414178574,1.9318383628931508,-1.0873029188288816,1.5968004956950268
1771414178617,1.8929504724066555,-1.0407084759210956,1.5811980771334662
1771414178662,1.928100481147668,-1.0894593223662818,1.590801637637789
1771414178706,1.9505683345409124,-1.1778322391285962,1.5548080409436487
1771414178752,1.9269903739648757,-1.1406803263423926,1.5531066590703628
1771414178797,1.948447401509776,-1.1608079466426702,1.564919227136476
1771414178838,1.9308690205857264,-1.0987016479589156,1.5878003222792358
1771414178884,1.9001148149442861,-0.9954191118527007,1.6185107666398575
1771414178929,1.9323043919519252,-1.1564568608763217,1.5480335242134722
1771414178973,1.952326442342461,-1.114136190251189,1.6032089966820102
1771414179018,1.9193557286705945,-1.0767127022179093,1.5889040783078243
1771414179061,1.8972325424942875,-1.0276342668473823,1.5948226026428085
1771414179105,1.924375671568585,-1.0537425333581243,1.610232405187849
1771414179148,1.931814304588971,-1.0437836350660763,1.6255528999644453
1771414179189,1.920695246142157,-1.1403619812804227,1.545524111815558
1771414179235,1.9040330782937618,-0.9854100362667736,1.6292050281230825
1771414179276,1.9472464025289569,-1.137746090649137,1.5802855391904875
1771414179322,1.939676359355441,-1.1891823666640533,1.5323803959388345
1771414179366,1.9104425085042402,-1.1446175939771233,1.5295885531272766
1771414179406,1.9237894990870175,-1.0652400602053764,1.6019455830118334
1771414179450,1.891239258746714,-1.0187646637346093,1.5933940171064183
1771414179495,1.9337339770038524,-1.1437901787894154,1.55918925109302
1771414179541,1.9055732891986157,-1.124676448430444,1.5382823040174107
1771414179586,1.9294357861563203,-1.073296215107779,1.6033582530226904
1771414179628,1.913444737903038,-1.0291273548131064,1.6131235701533233
1771414179674,1.9021310075712856,-1.1230707615036095,1.5351919862414136
1771414179713,1.9138024063059422,-0.9850227503242182,1.640844243591124
1771414179757,1.9148363325472433,-0.9719036571488348,1.6498489208602396
1771414179802,1.9365298163820173,-1.2215790459771616,1.5026284850774316
1771414179845,1.9472487058720953,-1.2122007175408687,1.523924848184435
1771414179884,1.957248292201079,-1.1396426544521583,1.591237096562696
1771414179929,1.926385852745715,-1.1522324917992426,1.5438013921813079
1771414179974,1.8984863816743358,-1.087517699608721,1.556134889539036
1771414180016,1.947333517771191,-1.1780220102941348,1.5506037445774747
1771414180056,1.9577389462677097,-1.2124074732640966,1.5371434222305904
1771414180102,1.9237291412578204,-1.1042366430922466,1.5752445032365348
1771414180147,1.9133091761427514,-1.074647818022303,1.582998443060497
1771414180187,1.9153546191645563,-1.04424557801953,1.6056570274942465
1771414180229,1.9438768382735863,-1.139956548449841,1.5745336547761815
1771414180274,1.884771599920513,-1.0220996168855723,1.583564446755893
1771414180320,1.9088817488133931,-1.0847042538773355,1.5707470237352963
1771414180369,1.9368442442846172,-1.1026328651074238,1.5923461908151266
1771414180416,1.939040248610763,-1.1181441852548564,1.5841813869356132
1771414180461,1.9029441642492313,-1.0761477611346717,1.5694274396909973
1771414180504,1.9110142726543105,-1.0602887264485081,1.5898941369961346
1771414180548,1.964161297835532,-1.2074531301976115,1.5491889950199593
1771414180592,1.9049206583297758,-1.052341652044257,1.5878601203835023
1771414180633,1.9214174581198544,-1.168271385798228,1.525446497748397
1771414180679,1.931790248846417,-1.1292069793917716,1.5673880065991994
1771414180724,1.9049803753552765,-1.012945592116433,1.6133479035535452
1771414180764,1.9269891284098508,-1.1403133267349075,1.5533745903292369
1771414180808,1.9257811464345416,-1.1585112782236369,1.538338273004794
1771414180857,1.9181821785016722,-1.1326628935865923,1.5480625437667137
1771414180898,1.9186322484163194,-1.0467704045164883,1.6079245706473448
1771414180941,1.919001532006036,-1.0392461650864888,1.61323720766493
1771414180978,1.904217363174889,-1.1059786751758796,1.5501144913434406
1771414181013,1.9133091761427514,-1.074647818022303,1.582998443060497
1771414181051,1.8800048758980707,-0.8333191834181001,1.6852292045736423
1771414181090,1.9488820295110447,-1.1599091883062662,1.5661263805433414
1771414181136,1.931848405429408,-1.1617447300716461,1.5434984430542533
1771414181179,1.9290043609802554,-1.1210612349320503,1.5698023863574262
1771414181224,1.916908741755203,-0.9898492509349646,1.6415655895032053
1771414181271,1.9352911092394578,-1.1208983967309853,1.577636986669366
1771414181314,1.925937517964014,-1.1568043375798882,1.5398178618452711
1771414181356,1.9483747357395131,-1.1619438699794882,1.5639854711234078
1771414181396,1.9254373608724002,-1.1283010232678006,1.5602069835557422
1771414181441,1.915242177971615,-1.0882956834579032,1.5759965436663719
1771414181484,1.907385324567388,-1.1026910236419551,1.5563390641998605
1771414181529,1.959788955919931,-1.2251669817527249,1.5296204164983715
1771414181574,1.9098246866355364,-1.0350151339446547,1.6050464187019806
1771414181615,1.8976078171008803,-1.0653515748204427,1.5703316368047773
1771414181658,1.948914447406527,-1.2325687532037906,1.5096495593135322
1771414181698,1.9346047013118897,-1.0910598799567572,1.5975868329098146
1771414181743,1.9186690345086543,-1.0035974073607223,1.635262397268771
1771414181782,1.915856407217363,-1.1184875558671006,1.555471427074847
1771414181823,1.929700867134761,-1.1174716451431463,1.5732140855337264
1771414181865,2.1495530466268815,-1.5552128387906285,1.4838771264237824
1771414181910,1.9089936132741123,-1.001980688103165,1.6248973248146046
1771414181951,1.920619052616206,-1.1411986184851333,1.5448117226510145
1771414181997,1.8957204096850138,-1.1240215518788488,1.5265423094720243
1771414182043,1.9454592942492808,-1.1592192227855271,1.56237724609181
1771414182088,1.9290043609802554,-1.1210612349320503,1.5698023863574262
1771414182126,1.882255663653832,-1.0133409259215085,1.5861987741797894
1771414182169,1.9078467641901933,-1.059791142375625,1.5864179809158614
1771414182214,1.8937743584662896,-0.9486306341839454,1.6390488829416199
1771414182258,1.919640569313356,-1.0774934085695997,1.5887189398514676
1771414182305,1.891294216169396,-1.0565728118692492,1.5686451814653681
1771414182350,1.9267731717811207,-1.1837385497681687,1.5202690226694198
1771414182394,1.8848948153859215,-0.9767435886563398,1.612079534975698
1771414182438,1.9189178818867914,-1.044086579734065,1.6100090221623329
1771414182485,1.9353573645964024,-1.0825344589822954,1.604284037760596
1771414182525,2.131494920742111,-1.5359277466704755,1.4779027553114494
1771414182570,1.8997845507071172,-1.113539203843325,1.5392244087882108
1771414182614,1.8883289339926657,-1.0970128663975844,1.536993472306253
1771414182657,2.0845162966766453,-1.5028398047691656,1.4445347736596343
1771414182703,1.904275252650589,-0.8970209191396502,1.6797671590084509
1771414182747,2.1001643494849107,-1.4753766877585055,1.4946417376970704
1771414182791,1.9124374243973132,-1.0423080424288749,1.6034371976861195
1771414182838,1.9175077810029726,-0.9780758571036362,1.649304007136929
1771414182882,2.1269644120233266,-1.5549718079157722,1.451220275010272
1771414182922,2.125651235169002,-1.56288448862947,1.4407585671363898
1771414182968,1.8920691193543402,-1.0887082726533974,1.5474623903250004
1771414183010,2.17078395435695,-1.6198637149100632,1.4451105568818485
1771414183062,1.8950569305738643,-1.01050891777817,1.6031570407189768
1771414183105,1.9355683512481165,-1.0796427471377346,1.6064857238414034
1771414183146,1.9419845424226665,-1.0872557676137462,1.6090925575613158
1771414183188,2.1040178495754223,-1.5044544918040603,1.4708867371155985
1771414183229,2.34080673661811,-1.8184705435408914,1.4739542260432716
1771414183274,2.4438087850230596,-1.9358213696233124,1.4915753426044582
1771414183310,1.876397924247483,-0.9614681781581849,1.611349779690755
1771414183346,1.9393229189251993,-1.2297449294545135,1.4995668682487848
1771414183384,1.9239714386379985,-1.1436591247122398,1.547161886538446
1771414183422,1.9020771204328237,-1.0493024391762478,1.5864620270314695
1771414183459,2.3539289980448745,-1.8196824768019841,1.493230528570972
1771414183505,1.9114813758434703,-1.053146847898211,1.595193645598712
1771414183551,1.9162055191733585,-0.9989502042387346,1.6352192761711901
1771414183590,1.91706492670306,-1.1042737935516596,1.567072851551591
1771414183635,1.9179413471874047,-1.135961251794015,1.5453449600893685
1771414183683,1.8950569305738643,-1.01050891777817,1.6031570407189768
1771414183723,1.889095708700335,-0.8825201511329636,1.6702816467513113
1771414183768,2.3223851168511382,-1.7944010058729492,1.4743126062995673
1771414183811,2.2849554329514667,-1.7639984006519522,1.452353597810044
1771414183856,1.902609018889778,-1.0421711830479756,1.5917915391109183
1771414183897,1.9062179098439183,-1.1161409651679846,1.545281872566813
1771414183940,1.9245570987631557,-1.1317667315162592,1.5566065950755377
1771414183986,1.8888133985812297,-1.011248807162701,1.5953030761181368
1771414184030,2.0728626292004755,-1.4471153710362719,1.4841214850700264
1771414184072,2.0807548095208994,-1.4726472952200238,1.4699831703885264
1771414184119,1.882996475727897,-0.9214025916983278,1.6421610735903116
1771414184164,1.8989598676977049,-1.0062710081103503,1.6104245519002323
1771414184208,2.059480295746114,-1.4843120361177007,1.4276823414200464
1771414184251,1.9204261725812977,-1.101683387220969,1.5730004445824497
1771414184296,1.8758071933169185,-0.8435903580386002,1.6754127653577795
1771414184340,2.074343357402698,-1.4312217705509245,1.5015007851818705
1771414184380,2.1465562635487747,-1.5534144096511988,1.4814207587544108
1771414184425,1.8865514493262516,-0.8292743268492749,1.6945148160413537
1771414184469,2.5237137594823573,-2.024663105073443,1.5066089242915486
1771414184514,1.9041095678903432,-1.0666652323771373,1.5772946866611126
1771414184559,1.8935899740290794,-1.0331362580398584,1.5869191731360637
1771414184603,1.879330502978312,-0.928428143874902,1.6339841863022173
1771414184648,2.1119989821087715,-1.4939812938978363,1.4928360907721365
1771414184691,1.9139302645613288,-1.1048363973217497,1.5628389529177007
1771414184736,2.1186305665369023,-1.536868304658973,1.4582973947721118
1771414184781,1.888966399413663,-1.008331814249254,1.5973293368891168
1771414184822,1.9085069360678752,-1.0893183260047434,1.5670942248790953
1771414184868,1.9111508914621413,-1.1326790155108468,1.5393297170385285
1771414184913,1.896370165250385,-1.002847469729837,1.609508234246795
1771414184955,2.100302927630591,-1.4745337073965261,1.4956679890821651
1771414184994,2.2594442271604365,-1.7105963004999913,1.4761261844315228
1771414185039,2.0959154673062224,-1.4867981728654827,1.4772585553170177
1771414185085,2.056150125043994,-1.412433801085784,1.4942503452463367
1771414185131,1.8708582197109394,-0.9475157478777171,1.6131721500768963
1771414185174,1.880183380987358,-0.9969519511563403,1.5941067571610814
1771414185219,1.9051902428882788,-1.0489735113213314,1.5904101465165819
1771414185259,1.8759920106178418,-0.8818013710833384,1.655829811863984
1771414185307,1.904050802813053,-1.0243109279737836,1.6050534516104185
1771414185346,1.859322712573649,-0.7574462897849513,1.6980447778498786
1771414185390,2.0440330288414725,-1.3975531514301638,1.491615302925812
1771414185430,2.381418648796436,-1.887363525019544,1.45224436830075
1771414185474,2.3298982129823265,-1.8221397903366836,1.4519752984572516
1771414185521,2.068212516480882,-1.493248907219609,1.4309824298067488
1771414185564,2.117932961567813,-1.5738201433384607,1.4172967882971848
1771414185606,1.8983538263005915,-1.01771295194489,1.6025004203661584
1771414185652,1.8854016376615872,-1.0133039064269818,1.5899542535924778
1771414185696,1.9105269884368115,-1.030790525325715,1.6085969869560768
1771414185738,1.9323411552478875,-1.0416391182525866,1.6275534668915534
1771414185779,1.9335962347033853,-1.1085843333486936,1.584245932522139
1771414185825,1.9343456347330938,-1.0945639004631205,1.5948739456188805
1771414185872,1.9098246866355364,-1.0350151339446547,1.6050464187019806
1771414185916,2.1055746282343435,-1.5622425381227765,1.4116808304797155
1771414185956,2.093317145241141,-1.5489346831976292,1.4081115075689077
1771414185991,2.3103542357794207,-1.8123560801317715,1.4328650088523034
1771414186031,1.896610743303462,-1.0341475841808498,1.5898651155827725
1771414186068,1.91631084857437,-1.1504267804544237,1.5325682664002578
1771414186109,1.9052658273595158,-1.090240600467691,1.562502257917021
1771414186148,1.9398741370105597,-1.1504241301411355,1.561933413507591
1771414186190,1.9408686957385712,-1.2124965026159111,1.515527474261726
1771414186232,1.90417579123808,-1.1023041938466558,1.5526786235938337
1771414186276,1.9150111282642883,-1.0498011569319825,1.601619540427855
1771414186323,1.9119928753283235,-1.003592083984467,1.627427320733551
1771414186369,1.9706280917932115,-1.2138903456535959,1.5523676448874948
1771414186414,1.944235766626618,-1.1008077385624384,1.6025838633130072
1771414186457,1.9463874592094388,-1.1475979572551154,1.57208239919912
1771414186501,2.3590694340003564,-1.8375829431160096,1.4793571311903917
1771414186541,2.091149217291843,-1.4650282169565094,1.4921787334302545
1771414186585,1.9492439644291044,-1.1925450627174916,1.5418781749059896
1771414186626,1.9484622785384123,-1.2771094453616196,1.471562678058681
1771414186670,1.961301519640311,-1.2444153304237193,1.5159598069704283
1771414186715,1.9825902031415588,-1.2991815465138394,1.4975951464901305
1771414186757,1.9859146701333952,-1.336808352805963,1.468604951959253
1771414186800,1.9725945470384632,-1.2289263485568678,1.5430065705720648
1771414186844,1.9331944266376095,-1.1868689434265882,1.525969463099498
1771414186888,1.9330484545492226,-1.1523008515138988,1.552056402079345
1771414186934,1.8901887128671186,-0.95366443917298,1.6319735009206306
1771414186980,1.9318383628931508,-1.0873029188288816,1.5968004956950268
1771414187023,2.114917519073554,-1.5344052469148126,1.4554987635599455
1771414187063,2.100705395685002,-1.5045624482195357,1.4660337645728763
1771414187107,1.8783332483834394,-0.8963077679812661,1.6506871832782626
1771414187146,1.9166929502261927,-0.988225023354515,1.6422920473115477
1771414187187,1.9300855518744038,-1.0304580401447294,1.6319885002828314
1771414187230,1.8867268744826622,-0.8271745025760946,1.6957360175402025
1771414187276,1.9186322484163194,-1.0467704045164883,1.6079245706473448
1771414187318,1.8882872868941742,-0.8929886801638778,1.6637908807735835
1771414187362,1.8969072297631928,-0.8616625729774741,1.689909656951433
1771414187406,2.1520229300482128,-1.566983106439669,1.4750480112816597
1771414187451,1.8926821271248506,-0.9615846323631353,1.6302149027477644
1771414187492,1.8944796883396713,-0.9829755314879645,1.6195099240287265
1771414187537,1.9089936132741123,-1.001980688103165,1.6248973248146046
1771414187583,1.8675749045296244,-0.9097833517791247,1.6309905814732275
1771414187628,2.058793288123414,-1.4574336479637804,1.4541378768896047
1771414187671,2.11507439957966,-1.533483412256745,1.4566977517970807
1771414187713,2.3107432212619647,-1.7774612820272553,1.4765383928303888
1771414187757,1.8855129666822108,-1.0462583259881233,1.5685989490074514
1771414187802,2.389651944046774,-1.8645553342806627,1.4946136019359826
1771414187847,2.121038989170964,-1.5085948839894188,1.4909553546583263
1771414187891,2.0952545805813574,-1.493944226824196,1.4690889709564272
1771414187932,2.1227979633933045,-1.5270905680601499,1.4745391111559196
1771414187973,2.111540306095545,-1.5375379655169885,1.4472662052504193
1771414188015,2.085565213117153,-1.5253442035878215,1.4222894637679881
1771414188058,2.246850884329784,-1.739592623778254,1.4220254567727757
1771414188105,1.8823182413839348,-0.9260537808735883,1.6387636671516856
1771414188150,1.8918033965451662,-1.0919706634976551,1.544836613121374
1771414188193,2.1094705494548647,-1.5587510938863887,1.421323688089872
1771414188241,1.9323043919519252,-1.1564568608763217,1.5480335242134722
1771414188281,1.8971599039863616,-1.0282758499788123,1.5943225764078899
1771414188322,1.9137696397781736,-1.0637768893227808,1.5908780480852165
1771414188366,1.9575797640289576,-1.2109279926883123,1.5381066052323955
1771414188410,1.9355683512481165,-1.0796427471377346,1.6064857238414034
1771414188455,1.9118003586091823,-1.0498476756623412,1.5977485625356005
1771414188500,1.9216455929564982,-1.0486425213898714,1.6103014150345347
1771414188540,2.2759452484383993,-1.7531331426730157,1.4513617598485788
1771414188583,2.1335225496519796,-1.5471392329099884,1.46910811850734
1771414188623,2.101582020353512,-1.4957174993162325,1.476304897543981
1771414188668,1.9205177363709431,-1.062643862095518,1.5997426036916353
1771414188708,1.9417247172642969,-1.0861429413838768,1.609530486979695
1771414188754,1.9118003586091823,-1.0498476756623412,1.5977485625356005
1771414188794,1.8808475328021612,-0.8586927026090141,1.6733900573787346
1771414188833,1.930430016518009,-1.1420606191489822,1.556360366644809
1771414188878,1.9487351091280054,-1.1197637237310825,1.5948974037736845
1771414188921,1.9080028099619317,-1.0150643018193088,1.6155863288585686
1771414188961,1.9838122709672823,-1.2123220680450937,1.5702822452575949
1771414189005,1.9145828948173162,-1.0193219612180282,1.6206820787883376
1771414189052,1.887521190645183,-0.9433344701696569,1.634887250707015
1771414189092,1.9193501125916972,-1.0805260360156204,1.5863065089061856
1771414189137,1.8780266093727607,-0.8959406704130397,1.650537567161675
1771414189183,1.9218722416502487,-1.1220666090799367,1.5603074818809286
1771414189224,1.9291900795511485,-1.1921950878439882,1.5167218715239892
1771414189269,1.919784383409206,-1.0761493449246216,1.5898033419892454
1771414189313,1.8349622078639825,-0.7376849932029619,1.6801509322356154
1771414189357,1.8916243374940938,-1.0566391588236927,1.5689985093174335
1771414189403,1.893414344056285,-1.0727074119879212,1.5602296903162265
1771414189448,1.9224254300316783,-1.1974495360627138,1.5039395408777825
1771414189491,1.9534551416939436,-1.2212020646720658,1.5246811167753043
1771414189533,1.9367492511306132,-1.1458649735633748,1.5614067772734939
1771414189575,1.8783389252147176,-0.9363439454088145,1.6283172706426212
1771414189615,1.929643868490041,-1.150836936608894,1.5489027743980148
1771414189656,1.8987117908856646,-0.8416492238971554,1.7019791563828164
1771414189702,1.8881530354863967,-0.8489499303649568,1.6865366587032222
1771414189741,1.909988680176021,-0.9930985479493045,1.6315060626493307
1771414189782,1.9062936633250376,-0.9521896067930415,1.651451023660255
1771414189825,1.933928301370697,-1.1027841966203396,1.5886930762507216
1771414189870,1.9538980649785138,-1.1759108213759075,1.5604330772249797
1771414189915,1.907247999450797,-0.9397384071090823,1.6596646220285445
1771414189957,1.9162619675586514,-1.076278696956001,1.5854602154549469
1771414190003,1.9314497350554316,-1.0913420316808167,1.5935716641972786
1771414190048,1.9337339770038524,-1.1437901787894154,1.55918925109302
1771414190090,2.1216357598100433,-1.533154341223899,1.4665524413709354
1771414190132,1.9002525414818696,-1.0716319976256277,1.5692560603907864
1771414190174,2.1240690309668553,-1.5755051714143713,1.4245886083915766
1771414190218,2.1093231649801543,-1.5538516266546611,1.4264604223968356
1771414190259,1.8738583641027238,-0.9095461218951288,1.6383134684373646
1771414190304,2.396740649065761,-1.9000387676101294,1.460896444126943
1771414190347,2.281485690686472,-1.764219712079911,1.4466187349525803
1771414190390,1.918229414225523,-0.9286845827008727,1.6784364841880968
1771414190431,2.1495260213726106,-1.5616919606891222,1.4770173785290848
1771414190467,2.3245779919110516,-1.8186958979111711,1.447759673218693
1771414190502,2.1036517413905456,-1.4766453574921299,1.4982887362762938
1771414190537,2.276360828108777,-1.7463460196404914,1.4601692365729013
1771414190575,2.3465376040347112,-1.8283924458925433,1.47078883288936
1771414190620,1.8559668828291451,-0.8900372423325167,1.6286334079281508
1771414190664,2.0678801050481543,-1.4631608938116667,1.4612625799883505
1771414190707,1.904814336419838,-0.9728283088772302,1.637657698567566
1771414190748,1.9038210590931286,-0.9882779335146508,1.6272189008165108
1771414190791,1.8946514995098687,-0.9773767303051504,1.6230955090976646
1771414190837,1.9168214844140434,-0.9864794714601102,1.6434910573225028
1771414190880,1.9080028099619317,-1.0150643018193088,1.6155863288585686
1771414190925,1.9001454944456708,-1.0343156437737755,1.5939711569244357
1771414190962,1.901865288527206,-1.0929175784946847,1.5564776716426059
1771414190999,1.9073413900750018,-1.065398965940575,1.5820481097823775
1771414191034,1.869609951511504,-0.9632089531347857,1.6023950459833054
1771414191069,1.8849973982479424,-1.0149745938528538,1.5884085636997638
1771414191108,2.0989239462303604,-1.5239640717072591,1.443265478075555
1771414191150,1.901204234318583,-1.0207535682811708,1.6039450406520066
1771414191191,2.131494920742111,-1.5359277466704755,1.4779027553114494
1771414191236,2.3304282775471346,-1.7806193340480336,1.5034263347452852
1771414191281,1.8871708896751258,-0.9082351462170896,1.6542439016098043
1771414191328,1.904050802813053,-1.0243109279737836,1.6050534516104185
1771414191370,2.128890198457779,-1.5624337717174097,1.4460201195303306
1771414191415,1.871564270185249,-1.0255935853620024,1.565538442548875
1771414191460,1.8783389252147176,-0.9363439454088145,1.6283172706426212
1771414191505,1.8693089074050717,-0.9669943992103298,1.599761739509917
1771414191550,1.9026001916341453,-1.0035316762951436,1.616419396035121
1771414191597,2.4168927337986843,-1.9002328458237985,1.4934810405027794
1771414191641,2.3155434264705246,-1.794986643333532,1.4627933244737878
1771414191681,1.9153625657215048,-1.0057691651606802,1.6300436020485018
1771414191724,2.1449110170837833,-1.5706165103301608,1.460755643044276
1771414191764,2.3492533839905674,-1.8314110307486002,1.4713684442190138
1771414191811,2.232182900902688,-1.7166883138140887,1.4267521635857012
1771414191855,1.8744206838803217,-0.985436609605172,1.5944803506497773
1771414191899,2.3225740446875442,-1.8236000763742164,1.4383438234664934
1771414191943,2.223221893179447,-1.7053548679830133,1.4263521166104267
1771414191988,1.9286621146979723,-1.0875070798462094,1.592816971266826
1771414192030,2.325371006057161,-1.8033787234691683,1.4680515983949634
1771414192075,2.0833337037629236,-1.47716069412063,1.4691070774384012
1771414192121,1.9144762651110316,-1.011753263374032,1.6252921902616408
1771414192163,2.324534278248846,-1.8105154177590428,1.4579072442411014
1771414192208,1.8837703086281419,-1.0334589456262315,1.574977200906122
1771414192253,2.357192265169808,-1.8651043732815398,1.441437148037487
1771414192297,2.133429104662103,-1.5527347922890375,1.4630565298150522
1771414192341,2.033967143940812,-1.3987284116794394,1.4766791029168984
1771414192384,2.33432577412457,-1.8179109749262734,1.4643348343138187
1771414192429,2.3232959824786406,-1.7866635297902036,1.4851052668141076
1771414192472,1.8926305475276077,-0.7934003298614036,1.7183033218877475
1771414192514,2.394624974761374,-1.8890791486657672,1.471600740631484
1771414192560,2.091102289169413,-1.5042164272204144,1.4525982665037884
1771414192606,2.057657660491749,-1.469767616023522,1.4400479862382751
1771414192651,2.08527818067585,-1.496418565059173,1.4522797832886842
1771414192694,2.307769019242348,-1.8057762980622385,1.4370002809782005
1771414192738,2.2352059537570694,-1.6866509087454282,1.4667495927182905
1771414192783,2.0955600674675434,-1.4877968790624962,1.475748096057207
1771414192829,1.8718920918839763,-0.8071395625489588,1.6889362718072118
1771414192872,2.3201509231354285,-1.7801612019314694,1.4879940864345151
1771414192912,2.3338047578302237,-1.8187862352625546,1.462416246521644
1771414192959,2.061177352938504,-1.4313886168190602,1.4830976730840744
1771414193001,2.364706194484721,-1.8503396566019497,1.4724396562985493
1771414193042,2.1264518339372054,-1.587951557217451,1.4142868358241818
1771414193081,2.0898926625782974,-1.5139242546760507,1.440723669619601
1771414193124,2.067582362702899,-1.4656747265748444,1.4583190400045725
1771414193170,2.338289706381549,-1.8438143729846095,1.4380359206032656
1771414193211,2.308419506961221,-1.7985855891718758,1.44702816093618
1771414193256,2.05899556846658,-1.4508018435995411,1.4610396167021575
1771414193302,2.087531015642592,-1.4725139008220782,1.4796920467298385
1771414193343,2.0563933851571727,-1.405713990821864,1.5009070359372176
1771414193385,2.2132363934561177,-1.6664558072834144,1.4564821920263997
1771414193431,2.394877472685284,-1.878696148769167,1.4852403474775904
1771414193473,2.2966860760752823,-1.745104449472778,1.493109973333642
1771414193518,2.2217627817204977,-1.6824212518285468,1.451099097110211
1771414193558,1.8822461849136742,-0.9308247585701185,1.635975540604126
1771414193598,2.3188664676946464,-1.798044892101253,1.4643006047213254
1771414193640,2.018265762770666,-1.3876266155693617,1.4655678302063597
1771414193680,2.1088918489363513,-1.492304668632876,1.490117984082705
1771414193725,2.0899330718044316,-1.4428889280775226,1.5119165935504526
1771414193770,2.274719833092331,-1.7312068065788135,1.4755586440120865
1771414193815,2.3461224454432537,-1.8375648732506336,1.458645215810896
1771414193855,2.3302881151220967,-1.8179557543290286,1.457833863916347
1771414193900,2.2353033218971423,-1.7177482339722132,1.4303572789935188
1771414193943,2.1714745228798,-1.611872721534371,1.4550491170711166
1771414193989,2.103255972457991,-1.4806930395046847,1.4937315048035198
1771414194030,2.2429247828671746,-1.7113676235354238,1.4498042760022738
1771414194074,2.4270169334739116,-1.9344008373585582,1.4657778125608325
1771414194120,2.3116679941141025,-1.8021601364547284,1.4477664720475443
1771414194165,1.8494535373890015,-0.8484347298480487,1.6433614624142674
1771414194206,1.8800048758980707,-0.8333191834181001,1.6852292045736423
1771414194251,1.9285925052295723,-1.0841862925706138,1.5949950263965291
1771414194293,1.9148370390372411,-0.9676998184228608,1.6523189605803328
1771414194337,1.894956013354734,-1.0919514483266155,1.5487092454836944
1771414194383,1.900404041528456,-1.0263620701687204,1.5994112735555757
1771414194428,1.9079906380370646,-1.0188916368222511,1.6131609055673146
1771414194474,1.8956539405292567,-1.00354569336404,1.6082288094592097
1771414194514,1.8540564071780223,-0.7879015892429908,1.6783135126269604
1771414194557,1.8812144985080095,-1.063654113817045,1.5516468398307712
1771414194601,2.125499541141054,-1.5300291868512996,1.4753843522194416
1771414194646,2.0701035928556375,-1.4382035917242109,1.4889255568715982
1771414194690,1.8557661234368614,-0.764229097433813,1.6911007632697042
1771414194736,2.120250776709197,-1.5842750191702577,1.4090904938182762
1771414194781,2.09495840581127,-1.4972327960299352,1.4653138491707776
1771414194822,2.298269240101116,-1.7707673991858162,1.4650680250335348
1771414194862,2.1184956644903608,-1.5324119901864957,1.462784116948608
1771414194906,2.3239957980666235,-1.8123917903321292,1.454713878316977
1771414194948,2.2725770119082958,-1.7505208965099834,1.4492352693527444
1771414194990,2.1439157945286382,-1.5853079854147747,1.4433203128237027
1771414195032,2.2977292475259197,-1.7726809111908595,1.4619035816481103
1771414195076,2.0308725790402837,-1.3936116455299192,1.477257598978974
1771414195120,2.143909222568828,-1.5466660221878352,1.4846450654703085
1771414195164,1.8916029315837042,-1.0144216328473086,1.5965933739019038
1771414195208,1.8916243374940938,-1.0566391588236927,1.5689985093174335
1771414195251,2.144098616758638,-1.5430028212685876,1.4887246796985274
1771414195290,2.1155962208425034,-1.5247489663215545,1.4665905902276997
1771414195331,2.0791687362864923,-1.4870261471049169,1.4531675305268403
1771414195375,1.9158074902121651,-1.0820016778519572,1.5810093955061066
1771414195418,2.3183152686938997,-1.8040882552123398,1.4559708968465557
1771414195461,1.884284210038134,-0.984035133635022,1.6069230970929937
1771414195508,1.863877760547396,-0.9175016945784923,1.6224151585549154
1771414195553,1.8950569305738643,-1.01050891777817,1.6031570407189768
1771414195598,1.8952288858836583,-1.0551562440747384,1.574337267067608
1771414195643,1.9121322959852494,-1.1275939801271175,1.5442738530878863
1771414195687,2.1131029839700854,-1.5515991249132077,1.4344840105180148
1771414195726,1.9146409526139883,-1.0575124839397418,1.5960943968757606
1771414195767,2.062436328406244,-1.4555369695097047,1.4611829930300768
1771414195811,1.8994265675552702,-1.038337510548635,1.5904956773667944
1771414195858,1.904050802813053,-1.0243109279737836,1.6050534516104185
1771414195897,2.166167428400702,-1.5945036835425268,1.4662330411750457
1771414195939,2.1193461111900254,-1.5573141997743618,1.4374979729368043
1771414195976,1.8945208171170627,-1.0213852895455016,1.5956131162628222
1771414196011,1.876536959633624,-0.9151483235328625,1.6382595968911635
1771414196051,1.9081131412442232,-0.9691127791401807,1.6436898068358556
1771414196093,2.1066421349158837,-1.5137138808335842,1.4651318614973472
1771414196131,1.8904414838357435,-1.032819386356933,1.5833676512334007
1771414196174,1.9219250504221113,-1.0879133398643455,1.584373839845016
1771414196214,1.9090779500702624,-1.0007182394252385,1.6257741616614918
1771414196256,1.909217612775877,-0.9592124882359331,1.6507644578636436
1771414196303,1.892147256765242,-1.0078755673131023,1.6013769331726753
1771414196348,1.8796827317626779,-0.9193662687825748,1.6395038383339058
1771414196391,1.9254621185667815,-1.0833503969457035,1.5917777129590884
1771414196435,1.909217612775877,-0.9592124882359331,1.6507644578636436
1771414196476,2.1217675085565215,-1.5383003916867324,1.46134501925541
1771414196520,1.8802761294652686,-0.9117414540517043,1.6444348098968762
1771414196562,1.9100374794692563,-0.948852122075646,1.6576859845609522
1771414196608,1.8883798649361165,-0.8918905417516994,1.6644848379693957
1771414196648,1.8785277109432,-0.9777459379114051,1.6040197136192702
1771414196689,2.251956284424595,-1.7238085309871793,1.4490656491185105
1771414196730,2.1310327152577564,-1.5422120062477678,1.4706741859718895
1771414196776,1.9034572271415757,-0.9079197662509475,1.6729707449947597
1771414196821,1.8874638500650074,-0.988803461694082,1.6077274331938298
1771414196864,1.908976815759847,-1.1209462134168424,1.5452093934917195
1771414196908,1.8833448822744854,-0.9524026070042776,1.6247822068698778
1771414196952,2.1401139268905003,-1.5530843480604841,1.4724186320066106
1771414196994,2.0739866066259673,-1.4763373556697794,1.4566566021948546
1771414197033,2.260771240379243,-1.7328703619149568,1.4519803408182308
1771414197079,1.8774060235301613,-1.0307246827952192,1.569159012166717
1771414197123,1.8973528848693362,-0.9423974137516689,1.6467650361469781
1771414197164,2.085733858297544,-1.4889982646345734,1.4605375365131796
1771414197208,2.226772619447028,-1.7015391638683588,1.4364124660212139
1771414197254,2.0769556504828066,-1.476122734514093,1.4610976855512074
1771414197298,2.0575126761982694,-1.4306764794912143,1.4786896982623465
1771414197344,2.04786991000009,-1.4295362312768252,1.4663551178860557
1771414197390,2.082857117320566,-1.5161199124313736,1.4281716221456096
1771414197430,1.9058817253119997,-0.9622517747030188,1.6451312023541271
1771414197474,2.0521817006156287,-1.4172506042755253,1.4842002752399392
1771414197521,2.0952545805813574,-1.493944226824196,1.4690889709564272
1771414197563,2.2909220938259867,-1.770555623156329,1.4537733060176703
1771414197605,2.3221417372411475,-1.7975615628270598,1.4700730171267253
1771414197648,2.1225708480027357,-1.5637914962117927,1.4352223385826794
1771414197692,2.282395681038679,-1.754593987232376,1.459702019177889
1771414197732,2.4479341549148947,-1.965385983570105,1.4593284628160554
1771414197767,2.130694500595349,-1.5470195365193657,1.4651244344746523
1771414197803,2.1023830816934574,-1.490036171174015,1.4831745786602328
1771414197840,2.289634872685691,-1.7479722980671915,1.4788579023720034
1771414197879,2.4177594112518896,-1.9265747928377728,1.460777237739956
1771414197922,2.066020224952279,-1.4839602694933807,1.4374635607475406
1771414197968,2.269606993477513,-1.7512138543754512,1.4437333344788823
1771414198011,2.4021116537936114,-1.9128305829537713,1.4530036332397154
1771414198055,2.3302881151220967,-1.8179557543290286,1.457833863916347
1771414198095,2.262481726979548,-1.7487956572499452,1.4354571794728288
1771414198134,2.3886575594452717,-1.8763146275283202,1.4782179659367907
1771414198178,2.3302737078779114,-1.8180795989944976,1.4576563810950363
1771414198224,2.081724069628418,-1.4939672432886568,1.4497023756795024
1771414198271,2.12970415890574,-1.557788288216996,1.452217426405002
1771414198315,2.098685736898361,-1.4982142893213763,1.4696379709077538
1771414198359,2.0660811823694005,-1.4818591517583468,1.4397169536026773
1771414198402,2.089432261962264,-1.4879095905560782,1.4669192982778518
1771414198446,2.103631767300041,-1.5122640371206448,1.462300958908754
1771414198489,2.2944490663676023,-1.8037584139613758,1.4180804286847426
1771414198529,2.400156975314228,-1.9017416370964026,1.4642855772981709
1771414198574,2.3394889333571793,-1.8299050353756772,1.4576199884769194
1771414198617,2.262325514006282,-1.7507741617372867,1.4327967636468506
1771414198660,2.430225515805133,-1.9391714974734953,1.4647900740572781
1771414198703,2.3645406298877236,-1.848433780434708,1.4745660208134757
1771414198749,1.9092043112840962,-0.9598056834578126,1.6504042390359586
1771414198790,2.1197435070440296,-1.5537270423553555,1.4419586726078528
1771414198831,1.892750578794475,-0.920642144471272,1.6537601988650463
1771414198874,2.0467541349025087,-1.4063509033337764,1.4870708205841399
1771414198920,1.8998135418885302,-1.0383837968317133,1.5909275861648755
1771414198963,1.9172926168883675,-1.0251031707936482,1.6202390157021442
1771414199008,1.918761949876616,-1.0060095601042207,1.6338886697915576
1771414199055,1.8771086102570196,-0.9919321958616016,1.5936145247562914
1771414199101,1.9265917442926797,-0.981744700201905,1.6576890820664114
1771414199141,1.9195217956501072,-1.0365999711695864,1.6155570010826064
1771414199187,1.9453368360944259,-1.237481087366093,1.5009916602956537
1771414199230,1.8824050568324528,-0.8838590772313781,1.6619993771310766
1771414199275,1.882996822364642,-1.0001168213752196,1.5954445702178646
1771414199317,1.8994467223116778,-1.1175205151091254,1.5359185359942795
1771414199362,1.927863684202787,-1.0540383623615037,1.6142061564553094
1771414199406,1.9074388639281379,-1.0256649864692946,1.6082084302584683
1771414199452,1.9389004276593451,-1.1982963343847604,1.5242771281422671
1771414199493,1.8854016376615872,-1.0133039064269818,1.5899542535924778
1771414199537,1.926830368950025,-1.0290361857433146,1.6290364634160097
1771414199584,1.8944691235036049,-1.022392633864412,1.5949064430643909
1771414199627,1.8990076268953153,-1.0813110583505594,1.561088198051401
1771414199672,1.9205358136559147,-1.1043596830574733,1.5712566633023974
1771414199718,1.8904414838357435,-1.032819386356933,1.5833676512334007
1771414199763,1.909339304135739,-1.0750873660782434,1.5778985181615746
1771414199806,1.9448475927193374,-1.1283520826762028,1.5840624155715826
1771414199847,1.929969648257501,-1.1471602623086095,1.5520329171042813
1771414199890,1.9035773296967469,-1.106207323997554,1.5491649384328217
1771414199936,1.9104791781474122,-1.1074156117290606,1.5567791600074696
1771414199976,1.8984887367404308,-1.0514760254708049,1.5807142851857816
1771414200021,1.9132697720504803,-1.1118613838801013,1.557037405998431
1771414200065,1.9038210590931286,-0.9882779335146508,1.6272189008165108
1771414200110,1.921417988285595,-1.1322680473416356,1.5523582559050675
1771414200152,1.8729495007585293,-0.9992336832742392,1.5841312693718983
1771414200199,1.9094376090170275,-1.0780662607893716,1.5759838578095542
1771414200241,1.9074388639281379,-1.0256649864692946,1.6082084302584683
1771414200286,1.9117409357879203,-1.1306122865608612,1.541580118918538
1771414200329,1.902609018889778,-1.0421711830479756,1.5917915391109183
1771414200376,1.919640569313356,-1.0774934085695997,1.5887189398514676
1771414200416,1.8984863816743358,-1.087517699608721,1.556134889539036
1771414200456,1.8945944089483406,-0.9773707709129817,1.6230324551848234
1771414200502,1.9233432314260601,-1.0663961900620025,1.6006399819115116
1771414200549,1.9043762933881818,-0.9809673028333507,1.6322843556166222
1771414200588,1.9295774438272673,-1.1885292180478795,1.520087961130364
1771414200628,1.9364428133096638,-1.149433373924707,1.55840100363376
1771414200673,1.9177813694788624,-1.0140947839061651,1.6277276032477084
1771414200719,1.9002525414818696,-1.0716319976256277,1.5692560603907864
1771414200764,1.9147057322410583,-1.0529141195718668,1.5992091476360957
1771414200807,1.911477327337719,-1.0145108420879292,1.6200349762311277
1771414200851,1.935659573058959,-1.1954544191111278,1.5223884900387505
1771414200891,2.0942190654108854,-1.5051451564826475,1.4561220937295298
1771414200936,1.9160124245308385,-1.0405663733538295,1.6088272851993157
1771414200971,1.9237807692471105,-1.0609894638993353,1.604753503071299
1771414201010,1.907343108704044,-1.1030118219093932,1.5560599779728697
1771414201045,1.9396094842446927,-1.1859291396509193,1.5348149813898722
1771414201080,1.9288384246367858,-1.081007229452947,1.5974482896875821
1771414201120,1.9010427119337585,-0.9791670105890214,1.629477019773712
1771414201164,1.9181821785016722,-1.1326628935865923,1.5480625437667137
1771414201205,1.9215538547218642,-1.0543040321385704,1.606490654941014
1771414201251,1.9035079441879872,-1.035407114075393,1.597270985684284
1771414201296,1.8904574179100955,-0.9898824218263486,1.6105781694442864
1771414201340,1.9119928753283235,-1.003592083984467,1.627427320733551
1771414201380,1.8961596104223666,-1.0441046308903432,1.5828034584086685
1771414201425,1.8923555090319715,-1.047616737911926,1.5759151446097683
1771414201466,1.934681159535323,-1.0903078868866884,1.5981926982856687
1771414201508,1.9106600603386292,-1.1423906750951862,1.5315238854254865
1771414201551,1.8734853287476012,-0.9535365303982836,1.6126733588140254
1771414201597,1.9313735247633126,-1.0919458952540517,1.59306555232184
1771414201641,1.8836230181784221,-1.0309561676597536,1.57644062843353
1771414201682,1.892147256765242,-1.0078755673131023,1.6013769331726753
1771414201722,1.9254621185667815,-1.0833503969457035,1.5917777129590884
1771414201768,1.9304260819958978,-1.1038841965328394,1.5836617500890398
1771414201809,1.896554062011774,-1.1143629220054827,1.5346376080993072
1771414201855,1.9026327690141516,-1.003958339556743,1.61619278124886
1771414201899,1.8836801823296145,-0.9920795139906149,1.6012586509435243
1771414201941,2.133594636816828,-1.5851566431436863,1.4281122123107035
1771414201985,1.867901839474549,-0.9409526713099742,1.6135877268580805
1771414202024,1.926385852745715,-1.1522324917992426,1.5438013921813079
1771414202070,2.1063845282019815,-1.5204366557969093,1.4577819303166697
1771414202115,1.9255987702546815,-1.0430451441919146,1.6186375292770183
1771414202156,2.1803535249776265,-1.62989098597757,1.4482392301382483
1771414202203,1.9076793848867801,-0.9754575203535757,1.6394277237828014
1771414202246,1.9109143450330415,-1.060091663342693,1.589905437239706
1771414202290,1.902609018889778,-1.0421711830479756,1.5917915391109183
1771414202330,1.8996361269140025,-0.9970901104176488,1.6169195175963933
1771414202371,1.89945317818218,-1.004099907552646,1.6123603045718882
1771414202416,1.888689182599141,-0.9729231311185488,1.6188166694846857
1771414202461,1.8721705776912607,-0.8908986236487413,1.6466093387180845
1771414202506,2.073224972459811,-1.4826320053136093,1.449159799073494
1771414202548,1.8823182413839348,-0.9260537808735883,1.6387636671516856
1771414202589,2.072395573309544,-1.456039233036574,1.4747112138080662
1771414202634,1.8675749045296244,-0.9097833517791247,1.6309905814732275
1771414202674,1.9035079441879872,-1.035407114075393,1.597270985684284
1771414202720,2.33660014478016,-1.8251520614884902,1.458944888962904
1771414202765,1.8515214391547443,-0.8621765395831732,1.638530821877343
1771414202807,2.1267540928600894,-1.5513723856859043,1.4547600119704855
1771414202852,1.8923940718304963,-0.880358416957408,1.6751490622602672
1771414202898,1.8946514995098687,-0.9773767303051504,1.6230955090976646
1771414202940,1.9240940081554476,-1.099828121361164,1.578770361921856
1771414202980,2.1546910366423417,-1.5789784946843792,1.466124270555229
1771414203024,2.02485017057057,-1.4202659789025514,1.4432126532260048
1771414203064,2.3871088084289034,-1.8993628578980728,1.4459284896965423
1771414203106,1.9020680251322193,-0.9676510109294658,1.6375329899814426
1771414203146,1.8916029315837042,-1.0144216328473086,1.5965933739019038
1771414203190,1.920412703122478,-1.0638468688585778,1.5988166842805909
1771414203233,1.8739709961208342,-0.8672490741583353,1.6612183293214717
1771414203276,1.8887447098185657,-1.0906855869805419,1.5419991988391333
1771414203320,1.923871284157941,-1.1024773970896922,1.576649709641892
1771414203366,2.097934714459653,-1.467805288570953,1.4989588723437504
1771414203407,1.9114729235846697,-0.9705099167692556,1.6467662976420963
1771414203448,1.909498165761347,-1.0407640141629033,1.6009351991475074
1771414203490,1.8926821271248506,-0.9615846323631353,1.6302149027477644
1771414203537,1.8881699013418378,-1.0182025910846308,1.5901097634571615
1771414203582,1.9087059582854664,-1.010323679316975,1.6193839872636295
1771414203622,2.088783874091599,-1.4910644943414677,1.4627866373396128
1771414203667,2.117405096963809,-1.545954937472735,1.4468682303347427
1771414203714,1.9049159864923835,-1.0137599447704022,1.6127602704597361
1771414203757,1.8823130782165636,-1.008682679329984,1.589233078199922
1771414203800,1.8757182097967373,-1.0087277156885184,1.581387744408341
1771414203843,1.9171818004780508,-1.067360365366942,1.592585290189511
1771414203886,1.9298883256692692,-1.1476123811233898,1.5515974904100738
1771414203930,1.935719546363063,-1.1205882463373844,1.578382762305306
1771414203974,1.9171818004780508,-1.067360365366942,1.592585290189511
1771414204021,1.9045773185760781,-1.1359506281272738,1.5287350760977834
1771414204060,1.9047905995824286,-0.9714318323237101,1.6384588561833913
1771414204104,1.8923555090319715,-1.047616737911926,1.5759151446097683
1771414204148,1.8780266093727607,-0.8959406704130397,1.650537567161675
1771414204190,1.9173153849993412,-1.0603490871704848,1.597422329533393
1771414204230,2.113438263356431,-1.5485023649696554,1.4383190601192875
1771414204278,1.901721682057195,-1.0143632997796683,1.608605747865694
1771414204323,2.2717439583557506,-1.7247327108477797,1.478552565334599
1771414204364,2.1160999338723436,-1.5566840637154435,1.4333923593730051
1771414204405,1.8942760843205513,-1.0245069961302427,1.5933195845494987
1771414204450,1.9225832472651694,-1.036861149229915,1.6190260343435814
1771414204493,1.8939370993149656,-1.1079991748708529,1.5360128790628989
1771414204538,1.9211308156251,-1.0171136880974405,1.62979242734441
1771414204580,1.9173153849993412,-1.0603490871704848,1.597422329533393
1771414204625,1.88815565149672,-1.0974838235173177,1.5364442786501604
1771414204669,2.1458522329446423,-1.5603846598926077,1.4730517705788002
1771414204713,1.8954566010050706,-1.0112579953314256,1.6031571954028594
1771414204756,1.9018441883813941,-1.0559134354221107,1.5817895352337996
1771414204801,1.9169702840802145,-1.0673430912955295,1.5923422356736887
1771414204845,1.9089770948119382,-1.045804935529414,1.5970239776969368
1771414204892,1.9065659823996282,-1.0718568896990406,1.5767424181673295
1771414204939,1.8811115663805351,-0.9848982582584712,1.6026715652466228
1771414204983,1.926830368950025,-1.0290361857433146,1.6290364634160097
1771414205025,1.919167333695011,-0.9571495590381464,1.663450623359497
1771414205071,1.9052658273595158,-1.090240600467691,1.562502257917021
1771414205116,2.0671447884264023,-1.4714509486372487,1.4518676530844596
1771414205156,1.912070128127061,-1.0460303958555992,1.6005725806167035
1771414205202,1.9114729235846697,-0.9705099167692556,1.6467662976420963
1771414205245,1.9155093308478157,-1.0033071617625031,1.6317324338631984
1771414205288,1.9027160898813824,-1.002028819880587,1.6174877937166066
1771414205334,1.8916243374940938,-1.0566391588236927,1.5689985093174335
1771414205376,2.158744510117592,-1.6027543104995983,1.4461523018471463
1771414205413,1.8981010581598912,-1.0543021392123435,1.5783645416189425
1771414205451,1.8811438519977406,-0.9003263326141784,1.6517005438972285
1771414205487,1.8887439039585168,-0.9320412792187348,1.6427576171099507
1771414205526,1.9186398020026558,-1.0077199485762676,1.632690783666716
1771414205568,1.9137696397781736,-1.0637768893227808,1.5908780480852165
1771414205610,1.8950739166278416,-1.0148730415759635,1.6004180263186054
1771414205651,1.9016439345115697,-1.0917010150617077,1.5570608682315152
1771414205696,1.871198168447355,-0.8628967745987969,1.6603589196278403
1771414205738,1.8982600110836956,-1.0140551975677303,1.604706554471983
1771414205784,1.876206645084086,-0.8835626459698107,1.6551339600481008
1771414205829,1.8690194399909221,-0.803850770448198,1.6873226146513354
1771414205870,1.9026001916341453,-1.0035316762951436,1.616419396035121
1771414205914,1.9144762651110316,-1.011753263374032,1.6252921902616408
1771414205956,1.9045775693717182,-1.0565372264905437,1.5846592084084046
1771414205996,1.9239714386379985,-1.1436591247122398,1.547161886538446
1771414206034,1.9120199000747278,-1.0850593425085644,1.5743145560899365
1771414206069,1.921944177787835,-1.1261451356638308,1.5574551537534713
1771414206107,1.9107374129671808,-1.0241693415685018,1.613069936829664
1771414206147,1.9089936132741123,-1.001980688103165,1.6248973248146046
1771414206189,1.9117915435582462,-1.053893604099046,1.5950721542488115
1771414206234,1.932883032971538,-1.1119790651160693,1.580993161874157
1771414206278,1.9063107426138939,-0.9963631536672135,1.625201868513404
1771414206322,1.9070471580860207,-0.9870062289042666,1.6317621049859403
1771414206365,1.8982600110836956,-1.0140551975677303,1.604706554471983
1771414206406,1.9353889418844459,-1.1200574486290105,1.5783541009986533
1771414206447,1.9062553190786824,-1.0363290666033873,1.5999473138915297
1771414206490,1.8910652516184923,-0.9432198993627182,1.6390436258150956
1771414206536,1.9062553190786824,-1.0363290666033873,1.5999473138915297
1771414206580,1.8996361269140025,-0.9970901104176488,1.6169195175963933
1771414206626,1.891578906428809,-0.9360139878123799,1.6437604977203872
1771414206670,1.9313391783633729,-1.1722242489002965,1.534914112310993
1771414206714,1.915443543306945,-1.1647059142358394,1.5206525247209903
1771414206759,1.9143917542581785,-1.100522635243959,1.5664436530202412
1771414206802,1.901491850776935,-1.0565807201580015,1.5809201245988023
1771414206846,1.899565550225055,-1.0792350162626372,1.5632021811891132
1771414206890,1.9186694597111713,-1.126791803818485,1.5529432463795458
1771414206936,1.8896415721005362,-1.038641973672374,1.578596883797932
1771414206981,1.8796827317626779,-0.9193662687825748,1.6395038383339058
1771414207025,1.8981115119405763,-1.0585660860294768,1.575520597538977
1771414207069,1.8744133377988037,-0.9024505890245205,1.6428658786667123
1771414207115,1.8976078171008803,-1.0653515748204427,1.5703316368047773
1771414207159,1.9050063881097767,-1.0931833476422728,1.5601280419172945
1771414207199,1.8972325424942875,-1.0276342668473823,1.5948226026428085
1771414207240,2.1018004632885314,-1.5314993811594722,1.4394703307078056
1771414207285,1.8945208171170627,-1.0213852895455016,1.5956131162628222
1771414207328,1.9218722416502487,-1.1220666090799367,1.5603074818809286
1771414207376,1.8958272960436313,-1.0815002722890856,1.5570864771947446
1771414207419,1.8986694372693727,-1.0131315412973743,1.6057739915844955
1771414207459,1.888792919087863,-1.0102943679308523,1.5958834485399145
1771414207501,1.9179130829512079,-1.13562034639008,1.5455604234776075
1771414207547,1.9019630016768956,-1.0506615909734784,1.5854253312599953
1771414207591,1.9037487710166614,-1.0282582006108558,1.6021686727757392
1771414207631,1.9026001916341453,-1.0035316762951436,1.616419396035121
1771414207678,1.8975219234299316,-0.9840013334490801,1.622445939212663
1771414207724,1.9258798590473312,-1.0737218452863226,1.5987916157020285
1771414207765,1.8871708896751258,-0.9082351462170896,1.6542439016098043
1771414207811,1.9150781008973603,-1.0899362298821134,1.5746628678313987
1771414207857,1.9415702597182825,-1.1256543070461071,1.5819600040617547
1771414207903,1.92746061129441,-1.0618070042523768,1.608623726609804
1771414207943,1.9353573645964024,-1.0825344589822954,1.604284037760596
1771414207989,1.9096876615990714,-0.9933672337398729,1.6309900379204412
1771414208035,1.8901887128671186,-0.95366443917298,1.6319735009206306
1771414208081,1.9109143450330415,-1.060091663342693,1.589905437239706
1771414208123,1.9110661057254437,-1.1334898288173358,1.538627462519846
1771414208167,1.9040368208525666,-1.100828536709898,1.5535548744500447
1771414208213,1.9205069263450767,-1.1432301582710394,1.5431693553719203
1771414208257,1.9019630016768956,-1.0506615909734784,1.5854253312599953
1771414208303,1.9107129986722842,-1.1034570165019222,1.5598739615840471
1771414208344,1.914132103035815,-1.0636162672589797,1.5914214224693553
1771414208389,1.9072357985813981,-1.0312588936563516,1.6043857035155547
1771414208430,1.901865288527206,-1.0929175784946847,1.5564776716426059
1771414208488,1.8726970843807171,-0.9243392000447045,1.628677811326953
1771414208528,1.8994265675552702,-1.038337510548635,1.5904956773667944
1771414208574,1.8861506527631902,-1.004389930838433,1.5964852494618849
1771414208615,1.8829996390851989,-0.9609645006343746,1.619331611905207
1771414208655,1.9164936318222034,-1.0730885854505545,1.5879007300806895
1771414208699,1.9033293403492924,-1.075707277462111,1.5701963033485735
1771414208742,1.8945208171170627,-1.0213852895455016,1.5956131162628222
1771414208783,1.9189117586784161,-1.0000951866634915,1.6376910438806238
1771414208828,1.9142397634481074,-0.9752065638833141,1.6472055213982153
1771414208871,1.9398741370105597,-1.1504241301411355,1.561933413507591
1771414208915,1.924375671568585,-1.0537425333581243,1.610232405187849
1771414208956,2.1167128441977545,-1.5126709727242509,1.480641682875778
1771414209003,1.8939299039732718,-1.0290454174625059,1.589979877219716
1771414209048,1.8884235945885652,-1.0154492728276938,1.5921703573777857
1771414209093,1.8894269681835814,-1.0024030833929851,1.6015999271052794
1771414209138,1.8849973982479424,-1.0149745938528538,1.5884085636997638
1771414209185,1.887012201390203,-1.027853772986842,1.5825080314337157
1771414209224,1.8887439039585168,-0.9320412792187348,1.6427576171099507
1771414209269,1.9026001916341453,-1.0035316762951436,1.616419396035121
1771414209311,1.917694163287503,-1.059458337014038,1.5984676837641747
1771414209357,1.9105269884368115,-1.030790525325715,1.6085969869560768
1771414209401,1.9246160698841375,-1.1313520850002616,1.5569808849892228
1771414209447,1.9193565653949727,-1.1145832811410483,1.5625727933525657
1771414209490,1.9094184825123146,-1.0400947159935279,1.6012750928937765
1771414209534,2.07176450235653,-1.45501993560706,1.4748305462698514
1771414209574,1.9001454944456708,-1.0343156437737755,1.5939711569244357
1771414209617,1.9139302645613288,-1.1048363973217497,1.5628389529177007
1771414209660,1.909339304135739,-1.0750873660782434,1.5778985181615746
1771414209701,1.9353889418844459,-1.1200574486290105,1.5783541009986533
1771414209746,1.9186398020026558,-1.0077199485762676,1.632690783666716
1771414209790,1.888966399413663,-1.008331814249254,1.5973293368891168
1771414209831,1.9163043395064343,-1.1185684960915385,1.5559649228574228
1771414209873,1.9220288448662,-1.0868824111727908,1.585207085771736
1771414209918,1.9175877780346036,-1.0986275906832152,1.5716743630463919
1771414209964,1.8887362581682734,-0.9719231317987537,1.6194721605492306
1771414210007,1.886064346757281,-1.0009390055844614,1.5985492883263124
1771414210051,1.8862334250099289,-0.8792489413589946,1.6687713542435267
1771414210093,1.917523469131404,-1.0604339727115717,1.5976157373376392
1771414210134,1.8831621737841628,-0.9147500498747556,1.6460656484556215
1771414210178,1.8944691235036049,-1.022392633864412,1.5949064430643909
1771414210223,1.9129937154123517,-1.0778429264753164,1.5804428433367272
1771414210269,2.0433025296832104,-1.4047350849640796,1.4838478927709422
1771414210312,2.3472711596978755,-1.8598477921831624,1.432008410261904
1771414210356,2.123497753103601,-1.588080397976238,1.4096961931564103
1771414210399,2.051288871597979,-1.4610088282377642,1.4398747301598935
1771414210441,2.1327022368517787,-1.562777434502921,1.4512565318650765
1771414210486,1.9186690345086543,-1.0035974073607223,1.635262397268771
1771414210530,1.8833650434167049,-0.916732969670128,1.645194380334371
1771414210572,2.3507996682238956,-1.8519918413259728,1.447889947400565
1771414210612,2.0695945337488952,-1.4830101375299638,1.4435728128870622
1771414210657,1.9002160136567314,-0.9900293650275455,1.6219317972530887
1771414210702,1.9019630016768956,-1.0506615909734784,1.5854253312599953
1771414210749,1.9107129986722842,-1.1034570165019222,1.5598739615840471
1771414210790,1.9273213524523416,-1.0560666182273837,1.61223165006909
1771414210830,1.926266771039986,-1.111513729907862,1.573226271532206
1771414210873,1.9019399238269012,-1.0071934293195488,1.6133619772953018
1771414210920,1.8933671825033047,-1.0354838916181448,1.5851222028537246
1771414210964,1.915856407217363,-1.1184875558671006,1.555471427074847
1771414211002,1.9133091761427514,-1.074647818022303,1.582998443060497
1771414211038,1.9134165596927946,-1.024923115246417,1.615764691636808
1771414211073,1.9376240491191719,-1.0947887444861404,1.598694642723067
1771414211108,1.9278964999952404,-1.1346951272181123,1.5586057496882815
1771414211153,1.9068962385264732,-1.0709396885136435,1.5777646998436468
1771414211194,1.9184812981821933,-0.9661807462434984,1.6574273006871796
1771414211239,1.9539865506793281,-1.1369286223297463,1.5891685712859678
1771414211282,1.9243256039693843,-1.135202539923992,1.553816019817743
1771414211326,1.9161748540744679,-1.1520018283589095,1.5312145045175864
1771414211366,1.952326442342461,-1.114136190251189,1.6032089966820102
1771414211407,1.9100374794692563,-0.948852122075646,1.6576859845609522
1771414211453,1.8996361269140025,-0.9970901104176488,1.6169195175963933
1771414211499,1.8984863816743358,-1.087517699608721,1.556134889539036
1771414211540,1.8864084773143,-0.9579709999172342,1.6250626162092432
1771414211585,1.9166954083196985,-0.9883467939019861,1.6422216364600368
1771414211630,2.0897792402839395,-1.5177641996490854,1.4365128288272575
1771414211674,1.9573623980194175,-1.2535917935442968,1.5032548594096469
1771414211718,1.9700709762585777,-1.1799448882865848,1.57762787503986
1771414211760,1.8907474085342357,-1.0291812377594738,1.5860995374574718
1771414211803,1.8840123994352012,-1.068142041317336,1.5519585370737257
1771414211847,1.9308494536416863,-1.0559288672100557,1.616537608600829
1771414211890,1.9085382784482776,-0.968225129915999,1.6447061920298902
1771414211936,1.900404041528456,-1.0263620701687204,1.5994112735555757
1771414211976,1.9228316312396398,-1.0728601099520696,1.5956981752729202
1771414212016,1.899604136608576,-0.9131589187806992,1.665724066246171
1771414212056,1.932883032971538,-1.1119790651160693,1.580993161874157
1771414212097,1.8768871119781796,-0.8704879702367943,1.6628156616963943
1771414212142,1.8631088180008464,-0.8831479592371156,1.6404950928935536
1771414212182,1.9130675924689804,-0.9900721567962818,1.6369437185474092
1771414212223,1.9036601129305808,-1.0676085165593872,1.5761135368153958
1771414212269,1.8846270668363014,-1.0226726029657889,1.5830224029353404
1771414212314,1.9204228476144596,-1.0688719654890455,1.5954737964100867
1771414212357,1.926807380022324,-1.067667428696201,1.6039554050564295
1771414212397,1.892210568270725,-1.0870081944475183,1.5488298873276456
1771414212442,1.8923555090319715,-1.047616737911926,1.5759151446097683
1771414212486,1.906743280509809,-0.991028745628976,1.6289665322241482
1771414212525,1.9144161110159685,-1.0941254223417467,1.5709483143321423
1771414212564,1.8824314679047,-1.0075106224942907,1.5901165293521762
1771414212606,1.8831621737841628,-0.9147500498747556,1.6460656484556215
1771414212652,2.1066421349158837,-1.5137138808335842,1.4651318614973472
1771414212709,1.8994467223116778,-1.1175205151091254,1.5359185359942795
1771414212749,1.8996267834524763,-1.0359811230867142,1.5922704007228143
1771414212786,1.930430016518009,-1.1420606191489822,1.556360366644809
1771414212826,1.9465092640694357,-1.1507394824829393,1.56993533579031
1771414212869,1.9326232819936355,-1.2296472325707826,1.4909729821612687
1771414212914,1.9002525414818696,-1.0716319976256277,1.5692560603907864
1771414212958,1.9144161110159685,-1.0941254223417467,1.5709483143321423
1771414212998,1.9288229919511068,-1.0374792447398584,1.626036577390937
1771414213039,1.9235894371892357,-1.0248740023364178,1.6278297215006652
1771414213081,1.915285230572089,-1.0883081163799933,1.576040278123948
1771414213124,1.8910825856655658,-1.0633649244294714,1.5637929477078052
1771414213168,1.9258798590473312,-1.0737218452863226,1.5987916157020285
1771414213209,1.9090454292606989,-1.0829289304445018,1.572170277860351
1771414213249,1.9203694266189126,-0.981360696796213,1.6506816523716203
1771414213294,1.9193501125916972,-1.0805260360156204,1.5863065089061856
1771414213339,1.8809235919922482,-1.025305332078057,1.576902829893246
1771414213378,1.8942577358239787,-1.0218591442008862,1.5949972599167745
1771414213424,1.8811756788510523,-0.9402356023772523,1.6293492402560608
1771414213467,1.8932229416418425,-0.9593868952820693,1.6321366033270692
1771414213506,1.913748419819959,-0.9874009539482826,1.639351204136994
1771414213551,2.1254226246305152,-1.5653275532851487,1.437765969905255
1771414213594,1.872250872010782,-0.8855348726867994,1.6495912575546428
1771414213637,1.8822461849136742,-0.9308247585701185,1.635975540604126
1771414213679,1.871729376730579,-0.8095698076627882,1.6875922452527083
1771414213724,1.9154469057658126,-1.0482640163624686,1.6031467184283077
1771414213770,1.930690678266422,-1.1005547990958453,1.586299350479587
1771414213812,1.8879363871120771,-1.0586754825811189,1.5631730628319558
1771414213856,1.9047821651921888,-1.0958762195531462,1.5579635452256728
1771414213897,1.8894653600407352,-0.873258028811326,1.6755595369638234
1771414213941,2.1262845262636336,-1.5173655732238012,1.489525966146066
1771414213982,1.8853280271475097,-0.8027165219809784,1.7059038528846469
1771414214023,1.8831590392830246,-1.002251888759196,1.5942958065277562
1771414214063,1.8891212445134418,-0.967091580840949,1.6228102016990678
1771414214108,1.8971599039863616,-1.0282758499788123,1.5943225764078899
1771414214151,1.8755433286566967,-0.8919914521304243,1.6498527288806413
1771414214193,1.8690431504973486,-0.8043464407812551,1.6871126523215874
1771414214241,1.8732012515591587,-0.8777339444652079,1.6548311247907883
1771414214287,1.8929504724066555,-1.0407084759210956,1.5811980771334662
1771414214329,1.8679050111243247,-0.8189955017038909,1.6787839345109767
1771414214374,1.9189178818867914,-1.044086579734065,1.6100090221623329
1771414214421,1.8860969437601485,-1.0393976752250242,1.5738532822338263
1771414214465,1.901208491201941,-0.9371101649266375,1.6542122795486471
1771414214507,1.8888367945536337,-0.8448122654141904,1.689377599196044
1771414214553,1.900404041528456,-1.0263620701687204,1.5994112735555757
1771414214596,1.8623690267625308,-0.9317977105721721,1.612504703378218
1771414214642,1.9052658273595158,-1.090240600467691,1.562502257917021
1771414214688,1.8775054104164595,-0.8661962911072164,1.6657522479093883
1771414214730,1.8775054104164595,-0.8661962911072164,1.6657522479093883
1771414214773,1.8483888177199932,-0.8576623024091119,1.6373626954644518
1771414214815,1.9081926596801904,-1.055268612015294,1.5898450814317329
1771414214861,1.9120037352533414,-1.0081037569155658,1.6246492233449814
1771414214905,1.8875265416122522,-1.0635482760090815,1.5593657396162133
1771414214946,1.898762784638788,-1.0507927943813429,1.5814975863419753
1771414214992,1.92746061129441,-1.0618070042523768,1.608623726609804
1771414215032,1.9109310795002514,-1.021968002440448,1.6146947056914123
1771414215074,1.8820247661078384,-0.9735255333585158,1.610672299427255
1771414215118,1.9090721435500184,-0.9660356878199003,1.6466121277146584
1771414215161,1.9010427119337585,-0.9791670105890214,1.629477019773712
1771414215204,1.8972325424942875,-1.0276342668473823,1.5948226026428085
1771414215249,1.9080028099619317,-1.0150643018193088,1.6155863288585686
1771414215294,2.131161578265489,-1.5761374773425418,1.4344477422309037
1771414215340,1.8814063930391283,-1.019486546235395,1.5812454578001256
1771414215384,1.903378412652987,-0.949721499438316,1.6495085496165338
1771414215432,1.8881699013418378,-1.0182025910846308,1.5901097634571615
1771414215477,1.9117915435582462,-1.053893604099046,1.5950721542488115
1771414215520,1.8888668628411016,-0.9665649854079241,1.6228278265184402
1771414215563,1.8712758934712383,-0.9858261625499727,1.590540866095108
1771414215612,1.9029296914138398,-0.9148055350014855,1.668613868932839
1771414215656,1.8917497956970888,-0.9780130403960909,1.6193232482537796
1771414215697,1.8744133377988037,-0.9024505890245205,1.6428658786667123
1771414215745,1.8928068279731638,-0.9202625150323406,1.6540358495051373
1771414215790,2.1590861534676424,-1.5990126226517891,1.4507969019459437
1771414215830,1.9056927657481295,-1.0850774030485963,1.566611613265416
1771414215875,1.8965472926661993,-0.9963428972606352,1.6137510540345972
1771414215919,1.9027717361089909,-0.9605937771055061,1.6424980593965401
1771414215964,1.8866393192566957,-0.9986529155498247,1.60065620144652
1771414216005,1.8984863816743358,-1.087517699608721,1.556134889539036
1771414216040,1.891578906428809,-0.9360139878123799,1.6437604977203872
1771414216076,1.9005804959012138,-0.9407183342067107,1.6514403522644876
1771414216115,1.9285925052295723,-1.0841862925706138,1.5949950263965291
1771414216154,2.5119496064077618,-2.005223658516912,1.5129338731273618
1771414216197,2.105464041284803,-1.494231489504021,1.4833243357128372
1771414216240,2.31349476806996,-1.7825344577557098,1.4747301274472677
1771414216286,1.9086656476178527,-1.0499931734819283,1.5939005270210016
1771414216326,1.8672700859621911,-0.9541074283091413,1.6051095256008439
1771414216372,1.9072357985813981,-1.0312588936563516,1.6043857035155547
1771414216415,1.8960138031893328,-0.9637794338577146,1.6327882730952539
1771414216459,2.122196547728391,-1.567055423206375,1.4311028921044742
1771414216504,1.9314130984162985,-1.1298725817696942,1.5664432660326806
1771414216546,2.463408827991914,-1.9858417206563328,1.4576747628772309
1771414216589,1.9204712122613807,-1.0630108520340005,1.5994429047586056
1771414216630,2.08261615916123,-1.4851822915132897,1.4599738447570925
1771414216671,1.8849973982479424,-1.0149745938528538,1.5884085636997638
1771414216711,2.1280830317641604,-1.5389819703797394,1.469786339890474
1771414216757,2.075846895321771,-1.4503603180219566,1.4851246684114716
1771414216801,2.1594899041226774,-1.5989508205707474,1.4514657830634188
1771414216841,2.11333281280111,-1.5498012764999156,1.43676427468847
1771414216886,1.8851549858030512,-0.9337294391567029,1.6376686645809069
1771414216927,2.058188965267592,-1.3897875100013535,1.518101608520826
1771414216970,1.8956946253897773,-1.0069551931667486,1.606144249962065
1771414217015,1.8865668534143551,-0.9946252830286195,1.6030767413826388
1771414217057,1.8895572487852619,-1.043503837672038,1.5752861128063869
1771414217099,1.8852014640389423,-0.9726466582425898,1.6149127029731651
1771414217141,1.9434264166059307,-1.0647851902795338,1.6257732730375247
1771414217185,2.145003936313301,-1.60437473965663,1.423735783616917
1771414217230,1.8853380852147952,-1.093652742299988,1.5357159160538472
1771414217273,2.073765390623701,-1.4729854276938943,1.4597317647945138
1771414217313,1.9209167914161283,-1.0185958552606145,1.6286140743559632
1771414217357,1.8887439039585168,-0.9320412792187348,1.6427576171099507
1771414217402,1.861368801324045,-0.9004988788636396,1.629047446733164
1771414217447,1.8945944089483406,-0.9773707709129817,1.6230324551848234
1771414217489,1.8902748832709995,-0.820902970812224,1.7027206015188916
1771414217536,2.056150125043994,-1.412433801085784,1.4942503452463367
1771414217581,2.0905241098671263,-1.5082189052457666,1.4476072629670667
1771414217622,2.3421248688906,-1.845823665335973,1.4416948005599122
1771414217667,1.897526692590351,-0.8992538428922034,1.6709129466062798
1771414217711,1.867061840639896,-0.8351935274517244,1.669841815405394
1771414217756,1.8803384790589135,-0.9110829503902412,1.6448710141946699
1771414217802,2.0281910829019925,-1.4249699608025705,1.4432670160346206
1771414217846,2.33036513871036,-1.8189745856777992,1.4566856683495017
1771414217891,2.2922708611550715,-1.756236463902017,1.4731392275550719
1771414217931,2.251956284424595,-1.7238085309871793,1.4490656491185105
1771414217971,2.3704521968404006,-1.8931974874716806,1.4264805960602465
1771414218011,2.106876461719038,-1.5518978669412897,1.4249706788312548
1771414218058,2.4252902192229193,-1.9185939205197255,1.4835868749766916
1771414218101,2.33114164497274,-1.8086521647173743,1.4707136757334405
1771414218145,2.064070524724271,-1.4681354545818015,1.450849895073717
1771414218189,2.3835331363403505,-1.89910199106533,1.440361704421555
1771414218230,2.0916597858082615,-1.4971646453451803,1.4606637820853583
1771414218273,1.8832989709938504,-0.8725517439200327,1.6689722790773385
1771414218313,2.2107322581040365,-1.695500982102256,1.4186661117796735
1771414218359,2.083591351231664,-1.5119313998027573,1.4336723339793742
1771414218402,2.2560786737852125,-1.7100988901367193,1.471547745831444
1771414218446,2.3588255885831457,-1.8764119906342436,1.4293831532373187
1771414218491,2.372989566037039,-1.8654066221784165,1.4667438816826763
1771414218532,2.2066011809902073,-1.6685542870868348,1.4439582275784582
1771414218573,2.114431029095452,-1.5758717423579776,1.409768359851818
1771414218613,2.353959623543103,-1.8524045749608948,1.4524886229967977
1771414218657,2.2928259972487512,-1.7521659143015418,1.4788392956706193
1771414218703,2.1328143046731376,-1.5233979027753681,1.4927008032549487
1771414218746,2.320275550425516,-1.8263085520797122,1.4311798288485398
1771414218791,2.056339867803442,-1.445572316181721,1.462482249672416
1771414218836,2.1158993169408684,-1.4889035609558106,1.5033948601761082
1771414218880,2.3009953947281754,-1.8090352302219752,1.4219603870628732
1771414218921,2.0842153169839697,-1.5070047000492401,1.43975356279472
1771414218967,1.8937221451909172,-0.9036866315708195,1.6641917062365967
1771414219011,2.08767137396541,-1.5056195449407723,1.4461955440281802
1771414219052,2.0037209182179327,-1.3640309720192703,1.467759185110514
1771414219097,2.122779057494902,-1.5200514573159503,1.4817673549010997
1771414219142,2.2824854176849487,-1.7573237518368918,1.4565551528089642
1771414219184,2.249671293736758,-1.7439078337966663,1.4211989294556326
1771414219228,2.374461730411424,-1.8532895083902254,1.4843808498088114
1771414219274,1.897749178827729,-0.9414485633356552,1.6477641057914056
1771414219316,2.5110180438324057,-2.0138906766686167,1.4998186419961388
1771414219356,2.1048221875414534,-1.5357985701412615,1.4393051077234618
1771414219401,1.8628667907775698,-0.9256674994439111,1.6166051962848502
1771414219446,1.8675749045296244,-0.9097833517791247,1.6309905814732275
1771414219489,1.9068441040260624,-0.9493950865232237,1.6536938672996635
1771414219533,1.8559261228455812,-0.6196189148552105,1.7494382452130977
1771414219572,1.8759770952910428,-0.9726438697539984,1.6041365168484212
1771414219618,1.8717955142224312,-0.8958259652134645,1.6435067043102014
1771414219659,2.070977406103602,-1.4682007441262404,1.46059371200165
1771414219704,2.100365880598653,-1.4738472046431002,1.4964328417101367
1771414219747,2.1149892761504816,-1.53272107709099,1.4573763199917085
1771414219793,2.0433025296832104,-1.4047350849640796,1.4838478927709422
1771414219837,2.4173137101229267,-1.9274049316285986,1.4589433857014555
1771414219877,2.0993592475297134,-1.524500996514263,1.4433315495115957
1771414219924,2.0426555608181625,-1.372908215794494,1.5124697587539861
1771414219965,2.1509266903272137,-1.5788659577552036,1.4607080182581755
1771414220009,2.3655286910013453,-1.8375059205054718,1.4897308414803923
1771414220050,1.8739709961208342,-0.8672490741583353,1.6612183293214717
1771414220085,1.8723455898098351,-0.8012751908963196,1.6922281395055474
1771414220128,2.063247559733756,-1.4806465826877893,1.4368981139671213
1771414220171,1.8584258242219958,-0.8625556079096572,1.6461301186111643
1771414220214,2.5088258688167606,-2.0016337171471674,1.5125044470757065
1771414220263,2.1326927224267815,-1.5275318524429795,1.488295900708013
1771414220306,1.8718104506954325,-0.8551582803565111,1.6650461491713475
1771414220351,1.8956539405292567,-1.00354569336404,1.6082288094592097
1771414220396,1.8717955142224312,-0.8958259652134645,1.6435067043102014
1771414220442,1.8888133985812297,-1.011248807162701,1.5953030761181368
1771414220487,1.8715049158738362,-0.8590295981656664,1.6627082725527256
1771414220535,1.8956790375618748,-0.8780385873370754,1.6800735854713713
1771414220580,1.8807515095499598,-0.8603622386840662,1.672424305886815
1771414220624,1.8958592591463228,-0.9174624921102795,1.6590795357853219
1771414220668,1.8746982355413881,-0.8176908101656842,1.6869722028867522
1771414220713,2.1156478677154764,-1.562698128151431,1.4261628449938866
1771414220757,1.8591498452891413,-0.8934073706220595,1.6304175592027998
1771414220800,1.892147256765242,-1.0078755673131023,1.6013769331726753
1771414220845,1.89671642820803,-0.9549168623685828,1.638800474431945
1771414220886,1.9158412963846532,-0.9605223866581392,1.6576623955623113
1771414220930,1.9071034494582977,-1.029837038647009,1.6051415017893271
1771414220970,1.9301395604377338,-1.064886541278876,1.6097997940644302
1771414221005,1.92810033216624,-1.0117780708052424,1.6413031488232717
1771414221040,1.910145672019982,-1.0694966752095747,1.5826665315385722
1771414221075,1.9365788627528873,-1.189097664224933,1.5285236133590068
1771414221114,1.9091730957070625,-1.0818835941636074,1.5730447539886854
1771414221155,1.9484976560888247,-1.2018417676623916,1.5336947158042182
1771414221200,1.9306744051203224,-1.175222710114105,1.531781720813631
1771414221246,1.9414035887250403,-1.2059491011727301,1.52142520673714
1771414221290,2.2664159903826864,-1.7473175086725228,1.44344136193639
1771414221331,2.179248916924897,-1.5972090936254018,1.4825818537803095
1771414221373,2.367896456451862,-1.8510394615035164,1.4766809203189617
1771414221418,1.9254621185667815,-1.0833503969457035,1.5917777129590884
1771414221461,1.9169693848493978,-1.1053443483290875,1.5662009749922976
1771414221506,1.9375712350954675,-1.1730097607051833,1.5421512222735305
1771414221552,1.9269693049879562,-1.1816731644634977,1.5221232652950911
1771414221597,1.9428236608483305,-1.1897077875166886,1.5359554542610454
1771414221641,1.9430538089705358,-1.1502218784186284,1.5660292893052892
1771414221687,1.9536920222262533,-1.1779645651199384,1.558625035418173
1771414221731,1.9560321777012157,-1.1496150498188507,1.5825445072517115
1771414221773,1.9154103961746096,-1.1238821804531025,1.5510273467072573
1771414221818,1.9120199000747278,-1.0850593425085644,1.5743145560899365
1771414221863,1.9205069263450767,-1.1432301582710394,1.5431693553719203
1771414221906,1.9041095678903432,-1.0666652323771373,1.5772946866611126
1771414221948,1.886064346757281,-1.0009390055844614,1.5985492883263124
1771414221992,1.9033293403492924,-1.075707277462111,1.5701963033485735
1771414222034,1.9242057596460445,-1.0176555713245867,1.6330783641965991
1771414222073,1.8850590392574442,-0.8067716940415021,1.7036921714850966
1771414222116,1.9160110480755332,-0.9530898311219141,1.6621426262988097
1771414222157,1.9133091761427514,-1.074647818022303,1.582998443060497
1771414222204,1.9354232421747373,-1.161348242678467,1.5482678662227052
1771414222248,1.9066513068840067,-1.074549936769301,1.5750116315226317
1771414222291,1.893414344056285,-1.0727074119879212,1.5602296903162265
1771414222332,1.8988643248408261,-1.087099702589056,1.5568879088694831
1771414222375,1.8886467603015762,-1.0503797459508184,1.569614275704045
1771414222419,1.8954566010050706,-1.0112579953314256,1.6031571954028594
1771414222464,2.051235319720551,-1.4267225408842332,1.4737805563250956
1771414222507,1.87837985920082,-0.8961140115930856,1.6508454118050666
1771414222551,1.9130066966002475,-0.9949907826603148,1.6338873778992253
1771414222596,1.918761949876616,-1.0060095601042207,1.6338886697915576
1771414222641,1.920729101860246,-1.1030227040171692,1.5724316192303942
1771414222686,1.8996361269140025,-0.9970901104176488,1.6169195175963933
1771414222726,1.9433808564817232,-1.1462457981414702,1.5693469098904358
1771414222771,1.9204712122613807,-1.0630108520340005,1.5994429047586056
1771414222818,1.9162619675586514,-1.076278696956001,1.5854602154549469
1771414222864,1.953121673700572,-1.2209261305544048,1.5244748787724816
1771414222907,1.8852014640389423,-0.9726466582425898,1.6149127029731651
1771414222952,2.244420991773135,-1.699162077608937,1.4663811995274572
1771414222996,2.1220382426136895,-1.5630294050439772,1.4352649170389646
1771414223040,2.3058716597622584,-1.7945116376771186,1.448023512770472
1771414223085,2.219558225962406,-1.7048047718685275,1.4212949758061064
1771414223129,2.3812767482196993,-1.8853697648026924,1.4545995330604315
1771414223174,1.9067659239836823,-1.0340980325338303,1.6019979862580997
1771414223218,1.8936113280373723,-1.071165943586066,1.5615272597597627
1771414223258,1.9304260819958978,-1.1038841965328394,1.5836617500890398
1771414223303,1.8972287137027029,-0.9439717032523155,1.6457199687543853
1771414223348,2.066805391904088,-1.439228403999631,1.4833428899362697
1771414223389,2.348982012607711,-1.7988435388794277,1.5105887654111259
1771414223435,2.107570029900145,-1.5036098064575292,1.4768239505296663
1771414223479,1.9294357861563203,-1.073296215107779,1.6033582530226904
1771414223525,1.9285086848151758,-1.084306867088075,1.5948117021746493
1771414223570,1.9465289149401357,-1.1872098901216395,1.5425652315203355
1771414223615,1.9130609680039878,-1.0766218623089032,1.5813562637492111
1771414223657,1.9419339354551697,-1.1631499493998345,1.555052926714575
1771414223703,1.9285086848151758,-1.084306867088075,1.5948117021746493
1771414223748,1.9718825531785,-1.1992939386849923,1.565252328592166
1771414223793,1.9690191405153843,-1.232758013223627,1.535364470263943
1771414223835,2.000392591734455,-1.2897267957083138,1.5291093203228
1771414223881,2.031348813266068,-1.391395913468645,1.479998450384398
1771414223924,2.045624837175592,-1.4180038280904614,1.4743968658371682
1771414223967,2.167440543687785,-1.6191731795677424,1.4408597173181321
1771414224012,2.135066548126222,-1.5691252566101996,1.4478795163947848
1771414224058,2.0261491915177268,-1.4092680248956493,1.4557624051659852
1771414224104,1.9618164071806794,-1.2392982438272748,1.5208101388174466
1771414224149,1.9534551416939436,-1.2212020646720658,1.5246811167753043
1771414224190,1.9973863091906419,-1.3242660192090954,1.4952831098191106
1771414224235,2.3195318857206106,-1.7925409405636454,1.4720819084812544
1771414224282,1.946708006714724,-1.221809458294311,1.515537433067813
1771414224323,1.9143917542581785,-1.100522635243959,1.5664436530202412
1771414224365,1.9089293479368823,-1.0888757105124187,1.5679161146154492
1771414224407,2.0660811823694005,-1.4818591517583468,1.4397169536026773
1771414224448,1.9132869476843377,-1.070605263541618,1.5857084580263272
1771414224488,1.9365298163820173,-1.2215790459771616,1.5026284850774316
1771414224533,1.9851512412056798,-1.3142807664073823,1.4877807356973252
1771414224575,1.9326232819936355,-1.2296472325707826,1.4909729821612687
1771414224621,1.896642473668845,-1.0721398267404902,1.5645347119324478
1771414224666,1.8838997899996324,-1.0273834529549326,1.5791015354799254
1771414224708,1.9134716361031565,-1.1461464833105366,1.5322277705896667
1771414224756,1.9339122450048083,-1.2146012983027314,1.5049120431244003
1771414224797,1.895267681965085,-1.0880473254173602,1.5518352373732966
1771414224841,1.884284210038134,-0.984035133635022,1.6069230970929937
1771414224884,1.9047821651921888,-1.0958762195531462,1.5579635452256728
1771414224929,2.0984517143085797,-1.5297682525474257,1.4364221840331663
1771414224974,2.073252792496886,-1.4777198750582692,1.4542080705503975
1771414225015,1.8710215290332957,-0.9842099016448945,1.5912424176128033
1771414225062,1.881556216685256,-1.013479205365326,1.5852803212173552
1771414225106,1.9209761836298074,-1.1369653912776971,1.5483730807236649
1771414225153,1.9024846951615784,-1.0817329990452933,1.565024515495051
1771414225193,1.9625475846092535,-1.3015304473549916,1.4688810423119805
1771414225238,1.9354232421747373,-1.161348242678467,1.5482678662227052
1771414225284,1.9109143450330415,-1.060091663342693,1.589905437239706
1771414225325,1.933928301370697,-1.1027841966203396,1.5886930762507216
1771414225368,1.8917497956970888,-0.9780130403960909,1.6193232482537796
1771414225413,1.8524846462984645,-0.7185473643338242,1.7074510388237967
1771414225458,1.897173753937169,-0.9083399123061534,1.665589041852671
1771414225506,1.8874079951324687,-0.8632360071486479,1.6784315702619588
1771414225550,1.8828231330902325,-0.7899306716785328,1.7091028302712572
1771414225594,1.8932229416418425,-0.9593868952820693,1.6321366033270692
1771414225641,1.8893508318413959,-1.0037599500818777,1.600660028985356
1771414225685,1.8744133377988037,-0.9024505890245205,1.6428658786667123
1771414225731,1.8771242026065234,-0.991119224522222,1.5941386247104252
1771414225774,2.070677834236233,-1.507804993664928,1.4192359896353963
1771414225814,1.9125209663509841,-1.0789222423167817,1.579133699775364
1771414225856,1.8739709961208342,-0.8672490741583353,1.6612183293214717
1771414225898,1.8976678752669585,-1.0216602391834664,1.5991728238348084
1771414225942,1.944952909463261,-1.0851874769094814,1.6140662811633348
1771414225982,1.9109310795002514,-1.021968002440448,1.6146947056914123
1771414226018,1.8881127619926223,-0.900602699527671,1.6594832266711466
1771414226054,2.276892652477335,-1.746411585466518,1.4609198215691366
1771414226089,2.122531916946565,-1.5231067033612204,1.4782718656028646
1771414226127,2.1395275404103504,-1.5583969145157346,1.4659390004369905
1771414226172,2.058303671314043,-1.419521413094666,1.490494200294181
1771414226214,2.1079057641236805,-1.5000091812718361,1.4809588672633796
1771414226257,1.8774060235301613,-1.0307246827952192,1.569159012166717
1771414226302,1.8717890536907213,-0.9362057455529631,1.620837148978893
1771414226342,1.8634797553412987,-0.9135015005749778,1.624214212169728
1771414226385,1.8745276546559764,-0.9798903189494524,1.5980203036567389
1771414226430,1.893118415734796,-0.956448337588433,1.6337392428164743
1771414226472,2.125178250149351,-1.5705529475535094,1.431693414750114
1771414226514,1.9034594649203835,-1.0318276818237266,1.599527920862048
1771414226560,2.0366923421160594,-1.402992413357835,1.4763901870760847
1771414226601,1.9110142726543105,-1.0602887264485081,1.5898941369961346
1771414226643,1.9026001916341453,-1.0035316762951436,1.616419396035121
1771414226685,1.8775715144266496,-0.9062857925266461,1.6443603175857568
1771414226731,2.1106644529983014,-1.546363684854882,1.4365457832288708
1771414226772,1.8834228782947005,-0.9948075473715657,1.599262230585236
1771414226811,1.8537610422850708,-0.8777883571265709,1.632763792465667
1771414226852,1.8588434162038636,-0.936608530329214,1.605634861006387
1771414226896,1.8972325424942875,-1.0276342668473823,1.5948226026428085
1771414226939,1.9002525414818696,-1.0716319976256277,1.5692560603907864
1771414226983,1.9469958595994155,-1.1408571001597987,1.5777319019124387
1771414227023,2.363109502452665,-1.8682032846650272,1.4471015886069938
1771414227068,2.1024663071020386,-1.5205710705907833,1.4519738950069603
1771414227110,1.9909944033298437,-1.319940676843973,1.4905755008396706
1771414227150,2.32560108453154,-1.833674186990502,1.4304053202987588
1771414227190,2.0517188111687084,-1.4562127550095976,1.445335425515785
1771414227234,2.1195498003505477,-1.555692242876998,1.439553056201258
1771414227279,1.8969072297631928,-0.8616625729774741,1.689909656951433
1771414227323,1.8923111635172682,-0.9665890072873349,1.6268212042395322
1771414227368,1.9089936132741123,-1.001980688103165,1.6248973248146046
1771414227411,1.8786219499571943,-0.8516624150639929,1.6744824757602985
1771414227456,1.9018523469914115,-1.0896452464264224,1.558754498533057
1771414227503,1.9016572280263773,-1.0538106929682878,1.582966593548538
1771414227547,1.901204234318583,-1.0207535682811708,1.6039450406520066
1771414227590,1.8983856362035783,-0.9286804021155586,1.655723628650189
1771414227630,1.8788390174268728,-0.9308799315100746,1.6320228572288364
1771414227674,2.066020224952279,-1.4839602694933807,1.4374635607475406
1771414227717,1.8700971786483764,-0.8727041903511211,1.6539803063314302
1771414227758,1.906123873248577,-1.0800266528281892,1.570621103050922
1771414227801,1.906743280509809,-0.991028745628976,1.6289665322241482
1771414227841,2.2228432122491717,-1.6773347069883626,1.458622715774878
1771414227885,2.131675107916518,-1.572989457296924,1.4386601172422995
1771414227924,2.0839949501579103,-1.5109678057864728,1.4352739258275693
1771414227964,2.0537248798272936,-1.395927167833857,1.5063775171333975
1771414228007,2.2433757762060704,-1.6676353659626544,1.5005756093775453
1771414228052,2.0734810283202476,-1.4752733330037697,1.457014813834074
1771414228092,2.083575114045776,-1.5128627529315837,1.4326658880084844
1771414228138,2.0789453428140745,-1.4893178402871448,1.450498572564194
1771414228183,1.8768065491677355,-0.8295424488180564,1.6835266997015064
1771414228225,2.080155283443422,-1.4763805349101782,1.4653827211264365
1771414228269,2.1926737735196866,-1.636875866899021,1.4589227784377898
1771414228315,2.3770720437115807,-1.8562317475714785,1.4848822176532677
1771414228359,2.029695599726966,-1.4098177481773362,1.4601637389262871
1771414228402,2.350318743813725,-1.830913352597446,1.4736873796034582
1771414228442,2.3575217073136168,-1.8151361489027136,1.5043900296803139
1771414228483,2.2837227226230716,-1.7805741419279824,1.4300158037316806
1771414228524,2.1290343091937163,-1.5985282377009922,1.4062341778653105
1771414228560,2.1066421349158837,-1.5137138808335842,1.4651318614973472
1771414228603,2.2762795223505075,-1.7490818526489351,1.4567639261755565
1771414228648,2.0433576019367674,-1.438973844572497,1.450746209379512
1771414228690,2.398940780398821,-1.9110828578070271,1.4500617843583876
1771414228734,1.8653853467708938,-0.580320260276658,1.7728200380918533
1771414228775,2.046133796172667,-1.4132897600102157,1.479620074914583
1771414228818,2.3794824787325894,-1.8728681034965018,1.4677540439395165
1771414228860,1.8865071261579207,-0.8707570444401186,1.673526607676892
1771414228906,2.24999566526117,-1.7061236313165267,1.4668410439980748
1771414228951,1.916436509311801,-1.111644427456515,1.5610815357078816
1771414228995,1.8877034010905127,-0.9854216243634784,1.6100833371988956
1771414229041,1.9189784588233134,-1.12322517652125,1.5559060152389368
1771414229085,2.1195498003505477,-1.555692242876998,1.439553056201258
1771414229128,2.0770510018264203,-1.5059337185039932,1.4304909995036221
1771414229173,2.3032468138590256,-1.7844856532832594,1.4562131845227786
1771414229218,2.1678781112248457,-1.6117061490009266,1.4498616466409502
1771414229257,2.3184646570501966,-1.7982578883230285,1.4634025191569435
1771414229301,1.908976815759847,-1.1209462134168424,1.5452093934917195
1771414229345,2.093738353231912,-1.513638915239137,1.4465951493309959
1771414229390,2.0983896462061344,-1.459573306143599,1.5076089915154227
1771414229435,1.8917497956970888,-0.9780130403960909,1.6193232482537796
1771414229481,2.3182008894279145,-1.8010413027618561,1.4595566414121275
1771414229523,2.0610364791697067,-1.463324160561894,1.4513971784401707
1771414229568,1.9212266686695025,-0.9747632526284622,1.6555810199842518
1771414229610,2.1215355118573274,-1.4991166155435023,1.5011869640631466
1771414229651,2.09425543536064,-1.5053049107425647,1.4560092562315332
1771414229695,2.2156419785153174,-1.679544273969891,1.4450606937890957
1771414229741,2.09495840581127,-1.4972327960299352,1.4653138491707776
1771414229789,1.905384928662672,-0.9641001127616177,1.6434727557668523
1771414229832,2.0554831793355635,-1.4850351010050686,1.4211551109271292
1771414229874,1.8860901388580082,-0.9219104873755175,1.6454230657081652
1771414229914,2.308703718224838,-1.7993328957956438,1.4465524493266246
1771414229959,1.9067659239836823,-1.0340980325338303,1.6019979862580997
1771414230000,1.9117915435582462,-1.053893604099046,1.5950721542488115
1771414230044,1.91706492670306,-1.1042737935516596,1.567072851551591
1771414230089,1.93685371849041,-1.1811724288797127,1.5350029381354708
1771414230135,1.943767167941738,-1.0990791197747065,1.6032017626123987
1771414230176,1.9027717361089909,-0.9605937771055061,1.6424980593965401
1771414230217,1.9056927657481295,-1.0850774030485963,1.566611613265416
1771414230256,2.1195138393770163,-1.555737911336933,1.43945075168958
1771414230298,2.103752655325802,-1.547094429688585,1.4255785002646872
1771414230340,1.9248496472758503,-1.0908167005224108,1.5859272021374013
1771414230384,1.8938932490831148,-0.9901949121447386,1.614418060752936
1771414230429,1.8850944927255209,-0.9750350185204562,1.613346819243433
1771414230473,1.8850944927255209,-0.9750350185204562,1.613346819243433
1771414230518,1.9087133470096782,-1.0446944777467624,1.5974354726305247
1771414230561,1.8834245570311725,-0.9160067509208162,1.6456669451306234
1771414230606,2.058531413805067,-1.4214220061700167,1.4889966628565336
1771414230647,2.346139146819503,-1.828622535115644,1.4698668376101904
1771414230691,2.101437798884783,-1.5357040361314194,1.4344524864879247
1771414230738,2.0717064599977975,-1.4557751160785137,1.4740035508109186
1771414230781,1.9149801465491745,-1.0534840376180747,1.599162388302519
1771414230824,1.8958272960436313,-1.0815002722890856,1.5570864771947446
1771414230869,1.9061349368365859,-1.0757206384821587,1.5735868280373193
1771414230911,1.9103340638551103,-1.0288339397754074,1.6096201290650518
1771414230956,2.067582362702899,-1.4656747265748444,1.4583190400045725
1771414230996,2.0892718229164196,-1.5205144653987046,1.432861650874149
1771414231034,1.8894269681835814,-1.0024030833929851,1.6015999271052794
1771414231074,1.8920576654457661,-0.9318172440705815,1.6466933026598454
1771414231112,1.8958592591463228,-0.9174624921102795,1.6590795357853219
1771414231154,2.0654333219502554,-1.4887317724932185,1.4316747245766643
1771414231199,1.9322440614939016,-1.1247579213503258,1.5711418559564068
1771414231241,2.08233863349273,-1.4488810512664585,1.4956195652027866
1771414231287,1.8852014640389423,-0.9726466582425898,1.6149127029731651
1771414231330,2.384382895093599,-1.8899306207420659,1.4537689084570633
1771414231375,2.070281736418782,-1.4714295329381653,1.4563521544415483
1771414231420,2.304936785769321,-1.768281004038826,1.4784843175184683
1771414231463,2.1221273878087814,-1.5659961324452067,1.4321594754966285
1771414231506,1.8736301935340742,-0.8260986595993177,1.681681035966911
1771414231551,1.9067659239836823,-1.0340980325338303,1.6019979862580997
1771414231593,1.9001454944456708,-1.0343156437737755,1.5939711569244357
1771414231634,1.8778610179701782,-0.9469545544833254,1.6216161921229328
1771414231680,1.9010427119337585,-0.9791670105890214,1.629477019773712
1771414231724,2.125499541141054,-1.5300291868512996,1.4753843522194416
1771414231768,2.3275431647204927,-1.821495608145198,1.4490034275821575
1771414231813,1.897090408801781,-1.032828445507615,1.5912942598143287
1771414231859,2.0835022820301505,-1.478518540222569,1.4679797973551845
1771414231902,2.1045407971628696,-1.5362651641288425,1.4383953950173465
1771414231947,2.064806961521053,-1.4267235587955889,1.4926110260625345
1771414231990,2.106446893931077,-1.4833580609796,1.4955826222174167
1771414232036,2.0973856261864663,-1.5101024491502302,1.4555469961509564
1771414232080,1.8596836312664533,-0.8866650458443124,1.6347012891896444
1771414232124,2.3187912752375395,-1.795186701950361,1.4676844631113055
1771414232169,1.87538141428121,-0.7638266273439676,1.7127826284709136
1771414232214,2.0183906082784593,-1.381626126332138,1.4713972592821896
1771414232256,2.3081571043731306,-1.8010524388414049,1.4435370902791456
1771414232300,1.9079723855068706,-1.0156240257175921,1.615198582912321
1771414232341,2.064750388520919,-1.426677741420631,1.4925765605261974
1771414232385,2.293613346965121,-1.7798885503055024,1.4466025486870686
1771414232429,2.35256053028494,-1.8328492577542854,1.4748575005756057
1771414232476,2.0544950579920136,-1.4652921832116759,1.4400933168140069
1771414232520,1.9014943987235986,-0.8925412202068503,1.6790030132816578
1771414232565,2.3770720437115807,-1.8562317475714785,1.4848822176532677
1771414232606,1.8857465627983057,-1.0092642079589311,1.5929299600543194
1771414232650,2.3837659564479097,-1.896930360269559,1.4436049817756997
1771414232695,2.3308068556616783,-1.8163551650138023,1.4606555079576984
1771414232740,2.093673764628977,-1.477136176719651,1.4837582512396434
1771414232784,2.134685740863126,-1.575673668914432,1.4401859953957634
1771414232828,2.3311613447689656,-1.808469876983382,1.47096904093484
1771414232874,2.0814534632057677,-1.4976419184429217,1.445516241214152
1771414232917,1.880490056238589,-0.9489354721223413,1.6235037176921279
1771414232962,1.9207728598592642,-1.0204100000877898,1.6273081487206944
1771414233008,1.9010427119337585,-0.9791670105890214,1.629477019773712
1771414233052,1.8901887128671186,-0.95366443917298,1.6319735009206306
1771414233097,1.912402304653019,-1.1227048331382208,1.5481655055226682
1771414233140,1.9130797813021705,-1.1140729440895307,1.5552220821718181
1771414233186,1.9117409357879203,-1.1306122865608612,1.541580118918538
1771414233231,1.9026001916341453,-1.0035316762951436,1.616419396035121
1771414233274,1.8960138031893328,-0.9637794338577146,1.6327882730952539
1771414233314,1.914132103035815,-1.0636162672589797,1.5914214224693553
1771414233358,1.918119986954154,-1.0533798130777074,1.6029894739995576
1771414233404,1.9094376090170275,-1.0780662607893716,1.5759838578095542
1771414233449,1.8945868084761746,-1.059406545543427,1.570705875112104
1771414233493,1.8845147603086891,-1.0201555924221155,1.5845120539368573
1771414233537,1.8734853287476012,-0.9535365303982836,1.6126733588140254
1771414233581,1.9081131412442232,-0.9691127791401807,1.6436898068358556
1771414233626,1.9314497350554316,-1.0913420316808167,1.5935716641972786
1771414233665,1.8942577358239787,-1.0218591442008862,1.5949972599167745
1771414233707,1.943984565486554,-1.1800000289105639,1.5448870258439658
1771414233751,1.901865288527206,-1.0929175784946847,1.5564776716426059
1771414233797,2.067198479242299,-1.470550474803676,1.4528561021781738
1771414233840,1.8683985601011848,-0.8948682761594299,1.6401597323771946
1771414233885,1.9216455929564982,-1.0486425213898714,1.6103014150345347
1771414233928,1.9005456065759656,-0.9457746542116361,1.6485096014661442
1771414233969,1.8944796883396713,-0.9829755314879645,1.6195099240287265
1771414234010,1.8952288858836583,-1.0551562440747384,1.574337267067608
1771414234055,1.8857795017280095,-0.8853212776478855,1.6650437124836859
1771414234097,1.8957204096850138,-1.1240215518788488,1.5265423094720243
1771414234141,2.088800211359147,-1.4909553462053091,1.462921214076761
1771414234180,1.8811438519977406,-0.9003263326141784,1.6517005438972285
1771414234223,1.932883032971538,-1.1119790651160693,1.580993161874157
1771414234269,1.9310069396943499,-1.092939228964519,1.5919395852035911
1771414234310,1.8989779566364073,-0.9210078608196391,1.6606811253517086
1771414234349,2.066964792613753,-1.4770579198034837,1.445905721494531
1771414234389,1.8985998809872802,-0.9706169862698516,1.6317426800967563
1771414234436,1.891914673252419,-1.0148444752449655,1.5966940289023999
1771414234478,1.8936113280373723,-1.071165943586066,1.5615272597597627
1771414234523,1.9007276360952439,-1.0650055200574484,1.574334395502867
1771414234563,1.9043762933881818,-0.9809673028333507,1.6322843556166222
1771414234608,1.9049803753552765,-1.012945592116433,1.6133479035535452
1771414234653,1.9139081450775413,-1.0233978599409477,1.6173129592204605
1771414234697,1.8809802198538497,-0.907734914987191,1.6474537661478192
1771414234741,1.9067659239836823,-1.0340980325338303,1.6019979862580997
1771414234788,1.8834603978949023,-0.9112737079440529,1.6483334916358159
1771414234828,1.8783389252147176,-0.9363439454088145,1.6283172706426212
1771414234865,1.8678816580491509,-0.9844137439601318,1.5874229018062078
1771414234901,1.9080306770908722,-1.0950863943354934,1.5624873931207062
1771414234943,1.8988305433327899,-0.9728988042784662,1.6306518171967395
1771414234988,1.8686979874761676,-0.9743719552986122,1.5945630941185858
1771414235032,1.9165376937159402,-1.0295632902545788,1.616513582619763
1771414235074,1.9409142063617264,-1.0565865907853935,1.6281193852507467
1771414235116,2.0926601512166783,-1.488129319792491,1.471291145920531
1771414235159,1.9216582619106701,-1.0100063214863273,1.6348265064303291
1771414235204,1.896370165250385,-1.002847469729837,1.609508234246795
1771414235245,1.9173153849993412,-1.0603490871704848,1.597422329533393
1771414235290,1.9339036264134497,-1.0996711322929826,1.5908194860060525
1771414235336,1.8732465652015042,-0.9954353102887744,1.5868715250673335
1771414235377,1.8923555090319715,-1.047616737911926,1.5759151446097683
1771414235419,1.9024846951615784,-1.0817329990452933,1.565024515495051
1771414235466,1.9040368208525666,-1.100828536709898,1.5535548744500447
1771414235507,1.8770881644924973,-0.9524287851524058,1.6175102430868638
1771414235552,1.9324988281377369,-1.117130872255642,1.5768862784002766
1771414235596,1.8842970515744581,-0.9452135532066042,1.6300756784292998
1771414235639,1.8923940718304963,-0.880358416957408,1.6751490622602672
1771414235678,1.8903176836652849,-0.9071782335051892,1.658411468192406
1771414235722,1.9212909030486185,-1.0501495161245216,1.6088954993786295
1771414235768,1.8932267836964436,-0.8689826194482306,1.6820157138393423
1771414235813,1.9301502745765562,-1.1475857234922417,1.5519430046508613
1771414235857,1.8910682320401713,-0.9823063873781758,1.615924880539803
1771414235902,1.8523402935455098,-0.8960228499054055,1.6212056055724888
1771414235946,1.8993701870980138,-1.0434495365097796,1.5870791323668363
1771414235985,1.909339304135739,-1.0750873660782434,1.5778985181615746
1771414236022,1.8878772159813195,-0.9389297852379981,1.6378312614595878
1771414236059,2.035870487205889,-1.3774493381598303,1.4991337370224809
1771414236101,1.8822461849136742,-0.9308247585701185,1.635975540604126
1771414236139,2.1127254280774577,-1.5225183099382213,1.4647684903587799
1771414236181,1.911477327337719,-1.0145108420879292,1.6200349762311277
1771414236224,1.8880552745101562,-1.0235225758942113,1.5865542084153634
1771414236264,1.865241044476772,-0.8952173169896335,1.6363710182482092
1771414236309,1.9018523469914115,-1.0896452464264224,1.558754498533057
1771414236354,1.8828881117098664,-1.0396473580791725,1.5698410785991501
1771414236398,1.884060760144534,-0.9076724278562346,1.6510044553622405
1771414236442,1.8813402525641945,-0.9819031104380931,1.6047764416361257
1771414236486,1.9199596111652624,-0.9909504775668447,1.6444640645255546
1771414236529,1.9300855518744038,-1.0304580401447294,1.6319885002828314
1771414236573,1.900404041528456,-1.0263620701687204,1.5994112735555757
1771414236619,1.8857041842727298,-0.9266720330405512,1.6423030212978884
1771414236661,1.904050802813053,-1.0243109279737836,1.6050534516104185
1771414236706,2.081536510482832,-1.4996700117446349,1.4435318148024625
1771414236751,1.9172968727628386,-1.1014843774628182,1.569318152737522
1771414236792,1.900404041528456,-1.0263620701687204,1.5994112735555757
1771414236832,2.060900648972289,-1.4649866424696445,1.4495259991872929
1771414236872,1.892562701594654,-1.0451701993749323,1.5777873221083443
1771414236916,1.9059719821268148,-1.115126652314205,1.5457107575322537
1771414236960,1.8614875705104383,-0.7707099583847211,1.6944444916288866
1771414237004,1.8993701870980138,-1.0434495365097796,1.5870791323668363
1771414237047,1.928545173448617,-1.1638295555922415,1.5377864778836892
1771414237090,1.9298883256692692,-1.1476123811233898,1.5515974904100738
1771414237135,1.916164896458808,-1.1146646699231635,1.5585925009591444
1771414237180,1.8800511567017104,-0.9189686693507598,1.640149059252583
1771414237224,1.9066513068840067,-1.074549936769301,1.5750116315226317
1771414237270,1.9364040017525428,-1.1905486690353464,1.5271720023171675
1771414237315,1.9304289684968376,-1.1038060134950385,1.5837197627686395
1771414237357,1.94819798022219,-1.1677479958670816,1.5594357916535824
1771414237405,1.917523469131404,-1.0604339727115717,1.5976157373376392
1771414237444,1.917905480158922,-1.1315573440052815,1.5485281424796056
1771414237489,1.9519374280106507,-1.2020149854393396,1.5379270781308516
1771414237531,1.9403974640219455,-1.1399958132672892,1.5702075863133031
1771414237576,1.9181071064588608,-1.0925730491131027,1.5765211715037895
1771414237616,1.8777795979475007,-0.8635433468908976,1.6674378868516644
1771414237661,1.8957886180605283,-0.9229287534402507,1.6559640697916949
1771414237708,1.9139081450775413,-1.0233978599409477,1.6173129592204605
1771414237754,1.9450726873179782,-1.1632607577619989,1.5588881192700652
1771414237798,1.9146409526139883,-1.0575124839397418,1.5960943968757606
1771414237844,1.884268205503004,-0.9049007057473842,1.6527617441747
1771414237883,1.9232293366864945,-1.0290786179635958,1.6247486819633705
1771414237928,1.9223323324228097,-1.0400599116273037,1.6166746662528997
1771414237973,1.8918578116939662,-0.9276015035266352,1.648842451637696
1771414238018,2.115430838130261,-1.529202272218582,1.4617072352403626
1771414238062,1.965557001826174,-1.1950009882993091,1.5605726402162678
1771414238108,1.933928301370697,-1.1027841966203396,1.5886930762507216
1771414238153,1.8762745328711954,-1.0018739089607536,1.5863967956487817
1771414238197,1.8817406966480243,-0.9723082326936956,1.6110756500107168
1771414238241,1.9016572280263773,-1.0538106929682878,1.582966593548538
1771414238288,1.872329470012288,-0.9683861534696189,1.6024499686557492
1771414238333,1.8944691235036049,-1.022392633864412,1.5949064430643909
1771414238374,1.8944691235036049,-1.022392633864412,1.5949064430643909
1771414238420,1.894956013354734,-1.0919514483266155,1.5487092454836944
1771414238461,2.082857117320566,-1.5161199124313736,1.4281716221456096
1771414238505,1.8670289123089965,-0.8767183705133355,1.6483815875585837
1771414238545,2.2442956190235983,-1.728717428054343,1.4312228615801574
1771414238591,2.0943072566301555,-1.5387446025017342,1.420699804126652
1771414238630,1.8529812992962145,-0.6682943033358841,1.72827151213873
1771414238672,2.2128318604186092,-1.673291953407317,1.448005138508151
1771414238718,1.9001454944456708,-1.0343156437737755,1.5939711569244357
1771414238763,1.8744133377988037,-0.9024505890245205,1.6428658786667123
1771414238806,1.9127221305022428,-1.0425157675539714,1.6036417377065217
1771414238847,1.9005804959012138,-0.9407183342067107,1.6514403522644876
1771414238891,1.9223323324228097,-1.0400599116273037,1.6166746662528997
1771414238939,1.8831905854618882,-0.9185572812018854,1.643976673290497
1771414238983,1.929978814004875,-1.0665090412440639,1.6085324639099863
1771414239025,1.942101436235352,-1.1616866853865546,1.5563553686812714
1771414239071,1.9290043609802554,-1.1210612349320503,1.5698023863574262
1771414239114,1.9456431714936,-1.1940919661422749,1.5361223021537542
1771414239158,1.9118503739351995,-1.1244430071337979,1.5462211277899625
1771414239198,1.9067537590174408,-1.0682869320578885,1.579390049456272
1771414239242,1.9042723678508753,-1.0611143545518613,1.5812303998862296
1771414239288,1.9204712122613807,-1.0630108520340005,1.5994429047586056
1771414239333,1.9295084042433255,-1.033217348213145,1.6295596317401277
1771414239375,1.941523795583125,-1.168320711221399,1.5506583648717178
1771414239420,1.896642473668845,-1.0721398267404902,1.5645347119324478
1771414239460,1.8961596104223666,-1.0441046308903432,1.5828034584086685
1771414239503,1.9002525414818696,-1.0716319976256277,1.5692560603907864
1771414239549,1.9279878556135535,-1.1287074741382557,1.563060014592462
1771414239590,1.9563942364224258,-1.1870998775272483,1.5550795121413177
1771414239630,1.8813402525641945,-0.9819031104380931,1.6047764416361257
1771414239673,1.9162055191733585,-0.9989502042387346,1.6352192761711901
1771414239714,1.937014983208959,-1.1003103145582949,1.5941594201498888
1771414239757,1.8926821271248506,-0.9615846323631353,1.6302149027477644
1771414239800,1.9120199000747278,-1.0850593425085644,1.5743145560899365
1771414239843,1.894928230563377,-1.0548779984690786,1.5741618110384719
1771414239885,1.8819363889609506,-1.0553291775786868,1.5581928311497506
1771414239930,1.92407589503231,-1.1749105884502329,1.5236972005591902
1771414239975,1.9149801465491745,-1.0534840376180747,1.599162388302519
1771414240022,1.9458535375925827,-1.1542237053993114,1.5665610832826955
1771414240063,1.9127221305022428,-1.0425157675539714,1.6036417377065217
1771414240107,1.9255427652319004,-1.04119332454299,1.6197627609202618
1771414240152,1.9310069396943499,-1.092939228964519,1.5919395852035911
1771414240198,1.9050074421843683,-1.1312652740716769,1.5327401066251785
1771414240240,1.923051246228624,-1.1493866231367158,1.54176408252879
1771414240287,1.9147634354229175,-1.1719938752994417,1.51418273992711
1771414240329,1.9395874465029188,-1.186779222735643,1.534129896428166
1771414240373,1.89945317818218,-1.004099907552646,1.6123603045718882
1771414240418,1.9417247172642969,-1.0861429413838768,1.609530486979695
1771414240464,1.9411643107853165,-1.1719229904242776,1.5474867967067283
1771414240506,1.8988643248408261,-1.087099702589056,1.5568879088694831
1771414240553,1.918456449256093,-1.1250942660599281,1.5539105637620743
1771414240600,1.9164416111583775,-1.073916355357369,1.5872782083413302
1771414240644,1.9372653511739353,-1.0151586078512973,1.6499848610713028
1771414240692,1.898549124759195,-0.9713250355134674,1.6312622273897803
1771414240738,1.9154469057658126,-1.0482640163624686,1.6031467184283077
1771414240782,1.9169693848493978,-1.1053443483290875,1.5662009749922976
1771414240827,1.866456803402386,-0.919731414516883,1.6241167212112024
1771414240871,1.910385438940802,-1.1411906529519684,1.5320758528650273
1771414240912,1.9093225793671522,-0.9177980514732628,1.6742638528001246
1771414240955,1.8732279599250967,-0.8359885226394275,1.6763371319219433
1771414240994,1.9099172953538446,-0.9501398245967148,1.6568097020500179
1771414241029,1.9225832472651694,-1.036861149229915,1.6190260343435814
1771414241067,1.9113133198463883,-0.9323190604111197,1.668502255382458
1771414241109,2.178372180537844,-1.613399742493193,1.4636415639985432
1771414241147,2.144406914723779,-1.581438226837979,1.4482866258481797
1771414241189,1.8745580548873957,-0.8597749548405871,1.6657595649348926
1771414241234,2.0946682280175386,-1.5355092472937606,1.4247267586949732
1771414241276,1.8997845507071172,-1.113539203843325,1.5392244087882108
1771414241315,1.8664933413703073,-1.0013576117307394,1.5751445415607432
1771414241357,1.8944151637064366,-0.9840268334048188,1.6187958498897166
1771414241397,1.9002525414818696,-1.0716319976256277,1.5692560603907864
1771414241441,1.906123873248577,-1.0800266528281892,1.570621103050922
1771414241487,1.9061349368365859,-1.0757206384821587,1.5735868280373193
1771414241529,1.927663659352416,-1.0948159401978934,1.586589184595858
1771414241575,1.9283141288411683,-1.049027245333995,1.6180040846782322
1771414241622,1.92746061129441,-1.0618070042523768,1.608623726609804
1771414241666,1.8832989709938504,-0.8725517439200327,1.6689722790773385
1771414241710,1.9045023622020003,-0.9354825613753462,1.6589157980426916
1771414241755,1.897526692590351,-0.8992538428922034,1.6709129466062798
1771414241800,2.133086797199918,-1.5555800395142902,1.4595307550899104
1771414241847,2.087493373321693,-1.4665625026305427,1.485537952911342
1771414241891,1.887345610828842,-0.9899563484054159,1.6068789260447438
1771414241936,2.111468876056764,-1.4997675231400716,1.4862698917392863
1771414241980,1.903179792610733,-0.996556024382494,1.621409699387786
1771414242023,1.9027160898813824,-1.002028819880587,1.6174877937166066
1771414242065,1.883921494960522,-0.9497012240396416,1.627030357501634
1771414242107,2.0468036498312725,-1.405855304112116,1.4876074901876661
1771414242150,1.8851549858030512,-0.9337294391567029,1.6376686645809069
1771414242188,1.8931176837179164,-0.9956921427641762,1.6101216479642688
1771414242235,1.8985542264648378,-1.0532308177134209,1.5796243209846503
1771414242276,1.9020771204328237,-1.0493024391762478,1.5864620270314695
1771414242312,1.8631088180008464,-0.8831479592371156,1.6404950928935536
1771414242348,2.066179454604163,-1.4778249870644378,1.4439982154546978
1771414242387,2.064665018007006,-1.4665684461819686,1.4532785793664187
1771414242430,2.094307890178816,-1.5399928126971616,1.4193476232785007
1771414242473,1.8799166976907489,-0.9951985689111148,1.5948876445360531
1771414242513,1.8527353907873718,-0.7582062364657329,1.69048860725546
1771414242555,1.855276230814457,-0.8582025119413081,1.6448520727174
1771414242601,2.109489831236559,-1.5182219412215416,1.4645646060464321
1771414242643,2.4747284591205103,-2.0105538573767516,1.4428978248540119
1771414242683,1.9174617288050448,-1.0181280247511837,1.6248307009188017
1771414242723,1.9026001916341453,-1.0035316762951436,1.616419396035121
1771414242768,2.104822935805718,-1.4983674559497562,1.4782335938695403
1771414242809,2.0942190654108854,-1.5051451564826475,1.4561220937295298
1771414242855,1.9104375077364986,-0.9837935150249285,1.6376574094606418
1771414242901,1.9216582619106701,-1.0100063214863273,1.6348265064303291
1771414242946,1.9096876615990714,-0.9933672337398729,1.6309900379204412
1771414242991,1.897749178827729,-0.9414485633356552,1.6477641057914056
1771414243032,1.9118191894662961,-1.0058330728698395,1.625838996559248
1771414243078,1.926807380022324,-1.067667428696201,1.6039554050564295
1771414243122,1.8625242797319541,-0.8495869258384353,1.6574675707341702
1771414243167,1.8708478565408688,-0.7790128962211967,1.7009440348949245
1771414243206,1.8929516357571505,-0.9600633188025766,1.631424015762136
1771414243252,1.8795020593121623,-0.7007833894272163,1.7439697910404186
1771414243292,1.9059586949924232,-1.000483327320061,1.6222551151936
1771414243336,2.090926504570091,-1.4707990650200868,1.4861775660565384
1771414243377,2.1088918489363513,-1.492304668632876,1.490117984082705
1771414243419,2.158179186405035,-1.5738865300916955,1.4766917725198516
1771414243461,2.1261316558336314,-1.523246109510684,1.4832926575016894
1771414243512,1.8999873964584102,-0.9530409968925897,1.643674227133463
1771414243557,2.113905186064779,-1.5108001750620181,1.4785391326252217
1771414243600,2.3228533747640503,-1.7897661323272367,1.4806704536213122
1771414243640,1.8473068067736376,-0.6107124696390075,1.7434370415302176
1771414243682,2.123146782108396,-1.5555441949416624,1.4450032927161556
1771414243724,2.0807548095208994,-1.4726472952200238,1.4699831703885264
1771414243765,2.0688510603313115,-1.4558837275652192,1.4698800228742461
1771414243806,2.100411294187578,-1.5118226192871322,1.4581220705285727
1771414243847,2.0942190654108854,-1.5051451564826475,1.4561220937295298
1771414243891,1.8862890374381511,-0.9638343952653993,1.6214529260088708
1771414243930,1.9027160898813824,-1.002028819880587,1.6174877937166066
1771414243974,1.904050802813053,-1.0243109279737836,1.6050534516104185
1771414244019,1.872250872010782,-0.8855348726867994,1.6495912575546428
1771414244064,2.0966784027616865,-1.5134359343273343,1.4510589227505701
1771414244106,1.8622632556946517,-0.9332029343225207,1.6115696438200493
1771414244147,1.8728428956693484,-0.8868058763614266,1.649580507132038
1771414244191,1.8902195192757278,-1.0734646924574742,1.5558288418390191
1771414244237,1.9029861478453522,-1.0376920011229211,1.5951650665986892
1771414244279,2.090453135697015,-1.5076808826900305,1.4480651465029093
1771414244324,1.8802656217604994,-0.9949271678507902,1.5954681880397374
1771414244369,1.869169560611691,-0.9250573067392629,1.6242117551494333
1771414244414,1.9104605856488996,-1.0660437811690864,1.5853738694543484
1771414244460,1.8866879507048733,-1.0738277343660065,1.5512850867075734
1771414244506,2.0436062126010013,-1.436769251968401,1.453279212257428
1771414244547,2.0171626278291814,-1.3950161594203396,1.457008916261961
1771414244590,2.128890198457779,-1.5624337717174097,1.4460201195303306
1771414244630,1.9161227767943672,-1.1204141709619853,1.5544126161536787
1771414244676,1.8718857190808806,-0.8500013579388856,1.66776911975279
1771414244721,2.0755912538669525,-1.4571682474998,1.4780865169560782
1771414244765,1.8883798649361165,-0.8918905417516994,1.6644848379693957
1771414244807,1.953749031223057,-1.1398459540751844,1.5867849501376883
1771414244853,1.891185337448998,-0.8961318463108615,1.6653917540955843
1771414244898,2.073887512156101,-1.4323461839400877,1.4997979271986248
1771414244941,1.8803434665963883,-0.7822125414776324,1.7099225398616236
1771414244986,1.8879351516481313,-0.8566011974494615,1.682418950605586
1771414245026,2.280713054828199,-1.7399346566028333,1.4745438037631011
1771414245067,2.106359212927412,-1.5190051002230573,1.45923700589744
1771414245109,1.857249851118083,-0.785804333072214,1.6828216065890866
1771414245149,2.506149740784897,-1.9912062982388257,1.5218028785260727
1771414245189,1.9008482328295475,-0.8123766265643628,1.71850755624266
1771414245233,1.9168808208535637,-1.0299130880226406,1.6166975946279813
1771414245274,1.875871708710461,-1.0103842821397526,1.5805120277762021
1771414245315,1.8877034010905127,-0.9854216243634784,1.6100833371988956
1771414245359,1.8783389252147176,-0.9363439454088145,1.6283172706426212
1771414245399,2.0794292772981366,-1.4874366222560307,1.4531202338609914
1771414245443,1.8976678752669585,-1.0216602391834664,1.5991728238348084
1771414245488,2.0744730039490986,-1.5058950145994212,1.4267860558325505
1771414245533,2.203261225468752,-1.6661843521773543,1.4415927761380454
1771414245577,2.1276177923545005,-1.5787870614365653,1.4262499377682487
1771414245617,1.8789987510745718,-0.8000410485335631,1.7001678232460224
1771414245656,2.1610223754657443,-1.618679563178935,1.4317451515582162
1771414245699,2.112581364380789,-1.5231633739125063,1.4638898037422308
1771414245741,2.1127737993161135,-1.521083905565571,1.46632768483243
1771414245786,2.055827373113534,-1.4120253630040631,1.4941922775453425
1771414245832,2.3387813630662175,-1.8432189756081556,1.439597885586074
1771414245873,2.0919174152910593,-1.495576584107825,1.4626582490337228
1771414245918,2.267483345639991,-1.7337925760187132,1.4613158543234668
1771414245963,2.0794921198421625,-1.4836703647960099,1.4570551551371433
1771414246002,1.8750530886602221,-1.01628223894711,1.5757520414376394
1771414246038,2.0235988840064065,-1.403114425048701,1.4581571772522426
1771414246077,2.1095283124340214,-1.5588259519120267,1.421327320713387
1771414246119,2.3357799799109418,-1.840791336935502,1.4378300902457033
1771414246157,2.0633037198888178,-1.4772294615813493,1.4404913600376472
1771414246203,2.0942190654108854,-1.5051451564826475,1.4561220937295298
1771414246248,1.8859253199663422,-0.8837161218699444,1.666061261910046
1771414246293,2.058619150925302,-1.4204234065784611,1.4900705200091875
1771414246334,1.9045023622020003,-0.9354825613753462,1.6589157980426916
1771414246380,1.891934497279883,-0.9268789137484833,1.6493367216084518
1771414246425,2.17918167986318,-1.6332967967817869,1.442627591401767
1771414246471,1.8831590392830246,-1.002251888759196,1.5942958065277562
1771414246515,1.8817517981159984,-0.9780402721268447,1.6076153320402367
1771414246556,2.1551282753554273,-1.6068934418543133,1.4361306868673398
1771414246598,1.8893508318413959,-1.0037599500818777,1.600660028985356
1771414246642,2.081262744046355,-1.5016476450144765,1.4410790956702688
1771414246685,1.9080306770908722,-1.0950863943354934,1.5624873931207062
1771414246730,2.1119931277282147,-1.4906340651377545,1.4961701291705096
1771414246774,2.077019127796633,-1.4760735799277946,1.4612375727006988
1771414246816,1.9075225788508436,-0.9812490823889475,1.635785018618468
1771414246860,1.9212909030486185,-1.0501495161245216,1.6088954993786295
1771414246900,1.9114813758434703,-1.053146847898211,1.595193645598712
1771414246942,1.9558679702065724,-1.1933135398554329,1.5496523198697425
1771414246988,1.920412703122478,-1.0638468688585778,1.5988166842805909
1771414247032,1.9155093308478157,-1.0033071617625031,1.6317324338631984
1771414247072,1.9085382784482776,-0.968225129915999,1.6447061920298902
1771414247118,1.8825999874346173,-0.7976648981257011,1.7052605146976623
1771414247165,1.8902525240273762,-0.9922292936671614,1.6088926730458537
1771414247206,1.8950171804849008,-0.971734110663061,1.626905938432463
1771414247248,1.8775054104164595,-0.8661962911072164,1.6657522479093883
1771414247289,2.132054505162531,-1.5310178526719638,1.4837926902986058
1771414247336,1.9079531819320192,-0.9755753575308198,1.6396762077383236
1771414247380,1.8880511311822508,-0.9765934775791321,1.615859602041116
1771414247424,1.8990076268953153,-1.0813110583505594,1.561088198051401
1771414247471,1.8881699013418378,-1.0182025910846308,1.5901097634571615
1771414247514,1.8860743565514198,-1.0810469930346973,1.5455141142323776
1771414247557,1.8809235919922482,-1.025305332078057,1.576902829893246
1771414247603,1.8794866276805227,-1.0009701827249333,1.5907635515454575
1771414247646,1.8542517629421922,-0.8670573196600422,1.6390427708873772
1771414247689,1.8989598676977049,-1.0062710081103503,1.6104245519002323
1771414247730,1.9034594649203835,-1.0318276818237266,1.599527920862048
1771414247774,1.8954726893535279,-1.0484383618108288,1.5791116862237835
1771414247814,1.9096936444811798,-1.0749398814514566,1.5784277199279475
1771414247855,1.8894269681835814,-1.0024030833929851,1.6015999271052794
1771414247901,1.9042521063103024,-1.0610740304320094,1.5812330588278234
1771414247946,1.9257903865243218,-1.0412558896645145,1.6200169088835021
1771414247990,1.9160110480755332,-0.9530898311219141,1.6621426262988097
1771414248036,1.900367029907305,-0.9031037725387542,1.6720641208951832
1771414248077,1.9177813694788624,-1.0140947839061651,1.6277276032477084
1771414248123,1.9007408360044051,-0.9027598466623766,1.672674620154454
1771414248164,2.1019899669956694,-1.4950798696199796,1.4775310503700285
1771414248206,1.8894653600407352,-0.873258028811326,1.6755595369638234
1771414248248,1.9089936132741123,-1.001980688103165,1.6248973248146046
1771414248290,2.050913914816743,-1.4689003227542412,1.4312860398262204
1771414248335,2.121188486277143,-1.5404693915201886,1.4582162556027614
1771414248375,1.8831590392830246,-1.002251888759196,1.5942958065277562
1771414248416,1.8636276406889396,-0.8714564398479813,1.6473225721112743
1771414248457,1.8787948014721192,-1.0087640895356782,1.5850125922849678
1771414248498,1.90618337809876,-1.0374350774723327,1.5991446247822538
1771414248539,2.0877647584883894,-1.5027101452360703,1.4493529267196004
1771414248582,1.8956539405292567,-1.00354569336404,1.6082288094592097
1771414248627,1.90375312908737,-0.9448787707068254,1.6527189976452472
1771414248668,1.9166954083196985,-0.9883467939019861,1.6422216364600368
1771414248714,2.1830658628657122,-1.6296967880505762,1.4525374145361114
1771414248756,2.089709425253863,-1.5181072243201619,1.4360487239163453
1771414248801,1.892143204040055,-0.8883063126077284,1.6706638798921303
1771414248845,2.1478717166026993,-1.5743379313151498,1.4610999243734706
1771414248886,2.131494920742111,-1.5359277466704755,1.4779027553114494
1771414248927,2.241668159175062,-1.7246318011120663,1.4320339683304515
1771414248967,1.8744206838803217,-0.985436609605172,1.5944803506497773
1771414249007,2.3081571043731306,-1.8010524388414049,1.4435370902791456
1771414249052,2.0756150869553935,-1.491437466110951,1.4435346458874454
1771414249094,2.351678017379595,-1.8425343056505366,1.461320235241857
1771414249136,2.3229172306338093,-1.7846492097473647,1.4869336429456268
1771414249179,2.0434309284301615,-1.4070298128530059,1.4818492045440346
1771414249224,2.110588826086937,-1.5095475455881564,1.4750767439058243
1771414249271,2.066428317162431,-1.444102725006813,1.478070806693189
1771414249317,1.8930399921880126,-0.9526842763001512,1.6358462891462777
1771414249360,2.3626898605954865,-1.8670892082583905,1.4478540208756459
1771414249406,1.8767002404062798,-0.9960751843570951,1.5905464530937055
1771414249447,2.050152385532776,-1.4419047036728716,1.4574071597984486
1771414249491,1.902609018889778,-1.0421711830479756,1.5917915391109183
1771414249536,1.915242177971615,-1.0882956834579032,1.5759965436663719
1771414249581,1.9031065769339621,-0.9970406841673085,1.621025760833087
1771414249623,2.1227882412916146,-1.5205639112307894,1.481254640238629
1771414249661,1.9409253589655575,-1.137546533034285,1.5726344566545831
1771414249696,1.9081926596801904,-1.055268612015294,1.5898450814317329
1771414249736,1.9194608533961983,-1.113260483652906,1.5636435217968832
1771414249780,1.8876724080316942,-1.0639692128112992,1.5592551536659676
1771414249823,1.946708006714724,-1.221809458294311,1.515537433067813
1771414249868,1.898762784638788,-1.0507927943813429,1.5814975863419753
1771414249915,1.9173153849993412,-1.0603490871704848,1.597422329533393
1771414249960,1.9260080484626227,-1.076709014380169,1.5969360353800293
1771414250006,1.9414323526556456,-1.0890329654171829,1.6072233137223628
1771414250051,1.9169693848493978,-1.1053443483290875,1.5662009749922976
1771414250095,1.9311560080182266,-1.1738807029096443,1.533416976116168
1771414250141,1.88467869756235,-1.0601584306755476,1.5582290893552448
1771414250184,2.081262744046355,-1.5016476450144765,1.4410790956702688
1771414250225,1.897749178827729,-0.9414485633356552,1.6477641057914056
1771414250270,1.920412703122478,-1.0638468688585778,1.5988166842805909
1771414250311,1.8681191459211621,-0.8578552903945358,1.659503975318926
1771414250351,1.8800835033648466,-0.8271970606307042,1.6883302409506733
1771414250393,2.082203078659081,-1.4926403461893598,1.451755646693018
1771414250435,1.8929504724066555,-1.0407084759210956,1.5811980771334662
1771414250479,1.8929504724066555,-1.0407084759210956,1.5811980771334662
1771414250526,2.064896186702133,-1.4601754136357146,1.4600287748091747
1771414250566,2.256661504441445,-1.7058530442963742,1.4773579582798197
1771414250606,1.8954354602863295,-0.8855252032544658,1.6758641646959298
1771414250647,2.320936368182926,-1.7731668497619133,1.4975396315488823
1771414250690,2.2942932584772695,-1.77322196668496,1.4558383882698551
1771414250733,2.101192096428984,-1.5390805933363236,1.4304681587896806
1771414250773,2.314756952648451,-1.8037916802379448,1.4506671996494278
1771414250817,2.2850941532268036,-1.7661152373990396,1.4499973301141824
1771414250859,2.115430838130261,-1.529202272218582,1.4617072352403626
1771414250901,2.099402353156063,-1.48453831160417,1.484464968201222
1771414250942,2.0400356250416327,-1.4060952570476417,1.478053273582225
1771414250981,2.376048511526328,-1.875404981887612,1.4589251807538328
1771414251018,2.326938810085723,-1.8153773212656115,1.4556955063878068
1771414251057,2.309879991007157,-1.8205084513679957,1.4217223889891182
1771414251093,2.102526264952786,-1.523902302755523,1.4485642776462242
1771414251132,2.0688510603313115,-1.4558837275652192,1.4698800228742461
1771414251173,2.29079001446303,-1.7391947061793298,1.4909462312106776
1771414251215,2.2578803778028016,-1.6897330626059395,1.4976067499858814
1771414251256,2.3437985220359496,-1.8180242212932212,1.4792496214936401
1771414251301,2.039359545604069,-1.409112575127727,1.4742418752916164
1771414251344,2.4204507507014403,-1.9319964611085954,1.4580711611012096
1771414251387,2.3049827443715163,-1.8004518264795082,1.4392076543630006
1771414251429,2.2887051591856693,-1.761867508313678,1.460819697577922
1771414251474,2.3951737487341087,-1.8832650552753394,1.4799223014076708
1771414251517,2.084724375182206,-1.4658028106789516,1.4823959797181474
1771414251559,2.080377563129816,-1.4772155962108315,1.4648566098719111
1771414251605,2.0318143605395127,-1.4215011122179013,1.4517589964101676
1771414251649,2.085746242527568,-1.4894216608292974,1.460123455215471
1771414251690,1.8772932444219055,-0.9495338369437764,1.6194491094353516
1771414251735,1.897749178827729,-0.9414485633356552,1.6477641057914056
1771414251775,2.3136504713081343,-1.8154793495752402,1.434229143006868
1771414251820,1.901491850776935,-1.0565807201580015,1.5809201245988023
1771414251865,1.8815462768518263,-0.9792355980535017,1.606646829717026
1771414251909,1.9249548502298666,-1.0899500055588547,1.5866506108169312
1771414251953,1.9182049559755292,-1.0519250712883632,1.604046102056937
1771414251997,1.934334492776685,-1.1696124017429173,1.5406676343828347
1771414252041,1.9096936444811798,-1.0749398814514566,1.5784277199279475
1771414252081,1.9053434694545877,-1.085223545428455,1.5660854360605425
1771414252126,1.8950719247419678,-0.9359116988484117,1.6478370343889917
1771414252171,2.0863521830223144,-1.4829888329601515,1.467518161017936
1771414252216,2.0591396502080808,-1.483926638912199,1.4275916185610653
1771414252256,2.336636861878496,-1.8228544883447804,1.461873229322801
1771414252296,2.086076010515254,-1.5161143190664796,1.4328679259334478
1771414252340,2.0265731284025184,-1.365666167289423,1.4973157864272277
1771414252385,2.1329944570628445,-1.5566167002460316,1.4582900268382741
1771414252430,2.2740659076631067,-1.7383878939868431,1.4660775158345543
1771414252473,2.2547453001134463,-1.728536988341189,1.4477694044011453
1771414252516,2.3650129558901414,-1.8795326438879945,1.4354941038149995
1771414252561,2.0206281864501627,-1.3619887460251583,1.4926235036263134
1771414252605,2.327472805951903,-1.7777334381536944,1.5022627883682231
1771414252650,2.3442143342404402,-1.8493564518829082,1.4405629311964858
1771414252690,2.28618778357686,-1.7866282925415076,1.4263989365062957
1771414252735,2.1269292636736763,-1.5830187485032106,1.4205209377403685
1771414252775,2.328407107922183,-1.7987824184742762,1.4784659181768038
1771414252814,2.053419918905504,-1.4380086854709784,1.4658323177866954
1771414252861,2.009426324915884,-1.3717038200376026,1.4684082488733181
1771414252906,2.3153090687211795,-1.8018367282137453,1.4539740329739461
1771414252950,2.2755938020934434,-1.7565231685646494,1.4467043617898225
1771414252990,2.2026550395128237,-1.6722693337745858,1.4335984439194756
1771414253035,2.1042779152580136,-1.539413282912533,1.4346401252701213
1771414253080,2.0435081236061956,-1.4031863499412052,1.4855953414652294
1771414253123,2.3993041686643135,-1.908202394220803,1.454449764158236
1771414253169,2.0615431680294307,-1.4584366621799503,1.4570253038496714
1771414253217,2.043485050210476,-1.4413376579918697,1.4485775457628163
1771414253257,2.132187333624592,-1.5291672330195452,1.4858904398132773
1771414253299,2.0851526060550345,-1.4921254774870152,1.4565105389156126
1771414253341,1.8561211373233772,-0.931624389921617,1.605385210010919
1771414253386,2.1182291900589414,-1.5393774192399043,1.4550642813127022
1771414253431,2.076225263750984,-1.4477500474330165,1.4881972806034627
1771414253476,1.881556216685256,-1.013479205365326,1.5852803212173552
1771414253516,2.317770512973607,-1.8055448289978107,1.45329557258295
1771414253557,2.309401196620347,-1.7878146013585732,1.4618662175864714
1771414253598,2.0406924099147026,-1.433313630328905,1.4525968294736333
1771414253641,2.21122903588284,-1.6881875111326992,1.4281305179803903
1771414253680,2.2474379858755515,-1.701394597961134,1.4684120410787382
1771414253725,2.197239795483715,-1.6255129142864426,1.4783675065237718
1771414253767,2.0941607184281197,-1.5455200898243961,1.413108901166704
1771414253809,2.089709425253863,-1.5181072243201619,1.4360487239163453
1771414253850,2.307952912680156,-1.805618507929502,1.4374938090201488
1771414253891,2.3580696305525373,-1.8452283564797878,1.4682045821264424
1771414253936,1.8690431504973486,-0.8043464407812551,1.6871126523215874
1771414253978,1.8871708896751258,-0.9082351462170896,1.6542439016098043
1771414254021,2.3497093939303446,-1.826852674332664,1.4777494856057645
1771414254067,2.0989239462303604,-1.5239640717072591,1.443265478075555
1771414254111,1.9464434391867136,-1.1841674134472626,1.5447943548843714
1771414254152,2.107398733190066,-1.5094939873774138,1.4705636071664943
1771414254198,2.282446584170581,-1.7540528696942792,1.4604317648932514
1771414254241,2.213765877005018,-1.66342864197618,1.4607410828908307
1771414254282,2.136512905824922,-1.553668262813444,1.4665613951971825
1771414254324,2.321589828740794,-1.7996726938955632,1.4666143077712679
1771414254366,2.238127055658591,-1.726051594013944,1.4247661604884208
1771414254406,2.3766434640249954,-1.8653284097750333,1.4727471197659412
1771414254447,2.0777248406630062,-1.4671461148127598,1.4711977403795653
1771414254488,2.2272094095307797,-1.6999852691953476,1.4389273221470449
1771414254530,2.3622500414615892,-1.8782650659200109,1.4326009913893603
1771414254573,2.2908069879256674,-1.7758645905212065,1.447101106371637
1771414254614,2.2136950710777605,-1.698184328980342,1.4200760023743646
1771414254656,2.0965045970562595,-1.521971549455543,1.4418509382477522
1771414254701,2.2783167804473354,-1.7602080722343634,1.4465112839203498
1771414254742,2.230162295743372,-1.7064376440638196,1.4358601715617259
1771414254784,2.116902655774576,-1.5494806918046318,1.442354477841731
1771414254825,2.0924367229950853,-1.4862295640318657,1.4728927736722932
1771414254868,1.90977335242092,-0.9927171514995294,1.6314861062036965
1771414254911,2.097405542532512,-1.5057712161762347,1.4600558394736978
1771414254951,2.1216087632123095,-1.5357400169868987,1.4638054325504963
1771414254993,2.270785769730267,-1.736564146606401,1.4631517271734547
1771414255039,2.3714330303854925,-1.8829775714155146,1.4415582135832914
1771414255081,2.3054679052599596,-1.7956283590746245,1.4459948334177126
1771414255122,2.0615037432788896,-1.4241519447035962,1.490499554495015
1771414255166,2.419900717897139,-1.90300210001435,1.4948252378857076
1771414255207,2.329162565512302,-1.8263405387822416,1.4455028512543449
1771414255252,2.2422105907030687,-1.718907355666958,1.4397450592709216
1771414255293,2.134879151781752,-1.5386449414428212,1.4799597078585582
1771414255337,2.049682181791234,-1.4481459682939735,1.4505413819903186
1771414255383,2.1877815514039978,-1.6516345728341757,1.434744351612005
1771414255426,2.1403876291296546,-1.5846125311616306,1.4388406197410448
1771414255471,1.8728428956693484,-0.8868058763614266,1.649580507132038
1771414255518,1.8819363889609506,-1.0553291775786868,1.5581928311497506
1771414255559,1.8746857886300783,-0.9386104625160797,1.6227930261579662
1771414255604,1.9045571492401974,-1.0185077341034825,1.6093414585765624
1771414255651,1.901491850776935,-1.0565807201580015,1.5809201245988023
1771414255697,1.9033409385002535,-1.1100974437544646,1.5460887405129204
1771414255738,1.898549124759195,-0.9713250355134674,1.6312622273897803
1771414255784,1.903120578969251,-1.0357043821386005,1.5966165384697593
1771414255828,1.871120099274797,-0.904345110979068,1.638062986016833
1771414255868,1.9460030513824103,-1.1529255423952935,1.56770232176972
1771414255911,1.9194372994809623,-0.9981022879256892,1.6395216892363071
1771414255957,1.8744206838803217,-0.985436609605172,1.5944803506497773
1771414255995,1.9239714386379985,-1.1436591247122398,1.547161886538446
1771414256030,1.9089293479368823,-1.0888757105124187,1.5679161146154492
1771414256068,1.9001454944456708,-1.0343156437737755,1.5939711569244357
1771414256103,1.8957787895526665,-1.083227684981154,1.555826147552529
1771414256142,1.8958272960436313,-1.0815002722890856,1.5570864771947446
1771414256184,1.9194608533961983,-1.113260483652906,1.5636435217968832
1771414256223,1.9054471187145874,-1.0096978738333717,1.615932834555351
1771414256265,1.8901887128671186,-0.95366443917298,1.6319735009206306
1771414256310,1.9021310075712856,-1.1230707615036095,1.5351919862414136
1771414256354,1.8396783578814493,-0.5765293030698363,1.7470061314028622
1771414256401,1.895700906138088,-0.9638496641879448,1.6323834569051334
1771414256442,1.915863049485227,-1.0387503524914847,1.6098226391691879
1771414256486,1.922249967711222,-1.1219319093078217,1.5608695426725128
1771414256527,1.8880511311822508,-0.9765934775791321,1.615859602041116
1771414256573,1.9139081450775413,-1.0233978599409477,1.6173129592204605
1771414256617,1.8984863816743358,-1.087517699608721,1.556134889539036
1771414256662,1.9343232244099682,-1.1738559257062702,1.5374227142123442
1771414256706,1.9341697323732852,-1.0922284896201515,1.5962610939602042
1771414256749,1.946767608785998,-1.1845010076173403,1.5449470818030817
1771414256794,1.91584885675638,-1.1552784078698526,1.5283352519144573
1771414256840,1.9208913287715865,-1.1009216175533738,1.5741013591740318
1771414256882,1.9090454292606989,-1.0829289304445018,1.572170277860351
1771414256924,2.1748804078838955,-1.647729611743076,1.419539332030723
1771414256959,2.112648142988788,-1.5590650815124936,1.4256921994885208
1771414256994,1.949879542430537,-1.1856478826392827,1.5479888011165024
1771414257031,1.910298486823836,-1.1101307206632625,1.5546221701111507
1771414257073,1.9401191681672103,-1.1429246472583516,1.5677326421871811
1771414257114,1.9109310795002514,-1.021968002440448,1.6146947056914123
1771414257158,1.9533583268981503,-1.2189804907009898,1.5263339466030084
1771414257203,1.9172968727628386,-1.1014843774628182,1.569318152737522
1771414257249,1.9237807692471105,-1.0609894638993353,1.604753503071299
1771414257291,1.8972287137027029,-0.9439717032523155,1.6457199687543853
1771414257336,1.9365788627528873,-1.189097664224933,1.5285236133590068
1771414257375,1.9605672607637419,-1.2171581710759893,1.5369938095391258
1771414257414,1.9338363906518292,-1.0621318823352848,1.6160442600177132
1771414257457,1.8647585528310897,-0.8196809166453047,1.674947060430333
1771414257498,1.9269891284098508,-1.1403133267349075,1.5533745903292369
1771414257538,1.9233432314260601,-1.0663961900620025,1.6006399819115116
1771414257583,1.9330340963596777,-1.110381047374598,1.582300460506906
1771414257630,1.9184912683254778,-1.162218717273863,1.526386713732597
1771414257673,1.9175025337354377,-1.0654942735270083,1.5942201604430224
1771414257720,1.9002160136567314,-0.9900293650275455,1.6219317972530887
1771414257761,1.90417579123808,-1.1023041938466558,1.5526786235938337
1771414257803,1.920695246142157,-1.1403619812804227,1.545524111815558
1771414257849,1.9274605116743044,-1.1011739057552432,1.581935540199889
1771414257890,1.9200566269466153,-1.1106556025909942,1.56622526576315
1771414257935,1.8746866509588715,-0.9446496457830716,1.6192859803028332
1771414257980,1.9258880164943364,-1.0390253583434825,1.621564354811639
1771414258023,1.924375671568585,-1.0537425333581243,1.610232405187849
1771414258065,1.9142331125494898,-1.1003144733236792,1.5663960128190262
1771414258111,1.9099748847781979,-1.114265725091817,1.55126269676322
1771414258151,1.9151059625672724,-1.0517915173065535,1.6004266468609853
1771414258193,1.9130609680039878,-1.0766218623089032,1.5813562637492111
1771414258238,1.9242371276413504,-1.102094957138681,1.577363378820151
1771414258283,1.8886467603015762,-1.0503797459508184,1.569614275704045
1771414258323,1.9146409526139883,-1.0575124839397418,1.5960943968757606
1771414258366,1.9401191681672103,-1.1429246472583516,1.5677326421871811
1771414258410,1.92570018588681,-1.0387548641668283,1.6215145815237828
1771414258454,1.9274064140259133,-1.1395572305383552,1.5544467836358966
1771414258500,1.9301502745765562,-1.1475857234922417,1.5519430046508613
1771414258541,1.9610411712455182,-1.2836996120787987,1.4824971437641072
1771414258583,1.9298883256692692,-1.1476123811233898,1.5515974904100738
1771414258623,1.9051381409625412,-0.8853427525721451,1.686926064360316
1771414258664,1.9365246904534879,-1.1102259271468473,1.5866714428094115
1771414258708,1.9352911092394578,-1.1208983967309853,1.577636986669366
1771414258748,1.9042723678508753,-1.0611143545518613,1.5812303998862296
1771414258791,1.9192593286049844,-1.1236982843742607,1.5559108381046771
1771414258835,1.9267731717811207,-1.1837385497681687,1.5202690226694198
1771414258878,1.9119900993645915,-1.0894939848468312,1.5712125881149226
1771414258923,1.9023279282620555,-1.0074716189505135,1.6136457119377339
1771414258965,1.93715036233028,-1.1782758127255641,1.5376012602174356
1771414259010,1.9386446014622076,-1.2011266899237785,1.5217219080802211
1771414259052,1.9340539588116472,-1.1402511636471948,1.5621754060912056
1771414259096,1.9546659550473031,-1.1666274347781604,1.5683428911573882
1771414259140,1.8933706083196344,-0.9973702011653042,1.609380297591636
1771414259179,2.0842153169839697,-1.5070047000492401,1.43975356279472
1771414259223,1.9068639264300942,-1.072117740338446,1.576925358021736
1771414259266,1.8836230181784221,-1.0309561676597536,1.57644062843353
1771414259310,1.90357006321381,-0.9873834091181339,1.6274682758696342
1771414259356,1.9483642661738154,-1.1239118996468975,1.59152296732882
1771414259400,1.9285020309715553,-1.130830338091688,1.5621596685079449
1771414259439,1.9269693049879562,-1.1816731644634977,1.5221232652950911
1771414259484,1.9212435461973407,-1.0971610956244138,1.5771538587129568
1771414259528,1.9156196259216467,-1.1214513224302163,1.5530439409867671
1771414259572,1.9205177363709431,-1.062643862095518,1.5997426036916353
1771414259616,1.9051963096764433,-1.0491543725306365,1.5902981107341427
1771414259658,1.9020960497918495,-1.0442845744733438,1.589792159419207
1771414259703,1.9085069360678752,-1.0893183260047434,1.5670942248790953
1771414259748,1.9273213524523416,-1.0560666182273837,1.61223165006909
1771414259790,1.9512759381797575,-1.1688680583511506,1.5624420786338622
1771414259834,1.9271407909678333,-1.1065458476170031,1.5777921014296192
1771414259881,1.9199657197640114,-1.1545074155454147,1.534073333488196
1771414259924,1.9163498101443914,-1.1134106727588093,1.559715765332652
1771414259966,1.9222394437639365,-1.0018214173698408,1.640535987676275
1771414260007,1.942575364888704,-1.1134883132669475,1.5917734840392368
1771414260049,1.9039363221759715,-1.0262603641644183,1.6036717818325794
1771414260094,1.9053434694545877,-1.085223545428455,1.5660854360605425
1771414260138,1.9110661057254437,-1.1334898288173358,1.538627462519846
1771414260184,1.8987345757202718,-1.0466173265599912,1.5842301476679634
1771414260229,1.9168808208535637,-1.0299130880226406,1.6166975946279813
1771414260274,1.9266951160879588,-1.1107259079635874,1.5743068404017235
1771414260314,1.938202202552987,-1.1283511785083808,1.5758970131134833
1771414260355,1.906123873248577,-1.0800266528281892,1.570621103050922
1771414260401,1.9347251661003635,-1.1696177133085148,1.5411540718101613
1771414260447,1.887012201390203,-1.027853772986842,1.5825080314337157
1771414260493,1.8881699013418378,-1.0182025910846308,1.5901097634571615
1771414260533,1.923051246228624,-1.1493866231367158,1.54176408252879
1771414260573,1.9090454292606989,-1.0829289304445018,1.572170277860351
1771414260619,1.9143344355212282,-1.0565957935257968,1.5963338185122717
1771414260663,1.9351147851393344,-1.0417176904792806,1.63079535350312
1771414260706,1.9285925052295723,-1.0841862925706138,1.5949950263965291
1771414260752,1.924507606737186,-1.0945263057846706,1.5829534719424487
1771414260794,1.8896646032210918,-0.9601231058112268,1.6275736340805382
1771414260835,1.8977729386448372,-0.936876575088348,1.650395228332713
1771414260878,1.9257903865243218,-1.0412558896645145,1.6200169088835021
1771414260923,1.9151059625672724,-1.0517915173065535,1.6004266468609853
1771414260967,1.9130066966002475,-0.9949907826603148,1.6338873778992253
1771414261004,1.9254373608724002,-1.1283010232678006,1.5602069835557422
1771414261039,1.9153546191645563,-1.04424557801953,1.6056570274942465
1771414261076,1.9173153849993412,-1.0603490871704848,1.597422329533393
1771414261113,1.900367029907305,-0.9031037725387542,1.6720641208951832
1771414261152,2.097245514408851,-1.5073768158420688,1.4581679885287129
1771414261199,1.8931176837179164,-0.9956921427641762,1.6101216479642688
1771414261240,1.8811756788510523,-0.9402356023772523,1.6293492402560608
1771414261281,1.8714954965608361,-0.93973503911231,1.6184540308306798
1771414261323,1.909735540313448,-1.03878896364504,1.602500334772371
1771414261369,2.0481593915464362,-1.4608741851396816,1.4355498975557552
1771414261413,2.1575929021047746,-1.5760752954262984,1.4734971307606297
1771414261455,2.3645116915734232,-1.8489310019574001,1.4738960918559407
1771414261499,2.087493373321693,-1.4665625026305427,1.485537952911342
1771414261543,1.8946514995098687,-0.9773767303051504,1.6230955090976646
1771414261584,2.3484597176406035,-1.8385266222601822,1.4611922887221747
1771414261628,2.2930814483283872,-1.782362749201575,1.4427077177746075
1771414261670,2.138922131226348,-1.5621975958595091,1.461001901073586
1771414261714,2.348172836471159,-1.8502642691576774,1.4458346393067967
1771414261757,2.0493393318167685,-1.4480191184373468,1.4501835503035914
1771414261797,2.2267555217076693,-1.667073526650046,1.4762472727148972
1771414261841,2.0738301562175723,-1.4714865891913427,1.461334573144504
1771414261886,2.04733192670911,-1.4312474162568143,1.4639326663411232
1771414261927,2.4635781842756113,-1.9776927225150758,1.4689959037892601
1771414261973,2.3739304236164083,-1.8944619870632216,1.4305801046233133
1771414262020,2.041494777637053,-1.424994701076681,1.461879279907456
1771414262064,2.161613110857799,-1.6106609922270236,1.4416457294184972
1771414262108,2.09867477700962,-1.5263939238083595,1.4403323953231417
1771414262154,2.224508359086858,-1.6874974747183762,1.449410125694729
1771414262197,2.114069771197423,-1.5440394402585342,1.4440336576468138
1771414262242,1.8950569305738643,-1.01050891777817,1.6031570407189768
1771414262287,2.2190804852674337,-1.6791751186665584,1.4507546729016245
1771414262332,2.11333281280111,-1.5498012764999156,1.43676427468847
1771414262373,2.0777248406630062,-1.4671461148127598,1.4711977403795653
1771414262418,1.8471907729367074,-0.8326934846153543,1.6488587908919459
1771414262463,2.123220108644691,-1.5566913228279613,1.4438752561025845
1771414262507,2.0705656739580185,-1.4725517186200252,1.4556213951994637
1771414262549,1.9371392043693263,-1.0647634916261592,1.6182666665307965
1771414262589,1.8989779566364073,-0.9210078608196391,1.6606811253517086
1771414262631,1.898549124759195,-0.9713250355134674,1.6312622273897803
1771414262673,1.8822461849136742,-0.9308247585701185,1.635975540604126
1771414262715,1.908126866077571,-0.9730450727518033,1.641380950127194
1771414262761,1.8862666167159876,-0.9193518860364581,1.6470561189523525
1771414262806,2.0404135913172046,-1.366225650137623,1.5154917012435276
1771414262851,1.8802656217604994,-0.9949271678507902,1.5954681880397374
1771414262897,1.9296645141347215,-1.0283473501620737,1.6328217491586252
1771414262943,1.9164416111583775,-1.073916355357369,1.5872782083413302
1771414262987,1.9286621146979723,-1.0875070798462094,1.592816971266826
1771414263031,1.9120037352533414,-1.0081037569155658,1.6246492233449814
1771414263074,1.911477327337719,-1.0145108420879292,1.6200349762311277
1771414263114,1.9335962347033853,-1.1085843333486936,1.584245932522139
1771414263156,1.9273213524523416,-1.0560666182273837,1.61223165006909
1771414263199,1.9120199000747278,-1.0850593425085644,1.5743145560899365
1771414263243,1.9036601129305808,-1.0676085165593872,1.5761135368153958
1771414263286,1.8917497956970888,-0.9780130403960909,1.6193232482537796
1771414263329,1.923051246228624,-1.1493866231367158,1.54176408252879
1771414263376,1.8984887367404308,-1.0514760254708049,1.5807142851857816
1771414263420,1.9047523822318908,-1.1334806678971048,1.5307851623012279
1771414263465,1.9399275101476212,-1.2226778808254553,1.5061133902756867
1771414263507,1.9123405016762398,-1.1599784336009487,1.5203605585294635
1771414263552,1.929705452685319,-1.1496392468365393,1.549868619030841
1771414263594,1.9051317289991976,-1.0541200792243188,1.5869334464354792
1771414263640,1.883125314502299,-0.9641581029595284,1.6175784687664665
1771414263681,1.8998135418885302,-1.0383837968317133,1.5909275861648755
1771414263725,1.9029861478453522,-1.0376920011229211,1.5951650665986892
1771414263770,1.8907474085342357,-1.0291812377594738,1.5860995374574718
1771414263814,1.9080320596827467,-1.0950429894395797,1.5625195013363558
1771414263858,1.9065659823996282,-1.0718568896990406,1.5767424181673295
1771414263903,1.886279408942865,-1.0418611472534203,1.5724424817606624
1771414263949,1.9143344355212282,-1.0565957935257968,1.5963338185122717
1771414263993,1.9234178121686096,-1.1085401985761323,1.5718380032014336
1771414264038,1.9003749119621463,-0.99195859534127,1.6209389103676024
1771414264085,1.8996267834524763,-1.0359811230867142,1.5922704007228143
1771414264131,1.8994265675552702,-1.038337510548635,1.5904956773667944
1771414264173,1.8915866191851278,-0.8908902328400176,1.6686565047697748
1771414264220,1.9046554942265057,-1.0217202830809067,1.6074203603377326
1771414264261,1.9103340638551103,-1.0288339397754074,1.6096201290650518
1771414264303,1.9575038825002242,-1.1702042702041289,1.56921745338225
1771414264342,2.0445419548129014,-1.4267379557750528,1.4644352531064606
1771414264381,2.086609635896493,-1.4756026919931065,1.4753089398491395
1771414264425,2.086456109825783,-1.481239096104611,1.469431808013061
1771414264466,2.0576677743522707,-1.4341608943150894,1.4755267530021847
1771414264510,2.0789127130840765,-1.4927899850352622,1.446878063003589
1771414264551,2.1111714623199287,-1.5022883017180464,1.4832986219353048
1771414264591,2.230213610273143,-1.7055655074631704,1.4369756599189372
1771414264637,2.3618766550338557,-1.8382538646050421,1.4829983354200171
1771414264680,2.063782765891535,-1.4379523790458257,1.4803689608970336
1771414264723,2.2095555921004513,-1.6743948908071673,1.441713447333148
1771414264763,2.3536058397300867,-1.822928996714741,1.488754621066935
1771414264808,2.06859346711161,-1.4896038488706653,1.4353255051055607
1771414264847,2.236128150606086,-1.712736767910927,1.4376376002939777
1771414264888,2.2007123305454077,-1.6609799116253223,1.4437037421132275
1771414264928,2.3730469429432275,-1.8648114270594724,1.4675933138715958
1771414264975,2.044883639895191,-1.4292605649476948,1.4624511404475715
1771414265015,2.3139907518612715,-1.8120996539611585,1.4390441424130607
1771414265057,2.362192776204213,-1.8386933012924551,1.4829570646966221
1771414265097,2.3110397890936376,-1.8091453250430267,1.4380188106032985
1771414265140,2.4003069815348717,-1.9002541257935277,1.4664609994847195
1771414265182,2.310602362270618,-1.7788846102053795,1.4746025973478472
1771414265222,2.2377387912059654,-1.6919698339772098,1.4644838608120845
1771414265267,2.2216384338303676,-1.684151863732643,1.4488995239691795
1771414265312,2.0866281078401085,-1.5140988247641523,1.4357999893008095
1771414265357,1.8638169802196198,-0.827796226123287,1.6699003394726963
1771414265398,2.2017496714928204,-1.650248273789175,1.4575260720737009
1771414265441,2.382368527476935,-1.8770929813898318,1.46703842483067
1771414265486,2.063782765891535,-1.4379523790458257,1.4803689608970336
1771414265531,2.2102264892738224,-1.664177870854585,1.4545147465892485
1771414265575,2.087531015642592,-1.4725139008220782,1.4796920467298385
1771414265620,2.264887410341358,-1.7292280772956412,1.4626979312951816
1771414265665,2.149435917519591,-1.5952789357945216,1.4405415233632055
1771414265706,2.368346590481121,-1.881472071541855,1.4384465289511295
1771414265751,2.271877536719124,-1.7271228711067632,1.47596549077168
1771414265792,2.301618024564031,-1.7978105053437448,1.437123139426021
1771414265834,2.09131759488241,-1.5051343805692163,1.4519572235755671
1771414265875,2.058793288123414,-1.4574336479637804,1.4541378768896047
1771414265921,2.2217785319315,-1.7190947320293586,1.407484688108755
1771414265965,2.3332823331079307,-1.8204332660152294,1.4595304621619634
1771414266001,1.8504545880468848,-0.8355217751379241,1.6510861714926142
1771414266036,2.2284633542902523,-1.7220048418700302,1.4144780825416616
1771414266071,2.2778296472075983,-1.767154156515352,1.437245312675747
1771414266105,2.3010000210296457,-1.8043626385433291,1.4278923507769716
1771414266145,1.8690431504973486,-0.8043464407812551,1.6871126523215874
1771414266189,2.1825903918150984,-1.6371142835294603,1.4434533733749095
1771414266232,2.3184947714675803,-1.7981433787397452,1.4635909246838477
1771414266274,2.0653016663285744,-1.4557370846228335,1.465025772262522
1771414266316,2.185200950804586,-1.6122862794665915,1.475003779127716
1771414266356,2.352516801047219,-1.842079491560238,1.4632424426535113
1771414266396,2.0477644653956246,-1.3936872792115365,1.5003249892943105
1771414266440,2.3629174666046655,-1.8674915791726712,1.4477065157360358
1771414266481,2.1279729352409067,-1.5375155024950387,1.4711610695995283
1771414266524,2.088160936497558,-1.4631922635020784,1.489793440964895
1771414266568,2.0196883929704703,-1.3364094033145102,1.5143153936456553
1771414266610,2.3353039673696525,-1.833343259234791,1.4465466165425824
1771414266655,2.0340178678434087,-1.4326137885557855,1.4438997262781395
1771414266694,2.2367065831440365,-1.7024156375605004,1.4507368252268729
1771414266733,2.382286264378787,-1.9130155844890167,1.4197391376411308
1771414266779,2.04733192670911,-1.4312474162568143,1.4639326663411232
1771414266824,2.0379533943165193,-1.3534410230545335,1.5236310033992224
1771414266862,2.127180717286903,-1.5499082377396542,1.4569427780746849
1771414266904,2.304177335394733,-1.7765868120722617,1.4673010911594422
1771414266949,2.1872659514782775,-1.6598938160127663,1.4243892944201566
1771414266992,2.3727643252552815,-1.8726237080815575,1.457151670600912
1771414267037,2.336227071593876,-1.8262885621314164,1.4569238202033976
1771414267082,2.2141739688170725,-1.6560956563805578,1.4696644314620246
1771414267122,2.349518144548058,-1.8308607849702574,1.4724755677493062
1771414267162,2.2963202295365805,-1.7839484471290097,1.4458957550822704
1771414267206,2.274892641887671,-1.72937035011964,1.4779765641720237
1771414267252,2.393034230322813,-1.8675135892538883,1.4963307861060526
1771414267296,2.3495927809067587,-1.8316031413581946,1.4716712162218668
1771414267340,2.2141234104349055,-1.6606581034736145,1.4644306538731406
1771414267385,2.356002291739757,-1.8650880389342668,1.4395115163510561
1771414267427,2.0685620233684734,-1.46223679721382,1.4631515278316676
1771414267467,2.052037227914607,-1.4249135795065597,1.4766441940038462
1771414267508,2.324897456111579,-1.8026482336951009,1.468198735522554
1771414267551,2.344785549292064,-1.8058139253811774,1.4956788890227444
1771414267598,2.0130666004675075,-1.3344955619079262,1.507169112331412
1771414267640,2.107898648838415,-1.53850485615888,1.4409162089970253
1771414267679,2.33432577412457,-1.8179109749262734,1.4643348343138187
1771414267722,2.1784848348191774,-1.6093534254957547,1.468256696692448
1771414267764,2.3827229411540944,-1.9079370586057227,1.427285813949316
1771414267809,2.335028930809087,-1.8003645701070234,1.48695915290864
1771414267849,2.0461766993782575,-1.4494852142514945,1.4442408728272438
1771414267891,2.1810378930492225,-1.6508658398262457,1.4253309334366444
1771414267936,2.0629849871620527,-1.4465206256894232,1.470879035376837
1771414267981,2.218372094035501,-1.6872887720763752,1.4402192011011563
1771414268024,2.1935264283881235,-1.699249855130114,1.3871222447489784
1771414268063,2.3406510474600113,-1.8230975594061525,1.4679790921068931
1771414268107,2.230517330452145,-1.702509862890841,1.4410647897324997
1771414268152,2.1475661503987813,-1.6155338934926937,1.414952511328553
1771414268198,2.389771802264149,-1.8675694590415204,1.4910377535636716
1771414268240,2.0394462580447943,-1.373255965710429,1.5078160007420105
1771414268280,2.1685823900023085,-1.6393478918065771,1.4196084220155412
1771414268321,2.344870727470091,-1.8443055552274916,1.4480869267772314
1771414268367,2.374570805300611,-1.8840215207011586,1.4453544267482927
1771414268412,2.3166244457095755,-1.8182142114870843,1.4355646636796264
1771414268456,2.353140636628899,-1.8282503280447477,1.4814761536246652
1771414268497,2.073765390623701,-1.4729854276938943,1.4597317647945138
1771414268542,2.108726095711224,-1.5301366740953404,1.4510022416667563
1771414268584,2.3442849833727237,-1.8134334541128756,1.4856416764385336
1771414268624,2.2876779555539017,-1.7709747786108352,1.448143211789353
1771414268670,2.231872403260841,-1.7194744221593399,1.422906228806777
1771414268716,2.1133240181058968,-1.5149974149622119,1.4734046416925222
1771414268759,2.0744974660859126,-1.4679998199341702,1.4657817932660084
1771414268805,2.029767658068233,-1.4402392308722722,1.430268402642051
1771414268848,2.0756150869553935,-1.491437466110951,1.4435346458874454
1771414268891,1.8881127619926223,-0.900602699527671,1.6594832266711466
1771414268934,1.9042723678508753,-1.0611143545518613,1.5812303998862296
1771414268980,2.075666265600313,-1.4867888374417835,1.448395456707062
1771414269024,1.9155093308478157,-1.0033071617625031,1.6317324338631984
1771414269067,1.8878136795278875,-0.8999481151500389,1.6594980803395085
1771414269107,2.126836765096423,-1.5516675373189348,1.454566079281519
1771414269148,1.9220288448662,-1.0868824111727908,1.585207085771736
1771414269189,1.9386911066297108,-1.1231138967439227,1.5802336478716728
1771414269232,2.1035716734469534,-1.5148597008353788,1.4595252214721615
1771414269277,1.9653965335896457,-1.2337773305281803,1.5298944515622483
1771414269320,1.899282333278093,-1.0015627224691594,1.6137365009388747
1771414269365,1.894928230563377,-1.0548779984690786,1.5741618110384719
1771414269409,1.9220771681326816,-1.086659766513689,1.58541830193087
1771414269455,1.9079723855068706,-1.0156240257175921,1.615198582912321
1771414269501,1.9766962021262977,-1.2625308352642324,1.5209680356626594
1771414269546,1.9020960497918495,-1.0442845744733438,1.589792159419207
1771414269590,1.9114199959088867,-0.975952650055924,1.6434849636090827
1771414269632,1.8978533457581963,-1.0961717363083243,1.5492755876616573
1771414269673,1.902553560784506,-1.0426417787512903,1.5914170329791462
1771414269718,1.9080028099619317,-1.0150643018193088,1.6155863288585686
1771414269763,1.943358539068517,-1.2202752916685249,1.5124716935909304
1771414269809,1.9400074773381963,-1.1441284455860927,1.566716027915992
1771414269854,2.0742983331597467,-1.4708557552454602,1.4626335570506408
1771414269897,1.910492842815173,-1.107813658511897,1.5565127048830947
1771414269943,2.0498508174828096,-1.442455684229115,1.4564374250101026
1771414269982,1.9060244789239242,-1.0000536845803583,1.6225972828198825
1771414270027,2.143592304192036,-1.589124817745319,1.4386348668850024
1771414270074,1.929755733908946,-1.149830390939248,1.5497894258985478
1771414270119,1.8873508053311672,-1.0283295876056895,1.582602704925945
1771414270164,1.9040368208525666,-1.100828536709898,1.5535548744500447
1771414270207,1.9108191372939893,-0.9790197672011031,1.6409601064250294
1771414270251,2.0695119770353165,-1.4800462228513007,1.4464933464472702
1771414270293,2.099402353156063,-1.48453831160417,1.484464968201222
1771414270338,1.8834245570311725,-0.9160067509208162,1.6456669451306234
1771414270386,1.9090454292606989,-1.0829289304445018,1.572170277860351
1771414270425,1.8896130359415324,-0.9170359805971908,1.6521750621197269
1771414270468,2.0729555424723847,-1.5184845025232951,1.4111518333133255
1771414270514,2.4103006688027415,-1.8978832186526235,1.4857956125886564
1771414270556,2.1027896174859144,-1.527453990732172,1.4452018826457846
1771414270598,2.128706749687399,-1.5304225737984791,1.4795942591713211
1771414270641,1.8912807449266273,-0.9798825328421423,1.6176442989610187
1771414270681,2.3142754214935315,-1.8084637408100557,1.4440670430088631
1771414270723,2.298569681670191,-1.7635465177491163,1.4742205605771375
1771414270764,2.0493275019328414,-1.4132172723946577,1.4841024732759205
1771414270806,2.414390453988779,-1.927216298462101,1.4543447332920005
1771414270845,2.334503791441179,-1.8110750049660298,1.4730632296817865
1771414270890,2.199432765648832,-1.6367060352936598,1.469250776635146
1771414270933,2.287962102836433,-1.7699310084907993,1.4498671695015566
1771414270974,2.107398733190066,-1.5094939873774138,1.4705636071664943
1771414271014,2.2709127186441833,-1.769891774431857,1.422858981943878
1771414271051,2.3987104617440194,-1.8751471191943911,1.4958727087079244
1771414271091,2.0769556504828066,-1.476122734514093,1.4610976855512074
1771414271133,2.34149340196803,-1.8138960980767829,1.4806661665755851
1771414271172,2.2064855202743883,-1.6723300748405265,1.4394062914842412
1771414271216,2.1046677437640726,-1.4976575868336255,1.4787319108752042
1771414271257,2.3652049213776825,-1.880362441800422,1.4347234603140648
1771414271303,2.243336938150707,-1.704763398169396,1.4581983316179332
1771414271344,2.378412450297499,-1.9155442297571783,1.409800016872652
1771414271389,2.3500947067824582,-1.826445098082232,1.4788655904233876
1771414271431,2.47256244360315,-1.9583271400489175,1.5094766808614863
1771414271473,2.388763362423086,-1.8811865775440395,1.4721845883322489
1771414271512,1.8602111318253327,-0.8343129480435374,1.6626206301179434
1771414271552,2.2372301449999394,-1.6969580586398174,1.4579204604208806
1771414271586,2.4105357684622044,-1.9019126157021349,1.4810169118780294
1771414271624,2.3454457126264727,-1.8359555377299432,1.4595831097805485
1771414271664,2.302268414528586,-1.7623218977754025,1.481438956270987
1771414271708,2.0436062126010013,-1.436769251968401,1.453279212257428
1771414271752,2.334503791441179,-1.8110750049660298,1.4730632296817865
1771414271797,1.8688899729134356,-0.7152356976983887,1.7266116029942233
1771414271838,2.3009672897351092,-1.7763849442430666,1.46250025582818
1771414271882,2.109015399190642,-1.5292020129239874,1.4524073663034385
1771414271927,2.0702518196283846,-1.4762080216026559,1.451465629503713
1771414271972,2.1955564536842984,-1.6410918781437012,1.4585217135187096
1771414272016,2.3120302237055936,-1.7985646598347012,1.4528072548420945
1771414272057,2.2908069879256674,-1.7758645905212065,1.447101106371637
1771414272097,2.2034441465684553,-1.6669314787221112,1.4410085191601414
1771414272139,1.86763091521147,-0.7808408229872726,1.6965650133756125
1771414272185,2.080427627769784,-1.4734214310608522,1.4687438173072933
1771414272230,2.259768429645102,-1.7084048294600864,1.4791572919396176
1771414272273,2.117405096963809,-1.545954937472735,1.4468682303347427
1771414272316,2.1000675280878736,-1.4809487274541102,1.4889843817787896
1771414272357,2.169640847339578,-1.6315080278678205,1.4302178021012242
1771414272402,2.077960797873668,-1.5001584056290984,1.4378615494963807
1771414272447,2.3194267507465955,-1.7938313987740921,1.4703432812955939
1771414272492,2.1890477182390464,-1.638041077537497,1.4521540348831357
1771414272536,2.3302881151220967,-1.8179557543290286,1.457833863916347
1771414272575,2.29632911439089,-1.785975724891518,1.4434050407621097
1771414272621,2.02228788203406,-1.3383151558137814,1.5161005314757128
1771414272666,2.1512294289026084,-1.5720922056529523,1.4684393595589431
1771414272705,2.2909220938259867,-1.770555623156329,1.4537733060176703
1771414272751,2.046492979689189,-1.4047233711228617,1.4882492286369102
1771414272791,2.320573224571516,-1.8139550093593877,1.4472827348580606
1771414272836,1.8349426480575775,-0.6015738534309252,1.7335291807549196
1771414272881,2.222485365138763,-1.6772001009995292,1.4582321555442224
1771414272924,1.881166745591878,-0.9449507371563143,1.6266088740285647
1771414272967,2.0383115378467265,-1.3861652470807315,1.4944095265705117
1771414273012,2.218361045509441,-1.6849299830352313,1.4429610807303968
1771414273057,2.4058149106300135,-1.9116899989180682,1.460611766434303
1771414273103,2.308749245816859,-1.7987279987280795,1.4473771680704355
1771414273148,2.223188377889723,-1.671330419694093,1.4660222344115743
1771414273194,2.4037389083614964,-1.899300452090489,1.4733019148361217
1771414273241,2.0383152809604623,-1.3851386015241212,1.4953662558599916
1771414273281,2.040289658514289,-1.3637268302427152,1.5175740585277904
1771414273324,2.0868882735237273,-1.5148449217494404,1.4353910718758058
1771414273369,1.8463380235480682,-0.5740489300388257,1.7548310240933929
1771414273415,2.038784082932315,-1.3760667842382595,1.5043539284803744
1771414273456,2.3544550288153334,-1.8855210707857724,1.4100598477854358
1771414273498,2.0916597858082615,-1.4971646453451803,1.4606637820853583
1771414273539,2.2163157451345934,-1.7087064107570726,1.4115161649691406
1771414273581,2.384172327286984,-1.8501115310753593,1.5037835644742974
1771414273624,2.1130900129751016,-1.517545338706057,1.470443996861708
1771414273665,2.2214037987967252,-1.6894745340158042,1.4423281998978605
1771414273707,2.126948461725354,-1.5487828736991802,1.4578001814281538
1771414273747,2.27835914017466,-1.7595095843585857,1.4474275091235804
1771414273790,2.0423902599118295,-1.4116562554358119,1.4760029099807537
1771414273835,2.4208304575655086,-1.9280899079807237,1.4638611310570802
1771414273880,2.3499417127027358,-1.8610423511243668,1.4348335863164607
1771414273924,2.2190251777103964,-1.6772617348156849,1.4528818989290684
1771414273963,2.28743276764026,-1.7367884285109803,1.4885948478564406
1771414274007,2.3354239972500426,-1.840775625294881,1.4372718407634673
1771414274048,2.012655629720803,-1.3353936343169774,1.5058242013171848
1771414274090,2.421993594268815,-1.9188134118546771,1.4779066483258636
1771414274131,2.3430306341825586,-1.8274107241319468,1.4664114695560302
1771414274172,2.2828155512923765,-1.7558500034748088,1.4588480409281264
1771414274218,2.1034740808889465,-1.5475375513399021,1.424686188662085
1771414274261,2.118168700646057,-1.5343487246687464,1.4602782733109454
1771414274301,1.889095708700335,-0.8825201511329636,1.6702816467513113
1771414274346,2.2197722689215618,-1.6717407236135429,1.4603670356746776
1771414274389,2.32127517721735,-1.806936124280438,1.4571548617548613
1771414274435,2.052624101804921,-1.4505458349548883,1.452302476760776
1771414274475,2.003430162364055,-1.332243702211926,1.4962817693825998
1771414274520,2.3699922370068625,-1.8630062879274263,1.4649473624044191
1771414274566,2.055122669934701,-1.390650137593253,1.5131494913892019
1771414274607,2.4432044700848508,-1.9417291981346843,1.4828809135442511
1771414274650,2.367952347671289,-1.8501524601063093,1.4778816580513272
1771414274693,1.904036757451753,-0.9411939766185288,1.6551464805582574
1771414274738,2.4439795254024803,-1.9339284073190042,1.4943081462506695
1771414274778,2.3744863159067235,-1.8847505953232655,1.4442646772170544
1771414274824,2.2814921786759235,-1.7602680572174791,1.4514347825855678
1771414274865,2.3191423905605406,-1.8039443010871636,1.4574657410278995
1771414274907,2.3259120410513128,-1.826262471869462,1.4403583604605927
1771414274948,2.2540783971582914,-1.7352227774417384,1.4387047414890488
1771414274989,1.8667990993646313,-0.79198152684659,1.6904745305748747
1771414275032,2.343333398169911,-1.858822143840245,1.4268817934740423
1771414275075,2.0498648555576158,-1.4097550156154504,1.4881319571856948
1771414275116,2.0384878758689107,-1.386376707951555,1.4944538948103925
1771414275156,2.0952647067668484,-1.5286428321263195,1.4329638108520368
1771414275199,2.0979157922260643,-1.5005005203623933,1.4662021892166512
1771414275243,2.0528307062188853,-1.4100148820596088,1.4919691487311508
1771414275283,1.8800511567017104,-0.9189686693507598,1.640149059252583
1771414275318,2.3138221566349206,-1.8132796951311667,1.437285538701235
1771414275353,1.899604136608576,-0.9131589187806992,1.665724066246171
1771414275388,2.196119747873291,-1.6721348503102944,1.4236948371672968
1771414275423,2.143012009207464,-1.5569962266378186,1.4725023673471647
1771414275460,2.3546161091840347,-1.8542385394529073,1.4512120659767518
1771414275502,2.0318143605395127,-1.4215011122179013,1.4517589964101676
1771414275549,2.356002291739757,-1.8650880389342668,1.4395115163510561
1771414275586,2.3161895840314077,-1.7878047087084117,1.472578864677752
1771414275623,2.013173433299673,-1.4036102695364538,1.4431720215537016
1771414275662,2.4178359726920617,-1.8900338366213234,1.5078802629089119
1771414275706,2.3621306756982743,-1.8393222771145898,1.4820778960583632
1771414275753,2.018948526484661,-1.4112329657631664,1.4438056202058096
1771414275795,2.3969814137911203,-1.8983878477175018,1.463435505138026
1771414275837,2.3397548864587066,-1.8328080589949376,1.4543959390725083
1771414275881,2.053419918905504,-1.4380086854709784,1.4658323177866954
1771414275925,2.096398386065371,-1.5196486246722198,1.4441448163634152
1771414275969,2.3379467889633387,-1.8435583869554482,1.4378065453704867
1771414276004,2.3481758542995945,-1.8474035577473353,1.4494929932697567
1771414276040,1.9932360986367035,-1.3343951441302675,1.4806686814510628
1771414276075,2.1186235697525206,-1.565284054624464,1.4277435549318063
1771414276114,2.3547588771645214,-1.8441517072687645,1.4642383174069784
1771414276153,2.0313027743178385,-1.4266643216002597,1.4459667611754494
1771414276198,2.090926504570091,-1.4707990650200868,1.4861775660565384
1771414276240,2.0680890922984876,-1.4641763198825821,1.46054106343474
1771414276281,2.0684838611173055,-1.4604791279767326,1.46479561729515
1771414276324,2.0927861232487306,-1.5206757824481731,1.4378104612006712
1771414276368,2.0916597858082615,-1.4971646453451803,1.4606637820853583
1771414276410,2.071042527585363,-1.4731850141231906,1.4556589797167547
1771414276455,2.1330875845720305,-1.589961433313851,1.4220004514872364
1771414276498,2.141099450222792,-1.579639127069085,1.445353619007045
1771414276539,1.85957262468307,-0.8837014048070972,1.6361791386069695
1771414276584,2.396550833074167,-1.864101126415259,1.5061815581150388
1771414276628,2.32127517721735,-1.806936124280438,1.4571548617548613
1771414276674,2.0352384514722672,-1.4196417221260416,1.458359672766029
1771414276713,2.3613194038092744,-1.848248138426149,1.469628574031705
1771414276753,2.104822935805718,-1.4983674559497562,1.4782335938695403
1771414276795,2.0493393318167685,-1.4480191184373468,1.4501835503035914
1771414276842,2.346005822887712,-1.8259416072791383,1.4729835599319934
1771414276882,2.0720449937719527,-1.4561149177610153,1.4741437523149645
1771414276926,1.919041079249108,-1.0421036716022578,1.6114399155657881
1771414276971,2.0865523166369417,-1.516746294069796,1.4328926161748925
1771414277016,2.1058893116235247,-1.4891506127928602,1.489026609980108
1771414277058,1.9147057322410583,-1.0529141195718668,1.5992091476360957
1771414277104,2.0159097482787565,-1.379438881299908,1.4700477835646626
1771414277148,2.0791687362864923,-1.4870261471049169,1.4531675305268403
1771414277191,1.8877034010905127,-0.9854216243634784,1.6100833371988956
1771414277232,1.893756831921901,-0.9487565801805646,1.638955731560482
1771414277274,1.9056927657481295,-1.0850774030485963,1.566611613265416
1771414277316,1.9205177363709431,-1.062643862095518,1.5997426036916353
1771414277356,1.9217614607702926,-1.0479571055431265,1.6108857864676942
1771414277395,2.0880957706470196,-1.4983710097360843,1.4543136747539844
1771414277438,2.0352497468080433,-1.4186977667793246,1.4592937258885068
1771414277480,2.161162941395927,-1.580414437931272,1.4740812269483243
1771414277526,2.0638483388222006,-1.471509896138739,1.4471104281377127
1771414277571,2.031191864327235,-1.4241701090584349,1.4482678930963135
1771414277615,1.896370165250385,-1.002847469729837,1.609508234246795
1771414277659,2.061507386715637,-1.4620443634667917,1.453354390621269
1771414277703,1.864814684058294,-0.8144262792820954,1.6775707560321136
1771414277749,1.8705940765043139,-0.9898552493274502,1.5872330592675792
1771414277791,1.893305613033301,-0.8724269019507052,1.6803206375856063
1771414277837,2.045767133290305,-1.381278464355108,1.509050352890727
1771414277882,1.8888133985812297,-1.011248807162701,1.5953030761181368
1771414277923,1.8992418275507579,-0.9625304535086693,1.6372704863848058
1771414277965,2.042951822921431,-1.4115799650196477,1.4768527865475043
1771414278007,2.121189520238547,-1.5380443798887062,1.4607752962939244
1771414278051,2.3031535374355094,-1.782046920222459,1.4590493449939763
1771414278092,2.1964613612761537,-1.6659358413797816,1.4314678773850749
1771414278133,2.36650095163506,-1.861995001734616,1.4605825439203879
1771414278173,2.311754862442866,-1.8013294416059156,1.4489385034679543
1771414278213,2.040983951530777,-1.3916126791018777,1.4929935169882953
1771414278254,2.3150445693946806,-1.8045073685089996,1.450236020543045
1771414278291,1.9119928753283235,-1.003592083984467,1.627427320733551
1771414278326,2.203261225468752,-1.6661843521773543,1.4415927761380454
1771414278366,2.1579511841779384,-1.5791049331967744,1.470775619613195
1771414278407,1.8698795159815151,-0.9206724121609549,1.6275170394723963
1771414278447,1.8523402935455098,-0.8960228499054055,1.6212056055724888
1771414278485,2.0696405707772656,-1.44399635810528,1.4826620012618974
1771414278521,1.8976678752669585,-1.0216602391834664,1.5991728238348084
1771414278559,2.0803624506553064,-1.4355159580010588,1.5057230357608449
1771414278601,2.0212495280685014,-1.3938726639030325,1.4637515675622703
1771414278648,2.1365111657619926,-1.5532286526065198,1.4670244422462098
1771414278690,1.8697920461164823,-0.8404688015092994,1.6702498284418361
1771414278734,1.899282333278093,-1.0015627224691594,1.6137365009388747
1771414278778,2.3248638953171517,-1.8029763536399328,1.4677426204769317
1771414278822,1.8932229563781988,-1.0716186633553901,1.5607455279147253
1771414278868,2.25885526842568,-1.7209867641884555,1.4630897720859781
1771414278907,2.060726162904033,-1.4706656678046475,1.4435147425703316
1771414278957,1.8815201604629739,-0.8543683641360289,1.6763570063062763
1771414279002,2.0243452544259513,-1.3221793682408476,1.5329107695215345
1771414279043,1.8889561463583153,-0.9257287103979405,1.6465666332128268
1771414279090,1.8851695023604353,-1.0541393205908578,1.5628993395014716
1771414279131,2.2356097091893186,-1.714239551350251,1.435037815671782
1771414279174,2.3600469726463134,-1.826823199542648,1.4941682337373492
1771414279214,2.233329005958395,-1.7073938265150317,1.4396405002754924
1771414279259,2.079538684625487,-1.447931137380809,1.4926408014847432
1771414279302,2.0745423752730408,-1.4981519244267099,1.4350145916122439
1771414279348,2.0738301562175723,-1.4714865891913427,1.461334573144504
1771414279394,1.8896415721005362,-1.038641973672374,1.578596883797932
1771414279434,2.330428876275057,-1.8251705461823304,1.4490173307193805
1771414279476,1.9030150249738997,-0.9588179103239678,1.6438170214833498
1771414279517,2.036976604629562,-1.400645130729465,1.4790087577739421
1771414279562,2.319936889071992,-1.7864846447679759,1.4800607363501235
1771414279606,2.0755520152075975,-1.4885652804944847,1.4464057430536892
1771414279647,2.2076236547983052,-1.6604791138399295,1.454789095960782
1771414279692,1.8944746143890272,-0.9434704892719711,1.642832158328221
1771414279736,2.0930025885228654,-1.444447409357783,1.514672082387143
1771414279780,1.8824050568324528,-0.8838590772313781,1.6619993771310766
1771414279826,2.3748695672196525,-1.8845685308206486,1.4451321441122824
1771414279871,1.9193565653949727,-1.1145832811410483,1.5625727933525657
1771414279914,2.458258272610013,-1.9701163664111296,1.470263662631493
1771414279958,2.1308547364346717,-1.5800676016001496,1.429660198144869
1771414280006,2.0728023998985052,-1.4474289368676991,1.4837315329071645
1771414280048,1.9212900656167764,-1.0611015051381967,1.6016925772541903
1771414280090,2.0756150869553935,-1.491437466110951,1.4435346458874454
1771414280136,2.228506039219255,-1.6830032232879348,1.460732459158457
1771414280176,2.41368682726353,-1.9347688077803094,1.4431055957710948
1771414280220,2.1186305665369023,-1.536868304658973,1.4582973947721118
1771414280266,1.8758450829232025,-0.8472608986733283,1.6736020269784633
1771414280309,2.12477545898305,-1.5379958600888715,1.4660284736137026
1771414280348,2.308419506961221,-1.7985855891718758,1.44702816093618
1771414280392,1.8924833004286004,-0.9644780151250247,1.6282736872963404
1771414280438,2.1896557697903445,-1.6343302973356102,1.4572428999267903
1771414280483,2.2876053967128116,-1.7715885976532622,1.4472775448180384
1771414280523,1.8601831299471783,-0.9199859075845094,1.6167582400550762
1771414280565,2.2807439335044752,-1.7395811112058857,1.4750086263317792
1771414280609,2.327257415945932,-1.815776610192683,1.455706832419394
1771414280655,2.214380194479927,-1.6922324181333,1.428225853541268
1771414280699,2.133769617513584,-1.5512527891609684,1.4651237370080323
1771414280741,2.1093231649801543,-1.5538516266546611,1.4264604223968356
1771414280786,2.2343891628389616,-1.6927917251316498,1.4584070441197166
1771414280828,2.3675514532794475,-1.851265550185925,1.4758440793730307
1771414280871,2.3002216138092777,-1.7788935658673624,1.4582719753019526
1771414280915,2.188225164234864,-1.6474863767129904,1.4401798526350105
1771414280957,2.1047483261013227,-1.5367086454517254,1.4382253144831805
1771414280992,2.09850607236557,-1.534670433951937,1.4312632165010541
1771414281029,2.229933314971667,-1.7024131090420176,1.440275041574497
1771414281068,2.292615168103072,-1.7584133024393789,1.4710768052078431
1771414281107,2.0965045970562595,-1.521971549455543,1.4418509382477522
1771414281146,2.3300836393125035,-1.7826596266525163,1.5004713998257055
1771414281189,2.2872786511085597,-1.7733066712826622,1.444654656795664
1771414281233,2.090453135697015,-1.5076808826900305,1.4480651465029093
1771414281274,2.081498896045349,-1.464517526258567,1.479130173284114
1771414281313,2.0343473510215064,-1.3953429782528581,1.4804009989353104
1771414281357,2.116712812111294,-1.5163172142016406,1.4769073210164132
1771414281400,2.0796812483882987,-1.4851511530841919,1.4558159730510614
1771414281446,2.0333546093899875,-1.3659540309753013,1.5062206188967913
1771414281490,2.1416901092427256,-1.608409148975194,1.414162838403347
1771414281531,2.2652873117109045,-1.7250202552516023,1.4682750844341512
1771414281573,2.041077727363472,-1.3947689091768147,1.490173808363627
1771414281617,2.350641523241066,-1.8535803081722622,1.4455987036315094
1771414281657,2.099639546504204,-1.519758494640794,1.4487305971820734
1771414281696,2.314756952648451,-1.8037916802379448,1.4506671996494278
1771414281737,2.334616678312555,-1.8186503245281453,1.4638804704445032
1771414281781,2.2936094064271804,-1.7784903732439117,1.4483149179408372
1771414281825,2.0363234304627977,-1.4078539365153688,1.4712445095530369
1771414281869,2.3566657269541054,-1.864156045196411,1.441802894905472
1771414281915,2.0357632474381084,-1.413048636677634,1.4654779254575054
1771414281956,2.0096619404113327,-1.3397334808581756,1.4979503713426154
1771414282001,2.2807439335044752,-1.7395811112058857,1.4750086263317792
1771414282042,2.2664767425184205,-1.7463752959344316,1.4446764863203239
1771414282088,2.029106942308696,-1.4121842724071538,1.4570554430395655
1771414282127,2.104538201094722,-1.5043740027977555,1.4717132531757902
1771414282168,2.0840776583073346,-1.5061418386991123,1.4404570273270356
1771414282215,2.1148579316340075,-1.5009013270544322,1.4899393536119234
1771414282256,2.3401558282816426,-1.823671668886723,1.466475688424617
1771414282297,2.2705438674190446,-1.7756947584755518,1.4150185788874594
1771414282340,2.2086831009158168,-1.6447752099829003,1.4741083911628803
1771414282386,2.078459223065731,-1.4914468294558503,1.4476115144793138
1771414282430,2.052429899872711,-1.4869729975648915,1.4147013106675164
1771414282474,2.004263114073584,-1.3180444758685002,1.509910391403566
1771414282518,2.1144463661438904,-1.5410821744472498,1.447739329748294
1771414282559,2.0214048664358124,-1.4230718770322581,1.4355988530401764
1771414282604,2.193687694735115,-1.6293468874938624,1.4688411834661794
1771414282646,2.3741390072600494,-1.892601173452656,1.4333864880203673
1771414282691,2.2421966140312026,-1.719807729615617,1.4386476389746614
1771414282735,2.300148109237858,-1.7796238211758677,1.4572646909651985
1771414282781,2.114337313440837,-1.5381831033629914,1.4506601998872146
1771414282822,1.8754883905190074,-0.932941997413347,1.626983691508299
1771414282866,2.1202102726677925,-1.5512210000370807,1.4453390638082106
1771414282907,2.1248960690377285,-1.5730198144153575,1.428562902944307
1771414282947,2.044121659279185,-1.4334402198356928,1.4572860028462806
1771414282989,1.9126055325203548,-1.0005590128043707,1.6300127560615632
1771414283031,2.060363865905458,-1.4746648538582885,1.4389102921044095
1771414283074,2.0905443112401363,-1.5103136573523428,1.445450854810874
1771414283119,2.0383976629980323,-1.3514688969060127,1.5259740670180095
1771414283163,2.0974643497678445,-1.545601518699208,1.4179113667439684
1771414283206,2.255164052501029,-1.7260690195302704,1.4513616515226917
1771414283246,2.2668203867261383,-1.7080274877596768,1.4903411578342078
1771414283290,2.379257663791814,-1.9066156674796775,1.4232651640622362
1771414283331,1.8808475328021612,-0.8586927026090141,1.6733900573787346
1771414283372,2.3575025084161316,-1.815378070680716,1.504067996361838
1771414283413,2.3494609702158744,-1.8624418677908248,1.4322280334037392
1771414283458,2.2779072274274226,-1.7316215939445287,1.4799824296764803
1771414283504,2.1276177923545005,-1.5787870614365653,1.4262499377682487
1771414283547,2.1106644529983014,-1.546363684854882,1.4365457832288708
1771414283590,2.2664159903826864,-1.7473175086725228,1.44344136193639
1771414283635,2.128890198457779,-1.5624337717174097,1.4460201195303306
1771414283677,2.076082646410748,-1.4862071821151286,1.4495886887518352
1771414283721,2.250998424912936,-1.6975902375239709,1.4782358723910833
1771414283768,2.2143989416047494,-1.6574957197207123,1.4684245338755926
1771414283810,2.0613809185339615,-1.4638016426551854,1.4514048512582212
1771414283852,2.18467244721349,-1.6496001720400735,1.4323452705333095
1771414283895,2.2156859640516045,-1.6813076923700458,1.4430761362009275
1771414283941,2.222656686392056,-1.6727707392815252,1.463571248476429
1771414283985,2.1890477182390464,-1.638041077537497,1.4521540348831357
1771414284026,2.433339418296863,-1.940462048591,1.4682464924580392
1771414284071,2.357313515881144,-1.854343457488939,1.4554509108258817
1771414284111,2.2143783155893533,-1.6917550678518447,1.4287883380507915
1771414284156,2.3569910325228722,-1.8250402945409379,1.4915209186247314
1771414284195,2.3495927809067587,-1.8316031413581946,1.4716712162218668
1771414284234,2.0220321854305046,-1.381701130855424,1.4763184425826648
1771414284280,2.218681958341611,-1.6875793863024695,1.440356014045676
1771414284325,2.14771233041588,-1.5787527642558192,1.4560933910896716
1771414284369,2.047574191888881,-1.3926541943360604,1.501024438937482
1771414284407,2.363323578813472,-1.8614323772506578,1.4561482902158982
1771414284449,2.367889089347632,-1.8513873889934112,1.4762328662266389
1771414284494,2.0470755057973316,-1.3981599007816914,1.4952147064156147
1771414284539,2.41534788714144,-1.9174463809149782,1.4687766311576005
1771414284578,2.0755520152075975,-1.4885652804944847,1.4464057430536892
1771414284623,2.222888833747198,-1.6701442350259859,1.4669195620099433
1771414284665,1.8602111318253327,-0.8343129480435374,1.6626206301179434
1771414284707,2.3494856452647115,-1.8266434286348954,1.4776523887335247
1771414284753,2.064307567271794,-1.4673833353902768,1.4519476158988998
1771414284797,2.3907215431537687,-1.8572118125755321,1.5054281052675498
1771414284839,2.098039482787854,-1.4992357699056111,1.4676722309740193
1771414284882,2.3054679052599596,-1.7956283590746245,1.4459948334177126
1771414284923,2.293079459737284,-1.7819934063918952,1.4431607354154437
1771414284968,2.3283110673561596,-1.8132462777141076,1.460537696442345
1771414285013,2.029695599726966,-1.4098177481773362,1.4601637389262871
1771414285057,2.1606314499048542,-1.5823388439631305,1.471234870849443
1771414285096,2.325330857723361,-1.8362197921584147,1.4266956482607525
1771414285142,2.022072997008347,-1.340638827578096,1.5137591417462515
1771414285187,2.302654144569498,-1.791323478997333,1.4468504771039676
1771414285231,2.3445007859743057,-1.8162170462120044,1.4825786914977157
1771414285274,2.203542814793755,-1.665501024326406,1.4428122797498215
1771414285314,2.1263120650421965,-1.5584880750616825,1.4464846759763972
1771414285357,2.3708826096048674,-1.8926114341127724,1.4279727966569884
1771414285398,2.2119658093762053,-1.682724792479905,1.4356984413945681
1771414285441,2.363642825600595,-1.8586315223831407,1.4602384295096793
1771414285478,2.0851044384156054,-1.462198697179049,1.4864842713827648
1771414285521,2.2289753764372766,-1.712917807525922,1.4262691938846217
1771414285560,2.4519822939275806,-1.9602800146312915,1.472928862495234
1771414285599,2.3799666403231043,-1.8676944132085593,1.4751131441080647
1771414285647,2.021145160566192,-1.3942741575467048,1.4632249771233286
1771414285686,2.318000356410202,-1.7700791528912505,1.4966447289913578
1771414285726,2.349157548834974,-1.830895082033031,1.471857461792956
1771414285760,2.2749887936321396,-1.7630626091339978,1.4377705823341351
1771414285798,2.199294395816873,-1.6422313858770605,1.462864284447404
1771414285840,2.112648142988788,-1.5590650815124936,1.4256921994885208
1771414285885,2.274892641887671,-1.72937035011964,1.4779765641720237
1771414285927,2.209480981023604,-1.6725467770124063,1.4437428733020432
1771414285971,2.3897322837982435,-1.8708010931315706,1.4869175021383294
1771414286012,2.2256295448623504,-1.7139832263187353,1.4197494042478807
1771414286047,2.1790789887424875,-1.637626002705271,1.4375556735106076
1771414286084,2.386354851686131,-1.8656275951919432,1.4879929953545687
1771414286126,2.3547186151887547,-1.8426528717576143,1.4660593954270285
1771414286170,2.008901182288448,-1.3472806495599303,1.4901405341514933
1771414286215,2.1601088675697007,-1.6260295689597286,1.4220049791129055
1771414286257,2.302268414528586,-1.7623218977754025,1.481438956270987
1771414286296,2.044828778543976,-1.4268637079669917,1.4647131775362492
1771414286342,2.2066011809902073,-1.6685542870868348,1.4439582275784582
1771414286388,2.3429289063226695,-1.8275006530704512,1.466136836420603
1771414286430,2.04322866125341,-1.3690014207265677,1.5167789793559376
1771414286472,2.3928448944162195,-1.8719454188897549,1.490478794693648
1771414286513,2.3348326449174004,-1.8508408834831025,1.4233170777446156
1771414286557,2.178609499415729,-1.6460945079888103,1.4271342689857638
1771414286599,2.1171596734610167,-1.512027038534585,1.4819376902116674
1771414286638,2.296498836979705,-1.783540555564455,1.4466824098280768
1771414286680,2.3216316051716377,-1.8028155178352643,1.4628156133922698
1771414286723,2.189627707667183,-1.6690427668021532,1.4173093313632188
1771414286763,2.3092332703985896,-1.7954376092572422,1.4522265967748988
1771414286806,2.2749887936321396,-1.7630626091339978,1.4377705823341351
1771414286846,2.262977095304978,-1.7112300104534104,1.480796132220292
1771414286888,2.370882210270454,-1.853244588532094,1.478704483679353
1771414286932,2.238127055658591,-1.726051594013944,1.4247661604884208
1771414286973,2.3221649644608564,-1.8061085883076182,1.4595964817068285
1771414287017,2.3431022773515364,-1.8353550033901322,1.4565714172881339
1771414287057,2.3402198852104337,-1.8536625522991914,1.4284832002295247
1771414287102,1.874073014749021,-0.9074682474065595,1.639710658792993
1771414287146,2.1126503162407317,-1.5248290189992575,1.4622543628007496
1771414287189,2.3251423741054644,-1.8018657045084492,1.4695465432496742
1771414287235,2.1969384640969194,-1.6614027266187656,1.4374559454161584
1771414287280,2.316228268224472,-1.7918153791164098,1.467757145335717
1771414287320,2.2863274574751253,-1.7815109983205433,1.4330079572938923
1771414287360,2.2151295846765384,-1.6457145236797428,1.4827079225049047
1771414287398,2.1006296501392288,-1.5428722015321057,1.4255491211401774
1771414287440,2.32927178135831,-1.8027862310786325,1.474947062258647
1771414287487,2.1844446749500825,-1.6534017876049096,1.4276067619140296
1771414287531,2.391020564985057,-1.8918210874025498,1.4621875103558013
1771414287573,2.0661446431888773,-1.4872638660550455,1.4342244870678693
1771414287614,2.325371006057161,-1.8033787234691683,1.4680515983949634
1771414287658,2.1161187477193235,-1.5230614600844603,1.4690957570065304
1771414287703,1.8689860198823294,-0.846549247560965,1.6662722208479486
1771414287747,2.141840964878076,-1.6058236001592345,1.4173261036195874
1771414287791,1.9026407376215464,-1.082708519115013,1.5645395613703212
1771414287831,1.9164936318222034,-1.0730885854505545,1.5879007300806895
1771414287873,1.9005436800752182,-1.1045003470631587,1.546656155456414
1771414287915,1.9109310795002514,-1.021968002440448,1.6146947056914123
1771414287959,1.8912211301349757,-1.019193015677776,1.593098540537482
1771414288001,1.9109092887796637,-1.0983997999814594,1.5636790557352522
1771414288045,1.9137696397781736,-1.0637768893227808,1.5908780480852165
1771414288090,1.9225832472651694,-1.036861149229915,1.6190260343435814
1771414288133,1.8856768347051487,-0.9273451530336634,1.6418916200799003
1771414288176,1.8994265675552702,-1.038337510548635,1.5904956773667944
1771414288223,1.918119986954154,-1.0533798130777074,1.6029894739995576
1771414288269,1.9047523822318908,-1.1334806678971048,1.5307851623012279
1771414288313,1.8906250199178842,-1.0263662324977265,1.5877768491598316
1771414288353,1.9727130485640294,-1.2224757146338503,1.5482731991174052
1771414288394,1.8917497956970888,-0.9780130403960909,1.6193232482537796
1771414288440,1.8910201374374442,-0.982584682389796,1.6156993848259256
1771414288485,1.8888133985812297,-1.011248807162701,1.5953030761181368
1771414288528,1.9110142726543105,-1.0602887264485081,1.5898941369961346
1771414288574,1.9260419009675154,-1.1561411609064585,1.5404463704850055
1771414288619,2.1333857591218557,-1.5893834411865777,1.4230934874792487
1771414288659,1.8939157684290706,-1.0669207788183144,1.5647993448458493
1771414288701,2.3332719614320125,-1.820467489461683,1.4594711938979366
1771414288746,2.09495840581127,-1.4972327960299352,1.4653138491707776
1771414288790,2.2256295448623504,-1.7139832263187353,1.4197494042478807
1771414288831,1.884060760144534,-0.9076724278562346,1.6510044553622405
1771414288873,2.281999526604286,-1.762525215591422,1.449491877806356
1771414288916,2.0036238535250805,-1.3294522667889062,1.499021419708382
1771414288960,2.4009244966037255,-1.8907435495576306,1.4797051288003513
1771414289005,2.073106216380782,-1.5141667048835195,1.4160044400420595
1771414289047,2.195102582648882,-1.6099620604656169,1.4921452718194352
1771414289089,2.38893487634908,-1.879622041875975,1.4744595020315014
1771414289130,2.084309388876366,-1.539784178192154,1.404781233198708
1771414289175,2.2973941060908745,-1.7744280832014396,1.4592548290984522
1771414289220,2.371761361272224,-1.8435603493677193,1.492158568337509
1771414289259,2.0645973441829706,-1.4641651291108548,1.4556038844078323
1771414289304,2.2927587267838287,-1.7912814959152594,1.4311020863778354
1771414289349,2.095052649010778,-1.4967751790023842,1.4659159817839014
1771414289390,2.3447930300051985,-1.8480297385839015,1.4432049192233498
1771414289434,2.0717961406160055,-1.4937443437880265,1.4356416975250663
1771414289480,2.32705160885308,-1.8176981057366937,1.4529772147790008
1771414289524,2.3673700066778998,-1.8916183098950419,1.4234538693571859
1771414289564,2.278533336255169,-1.7246717266434113,1.489033780591611
1771414289606,2.416238398014275,-1.9072324138230428,1.483466385093144
1771414289647,2.3512513609968475,-1.8500631974087907,1.4510854999561844
1771414289691,2.0333388141478403,-1.4057042829993585,1.4691705829744226
1771414289732,2.4342736976419985,-1.9378245998413075,1.473269919356777
1771414289773,2.3205853321774335,-1.81381640753568,1.447475845626244
1771414289816,2.3362095281055613,-1.8272154570623953,1.4557330224610114
1771414289857,2.0993592475297134,-1.524500996514263,1.4433315495115957
1771414289899,2.0981739415449674,-1.4973211680832885,1.4698174065468268
1771414289942,2.308856706816931,-1.7975066300638467,1.4490649424680855
1771414289988,2.2242901382051197,-1.6923650478045975,1.443387392173665
1771414290031,2.086076010515254,-1.5161143190664796,1.4328679259334478
1771414290073,2.078540803740152,-1.4938822057555385,1.445215495398428
1771414290118,2.290569584191027,-1.741509010724318,1.4879030161899205
1771414290162,2.3379467889633387,-1.8435583869554482,1.4378065453704867
1771414290207,2.304025238550572,-1.7785933036476926,1.4646290179078139
1771414290250,2.338600101540189,-1.803169054281246,1.4891715134954266
1771414290292,2.117691361304463,-1.57558780522614,1.4149698829891133
1771414290339,2.075286995888014,-1.456418509219007,1.478398201198237
1771414290384,2.045948340736728,-1.4127070928578127,1.4799200257961904
1771414290430,2.3643326342144735,-1.850489705126509,1.471650996816962
1771414290475,2.2814708019950363,-1.7648237682654486,1.4458582528454216
1771414290520,2.470040911040691,-1.980502319118439,1.4760462954058082
1771414290563,2.3396722194815673,-1.8249258895110603,1.46414193041729
1771414290607,2.0406924099147026,-1.433313630328905,1.4525968294736333
1771414290648,2.129354629214858,-1.5955879526733392,1.410053269292493
1771414290691,2.0870067119867204,-1.5101798217580928,1.440470035034508
1771414290736,2.3353269628132405,-1.7998441623342383,1.4880567914410652
1771414290782,1.8689860198823294,-0.846549247560965,1.6662722208479486
1771414290827,2.1024481700908413,-1.5269178940223607,1.4452716190504278
1771414290871,2.3093657407619337,-1.7884693815116934,1.4610090335107773
1771414290917,2.2836965122469484,-1.7363769424338547,1.483328983682627
1771414290962,2.1211292439107616,-1.5036855049668458,1.4960344820645144
1771414291002,1.8453054010113605,-0.8618628139644533,1.6316692412701088
1771414291037,2.2853097052082574,-1.7579550772625758,1.4602172424149025
1771414291072,2.128230992693117,-1.5699930046327244,1.4368330187129748
1771414291107,2.33417375747068,-1.8097376807427556,1.4741833864769416
1771414291146,2.0900256967911064,-1.4806634330365533,1.475073968082807
1771414291191,2.4019465249245724,-1.8793323668793023,1.4958131445461593
1771414291235,2.3100912416882933,-1.8183101288096386,1.4248753701265373
1771414291281,2.1139202011969265,-1.546695037554585,1.440969492332324
1771414291325,2.1106644529983014,-1.546363684854882,1.4365457832288708
1771414291368,2.317922381045974,-1.808133420291815,1.4503164134000763
1771414291410,1.8971599039863616,-1.0282758499788123,1.5943225764078899
1771414291454,2.369805846604692,-1.8706638411880128,1.4548527567673266
1771414291500,2.1017195713879215,-1.528692609353935,1.4423328543930787
1771414291539,2.2807216102763275,-1.7723236729147471,1.435465033362856
1771414291581,2.2135159907281285,-1.663183866564605,1.4606411151300438
1771414291624,2.298547615358243,-1.7963208105711026,1.4340685777110673
1771414291670,2.0352384514722672,-1.4196417221260416,1.458359672766029
1771414291714,2.124375172417078,-1.576398486406468,1.424056770370299
1771414291758,2.3606001532931975,-1.8563901004006327,1.4581662727077442
1771414291800,2.2107667276843794,-1.6908960888023814,1.4242050207428385
1771414291841,2.38262487427617,-1.8737323951151164,1.4717432530899215
1771414291880,2.3150345831751613,-1.8008360300556054,1.454776516909233
1771414291922,2.317277676096379,-1.81529559257813,1.4403047384845509
1771414291967,2.4005985885205288,-1.8929730936651523,1.476321933003279
1771414292008,2.1038590985574843,-1.5094277375073812,1.4655548477714704
1771414292051,2.2642878135048106,-1.729819567981563,1.4610693223165268
1771414292091,2.012988269068488,-1.3717663904230872,1.4732205339028375
1771414292132,2.356062764921481,-1.8649649533379293,1.4397699382438534
1771414292174,2.328311723785465,-1.806433522415115,1.4689565726091993
1771414292214,2.2271410145937427,-1.700435112182619,1.438289792824148
1771414292256,2.095212572385513,-1.5310024288810264,1.4303661371280836
1771414292302,2.3322671189566444,-1.8313479935321904,1.4441725799751037
1771414292347,2.2076236547983052,-1.6604791138399295,1.454789095960782
1771414292389,2.3902072867488187,-1.897863523030208,1.452998596550773
1771414292434,2.320936368182926,-1.7731668497619133,1.4975396315488823
1771414292480,2.4052188492626123,-1.9184279884476474,1.4507624774541419
1771414292522,2.367793536288738,-1.891111267193783,1.424831360401452
1771414292563,2.3430306341825586,-1.8274107241319468,1.4664114695560302
1771414292609,1.985711976195027,-1.303854674620139,1.4976698701234432
1771414292654,2.3498362376861635,-1.8623495531297665,1.4329635326484842
1771414292699,2.095905878122912,-1.4830289921144588,1.481028851338875
1771414292741,2.206828592195844,-1.6691894007016497,1.443571674673052
1771414292782,2.313625755431547,-1.8156993197785547,1.4339107769843602
1771414292825,2.084543585080694,-1.4639057094594028,1.4840155093236844
1771414292868,2.045624837175592,-1.4180038280904614,1.4743968658371682
1771414292910,2.1327397071731844,-1.524723213012539,1.4912403502634572
1771414292956,2.321589828740794,-1.7996726938955632,1.4666143077712679
1771414293000,2.171550526601599,-1.6117937360177812,1.4552500273552742
1771414293044,2.3839905013222915,-1.8982002151807904,1.442306019360147
1771414293088,2.3039033341635884,-1.7441971006385741,1.5052398637074729
1771414293130,2.19037851817768,-1.661047360885978,1.4278234196804507
1771414293172,2.3677908634201916,-1.851832854122244,1.4755164022434994
1771414293216,2.0818948762951486,-1.5307166149590445,1.4110963541276396
1771414293257,2.1989026091885977,-1.643522527470872,1.4608238724747686
1771414293296,2.105845140784283,-1.5255162490389484,1.451683137217937
1771414293339,2.098432445892347,-1.4934283878279007,1.4741405565289538
1771414293384,2.078384320550432,-1.4958173800624706,1.442987092600945
1771414293427,2.09131759488241,-1.5051343805692163,1.4519572235755671
1771414293472,2.3244999747682047,-1.8109793259696554,1.4572762310584346
1771414293512,2.038346586805553,-1.423751914215031,1.4586936946154538
1771414293555,2.302652275801587,-1.7891189889609094,1.4495726082517293
1771414293599,2.2821118553699415,-1.722331017376575,1.4972008505883934
1771414293641,2.2037673597369047,-1.6592707718584576,1.4503141320065824
1771414293685,2.412601640032755,-1.9082820776500622,1.4761795912450155
1771414293730,2.329467836579067,-1.8354090401692165,1.4344664711736814
1771414293774,2.24395045282299,-1.702287508220695,1.4620297103958866
1771414293818,2.119463056671973,-1.562960722028365,1.43152975169707
1771414293863,2.326880223673933,-1.8195137896146487,1.4504279177977073
1771414293911,2.2269749025902774,-1.6645522192319786,1.4794198613702843
1771414293953,2.080377563129816,-1.4772155962108315,1.4648566098719111
1771414293997,2.353140636628899,-1.8282503280447477,1.4814761536246652
1771414294039,2.209183300504904,-1.6408108067043337,1.4792669643549856
1771414294084,2.133553568926624,-1.5512844033216158,1.464775590829747
1771414294129,2.3221417372411475,-1.7975615628270598,1.4700730171267253
1771414294173,2.207778856610687,-1.6867738962083059,1.4244582488677737
1771414294216,2.372653754648254,-1.8734712654287144,1.455881608187763
1771414294257,2.09850607236557,-1.534670433951937,1.4312632165010541
1771414294301,2.22511484129824,-1.6913113176061376,1.4458914495573598
1771414294346,2.086785610281646,-1.4781234076331802,1.473032713515018
1771414294389,2.3421248688906,-1.845823665335973,1.4416948005599122
1771414294435,2.2479137192415597,-1.6899714543598792,1.4822660262595162
1771414294479,1.867901839474549,-0.9409526713099742,1.6135877268580805
1771414294525,2.0994086686747933,-1.5222931624595728,1.4457317474675928
1771414294570,1.8832634258991823,-0.958409020994852,1.6211518373691016
1771414294615,1.867557856588194,-0.8653561609737876,1.654971619807723
1771414294658,1.9174617288050448,-1.0181280247511837,1.6248307009188017
1771414294703,1.8778610179701782,-0.9469545544833254,1.6216161921229328
1771414294742,1.8677696982723935,-0.8165593279034398,1.6798197849169507
1771414294788,1.9307980127106719,-1.0169919131654461,1.6412520874148389
1771414294831,1.8893508318413959,-1.0037599500818777,1.600660028985356
1771414294874,1.9191697225785245,-1.0366536793180054,1.6151041988734263
1771414294914,1.9112297733899213,-1.0991682622533787,1.563530740966412
1771414294955,1.906717033672696,-1.1111376950775766,1.5494976182864222
1771414294997,1.9386368207889328,-1.1645368939739005,1.549892430297097
1771414295042,1.899282333278093,-1.0015627224691594,1.6137365009388747
1771414295085,1.9080028099619317,-1.0150643018193088,1.6155863288585686
1771414295127,1.9150111282642883,-1.0498011569319825,1.601619540427855
1771414295171,2.153325222335241,-1.5943349779951763,1.4473788346822807
1771414295217,1.8775054104164595,-0.8661962911072164,1.6657522479093883
1771414295260,1.8837703086281419,-1.0334589456262315,1.574977200906122
1771414295301,1.8940641297456882,-1.0270512936715173,1.5914284676845998
1771414295346,1.9246364580679705,-1.1312308645855411,1.5570941611647868
1771414295389,2.1526038056460868,-1.5993244567028038,1.4407860445861824
1771414295430,1.899002774503996,-0.9608841924426568,1.6379600441670419
1771414295476,1.8759922307003083,-1.004783394694987,1.5842213164179861
1771414295517,1.8660461389647134,-0.8847217317990926,1.6429837643834246
1771414295559,1.9118503739351995,-1.1244430071337979,1.5462211277899625
1771414295606,1.9096876615990714,-0.9933672337398729,1.6309900379204412
1771414295647,1.8955175163646392,-0.8381012831229335,1.7001684899070628
1771414295690,1.8862666167159876,-0.9193518860364581,1.6470561189523525
1771414295732,1.9076793848867801,-0.9754575203535757,1.6394277237828014
1771414295777,1.8830323443947452,-0.9998853670479505,1.5956315560931214
1771414295823,1.8973528848693362,-0.9423974137516689,1.6467650361469781
1771414295864,1.8834228782947005,-0.9948075473715657,1.599262230585236
1771414295909,1.8985998809872802,-0.9706169862698516,1.6317426800967563
1771414295955,1.8987345757202718,-1.0466173265599912,1.5842301476679634
1771414295995,2.106844882077753,-1.5112693214326873,1.4679442752480776
1771414296030,1.8841111307413965,-1.0667180245247398,1.5530574390980072
1771414296067,1.9308494536416863,-1.0559288672100557,1.616537608600829
1771414296102,1.9175877780346036,-1.0986275906832152,1.5716743630463919
1771414296143,1.9154103961746096,-1.1238821804531025,1.5510273467072573
1771414296187,1.926830368950025,-1.0290361857433146,1.6290364634160097
1771414296231,1.8880511311822508,-0.9765934775791321,1.615859602041116
1771414296271,2.1407855653394834,-1.5777327627128728,1.4469699949301984
1771414296317,1.8783606561345891,-0.936914300474276,1.6280142346064306
1771414296358,1.8733478954671996,-0.8761995415272106,1.6558099833250466
1771414296398,1.8963945487811102,-0.9988870797438476,1.611997793598837
1771414296440,1.9003043927496268,-0.9840784302498271,1.6256526160962448
1771414296485,1.9274064140259133,-1.1395572305383552,1.5544467836358966
1771414296527,1.8885463932387299,-0.889969710753018,1.6657014718601904
1771414296570,1.8874638500650074,-0.988803461694082,1.6077274331938298
1771414296614,1.8985542264648378,-1.0532308177134209,1.5796243209846503
1771414296658,1.9139081450775413,-1.0233978599409477,1.6173129592204605
1771414296702,1.9448725687755322,-1.124030701988529,1.5871623388181537
1771414296747,1.8649200011902323,-0.903832500481295,1.6312612978652763
1771414296791,1.8828881117098664,-1.0396473580791725,1.5698410785991501
1771414296833,2.128890198457779,-1.5624337717174097,1.4460201195303306
1771414296873,1.9089577861603257,-1.1215540021772281,1.5447447845978874
1771414296915,1.8998828744844538,-0.9543900954593603,1.6427703681429076
1771414296961,1.8929504724066555,-1.0407084759210956,1.5811980771334662
1771414297007,1.9115389042227902,-1.1280271020746961,1.5432225501664458
1771414297051,1.8910825856655658,-1.0633649244294714,1.5637929477078052
1771414297094,1.884284210038134,-0.984035133635022,1.6069230970929937
1771414297139,1.8853138799403528,-0.8866821660422073,1.663791802575805
1771414297185,1.9090454292606989,-1.0829289304445018,1.572170277860351
1771414297224,1.9098384453594166,-0.9957081439165476,1.6297386844249409
1771414297265,1.8994467223116778,-1.1175205151091254,1.5359185359942795
1771414297309,1.9067659239836823,-1.0340980325338303,1.6019979862580997
1771414297350,1.8693683853568914,-0.882166724925231,1.6481262177413851
1771414297389,1.8993272992270875,-1.0438480101688488,1.5867657424004962
1771414297437,1.910912795515493,-0.9373101121754479,1.6652439658135638
1771414297478,1.9003298680484055,-1.111895274450312,1.541084847129429
1771414297519,1.910145672019982,-1.0694966752095747,1.5826665315385722
1771414297561,1.8807248011266888,-0.9895708168758359,1.5993359171733479
1771414297607,1.9060799870132936,-0.9990998587795521,1.6232499465822499
1771414297648,1.9104605856488996,-1.0660437811690864,1.5853738694543484
1771414297692,1.892743814363272,-0.9209397697042935,1.653586734159243
1771414297736,1.8855129666822108,-1.0462583259881233,1.5685989490074514
1771414297783,1.9546659550473031,-1.1666274347781604,1.5683428911573882
1771414297823,1.8932229563781988,-1.0716186633553901,1.5607455279147253
1771414297864,1.9005804959012138,-0.9407183342067107,1.6514403522644876
1771414297906,1.9122329726079343,-1.1636344241361298,1.5174287029361067
1771414297947,1.9083592160942644,-1.0930875762482128,1.5642872013488198
1771414297989,1.9217614607702926,-1.0479571055431265,1.6108857864676942
1771414298034,1.8732279599250967,-0.8359885226394275,1.6763371319219433
1771414298075,1.9036601129305808,-1.0676085165593872,1.5761135368153958
1771414298118,1.908976815759847,-1.1209462134168424,1.5452093934917195
1771414298159,1.912856616420013,-1.0369066803607119,1.6074342820797214
1771414298200,1.9081131412442232,-0.9691127791401807,1.6436898068358556
1771414298239,1.884771599920513,-1.0220996168855723,1.583564446755893
1771414298286,1.8874638500650074,-0.988803461694082,1.6077274331938298
1771414298329,1.9090721435500184,-0.9660356878199003,1.6466121277146584
1771414298373,1.9225394919330627,-1.1192408075659492,1.5631564581708899
1771414298414,1.9090721435500184,-0.9660356878199003,1.6466121277146584
1771414298457,1.8910652516184923,-0.9432198993627182,1.6390436258150956
1771414298502,1.897602687413152,-1.1021699335257544,1.5447062493915957
1771414298548,1.8864084773143,-0.9579709999172342,1.6250626162092432
1771414298591,2.1184595187089967,-1.5640798384007244,1.4288194397883582
1771414298632,1.8765464899747784,-0.786294405758883,1.703868491553543
1771414298676,1.9087895345817238,-1.1232898769421573,1.5432748749616794
1771414298722,1.9285925052295723,-1.0841862925706138,1.5949950263965291
1771414298769,1.8892050353465049,-1.0856789885522586,1.5460908121435601
1771414298808,2.0638904550259696,-1.471082747458577,1.4476046975873729
1771414298849,1.895930731200724,-0.9601450628397847,1.6348317331810323
1771414298891,2.09543171354903,-1.488797835324902,1.4745558896423392
1771414298937,2.2317153951026882,-1.6837797660552734,1.4647318198773442
1771414298981,2.134582420106361,-1.5751166454825658,1.4406421003673593
1771414299023,2.1235463351764094,-1.5507029907317007,1.4507822966168695
1771414299069,2.0741672398162976,-1.4687293023389145,1.4645832086905148
1771414299111,2.3865069245769797,-1.863642988516471,1.4907213396229593
1771414299155,1.8716802694723973,-0.8971555839576683,1.6426499594575348
1771414299197,1.9071034494582977,-1.029837038647009,1.6051415017893271
1771414299238,2.114200529393335,-1.5407511280342208,1.4477326548601208
1771414299284,2.054610220157058,-1.463428419464748,1.4421513158738735
1771414299324,2.058664682712387,-1.4549846079311992,1.456406559491747
1771414299369,2.007001714066962,-1.3669706024533015,1.4695057850502597
1771414299414,2.3265263924657154,-1.8237555134044736,1.4445209870979099
1771414299459,2.0035951548870323,-1.404057100580219,1.4293415277662158
1771414299504,1.8937743584662896,-0.9486306341839454,1.6390488829416199
1771414299549,2.1015989552995387,-1.4948081836647131,1.4772496955373229
1771414299591,2.061510975796033,-1.4614748974144904,1.453932126185682
1771414299636,1.9061699968846895,-0.9539569121973612,1.6502879344812085
1771414299682,1.888689182599141,-0.9729231311185488,1.6188166694846857
1771414299725,1.918430981591736,-1.0878869085483998,1.5801517349103018
1771414299766,1.9637569342374346,-1.292839388471298,1.4781432990014085
1771414299807,1.8994265675552702,-1.038337510548635,1.5904956773667944
1771414299851,1.9513677787885595,-1.1304169612224662,1.5905953922587486
1771414299896,1.8759770952910428,-0.9726438697539984,1.6041365168484212
1771414299940,1.9087059582854664,-1.010323679316975,1.6193839872636295
1771414299986,1.8786709247430027,-1.0144526287379803,1.5812306307181536
1771414300031,1.9132697720504803,-1.1118613838801013,1.557037405998431
1771414300072,1.8900647259965069,-1.0000601755626788,1.6038155485310008
1771414300116,1.8906483071115627,-0.9833175890462187,1.614818113676011
1771414300157,1.9367851358591361,-1.0644722798702708,1.6180344334632313
1771414300200,1.880595023662986,-1.0709873595520765,1.5458407805157872
1771414300239,1.9204930094126798,-0.9848048232482499,1.6487731376117074
1771414300281,1.9029441642492313,-1.0761477611346717,1.5694274396909973
1771414300325,1.9121063102615654,-1.0850097097763545,1.5744537057129144
1771414300371,1.9105269884368115,-1.030790525325715,1.6085969869560768
1771414300416,1.892147256765242,-1.0078755673131023,1.6013769331726753
1771414300457,1.9294357861563203,-1.073296215107779,1.6033582530226904
1771414300504,1.9050074421843683,-1.1312652740716769,1.5327401066251785
1771414300545,1.8906250199178842,-1.0263662324977265,1.5877768491598316
1771414300585,1.8710980430344233,-0.9047636031713935,1.6378066763276935
1771414300625,1.8969453131528673,-0.9068390779379197,1.666146574529784
1771414300663,1.9274064140259133,-1.1395572305383552,1.5544467836358966
1771414300703,1.9164936318222034,-1.0730885854505545,1.5879007300806895
1771414300748,1.8882909087338333,-1.0545822101123024,1.5663648738788476
1771414300789,1.8910682320401713,-0.9823063873781758,1.615924880539803
1771414300828,1.9308690205857264,-1.0987016479589156,1.5878003222792358
1771414300870,1.892562701594654,-1.0451701993749323,1.5777873221083443
1771414300913,1.9087059582854664,-1.010323679316975,1.6193839872636295
1771414300957,1.8978492470202104,-1.0574723170251008,1.5759391051499243
1771414300992,1.9125229717015233,-1.0048138404794371,1.6272963046928455
1771414301028,1.9156196259216467,-1.1214513224302163,1.5530439409867671
1771414301067,1.8917497956970888,-0.9780130403960909,1.6193232482537796
1771414301103,1.9104189782359708,-1.1041150655664091,1.5590479769376744
1771414301147,1.8985542264648378,-1.0532308177134209,1.5796243209846503
1771414301191,1.8975219234299316,-0.9840013334490801,1.622445939212663
1771414301232,1.9323043919519252,-1.1564568608763217,1.5480335242134722
1771414301272,1.9027717361089909,-0.9605937771055061,1.6424980593965401
1771414301314,1.875344469324332,-0.973971593785468,1.602590469559942
1771414301359,1.8838997899996324,-1.0273834529549326,1.5791015354799254
1771414301404,1.9062553190786824,-1.0363290666033873,1.5999473138915297
1771414301450,1.91719389647352,-1.1399939129327796,1.5414429328235049
1771414301493,1.9016578954496501,-0.9270417708507606,1.6603904078330127
1771414301539,1.9048908044603465,-0.9300016448963093,1.662439748504512
1771414301588,1.901721682057195,-1.0143632997796683,1.608605747865694
1771414301633,1.9255987702546815,-1.0430451441919146,1.6186375292770183
1771414301673,1.8746454063138174,-1.0211834876855326,1.5720940442263336
1771414301713,1.922489499570341,-0.9583185823232978,1.6666107436147424
1771414301757,1.862866165794978,-0.8815019298223241,1.6411047192008197
1771414301800,1.8836801823296145,-0.9920795139906149,1.6012586509435243
1771414301845,1.91706492670306,-1.1042737935516596,1.567072851551591
1771414301890,1.9267005680759046,-1.0683699901343466,1.6033591747342044
1771414301937,1.8836230181784221,-1.0309561676597536,1.57644062843353
1771414301980,1.8906250199178842,-1.0263662324977265,1.5877768491598316
1771414302025,1.8965472926661993,-0.9963428972606352,1.6137510540345972
1771414302069,1.8833650434167049,-0.916732969670128,1.645194380334371
1771414302115,1.9090454292606989,-1.0829289304445018,1.572170277860351
1771414302158,1.9042521063103024,-1.0610740304320094,1.5812330588278234
1771414302204,1.9230055028233357,-1.1503156503917757,1.541013974093868
1771414302248,1.8861506527631902,-1.004389930838433,1.5964852494618849
1771414302291,1.9087553108507291,-1.0054918000875572,1.6224466329151006
1771414302336,1.8750579431126202,-1.0175857915548967,1.574916330112595
1771414302379,1.8936055177584503,-1.1077428856836176,1.5357889034963694
1771414302422,1.8803454035148477,-0.9554793820986969,1.6194931265379633
1771414302469,1.8972901152907276,-1.0686765998331593,1.5676862270712655
1771414302514,1.8936547259063734,-0.9099012845749765,1.660725104668545
1771414302555,1.9317954636124979,-1.08284816835515,1.599772970619182
1771414302598,1.8827650405723912,-0.9641054548323144,1.617190424768875
1771414302642,1.9029296914138398,-0.9148055350014855,1.668613868932839
1771414302684,1.8945944089483406,-0.9773707709129817,1.6230324551848234
1771414302729,1.8817406966480243,-0.9723082326936956,1.6110756500107168
1771414302775,1.9062553190786824,-1.0363290666033873,1.5999473138915297
1771414302820,1.8646713881472488,-0.9024649558212993,1.6317341662444431
1771414302865,1.9002160136567314,-0.9900293650275455,1.6219317972530887
1771414302905,1.9218722416502487,-1.1220666090799367,1.5603074818809286
1771414302948,1.9122022924610729,-1.0445172797976294,1.6017182210044136
1771414302991,1.9163498101443914,-1.1134106727588093,1.559715765332652
1771414303036,1.872250872010782,-0.8855348726867994,1.6495912575546428
1771414303082,1.9031937739821634,-0.9918069275743446,1.6243354209460583
1771414303126,1.9090454292606989,-1.0829289304445018,1.572170277860351
1771414303172,1.9082900645133285,-0.9719768141133527,1.6422034110140986
1771414303219,1.886064346757281,-1.0009390055844614,1.5985492883263124
1771414303262,1.9073556458794438,-1.0229999493170598,1.609806405616987
1771414303308,1.9012764108064621,-0.976519613998378,1.6313373145262025
1771414303351,1.9158074902121651,-1.0820016778519572,1.5810093955061066
1771414303395,1.8986876057354172,-0.9649552191329763,1.6351990855065082
1771414303438,1.8739674832663873,-0.8676372550746863,1.6610116561740984
1771414303484,1.9352652641970096,-1.0878633306975687,1.6005639682721569
1771414303529,1.896642473668845,-1.0721398267404902,1.5645347119324478
1771414303573,1.8860969437601485,-1.0393976752250242,1.5738532822338263
1771414303618,1.9160124245308385,-1.0405663733538295,1.6088272851993157
1771414303664,1.9050063881097767,-1.0931833476422728,1.5601280419172945
1771414303708,1.8659749452918752,-0.8449002865899723,1.6637325512765564
1771414303754,1.8631088180008464,-0.8831479592371156,1.6404950928935536
1771414303796,1.9132869476843377,-1.070605263541618,1.5857084580263272
1771414303841,1.874889831522194,-0.9405593765749992,1.6219001015728958
1771414303886,1.9080306770908722,-1.0950863943354934,1.5624873931207062
1771414303927,1.9110142726543105,-1.0602887264485081,1.5898941369961346
1771414303974,1.8942760843205513,-1.0245069961302427,1.5933195845494987
1771414304014,1.8902201594522952,-0.9487155526666966,1.6348917552327997
1771414304055,1.8731726318167505,-1.042869965703084,1.5560199045069252
1771414304096,1.931814304588971,-1.0437836350660763,1.6255528999644453
1771414304137,1.9104442543670848,-1.069868141101529,1.582775855798971
1771414304182,1.9162619675586514,-1.076278696956001,1.5854602154549469
1771414304224,1.875344469324332,-0.973971593785468,1.602590469559942
1771414304270,1.9117231699631558,-0.9314370998178974,1.6694641079270922
1771414304310,1.8948812857320076,-1.0928072127383137,1.5480140447697832
1771414304352,1.9175025337354377,-1.0654942735270083,1.5942201604430224
1771414304398,1.9219250504221113,-1.0879133398643455,1.584373839845016
1771414304441,1.8999849803296114,-1.0322649573901252,1.5951087684614103
1771414304483,1.9174617288050448,-1.0181280247511837,1.6248307009188017
1771414304522,1.9124374243973132,-1.0423080424288749,1.6034371976861195
1771414304568,1.9320327512650046,-1.2001483183061457,1.5140655752072147
1771414304612,1.9269532395802695,-1.1083727843551343,1.576279974633232
1771414304656,1.9033293403492924,-1.075707277462111,1.5701963033485735
1771414304702,1.9249548502298666,-1.0899500055588547,1.5866506108169312
1771414304742,1.8815462768518263,-0.9792355980535017,1.606646829717026
1771414304788,1.90206806398067,-0.8850376821642015,1.6836184903845026
1771414304832,1.8937221451909172,-0.9036866315708195,1.6641917062365967
1771414304877,1.902609018889778,-1.0421711830479756,1.5917915391109183
1771414304918,1.898549124759195,-0.9713250355134674,1.6312622273897803
1771414304962,1.8884235945885652,-1.0154492728276938,1.5921703573777857
1771414305007,1.900192534749595,-1.0331434907797903,1.594787194762185
1771414305052,2.0429959686648256,-1.4452614669771875,1.4439708515242529
1771414305095,1.9150111282642883,-1.0498011569319825,1.601619540427855
1771414305140,1.8788133512440384,-0.7547776813779593,1.7205377823536936
1771414305185,1.9088817488133931,-1.0847042538773355,1.5707470237352963
1771414305232,1.899282333278093,-1.0015627224691594,1.6137365009388747
1771414305275,1.8869948413658688,-0.9547366970836426,1.6276447310710092
1771414305321,1.874889831522194,-0.9405593765749992,1.6219001015728958
1771414305367,1.8710980430344233,-0.9047636031713935,1.6378066763276935
1771414305411,1.8705807155462937,-0.9122644700549257,1.633047993798434
1771414305457,1.9242371276413504,-1.102094957138681,1.577363378820151
1771414305499,1.9160677198508882,-1.15706391869059,1.5272585226866333
1771414305541,1.9001454944456708,-1.0343156437737755,1.5939711569244357
1771414305583,1.8923940718304963,-0.880358416957408,1.6751490622602672
1771414305626,1.882292026251879,-0.9704940408628314,1.6128126328687835
1771414305671,1.856666137346098,-0.7987074653410868,1.6760893563220596
1771414305718,1.8933671825033047,-1.0354838916181448,1.5851222028537246
1771414305760,1.9351147851393344,-1.0417176904792806,1.63079535350312
1771414305802,1.897264046247702,-0.9883788834256265,1.6194807945704432
1771414305847,1.9016572280263773,-1.0538106929682878,1.582966593548538
1771414305891,1.9293040713555227,-1.1910147742402084,1.5177937960377033
1771414305935,1.9300855518744038,-1.0304580401447294,1.6319885002828314
1771414305982,1.8857465627983057,-1.0092642079589311,1.5929299600543194
1771414306022,1.9232293366864945,-1.0290786179635958,1.6247486819633705
1771414306060,1.9035773296967469,-1.106207323997554,1.5491649384328217
1771414306095,1.9007825338261748,-1.0603668580057284,1.5775285630826825
1771414306132,1.9068962385264732,-1.0709396885136435,1.5777646998436468
1771414306173,1.8984887367404308,-1.0514760254708049,1.5807142851857816
1771414306215,1.874073014749021,-0.9074682474065595,1.639710658792993
1771414306256,1.860820921831078,-0.7847926911776747,1.6872329225682996
1771414306297,1.9216455929564982,-1.0486425213898714,1.6103014150345347
1771414306342,1.8633433613948334,-0.9594250734720987,1.5973578217942448
1771414306385,1.924442621078425,-1.0528907943864692,1.6108694475094585
1771414306429,1.9154103961746096,-1.1238821804531025,1.5510273467072573
1771414306473,2.081551987762306,-1.4638499241352618,1.4798655605717685
1771414306515,1.908976815759847,-1.1209462134168424,1.5452093934917195
1771414306558,1.892750578794475,-0.920642144471272,1.6537601988650463
1771414306603,1.9019630016768956,-1.0506615909734784,1.5854253312599953
1771414306648,1.9330805138148799,-1.0280976181559147,1.6370142212066867
1771414306693,1.9172968727628386,-1.1014843774628182,1.569318152737522
1771414306736,1.9001148149442861,-0.9954191118527007,1.6185107666398575
1771414306777,1.9123405016762398,-1.1599784336009487,1.5203605585294635
1771414306823,1.8918027793749828,-0.9727681481549479,1.6225411815994388
1771414306867,1.8932229563781988,-1.0716186633553901,1.5607455279147253
1771414306910,1.8923940718304963,-0.880358416957408,1.6751490622602672
1771414306956,2.087209152277101,-1.507840748681644,1.4432111148284832
1771414307000,1.905384928662672,-0.9641001127616177,1.6434727557668523
1771414307044,1.8769618347262578,-0.9148472441281302,1.6389143506999153
1771414307091,1.9082900645133285,-0.9719768141133527,1.6422034110140986
1771414307137,1.8904414838357435,-1.032819386356933,1.5833676512334007
1771414307182,1.9014943987235986,-0.8925412202068503,1.6790030132816578
1771414307225,1.8903795935280563,-0.9517237554959952,1.6333269424251529
1771414307271,1.8847241754239394,-0.9434685640861686,1.6315796903641058
1771414307316,1.8792670572649808,-0.9643683125614397,1.612959525297762
1771414307358,1.926807380022324,-1.067667428696201,1.6039554050564295
1771414307400,1.8983856362035783,-0.9286804021155586,1.655723628650189
1771414307442,1.8857551521246407,-1.0471785839602235,1.5682759664866666
1771414307483,1.9005804959012138,-0.9407183342067107,1.6514403522644876
1771414307523,1.8907474085342357,-1.0291812377594738,1.5860995374574718
1771414307565,1.9056927657481295,-1.0850774030485963,1.566611613265416
1771414307608,1.9098249930580873,-0.9524371703020517,1.6553836234348653
1771414307650,1.887345610828842,-0.9899563484054159,1.6068789260447438
1771414307690,1.9132783677951635,-1.0316860276431783,1.6112908033743518
1771414307735,2.0781609153635103,-1.4942581821202086,1.4442801927989295
1771414307776,2.1383153325838564,-1.5712422225957428,1.4503759304041135
1771414307820,1.9012764108064621,-0.976519613998378,1.6313373145262025
1771414307860,1.9180156621522124,-1.0930227797647953,1.5760981197807544
1771414307906,1.8844816373069992,-0.8563615001130559,1.6786649524164687
1771414307950,1.90493127654695,-1.0941477719145094,1.5593600679706106
1771414307994,1.9376180470407156,-1.0540875619394408,1.6258115228963173
1771414308037,2.07262967548868,-1.4496493118762424,1.481320574451408
1771414308076,2.1024663071020386,-1.5205710705907833,1.4519738950069603
1771414308111,1.9323908239462055,-1.0756975258171206,1.6053065530989465
1771414308151,1.9120037352533414,-1.0081037569155658,1.6246492233449814
1771414308191,1.9066513068840067,-1.074549936769301,1.5750116315226317
1771414308236,1.9130675924689804,-0.9900721567962818,1.6369437185474092
1771414308281,1.88745280296274,-0.9839188868646392,1.6107084489388368
1771414308326,1.8931176837179164,-0.9956921427641762,1.6101216479642688
1771414308371,1.8792670572649808,-0.9643683125614397,1.612959525297762
1771414308414,1.915856407217363,-1.1184875558671006,1.555471427074847
1771414308460,1.88665388105958,-0.954565521076485,1.62734984956805
1771414308504,1.8942577358239787,-1.0218591442008862,1.5949972599167745
1771414308551,1.8952288858836583,-1.0551562440747384,1.574337267067608
1771414308593,1.8880511311822508,-0.9765934775791321,1.615859602041116
1771414308634,1.914132103035815,-1.0636162672589797,1.5914214224693553
1771414308678,1.8578648021132218,-0.7776792889311437,1.6872689609243545
1771414308725,1.9094961764588703,-1.0346283254017588,1.6049049430378728
1771414308772,1.9012764108064621,-0.976519613998378,1.6313373145262025
1771414308818,1.883921494960522,-0.9497012240396416,1.627030357501634
1771414308859,1.9212900656167764,-1.0611015051381967,1.6016925772541903
1771414308905,1.8944796883396713,-0.9829755314879645,1.6195099240287265
1771414308948,1.9109143450330415,-1.060091663342693,1.589905437239706
1771414308992,1.9155126206067867,-1.0893147489505615,1.5756211401928621
1771414309036,1.9109310795002514,-1.021968002440448,1.6146947056914123
1771414309081,1.8998828744844538,-0.9543900954593603,1.6427703681429076
1771414309123,2.127180717286903,-1.5499082377396542,1.4569427780746849
1771414309165,1.9145828948173162,-1.0193219612180282,1.6206820787883376
1771414309208,1.9425324326805933,-1.2290024548090783,1.504322178952781
1771414309249,1.9223323324228097,-1.0400599116273037,1.6166746662528997
1771414309291,1.9002525414818696,-1.0716319976256277,1.5692560603907864
1771414309333,1.8858668040583995,-1.0460011888819805,1.5691956906348314
1771414309375,1.9046554942265057,-1.0217202830809067,1.6074203603377326
1771414309417,1.9059586949924232,-1.000483327320061,1.6222551151936
1771414309461,1.8987345757202718,-1.0466173265599912,1.5842301476679634
1771414309503,1.9182049559755292,-1.0519250712883632,1.604046102056937
1771414309549,1.8920576654457661,-0.9318172440705815,1.6466933026598454
1771414309591,1.9039363221759715,-1.0262603641644183,1.6036717818325794
1771414309630,2.122077575268769,-1.5294709921872125,1.471030835678315
1771414309675,1.9031065769339621,-0.9970406841673085,1.621025760833087
1771414309721,1.9039363221759715,-1.0262603641644183,1.6036717818325794
1771414309765,1.8790580593548059,-0.8871014605108605,1.6564752304775787
1771414309811,1.899148157620211,-1.1248196488586564,1.530210600582067
1771414309856,2.064665018007006,-1.4665684461819686,1.4532785793664187
1771414309896,1.9160124245308385,-1.0405663733538295,1.6088272851993157
1771414309939,1.9018441883813941,-1.0559134354221107,1.5817895352337996
1771414309982,1.9139302645613288,-1.1048363973217497,1.5628389529177007
1771414310028,1.9060799870132936,-0.9990998587795521,1.6232499465822499
1771414310067,1.9180156621522124,-1.0930227797647953,1.5760981197807544
1771414310108,1.9096876615990714,-0.9933672337398729,1.6309900379204412
1771414310150,2.133594636816828,-1.5851566431436863,1.4281122123107035
1771414310194,1.8880682011183798,-0.9803302066140213,1.6136152633371144
1771414310237,1.9033409385002535,-1.1100974437544646,1.5460887405129204
1771414310281,1.8769618347262578,-0.9148472441281302,1.6389143506999153
1771414310327,1.897749178827729,-0.9414485633356552,1.6477641057914056
1771414310369,1.8835983369733844,-0.8685045766368037,1.6714193056829953
1771414310415,1.8935899740290794,-1.0331362580398584,1.5869191731360637
1771414310458,1.9064087674194756,-0.9101793732106293,1.6751023542087662
1771414310505,1.9099748847781979,-1.114265725091817,1.55126269676322
1771414310546,1.8939370993149656,-1.1079991748708529,1.5360128790628989
1771414310590,1.8908808988792696,-0.988668370138338,1.611820532079945
1771414310631,2.106876461719038,-1.5518978669412897,1.4249706788312548
1771414310675,1.913320889953636,-0.9925764662650882,1.6357227107763967
1771414310716,1.9232293366864945,-1.0290786179635958,1.6247486819633705
1771414310757,1.8906483071115627,-0.9833175890462187,1.614818113676011
1771414310803,1.8896130359415324,-0.9170359805971908,1.6521750621197269
1771414310848,1.8883798649361165,-0.8918905417516994,1.6644848379693957
1771414310891,1.8933671825033047,-1.0354838916181448,1.5851222028537246
1771414310932,1.91375224166373,-1.02523380889966,1.6159651232505134
1771414310975,1.88502262624361,-0.9802654166875714,1.610090064032661
1771414311016,1.8848948153859215,-0.9767435886563398,1.612079534975698
1771414311053,1.9087059582854664,-1.010323679316975,1.6193839872636295
1771414311093,1.885258593159299,-1.053844627046737,1.5632055095622273
1771414311131,1.8894653600407352,-0.873258028811326,1.6755595369638234
1771414311173,1.8907474085342357,-1.0291812377594738,1.5860995374574718
1771414311219,1.8880809192077177,-0.9362871132858827,1.6395779941713808
1771414311264,1.915863049485227,-1.0387503524914847,1.6098226391691879
1771414311307,1.8698795159815151,-0.9206724121609549,1.6275170394723963
1771414311352,1.8869661644886808,-0.8229643805834816,1.6980491554180548
1771414311396,1.8954566010050706,-1.0112579953314256,1.6031571954028594
1771414311441,1.9584279820698922,-1.2002556182138813,1.5475227338880564
1771414311484,1.864493711759505,-0.8643780302855634,1.6520252485813849
1771414311528,1.9117915435582462,-1.053893604099046,1.5950721542488115
1771414311572,1.8961596104223666,-1.0441046308903432,1.5828034584086685
1771414311615,1.9314617960164802,-1.133491679144529,1.5638865952431855
1771414311658,1.8876724080316942,-1.0639692128112992,1.5592551536659676
1771414311702,1.9553068232202795,-1.2369586007359183,1.5143177318506247
1771414311744,1.928769308179683,-1.0424791472660018,1.6227717866944458
1771414311789,1.872525279004916,-1.008531855972226,1.5777244423541317
1771414311831,1.882255663653832,-1.0133409259215085,1.5861987741797894
1771414311873,1.909498165761347,-1.0407640141629033,1.6009351991475074
1771414311912,2.053997942159772,-1.438285632790801,1.4663703437072584
1771414311956,2.118506582381898,-1.531913805846931,1.4633216430610871
1771414311998,2.12525791972238,-1.5352695281651543,1.4695811312174099
1771414312041,1.9062936633250376,-0.9521896067930415,1.651451023660255
1771414312087,2.0552327238173467,-1.4568536315356448,1.4496754965615835
1771414312128,2.103216372563855,-1.517623571577515,1.4561379758844861
1771414312170,2.2847027370916684,-1.7681350714473285,1.4469156734212647
1771414312213,2.3139907518612715,-1.8120996539611585,1.4390441424130607
1771414312256,2.141243227779135,-1.5778546408678065,1.44751417706423
1771414312304,1.9353889418844459,-1.1200574486290105,1.5783541009986533
1771414312344,2.17823449350707,-1.6120967989418844,1.4648718099360545
1771414312389,1.8875416455028438,-1.0677401204852883,1.5565167839164618
1771414312431,1.8831621737841628,-0.9147500498747556,1.6460656484556215
1771414312476,1.8933671825033047,-1.0354838916181448,1.5851222028537246
1771414312519,1.9017774825457152,-1.01369900240975,1.609090403187899
1771414312566,1.9254373608724002,-1.1283010232678006,1.5602069835557422
1771414312611,1.8829048783314308,-1.0397016536375665,1.5698252298480904
1771414312651,1.9278394063516358,-1.0926608285405202,1.5882874709747512
1771414312695,1.9033293403492924,-1.075707277462111,1.5701963033485735
1771414312739,1.9090779500702624,-1.0007182394252385,1.6257741616614918
1771414312785,1.9216455929564982,-1.0486425213898714,1.6103014150345347
1771414312831,1.895469561007362,-1.090459911745979,1.5503877055692854
1771414312873,1.9233432314260601,-1.0663961900620025,1.6006399819115116
1771414312919,1.9110142726543105,-1.0602887264485081,1.5898941369961346
1771414312960,1.8992238245902966,-1.002288615222545,1.61321686939068
1771414313007,1.9147057322410583,-1.0529141195718668,1.5992091476360957
1771414313054,1.896642473668845,-1.0721398267404902,1.5645347119324478
1771414313098,1.8734853287476012,-0.9535365303982836,1.6126733588140254
1771414313142,1.9190095782597796,-1.1187816544888014,1.559142511456883
1771414313186,1.9073413900750018,-1.065398965940575,1.5820481097823775
1771414313230,1.8739709961208342,-0.8672490741583353,1.6612183293214717
1771414313271,1.9161227767943672,-1.1204141709619853,1.5544126161536787
1771414313315,1.9051854108233188,-0.9672832021896757,1.6413697500489357
1771414313359,1.8849973982479424,-1.0149745938528538,1.5884085636997638
1771414313404,1.8954726893535279,-1.0484383618108288,1.5791116862237835
1771414313449,1.9221796294495057,-1.0022851291941053,1.640182626315434
1771414313494,2.278010194634753,-1.7690010366070936,1.4352580880604342
1771414313538,1.8811756788510523,-0.9402356023772523,1.6293492402560608
1771414313584,1.9177813694788624,-1.0140947839061651,1.6277276032477084
1771414313624,2.1810378930492225,-1.6508658398262457,1.4253309334366444
1771414313668,1.8778610179701782,-0.9469545544833254,1.6216161921229328
1771414313714,1.8890541784845072,-0.8834959336707138,1.6697187261443438
1771414313758,1.9419339354551697,-1.1631499493998345,1.555052926714575
1771414313803,1.9312639235837112,-1.1732338039352734,1.5340478427479107
1771414313848,1.8952288858836583,-1.0551562440747384,1.574337267067608
1771414313891,1.882292026251879,-0.9704940408628314,1.6128126328687835
1771414313936,1.9001148149442861,-0.9954191118527007,1.6185107666398575
1771414313976,1.8757182097967373,-1.0087277156885184,1.581387744408341
1771414314021,1.8871708896751258,-0.9082351462170896,1.6542439016098043
1771414314063,2.091443523659004,-1.5353103132282326,1.4201965549705498
1771414314108,1.9000532026062549,-0.9529115774760718,1.6438253247368926
1771414314149,2.104321145851971,-1.5045157076580473,1.4712579550472984
1771414314190,2.118645685931125,-1.5686796497043598,1.4240448374675478
1771414314235,2.0875397372925986,-1.4699782465952367,1.4822233668757365
1771414314279,2.2335294879829033,-1.669883841706659,1.483287540868654
1771414314323,2.0990286046778714,-1.5226473475105329,1.4448066093339513
1771414314364,2.3230180191064136,-1.796848707250283,1.4723272191826355
1771414314407,2.3863110241099244,-1.9046028164566202,1.4376955224713142
1771414314447,2.3621306756982743,-1.8393222771145898,1.4820778960583632
1771414314489,2.0731852040294165,-1.4402137795556589,1.4912683056326577
1771414314531,1.8778610179701782,-0.9469545544833254,1.6216161921229328
1771414314574,2.1111178597079134,-1.500573297154041,1.4849573722656049
1771414314616,2.082857117320566,-1.5161199124313736,1.4281716221456096
1771414314658,2.050159083958146,-1.473630968837086,1.425329448661037
1771414314704,1.8851549858030512,-0.9337294391567029,1.6376686645809069
1771414314750,2.3176460505932903,-1.8073302213231464,1.4508758344264692
1771414314789,2.2684138702343284,-1.7298843164332782,1.4673792074408216
1771414314834,2.3822583082247455,-1.8780492328387082,1.4656349225300844
1771414314878,2.072395573309544,-1.456039233036574,1.4747112138080662
1771414314922,1.9927763182619593,-1.37552736817358,1.4419021860137236
1771414314966,2.354659228837631,-1.845090834293929,1.4628943561155603
1771414315007,1.836200802979904,-0.48902652083324427,1.7698831743326384
1771414315052,2.1768945081547804,-1.6273841801045403,1.4458528382860807
1771414315093,2.0880957706470196,-1.4983710097360843,1.4543136747539844
1771414315132,2.330560348837669,-1.8495228149151595,1.418018651740048
1771414315175,2.268718973218753,-1.7609344958166757,1.4304528936269183
1771414315221,2.0672802629449594,-1.4729752642086233,1.4505142386723808
1771414315263,2.11027705402823,-1.5133667867658864,1.4707107851212493
1771414315304,2.256601774187629,-1.7066029131684264,1.476400373893137
1771414315346,2.1263120650421965,-1.5584880750616825,1.4464846759763972
1771414315391,1.9009019226977755,-0.8600620461764614,1.6952054142324045
1771414315432,2.0549868086881897,-1.4593586721282628,1.4468044269929865
1771414315475,1.8973034013335794,-1.0261904525994057,1.595836254665809
1771414315521,2.07847668856901,-1.4594654536584317,1.4798736211252586
1771414315560,2.251634528017241,-1.7254059587688926,1.4466624779831072
1771414315599,2.3461017730320606,-1.8290557879057605,1.4692679994312183
1771414315639,1.8647585528310897,-0.8196809166453047,1.674947060430333
1771414315682,2.088218098950308,-1.501288384548879,1.451477872791127
1771414315723,2.1203008719827108,-1.5510938553189322,1.4456083977766923
1771414315766,2.089953272355025,-1.4783569942905868,1.4772830730972244
1771414315808,1.8802761294652686,-0.9117414540517043,1.6444348098968762
1771414315849,2.4163944473135186,-1.9054210030753351,1.4860460713070065
1771414315893,2.109658107135917,-1.515752781353094,1.4673618622632458
1771414315940,2.273675343598683,-1.7442286452287867,1.458514998637978
1771414315984,2.380892126136297,-1.89349672525725,1.4433701769601197
1771414316020,2.332348614247103,-1.8323829200514492,1.442990953777641
1771414316055,1.8670690605015676,-0.916305689537237,1.6267546711178962
1771414316091,2.0658856484795924,-1.410753406596098,1.5091912862097538
1771414316129,1.8934765320169795,-0.9914548693312994,1.613155485183714
1771414316169,1.892706934036668,-0.7427892087872466,1.7408629266716262
1771414316214,2.369237892773797,-1.871671370090086,1.452630192079293
1771414316256,2.10026028455884,-1.5485941922245121,1.4187844412396449
1771414316298,1.8725999427838913,-0.797769878684665,1.6941646219826714
1771414316338,2.06886439537684,-1.4908619932190106,1.4344094267791945
1771414316384,2.137932509142452,-1.5416134709199711,1.4812775971863676
1771414316428,2.111468876056764,-1.4997675231400716,1.4862698917392863
1771414316474,1.8470575727252874,-0.7032910252803443,1.7079237133788947
1771414316518,2.086076010515254,-1.5161143190664796,1.4328679259334478
1771414316557,2.306138253524546,-1.7880578384719443,1.456407501576493
1771414316601,2.0426572830529723,-1.4163229304842535,1.47189610115451
1771414316646,2.399327842083035,-1.9084664264757376,1.454142356445806
1771414316691,2.3353269628132405,-1.7998441623342383,1.4880567914410652
1771414316730,2.243122314008926,-1.706613172788882,1.4557023026938662
1771414316773,2.3448395098226125,-1.83879884436581,1.4550227272397196
1771414316816,2.2836085646926807,-1.7434317711108078,1.4748944830797885
1771414316858,2.202040282991782,-1.6813687682215186,1.421963597694322
1771414316897,2.362192776204213,-1.8386933012924551,1.4829570646966221
1771414316938,2.3445810991959037,-1.8451723079131719,1.4465129397337073
1771414316984,2.0668604288720642,-1.477353553656644,1.4454544302520573
1771414317024,2.0999614946967213,-1.5143763057097375,1.4548204988636282
1771414317065,2.386467199619502,-1.8646855269819895,1.4893534101494001
1771414317107,2.077960797873668,-1.5001584056290984,1.4378615494963807
1771414317147,1.891914673252419,-1.0148444752449655,1.5966940289023999
1771414317190,2.3009672897351092,-1.7763849442430666,1.46250025582818
1771414317233,1.874073014749021,-0.9074682474065595,1.639710658792993
1771414317273,2.39380791646491,-1.8971250836082088,1.4598742267999048
1771414317314,2.1023830816934574,-1.490036171174015,1.4831745786602328
1771414317360,1.8748330674971458,-0.9015928334024254,1.6438154986914266
1771414317405,2.393034230322813,-1.8675135892538883,1.4963307861060526
1771414317450,1.8833023864067935,-0.7397847641375178,1.731919854206747
1771414317492,1.8761582521394906,-0.9641935350494482,1.6094410874710379
1771414317538,2.3605518385563795,-1.8172446273730716,1.5065944865144072
1771414317581,2.1295339032833143,-1.5596408049592463,1.4499776566344538
1771414317626,2.070977406103602,-1.4682007441262404,1.46059371200165
1771414317669,1.8962954446165718,-0.874274925354569,1.682729855969111
1771414317713,2.1084144065853496,-1.5394787872028293,1.4406305472428236
1771414317756,1.8796827317626779,-0.9193662687825748,1.6395038383339058
1771414317801,2.4242705220552305,-1.9297450805111975,1.4673688998846786
1771414317843,1.8746982355413881,-0.8176908101656842,1.6869722028867522
1771414317884,2.0729215763629942,-1.447177391643432,1.4841433417521885
1771414317929,2.1229887791161604,-1.5579968016575718,1.4421259730959368
1771414317972,1.8878136795278875,-0.8999481151500389,1.6594980803395085
1771414318017,1.8891262962260262,-1.0445352369778336,1.574085226982429
1771414318058,2.1150013499842513,-1.5702849624730104,1.4168400922709457
1771414318098,2.104321145851971,-1.5045157076580473,1.4712579550472984
1771414318142,1.8778610179701782,-0.9469545544833254,1.6216161921229328
1771414318186,1.8846445111961398,-0.8954735021917593,1.658316055658318
1771414318227,1.903378412652987,-0.949721499438316,1.6495085496165338
1771414318267,2.0695945337488952,-1.4830101375299638,1.4435728128870622
1771414318314,1.897264046247702,-0.9883788834256265,1.6194807945704432
1771414318358,2.073252792496886,-1.4777198750582692,1.4542080705503975
1771414318404,1.8944151637064366,-0.9840268334048188,1.6187958498897166
1771414318447,1.9029861478453522,-1.0376920011229211,1.5951650665986892
1771414318490,1.9241611670174172,-1.0182387435769176,1.6326622607681998
1771414318535,1.904814336419838,-0.9728283088772302,1.637657698567566
1771414318581,2.1379881497180024,-1.5758056512796024,1.4449324820661604
1771414318623,1.9177599494773567,-1.0141544052195632,1.627665219322803
1771414318665,2.051235319720551,-1.4267225408842332,1.4737805563250956
1771414318710,1.9169702840802145,-1.0673430912955295,1.5923422356736887
1771414318757,1.9001454944456708,-1.0343156437737755,1.5939711569244357
1771414318802,2.230595059809781,-1.695171634788628,1.4498094528095231
1771414318847,1.9261114110206792,-1.0758087154017035,1.5976672918758172
1771414318892,1.8818335983989822,-0.9365407302355356,1.6322344049410158
1771414318934,1.8918383470331326,-0.9721697533555064,1.6229412503124532
1771414318972,2.3207816533364665,-1.7771843938654777,1.4925290994363019
1771414319014,1.8784208924025578,-0.8079264448170581,1.6957947720109563
1771414319057,1.872250872010782,-0.8855348726867994,1.6495912575546428
1771414319104,2.101061839023811,-1.5033715472242042,1.4677652545277196
1771414319149,2.1057913129350503,-1.5271050424338959,1.4499335305474153
1771414319195,2.215631578391806,-1.6822171061514513,1.441932348946511
1771414319241,1.8698795159815151,-0.9206724121609549,1.6275170394723963
1771414319285,2.001518567563981,-1.3873330082016397,1.442700142322569
1771414319329,2.2397595334743796,-1.707113307673927,1.4499265231562437
1771414319368,2.0941607184281197,-1.5455200898243961,1.413108901166704
1771414319410,1.8587923834286508,-0.8071322202503497,1.6744093596627156
1771414319454,2.467703638007195,-1.9386333270288787,1.5268471005201816
1771414319499,2.12329644374218,-1.5498926246309497,1.4512824122557175
1771414319544,2.024768800016462,-1.3895184823406705,1.4727277687182319
1771414319586,2.0820961427914955,-1.489880072890683,1.4544351880474007
1771414319629,2.110588826086937,-1.5095475455881564,1.4750767439058243
1771414319673,2.230517330452145,-1.702509862890841,1.4410647897324997
1771414319716,2.3682783664706606,-1.8820163233001819,1.4376219878412424
1771414319757,2.3016160138561514,-1.7677342706280132,1.4739578771750317
1771414319801,2.279722954853403,-1.7483143777112178,1.4630562489438907
1771414319844,2.364495239468343,-1.849295777382711,1.4734119808196662
1771414319888,2.3537738378528026,-1.817160955641024,1.4960539231772734
1771414319929,2.047604236883853,-1.4649722189626613,1.4305731398891577
1771414319973,2.1420769573542717,-1.569346317691317,1.4579594735028947
1771414320015,2.07847668856901,-1.4594654536584317,1.4798736211252586
1771414320057,2.21488925477196,-1.683184385420469,1.4396613266949296
1771414320102,2.1434422030045526,-1.58877864655859,1.4387935535928928
1771414320149,2.09592000112871,-1.5219661420102015,1.441006493290698
1771414320190,2.228931278934391,-1.684290604164425,1.4598971905362155
1771414320230,2.357776962729471,-1.846263247870832,1.4664324824345836
1771414320274,2.3089121821437457,-1.7599747345597918,1.4945114247013915
1771414320315,2.2386874976216875,-1.7195903015185545,1.4334332586245444
1771414320357,2.1243025503311963,-1.5390509042928084,1.4642348306672377
1771414320397,2.3204120620009965,-1.7829073816924677,1.4851105702223744
1771414320439,2.065498903142485,-1.4189852197385242,1.5009219383586945
1771414320480,2.4152911591900827,-1.9175283640416303,1.4685763026678602
1771414320523,2.046779016978833,-1.4403361780565267,1.4542132025691263
1771414320568,2.2204701646016214,-1.7027529927267977,1.4251736728012785
1771414320612,2.3796685237753783,-1.9061490795087543,1.4245764176537588
1771414320657,2.3367238171012787,-1.830725477565442,1.4521440779761332
1771414320700,2.272741531648477,-1.7525477821994866,1.447041927791841
1771414320745,2.3801587409708738,-1.8578361396716145,1.4878173645814623
1771414320789,2.08910503939961,-1.5283083218072884,1.424301070398894
1771414320831,2.0258695892776726,-1.4094660460795547,1.4551814518158732
1771414320874,2.3679158417946398,-1.8506504453934318,1.477199499995552
1771414320919,2.310871508584966,-1.7737996455284426,1.4811353573232016
1771414320959,2.2379784565495955,-1.691450155816671,1.4654500818410254
1771414320995,2.0809680220722657,-1.5020850463765019,1.4401973553438643
1771414321030,2.3165812161664334,-1.7839966556068942,1.4778039328268715
1771414321068,2.2316885165268525,-1.6832516505530588,1.4652977566720788
1771414321103,2.364706194484721,-1.8503396566019497,1.4724396562985493
1771414321145,2.332425553436686,-1.838314756078562,1.4355513992568314
1771414321184,2.3209877559367724,-1.8100000217929817,1.4528881871354793
1771414321228,2.194129921390957,-1.6221678701905613,1.477422591158165
1771414321268,2.3714750772745945,-1.88262318236791,1.4420901481341124
1771414321314,2.226330671790199,-1.7065126272603148,1.4298121950644067
1771414321356,2.12403051437281,-1.5465253182935166,1.4559412989073297
1771414321397,2.324139522415774,-1.8195693795757224,1.4459570507333341
1771414321440,2.2978293570967785,-1.7716239596674186,1.4633414843665615
1771414321482,2.394205411874028,-1.892306477413858,1.466763699368252
1771414321524,2.0741949173223984,-1.4675061017853268,1.46584801267693
1771414321564,2.095544071433787,-1.5247743882621287,1.4374867026241127
1771414321605,2.2205236035643714,-1.6637936142951117,1.4705495173632577
1771414321652,2.0650951597732274,-1.4923042606118484,1.4274613874562547
1771414321693,2.0546461210416482,-1.428402668140897,1.476900978522073
1771414321739,2.1193512042759224,-1.5574678180762034,1.4373390423705719
1771414321780,2.1088925974602817,-1.528049152509127,1.4534420439559714
1771414321824,1.8811756788510523,-0.9402356023772523,1.6293492402560608
1771414321869,2.39830862344837,-1.8801428577136123,1.488941599894135
1771414321909,2.090881330904414,-1.5033401183730262,1.453187265432363
1771414321957,2.0498046732622877,-1.4424064235359224,1.4564212673090924
1771414322001,2.371761361272224,-1.8435603493677193,1.492158568337509
1771414322046,2.089432261962264,-1.4879095905560782,1.4669192982778518
1771414322090,2.3969567362346207,-1.8979137528191308,1.4640098982727299
1771414322136,2.098629843408637,-1.5306625670806535,1.4357295446508802
1771414322175,2.325371006057161,-1.8033787234691683,1.4680515983949634
1771414322214,2.26674460365322,-1.7439036807624528,1.4480783992637147
1771414322257,2.1098840958914984,-1.5173334451668683,1.466052561906949
1771414322302,2.3813239153370755,-1.888217579985338,1.4509782770223032
1771414322346,2.227847515300338,-1.6896456780762719,1.4520337578679308
1771414322391,2.3794604801764816,-1.9047249862248525,1.4261328492017944
1771414322432,2.324534278248846,-1.8105154177590428,1.4579072442411014
1771414322475,2.2802458158020587,-1.7452769515659514,1.4674908322764597
1771414322514,2.3612589370556054,-1.8488697299218626,1.46874929433298
1771414322556,2.351261617079185,-1.8497929535413395,1.451446595978864
1771414322598,2.2064104872300674,-1.6705263973076403,1.4413843325279967
1771414322639,2.3636524162169694,-1.8580731035920044,1.4609644370744606
1771414322681,2.325976412210776,-1.7997034322783776,1.4735107145882385
1771414322721,2.0227615771804652,-1.407842260182423,1.452427130207244
1771414322762,2.2708737697532038,-1.7379881172202627,1.4615967236396956
1771414322809,2.100705395685002,-1.5045624482195357,1.4660337645728763
1771414322853,2.244420991773135,-1.699162077608937,1.4663811995274572
1771414322897,2.353754897129662,-1.8634698104851997,1.4379298943871082
1771414322941,2.0777248406630062,-1.4671461148127598,1.4711977403795653
1771414322982,2.251449098916448,-1.7273312413540531,1.4440740381483053
1771414323023,2.3652466528816047,-1.8404940080909498,1.4855886157173341
1771414323068,2.342138261732209,-1.8329148233526407,1.4580928939557083
1771414323107,2.4002356925919557,-1.900961364989734,1.4654273331723935
1771414323150,2.3237286978250555,-1.814725285630084,1.4513742449108493
1771414323185,2.0812055366704323,-1.4648514568346798,1.478386517551137
1771414323220,2.219695538041454,-1.7086280617386487,1.4169115809535784
1771414323258,2.388629659571461,-1.8764365716325568,1.4780180794646356
1771414323301,2.0824399787392975,-1.4894093477407448,1.4554092413868391
1771414323345,2.2258994669488947,-1.6730657289225175,1.4681551361039267
1771414323389,2.36004119341941,-1.8268718963139288,1.4940995646525248
1771414323427,2.3229256529997397,-1.8237497287753826,1.4387218341833792
1771414323472,2.064982880502504,-1.4250722926752315,1.494430746946066
1771414323514,2.1148129306595664,-1.5718262458927164,1.4148483962629048
1771414323558,2.0767252025365837,-1.4401940089029486,1.496204793325656
1771414323603,2.196787450212144,-1.6304813496380421,1.4722111499007478
1771414323648,1.8754883905190074,-0.932941997413347,1.626983691508299
1771414323691,2.091149217291843,-1.4650282169565094,1.4921787334302545
1771414323731,2.0151710715200535,-1.3499121111685144,1.4962124647294732
1771414323773,2.380250247747441,-1.8620334429057965,1.482707894159244
1771414323819,2.3528607332096265,-1.8644400068353115,1.4352062885842178
1771414323858,2.440637929612725,-1.9312348275681532,1.4923288994896848
1771414323898,2.3302504595722016,-1.8182432366180639,1.457415087347844
1771414323940,2.0877647584883894,-1.5027101452360703,1.4493529267196004
1771414323980,1.8338125385215498,-0.6185968584504992,1.7263274177148504
1771414324024,2.1111714623199287,-1.5022883017180464,1.4832986219353048
1771414324066,2.296498836979705,-1.783540555564455,1.4466824098280768
1771414324110,2.221839366090902,-1.6840983648612262,1.4492697699817538
1771414324155,2.1347412766839797,-1.575291476205931,1.4406863237260517
1771414324198,2.1088918489363513,-1.492304668632876,1.490117984082705
1771414324240,2.219558225962406,-1.7048047718685275,1.4212949758061064
1771414324280,2.366701768697171,-1.8604044764683456,1.4629328234375145
1771414324323,2.3140355880952685,-1.8115234752586873,1.4398414501458494
1771414324368,2.429097188167923,-1.912216731235375,1.4979787456265221
1771414324410,1.8689860198823294,-0.846549247560965,1.6662722208479486
1771414324451,2.066805391904088,-1.439228403999631,1.4833428899362697
1771414324497,2.2306387892286748,-1.7287849279821643,1.4096283484639742
1771414324541,2.1078775872339515,-1.5028337855629053,1.478052277740504
1771414324584,2.3049827443715163,-1.8004518264795082,1.4392076543630006
1771414324625,2.0439451860239957,-1.3975251735896974,1.4915211405319575
1771414324670,2.3997491041161774,-1.9072053812152883,1.4564900949096236
1771414324714,2.315657724686405,-1.7940857977456366,1.4640788394848214
1771414324756,2.323893228504544,-1.8133142868320629,1.4533998192720405
1771414324801,2.110736188847691,-1.5392052250303097,1.4443180169722558
1771414324845,2.0512470900998645,-1.3935843473196095,1.5051701869054344
1771414324890,2.0565056084447755,-1.4069304503641669,1.499920673036711
1771414324936,2.073224972459811,-1.4826320053136093,1.449159799073494
1771414324981,2.2487201892263213,-1.7183511725263945,1.4505211950575656
1771414325023,2.3905240734105306,-1.897628725579573,1.4538261812921522
1771414325067,2.3291470395278466,-1.7908632089832506,1.489206130275976
1771414325112,2.077193423311643,-1.5100406053772135,1.4263624672435689
1771414325158,2.1336888723809104,-1.549014467929996,1.4673726119379737
1771414325202,2.1124055834351356,-1.5311286237564559,1.455301510492447
1771414325248,2.2339876251064257,-1.699987211280888,1.4493944220294481
1771414325291,2.1058890001503534,-1.5219620908925315,1.4554723888965706
1771414325331,2.3065641505383883,-1.7840244036117905,1.4620174786460223
1771414325373,2.014254289096094,-1.3918802231618665,1.455984129553919
1771414325418,2.1049745517456198,-1.5364376587908088,1.438845781918997
1771414325463,2.1347412766839797,-1.575291476205931,1.4406863237260517
1771414325509,2.1996232909923186,-1.6671312945000605,1.4349271302663529
1771414325553,2.371793286298511,-1.8432303715941498,1.4926168932996784
1771414325598,1.874688401209427,-0.8578179771375407,1.666914790782305
1771414325639,2.3251228588223714,-1.8089771371756018,1.4607525546081657
1771414325683,2.358167297518935,-1.847420461847485,1.465602483702516
1771414325723,2.310601171751405,-1.775071651713568,1.4791884282206338
1771414325764,2.3046155886638715,-1.775742197458656,1.4690107758887359
1771414325808,2.060452548036202,-1.439374723367198,1.4743354802895026
1771414325849,2.3667942737541225,-1.8626744880319583,1.4601913867401721
1771414325891,2.2293173874233156,-1.6767672506682854,1.4691179669972858
1771414325935,2.1094705494548647,-1.5587510938863887,1.421323688089872
1771414325980,1.9017774825457152,-1.01369900240975,1.609090403187899
1771414326015,2.2362939591956876,-1.7073494169187988,1.44428828163984
1771414326051,2.3578494220857196,-1.815477356524444,1.5044918960157205
1771414326086,2.087989408837112,-1.502688007591527,1.44969945963174
1771414326123,2.277633900098384,-1.772872936400914,1.4298733280450326
1771414326161,2.178676983903817,-1.6416398664105476,1.4323588758421515
1771414326207,2.1024663071020386,-1.5205710705907833,1.4519738950069603
1771414326248,2.2128318604186092,-1.673291953407317,1.448005138508151
1771414326289,2.394877472685284,-1.878696148769167,1.4852403474775904
1771414326336,1.857674761140034,-0.908078268695507,1.6206015476049789
1771414326377,2.2408900778087695,-1.6946961521945276,1.466149137215875
1771414326417,2.3717008612398094,-1.8837688050855836,1.44096497674027
1771414326457,2.342985672863091,-1.82403313644883,1.470539010151841
1771414326500,2.0667613448099487,-1.4791256969346087,1.4434990921605515
1771414326545,2.1299565600516885,-1.5158478021417672,1.4963022383359572
1771414326589,2.3315924160449675,-1.8386425741336527,1.4337770674486268
1771414326630,2.2413341625727257,-1.6938919629006548,1.4677563988401305
1771414326673,2.2928379354185022,-1.7904654861207534,1.4322496783398329
1771414326719,2.0677019263709093,-1.4256236298390144,1.4976610171739806
1771414326759,2.2714715787971054,-1.7295369327910275,1.4725098068925786
1771414326803,2.3601765463642224,-1.86600423108785,1.4451510438601187
1771414326844,2.329257057001594,-1.828939817074255,1.442365273816628
1771414326890,2.2346867055952266,-1.6921855611122827,1.4595659282564648
1771414326932,2.370108160656969,-1.8622881612266282,1.46604757691144
1771414326972,2.3315924160449675,-1.8386425741336527,1.4337770674486268
1771414327016,2.0484955062413666,-1.422376062001705,1.474171013599031
1771414327060,2.1064888627121303,-1.5181544791729817,1.4603089762434716
1771414327104,2.3155630211865343,-1.7950182365552771,1.462785574006147
1771414327147,2.2423844509623803,-1.7149834014399412,1.4446868029795747
1771414327191,1.8688453871642454,-0.8937727228826079,1.6412657922944984
1771414327236,2.0901439447986925,-1.4789200000381482,1.4769892834634257
1771414327277,2.033967143940812,-1.3987284116794394,1.4766791029168984
1771414327314,2.3695581948857303,-1.871987046458113,1.4527458610655724
1771414327358,2.0769556504828066,-1.476122734514093,1.4610976855512074
1771414327402,2.1165518070723515,-1.553875095383132,1.4371025502619146
1771414327448,1.8963228886006611,-0.9198065693186731,1.658311301556185
1771414327489,2.308526923804683,-1.7975452776834306,1.4484914679103604
1771414327533,2.4160809958403853,-1.9094831263700438,1.480311307992056
1771414327575,2.3494730002135764,-1.8401078796678938,1.4608307122718611
1771414327619,1.857408889339351,-0.8711400521556711,1.6404520083583842
1771414327663,2.403376497615424,-1.8987548869117643,1.473413882355829
1771414327708,2.36249761543419,-1.8686471472313835,1.4455285614875437
1771414327747,2.30462828680442,-1.770065025766192,1.4758663031922656
1771414327791,2.240565537207402,-1.7302456360781615,1.4235111398770197
1771414327831,2.111290457870757,-1.5369239876335028,1.4475538172146984
1771414327875,2.0269977180088157,-1.4010190778299012,1.4648772277462707
1771414327920,2.319936889071992,-1.7864846447679759,1.4800607363501235
1771414327965,2.3801587409708738,-1.8578361396716145,1.4878173645814623
1771414328007,2.2284633542902523,-1.7220048418700302,1.4144780825416616
1771414328051,2.1088607390354506,-1.5623195920659245,1.4164925375349178
1771414328096,2.3416552169431086,-1.8027823112418242,1.4944313611907583
1771414328141,2.0284537348106952,-1.4198576561401084,1.4486644851613417
1771414328185,2.1143099709751088,-1.5435955427437886,1.444859665775979
1771414328226,1.9141747104146378,-0.9402129931031159,1.6673524971016305
1771414328269,1.888966399413663,-1.008331814249254,1.5973293368891168
1771414328315,1.9407311613594147,-1.0543477195065554,1.6293521188014544
1771414328357,1.9062553190786824,-1.0363290666033873,1.5999473138915297
1771414328403,1.933258949110242,-1.1119262595678514,1.5814898537765851
1771414328444,1.9182049559755292,-1.0519250712883632,1.604046102056937
1771414328490,1.9074388639281379,-1.0256649864692946,1.6082084302584683
1771414328531,1.8947754016984255,-1.0564466531580694,1.5729253929899358
1771414328573,1.8800048758980707,-0.8333191834181001,1.6852292045736423
1771414328618,2.0900256967911064,-1.4806634330365533,1.475073968082807
1771414328658,2.2563377503326274,-1.7134642017448798,1.4680260464020671
1771414328703,2.3870497661604673,-1.8999207434950427,1.4450978356374304
1771414328748,2.094210772238193,-1.467564500860612,1.4939789805657342
1771414328791,2.1837686253541366,-1.6595718534271013,1.4193895421601606
1771414328836,2.1133530038791024,-1.5141426825203756,1.4743245422819315
1771414328881,2.0735420524390484,-1.509349744431134,1.4217735375997165
1771414328923,2.1269644120233266,-1.5549718079157722,1.451220275010272
1771414328968,1.9020960497918495,-1.0442845744733438,1.589792159419207
1771414329010,1.9118191894662961,-1.0058330728698395,1.625838996559248
1771414329053,2.059964919969608,-1.4794473837799107,1.4334193071575987
1771414329099,1.9072357985813981,-1.0312588936563516,1.6043857035155547
1771414329143,1.874688401209427,-0.8578179771375407,1.666914790782305
1771414329184,1.9261114110206792,-1.0758087154017035,1.5976672918758172
1771414329224,1.8952288858836583,-1.0551562440747384,1.574337267067608
1771414329270,1.897749178827729,-0.9414485633356552,1.6477641057914056
1771414329314,1.9065659823996282,-1.0718568896990406,1.5767424181673295
1771414329357,1.9109310795002514,-1.021968002440448,1.6146947056914123
1771414329401,1.854044684821955,-0.8335332808453049,1.6561110962250705
1771414329446,2.101437798884783,-1.5357040361314194,1.4344524864879247
1771414329491,1.8885463932387299,-0.889969710753018,1.6657014718601904
1771414329536,2.051235319720551,-1.4267225408842332,1.4737805563250956
1771414329580,1.9071034494582977,-1.029837038647009,1.6051415017893271
1771414329625,2.0685677280146444,-1.4939250573281317,1.4307901203428846
1771414329669,1.9030150249738997,-0.9588179103239678,1.6438170214833498
1771414329715,1.9000532026062549,-0.9529115774760718,1.6438253247368926
1771414329756,1.8647739937051593,-0.9452298784008696,1.6074584052402
1771414329797,1.8867268744826622,-0.8271745025760946,1.6957360175402025
1771414329842,1.9165338812500763,-1.1110798357699059,1.5616029317739515
1771414329884,1.8932229563781988,-1.0716186633553901,1.5607455279147253
1771414329929,1.922822086160348,-1.1925509537413166,1.5083325222764075
1771414329971,1.9037487710166614,-1.0282582006108558,1.6021686727757392
1771414330018,1.8790834360528805,-1.047576459397169,1.5599801669781546
1771414330062,1.9257217110439138,-1.1591955661819398,1.537748271899543
1771414330108,1.9188514211510173,-1.0829418946902312,1.5840541749504689
1771414330154,1.916164896458808,-1.1146646699231635,1.5585925009591444
1771414330198,1.953415030181239,-1.2218516267869364,1.5241092094256528
1771414330242,1.9205177363709431,-1.062643862095518,1.5997426036916353
1771414330280,1.9348347461287116,-1.163850071774569,1.5456514824685694
1771414330318,1.932883032971538,-1.1119790651160693,1.580993161874157
1771414330353,1.9302173539381189,-1.110983090867474,1.5784345425928905
1771414330388,1.8919012838895608,-1.0531172981562997,1.571697943087966
1771414330427,1.9248496472758503,-1.0908167005224108,1.5859272021374013
1771414330473,1.919640569313356,-1.0774934085695997,1.5887189398514676
1771414330519,1.9125209663509841,-1.0789222423167817,1.579133699775364
1771414330563,1.892371057255108,-1.0815004473836232,1.5528763636058853
1771414330607,1.9109109543285157,-1.0611458164582648,1.5891979837596828
1771414330653,1.8993272992270875,-1.0438480101688488,1.5867657424004962
1771414330700,1.9094376090170275,-1.0780662607893716,1.5759838578095542
1771414330741,1.9020960497918495,-1.0442845744733438,1.589792159419207
1771414330781,1.9034594649203835,-1.0318276818237266,1.599527920862048
1771414330825,1.9258798590473312,-1.0737218452863226,1.5987916157020285
1771414330868,1.9190431198946816,-1.1591672363958987,1.5293978599701936
1771414330913,1.91631084857437,-1.1504267804544237,1.5325682664002578
1771414330957,1.9493878586379445,-1.15009136116475,1.5739767737737564
1771414330997,1.9154867489170146,-1.1228863281731525,1.5518427044254484
1771414331035,1.9000486134754426,-1.0730422066602476,1.5680450109278299
1771414331075,1.9592390707258254,-1.1536169576453357,1.5835989553203538
1771414331115,1.9371676942830847,-1.2145370652797167,1.50914492108471
1771414331153,1.9157445906399622,-1.0398861298214077,1.6089481575151297
1771414331196,1.8973034013335794,-1.0261904525994057,1.595836254665809
1771414331243,1.904050802813053,-1.0243109279737836,1.6050534516104185
1771414331282,1.930690678266422,-1.1005547990958453,1.586299350479587
1771414331324,1.9193565653949727,-1.1145832811410483,1.5625727933525657
1771414331367,1.9274394493889855,-1.1397154596429053,1.5543717387137084
1771414331409,1.913320889953636,-0.9925764662650882,1.6357227107763967
1771414331454,1.9377772105848272,-1.0518798308194206,1.6274302871020991
1771414331494,1.9063863820708566,-1.0772677309607566,1.5728328816425075
1771414331541,1.9020960497918495,-1.0442845744733438,1.589792159419207
1771414331582,1.9061798429554564,-1.1126778850882855,1.5477304409118366
1771414331623,1.8993272992270875,-1.0438480101688488,1.5867657424004962
1771414331664,1.9259315510015167,-1.1575395553116843,1.5392577812153285
1771414331707,1.9406312050232677,-1.1372415432993284,1.572492017818921
1771414331749,1.9275597733242522,-1.2147382602091434,1.496628757882831
1771414331789,1.9154103961746096,-1.1238821804531025,1.5510273467072573
1771414331835,1.905351828792478,-1.0081927725544622,1.6167600084279012
1771414331875,1.9090388735670552,-1.121088008181875,1.5451831926024069
1771414331921,1.953749031223057,-1.1398459540751844,1.5867849501376883
1771414331962,1.9222394437639365,-1.0018214173698408,1.640535987676275
1771414332002,1.9257217110439138,-1.1591955661819398,1.537748271899543
1771414332047,1.879840286686904,-0.8767010346682226,1.6628874884557792
1771414332091,1.9301395604377338,-1.064886541278876,1.6097997940644302
1771414332136,1.9538980649785138,-1.1759108213759075,1.5604330772249797
1771414332182,1.8812144985080095,-1.063654113817045,1.5516468398307712
1771414332224,1.9302173539381189,-1.110983090867474,1.5784345425928905
1771414332265,1.9249548502298666,-1.0899500055588547,1.5866506108169312
1771414332308,1.8755433286566967,-0.8919914521304243,1.6498527288806413
1771414332353,1.95395924074967,-1.1785779331875528,1.5584963169396273
1771414332399,1.8960138031893328,-0.9637794338577146,1.6327882730952539
1771414332440,1.9062553190786824,-1.0363290666033873,1.5999473138915297
1771414332485,1.8968005836794848,-1.0704295525404164,1.5658968763283738
1771414332532,1.913320889953636,-0.9925764662650882,1.6357227107763967
1771414332572,1.9289146621860742,-1.080200655051318,1.5980858296171454
1771414332616,1.9130797813021705,-1.1140729440895307,1.5552220821718181
1771414332658,1.9064609564727428,-1.033283956171864,1.6021603054853115
1771414332700,1.9336380896773762,-1.1818290643651217,1.5304366450373024
1771414332741,1.8999873964584102,-0.9530409968925897,1.643674227133463
1771414332786,1.9300855518744038,-1.0304580401447294,1.6319885002828314
1771414332832,1.9016572280263773,-1.0538106929682878,1.582966593548538
1771414332875,1.90493127654695,-1.0941477719145094,1.5593600679706106
1771414332914,1.8987345757202718,-1.0466173265599912,1.5842301476679634
1771414332955,1.8881530354863967,-0.8489499303649568,1.6865366587032222
1771414332999,2.1279663838752327,-1.5759511585471337,1.429901701788267
1771414333042,2.095905878122912,-1.4830289921144588,1.481028851338875
1771414333083,2.057341636309222,-1.3987533154173246,1.5086894216837834
1771414333124,2.406532166279971,-1.9025440557656714,1.4736767566908557
1771414333172,1.91375224166373,-1.02523380889966,1.6159651232505134
1771414333216,1.896583579494323,-1.0351036840963075,1.5892103816605752
1771414333258,1.8940525479873171,-0.9446204558742402,1.6416842719844735
1771414333297,2.0557392774855727,-1.4513010314580108,1.4559496190067218
1771414333340,1.879840286686904,-0.8767010346682226,1.6628874884557792
1771414333386,1.8907474085342357,-1.0291812377594738,1.5860995374574718
1771414333427,1.8753866922267337,-0.973605240117478,1.6028624650283998
1771414333473,1.8815201604629739,-0.8543683641360289,1.6763570063062763
1771414333518,2.0949453851301025,-1.5319262102795341,1.4289850429365936
1771414333560,1.8762291838689722,-0.8830811579899861,1.6554164487538159
1771414333598,1.8878136795278875,-0.8999481151500389,1.6594980803395085
1771414333640,1.8984887367404308,-1.0514760254708049,1.5807142851857816
1771414333680,1.8616346053018022,-0.5908546843650381,1.7653821528556044
1771414333725,2.037081295889235,-1.4337420338997193,1.4470950163312912
1771414333770,1.8714954965608361,-0.93973503911231,1.6184540308306798
1771414333816,1.891934497279883,-0.9268789137484833,1.6493367216084518
1771414333859,1.8854016376615872,-1.0133039064269818,1.5899542535924778
1771414333904,1.8896486614819592,-1.0017439741955452,1.6022737200626724
1771414333950,1.9071034494582977,-1.029837038647009,1.6051415017893271
1771414333992,1.9036601129305808,-1.0676085165593872,1.5761135368153958
1771414334032,1.8799015166682906,-0.9993966361479943,1.592242467725256
1771414334077,1.8989779566364073,-0.9210078608196391,1.6606811253517086
1771414334116,1.8789397515566233,-0.9725925534173344,1.60763127458283
1771414334156,1.9034417700099535,-1.028144149394054,1.6018770801423565
1771414334199,1.9018441883813941,-1.0559134354221107,1.5817895352337996
1771414334238,1.8944796883396713,-0.9829755314879645,1.6195099240287265
1771414334283,2.1088918489363513,-1.492304668632876,1.490117984082705
1771414334327,2.078090804021896,-1.464028883008324,1.4748155204898576
1771414334370,2.162087155472714,-1.6042553711059255,1.4494776894239798
1771414334413,2.329434329543742,-1.835777194827196,1.4339408588255285
1771414334457,2.0661500835788695,-1.4511205053642529,1.4707907556088204
1771414334505,1.88665388105958,-0.954565521076485,1.62734984956805
1771414334546,1.9094184825123146,-1.0400947159935279,1.6012750928937765
1771414334591,1.9149149365427955,-1.088145386155256,1.5757026473239573
1771414334638,1.8936113280373723,-1.071165943586066,1.5615272597597627
1771414334683,1.928100481147668,-1.0894593223662818,1.590801637637789
1771414334725,1.9036601129305808,-1.0676085165593872,1.5761135368153958
1771414334770,1.9073413900750018,-1.065398965940575,1.5820481097823775
1771414334813,1.9245570987631557,-1.1317667315162592,1.5566065950755377
1771414334857,1.8945944089483406,-0.9773707709129817,1.6230324551848234
1771414334899,1.9143917542581785,-1.100522635243959,1.5664436530202412
1771414334941,1.9110142726543105,-1.0602887264485081,1.5898941369961346
1771414334986,1.8718104506954325,-0.8551582803565111,1.6650461491713475
1771414335026,1.9387775886411411,-1.0827978780903755,1.6082311069681925
1771414335072,1.906704175771234,-1.1134932358585141,1.5477899171401772
1771414335113,1.9302173539381189,-1.110983090867474,1.5784345425928905
1771414335157,1.908126866077571,-0.9730450727518033,1.641380950127194
1771414335198,1.9383011051535304,-1.164397636931602,1.5495771414639214
1771414335239,1.897264046247702,-0.9883788834256265,1.6194807945704432
1771414335286,1.8945208171170627,-1.0213852895455016,1.5956131162628222
1771414335331,1.8939370993149656,-1.1079991748708529,1.5360128790628989
1771414335373,1.8973220249522291,-0.8603457706229207,1.6910458365579804
1771414335415,1.8881699013418378,-1.0182025910846308,1.5901097634571615
1771414335456,1.909988680176021,-0.9930985479493045,1.6315060626493307
1771414335497,1.9049803753552765,-1.012945592116433,1.6133479035535452
1771414335539,1.8929516357571505,-0.9600633188025766,1.631424015762136
1771414335581,1.9271407909678333,-1.1065458476170031,1.5777921014296192
1771414335627,1.9103851512064198,-1.0238395542962224,1.612862050210274
1771414335671,1.927863684202787,-1.0540383623615037,1.6142061564553094
1771414335716,1.8892050353465049,-1.0856789885522586,1.5460908121435601
1771414335763,1.9395668070011378,-1.1542863951397822,1.5586989179491322
1771414335807,1.898031834232966,-1.056013229748121,1.577136932025466
1771414335853,1.9082900645133285,-0.9719768141133527,1.6422034110140986
1771414335899,1.8978492470202104,-1.0574723170251008,1.5759391051499243
1771414335940,1.85753914393371,-0.869694730575983,1.6413661221233815
1771414335984,1.8910652516184923,-0.9432198993627182,1.6390436258150956
1771414336024,1.9194608533961983,-1.113260483652906,1.5636435217968832
1771414336060,1.91719389647352,-1.1399939129327796,1.5414429328235049
1771414336100,1.8908838758973427,-0.9448936444408801,1.637869907173274
1771414336143,1.9301395604377338,-1.064886541278876,1.6097997940644302
1771414336181,1.9427915238124294,-1.2268528266601162,1.5064099862632032
1771414336226,1.9006242867034524,-0.9844076372076586,1.6258272611240845
1771414336272,1.9235353779331472,-0.9912216922654754,1.6484744180431745
1771414336312,1.92746061129441,-1.0618070042523768,1.608623726609804
1771414336358,1.894928230563377,-1.0548779984690786,1.5741618110384719
1771414336397,1.9540039018282473,-1.1365047165688367,1.589493088244426
1771414336441,2.1220382426136895,-1.5630294050439772,1.4352649170389646
1771414336485,1.9003749119621463,-0.99195859534127,1.6209389103676024
1771414336529,1.9200566269466153,-1.1106556025909942,1.56622526576315
1771414336574,1.940144539611233,-1.066559803771794,1.62068226977454
1771414336618,2.049178430359156,-1.414881996132149,1.4823094064568028
1771414336658,1.9087133470096782,-1.0446944777467624,1.5974354726305247
1771414336699,1.9001148149442861,-0.9954191118527007,1.6185107666398575
1771414336741,2.054643541607212,-1.4285023075504897,1.4768010158417255
1771414336786,1.9103355943711413,-0.9404579095886931,1.6628051609895271
1771414336831,2.081551987762306,-1.4638499241352618,1.4798655605717685
1771414336875,1.8947754505332042,-1.0567682278176214,1.5727094202739775
1771414336921,2.0818516149967423,-1.4537293102465678,1.49022724421297
1771414336965,1.9073556458794438,-1.0229999493170598,1.609806405616987
1771414337009,2.1115568069846433,-1.499456245080113,1.4867088209240675
1771414337054,2.081262744046355,-1.5016476450144765,1.4410790956702688
1771414337099,1.8944796883396713,-0.9829755314879645,1.6195099240287265
1771414337141,2.062361852440013,-1.4529759882687685,1.463624674537225
1771414337186,1.9216582619106701,-1.0100063214863273,1.6348265064303291
1771414337230,2.0864394641981425,-1.482391731706808,1.4682453444607693
1771414337274,1.9061780558544772,-1.0041754063623327,1.6202303953074693
1771414337316,1.8842970515744581,-0.9452135532066042,1.6300756784292998
1771414337361,1.8816777949896326,-0.7637737030302272,1.7196979545014701
1771414337397,1.8964280266327016,-1.0368489747466514,1.5878864769764935
1771414337434,2.322607824423265,-1.7974255157533054,1.4709753979557696
1771414337469,2.3110397890936376,-1.8091453250430267,1.4380188106032985
1771414337507,2.0397457104945547,-1.3718615431982484,1.5094894732241944
1771414337550,1.887345610828842,-0.9899563484054159,1.6068789260447438
1771414337590,2.068164122811873,-1.4597318615757588,1.465088984050721
1771414337636,2.0781340693511394,-1.4599883101980287,1.4788763789725738
1771414337680,1.9111072060214493,-0.9794582317067952,1.6410339195912154
1771414337725,1.8968005836794848,-1.0704295525404164,1.5658968763283738
1771414337771,1.942486025699092,-1.2297344152782907,1.5036639345001308
1771414337812,1.9179130829512079,-1.13562034639008,1.5455604234776075
1771414337858,1.9425144913906205,-1.1560920649721678,1.561029687921069
1771414337898,1.9465092640694357,-1.1507394824829393,1.56993533579031
1771414337942,1.8852014640389423,-0.9726466582425898,1.6149127029731651
1771414337988,1.883921494960522,-0.9497012240396416,1.627030357501634
1771414338032,2.046492979689189,-1.4047233711228617,1.4882492286369102
1771414338075,1.9368442442846172,-1.1026328651074238,1.5923461908151266
1771414338121,1.9506501261125953,-1.176133081104167,1.5561962890443812
1771414338165,1.9156196259216467,-1.1214513224302163,1.5530439409867671
1771414338209,1.9052658273595158,-1.090240600467691,1.562502257917021
1771414338255,2.0899582529820577,-1.516464325922314,1.438145141288874
1771414338300,2.110140791849349,-1.5551950434813573,1.4262056437125807
1771414338341,2.0818516149967423,-1.4537293102465678,1.49022724421297
1771414338387,2.0686192813349593,-1.4222580931675164,1.5021210495596764
1771414338431,2.3617752793799505,-1.8785865266760227,1.4313962177124682
1771414338472,2.292886962692635,-1.7553373631883398,1.4751682497535203
1771414338517,2.1297630909445213,-1.5568407344315998,1.4533195626441
1771414338557,1.9016578954496501,-0.9270417708507606,1.6603904078330127
1771414338602,2.053816651519903,-1.4727442960870474,1.4314981929445432
1771414338644,2.222229244971541,-1.6771876465881366,1.4578561024116656
1771414338685,2.2978293570967785,-1.7716239596674186,1.4633414843665615
1771414338726,2.061177352938504,-1.4313886168190602,1.4830976730840744
1771414338771,2.2238071150378076,-1.7293389985683993,1.3981075469802826
1771414338816,1.9083592160942644,-1.0930875762482128,1.5642872013488198
1771414338859,1.9041095678903432,-1.0666652323771373,1.5772946866611126
1771414338904,1.8985998809872802,-0.9706169862698516,1.6317426800967563
1771414338950,1.8921011042506044,-1.0082168717705675,1.6011075317365564
1771414338996,1.898549124759195,-0.9713250355134674,1.6312622273897803
1771414339040,1.9278394063516358,-1.0926608285405202,1.5882874709747512
1771414339082,1.883740282119006,-0.9909021213943623,1.6020581875493614
1771414339123,1.9308494536416863,-1.0559288672100557,1.616537608600829
1771414339168,2.1464038572710296,-1.5893039778824782,1.4426234381829812
1771414339208,2.366507131324052,-1.8304505707140242,1.4999355688763087
1771414339254,2.188894795654384,-1.6743822900489544,1.4098596998330248
1771414339298,2.3865069245769797,-1.863642988516471,1.4907213396229593
1771414339340,1.8718920918839763,-0.8071395625489588,1.6889362718072118
1771414339384,2.2289165104536615,-1.7157328899522213,1.4227893241478604
1771414339428,2.3417777348322706,-1.8457165819296661,1.4412679343363017
1771414339474,1.8636820739537303,-0.9195121308332276,1.6210516074533268
1771414339520,2.0968417988557184,-1.483027865299394,1.4823541682654677
1771414339564,2.097710126965782,-1.5370224521547335,1.4275677771465167
1771414339606,1.859322712573649,-0.7574462897849513,1.6980447778498786
1771414339648,2.169640847339578,-1.6315080278678205,1.4302178021012242
1771414339690,1.9273841412875559,-1.0598927332372536,1.6097940930807373
1771414339732,1.9120199000747278,-1.0850593425085644,1.5743145560899365
1771414339774,2.1106644529983014,-1.546363684854882,1.4365457832288708
1771414339819,1.856879551259304,-0.8373412391083578,1.6573657765180967
1771414339865,1.9020680251322193,-0.9676510109294658,1.6375329899814426
1771414339907,2.089017347439549,-1.4493236308501762,1.5044781457245007
1771414339953,2.0993175097751813,-1.489184874962047,1.4796832144188636
1771414339996,1.8718857190808806,-0.8500013579388856,1.66776911975279
1771414340040,1.9011902695373022,-1.0210246294189058,1.603755949982199
1771414340080,2.0627784477348485,-1.451318751143512,1.4658542925606997
1771414340119,2.2242901382051197,-1.6923650478045975,1.443387392173665
1771414340164,2.1275953077135012,-1.5379098290494266,1.4702024184164817
1771414340207,2.0756150869553935,-1.491437466110951,1.4435346458874454
1771414340251,2.088977048917908,-1.4529275231376304,1.5009419453846045
1771414340295,1.8900647259965069,-1.0000601755626788,1.6038155485310008
1771414340334,2.3551687201093374,-1.8412650027385304,1.4685240515128564
1771414340378,2.03484018897201,-1.42332685069338,1.4542060619977175
1771414340420,1.8958592591463228,-0.9174624921102795,1.6590795357853219
1771414340464,2.0908280791822027,-1.5034460057707542,1.4530010889289466
1771414340506,2.0300610820878107,-1.362486574748671,1.5049180478142876
1771414340552,1.8815462768518263,-0.9792355980535017,1.606646829717026
1771414340596,1.8960033418301592,-0.9643610604343246,1.6324326685499517
1771414340640,2.0493393318167685,-1.4480191184373468,1.4501835503035914
1771414340683,1.9066117817848114,-1.0323510665247515,1.6029409726767425
1771414340727,1.8946514995098687,-0.9773767303051504,1.6230955090976646
1771414340768,2.130948143798853,-1.545502102675264,1.467093467433522
1771414340808,2.107366809957778,-1.5096031670656405,1.4704057772251202
1771414340854,1.8996267834524763,-1.0359811230867142,1.5922704007228143
1771414340899,2.1034676176464333,-1.5163662630648571,1.4578097868809503
1771414340940,1.8649200011902323,-0.903832500481295,1.6312612978652763
1771414340987,2.066805391904088,-1.439228403999631,1.4833428899362697
1771414341027,2.3512120106324854,-1.852268763878036,1.4482052151902327
1771414341062,1.903179792610733,-0.996556024382494,1.621409699387786
1771414341101,1.8781682464541114,-1.0209266231806902,1.5764595751459614
1771414341139,2.4295038924128756,-1.9116686376721106,1.4993372479166156
1771414341178,2.1155962208425034,-1.5247489663215545,1.4665905902276997
1771414341224,1.9073413900750018,-1.065398965940575,1.5820481097823775
1771414341272,2.1546885724565725,-1.577080696599986,1.4681618850408304
1771414341314,1.8613176196942574,-0.7726145129978658,1.6933901191660967
1771414341357,2.0741949173223984,-1.4675061017853268,1.46584801267693
1771414341402,2.104716294899345,-1.538061217186141,1.4367318379581886
1771414341447,1.8815462768518263,-0.9792355980535017,1.606646829717026
1771414341491,2.2534362010683284,-1.704009668345217,1.4745595147267818
1771414341536,1.869006609752938,-0.8915839217637456,1.6426392841255655
1771414341581,1.894166288858908,-0.9025042495599469,1.6653384068638317
1771414341625,1.8981115119405763,-1.0585660860294768,1.575520597538977
1771414341667,1.9134165596927946,-1.024923115246417,1.615764691636808
1771414341708,1.9601964185749052,-1.2166730704535433,1.5369048893887454
1771414341752,2.2534114748861125,-1.740747403445448,1.4309653219230491
1771414341791,2.1159846754901297,-1.5250050515065467,1.466884705690459
1771414341835,2.329162565512302,-1.8263405387822416,1.4455028512543449
1771414341881,2.077960797873668,-1.5001584056290984,1.4378615494963807
1771414341922,2.3225740446875442,-1.8236000763742164,1.4383438234664934
1771414341966,2.315657724686405,-1.7940857977456366,1.4640788394848214
1771414342009,2.1983929269046314,-1.6816828593608333,1.415935811255681
1771414342054,2.287717621870329,-1.7724786340316208,1.446364894940911
1771414342099,2.248734091234628,-1.7195023516822598,1.4491779309801833
1771414342143,2.1423935368395277,-1.5630335400341526,1.4651881174170385
1771414342188,1.9383943558130856,-1.2045117150144025,1.518724532968731
1771414342233,1.9674632278330226,-1.1683045547111546,1.583027485647772
1771414342275,1.8918033965451662,-1.0919706634976551,1.544836613121374
1771414342321,1.9531147731956902,-1.1843594056777131,1.5530454325157348
1771414342364,1.9612818596930353,-1.1667733732355903,1.5764727808209733
1771414342406,1.9403974640219455,-1.1399958132672892,1.5702075863133031
1771414342449,1.9160677198508882,-1.15706391869059,1.5272585226866333
1771414342493,1.9565143795241386,-1.186125591701598,1.5559738423235974
1771414342538,1.9414035887250403,-1.2059491011727301,1.52142520673714
1771414342583,1.9755585460725096,-1.2303757421870587,1.545641323851615
1771414342625,1.9236862900739644,-1.182721805152995,1.5171480067001286
1771414342669,1.9800075725820645,-1.2972318782392254,1.4958674545434336
1771414342713,2.3495927809067587,-1.8316031413581946,1.4716712162218668
1771414342757,2.070654511902262,-1.4709913850315368,1.457324415778517
1771414342802,2.3104641899433997,-1.810562486189056,1.4353077219243668
1771414342847,1.9857152945889422,-1.3037785669862976,1.4977405247343767
1771414342889,1.9650342694428382,-1.2784728907377432,1.492268993088521
1771414342932,1.9531118716510434,-1.1842745829108012,1.5531064662333003
1771414342973,1.9857152945889422,-1.3037785669862976,1.4977405247343767
1771414343013,1.9818829649103558,-1.2753237066758465,1.5170397258451875
1771414343056,2.326119178459641,-1.832868378023306,1.4322792818581056
1771414343102,2.0981739415449674,-1.4973211680832885,1.4698174065468268
1771414343147,2.1757641266406975,-1.6391796081389671,1.4307479676861117
1771414343186,2.329590937758986,-1.7920495492122435,1.4884731608117718
1771414343232,2.1098440498334003,-1.551937036898063,1.4293121940714921
1771414343275,2.071042527585363,-1.4731850141231906,1.4556589797167547
1771414343319,2.1058890001503534,-1.5219620908925315,1.4554723888965706
1771414343359,2.089709425253863,-1.5181072243201619,1.4360487239163453
1771414343403,2.059564068882764,-1.4485466894516534,1.464075354041445
1771414343450,2.1724467074076035,-1.6359356205951394,1.4294192323437287
1771414343491,2.027264223980638,-1.3590898146431265,1.5042191029119167
1771414343532,1.991513424543476,-1.3143564279118094,1.4961928019288797
1771414343573,1.906743280509809,-0.991028745628976,1.6289665322241482
1771414343619,1.9744385461541174,-1.2474443027689681,1.5304542737463371
1771414343663,1.9653965335896457,-1.2337773305281803,1.5298944515622483
1771414343707,1.9237807692471105,-1.0609894638993353,1.604753503071299
1771414343754,1.940255242267295,-1.1789595031954896,1.5409882851503978
1771414343798,1.9466590256357577,-1.186486932580767,1.5432854955918687
1771414343840,1.9256707032148346,-1.1602706281079722,1.536873360680654
1771414343886,1.9645061566418391,-1.207977954111945,1.5492171254744151
1771414343927,1.9093269797810142,-1.1574512801783,1.518497958422501
1771414343969,1.9016572280263773,-1.0538106929682878,1.582966593548538
1771414344015,1.9342676976299977,-1.1373678944303944,1.5645401237468546
1771414344060,1.9005436800752182,-1.1045003470631587,1.546656155456414
1771414344106,1.946507269963494,-1.187614904876567,1.5422261149830647
1771414344148,1.9156196259216467,-1.1214513224302163,1.5530439409867671
1771414344189,1.9294357861563203,-1.073296215107779,1.6033582530226904
1771414344232,1.900666438380763,-1.1032318813885524,1.5477119647644033
1771414344275,1.9234731151012232,-1.111164911519207,1.5700513889442334
1771414344320,1.9497359467606865,-1.2595332088399405,1.488303180780097
1771414344365,1.952049699488978,-1.2371984366003073,1.509913261663982
1771414344406,1.9274394493889855,-1.1397154596429053,1.5543717387137084
1771414344452,1.9285925052295723,-1.0841862925706138,1.5949950263965291
1771414344492,1.962098179170998,-1.236093738228012,1.523778702771385
1771414344534,1.9456834251254198,-1.1971493328399616,1.5337918586589967
1771414344578,1.9050063881097767,-1.0931833476422728,1.5601280419172945
1771414344622,1.9557324148433777,-1.2273345162612586,1.522675035476333
1771414344667,1.8977422978433516,-0.8552253154747429,1.6941120059768453
1771414344709,1.8846972839330434,-0.9395778227460414,1.6337923267870977
1771414344751,1.9627635960168375,-1.2314869470652618,1.528358869198209
1771414344791,1.923001882219982,-1.115448148097408,1.5664327843631387
1771414344826,2.1036517413905456,-1.4766453574921299,1.4982887362762938
1771414344870,1.9080320596827467,-1.0950429894395797,1.5625195013363558
1771414344913,1.9094184825123146,-1.0400947159935279,1.6012750928937765
1771414344958,1.8820247661078384,-0.9735255333585158,1.610672299427255
1771414345002,1.9718475418482038,-1.200645448759123,1.564171740783859
1771414345047,2.070822810273001,-1.4310513505546405,1.496796293295353
1771414345089,2.2628632321424726,-1.7508483538629758,1.4335550387611864
1771414345135,2.1885342156649683,-1.646434101933144,1.441851851310626
1771414345181,2.2147723244936994,-1.6501517836438926,1.4772323921035935
1771414345224,2.1059312153793104,-1.5211507148411774,1.4563814015041374
1771414345264,2.081451176305466,-1.4620168737110262,1.4815349001382474
1771414345308,2.2060132844182725,-1.6713525065008497,1.4398178391877294
1771414345354,2.1876390580363156,-1.6181609371439836,1.4721819961361178
1771414345398,1.9442651030455131,-1.2134434775302836,1.519118730632926
1771414345444,1.946379535407839,-1.1101846178388746,1.598713048100999
1771414345491,1.9370942471380679,-1.214692005147223,1.5089259275812108
1771414345531,2.158744510117592,-1.6027543104995983,1.4461523018471463
1771414345574,1.9269044942410827,-1.1452851134211077,1.5496073499123844
1771414345619,1.9060088121313634,-1.043506821053654,1.594980597479765
1771414345664,1.8865668534143551,-0.9946252830286195,1.6030767413826388
1771414345707,1.8877034010905127,-0.9854216243634784,1.6100833371988956
1771414345753,1.9220288448662,-1.0868824111727908,1.585207085771736
1771414345798,1.9007276360952439,-1.0650055200574484,1.574334395502867
1771414345840,2.33417375747068,-1.8097376807427556,1.4741833864769416
1771414345882,1.9218722416502487,-1.1220666090799367,1.5603074818809286
1771414345925,1.9031065769339621,-0.9970406841673085,1.621025760833087
1771414345966,1.891844231983986,-0.798800178834151,1.714932322975343
1771414346002,2.250379471310892,-1.7364397539664134,1.4314275202547113
1771414346037,2.384382895093599,-1.8899306207420659,1.4537689084570633
1771414346071,2.3107432212619647,-1.7774612820272553,1.4765383928303888
1771414346106,2.3048942302335007,-1.8019092531691436,1.4372405699489212
1771414346143,2.470786291916952,-1.9356464654414718,1.5355968419961854
1771414346188,2.1098440498334003,-1.551937036898063,1.4293121940714921
1771414346236,1.9069879671291248,-0.8609377034834681,1.701584372723223
1771414346279,2.1485570615687837,-1.5699984077263276,1.4667659822050285
1771414346320,2.3388472737838026,-1.8339497754829914,1.451493985895846
1771414346364,2.235524130229217,-1.6809428867932326,1.4737703851605686
1771414346408,2.1216357598100433,-1.533154341223899,1.4665524413709354
1771414346454,1.8896486614819592,-1.0017439741955452,1.6022737200626724
1771414346499,1.8728428956693484,-0.8868058763614266,1.649580507132038
1771414346542,1.8874079951324687,-0.8632360071486479,1.6784315702619588
1771414346588,1.9273213524523416,-1.0560666182273837,1.61223165006909
1771414346628,2.0685677280146444,-1.4939250573281317,1.4307901203428846
1771414346672,1.9038495439308922,-0.9497623240405193,1.6500286705869744
1771414346719,2.1059312153793104,-1.5211507148411774,1.4563814015041374
1771414346763,2.013185581924073,-1.3340305074576246,1.507739630187958
1771414346803,2.102526264952786,-1.523902302755523,1.4485642776462242
1771414346844,2.1011142650337806,-1.5046559024377095,1.466523702497783
1771414346886,2.2594560022230206,-1.7146607734236061,1.4714210335808016
1771414346931,2.3385752939417666,-1.8406353557646542,1.442565732486373
1771414346974,2.089709425253863,-1.5181072243201619,1.4360487239163453
1771414347015,2.2344049671354633,-1.6917361545754257,1.459655555417778
1771414347056,2.127656264570004,-1.5436747849875796,1.4642367767398594
1771414347102,2.294047973717783,-1.771356259321306,1.4577218898959758
1771414347143,2.3116679941141025,-1.8021601364547284,1.4477664720475443
1771414347185,1.9286621146979723,-1.0875070798462094,1.592816971266826
1771414347231,1.8983856362035783,-0.9286804021155586,1.655723628650189
1771414347275,1.8896486614819592,-1.0017439741955452,1.6022737200626724
1771414347321,1.8906483071115627,-0.9833175890462187,1.614818113676011
1771414347366,1.8753866922267337,-0.973605240117478,1.6028624650283998
1771414347413,1.9141747104146378,-0.9402129931031159,1.6673524971016305
1771414347458,1.931790248846417,-1.1292069793917716,1.5673880065991994
1771414347504,1.9173153849993412,-1.0603490871704848,1.597422329533393
1771414347550,1.9044064532449363,-1.1010391285323609,1.553858673303868
1771414347594,1.9216455929564982,-1.0486425213898714,1.6103014150345347
1771414347638,1.902609018889778,-1.0421711830479756,1.5917915391109183
1771414347680,1.9103340638551103,-1.0288339397754074,1.6096201290650518
1771414347722,1.9200566269466153,-1.1106556025909942,1.56622526576315
1771414347767,1.9349794085522098,-1.0873188019754378,1.600588371315923
1771414347809,1.8918260123008177,-1.092434640540952,1.544536246568586
1771414347853,1.9194608533961983,-1.113260483652906,1.5636435217968832
1771414347899,1.9177813694788624,-1.0140947839061651,1.6277276032477084
1771414347941,1.9294357861563203,-1.073296215107779,1.6033582530226904
1771414347986,1.9205177363709431,-1.062643862095518,1.5997426036916353
1771414348033,2.0899582529820577,-1.516464325922314,1.438145141288874
1771414348073,1.9156196259216467,-1.1214513224302163,1.5530439409867671
1771414348118,1.898031834232966,-1.056013229748121,1.577136932025466
1771414348164,1.8811756788510523,-0.9402356023772523,1.6293492402560608
1771414348209,1.9115389042227902,-1.1280271020746961,1.5432225501664458
1771414348254,1.8904414838357435,-1.032819386356933,1.5833676512334007
1771414348299,1.8903629623737175,-1.0673750945873195,1.5601866993949947
1771414348342,1.9070471580860207,-0.9870062289042666,1.6317621049859403
1771414348385,1.943358539068517,-1.2202752916685249,1.5124716935909304
1771414348429,1.8994007303324418,-0.9154017429318049,1.6642604313702911
1771414348475,1.9181013668970825,-1.1719023101589379,1.5184722022930155
1771414348519,1.9158074902121651,-1.0820016778519572,1.5810093955061066
1771414348561,1.9016572280263773,-1.0538106929682878,1.582966593548538
1771414348605,1.906605196365187,-0.9528923209381076,1.6514053407640172
1771414348651,1.929944716811393,-1.1474760948765224,1.551768417527285
1771414348692,1.9448725687755322,-1.124030701988529,1.5871623388181537
1771414348739,1.9001454944456708,-1.0343156437737755,1.5939711569244357
1771414348784,1.9035079441879872,-1.035407114075393,1.597270985684284
1771414348824,1.9018441883813941,-1.0559134354221107,1.5817895352337996
1771414348869,1.914132103035815,-1.0636162672589797,1.5914214224693553
1771414348910,1.8986694372693727,-1.0131315412973743,1.6057739915844955
1771414348955,1.9135413204919378,-1.1093140270519968,1.5591865746650435
1771414349000,1.9260080484626227,-1.076709014380169,1.5969360353800293
1771414349040,1.8856396293203255,-0.9672059182981501,1.6186875928579691
1771414349085,1.9392178061082908,-1.1115850908529352,1.5890073270192695
1771414349130,1.9194608533961983,-1.113260483652906,1.5636435217968832
1771414349174,1.9164936318222034,-1.0730885854505545,1.5879007300806895
1771414349216,1.9029441642492313,-1.0761477611346717,1.5694274396909973
1771414349259,1.9042723678508753,-1.0611143545518613,1.5812303998862296
1771414349304,1.914269663259097,-1.1379726696978267,1.539300668061603
1771414349343,1.9156196259216467,-1.1214513224302163,1.5530439409867671
1771414349387,1.9288384246367858,-1.081007229452947,1.5974482896875821
1771414349433,1.8971599039863616,-1.0282758499788123,1.5943225764078899
1771414349475,1.946493025013466,-1.1421524233038034,1.5761735115041502
1771414349515,1.8964577927309492,-1.1152282597089267,1.5338898553535525
1771414349558,1.9121929605338726,-1.1243799912686618,1.5466905164091425
1771414349603,1.9387775886411411,-1.0827978780903755,1.6082311069681925
1771414349646,1.9502707092821974,-1.2173516729369744,1.523683282011598
1771414349690,1.9118003586091823,-1.0498476756623412,1.5977485625356005
1771414349733,1.9052658273595158,-1.090240600467691,1.562502257917021
1771414349773,1.9425646858872874,-1.075559930122575,1.6176304879579568
1771414349818,1.9342751822150104,-1.1377846445376159,1.5642463307252228
1771414349859,1.9071034494582977,-1.029837038647009,1.6051415017893271
1771414349905,1.9394615190602205,-1.1549710721266535,1.558060591397519
1771414349947,1.8933706083196344,-0.9973702011653042,1.609380297591636
1771414349991,1.9545140819528248,-1.2090001407327347,1.5357226169657467
1771414350031,1.9274064140259133,-1.1395572305383552,1.5544467836358966
1771414350073,1.9493878586379445,-1.15009136116475,1.5739767737737564
1771414350114,1.9274394493889855,-1.1397154596429053,1.5543717387137084
1771414350157,1.971720932697012,-1.2014010993347592,1.563431749374691
1771414350195,1.8785277109432,-0.9777459379114051,1.6040197136192702
1771414350240,1.9269532395802695,-1.1083727843551343,1.576279974633232
1771414350284,1.9098246866355364,-1.0350151339446547,1.6050464187019806
1771414350329,1.9400010627442625,-1.1485168924730427,1.5634938666822245
1771414350375,1.9531147731956902,-1.1843594056777131,1.5530454325157348
1771414350420,1.9221244751430175,-1.123464591991613,1.5596120698702416
1771414350464,1.9269693049879562,-1.1816731644634977,1.5221232652950911
1771414350506,1.9164936318222034,-1.0730885854505545,1.5879007300806895
1771414350552,1.9019399238269012,-1.0071934293195488,1.6133619772953018
1771414350595,1.929978814004875,-1.0665090412440639,1.6085324639099863
1771414350635,1.9037487710166614,-1.0282582006108558,1.6021686727757392
1771414350680,1.886279408942865,-1.0418611472534203,1.5724424817606624
1771414350725,1.9079723855068706,-1.0156240257175921,1.615198582912321
1771414350765,1.8883289339926657,-1.0970128663975844,1.536993472306253
1771414350807,1.9217614607702926,-1.0479571055431265,1.6108857864676942
1771414350849,1.9233432314260601,-1.0663961900620025,1.6006399819115116
1771414350892,1.9049206583297758,-1.052341652044257,1.5878601203835023
1771414350937,1.908037011676608,-1.0543591005446518,1.5902616530076028
1771414350983,1.9040368208525666,-1.100828536709898,1.5535548744500447
1771414351023,1.9237894990870175,-1.0652400602053764,1.6019455830118334
1771414351059,1.9156196259216467,-1.1214513224302163,1.5530439409867671
1771414351094,1.9121322959852494,-1.1275939801271175,1.5442738530878863
1771414351134,1.9377271575784907,-1.1715293793014583,1.5434718820408608
1771414351172,1.947333517771191,-1.1780220102941348,1.5506037445774747
1771414351217,1.9098246866355364,-1.0350151339446547,1.6050464187019806
1771414351257,1.9483747357395131,-1.1619438699794882,1.5639854711234078
1771414351302,1.8989598676977049,-1.0062710081103503,1.6104245519002323
1771414351346,1.9326809297292826,-1.076771968750373,1.6049354203371204
1771414351391,1.8939685124790946,-1.103802636232113,1.5390700005228197
1771414351433,2.1412609727176526,-1.5794690329350496,1.4457787269437077
1771414351477,1.883524905955962,-1.0335576240889164,1.5746189091472544
1771414351522,2.1301529259690812,-1.5831795178563617,1.425164587777403
1771414351566,2.3163604161453417,-1.7931190729369582,1.466372929290065
1771414351608,2.0664759750392485,-1.4435668425827837,1.4786607881491907
1771414351649,2.128890198457779,-1.5624337717174097,1.4460201195303306
1771414351690,1.8610328700023577,-0.6402757220775487,1.7474239162113143
1771414351736,1.8880552745101562,-1.0235225758942113,1.5865542084153634
1771414351777,2.106876461719038,-1.5518978669412897,1.4249706788312548
1771414351817,2.094913448892096,-1.5006157590768967,1.4617847659484777
1771414351856,1.8610601069773098,-0.9535748409675262,1.5981989064118876
1771414351896,2.052044843561247,-1.420813783855448,1.4805999566367234
1771414351941,2.090881330904414,-1.5033401183730262,1.453187265432363
1771414351983,1.8688453871642454,-0.8937727228826079,1.6412657922944984
1771414352023,2.142269737531011,-1.5673705588601852,1.4603661046324987
1771414352068,1.9493591804211732,-1.2283544610817447,1.5136533725502959
1771414352115,2.0124960813211388,-1.3772039260485376,1.4674637383627012
1771414352157,1.8732223753516442,-1.0752565637624156,1.5338791965483785
1771414352202,1.902609018889778,-1.0421711830479756,1.5917915391109183
1771414352244,1.9151059625672724,-1.0517915173065535,1.6004266468609853
1771414352287,2.1277239441714952,-1.5771810520798382,1.4281838507562805
1771414352330,2.1246246653441596,-1.5736933827213593,1.42741693480489
1771414352369,1.9345873358242565,-1.1362941510974813,1.565715096086529
1771414352404,2.134522449413917,-1.585037604545546,1.4296299798299221
1771414352444,1.9327108940515487,-1.114870959252032,1.578744483506432
1771414352489,1.9020960497918495,-1.0442845744733438,1.589792159419207
1771414352534,1.9181013668970825,-1.1719023101589379,1.5184722022930155
1771414352580,2.129973527860229,-1.5536979456536677,1.456986589868597
1771414352624,1.9225832472651694,-1.036861149229915,1.6190260343435814
1771414352668,1.914132103035815,-1.0636162672589797,1.5914214224693553
1771414352713,1.9139081450775413,-1.0233978599409477,1.6173129592204605
1771414352757,1.9550437667369804,-1.2435261518401028,1.5085883598738479
1771414352801,1.9246632586774552,-1.0936384910811527,1.583756139728797
1771414352842,1.9189178818867914,-1.044086579734065,1.6100090221623329
1771414352882,1.9044969244773196,-1.095477497176646,1.5578952431159037
1771414352926,1.9260080484626227,-1.076709014380169,1.5969360353800293
1771414352971,1.8834228782947005,-0.9948075473715657,1.599262230585236
1771414353017,1.9398002956696068,-1.2245377309026104,1.5044376134209687
1771414353058,1.9260080484626227,-1.076709014380169,1.5969360353800293
1771414353105,1.9151225382862112,-1.131126732048348,1.54539530628815
1771414353148,1.9445264354919363,-1.170075636174451,1.5530956390248247
1771414353190,1.912070128127061,-1.0460303958555992,1.6005725806167035
1771414353234,1.9405040750277232,-1.1797697889794367,1.5406814434563085
1771414353278,1.9525160267679664,-1.1546233449464356,1.574536047885367
1771414353324,1.965002433858777,-1.164980304073971,1.5824207582658398
1771414353365,1.9089577861603257,-1.1215540021772281,1.5447447845978874
1771414353408,1.9214872734723263,-1.0933000332434732,1.58012922871072
1771414353447,1.917905480158922,-1.1315573440052815,1.5485281424796056
1771414353491,1.90005120887986,-1.0732386212495972,1.567913727927682
1771414353532,1.902609018889778,-1.0421711830479756,1.5917915391109183
1771414353578,1.9347843463070395,-1.1320776395575967,1.569009459731986
1771414353625,1.914458247145025,-1.0976352192778214,1.5685494271659184
1771414353665,1.8986876057354172,-0.9649552191329763,1.6351990855065082
1771414353707,1.95395924074967,-1.1785779331875528,1.5584963169396273
1771414353751,1.9373193852760786,-1.2166891421528316,1.507605363460176
1771414353795,1.9486099454397585,-1.1633658973965773,1.5632211961975808
1771414353841,1.9345948263281099,-1.2070372726246932,1.511859174840776
1771414353886,1.9122329726079343,-1.1636344241361298,1.5174287029361067
1771414353930,1.8996198711813321,-0.9573986031318937,1.6407143473828951
1771414353974,1.9144024592884457,-1.1718723339661705,1.5138203357777729
1771414354022,1.9249548502298666,-1.0899500055588547,1.5866506108169312
1771414354061,1.9280818568413067,-1.1690687174628922,1.5332246999478876
1771414354106,2.311707098879237,-1.8017880062166363,1.4482919911614982
1771414354147,2.272447288842832,-1.7556050095140623,1.4428678841592761
1771414354191,2.390287200922489,-1.8579014059733177,1.503886720659584
1771414354231,2.127180717286903,-1.5499082377396542,1.4569427780746849
1771414354273,2.0695945337488952,-1.4830101375299638,1.4435728128870622
1771414354314,2.439167980136698,-1.9157312282179642,1.5098060460054556
1771414354358,2.2947215868214332,-1.7703326589260713,1.460023779862514
1771414354398,2.0540188155135777,-1.3985648802923,1.5043302729443373
1771414354440,2.1352405708843567,-1.56930735759192,1.447938780804775
1771414354486,2.0843339689539637,-1.5002181277897615,1.446994700469344
1771414354531,2.2435857631828715,-1.702219451667356,1.4615491832716931
1771414354573,2.133147034487413,-1.5189253619841347,1.497725614211031
1771414354618,2.289547955637579,-1.785278774137998,1.4334606865123802
1771414354663,2.398676285916103,-1.9179519720869231,1.4405235705756958
1771414354707,2.090751446107271,-1.4700778217121717,1.4866448155190402
1771414354752,2.307086681607205,-1.7799701567379314,1.467772188580942
1771414354796,2.2900738630325863,-1.7757991775000315,1.4460206012831232
1771414354840,2.109033122201131,-1.4872651253685942,1.4953471695241178
1771414354884,2.3264892829258734,-1.8327386772095648,1.4330461697478836
1771414354930,2.2259760601100274,-1.7128409088727254,1.4216699480100914
1771414354973,2.3165812161664334,-1.7839966556068942,1.4778039328268715
1771414355014,2.295749580218589,-1.7938338692195075,1.4326989162817139
1771414355056,2.2084250075710368,-1.682339578152735,1.4306902382577484
1771414355102,2.316502133646408,-1.7845681759159906,1.4769896955281152
1771414355146,2.2620632738912416,-1.7249595610300852,1.463367612016358
1771414355190,2.364706194484721,-1.8503396566019497,1.4724396562985493
1771414355235,2.3796095088786733,-1.8676105766787123,1.4746430580393373
1771414355281,2.229697055922964,-1.6699173304105952,1.4774725279293295
1771414355322,2.2715768396294966,-1.7648491980246863,1.4301638530506753
1771414355363,2.3417846885075577,-1.8034299484766123,1.493852719737151
1771414355406,1.9403974640219455,-1.1399958132672892,1.5702075863133031
1771414355451,2.1368526835527257,-1.5842366777280135,1.4339921687888646
1771414355490,2.3191816254019626,-1.7947255800824584,1.4688646989426126
1771414355536,1.9419339354551697,-1.1631499493998345,1.555052926714575
1771414355583,1.9443552424362902,-1.244698577959684,1.4937345007780416
1771414355623,1.93855222128221,-1.0813973324037642,1.6089016514716532
1771414355665,1.9442887646453142,-1.2131007517753027,1.519422708257382
1771414355706,2.166239383323061,-1.6322264231284191,1.4242296056118486
1771414355753,2.121958194724841,-1.5297095113212202,1.4706105504630722
1771414355795,1.8983318389167276,-1.134357187239324,1.522135848866143
1771414355834,2.3683289253608426,-1.8419916021480847,1.4886399283630598
1771414355879,2.1111714623199287,-1.5022883017180464,1.4832986219353048
1771414355925,1.9332111681967734,-1.1871372166822147,1.5257819797103183
1771414355965,1.9267883510310044,-1.0628830229431818,1.607107037259168
1771414356005,2.1132706098371785,-1.522197451646721,1.4658879863761178
1771414356047,1.8827650405723912,-0.9641054548323144,1.617190424768875
1771414356084,1.9344717173330603,-1.135270236452512,1.5663148838552794
1771414356119,1.8878136795278875,-0.8999481151500389,1.6594980803395085
1771414356161,1.927440173338033,-1.2120426201520789,1.4986588366710518
1771414356204,1.967538665792516,-1.1724424944982526,1.580059175627074
1771414356247,1.9130797813021705,-1.1140729440895307,1.5552220821718181
1771414356291,1.8843388096933054,-0.9452011073391188,1.6301311653978299
1771414356336,1.8997845507071172,-1.113539203843325,1.5392244087882108
1771414356381,1.944510240998432,-1.1285472379882837,1.5835091439511162
1771414356425,1.8944796883396713,-0.9829755314879645,1.6195099240287265
1771414356470,1.9269891284098508,-1.1403133267349075,1.5533745903292369
1771414356510,1.9094961764588703,-1.0346283254017588,1.6049049430378728
1771414356552,1.920619052616206,-1.1411986184851333,1.5448117226510145
1771414356597,1.9211308156251,-1.0171136880974405,1.62979242734441
1771414356641,1.9246364580679705,-1.1312308645855411,1.5570941611647868
1771414356682,1.906743280509809,-0.991028745628976,1.6289665322241482
1771414356728,1.9020960497918495,-1.0442845744733438,1.589792159419207
1771414356772,1.9245570987631557,-1.1317667315162592,1.5566065950755377
1771414356815,1.8888133985812297,-1.011248807162701,1.5953030761181368
1771414356859,1.9002525414818696,-1.0716319976256277,1.5692560603907864
1771414356905,1.9443481283089323,-1.1304748111834086,1.581934368214524
1771414356950,2.14014746480815,-1.5504555490842444,1.4752351546240434
1771414356990,1.9168808208535637,-1.0299130880226406,1.6166975946279813
1771414357032,1.8820247661078384,-0.9735255333585158,1.610672299427255
1771414357074,1.9246632586774552,-1.0936384910811527,1.583756139728797
1771414357119,2.1580493162555694,-1.6119071971309147,1.4348979194453826
1771414357164,2.0977965817491624,-1.5054298566505098,1.460969351185608
1771414357208,1.9156196259216467,-1.1214513224302163,1.5530439409867671
1771414357254,2.1258405088756294,-1.5259787459957945,1.480063085123637
1771414357298,2.1047282616884244,-1.505995391964012,1.4703261321669894
1771414357340,1.890108434313563,-1.111556068452544,1.5287095865956986
1771414357381,1.90206806398067,-0.8850376821642015,1.6836184903845026
1771414357423,1.881148105334221,-0.9841105063197693,1.6031982739366881
1771414357463,1.9326236345947714,-1.1567963097568776,1.5481784169556085
1771414357507,1.949914505870053,-1.257246054323637,1.490469368719163
1771414357552,2.12184946430178,-1.5307950187017536,1.4693235722180622
1771414357595,1.9234458508407268,-1.0303150171511484,1.6242213231420268
1771414357640,1.9002525414818696,-1.0716319976256277,1.5692560603907864
1771414357685,1.8937743584662896,-0.9486306341839454,1.6390488829416199
1771414357726,2.1029119340443354,-1.5202046034134196,1.453002603613199
1771414357772,1.9090454292606989,-1.0829289304445018,1.572170277860351
1771414357811,2.3150345831751613,-1.8008360300556054,1.454776516909233
1771414357852,2.091667689481592,-1.4982210069966448,1.4595915652727036
1771414357897,2.1111204036289286,-1.5725009997795352,1.4085701843751817
1771414357940,2.102526264952786,-1.523902302755523,1.4485642776462242
1771414357985,1.9172803799791063,-0.9403586241108796,1.6708350347994023
1771414358024,2.3202773678241395,-1.8176325092377514,1.4421855376472865
1771414358066,2.131998487082676,-1.5735436252524253,1.4385332837130582
1771414358109,2.0601645380616853,-1.4405638656043394,1.4727707469263507
1771414358154,2.1359605963296513,-1.5631647615592945,1.455624813367852
1771414358199,1.8986876057354172,-0.9649552191329763,1.6351990855065082
1771414358239,2.3021964076559107,-1.7922595062702007,1.4449616471062046
1771414358279,2.1381619192068064,-1.574011163824488,1.447143824539225
1771414358325,2.0835022820301505,-1.478518540222569,1.4679797973551845
1771414358371,2.1841893747274717,-1.617214984679223,1.4680936339353035
1771414358415,2.162918985071847,-1.5987185549552472,1.456817599435851
1771414358457,1.8886405070573709,-0.9336114157957152,1.641746840774741
1771414358501,2.1339363324737093,-1.584035220818521,1.429865969333407
1771414358546,1.9002525414818696,-1.0716319976256277,1.5692560603907864
1771414358590,1.9051902428882788,-1.0489735113213314,1.5904101465165819
1771414358635,2.0790983071531435,-1.4559936562862592,1.4841604507805877
1771414358683,1.9103851512064198,-1.0238395542962224,1.612862050210274
1771414358723,2.1312981998020355,-1.5715975080097433,1.439622620445012
1771414358768,2.0786418711467984,-1.492647220942711,1.4466362024699453
1771414358813,2.1038590985574843,-1.5094277375073812,1.4655548477714704
1771414358857,2.083978575603152,-1.504218059228468,1.442322687148713
1771414358897,1.908037011676608,-1.0543591005446518,1.5902616530076028
1771414358941,1.9186748989937163,-1.1593424696470809,1.5288029323955246
1771414358984,1.9663454733591454,-1.259878276499146,1.5097089948084508
1771414359028,1.9488820295110447,-1.1599091883062662,1.5661263805433414
1771414359072,2.306308447051369,-1.7861904368046875,1.4589662012562103
1771414359119,1.9113949311416165,-1.093236552425044,1.5678853348493536
1771414359163,1.9269693049879562,-1.1816731644634977,1.5221232652950911
1771414359204,1.8859253199663422,-0.8837161218699444,1.666061261910046
1771414359249,1.9290227953916772,-1.162250074861915,1.5395790686496726
1771414359292,1.9040368208525666,-1.100828536709898,1.5535548744500447
1771414359336,1.9118191894662961,-1.0058330728698395,1.625838996559248
1771414359383,1.907343108704044,-1.1030118219093932,1.5560599779728697
1771414359427,1.9318383628931508,-1.0873029188288816,1.5968004956950268
1771414359484,1.9164416111583775,-1.073916355357369,1.5872782083413302
1771414359519,2.182966473399946,-1.6364901155840352,1.4447292914535745
1771414359554,2.128514032106551,-1.5664320518513788,1.4411324060637758
1771414359593,2.003228983700667,-1.2944073053096097,1.528867583899771
1771414359631,1.8906483071115627,-0.9833175890462187,1.614818113676011
1771414359672,1.9019399238269012,-1.0071934293195488,1.6133619772953018
1771414359712,1.882292026251879,-0.9704940408628314,1.6128126328687835
1771414359757,2.093722249414604,-1.471878593115389,1.4890420628116634
1771414359803,1.969660824332793,-1.3359728271460816,1.4473217914612644
1771414359847,1.8910201374374442,-0.982584682389796,1.6156993848259256
1771414359890,2.1324237472448893,-1.5637844961879597,1.4497617346640466
1771414359936,1.8933706083196344,-0.9973702011653042,1.609380297591636
1771414359980,1.9617216036836531,-1.2035982808936698,1.5490974238533115
1771414360024,1.8780266093727607,-0.8959406704130397,1.650537567161675
1771414360067,2.0971162451535013,-1.5117660086428186,1.4534304526873247
1771414360112,2.087621608457297,-1.5034823257074448,1.4483455652513197
1771414360157,1.9340539588116472,-1.1402511636471948,1.5621754060912056
1771414360198,1.9559419889228793,-1.2292096808271065,1.5214311106956213
1771414360243,1.892143204040055,-0.8883063126077284,1.6706638798921303
1771414360289,1.9052658273595158,-1.090240600467691,1.562502257917021
1771414360333,1.896370165250385,-1.002847469729837,1.609508234246795
1771414360371,2.1058531143256642,-1.5272966436627304,1.449821472241206
1771414360416,1.942338193503473,-1.0779578163939314,1.6157613078724102
1771414360457,2.1354285241326316,-1.5997166900963253,1.414553460674614
1771414360496,1.9212435461973407,-1.0971610956244138,1.5771538587129568
1771414360539,1.9090721435500184,-0.9660356878199003,1.6466121277146584
1771414360581,1.891936847758578,-1.0163177808574542,1.5957829439556135
1771414360624,1.9073413900750018,-1.065398965940575,1.5820481097823775
1771414360669,1.910145672019982,-1.0694966752095747,1.5826665315385722
1771414360711,1.944235766626618,-1.1008077385624384,1.6025838633130072
1771414360753,2.133594636816828,-1.5851566431436863,1.4281122123107035
1771414360798,1.962454605555079,-1.306077476938758,1.4647148879893412
1771414360842,2.151627980398831,-1.608932977406366,1.428578888353541
1771414360883,1.913444737903038,-1.0291273548131064,1.6131235701533233
1771414360926,1.9165338812500763,-1.1110798357699059,1.5616029317739515
1771414360966,1.9172968727628386,-1.1014843774628182,1.569318152737522
1771414361008,2.12016386887328,-1.5494177698117253,1.4472039958027245
1771414361048,1.9223323324228097,-1.0400599116273037,1.6166746662528997
1771414361086,2.3032468138590256,-1.7844856532832594,1.4562131845227786
1771414361121,2.290954887752488,-1.7727002746804992,1.451209162686309
1771414361159,1.8777641239610794,-0.9436114326031136,1.6234517453549457
1771414361198,1.974861583627228,-1.1593046095571,1.5987780010827968
1771414361239,1.9235041170835785,-1.1487300938980112,1.5428179606844559
1771414361279,1.9323908239462055,-1.0756975258171206,1.6053065530989465
1771414361323,1.91349775015603,-1.1419648337865864,1.535379418335078
1771414361366,1.9368205575732598,-1.102491767366933,1.5924150762682854
1771414361410,1.8799015166682906,-0.9993966361479943,1.592242467725256
1771414361454,1.931814304588971,-1.0437836350660763,1.6255528999644453
1771414361500,1.9035773296967469,-1.106207323997554,1.5491649384328217
1771414361540,1.9042723678508753,-1.0611143545518613,1.5812303998862296
1771414361585,1.9331944266376095,-1.1868689434265882,1.525969463099498
1771414361625,1.9439413469005478,-1.1764310646309102,1.5475522318684105
1771414361667,1.8894269681835814,-1.0024030833929851,1.6015999271052794
1771414361709,1.9094319258085726,-1.115809630463184,1.5494835100325035
1771414361754,1.9698918137431594,-1.2227788322300248,1.5444370124101827
1771414361799,1.9104605856488996,-1.0660437811690864,1.5853738694543484
1771414361841,1.9278964999952404,-1.1346951272181123,1.5586057496882815
1771414361880,2.0714499193020206,-1.493166933954383,1.4357427609156224
1771414361925,1.9355683512481165,-1.0796427471377346,1.6064857238414034
1771414361970,1.9035773296967469,-1.106207323997554,1.5491649384328217
1771414362015,1.9089293479368823,-1.0888757105124187,1.5679161146154492
1771414362057,1.8921011042506044,-1.0082168717705675,1.6011075317365564
1771414362103,1.926807380022324,-1.067667428696201,1.6039554050564295
1771414362149,1.9218879647749354,-1.1634453415450612,1.5297216368947126
1771414362189,1.9295774438272673,-1.1885292180478795,1.520087961130364
1771414362235,1.9483747357395131,-1.1619438699794882,1.5639854711234078
1771414362283,1.8940525479873171,-0.9446204558742402,1.6416842719844735
1771414362324,1.9575038825002242,-1.1702042702041289,1.56921745338225
1771414362365,1.9181013668970825,-1.1719023101589379,1.5184722022930155
1771414362408,1.8857041842727298,-0.9266720330405512,1.6423030212978884
1771414362455,1.8981115119405763,-1.0585660860294768,1.575520597538977
1771414362500,1.95156963908004,-1.2031094764984995,1.53660393196767
1771414362543,1.9036601129305808,-1.0676085165593872,1.5761135368153958
1771414362585,1.9363640018333235,-1.0304139014236744,1.6394367140419925
1771414362626,1.914458247145025,-1.0976352192778214,1.5685494271659184
1771414362670,1.9146409526139883,-1.0575124839397418,1.5960943968757606
1771414362714,1.8857551521246407,-1.0471785839602235,1.5682759664866666
1771414362756,2.1388404724087104,-1.5692202590095456,1.4533362808130577
1771414362802,1.9109143450330415,-1.060091663342693,1.589905437239706
1771414362848,1.9193557286705945,-1.0767127022179093,1.5889040783078243
1771414362892,1.881148105334221,-0.9841105063197693,1.6031982739366881
1771414362937,1.912649149445203,-1.1196656628922697,1.5506693948786996
1771414362978,1.8713281388950835,-0.679947895505581,1.7434276190361528
1771414363023,1.910145672019982,-1.0694966752095747,1.5826665315385722
1771414363068,1.956411841697092,-1.1494014838371929,1.5831688233683312
1771414363109,1.9083592160942644,-1.0930875762482128,1.5642872013488198
1771414363150,1.9375457811090904,-1.098869569273415,1.5957973942886654
1771414363192,1.90005120887986,-1.0732386212495972,1.567913727927682
1771414363237,1.9314181973595603,-1.1710479408835572,1.5359111215314623
1771414363280,1.8975371395118386,-1.0987535017228367,1.5470578328810385
1771414363325,2.130423436862831,-1.5458606951102651,1.4659531819426042
1771414363370,1.883534167695106,-1.07369912091206,1.5475371267364042
1771414363409,2.1229510285885236,-1.5597918165198164,1.440128660537968
1771414363449,1.898762784638788,-1.0507927943813429,1.5814975863419753
1771414363489,1.9220288448662,-1.0868824111727908,1.585207085771736
1771414363535,1.9185748654814176,-1.1608860584791536,1.5275055069248604
1771414363577,1.9314617960164802,-1.133491679144529,1.5638865952431855
1771414363622,1.9274064140259133,-1.1395572305383552,1.5544467836358966
1771414363667,2.1235482478375016,-1.5476827023749007,1.4540066759348964
1771414363710,1.954941833348146,-1.2759629936141006,1.4811198502153544
1771414363754,1.9060088121313634,-1.043506821053654,1.594980597479765
1771414363799,1.9314130984162985,-1.1298725817696942,1.5664432660326806
1771414363841,2.102212056946945,-1.5298842217457969,1.4417870163191109
1771414363882,1.927663659352416,-1.0948159401978934,1.586589184595858
1771414363923,1.920729101860246,-1.1030227040171692,1.5724316192303942
1771414363967,1.8938932490831148,-0.9901949121447386,1.614418060752936
1771414364008,1.9582812481566663,-1.278131205265139,1.4836596877348638
1771414364048,2.158628816109985,-1.5693467731635289,1.4821703921282514
1771414364090,1.9087059582854664,-1.010323679316975,1.6193839872636295
1771414364130,1.9214872734723263,-1.0933000332434732,1.58012922871072
1771414364175,1.9408686957385712,-1.2124965026159111,1.515527474261726
1771414364221,2.1216087632123095,-1.5357400169868987,1.4638054325504963
1771414364266,1.8793722172131606,-0.9627863391356708,1.6140267643401842
1771414364307,1.8913096907321878,-0.9348480712869592,1.6441141778685981
1771414364347,1.942309376271017,-1.1960447914043393,1.530373343372413
1771414364392,1.9016572280263773,-1.0538106929682878,1.582966593548538
1771414364432,1.9045023622020003,-0.9354825613753462,1.6589157980426916
1771414364474,1.9019630016768956,-1.0506615909734784,1.5854253312599953
1771414364518,1.922249967711222,-1.1219319093078217,1.5608695426725128
1771414364562,1.920830584085555,-1.0584793836266082,1.6028760174124168
1771414364606,1.9133091761427514,-1.074647818022303,1.582998443060497
1771414364648,1.9220288448662,-1.0868824111727908,1.585207085771736
1771414364691,1.9531147731956902,-1.1843594056777131,1.5530454325157348
1771414364733,2.0997901136307062,-1.5214025244955567,1.4472224707210022
1771414364778,1.8570175771984239,-0.8716420617031833,1.6397421743352607
1771414364823,2.073224972459811,-1.4826320053136093,1.449159799073494
1771414364869,1.9528443865357068,-1.1503789682908174,1.5780460789654325
1771414364914,1.8893508318413959,-1.0037599500818777,1.600660028985356
1771414364957,1.9286810515798294,-1.165835099106196,1.5364371514693085
1771414365000,1.8975219234299316,-0.9840013334490801,1.622445939212663
1771414365040,1.9442991773678269,-1.1763601185184742,1.5480556070995672
1771414365085,1.8981452365909983,-1.0957233481199942,1.5499502197095902
1771414365130,1.9646511869347187,-1.2790157190900169,1.491299123799329
1771414365174,1.9241611670174172,-1.0182387435769176,1.6326622607681998
1771414365215,1.9415969329109617,-1.2042916125907097,1.5229840320019514
1771414365256,2.086461160496351,-1.5152192203596417,1.4343747378256841
1771414365301,2.0864394641981425,-1.482391731706808,1.4682453444607693
1771414365345,2.1371874107801383,-1.5835193110394037,1.4352827666917778
1771414365388,2.1079415900893945,-1.5393563609459366,1.440069352928493
1771414365431,2.113905186064779,-1.5108001750620181,1.4785391326252217
1771414365475,1.9093225793671522,-0.9177980514732628,1.6742638528001246
1771414365515,2.1133221167406915,-1.5514836858175656,1.4349316157041418
1771414365558,1.8963945487811102,-0.9988870797438476,1.611997793598837
1771414365603,2.1111714623199287,-1.5022883017180464,1.4832986219353048
1771414365648,1.902609018889778,-1.0421711830479756,1.5917915391109183
1771414365692,1.9105276122079162,-1.0647924024472915,1.5862953371612132
1771414365736,1.901204234318583,-1.0207535682811708,1.6039450406520066
1771414365781,1.9081926596801904,-1.055268612015294,1.5898450814317329
1771414365825,1.8792670572649808,-0.9643683125614397,1.612959525297762
1771414365871,1.9389004276593451,-1.1982963343847604,1.5242771281422671
1771414365917,1.885530392104853,-0.9293048278453497,1.6406149446150993
1771414365962,1.923871284157941,-1.1024773970896922,1.576649709641892
1771414366006,1.9228316312396398,-1.0728601099520696,1.5956981752729202
1771414366046,1.924550893965678,-1.173155096536991,1.5256484729233577
1771414366085,1.912402304653019,-1.1227048331382208,1.5481655055226682
1771414366124,1.935719546363063,-1.1205882463373844,1.578382762305306
1771414366168,1.8924735601716056,-1.1249620305343673,1.5218135910171735
1771414366209,1.9296212824967578,-1.1133254181261123,1.5760535546797734
1771414366253,1.9626515211756979,-1.1886188215580997,1.5617894514341921
1771414366295,1.9323915931954376,-1.1560139336682267,1.548473136550103
1771414366340,1.9002525414818696,-1.0716319976256277,1.5692560603907864
1771414366385,1.9578285238051127,-1.166806395922511,1.5721499174885414
1771414366429,2.1139202011969265,-1.546695037554585,1.440969492332324
1771414366473,1.9577825441042571,-1.208627497534702,1.5401727377805197
1771414366517,1.9224978156172987,-1.0419998926111285,1.615621884864055
1771414366559,1.9045681053200354,-1.0616772881189631,1.581208716044379
1771414366605,1.9177599494773567,-1.0141544052195632,1.627665219322803
1771414366646,1.9227439587028423,-1.0393516027264458,1.6176194165001374
1771414366690,1.9288739630441287,-1.1956595061065338,1.513589478942901
1771414366736,1.946135782351559,-1.2287951061106088,1.5091411698538122
1771414366776,1.9531147731956902,-1.1843594056777131,1.5530454325157348
1771414366821,1.9561335359122887,-1.227568140103232,1.5230019276823668
1771414366867,1.8952288858836583,-1.0551562440747384,1.574337267067608
1771414366909,1.9269891284098508,-1.1403133267349075,1.5533745903292369
1771414366953,1.9234521600246979,-1.1488390611523793,1.5426720401544185
1771414366999,1.9251415801862124,-1.0899885416223434,1.5868506807175853
1771414367043,1.946708006714724,-1.221809458294311,1.515537433067813
1771414367083,1.917671390072365,-1.0975914338588941,1.5725001127572784
1771414367118,1.882092738677209,-0.8930319665752237,1.6567338300572805
1771414367156,1.961747877702215,-1.1993612755374161,1.5524133684075279
1771414367202,1.9066682565968733,-1.1522978888568576,1.5190765010525933
1771414367247,1.9014641324307577,-1.0937681982783614,1.5553896538666963
1771414367289,1.8944151637064366,-0.9840268334048188,1.6187958498897166
1771414367335,1.950417270923006,-1.2553839997297938,1.4926950605991742
1771414367376,1.9511659778357175,-1.170459741653294,1.5611126372662916
1771414367421,1.9326236345947714,-1.1567963097568776,1.5481784169556085
1771414367464,1.9235041170835785,-1.1487300938980112,1.5428179606844559
1771414367509,1.8896975310244821,-0.9598270770846065,1.627786454316181
1771414367555,1.9269044942410827,-1.1452851134211077,1.5496073499123844
1771414367596,1.929048413657105,-1.1203734816328597,1.570347427764588
1771414367639,2.1199788315931514,-1.5158641185010835,1.4820479818966712
1771414367682,1.9094184825123146,-1.0400947159935279,1.6012750928937765
1771414367724,1.8975371395118386,-1.0987535017228367,1.5470578328810385
1771414367765,1.955290301509213,-1.1593949426496721,1.5744724609005876
1771414367810,1.916705729722356,-1.1887873798889361,1.5035110308099864
1771414367856,1.9365417157063305,-1.1889345190927154,1.5286034560933688
1771414367895,1.938202202552987,-1.1283511785083808,1.5758970131134833
1771414367939,1.9230055028233357,-1.1503156503917757,1.541013974093868
1771414367983,1.9350938050861197,-1.1649521277016979,1.5451454865629852
1771414368025,1.9344717173330603,-1.135270236452512,1.5663148838552794
1771414368065,1.942101436235352,-1.1616866853865546,1.5563553686812714
1771414368107,1.9643310506969829,-1.172912807997362,1.575713178712438
1771414368149,1.9375712350954675,-1.1730097607051833,1.5421512222735305
1771414368191,1.9219844327405744,-1.2038580759843514,1.498248942126896
1771414368236,1.947860046139647,-1.171697278457779,1.5560476364821807
1771414368281,1.9285661950253774,-1.1675486710692378,1.5349910974592391
1771414368323,1.9193557286705945,-1.0767127022179093,1.5889040783078243
1771414368368,1.9175206673878287,-1.0208708032571747,1.6231784599718277
1771414368414,1.9406930110286111,-1.213904023261433,1.5141751501609724
1771414368459,1.944519400685336,-1.1698219195349433,1.5532779455774288
1771414368505,1.9391105906573782,-1.1594584893735678,1.5542862973786942
1771414368548,1.9147057322410583,-1.0529141195718668,1.5992091476360957
1771414368591,1.923998464403093,-1.1751951298779773,1.5233799584268346
1771414368631,1.8976678752669585,-1.0216602391834664,1.5991728238348084
1771414368675,1.9376550652006777,-1.1347437269017728,1.5706252977572077
1771414368721,1.9477100139072334,-1.2460755394707363,1.4969535891961478
1771414368766,1.9269903739648757,-1.1406803263423926,1.5531066590703628
1771414368811,1.9644175586934964,-1.2084897590458221,1.5487055392115983
1771414368855,1.8978438929177366,-1.0989695351114466,1.5472806477113583
1771414368901,1.9149648160036488,-1.0106917647163782,1.6265277136484277
1771414368941,1.9361450432264693,-1.1158330929668365,1.5822686677838533
1771414368986,1.9275888265355237,-1.0998693821085153,1.582999060797204
1771414369031,1.9341808388177943,-1.1721759338420188,1.5385249745686607
1771414369074,1.925360855862425,-1.1273530977417814,1.5607976865370152
1771414369118,1.9154103961746096,-1.1238821804531025,1.5510273467072573
1771414369163,1.9223003847633062,-1.121324078131798,1.561368336127971
1771414369208,1.910385438940802,-1.1411906529519684,1.5320758528650273
1771414369249,1.929643868490041,-1.150836936608894,1.5489027743980148
1771414369289,1.895311274254139,-1.0115058114757591,1.6028290051236325
1771414369331,1.9453176694369128,-1.1975016959276554,1.5330526811802165
1771414369373,1.9118003586091823,-1.0498476756623412,1.5977485625356005
1771414369414,1.9467736442736912,-1.220892549476973,1.5163604468167473
1771414369459,1.9314497350554316,-1.0913420316808167,1.5935716641972786
1771414369502,1.8917497956970888,-0.9780130403960909,1.6193232482537796
1771414369544,1.9284595176195047,-1.1649530324978823,1.5368280785993078
1771414369590,2.136938595958511,-1.544801315990718,1.4765146314921769
1771414369631,1.891914673252419,-1.0148444752449655,1.5966940289023999
1771414369676,1.91375224166373,-1.02523380889966,1.6159651232505134
1771414369721,1.91706492670306,-1.1042737935516596,1.567072851551591
1771414369765,1.9285086848151758,-1.084306867088075,1.5948117021746493
1771414369806,1.9415969329109617,-1.2042916125907097,1.5229840320019514
1771414369852,1.9102301743816787,-1.1429090229125438,1.530600628662929
1771414369893,1.92810033216624,-1.0117780708052424,1.6413031488232717
1771414369936,1.9773195287143943,-1.3221985456555105,1.470232472944931
1771414369976,1.9345873358242565,-1.1362941510974813,1.565715096086529
1771414370021,1.9049206583297758,-1.052341652044257,1.5878601203835023
1771414370069,1.8945208171170627,-1.0213852895455016,1.5956131162628222
1771414370114,1.9151225382862112,-1.131126732048348,1.54539530628815
1771414370157,2.1221273878087814,-1.5659961324452067,1.4321594754966285
1771414370199,1.917523469131404,-1.0604339727115717,1.5976157373376392
1771414370241,1.8910825856655658,-1.0633649244294714,1.5637929477078052
1771414370286,1.9393602183893268,-1.110162631218474,1.5901751441011684
1771414370332,1.9313391783633729,-1.1722242489002965,1.534914112310993
1771414370372,1.8950739166278416,-1.0148730415759635,1.6004180263186054
1771414370414,1.910145672019982,-1.0694966752095747,1.5826665315385722
1771414370457,1.9172061535318625,-1.0646299788804925,1.5944411068488424
1771414370498,2.1118166806963217,-1.5278412440798643,1.4578994566689851
1771414370544,1.8815836084369382,-1.055854448010026,1.5574107551176126
1771414370590,1.9090779500702624,-1.0007182394252385,1.6257741616614918
1771414370631,1.9071034494582977,-1.029837038647009,1.6051415017893271
1771414370675,1.9020389185126414,-1.0870002435274964,1.5608275106839649
1771414370719,2.114212610445956,-1.542725657677023,1.445646051879125
1771414370764,2.108726095711224,-1.5301366740953404,1.4510022416667563
1771414370809,1.92226101156503,-1.0847566347716695,1.5869437418830747
1771414370852,1.8954566010050706,-1.0112579953314256,1.6031571954028594
1771414370898,1.8985998809872802,-0.9706169862698516,1.6317426800967563
1771414370942,1.8874638500650074,-0.988803461694082,1.6077274331938298
1771414370985,1.9051864332351083,-1.1295434630687762,1.534231700370485
1771414371025,2.08527818067585,-1.496418565059173,1.4522797832886842
1771414371065,1.8868187490902146,-0.8668044955451673,1.6759280886783448
1771414371101,1.899282333278093,-1.0015627224691594,1.6137365009388747
1771414371136,1.9096936444811798,-1.0749398814514566,1.5784277199279475
1771414371176,1.880424956535753,-0.9094662401739615,1.645864263888832
1771414371220,1.9212435461973407,-1.0971610956244138,1.5771538587129568
1771414371265,2.092805085289721,-1.486607310088746,1.4730349047477518
1771414371308,1.904217363174889,-1.1059786751758796,1.5501144913434406
1771414371349,1.9332934718074173,-1.069223822602389,1.6107091808618685
1771414371390,1.9107374129671808,-1.0241693415685018,1.613069936829664
1771414371435,2.1208546376471946,-1.5409898372700477,1.4571803990790038
1771414371481,1.9134716361031565,-1.1461464833105366,1.5322277705896667
1771414371527,1.9338398157385477,-1.0617615328743042,1.6162917064206288
1771414371567,2.281065944362003,-1.7745859574733969,1.4332154485862705
1771414371610,1.9062553190786824,-1.0363290666033873,1.5999473138915297
1771414371654,2.1133221167406915,-1.5514836858175656,1.4349316157041418
1771414371701,1.8983856362035783,-0.9286804021155586,1.655723628650189
1771414371743,1.8945944089483406,-0.9773707709129817,1.6230324551848234
1771414371784,1.9164936318222034,-1.0730885854505545,1.5879007300806895
1771414371830,2.157554516345307,-1.6158744641744205,1.4296822049081612
1771414371874,1.9217614607702926,-1.0479571055431265,1.6108857864676942
1771414371913,2.0926913362324497,-1.5217032479492065,1.436584927501048
1771414371956,1.8666771384701017,-0.7460972469661926,1.7110880857969863
1771414371998,1.9144161110159685,-1.0941254223417467,1.5709483143321423
1771414372042,1.918244400465102,-1.1319285748035208,1.5486766226230022
1771414372081,2.1050845650032253,-1.5303676538419189,1.4454604352555622
1771414372124,2.102777340363951,-1.554809130462428,1.4157122274596485
1771414372167,2.1152657381095143,-1.4936313760659106,1.4978032097880694
1771414372210,1.8815836084369382,-1.055854448010026,1.5574107551176126
1771414372256,1.925006471349109,-1.0066400940470364,1.6408307760987793
1771414372295,2.3591461106097653,-1.8664973582889575,1.44282985230606
1771414372340,2.4007098270869567,-1.8929832683665202,1.4764897627671831
1771414372386,1.8866393192566957,-0.9986529155498247,1.60065620144652
1771414372427,2.084543585080694,-1.4639057094594028,1.4840155093236844
1771414372467,2.261256417025569,-1.727683648831432,1.458900199842273
1771414372507,2.1568464877054163,-1.5910809118765137,1.4561759177343212
1771414372552,1.9184295577888273,-0.9704187170430609,1.6548895678595401
1771414372597,2.1858968438866335,-1.600753590401874,1.4885338272706654
1771414372641,2.1149588428818538,-1.5683940614332308,1.4188696117491288
1771414372686,1.8989598676977049,-1.0062710081103503,1.6104245519002323
1771414372729,2.415780982492068,-1.9126177458393794,1.475767974198733
1771414372774,1.8971599039863616,-1.0282758499788123,1.5943225764078899
1771414372816,2.090743598099144,-1.469692417497637,1.487014791769909
1771414372857,2.1063845282019815,-1.5204366557969093,1.4577819303166697
1771414372898,2.109634451342012,-1.4813878557451106,1.5020144936517803
1771414372942,1.84666509452957,-0.9236258084691409,1.5990895338546969
1771414372987,1.9081926596801904,-1.055268612015294,1.5898450814317329
1771414373032,1.8874638500650074,-0.988803461694082,1.6077274331938298
1771414373076,1.8818167218913788,-0.9363740129354909,1.6323105962680937
1771414373121,1.8850521878786282,-0.8951662679259773,1.6589451780554654
1771414373165,2.0949453851301025,-1.5319262102795341,1.4289850429365936
1771414373208,1.8565670116225714,-0.7096597793420867,1.7155827191451032
1771414373253,2.1220382426136895,-1.5630294050439772,1.4352649170389646
1771414373296,2.0852823604417545,-1.459064368999042,1.4898099509289644
1771414373339,1.9754389974952433,-1.2728455033194455,1.5107030010907105
1771414373383,2.131494920742111,-1.5359277466704755,1.4779027553114494
1771414373424,1.876397924247483,-0.9614681781581849,1.611349779690755
1771414373469,2.1376886460344555,-1.5406900742339595,1.4818862448047692
1771414373511,1.9161227767943672,-1.1204141709619853,1.5544126161536787
1771414373556,2.1161187477193235,-1.5230614600844603,1.4690957570065304
1771414373598,2.118645685931125,-1.5686796497043598,1.4240448374675478
1771414373640,2.128576731795068,-1.5339790695622344,1.4757191864593866
1771414373682,1.8759922307003083,-1.004783394694987,1.5842213164179861
1771414373723,2.0525448541958284,-1.4124672227512307,1.4892537470623328
1771414373764,1.8876671189911578,-1.0243677716892778,1.5855465368271981
1771414373808,1.8791363084577728,-0.8860297145267402,1.657137474906644
1771414373847,2.104716294899345,-1.538061217186141,1.4367318379581886
1771414373890,1.8889561463583153,-0.9257287103979405,1.6465666332128268
1771414373936,2.1031413435265685,-1.5205257711766311,1.4529985856973333
1771414373981,2.1143488969894855,-1.5450902429602869,1.4433181905974775
1771414374024,2.3375191049219355,-1.8133409968330347,1.47505592947509
1771414374068,2.307769019242348,-1.8057762980622385,1.4370002809782005
1771414374113,2.119360250071161,-1.5597868147968206,1.4348355173913432
1771414374154,2.3264892829258734,-1.8327386772095648,1.4330461697478836
1771414374189,2.1196076969282402,-1.5546006850420866,1.4408169553916677
1771414374226,2.1311234116775095,-1.538498700737224,1.4746893719118817
1771414374269,2.0990745856218695,-1.556533023199489,1.408303612042901
1771414374315,1.9191957530231376,-1.078480162468866,1.5875115362047536
1771414374356,2.364434437550722,-1.8494383815531064,1.47313539171185
1771414374399,2.133723510915066,-1.5494917168235216,1.4669190299832544
1771414374441,2.107553805818572,-1.543242635497481,1.435334529788487
1771414374480,2.1079057641236805,-1.5000091812718361,1.4809588672633796
1771414374524,2.101192096428984,-1.5390805933363236,1.4304681587896806
1771414374564,2.090769183178759,-1.5079063295574868,1.4482866700382364
1771414374606,2.1206817665607374,-1.5435127037569218,1.4542557162906964
1771414374651,1.9307036160549667,-1.0584602707407846,1.6147068799974407
1771414374691,2.081262744046355,-1.5016476450144765,1.4410790956702688
1771414374732,1.9144161110159685,-1.0941254223417467,1.5709483143321423
1771414374772,2.1173266026594395,-1.5090264145945578,1.485231033336315
1771414374816,1.871120099274797,-0.904345110979068,1.638062986016833
1771414374860,1.9141747104146378,-0.9402129931031159,1.6673524971016305
1771414374905,1.9200995675776837,-1.024626754074373,1.6238603278136399
1771414374951,1.9090454292606989,-1.0829289304445018,1.572170277860351
1771414374991,1.90357006321381,-0.9873834091181339,1.6274682758696342
1771414375033,1.8856396293203255,-0.9672059182981501,1.6186875928579691
1771414375074,1.9104375077364986,-0.9837935150249285,1.6376574094606418
1771414375114,2.1432472120088484,-1.5890547916962767,1.4381979977634527
1771414375158,1.897264046247702,-0.9883788834256265,1.6194807945704432
1771414375202,1.847844151094147,-0.8290717437073222,1.65141395492437
1771414375249,1.8882909087338333,-1.0545822101123024,1.5663648738788476
1771414375291,1.913444737903038,-1.0291273548131064,1.6131235701533233
1771414375332,1.9016439345115697,-1.0917010150617077,1.5570608682315152
1771414375375,1.9175077810029726,-0.9780758571036362,1.649304007136929
1771414375414,1.9070471580860207,-0.9870062289042666,1.6317621049859403
1771414375457,1.8989598676977049,-1.0062710081103503,1.6104245519002323
1771414375498,1.926830368950025,-1.0290361857433146,1.6290364634160097
1771414375543,1.9066513068840067,-1.074549936769301,1.5750116315226317
1771414375584,1.8852014640389423,-0.9726466582425898,1.6149127029731651
1771414375628,1.906743280509809,-0.991028745628976,1.6289665322241482
1771414375671,1.8981588687903328,-1.01535207892579,1.6037665812045319
1771414375713,2.076082646410748,-1.4862071821151286,1.4495886887518352
1771414375756,2.368302004025255,-1.8422673126787235,1.4882558687623426
1771414375801,2.0916597858082615,-1.4971646453451803,1.4606637820853583
1771414375846,1.914269663259097,-1.1379726696978267,1.539300668061603
1771414375890,1.9029861478453522,-1.0376920011229211,1.5951650665986892
1771414375932,2.1146382056908384,-1.5039143253976226,1.4865854979889932
1771414375978,1.9052658273595158,-1.090240600467691,1.562502257917021
1771414376018,1.8840123994352012,-1.068142041317336,1.5519585370737257
1771414376054,2.1093608337630103,-1.5233739173603973,1.4590185176752961
1771414376089,1.8988643248408261,-1.087099702589056,1.5568879088694831
1771414376124,1.9026001916341453,-1.0035316762951436,1.616419396035121
1771414376162,1.8778610179701782,-0.9469545544833254,1.6216161921229328
1771414376202,1.871131015529543,-0.8222588797899287,1.68078006053238
1771414376247,1.9132783677951635,-1.0316860276431783,1.6112908033743518
1771414376290,2.1144463661438904,-1.5410821744472498,1.447739329748294
1771414376331,2.0498508174828096,-1.442455684229115,1.4564374250101026
1771414376374,1.9067659239836823,-1.0340980325338303,1.6019979862580997
1771414376419,1.8783389252147176,-0.9363439454088145,1.6283172706426212
1771414376463,1.8889561463583153,-0.9257287103979405,1.6465666332128268
1771414376505,2.1063845282019815,-1.5204366557969093,1.4577819303166697
1771414376550,2.1347412766839797,-1.575291476205931,1.4406863237260517
1771414376596,2.095905878122912,-1.4830289921144588,1.481028851338875
1771414376639,1.8722312300002517,-0.7167071802934468,1.7296186274159029
1771414376679,1.8971862559946648,-1.107520875837912,1.5403613860124767
1771414376724,2.177757377759249,-1.6140118681218392,1.4620509176997531
1771414376768,1.8765789316392123,-0.9980436096846481,1.5891687889710788
1771414376811,2.0911344257512945,-1.5372403378635753,1.4176513429638742
1771414376852,1.9193557286705945,-1.0767127022179093,1.5889040783078243
1771414376898,1.8763326698827678,-0.9223594705139103,1.6339759163533272
1771414376940,2.0751262125061207,-1.4952044231388673,1.4389275627549727
1771414376985,1.902609018889778,-1.0421711830479756,1.5917915391109183
1771414377031,1.9296212824967578,-1.1133254181261123,1.5760535546797734
1771414377074,1.8691669074087007,-0.8487351486107525,1.6653628959672695
1771414377114,1.9199657197640114,-1.1545074155454147,1.534073333488196
1771414377156,1.9809765201867549,-1.2453338987044622,1.5405880222398096
1771414377201,1.9074388639281379,-1.0256649864692946,1.6082084302584683
1771414377242,2.526127802972301,-2.0334025999978005,1.4988647514942262
1771414377282,2.141885590828947,-1.568805621730242,1.458260198122494
1771414377323,2.34816424394346,-1.8503200959475052,1.4457492379618866
1771414377368,1.9190428376220483,-1.1598840374909587,1.5288539603906435
1771414377413,1.9193501125916972,-1.0805260360156204,1.5863065089061856
1771414377457,1.8563718292625797,-0.7555322688580791,1.6956672312673438
1771414377497,1.9161748540744679,-1.1520018283589095,1.5312145045175864
1771414377541,2.142655248554363,-1.5646249873449007,1.4638716347868512
1771414377585,1.8817517981159984,-0.9780402721268447,1.6076153320402367
1771414377628,1.9228316312396398,-1.0728601099520696,1.5956981752729202
1771414377675,1.9103340638551103,-1.0288339397754074,1.6096201290650518
1771414377722,1.8783332483834394,-0.8963077679812661,1.6506871832782626
1771414377766,1.897602687413152,-1.1021699335257544,1.5447062493915957
1771414377807,1.9120037352533414,-1.0081037569155658,1.6246492233449814
1771414377848,1.9051963096764433,-1.0491543725306365,1.5902981107341427
1771414377891,1.9108191372939893,-0.9790197672011031,1.6409601064250294
1771414377937,1.8941914306301977,-0.9378055000207829,1.6457466451442775
1771414377981,1.8912807449266273,-0.9798825328421423,1.6176442989610187
1771414378025,1.9027717361089909,-0.9605937771055061,1.6424980593965401
1771414378069,1.9331352090576601,-1.067043690705035,1.6119644842939254
1771414378110,1.898762784638788,-1.0507927943813429,1.5814975863419753
1771414378156,1.9212435461973407,-1.0971610956244138,1.5771538587129568
1771414378201,1.9254621185667815,-1.0833503969457035,1.5917777129590884
1771414378244,1.8916029315837042,-1.0144216328473086,1.5965933739019038
1771414378289,1.9029441642492313,-1.0761477611346717,1.5694274396909973
1771414378335,1.901081205168734,-0.9832462915241739,1.6270637599214621
1771414378375,1.869708092427998,-0.7947564099119815,1.6923860670055642
1771414378416,1.9063863820708566,-1.0772677309607566,1.5728328816425075
1771414378458,1.9130675924689804,-0.9900721567962818,1.6369437185474092
1771414378498,1.8884235945885652,-1.0154492728276938,1.5921703573777857
1771414378541,1.9042521063103024,-1.0610740304320094,1.5812330588278234
1771414378585,1.9175025337354377,-1.0654942735270083,1.5942201604430224
1771414378631,1.9056927657481295,-1.0850774030485963,1.566611613265416
1771414378672,1.986517495552777,-1.2992418394313812,1.5027383015043696
1771414378718,1.9240141834389806,-1.1429089356021682,1.5477692796392768
1771414378764,1.9186398020026558,-1.0077199485762676,1.632690783666716
1771414378810,1.8906250199178842,-1.0263662324977265,1.5877768491598316
1771414378855,1.91706492670306,-1.1042737935516596,1.567072851551591
1771414378900,1.8843388096933054,-0.9452011073391188,1.6301311653978299
1771414378944,1.8865668534143551,-0.9946252830286195,1.6030767413826388
1771414378990,1.9003749119621463,-0.99195859534127,1.6209389103676024
1771414379037,1.901721682057195,-1.0143632997796683,1.608605747865694
1771414379080,1.9135413204919378,-1.1093140270519968,1.5591865746650435
1771414379124,1.9205177363709431,-1.062643862095518,1.5997426036916353
1771414379172,1.918919518969418,-1.0861893728050525,1.581911744278798
1771414379216,1.9019399238269012,-1.0071934293195488,1.6133619772953018
1771414379257,1.8724165022864063,-0.9720959589194902,1.6003040350779774
1771414379303,1.9368442442846172,-1.1026328651074238,1.5923461908151266
1771414379348,1.8593406056626653,-0.8866536080252087,1.6343172480402595
1771414379389,1.9304260819958978,-1.1038841965328394,1.5836617500890398
1771414379429,1.8700971786483764,-0.8727041903511211,1.6539803063314302
1771414379476,1.916908741755203,-0.9898492509349646,1.6415655895032053
1771414379523,1.9237894990870175,-1.0652400602053764,1.6019455830118334
1771414379563,1.9479003090606608,-1.1302782670701437,1.5864383546257104
1771414379608,1.9020960497918495,-1.0442845744733438,1.589792159419207
1771414379648,1.9396094842446927,-1.1859291396509193,1.5348149813898722
1771414379690,1.9425144913906205,-1.1560920649721678,1.561029687921069
1771414379736,1.9067659239836823,-1.0340980325338303,1.6019979862580997
1771414379782,1.865088175089919,-0.8973610531009306,1.635022030811155
1771414379825,1.9245570987631557,-1.1317667315162592,1.5566065950755377
1771414379866,1.901865288527206,-1.0929175784946847,1.5564776716426059
1771414379910,1.9027717361089909,-0.9605937771055061,1.6424980593965401
1771414379952,1.9190428376220483,-1.1598840374909587,1.5288539603906435
1771414379995,1.8793722172131606,-0.9627863391356708,1.6140267643401842
1771414380038,1.9339122450048083,-1.2146012983027314,1.5049120431244003
1771414380083,1.9569028531334998,-1.1778399845914262,1.562741740435604
1771414380125,1.9122022924610729,-1.0445172797976294,1.6017182210044136
1771414380167,1.9240141834389806,-1.1429089356021682,1.5477692796392768
1771414380212,1.9034594649203835,-1.0318276818237266,1.599527920862048
1771414380258,1.9143344355212282,-1.0565957935257968,1.5963338185122717
1771414380303,1.9592294821185101,-1.1917756580968217,1.5550726492258338
1771414380344,1.901721682057195,-1.0143632997796683,1.608605747865694
1771414380388,1.8831905854618882,-0.9185572812018854,1.643976673290497
1771414380430,1.9018441883813941,-1.0559134354221107,1.5817895352337996
1771414380475,1.919001532006036,-1.0392461650864888,1.61323720766493
1771414380520,1.894928230563377,-1.0548779984690786,1.5741618110384719
1771414380565,1.953608064852603,-1.1034926966101244,1.6121068015442552
1771414380610,1.897602687413152,-1.1021699335257544,1.5447062493915957
1771414380655,1.8902201594522952,-0.9487155526666966,1.6348917552327997
1771414380697,1.9161227767943672,-1.1204141709619853,1.5544126161536787
1771414380742,1.9506153208503783,-1.2135640463710904,1.5271419172073204
1771414380788,1.900989832368014,-1.0994710435425707,1.5507823081199956
1771414380834,1.9430538089705358,-1.1502218784186284,1.5660292893052892
1771414380880,1.919636514431368,-1.1112549467036064,1.565284891310517
1771414380922,1.941523795583125,-1.168320711221399,1.5506583648717178
1771414380968,1.8939685124790946,-1.103802636232113,1.5390700005228197
1771414381013,1.9129937154123517,-1.0778429264753164,1.5804428433367272
1771414381053,1.9278964999952404,-1.1346951272181123,1.5586057496882815
1771414381093,1.887345610828842,-0.9899563484054159,1.6068789260447438
1771414381128,1.9155093308478157,-1.0033071617625031,1.6317324338631984
1771414381168,1.9040500526419073,-1.1421448819504878,1.5234538626423697
1771414381213,1.8932229416418425,-0.9593868952820693,1.6321366033270692
1771414381257,1.9442887646453142,-1.2131007517753027,1.519422708257382
1771414381302,1.9398412787368515,-1.223547307655644,1.5052960415214172
1771414381347,1.9514224381743654,-1.129650617766973,1.5912067791425104
1771414381391,1.9323915931954376,-1.1560139336682267,1.548473136550103
1771414381437,1.9240703197084907,-1.1379552369970416,1.551484603137956
1771414381478,1.9246364580679705,-1.1312308645855411,1.5570941611647868
1771414381524,1.918244400465102,-1.1319285748035208,1.5486766226230022
1771414381565,1.935719546363063,-1.1205882463373844,1.578382762305306
1771414381607,1.9228316312396398,-1.0728601099520696,1.5956981752729202
1771414381653,1.902609018889778,-1.0421711830479756,1.5917915391109183
1771414381698,1.8891262962260262,-1.0445352369778336,1.574085226982429
1771414381740,1.928306710742412,-1.087092063879431,1.5926699643506117
1771414381781,1.9271407909678333,-1.1065458476170031,1.5777921014296192
1771414381833,1.9135413204919378,-1.1093140270519968,1.5591865746650435
1771414381872,1.8994246967877626,-0.919495585096889,1.6620294966560052
1771414381908,1.9125209663509841,-1.0789222423167817,1.579133699775364
1771414381945,1.9137983888076047,-1.1427853304275357,1.5351436289683813
1771414381990,1.9154867489170146,-1.1228863281731525,1.5518427044254484
1771414382036,1.8828231330902325,-0.7899306716785328,1.7091028302712572
1771414382080,1.9080094730697787,-1.1329682569509556,1.5352143427109872
1771414382122,1.9051023811863317,-1.129316548856425,1.5342943704781182
1771414382169,1.9254621185667815,-1.0833503969457035,1.5917777129590884
1771414382213,1.929978814004875,-1.0665090412440639,1.6085324639099863
1771414382258,1.9139302645613288,-1.1048363973217497,1.5628389529177007
1771414382305,1.8954726893535279,-1.0484383618108288,1.5791116862237835
1771414382349,1.9314624895705628,-1.0523607284844159,1.61959385210054
1771414382390,1.8897699385780051,-1.0748644159846754,1.5543155754231637
1771414382435,1.9181071064588608,-1.0925730491131027,1.5765211715037895
1771414382478,1.8975219234299316,-0.9840013334490801,1.622445939212663
1771414382520,1.9206104810522733,-1.1409869708464662,1.5449573949745186
1771414382564,1.9304147641988882,-1.178350971466068,1.5290487728918338
1771414382605,1.9517722405659286,-1.2038703603257648,1.5362652878239675
1771414382650,1.9386830991659996,-1.1598529322169588,1.5534585075307312
1771414382693,1.9083592160942644,-1.0930875762482128,1.5642872013488198
1771414382739,2.199515712808787,-1.6707541331192384,1.430541854528461
1771414382782,1.9313464296399052,-1.0109006426619205,1.6456545572958274
1771414382823,1.9051864332351083,-1.1295434630687762,1.534231700370485
1771414382866,1.9035773296967469,-1.106207323997554,1.5491649384328217
1771414382908,2.1085172834207966,-1.5280528641293303,1.452893519467399
1771414382948,1.9211308156251,-1.0171136880974405,1.62979242734441
1771414382992,1.9084388747882841,-1.0519303961677826,1.5923508973908558
1771414383037,1.8954726893535279,-1.0484383618108288,1.5791116862237835
1771414383081,1.9205177363709431,-1.062643862095518,1.5997426036916353
1771414383125,1.92570018588681,-1.0387548641668283,1.6215145815237828
1771414383170,1.90493127654695,-1.0941477719145094,1.5593600679706106
1771414383210,1.8786709247430027,-1.0144526287379803,1.5812306307181536
1771414383256,1.9147307326534766,-1.1682367077752527,1.5170421131841259
1771414383300,2.3259728949918737,-1.7928332433748773,1.4818565617787696
1771414383340,1.9144161110159685,-1.0941254223417467,1.5709483143321423
1771414383383,1.9083592160942644,-1.0930875762482128,1.5642872013488198
1771414383424,1.8984863816743358,-1.087517699608721,1.556134889539036
1771414383466,1.9233432314260601,-1.0663961900620025,1.6006399819115116
1771414383507,1.916908741755203,-0.9898492509349646,1.6415655895032053
1771414383552,1.901491850776935,-1.0565807201580015,1.5809201245988023
1771414383594,1.8762745328711954,-1.0018739089607536,1.5863967956487817
1771414383640,1.9276359849664062,-1.1371876833492487,1.556465439184621
1771414383682,1.9212909030486185,-1.0501495161245216,1.6088954993786295
1771414383725,2.1106368696379856,-1.5117620773789258,1.4728759000249103
1771414383771,1.879420227714053,-0.9637776315087043,1.6134909573171505
1771414383816,2.0789061093679915,-1.451463703055835,1.4883224550745051
1771414383856,1.9079723855068706,-1.0156240257175921,1.615198582912321
1771414383902,2.0576677743522707,-1.4341608943150894,1.4755267530021847
1771414383949,1.9083776632880445,-1.1285579347390746,1.5389159475664067
1771414383990,1.920412703122478,-1.0638468688585778,1.5988166842805909
1771414384032,1.9307980127106719,-1.0169919131654461,1.6412520874148389
1771414384074,1.89809442604729,-0.9773309838417106,1.627140620295242
1771414384120,1.9163498101443914,-1.1134106727588093,1.559715765332652
1771414384165,1.89864751352414,-1.130772619337078,1.5251936480227564
1771414384207,1.927663659352416,-1.0948159401978934,1.586589184595858
1771414384248,1.900404041528456,-1.0263620701687204,1.5994112735555757
1771414384290,1.9307748339041433,-1.1786643875923744,1.5292618221413445
1771414384331,1.883740282119006,-0.9909021213943623,1.6020581875493614
1771414384373,1.8985542264648378,-1.0532308177134209,1.5796243209846503
1771414384414,1.9144202381957178,-0.9374555910641403,1.6691859881978197
1771414384457,2.081767857261319,-1.4659276470170635,1.4781114792996497
1771414384502,1.9009050005403034,-1.0246381272036325,1.601111029679005
1771414384543,1.9525131744195758,-1.2286124847456408,1.5175042202936873
1771414384589,1.9065659823996282,-1.0718568896990406,1.5767424181673295
1771414384635,1.9060799870132936,-0.9990998587795521,1.6232499465822499
1771414384677,1.9096936444811798,-1.0749398814514566,1.5784277199279475
1771414384721,1.882292026251879,-0.9704940408628314,1.6128126328687835
1771414384766,1.8802761294652686,-0.9117414540517043,1.6444348098968762
1771414384807,1.8937221451909172,-0.9036866315708195,1.6641917062365967
1771414384852,1.9073556458794438,-1.0229999493170598,1.609806405616987
1771414384894,1.927863684202787,-1.0540383623615037,1.6142061564553094
1771414384935,1.9477483066286891,-1.2419463927880234,1.5004308126054138
1771414384982,1.8958272960436313,-1.0815002722890856,1.5570864771947446
1771414385022,1.9493547144156986,-1.2276735624202741,1.5141999295829542
1771414385067,1.9125209663509841,-1.0789222423167817,1.579133699775364
1771414385106,1.9212435461973407,-1.0971610956244138,1.5771538587129568
1771414385153,1.8847241754239394,-0.9434685640861686,1.6315796903641058
1771414385198,1.939090049745114,-1.1966739888379134,1.5257921173801057
1771414385240,1.9061798429554564,-1.1126778850882855,1.5477304409118366
1771414385280,1.8894269681835814,-1.0024030833929851,1.6015999271052794
1771414385326,1.8971599039863616,-1.0282758499788123,1.5943225764078899
1771414385371,1.8906483071115627,-0.9833175890462187,1.614818113676011
1771414385414,1.8942760843205513,-1.0245069961302427,1.5933195845494987
1771414385458,1.939632264347181,-1.1929811351102269,1.5293689326541478
1771414385506,1.8996267834524763,-1.0359811230867142,1.5922704007228143
1771414385547,1.9001148149442861,-0.9954191118527007,1.6185107666398575
1771414385592,1.90977335242092,-0.9927171514995294,1.6314861062036965
1771414385640,1.9725945470384632,-1.2289263485568678,1.5430065705720648
1771414385681,1.8681196510262568,-0.9031182842235158,1.6353129349612678
1771414385723,1.8952288858836583,-1.0551562440747384,1.574337267067608
1771414385769,1.946507269963494,-1.187614904876567,1.5422261149830647
1771414385811,1.899565550225055,-1.0792350162626372,1.5632021811891132
1771414385856,1.9439486598688582,-1.1770295913573658,1.5471062449861168
1771414385902,1.9200415412219467,-1.0295648141843199,1.6206652379228585
1771414385946,1.8982600110836956,-1.0140551975677303,1.604706554471983
1771414385989,2.127130778124882,-1.5512699731892696,1.4554198080030132
1771414386029,1.943358539068517,-1.2202752916685249,1.5124716935909304
1771414386068,1.9134716361031565,-1.1461464833105366,1.5322277705896667
1771414386103,1.874626507447564,-1.0253353733586197,1.5693667240529192
1771414386144,1.8940525479873171,-0.9446204558742402,1.6416842719844735
1771414386183,1.9260080484626227,-1.076709014380169,1.5969360353800293
1771414386222,1.9356329364837361,-1.1222853223134517,1.577070233096942
1771414386265,1.952090013001607,-1.1591068390891182,1.5707089973758497
1771414386307,1.9188514211510173,-1.0829418946902312,1.5840541749504689
1771414386354,1.9169693848493978,-1.1053443483290875,1.5662009749922976
1771414386394,1.8978533457581963,-1.0961717363083243,1.5492755876616573
1771414386439,1.9063863820708566,-1.0772677309607566,1.5728328816425075
1771414386480,1.9395127734248125,-1.1546737236487008,1.5583447597349092
1771414386525,1.9665086542525974,-1.1848212458768983,1.5695078536181577
1771414386570,1.928769308179683,-1.0424791472660018,1.6227717866944458
1771414386616,1.9087895345817238,-1.1232898769421573,1.5432748749616794
1771414386659,2.1379881497180024,-1.5758056512796024,1.4449324820661604
1771414386700,1.9312924326298222,-1.204979974538046,1.5092758930346386
1771414386740,1.9031065769339621,-0.9970406841673085,1.621025760833087
1771414386787,1.9395033165772975,-1.0736315775705774,1.6152363141836708
1771414386833,1.9003043927496268,-0.9840784302498271,1.6256526160962448
1771414386874,1.893414344056285,-1.0727074119879212,1.5602296903162265
1771414386921,1.904217363174889,-1.1059786751758796,1.5501144913434406
1771414386961,1.9062179098439183,-1.1161409651679846,1.545281872566813
1771414386997,1.8631631312097927,-0.9221615943380856,1.6189486858536681
1771414387032,1.926266771039986,-1.111513729907862,1.573226271532206
1771414387070,1.946493025013466,-1.1421524233038034,1.5761735115041502
1771414387109,1.9274064140259133,-1.1395572305383552,1.5544467836358966
1771414387154,1.924375671568585,-1.0537425333581243,1.610232405187849
1771414387200,1.8737903212326372,-0.9937654955300668,1.5885591924253217
1771414387244,1.8954726893535279,-1.0484383618108288,1.5791116862237835
1771414387288,1.9004757354446586,-1.0718191809056221,1.5693985040316298
1771414387331,1.9156196259216467,-1.1214513224302163,1.5530439409867671
1771414387376,1.9031937739821634,-0.9918069275743446,1.6243354209460583
1771414387421,1.9049803753552765,-1.012945592116433,1.6133479035535452
1771414387467,1.938202404172544,-1.1280929421996628,1.5760821277140153
1771414387512,1.9430538089705358,-1.1502218784186284,1.5660292893052892
1771414387556,1.8882909087338333,-1.0545822101123024,1.5663648738788476
1771414387596,1.9083592160942644,-1.0930875762482128,1.5642872013488198
1771414387640,1.9314181973595603,-1.1710479408835572,1.5359111215314623
1771414387685,1.9286191058706517,-1.1252030787973548,1.5663619272040117
1771414387730,1.9194372994809623,-0.9981022879256892,1.6395216892363071
1771414387774,1.9108191372939893,-0.9790197672011031,1.6409601064250294
1771414387818,1.9169467504145556,-1.0675328621715532,1.5921866825560174
1771414387858,1.9099748847781979,-1.114265725091817,1.55126269676322
1771414387899,1.9154867489170146,-1.1228863281731525,1.5518427044254484
1771414387940,1.9225394919330627,-1.1192408075659492,1.5631564581708899
1771414387986,1.8884235945885652,-1.0154492728276938,1.5921703573777857
1771414388031,1.9261114110206792,-1.0758087154017035,1.5976672918758172
1771414388077,2.141115150097003,-1.544661408546982,1.4826986271392324
1771414388123,1.931085462151594,-1.1342327686573535,1.5628842211235963
1771414388168,1.909735540313448,-1.03878896364504,1.602500334772371
1771414388215,1.9026327690141516,-1.003958339556743,1.61619278124886
1771414388257,1.8778610179701782,-0.9469545544833254,1.6216161921229328
1771414388300,1.8910402347347708,-1.0592926123920454,1.566503217589218
1771414388342,1.924550893965678,-1.173155096536991,1.5256484729233577
1771414388387,1.926245626816967,-1.153169727231523,1.5429263738196535
1771414388427,1.9113967057221193,-1.0593887930608488,1.5909534096831521
1771414388473,1.9122022924610729,-1.0445172797976294,1.6017182210044136
1771414388513,2.338658119073816,-1.8358800570883422,1.448746428432244
1771414388558,1.9573111208119296,-1.2173727022437353,1.5326677811860723
1771414388599,1.8786709247430027,-1.0144526287379803,1.5812306307181536
1771414388643,1.9045773185760781,-1.1359506281272738,1.5287350760977834
1771414388688,1.9109092887796637,-1.0983997999814594,1.5636790557352522
1771414388730,1.9158074902121651,-1.0820016778519572,1.5810093955061066
1771414388773,1.915242177971615,-1.0882956834579032,1.5759965436663719
1771414388818,1.9165508252292125,-1.0298554936678683,1.6163430105794026
1771414388864,1.9618935101642376,-1.1592705367464926,1.5827564461584267
1771414388907,1.9445264354919363,-1.170075636174451,1.5530956390248247
1771414388946,1.8975371395118386,-1.0987535017228367,1.5470578328810385
1771414388990,1.9730663227066056,-1.2988624355816993,1.4852431071153784
1771414389036,1.974831421149116,-1.2798833474064069,1.503947392361052
1771414389080,1.923001882219982,-1.115448148097408,1.5664327843631387
1771414389124,1.8976078171008803,-1.0653515748204427,1.5703316368047773
1771414389166,1.9474499189890166,-1.2092510148562712,1.5265232294463802
1771414389208,1.9466590256357577,-1.186486932580767,1.5432854955918687
1771414389249,1.919640569313356,-1.0774934085695997,1.5887189398514676
1771414389291,1.922822086160348,-1.1925509537413166,1.5083325222764075
1771414389331,1.9240703197084907,-1.1379552369970416,1.551484603137956
1771414389374,1.897090408801781,-1.032828445507615,1.5912942598143287
1771414389419,1.9619920439567995,-1.2727437962019978,1.493163088808154
1771414389464,1.947340350132472,-1.1783177396710351,1.5503876107704813
1771414389508,1.9045571492401974,-1.0185077341034825,1.6093414585765624
1771414389554,1.9672456771080353,-1.216579736524933,1.545959022347351
1771414389595,1.960245537865576,-1.2199765608825899,1.5343466882093468
1771414389640,1.950327484204316,-1.1001733391839472,1.6104024091485891
1771414389682,1.9359156407098417,-1.154928032141544,1.553676481291603
1771414389723,1.91584885675638,-1.1552784078698526,1.5283352519144573
1771414389764,1.9186748989937163,-1.1593424696470809,1.5288029323955246
1771414389809,1.9267731717811207,-1.1837385497681687,1.5202690226694198
1771414389855,1.9200566269466153,-1.1106556025909942,1.56622526576315
1771414389899,1.9383943558130856,-1.2045117150144025,1.518724532968731
1771414389940,1.9449201226840678,-1.201867023107538,1.529127183195706
1771414389985,1.8988202007510377,-1.124489996448796,1.5300458825364676
1771414390030,1.9181821785016722,-1.1326628935865923,1.5480625437667137
1771414390073,1.928100481147668,-1.0894593223662818,1.590801637637789
1771414390114,1.9488820295110447,-1.1599091883062662,1.5661263805433414
1771414390157,1.9499533625988392,-1.1850585515073406,1.5485329656839222
1771414390198,1.9326236345947714,-1.1567963097568776,1.5481784169556085
1771414390240,1.9160677198508882,-1.15706391869059,1.5272585226866333
1771414390287,1.9240141834389806,-1.1429089356021682,1.5477692796392768
1771414390332,1.9240141834389806,-1.1429089356021682,1.5477692796392768
1771414390373,1.9234521600246979,-1.1488390611523793,1.5426720401544185
1771414390414,1.9204261725812977,-1.101683387220969,1.5730004445824497
1771414390458,1.9197057746025643,-1.1882893430267287,1.5077263340180596
1771414390504,1.9162960729876026,-1.1502205240338046,1.532704598231214
1771414390549,1.9094319258085726,-1.115809630463184,1.5494835100325035
1771414390591,1.9242141969453468,-1.173225546714768,1.525169529023531
1771414390632,1.9389004276593451,-1.1982963343847604,1.5242771281422671
1771414390674,1.9481024380364056,-1.2060065005085343,1.5299187657567137
1771414390719,1.919636514431368,-1.1112549467036064,1.565284891310517
1771414390759,1.951187049152104,-1.170375027512179,1.5612024839061591
1771414390802,1.9588441496477058,-1.2362725374656425,1.51944088918171
1771414390847,1.94388040511539,-1.1404661902130175,1.5741689548369888
1771414390891,1.9419792272471972,-1.1209354923327544,1.5858079773693745
1771414390932,1.9369965922460244,-1.1466926747273773,1.5611059246890597
1771414390973,1.9228316312396398,-1.0728601099520696,1.5956981752729202
1771414391013,1.9421308742910728,-1.1187664356797142,1.5875244865107168
1771414391053,1.9364428133096638,-1.149433373924707,1.55840100363376
1771414391093,1.9352121088686804,-1.1639522841294252,1.5460468901627336
1771414391134,1.9376240491191719,-1.0947887444861404,1.598694642723067
1771414391178,1.942575364888704,-1.1134883132669475,1.5917734840392368
1771414391223,1.9353573645964024,-1.0825344589822954,1.604284037760596
1771414391262,1.9251313029220545,-1.0484572219845139,1.6145798175249444
1771414391307,1.9205358136559147,-1.1043596830574733,1.5712566633023974
1771414391349,1.9186322484163194,-1.0467704045164883,1.6079245706473448
1771414391390,1.9225603243017217,-1.0808140445211343,1.5899934596547902
1771414391431,1.9122022924610729,-1.0445172797976294,1.6017182210044136
1771414391474,1.9513677787885595,-1.1304169612224662,1.5905953922587486
1771414391515,1.9421308742910728,-1.1187664356797142,1.5875244865107168
1771414391558,1.9130502374372569,-1.0766157375569376,1.5813474522076028
1771414391598,1.921417988285595,-1.1322680473416356,1.5523582559050675
1771414391641,1.9332963133122516,-1.1496745991300203,1.5543110857167464
1771414391684,1.9280818568413067,-1.1690687174628922,1.5332246999478876
1771414391730,1.9717021289778403,-1.2384430280937808,1.534232104859514
1771414391773,1.9260419009675154,-1.1561411609064585,1.5404463704850055
1771414391815,1.9313391783633729,-1.1722242489002965,1.534914112310993
1771414391856,1.9029895660496663,-1.113013386014895,1.5435577381638677
1771414391901,1.9340419296315325,-1.2138047220763795,1.5057211834326916
1771414391943,1.952867188516892,-1.2642609133274048,1.4884000131075068
1771414391985,1.9185748654814176,-1.1608860584791536,1.5275055069248604
1771414392031,1.9506681888603787,-1.2489033792777942,1.4984481079638148
1771414392074,1.9210392853683083,-1.1733928515462182,1.5210329226774202
1771414392115,1.9121063102615654,-1.0850097097763545,1.5744537057129144
1771414392158,1.9396094842446927,-1.1859291396509193,1.5348149813898722
1771414392204,1.9468634179707376,-1.2206370610404964,1.51668135527774
1771414392245,1.9336221823233666,-1.2187527253718782,1.5011783832614956
1771414392285,1.923965031345752,-1.2153715095321331,1.4914803168861615
1771414392326,1.9352121088686804,-1.1639522841294252,1.5460468901627336
1771414392371,1.955236053037548,-1.2012029135470577,1.5427441730837648
1771414392415,1.939632264347181,-1.1929811351102269,1.5293689326541478
1771414392460,1.9362046336247822,-1.1518638640158507,1.5563091023458517
1771414392507,1.9578675237884455,-1.2074756719759054,1.5411838768595507
1771414392552,1.9778088767055861,-1.2041713684026674,1.5689803275677678
1771414392594,1.9669110197685642,-1.21698242851638,1.5452160782134605
1771414392634,1.9472487058720953,-1.2122007175408687,1.523924848184435
1771414392680,1.9673353111063476,-1.207148173424505,1.553448265544685
1771414392723,1.9592390707258254,-1.1536169576453357,1.5835989553203538
1771414392769,1.9531118716510434,-1.1842745829108012,1.5531064662333003
1771414392811,1.9603760347509296,-1.2514708995598762,1.5089382973404086
1771414392856,1.9383943558130856,-1.2045117150144025,1.518724532968731
1771414392901,1.9364428133096638,-1.149433373924707,1.55840100363376
1771414392947,1.9280930780356103,-1.208723790248307,1.5021749952840384
1771414392990,1.9206104810522733,-1.1409869708464662,1.5449573949745186
1771414393034,1.9290043609802554,-1.1210612349320503,1.5698023863574262
1771414393077,1.957466440529861,-1.2115025878822676,1.537509787076236
1771414393122,1.9364428133096638,-1.149433373924707,1.55840100363376
1771414393163,1.9630489920258565,-1.1832630382084324,1.5663492354846926
1771414393207,1.9175025337354377,-1.0654942735270083,1.5942201604430224
1771414393253,1.93855222128221,-1.0813973324037642,1.6089016514716532
1771414393298,1.9080094730697787,-1.1329682569509556,1.5352143427109872
1771414393344,1.924550893965678,-1.173155096536991,1.5256484729233577
1771414393388,1.9002525414818696,-1.0716319976256277,1.5692560603907864
1771414393432,1.91706492670306,-1.1042737935516596,1.567072851551591
1771414393474,1.9139302645613288,-1.1048363973217497,1.5628389529177007
1771414393517,1.9332963133122516,-1.1496745991300203,1.5543110857167464
1771414393559,1.9361450432264693,-1.1158330929668365,1.5822686677838533
1771414393603,1.9380187194609573,-1.130634292562899,1.5740338793882047
1771414393648,1.9304260819958978,-1.1038841965328394,1.5836617500890398
1771414393691,1.920729101860246,-1.1030227040171692,1.5724316192303942
1771414393735,1.9601964185749052,-1.2166730704535433,1.5369048893887454
1771414393780,1.923001882219982,-1.115448148097408,1.5664327843631387
1771414393826,1.900989832368014,-1.0994710435425707,1.5507823081199956
1771414393872,1.907964643815558,-1.0914175692546395,1.5649718117501423
1771414393917,1.894928230563377,-1.0548779984690786,1.5741618110384719
1771414393963,1.880183380987358,-0.9969519511563403,1.5941067571610814
1771414394006,1.9393602183893268,-1.110162631218474,1.5901751441011684
1771414394048,1.9096876615990714,-0.9933672337398729,1.6309900379204412
1771414394091,1.8966881086634686,-0.9505281108390754,1.641317182037069
1771414394142,1.9262443848745634,-0.9907369119474685,1.6519254830547228
1771414394192,2.0638592652825687,-1.433357674360029,1.4849245247641087
1771414394243,1.9024846951615784,-1.0817329990452933,1.565024515495051
1771414394288,1.8986694372693727,-1.0131315412973743,1.6057739915844955
1771414394329,1.9025746859662749,-1.0846188995524466,1.5631353998976893
1771414394368,2.097655380380234,-1.5371496844299222,1.4273503222738047
1771414394407,2.050116750815561,-1.4389730756630765,1.4602517520932128
1771414394447,2.1717787807642144,-1.608456442297093,1.4592775424197673
1771414394490,1.935719546363063,-1.1205882463373844,1.578382762305306
1771414394539,1.9323411552478875,-1.0416391182525866,1.6275534668915534
1771414394586,1.8878772159813195,-0.9389297852379981,1.6378312614595878
1771414394626,1.8718104506954325,-0.8551582803565111,1.6650461491713475
1771414394671,2.3032468138590256,-1.7844856532832594,1.4562131845227786
1771414394720,2.375725534671691,-1.8746593510016636,1.4593574386671393
1771414394765,2.108230485504254,-1.5338533727278252,1.446350445424959
1771414394809,1.8794866276805227,-1.0009701827249333,1.5907635515454575
1771414394858,1.901865288527206,-1.0929175784946847,1.5564776716426059
1771414394907,1.8935899740290794,-1.0331362580398584,1.5869191731360637
1771414394958,1.9011902695373022,-1.0210246294189058,1.603755949982199
1771414395009,1.892750578794475,-0.920642144471272,1.6537601988650463
1771414395058,1.9079723855068706,-1.0156240257175921,1.615198582912321
1771414395109,1.9186690345086543,-1.0035974073607223,1.635262397268771
1771414395150,1.9375457811090904,-1.098869569273415,1.5957973942886654
1771414395193,1.9386227107671175,-1.041612974695608,1.635023065784643
1771414395240,1.926399443270672,-1.1838208992431565,1.5197311912139855
1771414395281,1.8942577358239787,-1.0218591442008862,1.5949972599167745
1771414395326,2.0296073528272616,-1.411188673663901,1.4587160566653143
1771414395373,1.906123873248577,-1.0800266528281892,1.570621103050922
1771414395420,1.8776548992519766,-0.9885298109475115,1.5963698611390242
1771414395464,1.9040500526419073,-1.1421448819504878,1.5234538626423697
1771414395507,1.9076793848867801,-0.9754575203535757,1.6394277237828014
1771414395558,1.9323411552478875,-1.0416391182525866,1.6275534668915534
1771414395608,2.176581114616382,-1.629763731827434,1.442697309529829
1771414395659,2.0970488720618308,-1.4775992773033046,1.488057239332059
1771414395705,1.9218722416502487,-1.1220666090799367,1.5603074818809286
1771414395749,1.9286810515798294,-1.165835099106196,1.5364371514693085
1771414395797,2.0818948762951486,-1.5307166149590445,1.4110963541276396
1771414395846,2.0813167034405975,-1.5014479911229208,1.4413650300925795
1771414395891,1.9274064140259133,-1.1395572305383552,1.5544467836358966
1771414395942,2.1258405088756294,-1.5259787459957945,1.480063085123637
1771414395986,2.0983896462061344,-1.459573306143599,1.5076089915154227
1771414396023,2.219912254181996,-1.6676707429422635,1.4652251394928317
1771414396058,2.3107432212619647,-1.7774612820272553,1.4765383928303888
1771414396093,1.930430016518009,-1.1420606191489822,1.556360366644809
1771414396128,1.9205069263450767,-1.1432301582710394,1.5431693553719203
1771414396169,1.9452951313888394,-1.1980921424527036,1.5325626794354
1771414396214,2.1881834961541204,-1.6533738510132618,1.433353383373007
1771414396257,2.174243901650773,-1.616615193253656,1.4539229212055982
1771414396299,1.971578543949527,-1.239806761765178,1.5329713462565049
1771414396341,1.9237894990870175,-1.0652400602053764,1.6019455830118334
1771414396388,2.1398833167582247,-1.5518068381389822,1.473430061606344
1771414396432,2.3324940831979126,-1.8290528386300178,1.4474440789380238
1771414396473,1.9716704356561499,-1.31454660298424,1.4695072423853877
1771414396514,1.9515994953774753,-1.277546095644271,1.4753360850537396
1771414396556,1.9630489920258565,-1.1832630382084324,1.5663492354846926
1771414396599,2.0313467346953913,-1.3885893282875839,1.4826291626443426
1771414396640,1.9673353111063476,-1.207148173424505,1.553448265544685
1771414396689,2.0098633676261657,-1.3305943538869236,1.506343062496001
1771414396731,2.020338723514694,-1.4029089323681772,1.453827735742638
1771414396780,1.9451363358144604,-1.235519038021104,1.5023475202472665
1771414396824,1.9525131744195758,-1.2286124847456408,1.5175042202936873
1771414396863,1.9892027235158416,-1.3045597987263757,1.501682791667348
1771414396907,1.9492439644291044,-1.1925450627174916,1.5418781749059896
1771414396951,1.9591848987943563,-1.154681071569935,1.5827561690361402
1771414396992,1.945346140015812,-1.159925540428206,1.5617119917375142
1771414397032,1.9577198769409072,-1.1673932227981068,1.5715788812320464
1771414397078,1.9441890328223,-1.21436844063572,1.5182820178525727
1771414397162,1.9445264354919363,-1.170075636174451,1.5530956390248247
1771414397201,2.2089937334891134,-1.6426948687194536,1.476890951586118
1771414397248,2.05861081638988,-1.4206314771140587,1.4898606309283218
1771414397288,1.9818716762913176,-1.2717430661330587,1.5200279323184307
1771414397333,2.1216087632123095,-1.5357400169868987,1.4638054325504963
1771414397373,2.04829102533556,-1.4586152377061932,1.4380325840541675
1771414397421,1.923051246228624,-1.1493866231367158,1.54176408252879
1771414397460,1.929755733908946,-1.149830390939248,1.5497894258985478
1771414397507,1.9448725687755322,-1.124030701988529,1.5871623388181537
1771414397568,2.419209252385116,-1.91058846470996,1.4839895974510704
1771414397605,1.89809442604729,-0.9773309838417106,1.627140620295242
1771414397643,1.9659704286757187,-1.2988904424525343,1.4757788943242307
1771414397689,2.119463056671973,-1.562960722028365,1.43152975169707
1771414397733,2.064008886362091,-1.4349494350611904,1.4835945543844686
1771414397776,1.9125229717015233,-1.0048138404794371,1.6272963046928455
1771414397822,1.9066117817848114,-1.0323510665247515,1.6029409726767425
1771414397866,1.8670690605015676,-0.916305689537237,1.6267546711178962
1771414397907,1.9080094730697787,-1.1329682569509556,1.5352143427109872
1771414397946,1.9350938050861197,-1.1649521277016979,1.5451454865629852
1771414397989,1.9618852285282264,-1.1643823287070814,1.5789893737805603
1771414398031,1.8894269681835814,-1.0024030833929851,1.6015999271052794
1771414398076,1.9112297733899213,-1.0991682622533787,1.563530740966412
1771414398124,2.0776561955602113,-1.5032010091787207,1.4342391686722984
1771414398166,2.0128867554274827,-1.332540097845592,1.5086583370031268
1771414398212,2.3551687201093374,-1.8412650027385304,1.4685240515128564
1771414398259,2.0812055366704323,-1.4648514568346798,1.478386517551137
1771414398305,2.0892990935040077,-1.4852679234524313,1.4694046065260482
1771414398345,1.8687248464705744,-0.9350431183763456,1.6179699992872274
1771414398388,1.8734202265728737,-0.9195166812129348,1.6322354052965238
1771414398434,1.9004757354446586,-1.0718191809056221,1.5693985040316298
1771414398473,1.9149648160036488,-1.0106917647163782,1.6265277136484277
1771414398520,1.9285925052295723,-1.0841862925706138,1.5949950263965291
1771414398562,1.9238271721397058,-1.065128636758326,1.602064909864893
1771414398604,2.099815147845489,-1.5148288076709624,1.4541380053390884
1771414398653,1.884284210038134,-0.984035133635022,1.6069230970929937
1771414398696,1.923001882219982,-1.115448148097408,1.5664327843631387
1771414398739,1.923051246228624,-1.1493866231367158,1.54176408252879
1771414398786,1.917523469131404,-1.0604339727115717,1.5976157373376392
1771414398831,1.9258880164943364,-1.0390253583434825,1.621564354811639
1771414398879,1.978814742753186,-1.2302442939648641,1.549905404630957
1771414398926,1.938202404172544,-1.1280929421996628,1.5760821277140153
1771414398971,1.9120199000747278,-1.0850593425085644,1.5743145560899365
1771414399021,1.9052658273595158,-1.090240600467691,1.562502257917021
1771414399071,1.9109109543285157,-1.0611458164582648,1.5891979837596828
1771414399119,1.8918027793749828,-0.9727681481549479,1.6225411815994388
1771414399158,2.101061839023811,-1.5033715472242042,1.4677652545277196
1771414399206,1.9200995675776837,-1.024626754074373,1.6238603278136399
1771414399256,1.8945208171170627,-1.0213852895455016,1.5956131162628222
1771414399306,1.9200415412219467,-1.0295648141843199,1.6206652379228585
1771414399352,1.9090454292606989,-1.0829289304445018,1.572170277860351
1771414399392,1.9235654864429386,-1.1480118783687148,1.5434289448363971
1771414399441,1.892562701594654,-1.0451701993749323,1.5777873221083443
1771414399488,1.9188514211510173,-1.0829418946902312,1.5840541749504689
1771414399566,1.9087059582854664,-1.010323679316975,1.6193839872636295
1771414399603,1.9114729235846697,-0.9705099167692556,1.6467662976420963
1771414399646,1.8850944927255209,-0.9750350185204562,1.613346819243433
1771414399690,1.9121322959852494,-1.1275939801271175,1.5442738530878863
1771414399738,1.9050074421843683,-1.1312652740716769,1.5327401066251785
1771414399781,1.9051864332351083,-1.1295434630687762,1.534231700370485
1771414399822,1.9026327690141516,-1.003958339556743,1.61619278124886
1771414399870,1.9002160136567314,-0.9900293650275455,1.6219317972530887
1771414399916,1.8704403181877718,-0.8269358306059978,1.677713955345887
1771414399956,1.8742645306554568,-0.9085374081182013,1.6393374603549389
1771414399997,1.9183181914802923,-1.094296776981458,1.5755821932391252
1771414400045,1.8998135418885302,-1.0383837968317133,1.5909275861648755
1771414400091,1.911327806080698,-1.093422097991677,1.5676741045002733
1771414400139,2.1269010086197024,-1.5514123731860778,1.454932145769228
1771414400184,2.252577947793652,-1.7152613943946158,1.4601321035391626
1771414400225,2.171234628513459,-1.6103817162122895,1.45634149159637
1771414400270,1.9045023622020003,-0.9354825613753462,1.6589157980426916
1771414400310,1.901721682057195,-1.0143632997796683,1.608605747865694
1771414400354,2.133940716627336,-1.5875539926941657,1.4259646918352509
1771414400403,1.8721202804760864,-1.0133997833876824,1.5741204603205114
1771414400443,1.8886467603015762,-1.0503797459508184,1.569614275704045
1771414400490,1.9222394437639365,-1.0018214173698408,1.640535987676275
1771414400530,1.8511063511979418,-0.7378746770783312,1.6976853902805153
1771414400578,2.0973856261864663,-1.5101024491502302,1.4555469961509564
1771414400623,2.4052188492626123,-1.9184279884476474,1.4507624774541419
1771414400670,2.10082874586525,-1.5102248089873331,1.4603775011184377
1771414400708,2.0576309556033254,-1.466643386101896,1.443191715421281
1771414400757,2.2384340341951816,-1.687660013756976,1.47050692055805
1771414400802,1.9132783677951635,-1.0316860276431783,1.6112908033743518
1771414400846,1.891742170524637,-1.0129278853119665,1.597706336877554
1771414400891,1.891103058636174,-1.0587254711204597,1.5669623975015652
1771414400938,1.8884235945885652,-1.0154492728276938,1.5921703573777857
1771414400976,1.8828038588042262,-0.8372522045202577,1.6864041973246073
1771414401019,1.8874692330043297,-0.9488711369072558,1.6316199530167204
1771414401055,1.931848405429408,-1.1617447300716461,1.5434984430542533
1771414401089,1.9433855619401061,-1.145935726285566,1.5695791644831536
1771414401125,1.9443552424362902,-1.244698577959684,1.4937345007780416
1771414401164,1.8723823352889015,-0.928618944999026,1.625878982117309
1771414401210,1.921442702831634,-1.1362672227885395,1.549464055304722
1771414401257,2.0695084615323793,-1.482942660152173,1.4435187352628691
1771414401296,2.1250255395473006,-1.5307437650059361,1.4739596567151176
1771414401339,1.9307036160549667,-1.0584602707407846,1.6147068799974407
1771414401384,1.9066839852959279,-0.9914899865839559,1.6286164147176305
1771414401427,1.9031065769339621,-0.9970406841673085,1.621025760833087
1771414401472,2.040096539191637,-1.407302409781045,1.4769880895410628
1771414401519,2.128230992693117,-1.5699930046327244,1.4368330187129748
1771414401567,1.8814063930391283,-1.019486546235395,1.5812454578001256
1771414401613,2.03288745739103,-1.410403756185795,1.464033011565917
1771414401656,1.8965472926661993,-0.9963428972606352,1.6137510540345972
1771414401695,2.1227882412916146,-1.5205639112307894,1.481254640238629
1771414401739,1.9164936318222034,-1.0730885854505545,1.5879007300806895
1771414401786,2.3544864694871923,-1.81314343794477,1.5020377520009551
1771414401833,2.0917879538921027,-1.4976275096613247,1.4603727901990398
1771414401873,1.9175336952125428,-1.1765931500441618,1.514121537903951
1771414401920,1.9090454292606989,-1.0829289304445018,1.572170277860351
1771414401963,1.9629425879381153,-1.226191300083197,1.5328400109409541
1771414402006,1.8926373603454671,-0.8811974819572274,1.6749827388864935
1771414402051,1.9219793326850219,-1.0828924910973134,1.587875438437605
1771414402098,2.077019127796633,-1.4760735799277946,1.4612375727006988
1771414402138,2.2194642666762285,-1.6757533537996596,1.455291148973923
1771414402185,2.3081571043731306,-1.8010524388414049,1.4435370902791456
1771414402232,1.880490056238589,-0.9489354721223413,1.6235037176921279
1771414402273,2.070654511902262,-1.4709913850315368,1.457324415778517
1771414402320,2.3799887409544564,-1.8612051566846757,1.4833279380502316
1771414402363,2.1127737993161135,-1.521083905565571,1.46632768483243
1771414402405,2.163426817759773,-1.5914025256415825,1.4655557298116544
1771414402453,2.3551687201093374,-1.8412650027385304,1.4685240515128564
1771414402496,2.0662467528175146,-1.413039592010952,1.5075459379197855
1771414402539,2.1477293132773068,-1.5812908028781394,1.4533618268840076
1771414402584,2.083591351231664,-1.5119313998027573,1.4336723339793742
1771414402623,2.3248638953171517,-1.8029763536399328,1.4677426204769317
1771414402663,2.014544387556201,-1.3543610794759626,1.4913400537217838
1771414402706,2.3199568791140557,-1.820997866720863,1.437416672488077
1771414402753,1.8609058056663936,-0.7832823860228847,1.6880281755080946
1771414402797,1.9274394493889855,-1.1397154596429053,1.5543717387137084
1771414402842,2.1157194122406158,-1.5304621027449299,1.4608060731641779
1771414402889,1.9298883256692692,-1.1476123811233898,1.5515974904100738
1771414402935,1.9073413900750018,-1.065398965940575,1.5820481097823775
1771414402980,1.9094184825123146,-1.0400947159935279,1.6012750928937765
1771414403023,1.898549124759195,-0.9713250355134674,1.6312622273897803
1771414403071,1.8901887128671186,-0.95366443917298,1.6319735009206306
1771414403115,1.8889079875893253,-0.7528002281413113,1.7324160014526373
1771414403163,2.248074371222381,-1.6878130446139081,1.4849664996147334
1771414403205,2.392089216255816,-1.877795837410126,1.4818817805522024
1771414403246,2.3551041820867082,-1.8421573892278609,1.4673008763697697
1771414403290,2.0333546093899875,-1.3659540309753013,1.5062206188967913
1771414403337,2.374032064894037,-1.8935592013188969,1.4319433634908845
1771414403380,2.3547186151887547,-1.8426528717576143,1.4660593954270285
1771414403425,2.2634144024315943,-1.741163593213315,1.4461653082560333
1771414403472,2.2105002298898975,-1.6984878379236341,1.4147262388069248
1771414403519,2.298269240101116,-1.7707673991858162,1.4650680250335348
1771414403567,2.0578752082000924,-1.463525760882414,1.4467006323901725
1771414403606,2.001971608173215,-1.3451099191857605,1.4827574397856604
1771414403656,1.9288739630441287,-1.1956595061065338,1.513589478942901
1771414403695,1.9413633971461766,-1.2061426058464724,1.5212205146331759
1771414403739,1.9512759381797575,-1.1688680583511506,1.5624420786338622
1771414403784,1.9486099454397585,-1.1633658973965773,1.5632211961975808
1771414403827,1.9656983202365839,-1.1901403999039952,1.5644601991413158
1771414403873,1.9481771665052035,-1.1303936031079165,1.5866961190300255
1771414403920,1.9672456771080353,-1.216579736524933,1.545959022347351
1771414403968,1.9161227767943672,-1.1204141709619853,1.5544126161536787
1771414404007,1.9173153849993412,-1.0603490871704848,1.597422329533393
1771414404055,1.892562701594654,-1.0451701993749323,1.5777873221083443
1771414404093,1.9395874465029188,-1.186779222735643,1.534129896428166
1771414404139,1.9066513068840067,-1.074549936769301,1.5750116315226317
1771414404187,1.8994467223116778,-1.1175205151091254,1.5359185359942795
1771414404238,1.9192593286049844,-1.1236982843742607,1.5559108381046771
1771414404286,1.936809396010916,-1.1825207283174037,1.5339085251656457
1771414404336,1.9199657197640114,-1.1545074155454147,1.534073333488196
1771414404383,1.9492392605948599,-1.1512066874980533,1.5729770683974242
1771414404428,1.9124374243973132,-1.0423080424288749,1.6034371976861195
1771414404469,1.946379535407839,-1.1101846178388746,1.598713048100999
1771414404508,1.9544751569296206,-1.1690836824414819,1.5662747148901208
1771414404555,1.8921011042506044,-1.0082168717705675,1.6011075317365564
1771414404605,1.956935114192351,-1.1771662668619811,1.563289679272929
1771414404646,1.9669502267522454,-1.2159695483406892,1.546063146197092
1771414404688,1.9516798832564042,-1.1597534594356718,1.5697217205717462
1771414404736,1.9484439753011333,-1.1639536630343912,1.5625766525825562
1771414404781,1.943032030057684,-1.1877794254376053,1.5377104754592772
1771414404826,1.9352547230767847,-1.0797562719075697,1.6060315178934903
1771414404873,1.9577389462677097,-1.2124074732640966,1.5371434222305904
1771414404912,1.9439486598688582,-1.1770295913573658,1.5471062449861168
1771414404956,1.9524919578330275,-1.195710777854242,1.54353509228843
1771414404998,1.9884140148744929,-1.2741671386422238,1.5265282170184697
1771414405046,1.9682939755806454,-1.1582210283024044,1.5914475247098736
1771414405089,1.9960938146480742,-1.2991340547630417,1.5154673287904423
1771414405129,1.9302173539381189,-1.110983090867474,1.5784345425928905
1771414405171,1.9357267616218259,-1.1198631775898646,1.5789061273987295
1771414405211,1.914458247145025,-1.0976352192778214,1.5685494271659184
1771414405258,1.9335962347033853,-1.1085843333486936,1.584245932522139
1771414405305,1.9557729610834929,-1.2269724502693253,1.5230188710535997
1771414405344,1.9619920439567995,-1.2727437962019978,1.493163088808154
1771414405390,1.9395127734248125,-1.1546737236487008,1.5583447597349092
1771414405437,1.9584762572806558,-1.2364694797822584,1.5188062667434044
1771414405479,1.9661912292989943,-1.224733627599801,1.5381597744052866
1771414405521,1.9699964742116032,-1.21742632042691,1.5487928404851121
1771414405561,1.9612285440989903,-1.24117478241389,1.51851985883902
1771414405607,1.9350938050861197,-1.1649521277016979,1.5451454865629852
1771414405654,1.9364095607517553,-1.1868762508186497,1.53003488594655
1771414405698,1.945346140015812,-1.159925540428206,1.5617119917375142
1771414405737,1.9728094904580036,-1.2256629209955654,1.54587440943234
1771414405784,1.923001882219982,-1.115448148097408,1.5664327843631387
1771414405836,1.9364095607517553,-1.1868762508186497,1.53003488594655
1771414405880,1.9259764305186737,-1.1894442247911097,1.5147962394409775
1771414405924,1.9577163714339438,-1.1721785546889172,1.568008554475354
1771414405971,1.9543187974156135,-1.21206854543868,1.533053098587969
1771414406012,1.9559419889228793,-1.2292096808271065,1.5214311106956213
1771414406052,1.935659573058959,-1.1954544191111278,1.5223884900387505
1771414406092,1.9051864332351083,-1.1295434630687762,1.534231700370485
1771414406127,1.948914447406527,-1.2325687532037906,1.5096495593135322
1771414406165,1.9634999748190818,-1.214989985665794,1.542443349315095
1771414406207,1.9674783356725847,-1.2098437115029674,1.5515312420565976
1771414406255,1.9912151498821624,-1.2779949694699921,1.5269795778364676
1771414406300,1.9517563825052717,-1.2001226722058633,1.5391746321673583
1771414406340,1.9367492511306132,-1.1458649735633748,1.5614067772734939
1771414406380,1.9184912683254778,-1.162218717273863,1.526386713732597
1771414406425,1.9602383887498076,-1.2570811200916687,1.5040882946946692
1771414406473,1.959657168229089,-1.2269233275875622,1.528042985394428
1771414406520,1.9353546128359245,-1.1618926523795465,1.5477735434396447
1771414406568,1.9535735749712178,-1.256439579067984,1.4959309131698868
1771414406616,1.9728066419398322,-1.2624183983192279,1.5160032434223327
1771414406660,1.9929844451064733,-1.2613847548544876,1.5430150675405088
1771414406703,1.9393602183893268,-1.110162631218474,1.5901751441011684
1771414406752,1.9774641120385443,-1.24922948576272,1.5329024777530367
1771414406796,1.9320443012970125,-1.159817851120378,1.5451918115226893
1771414406835,1.958617118158766,-1.2347058968972613,1.5204217716514319
1771414406879,1.9624954620131334,-1.2307997694624222,1.52856807696399
1771414406923,1.9583591238612539,-1.2012049067044108,1.5466988168741402
1771414406970,1.9758418347958808,-1.191395779549888,1.5762382600991094
1771414407011,1.9231095628592487,-1.0734074670341047,1.5956650025854795
1771414407051,1.9600946249905744,-1.1390930700653192,1.5951294357029797
1771414407095,1.9502008548874439,-1.2179505364639913,1.5231151844594002
1771414407138,1.9535735749712178,-1.256439579067984,1.4959309131698868
1771414407179,1.953298814651068,-1.260653400028168,1.4920218712588253
1771414407223,1.9259764305186737,-1.1894442247911097,1.5147962394409775
1771414407270,1.9439539436288757,-1.1014231829204981,1.6018189370448639
1771414407320,1.9454527832030166,-1.1587136606466375,1.5627441199067853
1771414407359,1.9817887724302152,-1.2730780386639973,1.51880184553545
1771414407406,1.9522520872241318,-1.1951232491716295,1.5436867011671849
1771414407452,1.9451821285029953,-1.2388695987363976,1.4996451681561744
1771414407502,1.942363783264886,-1.2308844029578507,1.502564691816687
1771414407540,1.9878891865599122,-1.3150355605087498,1.4907665453179677
1771414407579,1.976889961309345,-1.2158079212155273,1.5588152609707289
1771414407621,1.9392178061082908,-1.1115850908529352,1.5890073270192695
1771414407663,2.0014639760840063,-1.277607350048808,1.5406419138343803
1771414407707,1.9531512152055703,-1.2205343667998405,1.5248263930426667
1771414407749,1.9268711744822309,-1.1832484331026032,1.5207746935725772
1771414407789,1.9479276008257247,-1.244212825534172,1.4987849688447423
1771414407830,1.943032030057684,-1.1877794254376053,1.5377104754592772
1771414407873,1.9573111208119296,-1.2173727022437353,1.5326677811860723
1771414407910,1.9731644168668803,-1.221261823697428,1.5498055923143548
1771414407951,1.9326236345947714,-1.1567963097568776,1.5481784169556085
1771414407989,1.926385852745715,-1.1522324917992426,1.5438013921813079
1771414408033,1.935659573058959,-1.1954544191111278,1.5223884900387505
1771414408072,1.9177476245093064,-1.1746640877160965,1.5158892546426992
1771414408114,1.938202404172544,-1.1280929421996628,1.5760821277140153
1771414408158,1.9094184825123146,-1.0400947159935279,1.6012750928937765
1771414408203,1.8907474085342357,-1.0291812377594738,1.5860995374574718
1771414408240,1.9029441642492313,-1.0761477611346717,1.5694274396909973
1771414408280,1.9001148149442861,-0.9954191118527007,1.6185107666398575
1771414408318,1.9211308156251,-1.0171136880974405,1.62979242734441
1771414408363,1.935812263668135,-1.1564133811029516,1.5524423377935779
1771414408407,1.9218722416502487,-1.1220666090799367,1.5603074818809286
1771414408453,1.8854016376615872,-1.0133039064269818,1.5899542535924778
1771414408495,1.9639264256466227,-1.2103809265826755,1.5466043508014529
1771414408538,1.927985657354534,-1.052923182679985,1.6150793993918213
1771414408579,1.9465289149401357,-1.1872098901216395,1.5425652315203355
1771414408623,1.9311560080182266,-1.1738807029096443,1.533416976116168
1771414408670,1.90493127654695,-1.0941477719145094,1.5593600679706106
1771414408717,1.9288783913352217,-1.1965385882621957,1.5129002793837616
1771414408766,1.9143344355212282,-1.0565957935257968,1.5963338185122717
1771414408808,1.8635871488451736,-0.7462878433680548,1.7076333084658255
1771414408853,2.1311234116775095,-1.538498700737224,1.4746893719118817
1771414408888,2.3801587409708738,-1.8578361396716145,1.4878173645814623
1771414408935,2.06043552328104,-1.4741454819005626,1.4395449433034628
1771414408975,1.9332111681967734,-1.1871372166822147,1.5257819797103183
1771414409022,1.953400391904877,-1.2584612161031028,1.4940041695585815
1771414409065,2.062316968254493,-1.450391054326051,1.4661231418545204
1771414409109,1.8999873964584102,-0.9530409968925897,1.643674227133463
1771414409156,1.9220288448662,-1.0868824111727908,1.585207085771736
1771414409205,2.0435104884777666,-1.4397730455568387,1.4501685053146844
1771414409245,1.953006644065365,-1.1864064066497102,1.5513461219289466
1771414409294,1.9308064980244815,-1.1368864902967426,1.5606097657628304
1771414409341,1.912054367089658,-1.0844028254601934,1.574808691505283
1771414409387,2.0977428816654355,-1.5084346451508353,1.4577894631553212
1771414409429,1.9365246904534879,-1.1102259271468473,1.5866714428094115
1771414409474,2.226290787056003,-1.6709468128611176,1.4711585288879345
1771414409518,2.2545867031049798,-1.7320671078990122,1.4432964822073582
1771414409563,2.1442690965940887,-1.5778925034554578,1.451945317891654
1771414409608,1.9343232244099682,-1.1738559257062702,1.5374227142123442
1771414409654,2.119092506619889,-1.5218203015338563,1.4746579337093624
1771414409693,2.0996082633972146,-1.5229638624507755,1.4453151674963085
1771414409739,2.2574172960135663,-1.7402504295979744,1.4378669238233655
1771414409788,1.9147380051418428,-1.1683067892343078,1.516997321870934
1771414409830,1.9364428133096638,-1.149433373924707,1.55840100363376
1771414409876,1.9637923490131854,-1.2521499567164003,1.512812240807775
1771414409923,1.927985657354534,-1.052923182679985,1.6150793993918213
1771414409963,1.909735540313448,-1.03878896364504,1.602500334772371
1771414410007,1.9154103961746096,-1.1238821804531025,1.5510273467072573
1771414410053,2.0879974204830316,-1.4995789024620114,1.4529268196418643
1771414410100,1.9049803753552765,-1.012945592116433,1.6133479035535452
1771414410143,1.9132303723762782,-0.9926266783925778,1.6355863581989152
1771414410189,2.104538201094722,-1.5043740027977555,1.4717132531757902
1771414410234,1.9298458950191866,-1.0294065574135844,1.6323686219957543
1771414410279,1.8954726893535279,-1.0484383618108288,1.5791116862237835
1771414410324,2.0824399787392975,-1.4894093477407448,1.4554092413868391
1771414410371,2.3385518449352616,-1.8365694596106894,1.447700711982769
1771414410412,1.8480063439495409,-0.8263186231891477,1.652974585481743
1771414410460,1.8772932444219055,-0.9495338369437764,1.6194491094353516
1771414410507,1.9370146055133823,-1.1422261576869561,1.5643992414559198
1771414410556,1.9118003586091823,-1.0498476756623412,1.5977485625356005
1771414410595,2.328087905851633,-1.811768973885397,1.4620145288740798
1771414410639,2.083193823669197,-1.5179553809508157,1.426712293497169
1771414410687,1.9612285440989903,-1.24117478241389,1.51851985883902
1771414410727,2.3476441234247507,-1.8506329178888565,1.4445036287517394
1771414410773,1.900404041528456,-1.0263620701687204,1.5994112735555757
1771414410819,1.903179792610733,-0.996556024382494,1.621409699387786
1771414410867,1.9074388639281379,-1.0256649864692946,1.6082084302584683
1771414410910,1.9204712122613807,-1.0630108520340005,1.5994429047586056
1771414410954,2.4491800529487993,-1.921817124482512,1.5182561943914643
1771414410994,1.9488820295110447,-1.1599091883062662,1.5661263805433414
1771414411036,1.8667990993646313,-0.79198152684659,1.6904745305748747
1771414411081,1.8700129544451145,-0.8324896926968305,1.6744877907426148
1771414411120,1.9078467641901933,-1.059791142375625,1.5864179809158614
1771414411168,1.8787512918235207,-0.9708730120967562,1.6084501891294984
1771414411212,1.893414344056285,-1.0727074119879212,1.5602296903162265
1771414411254,1.9452677232551483,-1.2347409773130296,1.5031570889572163
1771414411301,1.8976078171008803,-1.0653515748204427,1.5703316368047773
1771414411344,2.1306388917032946,-1.5818061544239195,1.427414227428484
1771414411389,1.9046554942265057,-1.0217202830809067,1.6074203603377326
1771414411432,1.9144202381957178,-0.9374555910641403,1.6691859881978197
1771414411474,1.9096876615990714,-0.9933672337398729,1.6309900379204412
1771414411514,1.8936547259063734,-0.9099012845749765,1.660725104668545
1771414411557,2.056150125043994,-1.412433801085784,1.4942503452463367
1771414411595,1.8813402525641945,-0.9819031104380931,1.6047764416361257
1771414411641,1.8580076641914816,-0.9035130801105997,1.6235321352727645
1771414411688,2.076173250851919,-1.4844789171153372,1.4514881026701878
1771414411727,1.900404041528456,-1.0263620701687204,1.5994112735555757
1771414411772,1.9261114110206792,-1.0758087154017035,1.5976672918758172
1771414411809,1.924524358670585,-1.0124980600014926,1.636655640508913
1771414411858,1.8881699013418378,-1.0182025910846308,1.5901097634571615
1771414411904,1.8759770952910428,-0.9726438697539984,1.6041365168484212
1771414411943,1.884284210038134,-0.984035133635022,1.6069230970929937
1771414411989,1.9117231699631558,-0.9314370998178974,1.6694641079270922
1771414412033,1.9244850021194155,-1.0174994866495042,1.6335046121913956
1771414412072,1.909339304135739,-1.0750873660782434,1.5778985181615746
1771414412116,1.9067537590174408,-1.0682869320578885,1.579390049456272
1771414412160,1.8838997899996324,-1.0273834529549326,1.5791015354799254
1771414412206,1.8972325424942875,-1.0276342668473823,1.5948226026428085
1771414412245,2.0725403549825017,-1.4109387057512317,1.5181157701717063
1771414412293,1.9086656476178527,-1.0499931734819283,1.5939005270210016
1771414412339,1.9254621185667815,-1.0833503969457035,1.5917777129590884
1771414412381,1.9439413469005478,-1.1764310646309102,1.5475522318684105
1771414412425,1.8836445089794231,-0.9922505111814369,1.6011107267358213
1771414412473,1.9085069360678752,-1.0893183260047434,1.5670942248790953
1771414412511,1.9135413204919378,-1.1093140270519968,1.5591865746650435
1771414412551,2.122753658830216,-1.5621142739201617,1.4373176723647263
1771414412593,1.9212435461973407,-1.0971610956244138,1.5771538587129568
1771414412633,2.3661704328068107,-1.8699744059966399,1.4498131734836335
1771414412672,1.93855222128221,-1.0813973324037642,1.6089016514716532
1771414412714,1.9393602183893268,-1.110162631218474,1.5901751441011684
1771414412755,1.9470812641461417,-1.101149829334127,1.6058002685721409
1771414412797,2.348836731777509,-1.8361491751173045,1.464783328435743
1771414412841,1.93715036233028,-1.1782758127255641,1.5376012602174356
1771414412879,1.9659704286757187,-1.2988904424525343,1.4757788943242307
1771414412922,1.9370942471380679,-1.214692005147223,1.5089259275812108
1771414412963,2.3275594699460282,-1.8470789957829588,1.4162740799269231
1771414413006,2.1675035931704185,-1.6216798602409648,1.4381329066868334
1771414413049,1.97945707855921,-1.337543231396479,1.45918759246494
1771414413091,1.9659704286757187,-1.2988904424525343,1.4757788943242307
1771414413135,1.9314181973595603,-1.1710479408835572,1.5359111215314623
1771414413178,1.9331944266376095,-1.1868689434265882,1.525969463099498
1771414413223,1.9269044942410827,-1.1452851134211077,1.5496073499123844
1771414413266,1.9201457245183071,-1.146666312555864,1.5401675139527753
1771414413306,1.9066513068840067,-1.074549936769301,1.5750116315226317
1771414413347,1.9418204888413497,-1.2016982286569533,1.52531576341648
1771414413388,1.991513424543476,-1.3143564279118094,1.4961928019288797
1771414413430,1.9887581969986377,-1.3094258296290726,1.4968510823824417
1771414413473,1.9817025369062276,-1.278062970507206,1.5144966121450636
1771414413518,2.048518314727025,-1.4606021090017622,1.4363386665239002
1771414413563,2.0419022295920968,-1.4544615201818762,1.4331456316520668
1771414413605,2.2158672613354504,-1.6760933734742043,1.4494063347640407
1771414413645,2.060726162904033,-1.4706656678046475,1.4435147425703316
1771414413680,2.0778169300897704,-1.467356548139489,1.4711179271560255
1771414413718,2.210824920177157,-1.6538780639391188,1.467117642623564
1771414413756,2.2831126930701395,-1.7484432192324157,1.468179102963317
1771414413796,2.219443109946566,-1.6755501582537127,1.4554928325021883
1771414413836,2.0685982633289974,-1.4593856895472836,1.4660464468059478
1771414413873,2.3544864694871923,-1.81314343794477,1.5020377520009551
1771414413909,2.286799791892389,-1.7476233870693105,1.4748782272335108
1771414413944,2.2106017650437924,-1.6606917940549646,1.459062345745799
1771414413979,2.2201038133095277,-1.6661881621047967,1.4672007191701297
1771414414018,2.202059302460476,-1.6448566418994814,1.4640737000410464
1771414414060,2.3862186532273646,-1.8699792899442307,1.4823012231627846
1771414414102,2.344785549292064,-1.8058139253811774,1.4956788890227444
1771414414144,2.3195318857206106,-1.7925409405636454,1.4720819084812544
1771414414188,2.1766915638969064,-1.6283870908007543,1.4444174074184428
1771414414230,2.2090238514546856,-1.677401754290315,1.437396859256158
1771414414272,2.060512446925183,-1.4376767509225978,1.476074897757647
1771414414311,2.0657394616648768,-1.4509141391898683,1.4704175203589007
1771414414354,2.0333388141478403,-1.4057042829993585,1.4691705829744226
1771414414397,2.0287889772608683,-1.4120003199212567,1.456790928993405
1771414414440,2.021134046416148,-1.3911558958859733,1.4661746508940219
1771414414483,2.004441787583197,-1.3556636301376213,1.476469776775606
1771414414524,2.1759931386399955,-1.6323341380732017,1.4388993714256588
1771414414564,2.03842743665813,-1.4191635606384463,1.4632707209114253
1771414414604,2.336227071593876,-1.8262885621314164,1.4569238202033976
1771414414641,2.182166919134643,-1.641626599281822,1.437676796604849
1771414414683,2.194129921390957,-1.6221678701905613,1.477422591158165
1771414414726,2.065498903142485,-1.4189852197385242,1.5009219383586945
1771414414768,2.0483916542051266,-1.3843938135746368,1.5097556550493492
1771414414809,2.0487271282268993,-1.4547597554357024,1.4425522173902383
1771414414850,2.034420264227317,-1.3928531739271344,1.4828438378264424
1771414414888,2.1938047453850684,-1.6236028499559194,1.4753620052343295
1771414414931,2.314902818224801,-1.8057866357842411,1.4484162674618637
1771414414971,2.1818997439040393,-1.6071659931583742,1.475704564905784
1771414415010,2.1716963450273843,-1.6078263405343585,1.4598491270296368
1771414415052,2.293510335135849,-1.7446018201121236,1.4888096408327085
1771414415094,2.224856051133682,-1.6866561364353612,1.450922301741586
1771414415136,2.2247677205622276,-1.6887092338886656,1.448396538878358
1771414415173,2.283501472927638,-1.779147944608505,1.4314368893032015
1771414415217,2.026202631316634,-1.4436066206661557,1.421793595400997
1771414415255,2.1628665769402002,-1.631680811281609,1.4197216486834345
1771414415297,2.3258348415517243,-1.7923862305946594,1.482180593096065
1771414415339,2.1483645425426,-1.5743819092154652,1.4617769363310333
1771414415378,2.3387640668749152,-1.8434193423036163,1.4393132004279663
1771414415418,2.3429289063226695,-1.8275006530704512,1.466136836420603
1771414415460,2.1630000616744565,-1.5953315401180381,1.4606459337937825
1771414415502,2.0211269083029877,-1.3932647527084663,1.4641609571104572
1771414415539,2.332507344569232,-1.8288096158766127,1.4477727381556285
1771414415581,2.306419309987143,-1.7854669332528206,1.4600266654216751
1771414415624,2.391306454388804,-1.889096557877926,1.466172143309006
1771414415662,2.080427627769784,-1.4734214310608522,1.4687438173072933
1771414415705,2.2898480267284156,-1.7879035993186818,1.4306658257801932
1771414415743,2.058734828199764,-1.4184395540144783,1.4921187367129733
1771414415785,2.071707938909547,-1.4602946396747718,1.4695282744738094
1771414415825,2.183290746361827,-1.6310447935665793,1.451361899916261
1771414415868,2.040096539191637,-1.407302409781045,1.4769880895410628
1771414415911,2.117458020722906,-1.5083846495592494,1.486070058408347
1771414415953,2.0738882433497827,-1.4357073919521823,1.496581681899892
1771414415997,2.045624837175592,-1.4180038280904614,1.4743968658371682
1771414416036,2.018749294199413,-1.3842865857441424,1.4693874102357938
1771414416076,2.015717205057499,-1.4149702623898242,1.4356096291531648
1771414416116,2.033536230435429,-1.4035716451057785,1.4714809674435458
1771414416159,2.02136182962741,-1.3888161399844277,1.4687046590766388
1771414416202,2.0128867554274827,-1.332540097845592,1.5086583370031268
1771414416241,2.035135634325428,-1.3817905623221425,1.4941324880942186
1771414416280,1.9933374120472491,-1.293536716718173,1.5166267836119716
1771414416322,2.0532218348284488,-1.4464021244948468,1.4572716964496002
1771414416364,2.041494777637053,-1.424994701076681,1.461879279907456
1771414416405,2.169531605606966,-1.628595373382723,1.4333682351454315
1771414416445,2.196228024047593,-1.66798272846988,1.4287236090784563
1771414416488,2.0439451860239957,-1.3975251735896974,1.4915211405319575
1771414416531,2.0325302798705396,-1.4098529940457214,1.4640675782800905
1771414416574,2.062920698429634,-1.4472277398583793,1.4700930844656803
1771414416616,2.062316968254493,-1.450391054326051,1.4661231418545204
1771414416658,2.07378129678038,-1.5062748868013307,1.425378838157686
1771414416701,2.1927635284802025,-1.6323424827409216,1.4641276962314973
1771414416740,2.288323621764375,-1.7656416834250241,1.4556560183219365
1771414416782,2.048424285757653,-1.3885834773033876,1.5059475359526249
1771414416824,2.353618401231869,-1.822766636261935,1.488973259782596
1771414416865,2.3094262669711885,-1.7878689533467818,1.4618393510352503
1771414416902,2.296976711025029,-1.7745364946332194,1.458465714443163
1771414416946,2.1698382403567193,-1.6290677761202295,1.4332955627228579
1771414416987,2.0591396502080808,-1.483926638912199,1.4275916185610653
1771414417025,2.0440330288414725,-1.3975531514301638,1.491615302925812
1771414417062,2.0435081236061956,-1.4031863499412052,1.4855953414652294
1771414417104,2.215622573869977,-1.6431921458108005,1.4862378550514446
1771414417146,2.032513886416627,-1.375393891237831,1.4964639462486489
1771414417188,2.061507386715637,-1.4620443634667917,1.453354390621269
1771414417228,2.220385177615799,-1.700915900636941,1.42723349033589
1771414417270,2.1725761090215516,-1.6381845129623662,1.4270383495132428
1771414417312,2.173164631655264,-1.6318369722617614,1.4351838252422324
1771414417354,2.2021790633379337,-1.6740239110377466,1.430816750068934
1771414417394,2.0496713355868783,-1.4405066861150322,1.4581128458334027
1771414417435,2.091867863144043,-1.4927819662319783,1.4654395784703695
1771414417477,2.1984135582010786,-1.6487262654813493,1.4542090201873492
1771414417520,2.033536230435429,-1.4035716451057785,1.4714809674435458
1771414417563,2.0553930170668764,-1.4202988559994434,1.485729320654994
1771414417603,2.1931387291407027,-1.6674952745616098,1.4245409767962447
1771414417646,2.293079459737284,-1.7819934063918952,1.4431607354154437
1771414417689,2.0543598552785185,-1.463195940002249,1.4420305323192395
1771414417728,2.179943997453645,-1.6309873366019958,1.4463872717492046
1771414417763,2.268526860528727,-1.724630384654251,1.473724585283035
1771414417798,2.2046398606875024,-1.654061935943878,1.4575719630240558
1771414417837,2.045998922489957,-1.3744821618484369,1.5155561281557712
1771414417874,2.0588193230734033,-1.4179003396286174,1.492747678591891
1771414417916,2.1468244216709977,-1.5872169886773209,1.4455439558647505
1771414417958,2.021134046416148,-1.3911558958859733,1.4661746508940219
1771414417996,2.29563586379393,-1.7929507096549837,1.433621906879423
1771414418035,2.1558313930132447,-1.602279599937412,1.4423276599739168
1771414418085,2.0594933779065268,-1.4459353105179609,1.4665551648124815
1771414418127,2.2084250075710368,-1.682339578152735,1.4306902382577484
1771414418169,2.1615342541624467,-1.5744896934656647,1.4809498766291864
1771414418212,2.0684838611173055,-1.4604791279767326,1.46479561729515
1771414418255,2.1614737975591773,-1.6080487329087052,1.4443504595926844
1771414418297,2.3366332685433897,-1.822960680289221,1.4617350614195528
1771414418341,2.1844446749500825,-1.6534017876049096,1.4276067619140296
1771414418380,2.1684688922395194,-1.6459182984111531,1.411810997111803
1771414418419,2.302225970292209,-1.7571889154561746,1.4874580779591255
1771414418461,2.072516118498753,-1.4496912063833285,1.4811206796112144
1771414418503,2.195680226926791,-1.6425340880806392,1.4570838783029574
1771414418541,2.0631238483903696,-1.4435139769250305,1.4740242237558956
1771414418583,2.090453135697015,-1.5076808826900305,1.4480651465029093
1771414418625,2.0496713355868783,-1.4405066861150322,1.4581128458334027
1771414418663,2.3173509869778797,-1.8100482379285037,1.4470110480639984
1771414418704,2.171566975025265,-1.6135710751295194,1.4533036546179006
1771414418747,2.0261491915177268,-1.4092680248956493,1.4557624051659852
1771414418788,2.194129921390957,-1.6221678701905613,1.477422591158165
1771414418829,2.063557154110667,-1.4406923971144092,1.4773874052455072
1771414418871,2.0036318802216906,-1.3689556758444898,1.4630451356721241
1771414418910,2.019047704862082,-1.379049900441534,1.4747118384962656
1771414418951,1.9898252100441276,-1.333318045439489,1.4770468361675526
1771414418990,1.999848899293046,-1.3365740670562174,1.4876039067159008
1771414419029,2.018038510255239,-1.3523834806195782,1.497844568111278
1771414419071,2.0173378324118305,-1.362212034608296,1.48796179482149
1771414419111,2.005027760235795,-1.3489989363094979,1.4833536965781329
1771414419153,1.9973863091906419,-1.3242660192090954,1.4952831098191106
1771414419195,2.0087179775145487,-1.3442110139885277,1.4926636134983908
1771414419233,2.0013355537175066,-1.319385270359384,1.504847669012533
1771414419275,1.999848899293046,-1.3365740670562174,1.4876039067159008
1771414419318,2.040747719659306,-1.436358943139147,1.4496634925936602
1771414419357,2.008300382355576,-1.383137890674801,1.4560906569129597
1771414419400,2.162298141171821,-1.6051417550821379,1.4488109598587893
1771414419441,2.348101763247214,-1.8086679712928868,1.4974318215477957
1771414419484,2.051131169049498,-1.428121141541574,1.4722802307062175
1771414419528,2.049462924568417,-1.446943018750082,1.4514317688651195
1771414419573,2.0602968498804612,-1.4371648095287914,1.4762724748092488
1771414419613,2.210824920177157,-1.6538780639391188,1.467117642623564
1771414419656,2.001253816986424,-1.3561427639001153,1.471697538193255
1771414419698,2.0727489870029707,-1.4829173137195175,1.44818666054923
1771414419741,2.0318143605395127,-1.4215011122179013,1.4517589964101676
1771414419780,2.010092333009133,-1.3330712300050944,1.504457471301467
1771414419822,2.026649580771712,-1.4040097156470561,1.4615283923382496
1771414419868,2.0695945337488952,-1.4830101375299638,1.4435728128870622
1771414419908,2.042951822921431,-1.4115799650196477,1.4768527865475043
1771414419952,2.0396071525946793,-1.4107164844186708,1.473050011881743
1771414419991,2.3104136671940148,-1.8114019236535563,1.4341667910466658
1771414420046,2.3687203040949765,-1.8712581265504844,1.4523184577944914
1771414420086,2.2118116660161697,-1.6843028291258397,1.433609021220192
1771414420125,2.0272209221942887,-1.4385392010912603,1.4283660715327777
1771414420170,2.0226526221851944,-1.41279255266879,1.4474601318019948
1771414420215,2.3375775190955888,-1.8215055834199594,1.4650549707608247
1771414420255,2.1765761908646692,-1.6259913502098235,1.446940235006888
1771414420292,2.018852830180377,-1.4197991801121974,1.4352480754489974
1771414420333,2.216382131307724,-1.6739554057456159,1.4526606801160418
1771414420375,2.1745353431457164,-1.6156935408470525,1.4553825410025267
1771414420418,2.205751847150343,-1.6764666309872962,1.4334576542030306
1771414420458,2.233534082327164,-1.7085651851055585,1.4385685611614951
1771414420496,2.102323333169756,-1.4874226119567866,1.4857110656617065
1771414420538,2.049178430359156,-1.414881996132149,1.4823094064568028
1771414420578,2.1705949856541547,-1.6211896071121743,1.4433387854341175
1771414420621,2.2878822269839083,-1.7644615430492179,1.4563929921725185
1771414420663,2.064896186702133,-1.4601754136357146,1.4600287748091747
1771414420707,2.0741672398162976,-1.4687293023389145,1.4645832086905148
1771414420749,2.2288505127043905,-1.7135496950419349,1.4253147198441178
1771414420792,2.3766434640249954,-1.8653284097750333,1.4727471197659412
1771414420829,2.161832477129432,-1.610680656457878,1.4419526629137294
1771414420872,2.219558225962406,-1.7048047718685275,1.4212949758061064
1771414420912,2.067198479242299,-1.470550474803676,1.4528561021781738
1771414420953,2.3541890383774198,-1.8522175810063717,1.4530987788265828
1771414420991,2.218681958341611,-1.6875793863024695,1.440356014045676
1771414421030,2.202532812228608,-1.6766476175667135,1.4282869303650176
1771414421070,2.040289658514289,-1.3637268302427152,1.5175740585277904
1771414421105,2.332425553436686,-1.838314756078562,1.4355513992568314
1771414421141,2.1837686253541366,-1.6595718534271013,1.4193895421601606
1771414421178,2.1171596734610167,-1.512027038534585,1.4819376902116674
1771414421220,2.2074064630826666,-1.6598978823640784,1.455122782923275
1771414421259,2.193764174816669,-1.6633077599805302,1.4303875524827567
1771414421302,2.166041980147139,-1.631441993743685,1.4248280179759834
1771414421346,2.1124314765624357,-1.5613276842585369,1.422892338000183
1771414421384,2.152358032839125,-1.6013087203625989,1.4382126002847442
1771414421425,2.0265731284025184,-1.365666167289423,1.4973157864272277
1771414421464,2.00117378295937,-1.3170767429048176,1.5066536970728055
1771414421506,1.9359234838954151,-1.2317401445609608,1.493524673975862
1771414421545,1.9909123037780587,-1.2817025749187645,1.5234731079941866
1771414421588,1.9577877708017208,-1.2837148966300462,1.478177600855486
1771414421627,1.9701255151884323,-1.2922858366434111,1.4870749348998271
1771414421667,1.962098179170998,-1.236093738228012,1.523778702771385
1771414421710,2.002979777520119,-1.3365372411897736,1.491843219667326
1771414421753,1.959178317386866,-1.2289932841771194,1.5257638043833552
1771414421796,1.9818716762913176,-1.2717430661330587,1.5200279323184307
1771414421837,1.9612285440989903,-1.24117478241389,1.51851985883902
1771414421880,2.006239281427009,-1.3381290167735724,1.494793226104987
1771414421921,2.162654084033619,-1.5987529338196105,1.4563865365315896
1771414421963,2.015841441454621,-1.3393244467020988,1.50659441906306
1771414422005,1.9716829777676625,-1.3111238807532677,1.4725786682338056
1771414422044,2.0079966410170176,-1.3893778270865913,1.4497171323867868
1771414422087,2.028711303457391,-1.3465271579688936,1.517410348464779
1771414422129,2.010499829164073,-1.3283369272518664,1.5091820866839885
1771414422171,1.9907571025697752,-1.357487709114719,1.456139059648658
1771414422212,2.0041293578202883,-1.3239603866669658,1.5045475656867149
1771414422249,1.9898656804097736,-1.2574853526480143,1.5421724981169747
1771414422292,2.0275629322871453,-1.3548925599166783,1.5084023320942184
1771414422333,2.0217722050182,-1.3837106480292327,1.474078590684593
1771414422374,2.0066503439811347,-1.366127409286804,1.469810023300607
1771414422416,2.040471875885455,-1.4011908744507933,1.483303613437023
1771414422459,2.005950219700351,-1.2998426971477872,1.5278236961729101
1771414422501,1.9948819358840564,-1.351424511568244,1.4673805667409712
1771414422544,1.9915069531527303,-1.2743513081671858,1.5304014792949767
1771414422586,2.0271662838817592,-1.3635289640145765,1.5000639675694891
1771414422625,1.976114734348538,-1.2645700205605965,1.518516416246056
1771414422667,2.0054894749805663,-1.344790813697747,1.48779222395198
1771414422709,2.0145908416412146,-1.316533399577484,1.5248987071348739
1771414422752,1.9828607837731118,-1.3010574346101993,1.4963243096571164
1771414422790,2.0741371501415897,-1.5033417225533432,1.4289886573475041
1771414422831,1.9982586258497899,-1.3140524668345819,1.5054247407921262
1771414422868,2.003096536085154,-1.3360051203911214,1.4924764826170789
1771414422910,2.155668551640655,-1.6010820055364587,1.4434137716122393
1771414422953,2.1413096069156095,-1.5710695287581,1.454973322256076
1771414422995,2.0278985577491158,-1.3510329545835709,1.5123103240241835
1771414423037,2.171999030380567,-1.60705755571255,1.461145372850124
1771414423078,2.105845140784283,-1.5255162490389484,1.451683137217937
1771414423120,2.0527883210748414,-1.4106184621039817,1.4913401508417397
1771414423157,2.0082300607883186,-1.3136803228572338,1.5189575327808105
1771414423196,2.2107667276843794,-1.6908960888023814,1.4242050207428385
1771414423237,2.0422970703285435,-1.418667984943428,1.4691352803500113
1771414423279,2.336535614981789,-1.8259486710253197,1.4578443438375708
1771414423318,2.1957913592690863,-1.6390662795994462,1.4611507193033892
1771414423360,2.0333764467333397,-1.4390978267536108,1.4365295747609717
1771414423401,2.012988269068488,-1.3717663904230872,1.4732205339028375
1771414423445,2.0593463121444158,-1.4157578385107745,1.4955055921119473
1771414423488,2.043965507612467,-1.432454100264567,1.4580364353968391
1771414423529,2.0460931303337073,-1.4439459051407126,1.4496611055781818
1771414423572,2.2166137608285785,-1.664567200970077,1.4637597474139186
1771414423613,2.045679188197936,-1.4192621376660743,1.473261119290702
1771414423654,2.180349733874119,-1.6609684934465747,1.412483141769401
1771414423695,2.0624263966595047,-1.4528320275757094,1.4638585113624065
1771414423740,2.067955184783701,-1.4295916181909816,1.4942243645021598
1771414423780,2.0131444652387467,-1.365378842876044,1.479355012614577
1771414423821,2.039359545604069,-1.409112575127727,1.4742418752916164
1771414423862,2.0173016019115915,-1.3259435826140253,1.5203221266559783
1771414423905,2.030272132119252,-1.4001515384189211,1.4702314783472643
1771414423946,2.1959216275323663,-1.6743855975278774,1.4207408859660542
1771414423988,2.0287134872555144,-1.3815311030260051,1.485614426674761
1771414424027,2.0294763302372605,-1.3800690103676034,1.4880133405370668
1771414424070,2.0436062126010013,-1.436769251968401,1.453279212257428
1771414424112,2.0269977180088157,-1.4010190778299012,1.4648772277462707
1771414424152,2.0125393398354516,-1.3414013932602313,1.5003189316091519
1771414424191,2.0234870321239193,-1.3688533560579803,1.490214836452272
1771414424230,2.1725761090215516,-1.6381845129623662,1.4270383495132428
1771414424270,2.0092714330905306,-1.3733066742458102,1.4666971297120568
1771414424312,1.9205177363709431,-1.062643862095518,1.5997426036916353
1771414424354,2.005650011952122,-1.3024599934643002,1.5251983267327969
1771414424398,1.9367492511306132,-1.1458649735633748,1.5614067772734939
1771414424437,1.9507180332279872,-1.2129225945769564,1.5277825842460604
1771414424474,1.9578348314763878,-1.2442971014135529,1.511569366835676
1771414424517,2.0005605702518765,-1.2842263502026667,1.5339508716682067
1771414424557,1.9871743301092928,-1.2881030778558629,1.5131597004492188
1771414424598,2.0364421685358507,-1.4448675779227316,1.4350799239271301
1771414424636,1.9827494948473845,-1.301353989751525,1.4959188990969217
1771414424677,2.008485311323236,-1.310349095534347,1.5221690095497
1771414424719,1.9759190844866379,-1.1889432183750295,1.5781857469634366
1771414424758,2.0211448552652147,-1.3192489024438985,1.5312115658411198
1771414424801,2.141099450222792,-1.579639127069085,1.445353619007045
1771414424841,2.0059709994866903,-1.339019629619238,1.4936351904919722
1771414424881,2.129620845304908,-1.5593933961667055,1.4503713940742415
1771414424923,1.9695949304616576,-1.1850384656538295,1.5732094663524878
1771414424968,2.002587757439806,-1.3039014873301147,1.519933760920556
1771414425005,2.0145908416412146,-1.316533399577484,1.5248987071348739
1771414425046,1.9979721697459685,-1.2832980524632367,1.531351984235981
1771414425086,1.9794386837145155,-1.2989599353135066,1.4936132662224797
1771414425126,2.0260782577787575,-1.375327811329205,1.4877723340713878
1771414425168,2.024008458703007,-1.3259373747116687,1.5292155895242663
1771414425216,2.0074787000586474,-1.3224841665704732,1.510300089505247
1771414425262,2.0138294675037782,-1.39717535462681,1.4503138117697143
1771414425307,2.041920586824243,-1.454818793254045,1.432809115580825
1771414425351,1.9616391044712107,-1.2729644214300861,1.4925111584051154
1771414425396,2.031673662304157,-1.3530848224131584,1.5155392879947183
1771414425438,2.0143147271309507,-1.3212190878585273,1.520474906670583
1771414425481,2.0045515632928748,-1.2786546363028561,1.543784081716455
1771414425527,1.991631313392592,-1.348287891074054,1.4658496004941917
1771414425569,1.977812445660594,-1.3173916688980996,1.475202108501686
1771414425610,1.9714452390275479,-1.2780828444006287,1.5010331686319207
1771414425657,1.9737033399773365,-1.2916713145343186,1.4923438241393565
1771414425697,2.0117459697111735,-1.3095356006187615,1.5271667745734943
1771414425740,1.9847886027720378,-1.2418611642237751,1.5482786075143413
1771414425784,2.0017158206861625,-1.3505734810141272,1.477436123548717
1771414425820,1.9894386401566417,-1.2620599903435745,1.537878631011656
1771414425860,1.969447357824781,-1.2603019383713085,1.513394171847022
1771414425905,1.9827494948473845,-1.301353989751525,1.4959188990969217
1771414425951,1.983027425997291,-1.3296404042498677,1.4712084038788285
1771414425995,1.9710922022215434,-1.2819249615593533,1.49728850345871
1771414426035,1.9535735749712178,-1.256439579067984,1.4959309131698868
1771414426070,1.9424842246109664,-1.2295761732608192,1.5037910084222963
1771414426106,1.952716969877091,-1.1936131373911985,1.5454420864895286
1771414426146,1.9522771290866026,-1.1949092134292878,1.5438840501852553
1771414426188,2.002587757439806,-1.3039014873301147,1.519933760920556
1771414426234,1.9834687841292773,-1.2531974355538558,1.5374149098849383
1771414426274,1.9615264965221852,-1.241758874157813,1.5184271780394736
1771414426317,1.9573111208119296,-1.2173727022437353,1.5326677811860723
1771414426362,1.972371494692663,-1.2717436214387026,1.5076198043293751
1771414426404,1.912402304653019,-1.1227048331382208,1.5481655055226682
1771414426447,1.9035773296967469,-1.106207323997554,1.5491649384328217
1771414426488,1.9425324326805933,-1.2290024548090783,1.504322178952781
1771414426531,1.9080320596827467,-1.0950429894395797,1.5625195013363558
1771414426577,1.93709306842809,-1.214629774228599,1.5089745085022264
1771414426619,1.8950569305738643,-1.01050891777817,1.6031570407189768
1771414426665,1.9559419889228793,-1.2292096808271065,1.5214311106956213
1771414426710,1.9441890328223,-1.21436844063572,1.5182820178525727
1771414426756,1.95632362560829,-1.1838980195872297,1.5574298081552826
1771414426802,1.9149801465491745,-1.0534840376180747,1.599162388302519
1771414426850,1.930430016518009,-1.1420606191489822,1.556360366644809
1771414426891,1.9408397719174968,-1.1347297325256152,1.5745626232002037
1771414426936,1.9709081359740745,-1.2067463391691893,1.55828179523171
1771414426978,1.941523795583125,-1.168320711221399,1.5506583648717178
1771414427018,1.9419792272471972,-1.1209354923327544,1.5858079773693745
1771414427060,1.9665086542525974,-1.1848212458768983,1.5695078536181577
1771414427101,1.9254621185667815,-1.0833503969457035,1.5917777129590884
1771414427146,1.9387775886411411,-1.0827978780903755,1.6082311069681925
1771414427195,1.9502630939530519,-1.1011754252927872,1.609639344190673
1771414427238,1.917523469131404,-1.0604339727115717,1.5976157373376392
1771414427282,1.9267883510310044,-1.0628830229431818,1.607107037259168
1771414427328,1.9143344355212282,-1.0565957935257968,1.5963338185122717
1771414427373,1.9264991610494546,-1.1131681527737227,1.5723408285656741
1771414427415,1.9361450432264693,-1.1158330929668365,1.5822686677838533
1771414427461,1.9084388747882841,-1.0519303961677826,1.5923508973908558
1771414427508,1.951187049152104,-1.170375027512179,1.5612024839061591
1771414427554,1.918919518969418,-1.0861893728050525,1.581911744278798
1771414427595,1.9343232244099682,-1.1738559257062702,1.5374227142123442
1771414427636,1.9257811464345416,-1.1585112782236369,1.538338273004794
1771414427680,1.9008943860381549,-1.0964324943856072,1.5528152665809056
1771414427727,1.9257217110439138,-1.1591955661819398,1.537748271899543
1771414427771,1.900407790015282,-1.1060520659123532,1.5453797578076993
1771414427814,1.9060979947289185,-1.1176628750641358,1.5440334397975242
1771414427860,1.9257217110439138,-1.1591955661819398,1.537748271899543
1771414427905,1.9285020309715553,-1.130830338091688,1.5621596685079449
1771414427950,1.9067537590174408,-1.0682869320578885,1.579390049456272
1771414427992,1.921417988285595,-1.1322680473416356,1.5523582559050675
1771414428036,1.9205358136559147,-1.1043596830574733,1.5712566633023974
1771414428080,1.9171818004780508,-1.067360365366942,1.592585290189511
1771414428126,1.9118003586091823,-1.0498476756623412,1.5977485625356005
1771414428172,1.896583579494323,-1.0351036840963075,1.5892103816605752
1771414428216,1.9218722416502487,-1.1220666090799367,1.5603074818809286
1771414428259,1.9372229564289596,-1.1399358762964207,1.5663265881825763
1771414428300,1.9590687000056628,-1.1933104167693336,1.5536925115902687
1771414428342,1.9341697323732852,-1.0922284896201515,1.5962610939602042
1771414428387,1.9307454343876596,-1.0962240572332007,1.5893617425721474
1771414428427,1.947333517771191,-1.1780220102941348,1.5506037445774747
1771414428470,1.940255242267295,-1.1789595031954896,1.5409882851503978
1771414428516,1.9547777666955717,-1.1270257576032765,1.5971753375462845
1771414428560,1.930690678266422,-1.1005547990958453,1.586299350479587
1771414428607,1.9082900645133285,-0.9719768141133527,1.6422034110140986
1771414428651,1.9544751569296206,-1.1690836824414819,1.5662747148901208
1771414428697,1.9323908239462055,-1.0756975258171206,1.6053065530989465
1771414428742,1.9573111208119296,-1.2173727022437353,1.5326677811860723
1771414428787,1.9244850021194155,-1.0174994866495042,1.6335046121913956
1771414428832,1.923282803502591,-1.1469650981985255,1.5438548525568176
1771414428874,1.9549907449930652,-1.1625236514928465,1.5717911988328093
1771414428921,1.9308690205857264,-1.0987016479589156,1.5878003222792358
1771414428964,1.9191957530231376,-1.078480162468866,1.5875115362047536
1771414429005,1.9183181914802923,-1.094296776981458,1.5755821932391252
1771414429050,1.9459734383397762,-1.0767294168931527,1.6209461389944029
1771414429094,1.9496975961322998,-1.188059712891681,1.545909064262127
1771414429139,1.9578675237884455,-1.2074756719759054,1.5411838768595507
1771414429179,1.9225832472651694,-1.036861149229915,1.6190260343435814
1771414429227,1.9330340963596777,-1.110381047374598,1.582300460506906
1771414429273,1.9578285238051127,-1.166806395922511,1.5721499174885414
1771414429321,1.956121035467394,-1.18608078727776,1.5555133787430433
1771414429366,1.91706492670306,-1.1042737935516596,1.567072851551591
1771414429407,1.9106600603386292,-1.1423906750951862,1.5315238854254865
1771414429455,1.894928230563377,-1.0548779984690786,1.5741618110384719
1771414429502,1.9160677198508882,-1.15706391869059,1.5272585226866333
1771414429544,1.9000486134754426,-1.0730422066602476,1.5680450109278299
1771414429586,1.9415410230280254,-1.2407965765343043,1.4933202602795763
1771414429630,1.94427176691732,-1.2133463159247557,1.5192048648104115
1771414429674,1.9583591238612539,-1.2012049067044108,1.5466988168741402
1771414429719,1.95156963908004,-1.2031094764984995,1.53660393196767
1771414429764,1.9413633971461766,-1.2061426058464724,1.5212205146331759
1771414429806,1.9513655186050356,-1.1684689262352288,1.5628524420505574
1771414429852,1.9505683345409124,-1.1778322391285962,1.5548080409436487
1771414429892,1.9340539588116472,-1.1402511636471948,1.5621754060912056
1771414429939,1.9512759381797575,-1.1688680583511506,1.5624420786338622
1771414429983,1.933928301370697,-1.1027841966203396,1.5886930762507216
1771414430023,1.9073413900750018,-1.065398965940575,1.5820481097823775
1771414430068,1.9342676976299977,-1.1373678944303944,1.5645401237468546
1771414430108,1.9318038699874525,-1.12964775674355,1.5670871506660897
1771414430148,1.9396221285821853,-1.1115470036222876,1.5895273701399424
1771414430192,1.9219250504221113,-1.0879133398643455,1.584373839845016
1771414430255,1.9525160267679664,-1.1546233449464356,1.574536047885367
1771414430294,1.9293717037211333,-1.1184209315711324,1.5721354238561476
1771414430334,1.9569810858306664,-1.175928551900801,1.5642784314576033
1771414430380,1.9754038190257395,-1.1959168632274804,1.572260507826111
1771414430421,1.943922646256837,-1.2131716648981485,1.518897549579444
1771414430462,1.9533583268981503,-1.2189804907009898,1.5263339466030084
1771414430505,1.9365417157063305,-1.1889345190927154,1.5286034560933688
1771414430550,1.9392497768525843,-1.194759990305913,1.5274941121284273
1771414430595,1.9324327454743004,-1.1553613458740468,1.5490114512944873
1771414430635,1.945039737715582,-1.1635371381447637,1.5586407249429204
1771414430678,1.9172061535318625,-1.0646299788804925,1.5944411068488424
1771414430723,1.9569810858306664,-1.175928551900801,1.5642784314576033
1771414430763,1.9504898289881334,-1.1409726963189943,1.581958241939629
1771414430803,1.946493025013466,-1.1421524233038034,1.5761735115041502
1771414430842,1.942941691912266,-1.1881699328687023,1.5372945810083642
1771414430883,1.9080094730697787,-1.1329682569509556,1.5352143427109872
1771414430928,1.952158461203755,-1.2358230024867243,1.5111797259671367
1771414430973,1.9208913287715865,-1.1009216175533738,1.5741013591740318
1771414431018,1.9072357985813981,-1.0312588936563516,1.6043857035155547
1771414431053,1.9439486598688582,-1.1770295913573658,1.5471062449861168
1771414431093,1.944952909463261,-1.0851874769094814,1.6140662811633348
1771414431133,1.9415167333379895,-1.131242338958361,1.5779030376989056
1771414431174,1.947340350132472,-1.1783177396710351,1.5503876107704813
1771414431215,1.9172678568104018,-1.1794415573235968,1.51156662030373
1771414431260,1.9053434694545877,-1.085223545428455,1.5660854360605425
1771414431303,1.9573111208119296,-1.2173727022437353,1.5326677811860723
1771414431345,1.9598424190756272,-1.224737159295645,1.5300330709656702
1771414431389,1.9488820295110447,-1.1599091883062662,1.5661263805433414
1771414431429,1.9531118716510434,-1.1842745829108012,1.5531064662333003
1771414431472,1.9362046336247822,-1.1518638640158507,1.5563091023458517
1771414431513,1.93685371849041,-1.1811724288797127,1.5350029381354708
1771414431559,1.9318038699874525,-1.12964775674355,1.5670871506660897
1771414431599,1.9381693576174504,-1.1289862224568372,1.5754017164869032
1771414431642,1.9439413469005478,-1.1764310646309102,1.5475522318684105
1771414431686,1.9350938050861197,-1.1649521277016979,1.5451454865629852
1771414431732,1.9307748339041433,-1.1786643875923744,1.5292618221413445
1771414431775,1.9256707032148346,-1.1602706281079722,1.536873360680654
1771414431819,1.9181821785016722,-1.1326628935865923,1.5480625437667137
1771414431864,1.9236862900739644,-1.182721805152995,1.5171480067001286
1771414431906,1.9152258301712421,-1.167306646602555,1.5183824199959053
1771414431951,1.9396094842446927,-1.1859291396509193,1.5348149813898722
1771414431996,1.9456431714936,-1.1940919661422749,1.5361223021537542
1771414432041,1.9375222034061392,-1.1411028721840661,1.5658469030480138
1771414432082,1.9505683345409124,-1.1778322391285962,1.5548080409436487
1771414432126,1.9601764282899319,-1.1804935896644537,1.5648407314434931
1771414432171,1.9381693576174504,-1.1289862224568372,1.5754017164869032
1771414432215,1.9073556458794438,-1.0229999493170598,1.609806405616987
1771414432260,1.9091730957070625,-1.0818835941636074,1.5730447539886854
1771414432301,1.925360855862425,-1.1273530977417814,1.5607976865370152
1771414432346,1.9389004276593451,-1.1982963343847604,1.5242771281422671
1771414432389,1.9214872734723263,-1.0933000332434732,1.58012922871072
1771414432432,1.9310069396943499,-1.092939228964519,1.5919395852035911
1771414432476,1.9372229564289596,-1.1399358762964207,1.5663265881825763
1771414432521,1.953006644065365,-1.1864064066497102,1.5513461219289466
1771414432565,1.9154867489170146,-1.1228863281731525,1.5518427044254484
1771414432609,1.93709306842809,-1.214629774228599,1.5089745085022264
1771414432654,1.9080094730697787,-1.1329682569509556,1.5352143427109872
1771414432699,1.9269891284098508,-1.1403133267349075,1.5533745903292369
1771414432743,1.9478327983085424,-1.16786911667224,1.5588888146656543
1771414432787,1.9357267616218259,-1.1198631775898646,1.5789061273987295
1771414432831,1.9578832709886882,-1.1695665797335912,1.5701658888116359
