Timestamp_ms,Measured_Distance_m,X,Y
1771417142426,1.872208041185559,-0.9693454831010977,1.6017279056916527
1771417142431,0.2701580762522106,-7.095466346241824e-05,0.27015806693439853
1771417142434,0.2713381826902437,-0.0008006495174761037,0.2713370014317882
1771417142436,0.27132663190920253,-0.0008042376975345585,0.27132543998843484
1771417142440,0.2712866619393521,-0.0008109543874585193,0.27128544984790054
1771417142443,0.2704256069238017,-0.0002462359357552716,0.2704254948187586
1771417142446,0.2713337294080368,-0.0008021272722166595,0.27133254376560306
1771417142449,0.27137015034939294,-0.0007861517931099403,0.2713690116170421
1771417142452,0.2713219947526959,-0.0008054596486600338,0.2713207991867493
1771417142455,0.27130913732699874,-0.000808219397449106,0.2713079334972088
1771417142458,0.27136979449017506,-0.0007863562226262007,0.27136865516402403
1771417142461,0.27036130050097273,-0.00019770087311697356,0.270361228216884
1771417142464,0.2713173040651037,-0.0008065732340024889,0.27131610517028676
1771417142467,0.2713529934904795,-0.0007948259390459182,0.27135182941703345
1771417142470,0.2713739737413306,-0.0007839053379192508,0.2713728415235791
1771417142473,0.2713540448375975,-0.0007943566564706586,0.27135288214284214
1771417142476,0.2712984499145617,-0.0008098414661869484,0.27129724120020754
1771417142479,0.27136711608839564,-0.0007878524283282109,0.2713659724112144
1771417142482,0.27137119528365755,-0.0007855490323574812,0.27137005830120386
1771417142485,0.2705196672869581,-0.00028519597289257306,0.27051951695266563
1771417142489,1.8608868257902318,-0.9508651463476747,1.5996109689111473
1771417142492,0.2713684710833993,-0.0007871025630985062,0.27136732958795334
1771417142496,0.27136696473741617,-0.0007879356256733595,0.27136582081803867
1771417142500,0.271353833258196,-0.0007944529672260781,0.27135267028057736
1771417142505,1.878746652612317,-0.9726126404440546,1.6073934292358019
1771417142510,1.879034001443121,-0.9279968376403991,1.6338881993296743
1771417142514,1.872208041185559,-0.9693454831010977,1.6017279056916527
1771417142518,1.871406133509001,-0.945455722210732,1.615015292148682
1771417142522,1.868201519816949,-0.9804627280366112,1.5902420437082414
1771417142526,1.8552705686674955,-0.9760434628802155,1.5777731273958906
1771417142530,1.868201519816949,-0.9804627280366112,1.5902420437082414
1771417142534,1.8765500826969579,-0.9586051854171488,1.6132316359907255
1771417142538,1.874172810624526,-0.949450998174691,1.6158794899834943
1771417142542,1.8608868257902318,-0.9508651463476747,1.5996109689111473
1771417142547,1.8853608513498405,-0.9714193014179787,1.6158372692307856
1771417142551,1.8668136098832953,-0.9583792550520958,1.602030666851072
1771417142554,1.875250856918355,-0.9749755517801891,1.601870297434827
1771417142559,1.8758836958803609,-0.9229611767850241,1.6331204201213594
1771417142564,1.8765789316392123,-0.9980436096846481,1.5891687889710788
1771417142568,1.857052898398162,-0.9595318357716056,1.5899509815053379
1771417142572,1.878746652612317,-0.9726126404440546,1.6073934292358019
1771417142576,1.8780816347315439,-0.9396261569864321,1.6261283196054417
1771417142581,1.8938932490831148,-0.9901949121447386,1.614418060752936
1771417142585,1.8668136098832953,-0.9583792550520958,1.602030666851072
1771417142590,1.8853608513498405,-0.9714193014179787,1.6158372692307856
1771417142594,1.8698215193311625,-0.9603292462382941,1.6043691136933815
1771417142598,1.8862298335919971,-0.9600246690869157,1.6236427008049066
1771417142602,1.8780816347315439,-0.9396261569864321,1.6261283196054417
1771417142606,1.8886104817577691,-0.9291240231325064,1.6442560936312138
1771417142610,1.8698215193311625,-0.9603292462382941,1.6043691136933815
1771417142614,1.880433164288654,-0.9491582011987842,1.6233076093130743
1771417142618,1.874172810624526,-0.949450998174691,1.6158794899834943
1771417142622,1.8608868257902318,-0.9508651463476747,1.5996109689111473
1771417142627,1.879034001443121,-0.9279968376403991,1.6338881993296743
1771417142632,1.8812349006001106,-0.9794352524847006,1.6061604332774915
1771417142636,1.875250856918355,-0.9749755517801891,1.601870297434827
1771417142640,1.8822886155793586,-0.9702748574878254,1.6129405237846304
1771417142644,1.872208041185559,-0.9693454831010977,1.6017279056916527
1771417142648,1.8819833549074825,-0.9297722711245248,1.636271637594677
1771417142653,1.8729363533982997,-0.9205202165304817,1.6311140716821726
1771417142656,1.871406133509001,-0.945455722210732,1.615015292148682
1771417142661,1.8668136098832953,-0.9583792550520958,1.602030666851072
1771417142665,1.8636014131911391,-0.9960706078927072,1.5750725606587983
1771417142669,1.8719915468809216,-0.9326967135132473,1.623092478016953
1771417142673,1.8747547463566498,-0.9830350382711807,1.5963544319849412
1771417142677,1.8639503676314737,-0.9506408683726592,1.6033068678120177
1771417142682,1.878746652612317,-0.9726126404440546,1.6073934292358019
1771417142686,1.8580024948134561,-0.9424841632083145,1.6012173096849005
1771417142690,1.8882027267401293,-0.9784824719110685,1.6148936774387546
1771417142694,1.6639537287187065,-0.7229377167938495,1.4987004600499003
1771417142698,1.871406133509001,-0.945455722210732,1.615015292148682
1771417142702,0.27007855975743766,-3.5717633252873435e-05,0.2700785573956261
1771417142707,1.872208041185559,-0.9693454831010977,1.6017279056916527
1771417142711,1.8629768127564075,-0.9670875079238271,1.5923015910579579
1771417142716,1.8853608513498405,-0.9714193014179787,1.6158372692307856
1771417142720,1.3027989510821618,-0.5069678810799276,1.200111942484579
1771417142724,1.8882027267401293,-0.9784824719110685,1.6148936774387546
1771417142727,1.874172810624526,-0.949450998174691,1.6158794899834943
1771417142732,0.270242710667723,-0.00010345678957041966,0.2702426908645844
1771417142736,0.270831307028278,-0.00042939138396461086,0.2708309666372824
1771417142740,1.8799390947821695,-0.9601091447190224,1.6162801212405322
1771417142744,1.865898177082573,-0.9700816527724873,1.5939001205201875
1771417142748,0.270075919052988,2.7357430550060816e-06,0.2700759190391321
1771417142752,0.2700959901194878,-3.2461541522845106e-05,0.2700959881687893
1771417142757,0.2700690232807449,-2.163004556842945e-05,0.270069022414561
1771417142760,0.2703299418727778,-0.00017150629666479677,0.2703298874681259
1771417142763,0.2704017757523932,-0.00022944204987254994,0.2704016784089797
1771417142767,0.27030977420026153,-0.00015535026310181514,0.2703097295594299
1771417142770,0.2704558289489197,-0.0002642707349339462,0.2704556998353445
1771417142774,0.27036942920887946,-0.0001418873320110957,0.2703693919783086
1771417142777,0.27129987027629043,-0.0008100330914142784,0.2712986609961849
1771417142781,1.87130424516929,-0.9850112142529482,1.5910790319102752
1771417142784,0.27036353441835514,-0.0001987767433527084,0.27036346134600253
1771417142787,0.27041422778797647,-0.00023944851029990884,0.2704141217735837
1771417142791,0.27038893080304044,-0.0002204175056816542,0.2703888409622974
1771417142794,0.2704049463635593,-0.00023121478846141767,0.2704048475112844
1771417142797,0.2713525338417596,-0.0007948835588929897,0.27135136959755907
1771417142801,0.2703993623412061,-0.0002276496082347883,0.2703992665119244
1771417142804,0.2703718152860096,-0.0002070094194248606,0.2703717360379083
1771417142807,0.27136269477546093,-0.000790195911348544,0.2713615442656193
1771417142811,1.868201519816949,-0.9804627280366112,1.5902420437082414
1771417142814,0.2713312273363973,-0.0008030165772341304,0.2713300390525391
1771417142817,0.2713448788598361,-0.0007981947231383082,0.27134370486274983
1771417142821,1.8608868257902318,-0.9508651463476747,1.5996109689111473
1771417142825,1.878746652612317,-0.9726126404440546,1.6073934292358019
1771417142828,0.2713559192963881,-0.0007935678190315702,0.2713547589177394
1771417142831,0.2713676832327059,-0.0007875920120076619,0.2713665403138508
1771417142836,1.8698215193311625,-0.9603292462382941,1.6043691136933815
1771417142839,1.8597536055747246,-1.003254792513619,1.5659384709325725
1771417142842,0.2713663060393589,-0.0007882931580130204,0.27136516107883857
1771417142846,0.2704586618324963,-0.0002654750389070866,0.2704585315408414
1771417142849,0.27036621764225655,-0.00020171478865476148,0.27036614239457585
1771417142852,0.27135029363592383,-0.0007961342555349664,0.2713491257154687
1771417142856,1.8580024948134561,-0.9424841632083145,1.6012173096849005
1771417142859,0.2712946313753404,-0.0008100714137701049,0.27129342195745626
1771417142863,1.8608868257902318,-0.9508651463476747,1.5996109689111473
1771417142867,1.87130424516929,-0.9850112142529482,1.5910790319102752
1771417142871,1.8838300497801244,-0.9504207117403118,1.626504265948794
1771417142876,1.8765789316392123,-0.9980436096846481,1.5891687889710788
1771417142879,1.8685409822376875,-0.9369186569373057,1.6166721475254584
1771417142884,1.871406133509001,-0.945455722210732,1.615015292148682
1771417142888,1.862248909220234,-0.9328572433049895,1.6117531955933473
1771417142892,1.8882027267401293,-0.9784824719110685,1.6148936774387546
1771417142896,1.871406133509001,-0.945455722210732,1.615015292148682
1771417142899,0.2705169512286337,-0.0002851737710704964,0.2705168009162375
1771417142903,1.868201519816949,-0.9804627280366112,1.5902420437082414
1771417142907,1.872208041185559,-0.9693454831010977,1.6017279056916527
1771417142911,1.868201519816949,-0.9804627280366112,1.5902420437082414
1771417142915,1.8819833549074825,-0.9297722711245248,1.636271637594677
1771417142920,1.871406133509001,-0.945455722210732,1.615015292148682
1771417142924,1.872208041185559,-0.9693454831010977,1.6017279056916527
1771417142928,1.878746652612317,-0.9726126404440546,1.6073934292358019
1771417142931,1.8685409822376875,-0.9369186569373057,1.6166721475254584
1771417142936,1.8629768127564075,-0.9670875079238271,1.5923015910579579
1771417142940,1.8629768127564075,-0.9670875079238271,1.5923015910579579
1771417142944,1.883740282119006,-0.9909021213943623,1.6020581875493614
1771417142948,1.8758836958803609,-0.9229611767850241,1.6331204201213594
1771417142952,1.8865668534143551,-0.9946252830286195,1.6030767413826388
1771417142956,1.874172810624526,-0.949450998174691,1.6158794899834943
1771417142960,1.8853608513498405,-0.9714193014179787,1.6158372692307856
1771417142965,1.8668136098832953,-0.9583792550520958,1.602030666851072
1771417142969,1.8930399921880126,-0.9526842763001512,1.6358462891462777
1771417142973,1.872208041185559,-0.9693454831010977,1.6017279056916527
1771417142978,1.8799390947821695,-0.9601091447190224,1.6162801212405322
1771417142981,1.871406133509001,-0.945455722210732,1.615015292148682
1771417142985,1.87130424516929,-0.9850112142529482,1.5910790319102752
1771417142990,1.8587035117560875,-0.9767649733871143,1.5813629979794273
1771417142994,1.8765500826969579,-0.9586051854171488,1.6132316359907255
1771417142998,1.8629768127564075,-0.9670875079238271,1.5923015910579579
1771417143002,1.8822886155793586,-0.9702748574878254,1.6129405237846304
1771417143006,1.8651370541801429,-0.9412347188719338,1.6102215483795554
1771417143010,1.8838300497801244,-0.9504207117403118,1.626504265948794
1771417143014,1.8752239882636261,-0.9367277522500878,1.624501808039572
1771417143018,1.8765500826969579,-0.9586051854171488,1.6132316359907255
1771417143022,1.8651370541801429,-0.9412347188719338,1.6102215483795554
1771417143026,1.8636014131911391,-0.9960706078927072,1.5750725606587983
1771417143030,1.879034001443121,-0.9279968376403991,1.6338881993296743
1771417143034,1.8698215193311625,-0.9603292462382941,1.6043691136933815
1771417143038,1.8639503676314737,-0.9506408683726592,1.6033068678120177
1771417143043,1.872208041185559,-0.9693454831010977,1.6017279056916527
1771417143047,1.8799390947821695,-0.9601091447190224,1.6162801212405322
1771417143051,1.89809442604729,-0.9773309838417106,1.627140620295242
1771417143055,1.8668136098832953,-0.9583792550520958,1.602030666851072
1771417143059,1.8780816347315439,-0.9396261569864321,1.6261283196054417
1771417143063,1.880433164288654,-0.9491582011987842,1.6233076093130743
1771417143066,1.8639503676314737,-0.9506408683726592,1.6033068678120177
1771417143070,1.868201519816949,-0.9804627280366112,1.5902420437082414
1771417143075,1.862248909220234,-0.9328572433049895,1.6117531955933473
1771417143079,1.868201519816949,-0.9804627280366112,1.5902420437082414
1771417143083,1.87130424516929,-0.9850112142529482,1.5910790319102752
1771417143087,1.7263617865664496,-0.7565857154145318,1.5517419480530854
1771417143091,1.261481905005288,-0.4730915071164482,1.1694105449114343
1771417143095,0.27319082043989984,-0.0005997418375318386,0.27319016212586045
1771417143099,0.2700537073855945,-2.9570641538113597e-05,0.27005370576661497
1771417143103,0.9683486238769864,-0.33737833749412793,0.9076755558866568
1771417143107,1.8639503676314737,-0.9506408683726592,1.6033068678120177
1771417143111,1.891940876285257,-0.9717305268540973,1.6233237700898993
1771417143114,0.27010153167761053,-4.0414574628946676e-05,0.2701015286540478
1771417143118,0.2704152995877818,-0.00024018941459832586,0.2704151929167348
1771417143122,0.27007867219896414,6.100192765861703e-06,0.2700786721300724
1771417143127,0.27001196475039074,-9.352856655643206e-07,0.27001196474877087
1771417143131,0.26999578505505734,-9.05276973066087e-06,0.26999578490329085
1771417143135,1.7151858865053742,-0.7769864437322679,1.5291025771750923
1771417143138,0.2703206331268087,-0.00016536012664093735,0.2703205825498814
1771417143141,0.27132111374862716,-0.0008056775737885031,0.2713199175317628
1771417143144,0.27034649124769244,-0.000186302850934138,0.2703464270545967
1771417143147,0.27040616129392164,-0.0002332497242237741,0.2704060606944314
1771417143152,1.8799015166682906,-0.9993966361479943,1.592242467725256
1771417143155,0.27132195843457346,-0.0008056019269475031,0.27132076244605335
1771417143158,0.27129464457763064,-0.0008106848729153822,0.2712934333273472
1771417143161,0.2713296952152384,-0.0008033625812759282,0.2713285059004254
1771417143164,0.27131388026075176,-0.0008074615614167609,0.27131267870848275
1771417143168,0.270447592453604,-0.0002599537576048729,0.2704474675200243
1771417143171,0.2701168047206137,-4.822429844990336e-05,0.27011680041584085
1771417143175,0.27131117837996066,-0.0008080055208581527,0.2713099751962708
1771417143178,0.2713610247339335,-0.0007911000074464977,0.27135987158279073
1771417143181,0.27133090584645597,-0.0008030033793533283,0.27132971760024943
1771417143184,0.2712890543101887,-0.0008110261705964726,0.2712878420148369
1771417143187,0.2713427659706474,-0.0007990855731188468,0.2713415893423792
1771417143191,1.8719915468809216,-0.9326967135132473,1.623092478016953
1771417143195,1.8639503676314737,-0.9506408683726592,1.6033068678120177
1771417143198,0.27133501322691006,-0.0008019047801635592,0.2713338282477344
1771417143201,0.27135106271629084,-0.0007956688233358117,0.27134989616431393
1771417143205,1.872208041185559,-0.9693454831010977,1.6017279056916527
1771417143208,0.2713523737977051,-0.0007952869443033908,0.2713512083708597
1771417143211,1.87130424516929,-0.9850112142529482,1.5910790319102752
1771417143216,1.8765789316392123,-0.9980436096846481,1.5891687889710788
1771417143219,0.27137801077706514,-0.0007813547439373177,0.27137688593187337
1771417143223,1.8639503676314737,-0.9506408683726592,1.6033068678120177
1771417143226,1.8822886155793586,-0.9702748574878254,1.6129405237846304
1771417143231,1.872208041185559,-0.9693454831010977,1.6017279056916527
1771417143235,1.8747547463566498,-0.9830350382711807,1.5963544319849412
1771417143239,1.871406133509001,-0.945455722210732,1.615015292148682
1771417143263,1.874172810624526,-0.949450998174691,1.6158794899834943
1771417143270,1.878746652612317,-0.9726126404440546,1.6073934292358019
1771417143276,1.8843101468797776,-0.9396821401335586,1.6332857083646157
1771417143279,1.8651370541801429,-0.9412347188719338,1.6102215483795554
1771417143284,1.8747547463566498,-0.9830350382711807,1.5963544319849412
1771417143288,1.874172810624526,-0.949450998174691,1.6158794899834943
1771417143292,1.8862298335919971,-0.9600246690869157,1.6236427008049066
1771417143296,1.8668136098832953,-0.9583792550520958,1.602030666851072
1771417143301,1.878746652612317,-0.9726126404440546,1.6073934292358019
1771417143305,1.8668136098832953,-0.9583792550520958,1.602030666851072
1771417143310,1.8853608513498405,-0.9714193014179787,1.6158372692307856
1771417143314,1.8651370541801429,-0.9412347188719338,1.6102215483795554
1771417143318,1.8747547463566498,-0.9830350382711807,1.5963544319849412
1771417143322,1.880433164288654,-0.9491582011987842,1.6233076093130743
1771417143326,1.878746652612317,-0.9726126404440546,1.6073934292358019
1771417143330,1.8639503676314737,-0.9506408683726592,1.6033068678120177
1771417143334,1.87130424516929,-0.9850112142529482,1.5910790319102752
1771417143339,1.8629768127564075,-0.9670875079238271,1.5923015910579579
1771417143343,1.8853608513498405,-0.9714193014179787,1.6158372692307856
1771417143348,1.8668136098832953,-0.9583792550520958,1.602030666851072
1771417143352,1.8747547463566498,-0.9830350382711807,1.5963544319849412
1771417143356,1.8752239882636261,-0.9367277522500878,1.624501808039572
1771417143360,1.8822886155793586,-0.9702748574878254,1.6129405237846304
1771417143364,1.8780816347315439,-0.9396261569864321,1.6261283196054417
1771417143368,1.8945264948730653,-0.9382678697517618,1.6458687810294943
1771417143371,1.8639503676314737,-0.9506408683726592,1.6033068678120177
1771417143376,1.872208041185559,-0.9693454831010977,1.6017279056916527
1771417143380,1.872208041185559,-0.9693454831010977,1.6017279056916527
1771417143384,1.8698215193311625,-0.9603292462382941,1.6043691136933815
1771417143389,1.8629768127564075,-0.9670875079238271,1.5923015910579579
1771417143393,1.8698215193311625,-0.9603292462382941,1.6043691136933815
1771417143397,1.8698215193311625,-0.9603292462382941,1.6043691136933815
1771417143400,1.8685409822376875,-0.9369186569373057,1.6166721475254584
1771417143404,1.8799390947821695,-0.9601091447190224,1.6162801212405322
1771417143409,1.8812349006001106,-0.9794352524847006,1.6061604332774915
1771417143413,1.8541719908713725,-0.951148396203307,1.5916251129370214
1771417143417,1.8698215193311625,-0.9603292462382941,1.6043691136933815
1771417143421,1.8685409822376875,-0.9369186569373057,1.6166721475254584
1771417143425,1.875250856918355,-0.9749755517801891,1.601870297434827
1771417143429,1.871406133509001,-0.945455722210732,1.615015292148682
1771417143433,1.8892539408150444,-0.9609622390996173,1.6266013733886449
1771417143437,1.8719915468809216,-0.9326967135132473,1.623092478016953
1771417143442,1.8853608513498405,-0.9714193014179787,1.6158372692307856
1771417143446,1.8629768127564075,-0.9670875079238271,1.5923015910579579
1771417143449,1.8765500826969579,-0.9586051854171488,1.6132316359907255
1771417143453,1.054663929566738,-0.3580473531673645,0.9920272663687213
1771417143457,1.7359099571144163,-0.799825531515499,1.5406694967918733
1771417143461,1.8780816347315439,-0.9396261569864321,1.6261283196054417
1771417143466,1.8822886155793586,-0.9702748574878254,1.6129405237846304
1771417143469,1.871406133509001,-0.945455722210732,1.615015292148682
1771417143473,0.7894909365504873,-0.24068289326553655,0.7519093587558915
1771417143477,0.2700260999401858,-1.4727630445719064e-05,0.2700260995385522
1771417143481,1.880433164288654,-0.9491582011987842,1.6233076093130743
1771417143485,1.8698215193311625,-0.9603292462382941,1.6043691136933815
1771417143488,0.26991416068708524,-5.252775967493753e-05,0.26991415557589443
1771417143492,0.270313565288671,-0.00015576574000660546,0.2703135204093699
1771417143496,0.27013093180390085,-5.546984371042778e-05,0.27013092610869305
1771417143500,0.27013294189565623,-5.6360567163221765e-05,0.27013293601611865
1771417143503,0.27029988720251635,-0.00014781096589825023,0.270299846787991
1771417143507,1.871406133509001,-0.945455722210732,1.615015292148682
1771417143511,0.2704152995877818,-0.00024018941459832586,0.2704151929167348
1771417143514,0.27130602389453823,-0.0008087542489286967,0.271304818457079
1771417143517,0.27133220185243,-0.0008028100829893135,0.2713310141838903
1771417143521,0.2702935868518918,-0.00014074139921521145,0.2702935502099888
1771417143524,0.2704448878721124,-0.00025874066105876755,0.2704447641006011
1771417143527,0.2712955647649148,-0.0008103952793235909,0.271294354383952
1771417143530,0.2713183687563324,-0.0008064744512127592,0.27131717015986423
1771417143534,0.2703189979838821,-0.0001631642174459468,0.2703189487410163
1771417143538,1.8822886155793586,-0.9702748574878254,1.6129405237846304
1771417143542,1.8780816347315439,-0.9396261569864321,1.6261283196054417
1771417143546,0.27010960239857873,-4.4342502412501064e-05,0.27010959875883855
1771417143550,1.875250856918355,-0.9749755517801891,1.601870297434827
1771417143554,0.27002943022697506,3.119176621007692e-05,0.2700294284254561
1771417143557,0.2712886851580851,-0.0008108127702057123,0.27128747349896987
1771417143561,1.8862298335919971,-0.9600246690869157,1.6236427008049066
1771417143565,1.8685409822376875,-0.9369186569373057,1.6166721475254584
1771417143569,1.871406133509001,-0.945455722210732,1.615015292148682
1771417143573,1.871406133509001,-0.945455722210732,1.615015292148682
1771417143577,1.8780816347315439,-0.9396261569864321,1.6261283196054417
1771417143581,1.878746652612317,-0.9726126404440546,1.6073934292358019
1771417143584,0.270393621912895,-0.00022332506869519896,0.2703935296879112
1771417143587,0.271369548944869,-0.000786585978065712,0.2713684089518173
1771417143590,0.27137626118149116,-0.0007824603215773281,0.2713751331435695
1771417143595,1.8945264948730653,-0.9382678697517618,1.6458687810294943
1771417143598,1.871406133509001,-0.945455722210732,1.615015292148682
1771417143601,0.2713757279233748,-0.0007828731563570739,0.2713745986925869
1771417143605,1.8799390947821695,-0.9601091447190224,1.6162801212405322
1771417143609,1.8608868257902318,-0.9508651463476747,1.5996109689111473
1771417143613,1.8780816347315439,-0.9396261569864321,1.6261283196054417
1771417143618,1.8765500826969579,-0.9586051854171488,1.6132316359907255
1771417143622,1.865898177082573,-0.9700816527724873,1.5939001205201875
1771417143626,1.8608868257902318,-0.9508651463476747,1.5996109689111473
1771417143630,1.8838300497801244,-0.9504207117403118,1.626504265948794
1771417143634,1.874172810624526,-0.949450998174691,1.6158794899834943
1771417143638,1.874172810624526,-0.949450998174691,1.6158794899834943
1771417143642,1.874172810624526,-0.949450998174691,1.6158794899834943
1771417143646,1.872208041185559,-0.9693454831010977,1.6017279056916527
1771417143650,1.8780816347315439,-0.9396261569864321,1.6261283196054417
1771417143653,1.875250856918355,-0.9749755517801891,1.601870297434827
1771417143657,1.871406133509001,-0.945455722210732,1.615015292148682
1771417143661,1.8838300497801244,-0.9504207117403118,1.626504265948794
1771417143665,1.871406133509001,-0.945455722210732,1.615015292148682
1771417143669,1.8669117029149598,-0.9961026112579986,1.5789676672832258
1771417143674,1.8685409822376875,-0.9369186569373057,1.6166721475254584
1771417143678,1.865898177082573,-0.9700816527724873,1.5939001205201875
1771417143681,1.8752239882636261,-0.9367277522500878,1.624501808039572
1771417143685,1.8799390947821695,-0.9601091447190224,1.6162801212405322
1771417143689,1.8651370541801429,-0.9412347188719338,1.6102215483795554
1771417143693,1.868201519816949,-0.9804627280366112,1.5902420437082414
1771417143698,1.8541719908713725,-0.951148396203307,1.5916251129370214
1771417143702,1.8853608513498405,-0.9714193014179787,1.6158372692307856
1771417143706,1.871406133509001,-0.945455722210732,1.615015292148682
1771417143711,1.8819833549074825,-0.9297722711245248,1.636271637594677
1771417143715,1.8689537975628356,-0.9325654331881336,1.6196635484714639
1771417143719,1.871406133509001,-0.945455722210732,1.615015292148682
1771417143723,1.8799390947821695,-0.9601091447190224,1.6162801212405322
1771417143727,1.8812349006001106,-0.9794352524847006,1.6061604332774915
1771417143731,1.8719915468809216,-0.9326967135132473,1.623092478016953
1771417143735,1.875250856918355,-0.9749755517801891,1.601870297434827
1771417143739,1.8685409822376875,-0.9369186569373057,1.6166721475254584
1771417143743,1.87130424516929,-0.9850112142529482,1.5910790319102752
1771417143747,1.874172810624526,-0.949450998174691,1.6158794899834943
1771417143751,1.8685409822376875,-0.9369186569373057,1.6166721475254584
1771417143754,1.880433164288654,-0.9491582011987842,1.6233076093130743
1771417143758,1.878746652612317,-0.9726126404440546,1.6073934292358019
1771417143762,1.8698215193311625,-0.9603292462382941,1.6043691136933815
1771417143766,1.8765500826969579,-0.9586051854171488,1.6132316359907255
1771417143770,1.8639503676314737,-0.9506408683726592,1.6033068678120177
1771417143775,1.878746652612317,-0.9726126404440546,1.6073934292358019
1771417143779,1.8840776417254004,-0.902355291682556,1.6539357568001352
1771417143784,1.8812349006001106,-0.9794352524847006,1.6061604332774915
1771417143787,1.8651370541801429,-0.9412347188719338,1.6102215483795554
1771417143792,1.878746652612317,-0.9726126404440546,1.6073934292358019
1771417143796,1.8685409822376875,-0.9369186569373057,1.6166721475254584
1771417143800,1.8822886155793586,-0.9702748574878254,1.6129405237846304
1771417143804,1.8765500826969579,-0.9586051854171488,1.6132316359907255
1771417143808,1.874172810624526,-0.949450998174691,1.6158794899834943
1771417143812,1.8629768127564075,-0.9670875079238271,1.5923015910579579
1771417143816,1.8822886155793586,-0.9702748574878254,1.6129405237846304
1771417143820,1.879034001443121,-0.9279968376403991,1.6338881993296743
1771417143824,0.2703528539411915,-0.000131315618030282,0.27035282204992
1771417143828,0.2700542855143078,9.007236034219124e-06,0.27005428536409676
1771417143833,1.8747547463566498,-0.9830350382711807,1.5963544319849412
1771417143836,0.27005384692741774,-2.1738438993903198e-05,0.2700538460524816
1771417143840,1.883740282119006,-0.9909021213943623,1.6020581875493614
1771417143845,0.27002893066406025,1.0242828187700888e-05,0.27002893046979304
1771417143849,1.8771582823210216,-0.9108643378487514,1.6413559561904187
1771417143854,1.8758836958803609,-0.9229611767850241,1.6331204201213594
1771417143857,0.27036353441835514,-0.0001987767433527084,0.27036346134600253
1771417143860,0.39605713379224033,-0.055420842642753994,0.39216040522787565
1771417143863,0.2703404939906785,-0.0001795809122025799,0.2703404343449571
1771417143866,0.2703273890834942,-0.00016934592760421154,0.2703273360403192
1771417143869,1.8598316996592525,-0.9627918539475667,1.5912277640330537
1771417143874,1.883740282119006,-0.9909021213943623,1.6020581875493614
1771417143877,0.2703514965958414,-0.00018960617796098063,0.27035143010738544
1771417143881,0.27000968718025353,-9.198753365904791e-07,0.2700096871786866
1771417143885,0.26989067201272937,-0.00010490528318768348,0.2698906516246241
1771417143889,0.27042124594081457,-0.0002428256650212927,0.2704211369177323
1771417143893,1.8765500826969579,-0.9586051854171488,1.6132316359907255
1771417143896,0.27041021429171147,-0.0002361526638239741,0.27041011117413616
1771417143900,1.865898177082573,-0.9700816527724873,1.5939001205201875
1771417143903,0.27134498827701,-0.0007982333191802653,0.2713438141668588
1771417143906,0.270081614643776,-3.167300076136006e-05,0.27008161278659853
1771417143910,0.2704185841867376,-0.00024098645048420777,0.2704184768078734
1771417143913,0.27042634130584636,-0.00024760594112360583,0.27042622795018245
1771417143917,1.874172810624526,-0.949450998174691,1.6158794899834943
1771417143921,1.8862298335919971,-0.9600246690869157,1.6236427008049066
1771417143924,0.27135701718674177,-0.0007929268203879236,0.2713558586866021
1771417143928,1.8639503676314737,-0.9506408683726592,1.6033068678120177
1771417143932,1.8660622120731891,-0.9241917542110397,1.6211285515886165
1771417143936,0.27137138175372666,-0.0007855291350659529,0.27137024482965116
1771417143939,0.27135689275836894,-0.0007930466820446755,0.2713557339074246
1771417143943,1.8765500826969579,-0.9586051854171488,1.6132316359907255
1771417143945,0.27137070873941294,-0.0007858326453704786,0.27136957093378167
1771417143950,1.8698215193311625,-0.9603292462382941,1.6043691136933815
1771417143953,0.2713778221128027,-0.0007814764192223709,0.2713766969164711
1771417143956,0.270518609742413,-0.0002852633093148745,0.2705184593365345
1771417143961,1.891940876285257,-0.9717305268540973,1.6233237700898993
1771417143965,1.8595961886404102,-0.9265633567092741,1.6123207902925467
1771417143969,1.875250856918355,-0.9749755517801891,1.601870297434827
1771417143973,1.872208041185559,-0.9693454831010977,1.6017279056916527
1771417143977,1.8698215193311625,-0.9603292462382941,1.6043691136933815
1771417143981,1.8729363533982997,-0.9205202165304817,1.6311140716821726
1771417143985,1.874172810624526,-0.949450998174691,1.6158794899834943
1771417143988,1.857052898398162,-0.9595318357716056,1.5899509815053379
1771417143993,1.8669117029149598,-0.9961026112579986,1.5789676672832258
1771417143997,1.871406133509001,-0.945455722210732,1.615015292148682
1771417144001,1.875250856918355,-0.9749755517801891,1.601870297434827
1771417144004,1.8765500826969579,-0.9586051854171488,1.6132316359907255
1771417144009,1.880433164288654,-0.9491582011987842,1.6233076093130743
1771417144013,1.8780816347315439,-0.9396261569864321,1.6261283196054417
1771417144017,1.865898177082573,-0.9700816527724873,1.5939001205201875
1771417144021,1.8799390947821695,-0.9601091447190224,1.6162801212405322
1771417144026,1.874172810624526,-0.949450998174691,1.6158794899834943
1771417144030,1.874172810624526,-0.949450998174691,1.6158794899834943
1771417144034,1.8698215193311625,-0.9603292462382941,1.6043691136933815
1771417144038,1.878746652612317,-0.9726126404440546,1.6073934292358019
1771417144041,0.2705163421365719,-0.0002851436638920693,0.2705161918555741
1771417144045,1.871406133509001,-0.945455722210732,1.615015292148682
1771417144050,1.8799390947821695,-0.9601091447190224,1.6162801212405322
1771417144054,1.8629768127564075,-0.9670875079238271,1.5923015910579579
1771417144058,1.8765500826969579,-0.9586051854171488,1.6132316359907255
1771417144062,1.874172810624526,-0.949450998174691,1.6158794899834943
1771417144065,1.8698215193311625,-0.9603292462382941,1.6043691136933815
1771417144069,1.8752239882636261,-0.9367277522500878,1.624501808039572
1771417144073,1.8698215193311625,-0.9603292462382941,1.6043691136933815
1771417144077,1.8719915468809216,-0.9326967135132473,1.623092478016953
1771417144081,1.875250856918355,-0.9749755517801891,1.601870297434827
1771417144086,1.8719915468809216,-0.9326967135132473,1.623092478016953
1771417144089,1.8862298335919971,-0.9600246690869157,1.6236427008049066
1771417144094,1.8668136098832953,-0.9583792550520958,1.602030666851072
1771417144098,1.8703114271104424,-0.9945640579399857,1.5839530198316643
1771417144103,1.879034001443121,-0.9279968376403991,1.6338881993296743
1771417144106,1.8862298335919971,-0.9600246690869157,1.6236427008049066
1771417144111,1.8862298335919971,-0.9600246690869157,1.6236427008049066
1771417144114,1.8780816347315439,-0.9396261569864321,1.6261283196054417
1771417144119,1.8865668534143551,-0.9946252830286195,1.6030767413826388
1771417144123,1.8639503676314737,-0.9506408683726592,1.6033068678120177
1771417144126,1.8780816347315439,-0.9396261569864321,1.6261283196054417
1771417144131,1.867209554764329,-0.9092492424178779,1.6308701163997454
1771417144135,1.875250856918355,-0.9749755517801891,1.601870297434827
1771417144139,1.8668136098832953,-0.9583792550520958,1.602030666851072
1771417144143,1.8865668534143551,-0.9946252830286195,1.6030767413826388
1771417144148,1.862248909220234,-0.9328572433049895,1.6117531955933473
1771417144152,1.891940876285257,-0.9717305268540973,1.6233237700898993
1771417144156,1.87130424516929,-0.9850112142529482,1.5910790319102752
1771417144160,1.875250856918355,-0.9749755517801891,1.601870297434827
1771417144164,1.8698215193311625,-0.9603292462382941,1.6043691136933815
1771417144168,1.8862298335919971,-0.9600246690869157,1.6236427008049066
1771417144172,1.8668136098832953,-0.9583792550520958,1.602030666851072
1771417144177,1.8930399921880126,-0.9526842763001512,1.6358462891462777
1771417144180,1.875250856918355,-0.9749755517801891,1.601870297434827
1771417144184,0.269870593359385,-0.00011503755497047092,0.2698705688408936
1771417144187,0.7701948378607746,-0.22742952712778042,0.7358504593039398
1771417144192,0.27099594614661976,-0.0007432501399575409,0.2709949269029424
1771417144196,0.2703693936028491,-0.00014184882215757352,0.2703693563924802
1771417144200,0.2698948025137224,-9.55691439416621e-05,0.26989478559331215
1771417144204,0.27000738528312546,-4.16525345662768e-06,0.27000738525099793
1771417144208,0.27021957524138174,-7.414144373454272e-05,0.27021956507010936
1771417144211,0.2702927714147102,-0.00014005625679792586,0.2702927351285819
1771417144215,0.26997196626661685,-9.616514072372745e-06,0.2699719660953447
1771417144218,0.2703203482125143,-0.00016430765619379509,0.27032029827730125
1771417144222,0.2703891204107465,-0.00021988007536918267,0.27038903100763834
1771417144226,0.27011227502211466,-4.531822604682905e-05,0.27011227122047027
1771417144229,1.875250856918355,-0.9749755517801891,1.601870297434827
1771417144233,0.2703464526136855,-0.0001845918864777689,0.27034638959423735
1771417144237,0.27043471626350063,-0.0002517534797637133,0.2704345990821173
1771417144240,0.27034020723629687,-0.0001810533645017991,0.27034014660838507
1771417144244,0.2700498816439529,-2.0529929826988686e-05,0.2700498808635822
1771417144247,0.27042211622105755,-0.0002438896085645572,0.2704220062408642
1771417144250,0.270342450000466,-0.00018122898244597968,0.27034238925538545
1771417144254,1.871406133509001,-0.945455722210732,1.615015292148682
1771417144257,0.2704336496749292,-0.0002514764564218161,0.27043353275082993
1771417144261,0.2712875385118099,-0.0008108951455145885,0.27128632660135993
1771417144264,0.27040270009162304,-0.0002317658392793526,0.27040260076677514
1771417144268,0.27030857340026343,-0.0001543334392250385,0.2703085293417045
1771417144272,1.878746652612317,-0.9726126404440546,1.6073934292358019
1771417144275,0.2713036810581213,-0.0008091226711567285,0.27130247451173356
1771417144278,0.27130626243965894,-0.000808893562470121,0.2713050565879333
1771417144282,0.38907560049394563,-0.05672108547824765,0.3849188763387601
1771417144286,0.2701461887217073,-6.441135045181299e-05,0.27014618104286103
1771417144290,1.8822886155793586,-0.9702748574878254,1.6129405237846304
1771417144294,1.8822886155793586,-0.9702748574878254,1.6129405237846304
1771417144297,0.27135489367643884,-0.0007939728271189783,0.2713537321086652
1771417144301,0.2704460144700768,-0.00025939688846126306,0.2704458900704598
1771417144305,1.8668136098832953,-0.9583792550520958,1.602030666851072
1771417144308,1.8765500826969579,-0.9586051854171488,1.6132316359907255
1771417144312,1.875250856918355,-0.9749755517801891,1.601870297434827
1771417144317,1.8608868257902318,-0.9508651463476747,1.5996109689111473
1771417144320,1.8799390947821695,-0.9601091447190224,1.6162801212405322
1771417144324,1.8668136098832953,-0.9583792550520958,1.602030666851072
1771417144329,1.8838300497801244,-0.9504207117403118,1.626504265948794
1771417144332,1.8799390947821695,-0.9601091447190224,1.6162801212405322
1771417144337,1.8865668534143551,-0.9946252830286195,1.6030767413826388
1771417144341,1.874172810624526,-0.949450998174691,1.6158794899834943
1771417144344,1.8639503676314737,-0.9506408683726592,1.6033068678120177
1771417144349,1.871406133509001,-0.945455722210732,1.615015292148682
1771417144352,1.8877129508214725,-0.9407222424761631,1.63661291917476
1771417144356,1.8608868257902318,-0.9508651463476747,1.5996109689111473
1771417144360,1.87130424516929,-0.9850112142529482,1.5910790319102752
1771417144364,1.8629768127564075,-0.9670875079238271,1.5923015910579579
1771417144368,1.8668136098832953,-0.9583792550520958,1.602030666851072
1771417144373,1.880433164288654,-0.9491582011987842,1.6233076093130743
1771417144377,1.874172810624526,-0.949450998174691,1.6158794899834943
1771417144382,1.878746652612317,-0.9726126404440546,1.6073934292358019
1771417144386,1.8608868257902318,-0.9508651463476747,1.5996109689111473
1771417144390,1.872208041185559,-0.9693454831010977,1.6017279056916527
1771417144394,1.8689537975628356,-0.9325654331881336,1.6196635484714639
1771417144398,1.8838300497801244,-0.9504207117403118,1.626504265948794
1771417144402,1.8685409822376875,-0.9369186569373057,1.6166721475254584
1771417144406,1.8639503676314737,-0.9506408683726592,1.6033068678120177
1771417144409,1.8651370541801429,-0.9412347188719338,1.6102215483795554
1771417144413,1.8799390947821695,-0.9601091447190224,1.6162801212405322
1771417144418,1.8668136098832953,-0.9583792550520958,1.602030666851072
1771417144423,1.8812349006001106,-0.9794352524847006,1.6061604332774915
1771417144427,1.8799390947821695,-0.9601091447190224,1.6162801212405322
1771417144432,1.8812349006001106,-0.9794352524847006,1.6061604332774915
1771417144436,1.8799390947821695,-0.9601091447190224,1.6162801212405322
1771417144440,1.8877129508214725,-0.9407222424761631,1.63661291917476
1771417144444,1.8698215193311625,-0.9603292462382941,1.6043691136933815
1771417144448,1.879034001443121,-0.9279968376403991,1.6338881993296743
1771417144452,1.8758836958803609,-0.9229611767850241,1.6331204201213594
1771417144455,1.880433164288654,-0.9491582011987842,1.6233076093130743
1771417144460,1.8587035117560875,-0.9767649733871143,1.5813629979794273
1771417144463,1.8765500826969579,-0.9586051854171488,1.6132316359907255
1771417144467,1.8598316996592525,-0.9627918539475667,1.5912277640330537
1771417144471,1.872208041185559,-0.9693454831010977,1.6017279056916527
1771417144475,1.8608868257902318,-0.9508651463476747,1.5996109689111473
1771417144479,1.872208041185559,-0.9693454831010977,1.6017279056916527
1771417144483,1.874172810624526,-0.949450998174691,1.6158794899834943
1771417144487,1.880433164288654,-0.9491582011987842,1.6233076093130743
1771417144491,1.87130424516929,-0.9850112142529482,1.5910790319102752
1771417144495,1.8752239882636261,-0.9367277522500878,1.624501808039572
1771417144499,1.8812349006001106,-0.9794352524847006,1.6061604332774915
1771417144503,1.8669117029149598,-0.9961026112579986,1.5789676672832258
1771417144507,1.8668136098832953,-0.9583792550520958,1.602030666851072
1771417144511,1.8685409822376875,-0.9369186569373057,1.6166721475254584
1771417144515,1.8639503676314737,-0.9506408683726592,1.6033068678120177
1771417144519,1.8930399921880126,-0.9526842763001512,1.6358462891462777
1771417144523,1.875250856918355,-0.9749755517801891,1.601870297434827
1771417144528,1.8698215193311625,-0.9603292462382941,1.6043691136933815
1771417144532,1.872208041185559,-0.9693454831010977,1.6017279056916527
1771417144536,1.862248909220234,-0.9328572433049895,1.6117531955933473
1771417144539,1.8758836958803609,-0.9229611767850241,1.6331204201213594
1771417144543,1.8685409822376875,-0.9369186569373057,1.6166721475254584
1771417144547,1.8747547463566498,-0.9830350382711807,1.5963544319849412
1771417144552,1.8608868257902318,-0.9508651463476747,1.5996109689111473
1771417144556,1.8765789316392123,-0.9980436096846481,1.5891687889710788
1771417144561,0.2700921612882829,-1.4174304168058569e-05,0.27009216091635263
1771417144565,1.8853608513498405,-0.9714193014179787,1.6158372692307856
1771417144570,1.8595961886404102,-0.9265633567092741,1.6123207902925467
1771417144574,0.2700844242212092,-5.457453054681286e-05,0.27008441870741584
1771417144578,1.8656149032181735,-0.8908255078695627,1.6391915329328328
1771417144582,1.8688637440799356,-0.8888816283439831,1.6439407363798197
1771417144586,1.8568635329028202,-0.8776433872928043,1.6363631212434346
1771417144589,1.8632575361221586,-0.8803932641893014,1.6421438263094144
1771417144596,0.27042506310257364,-0.00024555069092072827,0.2704249516203879
1771417144600,0.2713320849422074,-0.0008025979102073517,0.27133089790084686
1771417144609,1.8758024042841752,-0.9289915469430575,1.6296040517949866
1771417144614,0.27130929227994044,-0.0008085055229024407,0.2713080875983272
1771417144618,1.890576282784082,-0.9879739357214948,1.6118890108691282
1771417144623,0.2713504684957236,-0.0007955812152286496,0.2713493021980684
1771417144627,0.00024460629277741074,1.4978790153995366e-05,0.00024414723900104
1771417144630,0.00011638870891161425,5.204959168979745e-05,-0.00010410173661874159
1771417144633,0.2699664257876266,-1.553087289916916e-06,0.2699664257831592
1771417144636,0.2681882046925709,-0.00024435949207263794,0.26818809336855903
1771417144640,0.00010431429731404204,-9.229929720823473e-05,-4.860362495728391e-05
1771417144643,2.940080127474259e-05,-1.741750826625417e-06,-2.934916386636688e-05
1771417144646,0.26938012006263845,-8.236504855498757e-05,0.26938010747076385
1771417144650,0.2685565982177439,-1.461982455615296e-05,0.26855659781980307
1771417144653,0.26874072002168553,-0.00016282201528190353,0.268740670697171
1771417144656,0.2700091211239128,-1.6557197209068185e-06,0.2700091211188363
1771417144659,0.2695881363218924,-0.00015474067772081485,0.2695880919121501
1771417144663,0.2703082597705899,6.658325210886178e-06,0.27030825968858485
1771417144666,0.26994432146091857,-3.7477821992937015e-05,0.26994431885929476
1771417144670,0.26191105635920636,-0.00026268395190808696,0.2619109246296091
1771417144674,0.2695547362732582,-2.1341590194668526e-05,0.26955473542841407
1771417144677,0.26999878510688774,-2.9145222490709944e-07,0.2699987851067304
1771417144681,0.26999676950043144,-2.053347633902751e-05,0.26999676871963757
1771417144684,0.27033371286516933,-0.0001740716007780699,0.270333656821613
1771417144688,1.8939299039732718,-1.0290454174625059,1.589979877219716
1771417144693,1.885399143389841,-0.9746974002791925,1.6139067221447867
1771417144696,0.2704467348773064,-0.000258113933387345,0.2704466117055147
1771417144701,1.8621103048300303,-0.9777259246484781,1.584773423434551
1771417144704,0.2703786411504231,-0.00020893669567404155,0.27037856042187675
1771417144708,1.8815378471587811,-0.9837579950447085,1.603871839479862
1771417144712,1.8865720046751868,-1.0371957018809348,1.575874044720538
1771417144716,1.8793283624182835,-0.967492688398642,1.6111588970939383
1771417144720,1.8785006474053245,-1.0164772767003445,1.5797273904867493
1771417144725,1.885399143389841,-0.9746974002791925,1.6139067221447867
1771417144728,1.8712574752580304,-0.9855589702627879,1.5906847754484894
1771417144732,1.8631733022317993,-1.0033623719819909,1.5699295221888214
1771417144737,1.888764208817293,-1.0131035607715975,1.5940675680977656
1771417144740,1.885399143389841,-0.9746974002791925,1.6139067221447867
1771417144744,1.8906355582596577,-1.0259591892762467,1.5880524412296446
1771417144748,1.8640227290506375,-0.9928168091827451,1.5776233764183323
1771417144752,1.8754684977396539,-1.0150524407637596,1.5770385627857577
1771417144756,1.8755071910655263,-0.9760808604770516,1.6014972299535455
1771417144760,1.890576282784082,-0.9879739357214948,1.6118890108691282
1771417144765,1.872407849209466,-0.9709487606913507,1.6009902116793682
1771417144769,1.8754684977396539,-1.0150524407637596,1.5770385627857577
1771417144773,1.8849466787490197,-1.019260800959662,1.5856012743921557
1771417144778,1.8840898021347758,-1.0292853756682534,1.5780893504309956
1771417144781,1.8674295537760743,-0.9940272535415585,1.580886763032993
1771417144786,1.882388936960184,-1.0073535664891988,1.590165683842908
1771417144790,1.8927686794350416,-1.0051902625713078,1.6037973094758877
1771417144794,1.9035079441879872,-1.035407114075393,1.597270985684284
1771417144798,1.8736597862949913,-0.9952112477483809,1.5874997849241126
1771417144802,1.8939299039732718,-1.0290454174625059,1.589979877219716
1771417144805,1.8815378471587811,-0.9837579950447085,1.603871839479862
1771417144809,1.8892867976609007,-1.008813585627573,1.5974040670002754
1771417144814,1.8736597862949913,-0.9952112477483809,1.5874997849241126
1771417144817,1.8815378471587811,-0.9837579950447085,1.603871839479862
1771417144821,1.8963964065566157,-0.9982400929393315,1.6124007093924635
1771417144825,1.8988102711107384,-1.0078602636493499,1.6092539062038342
1771417144829,1.8779435897238992,-0.9853984825942823,1.5986437866785617
1771417144833,1.888764208817293,-1.0131035607715975,1.5940675680977656
1771417144837,1.8736597862949913,-0.9952112477483809,1.5874997849241126
1771417144840,1.8906355582596577,-1.0259591892762467,1.5880524412296446
1771417144845,1.8963964065566157,-0.9982400929393315,1.6124007093924635
1771417144849,1.8997640077580058,-0.9950664752212312,1.618315789660212
1771417144852,1.8817894971291989,-0.9765703676146619,1.6085527745780452
1771417144856,1.8939299039732718,-1.0290454174625059,1.589979877219716
1771417144860,0.27003844818246087,-3.698377740659665e-06,0.27003844815713485
1771417144865,0.2700094616402516,7.949358926579438e-06,0.2700094615232329
1771417144869,1.8815378471587811,-0.9837579950447085,1.603871839479862
1771417144873,1.8826315838207066,-1.043315042267762,1.5670977643328703
1771417144877,0.2700106249503285,-9.687176764117958e-06,0.27001062477655496
1771417144881,1.882388936960184,-1.0073535664891988,1.590165683842908
1771417144884,1.8755071910655263,-0.9760808604770516,1.6014972299535455
1771417144888,0.27042542336371334,-0.0002448605096477959,0.2704253125074914
1771417144892,1.8754684977396539,-1.0150524407637596,1.5770385627857577
1771417144896,0.2700596313715,-1.357125496917084e-05,0.2700596310305032
1771417144899,0.26994180423721353,2.62811848019502e-05,0.26994180295786246
1771417144903,0.2701492928268416,-6.46778484490565e-05,0.2701492850844113
1771417144907,1.8927686794350416,-1.0051902625713078,1.6037973094758877
1771417144910,0.271305357758238,-0.0008086041232388732,0.2713041527653003
1771417144914,1.88108059683308,-1.0278336655111002,1.5754434829037542
1771417144918,1.8736597862949913,-0.9952112477483809,1.5874997849241126
1771417144921,1.879350472250511,-1.006051210960767,1.587393825889654
1771417144925,1.8785006474053245,-1.0164772767003445,1.5797273904867493
1771417144929,1.8892867976609007,-1.008813585627573,1.5974040670002754
1771417144933,1.8836561975271318,-0.9960135152055085,1.5987863359468453
1771417144937,1.9074160004107679,-0.9821258444242951,1.6351344361662976
1771417144941,1.8674295537760743,-0.9940272535415585,1.580886763032993
1771417144945,1.8906355582596577,-1.0259591892762467,1.5880524412296446
1771417144949,1.8817894971291989,-0.9765703676146619,1.6085527745780452
1771417144953,1.8836561975271318,-0.9960135152055085,1.5987863359468453
1771417144956,1.8817894971291989,-0.9765703676146619,1.6085527745780452
1771417144961,1.882388936960184,-1.0073535664891988,1.590165683842908
1771417144964,1.8836561975271318,-0.9960135152055085,1.5987863359468453
1771417144968,1.8779435897238992,-0.9853984825942823,1.5986437866785617
1771417144972,1.888764208817293,-1.0131035607715975,1.5940675680977656
1771417144977,1.8800805447953532,-0.9533096887195198,1.620463974394829
1771417144980,1.879350472250511,-1.006051210960767,1.587393825889654
1771417144985,1.879350472250511,-1.006051210960767,1.587393825889654
1771417144988,1.8815378471587811,-0.9837579950447085,1.603871839479862
1771417144992,1.9034845797297382,-1.069931589812385,1.574325232723671
1771417144995,0.2713656946915299,-0.0007881817741392438,0.27136455005196886
1771417144998,0.2713707031091938,-0.0007854517826715408,0.27136956640617477
1771417145002,0.2699581304751173,1.9242098333817092e-05,0.26995812978934736
1771417145005,0.26999983750785556,-9.111378641838879e-06,0.26999983735411986
1771417145009,0.27011596006129035,-4.6870655401460666e-05,0.2701159559947806
1771417145012,0.270359208277004,-0.00018809394905267148,0.27035914284675994
1771417145016,1.892669794780058,-1.0443680404123334,1.5784468151439535
1771417145020,1.907421224254187,-1.0650305039613464,1.5823924141524384
1771417145025,1.907421224254187,-1.0650305039613464,1.5823924141524384
1771417145029,1.9099557503780171,-1.0716837016937957,1.5809569924339935
1771417145033,0.27042683910880677,-0.00024238504143207328,0.27042673048327187
1771417145036,0.27033695388910073,-0.00017001556655361655,0.2703369004274942
1771417145039,1.8954058951111494,-1.0867997116716712,1.552877939160857
1771417145044,1.8791919572259672,-1.0830682643543192,1.5356840647904386
1771417145048,1.8970889174862777,-1.0663311072273238,1.5690393018049633
1771417145052,1.9090195185686676,-1.0404720048776646,1.600554131962428
1771417145055,0.2713807634433845,-0.0007791381751808355,0.27137964498248246
1771417145060,1.888327459680213,-1.0545143532439005,1.5664546191271949
1771417145063,1.89627120058953,-1.0388611180016774,1.586383321801374
1771417145067,1.907385324567388,-1.1026910236419551,1.5563390641998605
1771417145071,1.900042079831142,-1.0311042152119483,1.5959273174243254
1771417145075,1.9048454183405998,-1.0910213274458094,1.5614443732748082
1771417145079,1.8907299212409239,-1.0669858241359111,1.5608974617727842
1771417145084,1.9031395221351488,-1.0744705971188115,1.5708128394687724
1771417145087,1.89843073159704,-1.054481575671214,1.5786411401081708
1771417145091,1.9034845797297382,-1.069931589812385,1.574325232723671
1771417145096,1.891521866367883,-1.053291828257979,1.5711242138904242
1771417145100,1.907964643815558,-1.0914175692546395,1.5649718117501423
1771417145103,1.8945233215237363,-1.059261316273744,1.5707272454641337
1771417145108,1.9099557503780171,-1.0716837016937957,1.5809569924339935
1771417145112,1.9034845797297382,-1.069931589812385,1.574325232723671
1771417145117,1.9160240338331351,-1.0743570253395973,1.5864756790854535
1771417145120,1.9034845797297382,-1.069931589812385,1.574325232723671
1771417145124,1.9051887948368296,-1.0488390367583291,1.5904970980620086
1771417145128,1.8916957059414474,-1.0932388404018816,1.543807462643597
1771417145132,1.8992801829872201,-1.0829223487988655,1.5603026629343157
1771417145136,1.8965661880119735,-1.0352532500015243,1.5890921980399848
1771417145140,1.912091873982834,-1.083918593784503,1.5751875496585832
1771417145145,1.8965661880119735,-1.0352532500015243,1.5890921980399848
1771417145148,1.8873154469135238,-1.1033574854495312,1.5311962171651554
1771417145152,1.9051887948368296,-1.0488390367583291,1.5904970980620086
1771417145157,1.907964643815558,-1.0914175692546395,1.5649718117501423
1771417145162,1.9136451416467872,-1.0651021534590197,1.5898412281876801
1771417145165,1.8954058951111494,-1.0867997116716712,1.552877939160857
1771417145169,1.8992342330856495,-1.0788467761072913,1.563067594765927
1771417145173,1.888327459680213,-1.0545143532439005,1.5664546191271949
1771417145178,1.9048454183405998,-1.0910213274458094,1.5614443732748082
1771417145182,1.911125521568036,-1.0536849316320276,1.5944117485895253
1771417145186,1.9219793326850219,-1.0828924910973134,1.587875438437605
1771417145190,1.89627120058953,-1.0388611180016774,1.586383321801374
1771417145194,1.9242177150921866,-1.055303477023587,1.6090209403412137
1771417145198,1.9034845797297382,-1.069931589812385,1.574325232723671
1771417145203,1.9099557503780171,-1.0716837016937957,1.5809569924339935
1771417145207,1.907421224254187,-1.0650305039613464,1.5823924141524384
1771417145211,1.907964643815558,-1.0914175692546395,1.5649718117501423
1771417145214,0.37967157256712036,-0.05757534012756453,0.375280672596905
1771417145218,1.907421224254187,-1.0650305039613464,1.5823924141524384
1771417145222,1.8992342330856495,-1.0788467761072913,1.563067594765927
1771417145226,1.9112689585656735,-1.0564916029143878,1.5927255020712456
1771417145230,1.888327459680213,-1.0545143532439005,1.5664546191271949
1771417145235,1.9112689585656735,-1.0564916029143878,1.5927255020712456
1771417145238,0.27014421736747973,-6.091967531700133e-05,0.27014421049854337
1771417145242,0.2699764401455075,1.223936056367547e-05,0.26997643986807224
1771417145246,1.901353795216051,-1.057158152727216,1.5803679618066362
1771417145250,1.9034845797297382,-1.069931589812385,1.574325232723671
1771417145254,1.89843073159704,-1.054481575671214,1.5786411401081708
1771417145258,1.9160240338331351,-1.0743570253395973,1.5864756790854535
1771417145262,0.27037145341750163,-0.00019942031072968575,0.2703713798733733
1771417145266,1.907964643815558,-1.0914175692546395,1.5649718117501423
1771417145270,1.900042079831142,-1.0311042152119483,1.5959273174243254
1771417145274,1.9375886666302857,-1.0500362393647973,1.6283960627177783
1771417145278,1.9034845797297382,-1.069931589812385,1.574325232723671
1771417145281,1.8954058951111494,-1.0867997116716712,1.552877939160857
1771417145286,1.892669794780058,-1.0443680404123334,1.5784468151439535
1771417145290,1.9099557503780171,-1.0716837016937957,1.5809569924339935
1771417145294,1.89627120058953,-1.0388611180016774,1.586383321801374
1771417145298,1.902249826248093,-1.0462442127300602,1.5886873351260016
1771417145302,1.89843073159704,-1.054481575671214,1.5786411401081708
1771417145306,1.9031395221351488,-1.0744705971188115,1.5708128394687724
1771417145310,1.9034845797297382,-1.069931589812385,1.574325232723671
1771417145314,1.907964643815558,-1.0914175692546395,1.5649718117501423
1771417145317,1.89843073159704,-1.054481575671214,1.5786411401081708
1771417145321,1.9034845797297382,-1.069931589812385,1.574325232723671
1771417145326,1.902249826248093,-1.0462442127300602,1.5886873351260016
1771417145330,1.9140644942896023,-1.0625052346773107,1.5920821318585998
1771417145333,1.902249826248093,-1.0462442127300602,1.5886873351260016
1771417145338,1.9136451416467872,-1.0651021534590197,1.5898412281876801
1771417145342,1.894254113989135,-1.0210089313980693,1.5955373422048555
1771417145346,1.907385324567388,-1.1026910236419551,1.5563390641998605
1771417145350,1.8965661880119735,-1.0352532500015243,1.5890921980399848
1771417145354,1.912091873982834,-1.083918593784503,1.5751875496585832
1771417145358,0.27011340176837223,-4.9143944703983146e-05,0.2701133972977919
1771417145362,1.907964643815558,-1.0914175692546395,1.5649718117501423
1771417145366,0.2700037296684083,-9.280164718292445e-06,0.2700037295089263
1771417145369,1.902249826248093,-1.0462442127300602,1.5886873351260016
1771417145373,0.2701256682467704,-5.766659903582321e-05,0.27012566209141925
1771417145377,0.2704038772134144,-0.00022418921733442744,0.2704037842768517
1771417145381,1.8860607885232947,-1.039845039811207,1.573514407682733
1771417145384,0.27036307341575727,-0.00019139099703038755,0.27036300567255944
1771417145389,1.9160240338331351,-1.0743570253395973,1.5864756790854535
1771417145392,0.2704528398138618,-0.00025923311853716575,0.27045271557440986
1771417145396,1.8911490890589893,-1.0955545637938506,1.541494429052246
1771417145401,1.907421224254187,-1.0650305039613464,1.5823924141524384
1771417145404,0.27040666910091915,-0.00022724469372845829,0.2704065736148128
1771417145408,1.9031395221351488,-1.0744705971188115,1.5708128394687724
1771417145413,1.8825932313361156,-1.04287036414621,1.567347657113159
1771417145417,1.8970889174862777,-1.0663311072273238,1.5690393018049633
1771417145420,0.2701249113172868,-5.103400769045179e-05,0.2701249064964245
1771417145425,1.907421224254187,-1.0650305039613464,1.5823924141524384
1771417145428,0.27046371363031696,-0.000265257018988033,0.2704635835550065
1771417145432,1.907964643815558,-1.0914175692546395,1.5649718117501423
1771417145436,1.901353795216051,-1.057158152727216,1.5803679618066362
1771417145440,1.907964643815558,-1.0914175692546395,1.5649718117501423
1771417145444,1.8992342330856495,-1.0788467761072913,1.563067594765927
1771417145448,1.9034845797297382,-1.069931589812385,1.574325232723671
1771417145452,1.891521866367883,-1.053291828257979,1.5711242138904242
1771417145457,1.9048454183405998,-1.0910213274458094,1.5614443732748082
1771417145461,1.8860607885232947,-1.039845039811207,1.573514407682733
1771417145465,1.907964643815558,-1.0914175692546395,1.5649718117501423
1771417145468,1.8970889174862777,-1.0663311072273238,1.5690393018049633
1771417145473,1.8992801829872201,-1.0829223487988655,1.5603026629343157
1771417145476,0.27131749356676965,-0.0008046918816449226,0.27131630025918035
1771417145480,1.897210618810814,-1.1024450470165987,1.5440281896510444
1771417145484,1.8945233215237363,-1.059261316273744,1.5707272454641337
1771417145489,1.9181008797501231,-1.0917187671545618,1.5771052971633568
1771417145493,1.892669794780058,-1.0443680404123334,1.5784468151439535
1771417145497,1.9136451416467872,-1.0651021534590197,1.5898412281876801
1771417145501,1.8970889174862777,-1.0663311072273238,1.5690393018049633
1771417145505,1.9242177150921866,-1.055303477023587,1.6090209403412137
1771417145509,1.8965661880119735,-1.0352532500015243,1.5890921980399848
1771417145512,1.9073066756064918,-1.0618393989336086,1.5843976286543098
1771417145516,1.8916957059414474,-1.0932388404018816,1.543807462643597
1771417145519,1.907385324567388,-1.1026910236419551,1.5563390641998605
1771417145523,1.8945233215237363,-1.059261316273744,1.5707272454641337
1771417145527,1.8916957059414474,-1.0932388404018816,1.543807462643597
1771417145531,1.888327459680213,-1.0545143532439005,1.5664546191271949
1771417145535,1.9073066756064918,-1.0618393989336086,1.5843976286543098
1771417145539,1.888327459680213,-1.0545143532439005,1.5664546191271949
1771417145544,1.9031395221351488,-1.0744705971188115,1.5708128394687724
1771417145548,1.8786798587860989,-1.052008427758043,1.556507719137495
1771417145552,1.9099557503780171,-1.0716837016937957,1.5809569924339935
1771417145556,1.8954058951111494,-1.0867997116716712,1.552877939160857
1771417145560,1.907421224254187,-1.0650305039613464,1.5823924141524384
1771417145563,1.8907299212409239,-1.0669858241359111,1.5608974617727842
1771417145568,1.912091873982834,-1.083918593784503,1.5751875496585832
1771417145571,1.8821497767041264,-1.0490410863556585,1.5626901743740287
1771417145576,1.9160240338331351,-1.0743570253395973,1.5864756790854535
1771417145580,1.9112689585656735,-1.0564916029143878,1.5927255020712456
1771417145584,1.89843073159704,-1.054481575671214,1.5786411401081708
1771417145588,1.6432331348522984,-0.7377265366104128,1.468323769697037
1771417145592,1.8956916063166382,-1.1202178293167986,1.5293000624926805
1771417145596,1.8902566633208677,-1.0311255600540983,1.5842507164688495
1771417145600,0.27028895788002255,-0.00011244376689519263,0.27028893449097746
1771417145603,1.5131745153522034,-0.6514732736005874,1.3657524254767075
1771417145607,0.27011549849568095,-4.6770140425324954e-05,0.27011549444658706
1771417145611,1.8907299212409239,-1.0669858241359111,1.5608974617727842
1771417145615,1.6931105179823778,-0.7982107933720444,1.4931452559771028
1771417145619,0.27013848870014645,-5.7637571310871215e-05,0.2701384825512824
1771417145624,1.907421224254187,-1.0650305039613464,1.5823924141524384
1771417145627,0.2701073713751604,-4.931554996598647e-05,0.27010736687320347
1771417145630,0.2703863553189992,-0.00021093214892027026,0.27038627304343804
1771417145634,0.2704060507569615,-0.00022590948435229476,0.27040595638942816
1771417145637,1.8970889174862777,-1.0663311072273238,1.5690393018049633
1771417145641,1.891521866367883,-1.053291828257979,1.5711242138904242
1771417145645,1.902249826248093,-1.0462442127300602,1.5886873351260016
1771417145649,1.8902566633208677,-1.0311255600540983,1.5842507164688495
1771417145653,1.912091873982834,-1.083918593784503,1.5751875496585832
1771417145658,1.9079921866553406,-1.0145828406397606,1.615876184556596
1771417145661,1.9156925383908912,-1.083151986007926,1.580082174082608
1771417145665,1.8802267653270701,-1.0713768700818707,1.5451227431197403
1771417145670,1.9137397642800862,-1.1019488870517598,1.5646432614855657
1771417145673,1.8821497767041264,-1.0490410863556585,1.5626901743740287
1771417145677,1.9051887948368296,-1.0488390367583291,1.5904970980620086
1771417145682,1.8786798587860989,-1.052008427758043,1.556507719137495
1771417145685,1.8916957059414474,-1.0932388404018816,1.543807462643597
1771417145690,1.89627120058953,-1.0388611180016774,1.586383321801374
1771417145693,1.9038097710586004,-1.0233023069832534,1.60541086108851
1771417145697,1.900042079831142,-1.0311042152119483,1.5959273174243254
1771417145701,1.8992801829872201,-1.0829223487988655,1.5603026629343157
1771417145705,1.6818073316839195,-0.784051974518382,1.487863704160973
1771417145709,1.907964643815558,-1.0914175692546395,1.5649718117501423
1771417145713,1.902249826248093,-1.0462442127300602,1.5886873351260016
1771417145718,1.8999818452511157,-1.1069682611720246,1.5441995599797387
1771417145721,0.32986185282351016,-0.025039878606174338,0.32891008866793237
1771417145725,0.2700023283652637,-7.811669118919476e-06,0.27000232825226067
1771417145729,1.2529429357033584,-0.4905631029392439,1.1529153664357028
1771417145738,0.27001628380320847,-2.3996166010062988e-05,0.2700162827369469
1771417145750,1.8844072288086486,-1.063664708581524,1.5555089172693521
1771417145755,0.27042577378725974,-0.00024221859885418943,0.2704256653104297
1771417145760,1.887548153129271,-1.1022849687170517,1.5322551609057058
1771417145765,1.8992801829872201,-1.0829223487988655,1.5603026629343157
1771417145769,0.27031753607070536,-0.00015441762222478755,0.27031749196553123
1771417145772,1.887548153129271,-1.1022849687170517,1.5322551609057058
1771417145776,1.8821497767041264,-1.0490410863556585,1.5626901743740287
1771417145780,1.9031395221351488,-1.0744705971188115,1.5708128394687724
1771417145784,0.2704492867974048,-0.00025701180245261144,0.27044916467639224
1771417145788,1.907421224254187,-1.0650305039613464,1.5823924141524384
1771417145793,1.888327459680213,-1.0545143532439005,1.5664546191271949
1771417145796,0.27132066165307805,-0.0008042758160570858,0.27131946959309017
1771417145800,1.8970889174862777,-1.0663311072273238,1.5690393018049633
1771417145804,1.9112689585656735,-1.0564916029143878,1.5927255020712456
1771417145808,1.900042079831142,-1.0311042152119483,1.5959273174243254
1771417145812,1.9031395221351488,-1.0744705971188115,1.5708128394687724
1771417145816,1.8907299212409239,-1.0669858241359111,1.5608974617727842
1771417145820,1.9048454183405998,-1.0910213274458094,1.5614443732748082
1771417145824,0.270414953728107,-0.000234287071214671,0.2704148522351213
1771417145828,1.9112689585656735,-1.0564916029143878,1.5927255020712456
1771417145832,1.8945233215237363,-1.059261316273744,1.5707272454641337
1771417145835,1.887548153129271,-1.1022849687170517,1.5322551609057058
1771417145839,1.892669794780058,-1.0443680404123334,1.5784468151439535
1771417145844,1.919953815129084,-1.064766088490283,1.5976532255248097
1771417145847,1.8902566633208677,-1.0311255600540983,1.5842507164688495
1771417145851,1.9137397642800862,-1.1019488870517598,1.5646432614855657
1771417145855,1.9102934915125998,-1.0287934731308805,1.609597842120416
1771417145860,1.9048454183405998,-1.0910213274458094,1.5614443732748082
1771417145864,1.893927286773809,-1.0243917734551207,1.5929789898375544
1771417145869,1.9048454183405998,-1.0910213274458094,1.5614443732748082
1771417145873,1.907421224254187,-1.0650305039613464,1.5823924141524384
1771417145878,1.9183905506311763,-1.0515085644939572,1.6045410694484716
1771417145882,1.901353795216051,-1.057158152727216,1.5803679618066362
1771417145885,1.89627120058953,-1.0388611180016774,1.586383321801374
1771417145889,1.8992342330856495,-1.0788467761072913,1.563067594765927
1771417145893,1.9051887948368296,-1.0488390367583291,1.5904970980620086
1771417145897,1.901353795216051,-1.057158152727216,1.5803679618066362
1771417145901,1.8970889174862777,-1.0663311072273238,1.5690393018049633
1771417145905,1.9034845797297382,-1.069931589812385,1.574325232723671
1771417145910,1.901353795216051,-1.057158152727216,1.5803679618066362
1771417145914,1.8992342330856495,-1.0788467761072913,1.563067594765927
1771417145917,1.8902566633208677,-1.0311255600540983,1.5842507164688495
1771417145921,1.902249826248093,-1.0462442127300602,1.5886873351260016
1771417145926,1.8945233215237363,-1.059261316273744,1.5707272454641337
1771417145930,1.8949856507319034,-1.0922616090500206,1.5485267817752701
1771417145934,1.907421224254187,-1.0650305039613464,1.5823924141524384
1771417145938,1.8916957059414474,-1.0932388404018816,1.543807462643597
1771417145942,1.892669794780058,-1.0443680404123334,1.5784468151439535
1771417145947,1.907421224254187,-1.0650305039613464,1.5823924141524384
1771417145951,1.902249826248093,-1.0462442127300602,1.5886873351260016
1771417145955,1.901353795216051,-1.057158152727216,1.5803679618066362
1771417145959,1.89843073159704,-1.054481575671214,1.5786411401081708
1771417145962,1.9034845797297382,-1.069931589812385,1.574325232723671
1771417145966,1.9090195185686676,-1.0404720048776646,1.600554131962428
1771417145971,1.917092590337944,-1.06130425780871,1.5965203638806964
1771417145975,1.8844072288086486,-1.063664708581524,1.5555089172693521
1771417145979,1.907964643815558,-1.0914175692546395,1.5649718117501423
1771417145983,1.3275835933581366,-0.5336988131740767,1.2155837174667503
1771417145987,0.2698867728160239,6.062785895299296e-05,0.26988676600624717
1771417145991,1.893927286773809,-1.0243917734551207,1.5929789898375544
1771417145995,1.9156925383908912,-1.083151986007926,1.580082174082608
1771417145999,1.891521866367883,-1.053291828257979,1.5711242138904242
1771417146002,1.8907299212409239,-1.0669858241359111,1.5608974617727842
1771417146006,1.888327459680213,-1.0545143532439005,1.5664546191271949
1771417146011,1.912091873982834,-1.083918593784503,1.5751875496585832
1771417146014,1.8970889174862777,-1.0663311072273238,1.5690393018049633
1771417146018,1.9073066756064918,-1.0618393989336086,1.5843976286543098
1771417146023,1.8869282312463143,-1.0327379422607381,1.5792246491520454
1771417146026,0.27046584335994434,-0.00026750785927996267,0.27046571106879924
1771417146030,1.8954058951111494,-1.0867997116716712,1.552877939160857
1771417146034,1.907964643815558,-1.0914175692546395,1.5649718117501423
1771417146038,1.8970889174862777,-1.0663311072273238,1.5690393018049633
1771417146042,1.9099557503780171,-1.0716837016937957,1.5809569924339935
1771417146046,1.8844072288086486,-1.063664708581524,1.5555089172693521
1771417146050,1.9073066756064918,-1.0618393989336086,1.5843976286543098
1771417146054,1.89627120058953,-1.0388611180016774,1.586383321801374
1771417146057,1.9090195185686676,-1.0404720048776646,1.600554131962428
1771417146062,1.888327459680213,-1.0545143532439005,1.5664546191271949
1771417146066,1.907421224254187,-1.0650305039613464,1.5823924141524384
1771417146070,1.8860607885232947,-1.039845039811207,1.573514407682733
1771417146073,1.9181008797501231,-1.0917187671545618,1.5771052971633568
1771417146077,1.8902566633208677,-1.0311255600540983,1.5842507164688495
1771417146082,1.9112689585656735,-1.0564916029143878,1.5927255020712456
1771417146086,1.888327459680213,-1.0545143532439005,1.5664546191271949
1771417146090,1.9156925383908912,-1.083151986007926,1.580082174082608
1771417146094,1.8834081822615265,-1.070727075851125,1.5494418059575412
1771417146096,0.4481921361770516,-0.09000296262828444,0.4390622480344677
1771417146101,1.9012116749793218,-1.0966888237764776,1.5530226839558539
1771417146105,0.27014300488707366,-5.955513141972098e-05,0.2701429983223771
1771417146110,0.27109991465019123,-0.0007875089190631655,0.2710987708438446
1771417146114,0.2701202158729839,-4.5679629845354794e-05,0.2701202120105766
1771417146118,1.89627120058953,-1.0388611180016774,1.586383321801374
1771417146121,0.2704450032894537,-0.00025373915176125515,0.27044488425680285
1771417146126,1.8877153122779915,-1.0611762895342467,1.5612091412553037
1771417146130,1.8949856507319034,-1.0922616090500206,1.5485267817752701
1771417146134,1.8902566633208677,-1.0311255600540983,1.5842507164688495
1771417146138,0.2699453865678338,2.3626640714891367e-05,0.2699453855338873
1771417146142,0.2704470465425252,-0.00025508108520601997,0.27044692624841343
1771417146145,1.2243516860145855,-0.4820116989578686,1.125478464082946
1771417146148,0.2713259912773884,-0.000803259527216665,0.27132480225145167
1771417146152,1.9048454183405998,-1.0910213274458094,1.5614443732748082
1771417146157,1.8945233215237363,-1.059261316273744,1.5707272454641337
1771417146160,0.2713267306314662,-0.0008028825035960919,0.2713255427246864
1771417146163,1.8954058951111494,-1.0867997116716712,1.552877939160857
1771417146167,1.9137397642800862,-1.1019488870517598,1.5646432614855657
1771417146172,1.8825932313361156,-1.04287036414621,1.567347657113159
1771417146176,1.904282955290466,-1.097700033606066,1.5560681893898585
1771417146180,1.8907299212409239,-1.0669858241359111,1.5608974617727842
1771417146184,1.9219793326850219,-1.0828924910973134,1.587875438437605
1771417146188,1.891521866367883,-1.053291828257979,1.5711242138904242
1771417146192,1.9034845797297382,-1.069931589812385,1.574325232723671
1771417146196,1.8945233215237363,-1.059261316273744,1.5707272454641337
1771417146201,1.9083776632880445,-1.1285579347390746,1.5389159475664067
1771417146204,1.8902566633208677,-1.0311255600540983,1.5842507164688495
1771417146209,1.897210618810814,-1.1024450470165987,1.5440281896510444
1771417146213,1.9048454183405998,-1.0910213274458094,1.5614443732748082
1771417146216,0.271379729667988,-0.0007799740196722934,0.2713786088017972
1771417146219,1.8844072288086486,-1.063664708581524,1.5555089172693521
1771417146223,1.9034845797297382,-1.069931589812385,1.574325232723671
1771417146227,1.8860607885232947,-1.039845039811207,1.573514407682733
1771417146232,1.912091873982834,-1.083918593784503,1.5751875496585832
1771417146236,1.8825932313361156,-1.04287036414621,1.567347657113159
1771417146240,1.8992342330856495,-1.0788467761072913,1.563067594765927
1771417146244,1.8907299212409239,-1.0669858241359111,1.5608974617727842
1771417146248,1.8970889174862777,-1.0663311072273238,1.5690393018049633
1771417146252,1.8907299212409239,-1.0669858241359111,1.5608974617727842
1771417146256,1.901353795216051,-1.057158152727216,1.5803679618066362
1771417146261,1.89627120058953,-1.0388611180016774,1.586383321801374
1771417146264,1.892669794780058,-1.0443680404123334,1.5784468151439535
1771417146268,1.912091873982834,-1.083918593784503,1.5751875496585832
1771417146272,1.900042079831142,-1.0311042152119483,1.5959273174243254
1771417146276,1.901353795216051,-1.057158152727216,1.5803679618066362
1771417146280,1.8992342330856495,-1.0788467761072913,1.563067594765927
1771417146284,1.902249826248093,-1.0462442127300602,1.5886873351260016
1771417146288,1.8992342330856495,-1.0788467761072913,1.563067594765927
1771417146292,1.261021409292539,-0.5092283701780537,1.1536296900218648
1771417146296,1.8954058951111494,-1.0867997116716712,1.552877939160857
1771417146300,1.9156925383908912,-1.083151986007926,1.580082174082608
1771417146304,1.89627120058953,-1.0388611180016774,1.586383321801374
1771417146308,1.9004518628362719,-1.0261530144541298,1.5996022236432903
1771417146312,1.907421224254187,-1.0650305039613464,1.5823924141524384
1771417146317,1.8970889174862777,-1.0663311072273238,1.5690393018049633
1771417146320,1.902249826248093,-1.0462442127300602,1.5886873351260016
1771417146325,1.9048454183405998,-1.0910213274458094,1.5614443732748082
1771417146330,1.9031395221351488,-1.0744705971188115,1.5708128394687724
1771417146334,1.9112689585656735,-1.0564916029143878,1.5927255020712456
1771417146338,1.8945233215237363,-1.059261316273744,1.5707272454641337
1771417146342,1.907964643815558,-1.0914175692546395,1.5649718117501423
1771417146347,1.89627120058953,-1.0388611180016774,1.586383321801374
1771417146351,1.901353795216051,-1.057158152727216,1.5803679618066362
1771417146355,1.8877153122779915,-1.0611762895342467,1.5612091412553037
1771417146359,0.2698763585111368,6.342967172412336e-05,0.2698763510571246
1771417146363,1.8992801829872201,-1.0829223487988655,1.5603026629343157
1771417146367,0.2700997665791754,-4.0044736042580975e-05,0.27009976361067806
1771417146371,0.2700100602145585,-1.1399379539881176e-05,0.27001005997392696
1771417146375,0.2703954543420365,-0.00021834715196044057,0.27039536618321985
1771417146379,1.907964643815558,-1.0914175692546395,1.5649718117501423
1771417146382,0.27131244214789313,-0.000805803807146269,0.2713112455179074
1771417146386,1.907964643815558,-1.0914175692546395,1.5649718117501423
1771417146391,1.8860607885232947,-1.039845039811207,1.573514407682733
1771417146394,1.8992342330856495,-1.0788467761072913,1.563067594765927
1771417146399,1.8786798587860989,-1.052008427758043,1.556507719137495
1771417146402,0.2713101829494393,-0.0008064210963744582,0.2713089844754013
1771417146406,1.888327459680213,-1.0545143532439005,1.5664546191271949
1771417146410,1.9048454183405998,-1.0910213274458094,1.5614443732748082
1771417146414,1.892669794780058,-1.0443680404123334,1.5784468151439535
1771417146419,1.9048454183405998,-1.0910213274458094,1.5614443732748082
1771417146423,1.8791919572259672,-1.0830682643543192,1.5356840647904386
1771417146427,1.907385324567388,-1.1026910236419551,1.5563390641998605
1771417146430,1.8965661880119735,-1.0352532500015243,1.5890921980399848
1771417146435,1.9031395221351488,-1.0744705971188115,1.5708128394687724
1771417146438,0.2704441672949241,-0.00025370606429009985,0.270444048292947
1771417146443,1.9137397642800862,-1.1019488870517598,1.5646432614855657
1771417146446,1.9034845797297382,-1.069931589812385,1.574325232723671
1771417146450,0.6740192279852203,-0.19549384972979678,0.6450457924919873
1771417146454,1.8970889174862777,-1.0663311072273238,1.5690393018049633
1771417146457,1.0528553908667477,-0.3705525791978668,0.9854923947585699
1771417146460,1.2515960122901801,-0.5052784716011004,1.1450704101133418
1771417146464,1.8968336437252706,-1.06978448753205,1.5663776754677896
1771417146467,1.8932223649594369,-1.0751188758541999,1.5583357552095778
1771417146471,1.8968336437252706,-1.06978448753205,1.5663776754677896
1771417146474,0.2700427942496355,-2.0717772924936163e-05,0.2700427934548983
1771417146478,1.8857513693557575,-1.0476111877901284,1.5679824700053477
1771417146482,1.9029401036846816,-1.0760947852365466,1.5694588403007508
1771417146486,0.2700884689673409,-3.549683955147328e-05,0.27008846663472447
1771417146489,0.2699713321757419,1.4134581544253952e-05,0.2699713318057278
1771417146493,0.27039134539672843,-0.00021574139762121003,0.27039125932822283
1771417146497,0.2704629505137868,-0.0002651519731380707,0.2704628205411129
1771417146500,0.2703854735259967,-0.00020804775212841721,0.2703853934849482
1771417146504,1.8920982457513305,-1.0505877131366732,1.573626775503492
1771417146508,1.8852106165360925,-1.0534666348326993,1.5634024171641356
1771417146513,1.895108603058725,-1.090084905619608,1.550210152181788
1771417146517,1.9010949321003292,-1.0606724859266705,1.577699533642478
1771417146520,0.27040595263138656,-0.00022733075518969537,0.2704058570726888
1771417146524,1.883487044634662,-1.0329458759065808,1.5749750044855317
1771417146529,1.8968336437252706,-1.06978448753205,1.5663776754677896
1771417146533,1.893286210520755,-1.0361695426598794,1.5845773423257248
1771417146537,1.899214178846468,-1.0829555199852503,1.5601992945982701
1771417146542,1.9007014105910816,-1.0659534820210317,1.5736610265206943
1771417146545,0.27134858728895755,-0.0007961061313622722,0.271347419443673
1771417146548,0.2713619754322304,-0.0007899755862127767,0.2713608255608307
1771417146552,1.9053491899537116,-1.085186137208673,1.566118317135517
1771417146557,1.8852106165360925,-1.0534666348326993,1.5634024171641356
1771417146560,1.8932223649594369,-1.0751188758541999,1.5583357552095778
1771417146564,1.890085612450616,-1.0375278315506387,1.5798606334581067
1771417146569,1.910051739136827,-1.070504675323671,1.5818714822291282
1771417146573,1.8989017018522742,-1.0486503270933045,1.5830856466990562
1771417146577,1.899214178846468,-1.0829555199852503,1.5601992945982701
1771417146581,1.9010949321003292,-1.0606724859266705,1.577699533642478
1771417146585,1.8882926195424337,-1.0584968675432962,1.5637242079150198
1771417146589,1.8887264315169878,-1.0868727169332983,1.5446667052464509
1771417146593,1.8882926195424337,-1.0584968675432962,1.5637242079150198
1771417146597,1.9178314300843289,-1.0523741200508716,1.6033047451019582
1771417146601,1.8857513693557575,-1.0476111877901284,1.5679824700053477
1771417146604,1.890085612450616,-1.0375278315506387,1.5798606334581067
1771417146608,1.9036171221657572,-1.0295329996139388,1.60119328955269
1771417146612,1.8989017018522742,-1.0486503270933045,1.5830856466990562
1771417146616,1.8968336437252706,-1.06978448753205,1.5663776754677896
1771417146621,1.9029401036846816,-1.0760947852365466,1.5694588403007508
1771417146625,1.9029401036846816,-1.0760947852365466,1.5694588403007508
1771417146630,1.8968382860614863,-1.0745008106482323,1.5631517813011533
1771417146633,1.8932223649594369,-1.0751188758541999,1.5583357552095778
1771417146637,1.9087057589233731,-1.0867392819786514,1.569125682395064
1771417146641,1.893286210520755,-1.0361695426598794,1.5845773423257248
1771417146645,1.9014641324307577,-1.0937681982783614,1.5553896538666963
1771417146649,1.8857513693557575,-1.0476111877901284,1.5679824700053477
1771417146653,1.9053491899537116,-1.085186137208673,1.566118317135517
1771417146657,1.8939750538155495,-1.0284674682013022,1.5904075488148368
1771417146662,1.9053491899537116,-1.085186137208673,1.566118317135517
1771417146666,1.8976235567081787,-1.0223119505804215,1.5987036744419687
1771417146670,1.910051739136827,-1.070504675323671,1.5818714822291282
1771417146674,1.8795832218574677,-1.0420815289044916,1.5642567484285232
1771417146678,1.9088386555544719,-1.0477734152831013,1.5955675739889519
1771417146682,1.8843427763926008,-1.0259460568974386,1.5805639459634566
1771417146686,1.9029401036846816,-1.0760947852365466,1.5694588403007508
1771417146689,0.6477938651067093,-0.18225887602718902,0.6216257666628655
1771417146692,1.8968336437252706,-1.06978448753205,1.5663776754677896
1771417146696,1.8968336437252706,-1.06978448753205,1.5663776754677896
1771417146700,1.9029401036846816,-1.0760947852365466,1.5694588403007508
1771417146703,0.27052444101062295,-0.0002847349991145571,0.2705242911645649
1771417146707,1.8932223649594369,-1.0751188758541999,1.5583357552095778
1771417146711,1.8932223649594369,-1.0751188758541999,1.5583357552095778
1771417146714,1.8890531238733006,-1.0451237748813067,1.5736066852912527
1771417146718,1.8968336437252706,-1.06978448753205,1.5663776754677896
1771417146723,1.8800156274830364,-1.0360141878270295,1.5687999752044668
1771417146727,1.915242177971615,-1.0882956834579032,1.5759965436663719
1771417146731,1.893286210520755,-1.0361695426598794,1.5845773423257248
1771417146735,1.9053491899537116,-1.085186137208673,1.566118317135517
1771417146740,1.907357703618506,-1.0648760044185568,1.582419825699372
1771417146743,1.904926431913494,-1.052406097846881,1.5878243341810128
1771417146748,1.9126843620064988,-1.0391019226499933,1.6058109051221736
1771417146752,1.8878118413981615,-1.0228147511605483,1.5867210004696803
1771417146757,1.914458247145025,-1.0976352192778214,1.5685494271659184
1771417146761,0.6445994615899797,-0.18256026395332373,0.6182072596689434
1771417146764,0.7212910034847227,-0.22337395919582106,0.6858314560161133
1771417146769,0.27008136037001856,-3.602514997190892e-05,0.270081357967388
1771417146773,1.904926431913494,-1.052406097846881,1.5878243341810128
1771417146776,0.27012558525206315,-5.140149728148559e-05,0.2701255803615343
1771417146781,0.2700096471142023,-8.727752032916276e-06,0.270009646973145
1771417146785,0.2699999121045047,1.267520007597783e-06,0.2699999121015295
1771417146789,1.8857513693557575,-1.0476111877901284,1.5679824700053477
1771417146793,0.2704703853475431,-0.0002694948746746114,0.27047025108606854
1771417146797,0.2700817169644574,-2.9574144586056505e-05,0.2700817153452622
1771417146801,1.8939750538155495,-1.0284674682013022,1.5904075488148368
1771417146804,0.2703909324083309,-0.0002144794915022181,0.2703908473436079
1771417146808,0.26995073904738376,-0.00011237101336900734,0.26995071565932927
1771417146811,0.27040673312784363,-0.00022864089368014498,0.27040663646481494
1771417146814,0.2713176569752302,-0.0008048423319842678,0.27131646322210035
1771417146817,0.2704551373756664,-0.00026144555777493747,0.2704550110075813
1771417146822,1.907357703618506,-1.0648760044185568,1.582419825699372
1771417146825,0.27044780492736575,-0.00025544674897160153,0.270447684288457
1771417146828,0.26994971649213856,2.2291902857695636e-05,0.2699497155717284
1771417146832,0.2713197924497837,-0.0008051796149258846,0.2713185977053203
1771417146835,1.8939750538155495,-1.0284674682013022,1.5904075488148368
1771417146839,0.2713206724647267,-0.0008048162752816554,0.2713194788021578
1771417146842,0.2704138860004388,-0.00023263425620408205,0.27041378593400367
1771417146847,1.876109652375119,-1.0450921260076511,1.5580660691677672
1771417146850,0.27011746712929163,-4.7563361724817605e-05,0.2701174629417183
1771417146854,1.9055963872651487,-1.0054348688259767,1.6187644410805662
1771417146859,1.9029401036846816,-1.0760947852365466,1.5694588403007508
1771417146862,0.27137122069924074,-0.0007851352524693034,0.27137008491436815
1771417146867,1.9029401036846816,-1.0760947852365466,1.5694588403007508
1771417146870,0.2713743161706366,-0.0007832022751043106,0.2713731859843137
1771417146873,0.2703411283956611,-0.00017234107603706,0.2703410734623817
1771417146877,1.8968336437252706,-1.06978448753205,1.5663776754677896
1771417146882,1.9178314300843289,-1.0523741200508716,1.6033047451019582
1771417146885,0.2713593502785096,-0.0007914111259220984,0.2713581962130583
1771417146888,0.27046380383303115,-0.0002659899318480986,0.27046367303796737
1771417146892,1.893286210520755,-1.0361695426598794,1.5845773423257248
1771417146895,0.2705245892253623,-0.00028464519809571885,0.2705244394738897
1771417146899,1.9010949321003292,-1.0606724859266705,1.577699533642478
1771417146902,0.271302763984423,-0.0008078664016151959,0.2713015611777136
1771417146906,1.9010949321003292,-1.0606724859266705,1.577699533642478
1771417146909,0.27052137608706023,-0.0002848793975528182,0.2705212260872805
1771417146914,1.9007014105910816,-1.0659534820210317,1.5736610265206943
1771417146917,1.8968336437252706,-1.06978448753205,1.5663776754677896
1771417146922,1.9007014105910816,-1.0659534820210317,1.5736610265206943
1771417146926,1.8963227139303127,-1.0417400370812238,1.584555941110959
1771417146930,1.908754336309819,-1.0440795856683975,1.5978863962034486
1771417146935,1.907357703618506,-1.0648760044185568,1.582419825699372
1771417146938,1.8989017018522742,-1.0486503270933045,1.5830856466990562
1771417146943,1.9053491899537116,-1.085186137208673,1.566118317135517
1771417146947,1.8952876944952284,-1.0076925919645259,1.6052012599686227
1771417146951,1.9053491899537116,-1.085186137208673,1.566118317135517
1771417146955,1.9088386555544719,-1.0477734152831013,1.5955675739889519
1771417146960,1.9029401036846816,-1.0760947852365466,1.5694588403007508
1771417146963,1.8920982457513305,-1.0505877131366732,1.573626775503492
1771417146967,1.8932223649594369,-1.0751188758541999,1.5583357552095778
1771417146970,1.8932223649594369,-1.0751188758541999,1.5583357552095778
1771417146975,1.9139481614557181,-1.0614211412259928,1.592665289914436
1771417146978,1.8882926195424337,-1.0584968675432962,1.5637242079150198
1771417146982,1.8932223649594369,-1.0751188758541999,1.5583357552095778
1771417146986,1.8866876248051037,-1.0734117181134541,1.5515725819340345
1771417146991,1.9088386555544719,-1.0477734152831013,1.5955675739889519
1771417146995,1.8890531238733006,-1.0451237748813067,1.5736066852912527
1771417146999,1.9049872810689437,-1.0564072060863312,1.5852382647297276
1771417147003,1.8968336437252706,-1.06978448753205,1.5663776754677896
1771417147008,1.8752323734809173,-1.0522540829497722,1.5521784045226272
1771417147012,1.892995073649738,-1.0779164734382982,1.5561254528965587
1771417147016,1.8878118413981615,-1.0228147511605483,1.5867210004696803
1771417147020,1.910893895380641,-1.0603552230835935,1.5897050922364004
1771417147025,1.8781966492853461,-1.0199633939916843,1.5771167770027892
1771417147029,1.904926431913494,-1.052406097846881,1.5878243341810128
1771417147033,1.8932223649594369,-1.0751188758541999,1.5583357552095778
1771417147037,1.8939750538155495,-1.0284674682013022,1.5904075488148368
1771417147041,1.8882926195424337,-1.0584968675432962,1.5637242079150198
1771417147045,1.8920982457513305,-1.0505877131366732,1.573626775503492
1771417147049,1.9007014105910816,-1.0659534820210317,1.5736610265206943
1771417147052,1.8857513693557575,-1.0476111877901284,1.5679824700053477
1771417147056,1.904926431913494,-1.052406097846881,1.5878243341810128
1771417147060,1.8920982457513305,-1.0505877131366732,1.573626775503492
1771417147063,1.9027373906899532,-1.0402615056938205,1.5931935154591976
1771417147067,1.8989017018522742,-1.0486503270933045,1.5830856466990562
1771417147071,1.9065694933694604,-1.0318148985203792,1.6032358679366117
1771417147083,1.8852106165360925,-1.0534666348326993,1.5634024171641356
1771417147099,1.8968336437252706,-1.06978448753205,1.5663776754677896
1771417147107,1.8989017018522742,-1.0486503270933045,1.5830856466990562
1771417147111,1.9169467504145556,-1.0675328621715532,1.5921866825560174
1771417147114,0.6940531891530999,-0.20041288562351814,0.6644881523771837
1771417147118,1.884881687737062,-1.0948590831572789,1.5342954620263067
1771417147122,1.8932223649594369,-1.0751188758541999,1.5583357552095778
1771417147126,0.28049374737954613,-0.004902831256018156,0.2804508951041085
1771417147131,0.2700331584418843,1.3801854710707353e-05,0.27003315808916617
1771417147135,1.9154867489170146,-1.1228863281731525,1.5518427044254484
1771417147139,0.2811852261229816,-0.006459689220547717,0.2811110168687919
1771417147143,1.8989017018522742,-1.0486503270933045,1.5830856466990562
1771417147147,1.8989017018522742,-1.0486503270933045,1.5830856466990562
1771417147151,1.8976235567081787,-1.0223119505804215,1.5987036744419687
1771417147156,0.27000688429045344,-1.0227113727823358e-05,0.27000688409676604
1771417147160,1.9014022242476745,-1.0143406545717448,1.6082423495409417
1771417147163,1.8920982457513305,-1.0505877131366732,1.573626775503492
1771417147167,0.2704128278061301,-0.00023109583360024846,0.27041272905842184
1771417147170,0.27043093098618554,-0.00024515392210756166,0.27043081986639306
1771417147174,1.8968336437252706,-1.06978448753205,1.5663776754677896
1771417147177,0.2704261592302599,-0.00024111173658626194,0.2704260517427276
1771417147180,0.27042105164992525,-0.00023801443558823382,0.2704209469042293
1771417147184,0.27016928335473955,-7.509165111708747e-05,0.27016927291914133
1771417147187,0.2713180692857139,-0.0008053747848586193,0.27131687395439186
1771417147191,1.893286210520755,-1.0361695426598794,1.5845773423257248
1771417147195,0.2700054789541798,-1.0978422327790034e-05,0.2700054787309885
1771417147199,0.2701073115090142,-4.88065284687121e-05,0.2701073070995126
1771417147203,0.2700447084124136,-2.2198071035582425e-05,0.27004470750005666
1771417147207,1.8920982457513305,-1.0505877131366732,1.573626775503492
1771417147211,0.2701151600067261,-5.0053331829071047e-05,0.2701151553691929
1771417147215,1.8963227139303127,-1.0417400370812238,1.584555941110959
1771417147219,1.8968336437252706,-1.06978448753205,1.5663776754677896
1771417147223,1.9029401036846816,-1.0760947852365466,1.5694588403007508
1771417147227,0.2704210727337711,-0.00023935470340341982,0.2704209668051083
1771417147231,1.8932223649594369,-1.0751188758541999,1.5583357552095778
1771417147234,1.8932223649594369,-1.0751188758541999,1.5583357552095778
1771417147237,0.27132891409703624,-0.0008024602302027142,0.27132772744903133
1771417147242,0.27011855581203115,-5.484864255749064e-05,0.270118550243414
1771417147245,1.9027373906899532,-1.0402615056938205,1.5931935154591976
1771417147249,1.8878118413981615,-1.0228147511605483,1.5867210004696803
1771417147253,1.8968382860614863,-1.0745008106482323,1.5631517813011533
1771417147257,1.899797188837064,-1.0379103693970757,1.5912169631484065
1771417147261,1.8882926195424337,-1.0584968675432962,1.5637242079150198
1771417147265,1.8890531238733006,-1.0451237748813067,1.5736066852912527
1771417147269,1.910051739136827,-1.070504675323671,1.5818714822291282
1771417147273,1.890085612450616,-1.0375278315506387,1.5798606334581067
1771417147278,1.9053491899537116,-1.085186137208673,1.566118317135517
1771417147281,1.8939750538155495,-1.0284674682013022,1.5904075488148368
1771417147286,1.899214178846468,-1.0829555199852503,1.5601992945982701
1771417147290,1.9055963872651487,-1.0054348688259767,1.6187644410805662
1771417147294,1.908754336309819,-1.0440795856683975,1.5978863962034486
1771417147299,1.893286210520755,-1.0361695426598794,1.5845773423257248
1771417147302,1.8920982457513305,-1.0505877131366732,1.573626775503492
1771417147306,1.8911243808726896,-1.062535683591441,1.564407026648111
1771417147310,1.907357703618506,-1.0648760044185568,1.582419825699372
1771417147314,1.9010949321003292,-1.0606724859266705,1.577699533642478
1771417147317,0.27052324012584844,-0.00028475322499901096,0.2705230902599412
1771417147322,1.9049872810689437,-1.0564072060863312,1.5852382647297276
1771417147325,1.8939750538155495,-1.0284674682013022,1.5904075488148368
1771417147330,1.9088386555544719,-1.0477734152831013,1.5955675739889519
1771417147334,1.877810055872905,-1.0625123842472428,1.5483016628740802
1771417147338,1.9049872810689437,-1.0564072060863312,1.5852382647297276
1771417147341,1.8952876944952284,-1.0076925919645259,1.6052012599686227
1771417147345,1.899797188837064,-1.0379103693970757,1.5912169631484065
1771417147350,1.8890531238733006,-1.0451237748813067,1.5736066852912527
1771417147354,1.8911243808726896,-1.062535683591441,1.564407026648111
1771417147358,1.9014022242476745,-1.0143406545717448,1.6082423495409417
1771417147361,1.8819738826700037,-1.0549046532412845,1.5585255428198457
1771417147365,1.8819738826700037,-1.0549046532412845,1.5585255428198457
1771417147369,1.8857513693557575,-1.0476111877901284,1.5679824700053477
1771417147373,1.893286210520755,-1.0361695426598794,1.5845773423257248
1771417147377,1.9010949321003292,-1.0606724859266705,1.577699533642478
1771417147382,1.9049872810689437,-1.0564072060863312,1.5852382647297276
1771417147386,1.9055963872651487,-1.0054348688259767,1.6187644410805662
1771417147391,1.9029401036846816,-1.0760947852365466,1.5694588403007508
1771417147395,1.8932223649594369,-1.0751188758541999,1.5583357552095778
1771417147399,1.8968382860614863,-1.0745008106482323,1.5631517813011533
1771417147403,1.9053491899537116,-1.085186137208673,1.566118317135517
1771417147406,1.9027373906899532,-1.0402615056938205,1.5931935154591976
1771417147410,1.9027373906899532,-1.0402615056938205,1.5931935154591976
1771417147414,1.9130502374372569,-1.0766157375569376,1.5813474522076028
1771417147418,1.9021523193663585,-1.0093794359587656,1.612245825032393
1771417147423,1.9088386555544719,-1.0477734152831013,1.5955675739889519
1771417147426,1.8989017018522742,-1.0486503270933045,1.5830856466990562
1771417147430,1.9036171221657572,-1.0295329996139388,1.60119328955269
1771417147434,1.8989017018522742,-1.0486503270933045,1.5830856466990562
1771417147438,1.8843427763926008,-1.0259460568974386,1.5805639459634566
1771417147442,1.904926431913494,-1.052406097846881,1.5878243341810128
1771417147447,1.8911243808726896,-1.062535683591441,1.564407026648111
1771417147451,1.8911243808726896,-1.062535683591441,1.564407026648111
1771417147454,1.8819738826700037,-1.0549046532412845,1.5585255428198457
1771417147459,1.9049872810689437,-1.0564072060863312,1.5852382647297276
1771417147463,1.8989017018522742,-1.0486503270933045,1.5830856466990562
1771417147466,1.8795832218574677,-1.0420815289044916,1.5642567484285232
1771417147470,1.562889002502617,-0.6823300115588293,1.4060753142949893
1771417147474,1.8976235567081787,-1.0223119505804215,1.5987036744419687
1771417147478,1.1319686452041562,-0.4279934549301074,1.047938269299448
1771417147482,1.8932223649594369,-1.0751188758541999,1.5583357552095778
1771417147486,1.8968336437252706,-1.06978448753205,1.5663776754677896
1771417147489,1.8932223649594369,-1.0751188758541999,1.5583357552095778
1771417147493,1.893286210520755,-1.0361695426598794,1.5845773423257248
1771417147496,0.27134767533954895,-0.0007964663264799117,0.27134650643332053
1771417147499,0.07586640741814127,-4.3942851239101716e-05,0.07586639469199274
1771417147502,0.07302786696401747,0.005181124066937158,0.07284384192721605
1771417147504,0.27145604709930965,-0.0006270598731878583,0.2714553228483429
1771417147508,1.5656974898827587,-1.4388900047225193,0.6172553637958923
1771417147511,0.2705425113500321,-0.00024895871942278683,0.2705423968015702
1771417147515,1.904926431913494,-1.052406097846881,1.5878243341810128
1771417147518,0.27004668068163074,-2.1305790741162158e-05,0.2700466798411525
1771417147521,0.2699425615714119,2.4874437075091092e-05,0.2699425604253577
1771417147525,0.2703507066147209,-0.000182652236837212,0.27035064491367367
1771417147528,0.27035243845996354,-0.0001841293594179779,0.2703523757573204
1771417147531,0.2713278705552181,-0.0008030643540438177,0.2713266821152547
1771417147534,0.27137852216030534,-0.000780832400410581,0.2713773988206715
1771417147537,0.270135104989225,-5.626406047041382e-05,0.2701350991298523
1771417147541,0.2703246926343515,-0.00032262202330604975,0.2703245001158546
1771417147545,0.26996229371353153,1.8590154532990872e-05,0.26996229307345354
1771417147548,0.27033400444565236,-0.0001683606074936229,0.2703339520192161
1771417147551,0.271381564729669,-0.0007788448350778492,0.27138044711409554
1771417147554,0.2713634752802742,-0.0007894451607800964,0.2713623269588579
1771417147558,0.2700920017355689,-3.2331139996009196e-05,0.2700919998004827
1771417147561,0.2713038669743423,-0.000807731523074989,0.27130266457412144
1771417147564,0.27044729831268727,-0.0002570961312701157,0.27044717611062413
1771417147567,0.27136549682664074,-0.0007884000515178146,0.2713643515521675
1771417147570,0.2705233723403001,-0.00028487118978327256,0.2705232223502705
1771417147574,0.2701663843090969,-7.368097730315802e-05,0.2701663742617949
1771417147577,0.2713377338543432,-0.0008001449635207745,0.2713365540822831
1771417147580,0.271364395275923,-0.0007889754553178736,0.27136324832445213
1771417147583,0.27052168933892745,-0.0002849191126773202,0.2705215392974955
1771417147586,1.9139481614557181,-1.0614211412259928,1.592665289914436
1771417147590,0.27042693438224247,-0.00024354695181065696,0.2704268247128231
1771417147593,0.2713480282560739,-0.0007964251773957005,0.27134685947214476
1771417147596,0.27007709807341657,-3.0928297446950486e-05,0.2700770963025156
1771417147599,1.8976235567081787,-1.0223119505804215,1.5987036744419687
1771417147602,0.27138321835622753,-0.000777723080529064,0.27138210396449114
1771417147605,0.2703497271790513,-0.00018181593269589523,0.2703496660415065
1771417147608,0.2705203557494042,-0.00028491948905364124,0.27052020570683616
1771417147611,0.27053030898937463,-0.0002840287464278778,0.27053015988898116
1771417147614,0.27052903442131904,-0.0002842748476414382,0.27052888506172906
1771417147617,0.27042632359930413,-0.0002431150413131618,0.27042621431827246
1771417147621,0.27135373261180523,-0.0007940517306966924,0.2713525708081795
1771417147624,0.2705196629229365,-0.00028490728424756346,0.27051951289283843
1771417147628,1.9027373906899532,-1.0402615056938205,1.5931935154591976
1771417147631,1.8976235567081787,-1.0223119505804215,1.5987036744419687
1771417147636,1.910893895380641,-1.0603552230835935,1.5897050922364004
1771417147639,0.2705263334849597,-0.00028465018786000696,0.2705261837292024
1771417147642,1.9027373906899532,-1.0402615056938205,1.5931935154591976
1771417147646,1.899797188837064,-1.0379103693970757,1.5912169631484065
1771417147650,1.904926431913494,-1.052406097846881,1.5878243341810128
1771417147652,0.27135871840305537,-0.0007917849144572805,0.27135756324450944
1771417147656,1.8976235567081787,-1.0223119505804215,1.5987036744419687
1771417147660,1.910893895380641,-1.0603552230835935,1.5897050922364004
1771417147663,1.899797188837064,-1.0379103693970757,1.5912169631484065
1771417147667,1.9027373906899532,-1.0402615056938205,1.5931935154591976
1771417147670,1.9027373906899532,-1.0402615056938205,1.5931935154591976
1771417147674,0.2705193490241499,-0.000284899053544546,0.27051919900254606
1771417147677,1.899797188837064,-1.0379103693970757,1.5912169631484065
1771417147680,0.2705200131889702,-0.00028491442474866716,0.27051986315154597
1771417147684,1.9169467504145556,-1.0675328621715532,1.5921866825560174
1771417147688,1.8939750538155495,-1.0284674682013022,1.5904075488148368
1771417147692,1.910893895380641,-1.0603552230835935,1.5897050922364004
1771417147696,1.9027373906899532,-1.0402615056938205,1.5931935154591976
1771417147700,1.910893895380641,-1.0603552230835935,1.5897050922364004
1771417147704,1.904926431913494,-1.052406097846881,1.5878243341810128
1771417147707,0.27053203600958375,-0.0002836240640451283,0.27053188733471145
1771417147711,1.8939750538155495,-1.0284674682013022,1.5904075488148368
1771417147715,1.910893895380641,-1.0603552230835935,1.5897050922364004
1771417147718,1.9088386555544719,-1.0477734152831013,1.5955675739889519
1771417147723,1.910893895380641,-1.0603552230835935,1.5897050922364004
1771417147726,1.899797188837064,-1.0379103693970757,1.5912169631484065
1771417147730,1.9191957530231376,-1.078480162468866,1.5875115362047536
1771417147734,1.9027373906899532,-1.0402615056938205,1.5931935154591976
1771417147738,1.899797188837064,-1.0379103693970757,1.5912169631484065
1771417147741,0.2713561151662432,-0.0007929929095966937,0.27135495646912505
1771417147745,1.910893895380641,-1.0603552230835935,1.5897050922364004
1771417147748,1.904926431913494,-1.052406097846881,1.5878243341810128
1771417147752,1.8882260707762963,-1.0168996211564938,1.5910100109210723
1771417147756,1.9027373906899532,-1.0402615056938205,1.5931935154591976
1771417147760,1.899797188837064,-1.0379103693970757,1.5912169631484065
1771417147764,1.9139481614557181,-1.0614211412259928,1.592665289914436
1771417147768,1.904926431913494,-1.052406097846881,1.5878243341810128
1771417147772,1.9088386555544719,-1.0477734152831013,1.5955675739889519
1771417147777,1.8920982457513305,-1.0505877131366732,1.573626775503492
1771417147781,1.9007014105910816,-1.0659534820210317,1.5736610265206943
1771417147785,1.9053491899537116,-1.085186137208673,1.566118317135517
1771417147790,1.8963227139303127,-1.0417400370812238,1.584555941110959
1771417147794,1.9139481614557181,-1.0614211412259928,1.592665289914436
1771417147797,1.899797188837064,-1.0379103693970757,1.5912169631484065
1771417147801,1.9087057589233731,-1.0867392819786514,1.569125682395064
1771417147805,1.8920982457513305,-1.0505877131366732,1.573626775503492
1771417147810,1.9007014105910816,-1.0659534820210317,1.5736610265206943
1771417147813,1.8857513693557575,-1.0476111877901284,1.5679824700053477
1771417147818,1.9088386555544719,-1.0477734152831013,1.5955675739889519
1771417147822,1.8852106165360925,-1.0534666348326993,1.5634024171641356
1771417147827,1.9130502374372569,-1.0766157375569376,1.5813474522076028
1771417147831,0.27009095768393826,-3.585077600288302e-05,0.2700909553045951
1771417147834,0.270419214301213,-0.00023596361348821938,0.2704191113520982
1771417147839,1.8857513693557575,-1.0476111877901284,1.5679824700053477
1771417147842,0.27046011728297026,-0.00026467327523511074,0.2704599877778142
1771417147846,1.8963227139303127,-1.0417400370812238,1.584555941110959
1771417147851,1.9049872810689437,-1.0564072060863312,1.5852382647297276
1771417147854,0.2704080683341687,-0.00022966386522777383,0.27040797080471846
1771417147859,1.910051739136827,-1.070504675323671,1.5818714822291282
1771417147862,1.9036171221657572,-1.0295329996139388,1.60119328955269
1771417147866,1.8989017018522742,-1.0486503270933045,1.5830856466990562
1771417147870,1.892995073649738,-1.0779164734382982,1.5561254528965587
1771417147874,1.8989017018522742,-1.0486503270933045,1.5830856466990562
1771417147878,1.8976235567081787,-1.0223119505804215,1.5987036744419687
1771417147881,1.8932223649594369,-1.0751188758541999,1.5583357552095778
1771417147886,1.9029401036846816,-1.0760947852365466,1.5694588403007508
1771417147890,1.8890531238733006,-1.0451237748813067,1.5736066852912527
1771417147894,1.8920982457513305,-1.0505877131366732,1.573626775503492
1771417147898,1.8939750538155495,-1.0284674682013022,1.5904075488148368
1771417147902,1.9088386555544719,-1.0477734152831013,1.5955675739889519
1771417147905,1.9130502374372569,-1.0766157375569376,1.5813474522076028
1771417147910,1.8820437060934343,-1.0113017114342067,1.5872483611886812
1771417147914,1.892995073649738,-1.0779164734382982,1.5561254528965587
1771417147918,1.9049872810689437,-1.0564072060863312,1.5852382647297276
1771417147922,1.8976235567081787,-1.0223119505804215,1.5987036744419687
1771417147926,1.910893895380641,-1.0603552230835935,1.5897050922364004
1771417147930,1.1385753130933505,-0.42300401487279893,1.0570815233401414
1771417147934,1.398984267267963,-0.5800841560318216,1.2730511977073542
1771417147937,1.9010949321003292,-1.0606724859266705,1.577699533642478
1771417147941,0.2700393301750191,-1.932346561101635e-05,0.2700393294836451
1771417147944,0.9914858654897578,-0.3437753898666132,0.9299799475193173
1771417147949,1.907357703618506,-1.0648760044185568,1.582419825699372
1771417147953,0.27045484442061934,-0.0002608245639660849,0.27045471865199217
1771417147956,0.27044516620920056,-0.00025478670061244567,0.2704450461917528
1771417147960,1.9139481614557181,-1.0614211412259928,1.592665289914436
1771417147964,1.914695702317914,-1.0523222148728038,1.5995866930428893
1771417147969,1.9007014105910816,-1.0659534820210317,1.5736610265206943
1771417147972,0.38653713255696803,-0.057735714332769965,0.38220091854396143
1771417147976,1.8989017018522742,-1.0486503270933045,1.5830856466990562
1771417147981,1.9049872810689437,-1.0564072060863312,1.5852382647297276
1771417147984,0.2704236185911703,-0.00024175968396152763,0.2704235105241369
1771417147988,1.9139481614557181,-1.0614211412259928,1.592665289914436
1771417147992,1.8963227139303127,-1.0417400370812238,1.584555941110959
1771417147997,1.907357703618506,-1.0648760044185568,1.582419825699372
1771417148000,0.2713368287027436,-0.0008000229863572134,0.2713356492864204
1771417148004,1.8968382860614863,-1.0745008106482323,1.5631517813011533
1771417148009,1.8890531238733006,-1.0451237748813067,1.5736066852912527
1771417148013,0.2699710152622458,5.735843618407667e-06,0.2699710152013135
1771417148017,1.893286210520755,-1.0361695426598794,1.5845773423257248
1771417148020,0.2713693047771133,-0.0007862129152746387,0.2713681658641368
1771417148024,1.8976235567081787,-1.0223119505804215,1.5987036744419687
1771417148028,1.9139481614557181,-1.0614211412259928,1.592665289914436
1771417148032,1.8890531238733006,-1.0451237748813067,1.5736066852912527
1771417148036,0.2713511014894144,-0.0007949781414915663,0.27134993696198456
1771417148040,1.893286210520755,-1.0361695426598794,1.5845773423257248
1771417148044,1.9029401036846816,-1.0760947852365466,1.5694588403007508
1771417148048,1.8932223649594369,-1.0751188758541999,1.5583357552095778
1771417148052,1.910893895380641,-1.0603552230835935,1.5897050922364004
1771417148056,1.8920982457513305,-1.0505877131366732,1.573626775503492
1771417148061,1.9010949321003292,-1.0606724859266705,1.577699533642478
1771417148064,1.9087057589233731,-1.0867392819786514,1.569125682395064
1771417148068,1.893286210520755,-1.0361695426598794,1.5845773423257248
1771417148072,1.9027373906899532,-1.0402615056938205,1.5931935154591976
1771417148076,1.8857513693557575,-1.0476111877901284,1.5679824700053477
1771417148079,1.9014641324307577,-1.0937681982783614,1.5553896538666963
1771417148083,1.893286210520755,-1.0361695426598794,1.5845773423257248
1771417148088,1.9049872810689437,-1.0564072060863312,1.5852382647297276
1771417148092,1.893286210520755,-1.0361695426598794,1.5845773423257248
1771417148096,1.9130502374372569,-1.0766157375569376,1.5813474522076028
1771417148100,1.892995073649738,-1.0779164734382982,1.5561254528965587
1771417148104,1.9029401036846816,-1.0760947852365466,1.5694588403007508
1771417148108,1.8920982457513305,-1.0505877131366732,1.573626775503492
1771417148113,1.899214178846468,-1.0829555199852503,1.5601992945982701
1771417148116,1.8920982457513305,-1.0505877131366732,1.573626775503492
1771417148121,1.9049872810689437,-1.0564072060863312,1.5852382647297276
1771417148125,1.8887264315169878,-1.0868727169332983,1.5446667052464509
1771417148129,1.9007014105910816,-1.0659534820210317,1.5736610265206943
1771417148133,1.9014641324307577,-1.0937681982783614,1.5553896538666963
1771417148136,0.27052144461260924,-0.0002848768010008609,0.27052129461560187
1771417148139,1.8882926195424337,-1.0584968675432962,1.5637242079150198
1771417148143,1.5838298441809564,-0.707136566713808,1.4172067073417627
1771417148147,1.8920982457513305,-1.0505877131366732,1.573626775503492
1771417148151,1.9049872810689437,-1.0564072060863312,1.5852382647297276
1771417148154,0.2713431885143574,-0.0007990515013484318,0.27134201198825864
1771417148157,0.2712812388049149,-0.0008119334753821494,0.27128002376061683
1771417148159,0.2713064934181107,-0.0008091259009198569,0.2713052868745978
1771417148162,0.270306538478311,-0.00015420935446171843,0.270306494490239
1771417148165,0.2699718712971977,-1.0300289339707934e-05,0.2699718711007032
1771417148168,0.27033673992347484,-0.00017965577905847477,0.27033668022718177
1771417148171,0.2704459401236593,-0.00025994897379490937,0.2704458151939145
1771417148174,0.27130807019782793,-0.0008088462167548174,0.27130686449529284
1771417148178,0.2703623821820474,-0.00020075305772480217,0.27036230764912716
1771417148181,0.2702831035995455,-0.00013447124086386265,0.27028307014847974
1771417148185,1.87754197199389,-0.9464783203798047,1.6215247903284515
1771417148188,0.2703188180141576,-0.0001645893725096769,0.2703187679072796
1771417148191,1.87754197199389,-0.9464783203798047,1.6215247903284515
1771417148194,0.27041224813574816,-0.00023851252237823005,0.2704121429477717
1771417148198,0.2701411860135936,-6.171718596832575e-05,0.27014117896355594
1771417148202,1.8600995260304534,-0.9205376863195157,1.6163479250471509
1771417148205,0.27042474368162317,-0.0002469424404332629,0.27042463093198943
1771417148208,0.27042606081192816,-0.0002478008589934115,0.27042594727760677
1771417148211,0.2713295592247327,-0.0008036878187475008,0.2713283689461493
1771417148214,0.27132469885885613,-0.00080507617789091,0.27132350444293757
1771417148217,0.2713302653862593,-0.0008034744018215918,0.2713290757428395
1771417148219,0.27134359201267333,-0.0007988956251968331,0.2713424159473048
1771417148222,0.2713352272741508,-0.0008018951596240505,0.27133404232434244
1771417148225,0.27134401333918895,-0.0007987354567760736,0.27134283774717183
1771417148229,0.2713203931294866,-0.0008061956454206189,0.2713191953705459
1771417148232,0.2700260091699733,3.750834855356811e-05,0.27002600656489795
1771417148235,0.2713406801598004,-0.0007999906009029853,0.2713395008557021
1771417148238,0.27135826360228277,-0.0007925460978692174,0.2713571062196985
1771417148242,0.27130919422646504,-0.0008086381036847366,0.2713079891492895
1771417148245,0.2713323652441824,-0.0008028239099081326,0.27133117753544667
1771417148248,0.27042258831748933,-0.0002455253176234409,0.27042247685732174
1771417148251,0.2703726224033648,-0.00020893236260821233,0.2703725416763698
1771417148254,0.27002866396145736,-4.897770881681843e-06,0.27002866391703956
1771417148257,0.27051485224935046,-0.000285135167123696,0.2705147019764811
1771417148260,0.27040127355122584,-0.00023071346172670799,0.2704011751258183
1771417148263,0.2713715477706354,-0.0007854552243404481,0.2713704110611929
1771417148266,0.27028227089109247,-0.00013377464704524022,0.27028223778559646
1771417148269,0.27129626381641864,-0.0008106438840768458,0.2712950526958445
1771417148272,0.2703837619402939,-0.00021761572313197736,0.2703836743673378
1771417148276,1.873138681951579,-0.9581727653052186,1.6095196406538967
1771417148280,0.27027311192327624,-0.00012527462886723995,0.27027308289017454
1771417148283,1.8756367229059456,-0.933419085796117,1.6268810425427227
1771417148287,0.2704289048881955,-0.0002500014199659326,0.27042878932968417
1771417148291,1.8732805447004603,-0.9170442997550545,1.6334655648161105
1771417148294,0.27040306081966936,-0.00023090513213796658,0.2704029622313072
1771417148298,1.8711998777964558,-0.8993288395930928,1.6409133496140533
1771417148301,0.27039841547946136,-0.00022862709409636874,0.2703983188251274
1771417148305,1.8649862689732846,-0.9383957158127564,1.6117032183386484
1771417148309,0.2704153561109736,-0.00024109061230359553,0.27041524863798144
1771417148311,0.27135718015402915,-0.0007930675059641154,0.2713560212434528
1771417148315,0.2704181819472078,-0.00024299936150008479,0.2704180727668613
1771417148318,0.2703063602916479,-0.00015136706680723955,0.27030631791012444
1771417148322,0.27130359389582837,-0.000809758452169866,0.2713023854521771
1771417148325,0.27135727185519154,-0.000793072528412782,0.27135611293032813
1771417148351,1.8698864513669995,-0.9202628398521605,1.6277566300258484
1771417148359,1.8649862689732846,-0.9383957158127564,1.6117032183386484
1771417148362,0.27044842260777935,-0.0002613522650699938,0.2704482963267278
1771417148366,0.27051511241366316,-0.000285102408426819,0.2705149621754655
1771417148369,0.2713649480075131,-0.0007891484100805814,0.27136380055546677
1771417148372,1.8815404096365809,-0.8955876158254724,1.6547256979558391
1771417148377,1.8718962837858815,-0.9340663180882965,1.6221947511517743
1771417148380,0.27136978458048133,-0.0007865521124876249,0.2713686446865798
1771417148383,1.8703952962912274,-0.9540202269040534,1.6087958139696554
1771417148387,1.879147645558956,-0.9264676718963224,1.6348863956681443
1771417148391,1.8653929396654638,-0.8882711041514698,1.6403247437270736
1771417148395,1.8649862689732846,-0.9383957158127564,1.6117032183386484
1771417148398,0.2713670323948466,-0.000787926870872405,0.27136588850117455
1771417148402,1.8841685345737074,-0.9419877923348543,1.6317935119891056
1771417148406,1.8832634258991823,-0.958409020994852,1.6211518373691016
1771417148410,1.8703952962912274,-0.9540202269040534,1.6087958139696554
1771417148414,1.8635745433107593,-0.9169465653714886,1.6223806811994945
1771417148418,1.8691679871912406,-0.9686550702403153,1.598591980224561
1771417148423,1.850701773858809,-0.9118825189643182,1.6104556272593888
1771417148426,1.8703952962912274,-0.9540202269040534,1.6087958139696554
1771417148431,1.856758974208458,-0.9188601943668941,1.6134589649295947
1771417148435,1.86390286987848,-0.9119284776450587,1.625583083081637
1771417148439,1.8756367229059456,-0.933419085796117,1.6268810425427227
1771417148443,1.855864729799337,-0.930097546390233,1.6059739878067871
1771417148447,1.8718962837858815,-0.9340663180882965,1.6221947511517743
1771417148451,1.8659660243087899,-0.9305309010418087,1.6173872282422261
1771417148455,1.8941914306301977,-0.9378055000207829,1.6457466451442775
1771417148459,1.8616734599350468,-0.9409000275517603,1.6064044352464995
1771417148464,1.8805295030864149,-0.9483344796469816,1.62390052857037
1771417148468,1.8659660243087899,-0.9305309010418087,1.6173872282422261
1771417148471,1.8797593884987815,-0.9135009568307974,1.6428668115579337
1771417148475,1.8520671621259275,-0.9384237356027209,1.596719657761694
1771417148479,1.8633236100179127,-0.958771041474662,1.5977274378565884
1771417148484,1.8732805447004603,-0.9170442997550545,1.6334655648161105
1771417148487,1.8718962837858815,-0.9340663180882965,1.6221947511517743
1771417148492,1.850701773858809,-0.9118825189643182,1.6104556272593888
1771417148496,1.879147645558956,-0.9264676718963224,1.6348863956681443
1771417148500,1.8578505928012803,-0.9495315975940183,1.5968714946239788
1771417148504,1.8672378982653763,-0.9491156713454258,1.6080288589216991
1771417148508,1.879147645558956,-0.9264676718963224,1.6348863956681443
1771417148512,1.8718962837858815,-0.9340663180882965,1.6221947511517743
1771417148516,1.8693558905713317,-0.9271732489560176,1.6232193973810438
1771417148520,1.8592020104784492,-0.9281063338101837,1.6109781962858862
1771417148524,1.8578505928012803,-0.9495315975940183,1.5968714946239788
1771417148528,1.8653929396654638,-0.8882711041514698,1.6403247437270736
1771417148532,1.8732805447004603,-0.9170442997550545,1.6334655648161105
1771417148536,1.8600995260304534,-0.9205376863195157,1.6163479250471509
1771417148540,1.8672378982653763,-0.9491156713454258,1.6080288589216991
1771417148544,1.8600995260304534,-0.9205376863195157,1.6163479250471509
1771417148549,1.876046783883347,-0.9608253464460061,1.6113243587018604
1771417148553,1.8698864513669995,-0.9202628398521605,1.6277566300258484
1771417148557,1.8666248516228272,-0.9609200332148645,1.6002877948863714
1771417148561,1.8666248516228272,-0.9609200332148645,1.6002877948863714
1771417148565,0.9656648668407629,-0.31734612516924315,0.9120307406500372
1771417148569,1.852546341612793,-0.9281167378362807,1.6032863963656288
1771417148573,1.877197486443957,-0.906891680944641,1.6435990636846058
1771417148577,1.8649862689732846,-0.9383957158127564,1.6117032183386484
1771417148581,1.867403787632491,-0.9079955237171089,1.6317907448486972
1771417148585,1.8550426548502248,-0.978999377992739,1.5756723863810016
1771417148589,1.8616734599350468,-0.9409000275517603,1.6064044352464995
1771417148593,1.885444711752737,-0.9253157447902689,1.6427697749592278
1771417148598,1.86390286987848,-0.9119284776450587,1.625583083081637
1771417148601,1.0949017184320005,-0.39682937001820595,1.0204588301917434
1771417148605,1.8649862689732846,-0.9383957158127564,1.6117032183386484
1771417148609,1.8850944927255209,-0.9750350185204562,1.613346819243433
1771417148612,1.2934008162426547,-0.4846838950194528,1.199152698102263
1771417148616,0.9608504680028228,-0.3113060850273282,0.9090226307888057
1771417148620,0.27009107859143994,-4.403876511762709e-05,0.27009107500114576
1771417148623,0.27004287559900625,-1.839160518121205e-05,0.27004287497271473
1771417148626,0.26986447476634823,-0.0001484142898069185,0.2698644339554873
1771417148630,0.2702365614063588,-0.00019857204967030172,0.2702364884501607
1771417148634,1.550724485027019,-0.6339037509083497,1.4152428989564434
1771417148638,0.270362765211755,-0.00019958759300392807,0.27036269154182363
1771417148641,1.8693558905713317,-0.9271732489560176,1.6232193973810438
1771417148644,0.27130189594949755,-0.0008098735047406816,0.27130068715485833
1771417148649,1.8902201594522952,-0.9487155526666966,1.6348917552327997
1771417148651,0.27130339349955995,-0.0008094691351041724,0.2713021859183895
1771417148654,0.27127876110735966,-0.0008124788892883992,0.2712775444189924
1771417148658,0.2703029456501614,-0.00042092674137937967,0.2703026179078414
1771417148662,0.270279135717203,-0.00013115672466896525,0.27027910389438514
1771417148665,0.27002168207883476,-4.590719508724201e-06,0.27002168203981064
1771417148669,0.2713650762461409,-0.0007892841667980076,0.27136392839981127
1771417148672,1.8649862689732846,-0.9383957158127564,1.6117032183386484
1771417148675,0.271338238868544,-0.0008007777809179665,0.2713370572318286
1771417148678,0.2713335045344833,-0.0008022701338921668,0.2713323184686939
1771417148682,0.27039746303296913,-0.0002289426453989513,0.2703973661113048
1771417148685,0.2713346400435686,-0.0008019027967098688,0.27133345506862505
1771417148688,0.27012778773587315,-5.353400331932461e-05,0.27012778243118096
1771417148692,0.26985739218530624,-0.00011133792358483834,0.26985736921737186
1771417148696,1.8578505928012803,-0.9495315975940183,1.5968714946239788
1771417148699,0.27132652474751767,-0.00080466570820543,0.2713253315572716
1771417148702,0.2713427587391759,-0.000799134853917229,0.27134158196574276
1771417148706,1.8552465349955074,-0.9382492262334448,1.6005086988470818
1771417148709,1.8732805447004603,-0.9170442997550545,1.6334655648161105
1771417148713,1.8693558905713317,-0.9271732489560176,1.6232193973810438
1771417148717,1.8649862689732846,-0.9383957158127564,1.6117032183386484
1771417148721,1.8666248516228272,-0.9609200332148645,1.6002877948863714
1771417148725,1.8616734599350468,-0.9409000275517603,1.6064044352464995
1771417148729,1.8589664834491018,-0.9694684447609242,1.5861548856274896
1771417148734,1.86390286987848,-0.9119284776450587,1.625583083081637
1771417148737,1.8552465349955074,-0.9382492262334448,1.6005086988470818
1771417148742,1.8732805447004603,-0.9170442997550545,1.6334655648161105
1771417148745,1.8756367229059456,-0.933419085796117,1.6268810425427227
1771417148750,1.8676986524278822,-0.9033161202710674,1.6347226808053266
1771417148752,0.2713177981983626,-0.000806937073794054,0.27131659822385795
1771417148757,1.8659660243087899,-0.9305309010418087,1.6173872282422261
1771417148760,1.8536157255123096,-0.9588495496241961,1.5863476286905094
1771417148764,1.8693558905713317,-0.9271732489560176,1.6232193973810438
1771417148768,1.8666248516228272,-0.9609200332148645,1.6002877948863714
1771417148772,1.8732805447004603,-0.9170442997550545,1.6334655648161105
1771417148776,1.867403787632491,-0.9079955237171089,1.6317907448486972
1771417148780,1.8738014960542961,-0.9099608082068794,1.638018123874947
1771417148784,1.8805295030864149,-0.9483344796469816,1.62390052857037
1771417148787,1.8711998777964558,-0.8993288395930928,1.6409133496140533
1771417148792,1.8794140281672576,-0.9621651223050858,1.6144458388845122
1771417148796,1.8711998777964558,-0.8993288395930928,1.6409133496140533
1771417148800,1.8887015277980344,-0.9245913343792318,1.6469135756005717
1771417148804,1.873138681951579,-0.9581727653052186,1.6095196406538967
1771417148808,1.87754197199389,-0.9464783203798047,1.6215247903284515
1771417148812,1.8578505928012803,-0.9495315975940183,1.5968714946239788
1771417148815,1.8756367229059456,-0.933419085796117,1.6268810425427227
1771417148819,1.8592020104784492,-0.9281063338101837,1.6109781962858862
1771417148823,1.8732805447004603,-0.9170442997550545,1.6334655648161105
1771417148827,1.8622613231038065,-0.9718517811736975,1.5885595207476022
1771417148831,1.8693558905713317,-0.9271732489560176,1.6232193973810438
1771417148835,1.8693558905713317,-0.9271732489560176,1.6232193973810438
1771417148839,1.8635745433107593,-0.9169465653714886,1.6223806811994945
1771417148843,1.8649862689732846,-0.9383957158127564,1.6117032183386484
1771417148847,1.8814970995701568,-0.9359139877693705,1.6322059744984843
1771417148851,1.8827448540269396,-0.919586984894883,1.6428901249252368
1771417148855,1.875831842461752,-0.9237949219306416,1.6325893676637155
1771417148858,1.8703952962912274,-0.9540202269040534,1.6087958139696554
1771417148862,1.875831842461752,-0.9237949219306416,1.6325893676637155
1771417148866,1.885444711752737,-0.9253157447902689,1.6427697749592278
1771417148870,1.867403787632491,-0.9079955237171089,1.6317907448486972
1771417148874,1.8732465652015042,-0.9954353102887744,1.5868715250673335
1771417148878,1.8693558905713317,-0.9271732489560176,1.6232193973810438
1771417148882,1.8672378982653763,-0.9491156713454258,1.6080288589216991
1771417148886,1.8635745433107593,-0.9169465653714886,1.6223806811994945
1771417148890,1.875831842461752,-0.9237949219306416,1.6325893676637155
1771417148894,1.867403787632491,-0.9079955237171089,1.6317907448486972
1771417148898,1.887521190645183,-0.9433344701696569,1.634887250707015
1771417148902,1.8635745433107593,-0.9169465653714886,1.6223806811994945
1771417148906,1.8703952962912274,-0.9540202269040534,1.6087958139696554
1771417148910,1.8610458011149746,-0.9484631011856571,1.6012211650914947
1771417148914,1.873138681951579,-0.9581727653052186,1.6095196406538967
1771417148918,1.8649862689732846,-0.9383957158127564,1.6117032183386484
1771417148922,1.8718962837858815,-0.9340663180882965,1.6221947511517743
1771417148926,1.875831842461752,-0.9237949219306416,1.6325893676637155
1771417148930,1.8616734599350468,-0.9409000275517603,1.6064044352464995
1771417148934,1.8649862689732846,-0.9383957158127564,1.6117032183386484
1771417148938,1.8732805447004603,-0.9170442997550545,1.6334655648161105
1771417148943,1.8703952962912274,-0.9540202269040534,1.6087958139696554
1771417148946,1.8672378982653763,-0.9491156713454258,1.6080288589216991
1771417148950,1.453801551504454,-0.5868128515416735,1.3301088784089397
1771417148954,0.8751416371274673,-0.27295465970995064,0.8314858019093102
1771417148957,0.2699126384479133,-2.179235507298986e-05,0.26991263756817174
1771417148961,1.867403787632491,-0.9079955237171089,1.6317907448486972
1771417148966,1.895930731200724,-0.9601450628397847,1.6348317331810323
1771417148969,0.7033366631570567,-0.20249812180850904,0.6735554709190099
1771417148973,1.8698864513669995,-0.9202628398521605,1.6277566300258484
1771417148976,0.2701145815335369,-4.681423149005715e-05,0.2701145774767913
1771417148980,0.2702054107346507,-0.00022188068427309715,0.27020531963535294
1771417148985,0.2700366234185469,2.7705466831097033e-05,0.27003662199727135
1771417148988,0.2700079786368577,-4.25419653074273e-06,0.2700079786033435
1771417148992,0.2701592641259651,-7.197675474017683e-05,0.27015925453781836
1771417148996,0.27035114261658116,-0.00019079030244054725,0.2703510752949792
1771417148999,0.2703803066399641,-0.00021494834690832874,0.27038022119957145
1771417149003,1.8805295030864149,-0.9483344796469816,1.62390052857037
1771417149006,0.27037891133692415,-0.00021446278095493398,0.2703788262816744
1771417149009,0.270361585388349,-0.00019779940424247957,0.27036151303226796
1771417149013,0.27005656986009935,-2.1215273484982158e-05,0.27005656902677794
1771417149017,0.27039765172755564,-0.0002274693385511977,0.27039755604937793
1771417149020,0.27041169703119816,-0.0002381292429103493,0.27041159218080163
1771417149023,0.2712976433606825,-0.0008102783398046985,0.2712964333382806
1771417149027,1.8693558905713317,-0.9271732489560176,1.6232193973810438
1771417149030,0.2704335701482253,-0.0002529191001413001,0.2704334518787272
1771417149034,1.877197486443957,-0.906891680944641,1.6435990636846058
1771417149037,0.2713560951547378,-0.0007934592984603006,0.27135493509418396
1771417149041,1.873138681951579,-0.9581727653052186,1.6095196406538967
1771417149045,0.26996762671510643,-1.0745542270493394e-05,0.2699676265012536
1771417149049,1.875831842461752,-0.9237949219306416,1.6325893676637155
1771417149052,0.2713081219797599,-0.0008088363864395751,0.2713069163067618
1771417149056,0.2699982259931203,-4.367208221431546e-06,0.2699982259578006
1771417149059,0.27135526561958323,-0.0007940171669925844,0.27135410392366116
1771417149062,0.2713066548925981,-0.0008089349883983071,0.27130544891910274
1771417149065,0.2704421640986899,-0.00025740727944083004,0.2704420415983343
1771417149069,1.8649862689732846,-0.9383957158127564,1.6117032183386484
1771417149071,0.2713754988534804,-0.0007830321561834381,0.2713743691630028
1771417149075,0.2713656769927291,-0.000788707176985422,0.27136453082654555
1771417149078,1.8756367229059456,-0.933419085796117,1.6268810425427227
1771417149082,1.8672378982653763,-0.9491156713454258,1.6080288589216991
1771417149086,1.8672378982653763,-0.9491156713454258,1.6080288589216991
1771417149091,1.86390286987848,-0.9119284776450587,1.625583083081637
1771417149094,1.8666248516228272,-0.9609200332148645,1.6002877948863714
1771417149097,0.2713040049621772,-0.0008098334421717673,0.27130279629652365
1771417149102,1.885444711752737,-0.9253157447902689,1.6427697749592278
1771417149105,0.2705148903195263,-0.0002850864692991946,0.27051474009800347
1771417149108,1.8693558905713317,-0.9271732489560176,1.6232193973810438
1771417149112,1.8635745433107593,-0.9169465653714886,1.6223806811994945
1771417149116,1.8691679871912406,-0.9686550702403153,1.598591980224561
1771417149120,1.86390286987848,-0.9119284776450587,1.625583083081637
1771417149123,1.873138681951579,-0.9581727653052186,1.6095196406538967
1771417149127,1.8635745433107593,-0.9169465653714886,1.6223806811994945
1771417149131,1.8672378982653763,-0.9491156713454258,1.6080288589216991
1771417149135,1.8698864513669995,-0.9202628398521605,1.6277566300258484
1771417149139,1.8647476894540955,-0.9802498285962862,1.5863146657776759
1771417149143,1.855864729799337,-0.930097546390233,1.6059739878067871
1771417149147,1.8827448540269396,-0.919586984894883,1.6428901249252368
1771417149151,1.8635745433107593,-0.9169465653714886,1.6223806811994945
1771417149155,1.8487304243948681,-0.9366520906983021,1.5938905367288334
1771417149160,1.8841685345737074,-0.9419877923348543,1.6317935119891056
1771417149163,1.8578505928012803,-0.9495315975940183,1.5968714946239788
1771417149167,1.876046783883347,-0.9608253464460061,1.6113243587018604
1771417149171,1.875831842461752,-0.9237949219306416,1.6325893676637155
1771417149176,1.8578505928012803,-0.9495315975940183,1.5968714946239788
1771417149180,1.8600995260304534,-0.9205376863195157,1.6163479250471509
1771417149184,1.8832634258991823,-0.958409020994852,1.6211518373691016
1771417149188,1.86390286987848,-0.9119284776450587,1.625583083081637
1771417149192,1.8805295030864149,-0.9483344796469816,1.62390052857037
1771417149195,1.87754197199389,-0.9464783203798047,1.6215247903284515
1771417149199,1.8698864513669995,-0.9202628398521605,1.6277566300258484
1771417149203,1.8649862689732846,-0.9383957158127564,1.6117032183386484
1771417149207,1.855864729799337,-0.930097546390233,1.6059739878067871
1771417149212,1.876046783883347,-0.9608253464460061,1.6113243587018604
1771417149216,1.8592020104784492,-0.9281063338101837,1.6109781962858862
1771417149220,1.885444711752737,-0.9253157447902689,1.6427697749592278
1771417149225,1.856758974208458,-0.9188601943668941,1.6134589649295947
1771417149228,1.867403787632491,-0.9079955237171089,1.6317907448486972
1771417149232,1.86390286987848,-0.9119284776450587,1.625583083081637
1771417149236,1.8633236100179127,-0.958771041474662,1.5977274378565884
1771417149240,1.8718962837858815,-0.9340663180882965,1.6221947511517743
1771417149245,1.8832634258991823,-0.958409020994852,1.6211518373691016
1771417149249,1.8781452005875459,-0.8984778060606422,1.6492928868174044
1771417149254,1.852546341612793,-0.9281167378362807,1.6032863963656288
1771417149257,1.8616734599350468,-0.9409000275517603,1.6064044352464995
1771417149262,1.8600995260304534,-0.9205376863195157,1.6163479250471509
1771417149265,1.8703952962912274,-0.9540202269040534,1.6087958139696554
1771417149269,1.8693558905713317,-0.9271732489560176,1.6232193973810438
1771417149273,1.8698864513669995,-0.9202628398521605,1.6277566300258484
1771417149277,1.8633236100179127,-0.958771041474662,1.5977274378565884
1771417149280,1.8732805447004603,-0.9170442997550545,1.6334655648161105
1771417149285,1.855864729799337,-0.930097546390233,1.6059739878067871
1771417149288,1.8703952962912274,-0.9540202269040534,1.6087958139696554
1771417149292,1.8841138615266357,-0.9020400751655668,1.6541489491554588
1771417149296,1.8649862689732846,-0.9383957158127564,1.6117032183386484
1771417149300,1.8797593884987815,-0.9135009568307974,1.6428668115579337
1771417149304,1.8805295030864149,-0.9483344796469816,1.62390052857037
1771417149308,1.8649862689732846,-0.9383957158127564,1.6117032183386484
1771417149312,1.8616734599350468,-0.9409000275517603,1.6064044352464995
1771417149316,1.8691679871912406,-0.9686550702403153,1.598591980224561
1771417149320,1.8732805447004603,-0.9170442997550545,1.6334655648161105
1771417149324,1.8817406966480243,-0.9723082326936956,1.6110756500107168
1771417149327,1.8633236100179127,-0.958771041474662,1.5977274378565884
1771417149331,1.8805295030864149,-0.9483344796469816,1.62390052857037
1771417149335,1.856758974208458,-0.9188601943668941,1.6134589649295947
1771417149339,0.6611045871561014,-0.17492673685098117,0.6375420863703877
1771417149343,0.2702345701601989,-0.00024136292341516205,0.2702344623722272
1771417149347,0.3636666633714195,-0.03773771829876419,0.36170334068861526
1771417149351,0.2700943046985853,-3.721167058424028e-05,0.27009430213520574
1771417149354,0.2701379582868126,-5.984569293111892e-05,0.2701379516577794
1771417149357,0.2712864489782927,-0.0008113783233897509,0.2712852356182845
1771417149361,1.8610458011149746,-0.9484631011856571,1.6012211650914947
1771417149365,1.8659660243087899,-0.9305309010418087,1.6173872282422261
1771417149368,0.2703421856422846,-0.0001816822269348295,0.2703421245929237
1771417149371,0.2703794071507677,-0.00021356154813874568,0.2703793228090228
1771417149374,0.2712842018620439,-0.0008115257570490077,0.2712829880509868
1771417149377,0.27042870282121145,-0.00025061113576873987,0.2704285866982663
1771417149380,0.27039218337982723,-0.00022400593741179044,0.2703920905911453
1771417149384,0.2704026711444046,-0.00023269405089857418,0.2704025710223697
1771417149387,0.2704215318115752,-0.0002448247556476656,0.2704214209861301
1771417149390,0.270359757220832,-0.00019995258260461384,0.2703596832803884
1771417149393,0.2703628778769395,-0.0002018137800723161,0.2703628025544547
1771417149396,0.27039777098031187,-0.00022815374822880588,0.2703976747255574
1771417149400,1.8797593884987815,-0.9135009568307974,1.6428668115579337
1771417149404,0.27045160273946295,-0.0002625126934820702,0.2704514753360204
1771417149407,0.2713339556130369,-0.0008021267638024972,0.27133276997309463
1771417149410,0.2704369935960299,-0.0002546752697790885,0.2704368736799146
1771417149414,1.8832634258991823,-0.958409020994852,1.6211518373691016
1771417149418,1.8814970995701568,-0.9359139877693705,1.6322059744984843
1771417149421,0.2704034476888031,-0.00023171876546892642,0.2704033484045732
1771417149425,1.8672378982653763,-0.9491156713454258,1.6080288589216991
1771417149429,1.873138681951579,-0.9581727653052186,1.6095196406538967
1771417149433,1.8698864513669995,-0.9202628398521605,1.6277566300258484
1771417149437,0.2702787922246859,-0.000129984377667715,0.2702787609681836
1771417149440,0.2713499641827239,-0.0007963774391466891,0.2713487955472439
1771417149444,1.8719548976005604,-0.9726125072764227,1.5994499208603548
1771417149448,1.87754197199389,-0.9464783203798047,1.6215247903284515
1771417149452,1.8592020104784492,-0.9281063338101837,1.6109781962858862
1771417149455,0.27136887087237715,-0.0007869503970612752,0.27136772981992807
1771417149459,1.8672378982653763,-0.9491156713454258,1.6080288589216991
1771417149462,0.27051655927731577,-0.0002852332938811955,0.27051640890194734
1771417149467,1.8666248516228272,-0.9609200332148645,1.6002877948863714
1771417149471,1.8659660243087899,-0.9305309010418087,1.6173872282422261
1771417149475,1.8635745433107593,-0.9169465653714886,1.6223806811994945
1771417149479,1.8719548976005604,-0.9726125072764227,1.5994499208603548
1771417149483,1.8616734599350468,-0.9409000275517603,1.6064044352464995
1771417149487,1.8666248516228272,-0.9609200332148645,1.6002877948863714
1771417149491,1.8592020104784492,-0.9281063338101837,1.6109781962858862
1771417149495,1.8703952962912274,-0.9540202269040534,1.6087958139696554
1771417149499,1.8649862689732846,-0.9383957158127564,1.6117032183386484
1771417149503,1.8751273889162967,-0.9773761113091508,1.6002620603220747
1771417149507,1.877197486443957,-0.906891680944641,1.6435990636846058
1771417149511,1.8672378982653763,-0.9491156713454258,1.6080288589216991
1771417149515,1.873138681951579,-0.9581727653052186,1.6095196406538967
1771417149519,1.86390286987848,-0.9119284776450587,1.625583083081637
1771417149523,1.8659660243087899,-0.9305309010418087,1.6173872282422261
1771417149527,1.8616734599350468,-0.9409000275517603,1.6064044352464995
1771417149531,1.8814970995701568,-0.9359139877693705,1.6322059744984843
1771417149535,1.8698864513669995,-0.9202628398521605,1.6277566300258484
1771417149539,1.8589664834491018,-0.9694684447609242,1.5861548856274896
1771417149543,1.8520671621259275,-0.9384237356027209,1.596719657761694
1771417149547,1.8756367229059456,-0.933419085796117,1.6268810425427227
1771417149551,1.8732805447004603,-0.9170442997550545,1.6334655648161105
1771417149554,1.8732805447004603,-0.9170442997550545,1.6334655648161105
1771417149559,1.887521190645183,-0.9433344701696569,1.634887250707015
1771417149562,1.87754197199389,-0.9464783203798047,1.6215247903284515
1771417149566,1.8592020104784492,-0.9281063338101837,1.6109781962858862
1771417149570,1.873138681951579,-0.9581727653052186,1.6095196406538967
1771417149574,1.8659660243087899,-0.9305309010418087,1.6173872282422261
1771417149578,1.8797593884987815,-0.9135009568307974,1.6428668115579337
1771417149582,1.8797593884987815,-0.9135009568307974,1.6428668115579337
1771417149586,1.849778314697491,-0.9674437902620586,1.576620539701444
1771417149590,1.8698864513669995,-0.9202628398521605,1.6277566300258484
1771417149595,1.8586977981575004,-0.8939863097563266,1.6295846043835236
1771417149599,1.8718962837858815,-0.9340663180882965,1.6221947511517743
1771417149603,1.8659660243087899,-0.9305309010418087,1.6173872282422261
1771417149607,1.887521190645183,-0.9433344701696569,1.634887250707015
1771417149611,1.8693558905713317,-0.9271732489560176,1.6232193973810438
1771417149614,1.8635745433107593,-0.9169465653714886,1.6223806811994945
1771417149619,1.8719548976005604,-0.9726125072764227,1.5994499208603548
1771417149623,1.8600995260304534,-0.9205376863195157,1.6163479250471509
1771417149627,1.8691679871912406,-0.9686550702403153,1.598591980224561
1771417149630,1.875831842461752,-0.9237949219306416,1.6325893676637155
1771417149634,1.8647476894540955,-0.9802498285962862,1.5863146657776759
1771417149638,1.8552465349955074,-0.9382492262334448,1.6005086988470818
1771417149642,1.8649862689732846,-0.9383957158127564,1.6117032183386484
1771417149646,1.852546341612793,-0.9281167378362807,1.6032863963656288
1771417149651,1.873138681951579,-0.9581727653052186,1.6095196406538967
1771417149654,1.8703952962912274,-0.9540202269040534,1.6087958139696554
1771417149659,1.8794140281672576,-0.9621651223050858,1.6144458388845122
1771417149662,1.8797593884987815,-0.9135009568307974,1.6428668115579337
1771417149666,1.8814970995701568,-0.9359139877693705,1.6322059744984843
1771417149670,0.27034181388362494,-0.00012778702689134042,0.2703417836819981
1771417149673,1.8756367229059456,-0.933419085796117,1.6268810425427227
1771417149677,0.27006980920298196,-3.9589944933791997e-05,0.27006980630120675
1771417149686,1.8691679871912406,-0.9686550702403153,1.598591980224561
1771417149694,1.8718962837858815,-0.9340663180882965,1.6221947511517743
1771417149706,0.2713770475680379,-0.000650471280276147,0.2713762680004621
1771417149714,1.8794140281672576,-0.9621651223050858,1.6144458388845122
1771417149718,1.8691679871912406,-0.9686550702403153,1.598591980224561
1771417149722,1.8616734599350468,-0.9409000275517603,1.6064044352464995
1771417149726,1.8622613231038065,-0.9718517811736975,1.5885595207476022
1771417149731,1.8635745433107593,-0.9169465653714886,1.6223806811994945
1771417149734,0.2703507938943114,-0.0001905024248282886,0.27035072677562855
1771417149738,1.877197486443957,-0.906891680944641,1.6435990636846058
1771417149741,0.2713137784440567,-0.0008077194438422404,0.2713125761237225
1771417149744,0.2703050856677374,-0.00015298095478156288,0.2703050423774413
1771417149748,0.2704310582473698,-0.00025099863117610953,0.27043094176606247
1771417149752,1.8738014960542961,-0.9099608082068794,1.638018123874947
1771417149755,1.8659660243087899,-0.9305309010418087,1.6173872282422261
1771417149759,0.26986942260035673,-0.00017710716926798073,0.2698693644853015
1771417149762,0.27004468945052884,-6.838028146938937e-06,0.27004468936395315
1771417149765,0.27029849370691567,-0.00014567225535017353,0.2702984544532609
1771417149769,0.2700816120831938,-3.175138573393238e-05,0.2700816102168126
1771417149772,0.2713122813329352,-0.0008077433138434691,0.2713110789349022
1771417149775,0.2713187560315815,-0.0008061964796729445,0.2713175582629348
1771417149778,0.2713400574647439,-0.0008002181355991726,0.2713388774870014
1771417149781,0.2704366379187842,-0.00025407224174635854,0.27043651856972195
1771417149784,0.2700278853092737,-1.4734729074399704e-05,0.2700278849072555
1771417149788,1.8616734599350468,-0.9409000275517603,1.6064044352464995
1771417149791,0.2713730606946768,-0.0007845161764876664,0.2713719267079142
1771417149794,0.27135797035501186,-0.0007926268255059564,0.2713568127353853
1771417149798,0.27134494706746953,-0.0007984371641423828,0.27134377235739676
1771417149801,0.27043261460919754,-0.0002511845883112232,0.2704324979559028
1771417149804,0.2713530462280074,-0.0007949730005502764,0.27135188172398494
1771417149808,1.8649862689732846,-0.9383957158127564,1.6117032183386484
1771417149811,0.27128138193379714,-0.0008119254006009212,0.27128016691430756
1771417149815,1.8600995260304534,-0.9205376863195157,1.6163479250471509
1771417149819,1.8536157255123096,-0.9588495496241961,1.5863476286905094
1771417149823,1.8520671621259275,-0.9384237356027209,1.596719657761694
1771417149827,1.8703952962912274,-0.9540202269040534,1.6087958139696554
1771417149831,1.8635745433107593,-0.9169465653714886,1.6223806811994945
1771417149834,0.2712945093871172,-0.0008106471401772303,0.27129329824898135
1771417149838,1.8616734599350468,-0.9409000275517603,1.6064044352464995
1771417149842,1.873138681951579,-0.9581727653052186,1.6095196406538967
1771417149846,1.8600995260304534,-0.9205376863195157,1.6163479250471509
1771417149850,1.8781452005875459,-0.8984778060606422,1.6492928868174044
1771417149854,1.8659660243087899,-0.9305309010418087,1.6173872282422261
1771417149859,1.887521190645183,-0.9433344701696569,1.634887250707015
1771417149862,1.8610458011149746,-0.9484631011856571,1.6012211650914947
1771417149866,1.8703952962912274,-0.9540202269040534,1.6087958139696554
1771417149870,1.8703952962912274,-0.9540202269040534,1.6087958139696554
1771417149874,1.8616734599350468,-0.9409000275517603,1.6064044352464995
1771417149878,1.873138681951579,-0.9581727653052186,1.6095196406538967
1771417149882,1.8732805447004603,-0.9170442997550545,1.6334655648161105
1771417149885,1.8703952962912274,-0.9540202269040534,1.6087958139696554
1771417149889,1.852546341612793,-0.9281167378362807,1.6032863963656288
1771417149893,1.8887015277980344,-0.9245913343792318,1.6469135756005717
1771417149897,1.8698864513669995,-0.9202628398521605,1.6277566300258484
1771417149901,1.8797593884987815,-0.9135009568307974,1.6428668115579337
1771417149905,1.8520671621259275,-0.9384237356027209,1.596719657761694
1771417149910,1.873138681951579,-0.9581727653052186,1.6095196406538967
1771417149914,1.8659660243087899,-0.9305309010418087,1.6173872282422261
1771417149917,1.8691679871912406,-0.9686550702403153,1.598591980224561
1771417149921,1.8703952962912274,-0.9540202269040534,1.6087958139696554
1771417149925,1.8649862689732846,-0.9383957158127564,1.6117032183386484
1771417149929,1.8672378982653763,-0.9491156713454258,1.6080288589216991
1771417149933,1.8600995260304534,-0.9205376863195157,1.6163479250471509
1771417149937,1.867403787632491,-0.9079955237171089,1.6317907448486972
1771417149941,1.8635745433107593,-0.9169465653714886,1.6223806811994945
1771417149945,1.87754197199389,-0.9464783203798047,1.6215247903284515
1771417149950,1.8600995260304534,-0.9205376863195157,1.6163479250471509
1771417149954,1.8691679871912406,-0.9686550702403153,1.598591980224561
1771417149957,1.8610458011149746,-0.9484631011856571,1.6012211650914947
1771417149961,1.8703952962912274,-0.9540202269040534,1.6087958139696554
1771417149965,1.8672378982653763,-0.9491156713454258,1.6080288589216991
1771417149969,1.873138681951579,-0.9581727653052186,1.6095196406538967
1771417149973,1.875831842461752,-0.9237949219306416,1.6325893676637155
1771417149977,1.8592020104784492,-0.9281063338101837,1.6109781962858862
1771417149981,1.8635745433107593,-0.9169465653714886,1.6223806811994945
1771417149985,1.8616734599350468,-0.9409000275517603,1.6064044352464995
1771417149988,1.875831842461752,-0.9237949219306416,1.6325893676637155
1771417149992,1.8698864513669995,-0.9202628398521605,1.6277566300258484
1771417149996,1.87754197199389,-0.9464783203798047,1.6215247903284515
1771417150001,1.8600995260304534,-0.9205376863195157,1.6163479250471509
1771417150004,1.8756367229059456,-0.933419085796117,1.6268810425427227
1771417150008,1.8616734599350468,-0.9409000275517603,1.6064044352464995
1771417150012,1.87754197199389,-0.9464783203798047,1.6215247903284515
1771417150016,1.8672378982653763,-0.9491156713454258,1.6080288589216991
1771417150020,1.8633236100179127,-0.958771041474662,1.5977274378565884
1771417150024,1.8691679871912406,-0.9686550702403153,1.598591980224561
1771417150028,1.875831842461752,-0.9237949219306416,1.6325893676637155
1771417150032,1.856758974208458,-0.9188601943668941,1.6134589649295947
1771417150035,1.8711998777964558,-0.8993288395930928,1.6409133496140533
1771417150039,1.8589664834491018,-0.9694684447609242,1.5861548856274896
1771417150043,1.8566590246367942,-0.9596079265525475,1.5894449852268473
1771417150047,1.8814970995701568,-0.9359139877693705,1.6322059744984843
1771417150050,0.4375702442934479,-0.07531267077939433,0.4310402769012453
1771417150054,0.30592841129651505,-0.01698064853180172,0.30545678976550694
1771417150058,0.2700569923972282,-5.2991631279244686e-05,0.2700569871981163
1771417150062,1.0789420452567335,-0.39461092442594964,1.0041902983730129
1771417150065,0.4390767520660235,-0.07650058111798043,0.43236102425341205
1771417150068,0.26999912369078527,-6.921465243140151e-06,0.2699991236020689
1771417150072,0.3888426729734854,-0.05670386744526048,0.3846859702951425
1771417150076,0.27056553367972636,-0.0003005992366839543,0.2705653666962829
1771417150080,1.8698864513669995,-0.9202628398521605,1.6277566300258484
1771417150084,0.2700767000494107,-2.9676623972834033e-05,0.2700766984189442
1771417150088,0.27008002965441025,-3.106490442978505e-05,0.27008002786785035
1771417150091,0.2703920594521499,-0.0002239132669201873,0.27039196674018234
1771417150096,1.8649862689732846,-0.9383957158127564,1.6117032183386484
1771417150099,0.27041039142236645,-0.00023619234241320345,0.27041028827020397
1771417150102,0.2702941010004336,-0.00014370739863994535,0.270294062797939
1771417150105,0.2703695706422919,-0.00020714880437628074,0.2703694912867761
1771417150109,0.2704153162286425,-0.0002406287569774832,0.2704152091670105
1771417150112,0.27131164778938466,-0.0008078668655750894,0.2713104450206785
1771417150115,0.27005810029763233,-2.2849818220976668e-05,0.2700580993309622
1771417150118,0.2703958652940639,-0.0002261415018949979,0.2703957707290309
1771417150122,0.2700457237401854,-4.439910726491452e-05,0.2700457200902836
1771417150125,0.2713310529188465,-0.0008034061965061933,0.27132986348084376
1771417150129,0.27041750366315653,-0.00024211987180535908,0.2704173952714229
1771417150133,1.8616734599350468,-0.9409000275517603,1.6064044352464995
1771417150136,0.2713114973916189,-0.0008081905078378996,0.2713102936583599
1771417150139,0.2713086497860265,-0.0008090045268892882,0.27130744361405246
1771417150142,0.271298525018456,-0.0008099861077465503,0.2712973158726327
1771417150145,0.2713391949178354,-0.0008006021567566078,0.27133801380353195
1771417150148,0.2713610319360733,-0.0007911788284101491,0.27135987855516164
1771417150151,0.2713381913859718,-0.0008008818146920428,0.2713370094420022
1771417150155,0.27128609282790783,-0.0008111820444387935,0.2712848800532809
1771417150158,0.2713349055153728,-0.0008020025263997576,0.27133372024682806
1771417150161,0.27039334051848435,-0.00022425189016574794,0.2703932475263293
1771417150165,1.8719548976005604,-0.9726125072764227,1.5994499208603548
1771417150168,1.8732805447004603,-0.9170442997550545,1.6334655648161105
1771417150172,0.2704003495877716,-0.00023054538277223803,0.27040025130538536
1771417150175,0.2704069083182178,-0.0002342133713902709,0.2704068068860577
1771417150178,1.8672378982653763,-0.9491156713454258,1.6080288589216991
1771417150182,1.873138681951579,-0.9581727653052186,1.6095196406538967
1771417150186,1.873138681951579,-0.9581727653052186,1.6095196406538967
1771417150190,1.8841685345737074,-0.9419877923348543,1.6317935119891056
1771417150193,0.2704090184822966,-0.00023521416789655926,0.270408916182241
1771417150197,1.8666248516228272,-0.9609200332148645,1.6002877948863714
1771417150200,0.27134932415791874,-0.0007964508816030416,0.2713481553041267
1771417150204,1.873138681951579,-0.9581727653052186,1.6095196406538967
1771417150207,0.27134660043300457,-0.0007975667307950469,0.27134542828995395
1771417150211,1.8698864513669995,-0.9202628398521605,1.6277566300258484
1771417150214,0.2705137969429726,-0.0002851438864243939,0.2705136466603263
1771417150218,1.8738014960542961,-0.9099608082068794,1.638018123874947
1771417150222,1.8520671621259275,-0.9384237356027209,1.596719657761694
1771417150226,0.2713450943703555,-0.0007982344911399452,0.27134392025721576
1771417150230,1.86390286987848,-0.9119284776450587,1.625583083081637
1771417150234,1.8751273889162967,-0.9773761113091508,1.6002620603220747
1771417150237,0.2713660738836112,-0.0007885434525077774,0.2713649281949107
1771417150242,1.8649862689732846,-0.9383957158127564,1.6117032183386484
1771417150245,1.8578505928012803,-0.9495315975940183,1.5968714946239788
1771417150249,1.8578505928012803,-0.9495315975940183,1.5968714946239788
1771417150253,1.8649862689732846,-0.9383957158127564,1.6117032183386484
1771417150257,1.8616734599350468,-0.9409000275517603,1.6064044352464995
1771417150261,1.8703952962912274,-0.9540202269040534,1.6087958139696554
1771417150265,1.8616734599350468,-0.9409000275517603,1.6064044352464995
1771417150269,1.8633236100179127,-0.958771041474662,1.5977274378565884
1771417150273,1.8635745433107593,-0.9169465653714886,1.6223806811994945
1771417150276,1.8672378982653763,-0.9491156713454258,1.6080288589216991
1771417150280,1.867403787632491,-0.9079955237171089,1.6317907448486972
1771417150284,1.8616734599350468,-0.9409000275517603,1.6064044352464995
1771417150289,1.8592020104784492,-0.9281063338101837,1.6109781962858862
1771417150293,1.8751273889162967,-0.9773761113091508,1.6002620603220747
1771417150296,1.8589664834491018,-0.9694684447609242,1.5861548856274896
1771417150300,1.8756367229059456,-0.933419085796117,1.6268810425427227
1771417150304,1.8718962837858815,-0.9340663180882965,1.6221947511517743
1771417150308,1.8698864513669995,-0.9202628398521605,1.6277566300258484
1771417150312,1.8693558905713317,-0.9271732489560176,1.6232193973810438
1771417150316,1.855864729799337,-0.930097546390233,1.6059739878067871
1771417150319,1.8756367229059456,-0.933419085796117,1.6268810425427227
1771417150323,1.8711998777964558,-0.8993288395930928,1.6409133496140533
1771417150327,1.877197486443957,-0.906891680944641,1.6435990636846058
1771417150331,1.8649862689732846,-0.9383957158127564,1.6117032183386484
1771417150335,1.8756367229059456,-0.933419085796117,1.6268810425427227
1771417150339,1.8756367229059456,-0.933419085796117,1.6268810425427227
1771417150342,1.8693558905713317,-0.9271732489560176,1.6232193973810438
1771417150347,1.8515640505436795,-0.9059005265806461,1.6148169150732306
1771417150351,1.8616734599350468,-0.9409000275517603,1.6064044352464995
1771417150355,1.873138681951579,-0.9581727653052186,1.6095196406538967
1771417150359,1.8600995260304534,-0.9205376863195157,1.6163479250471509
1771417150362,1.8672378982653763,-0.9491156713454258,1.6080288589216991
1771417150366,1.8578505928012803,-0.9495315975940183,1.5968714946239788
1771417150371,1.8678224811258666,-0.9815576877312407,1.5891209288958748
1771417150374,1.8698864513669995,-0.9202628398521605,1.6277566300258484
1771417150378,1.8805295030864149,-0.9483344796469816,1.62390052857037
1771417150383,1.855864729799337,-0.930097546390233,1.6059739878067871
1771417150386,0.7032001124550241,-0.19465614241075266,0.6757213807321205
1771417150390,1.8691679871912406,-0.9686550702403153,1.598591980224561
1771417150394,1.8610458011149746,-0.9484631011856571,1.6012211650914947
1771417150398,1.8732805447004603,-0.9170442997550545,1.6334655648161105
1771417150402,1.8815404096365809,-0.8955876158254724,1.6547256979558391
1771417150407,0.2718399920126686,-0.0016937667982592987,0.27183471524343766
1771417150410,1.873138681951579,-0.9581727653052186,1.6095196406538967
1771417150414,1.8703952962912274,-0.9540202269040534,1.6087958139696554
1771417150418,1.8592020104784492,-0.9281063338101837,1.6109781962858862
1771417150422,1.6470615974050424,-0.6890849230190685,1.4959859205601684
1771417150426,1.875831842461752,-0.9237949219306416,1.6325893676637155
1771417150430,1.8616734599350468,-0.9409000275517603,1.6064044352464995
1771417150434,1.8659660243087899,-0.9305309010418087,1.6173872282422261
1771417150437,1.8788438367466298,-0.9751673769945343,1.6059585143229562
1771417150441,0.27044448021248846,-0.0002581664764727919,0.2704443569895173
1771417150443,0.27136692232640314,-0.0007879699891368596,0.2713657783070672
1771417150447,1.8489126445424395,-0.9770558138461037,1.5696623534309682
1771417150450,0.2713584460798761,-0.000792060211158708,0.27135729011675164
1771417150454,1.8662457062663536,-0.9655137293330464,1.5970774166041526
1771417150457,1.8777834140529774,-0.9868728173657785,1.5975458029230294
1771417150461,1.8637626016603295,-0.958346390348053,1.5984940511164054
1771417150465,1.8806246233005397,-0.9513123599938131,1.6222680935922085
1771417150469,1.5639905974245185,-0.6370970708104001,1.4283465655075138
1771417150473,1.8813359699740608,-0.9837389866584072,1.603646668704341
1771417150477,1.8739475786848518,-0.9562387031825642,1.6116100862784852
1771417150482,1.882996822364642,-1.0001168213752196,1.5954445702178646
1771417150486,1.8860746502826804,-0.9659207098521102,1.6199613479085637
1771417150490,1.8788438367466298,-0.9751673769945343,1.6059585143229562
1771417150493,0.27027744662667785,-0.0003222796773110811,0.2702772544829592
1771417150497,1.8746186892098866,-0.9832204762433758,1.5960804256148067
1771417150501,0.8547799525873899,-0.275944895523758,0.8090137093892061
1771417150504,1.8684692337398932,-0.9812479732479786,1.5900722286831115
1771417150509,1.8739475786848518,-0.9562387031825642,1.6116100862784852
1771417150513,0.2700118690666197,8.404599908917332e-07,0.27001186906531166
1771417150516,0.2703220388590103,-0.00016488988013600334,0.270321988569594
1771417150520,1.8767244656299802,-0.9609729823030245,1.6120253246080738
1771417150524,1.8788438367466298,-0.9751673769945343,1.6059585143229562
1771417150529,1.8608794930684514,-0.9499206892482437,1.6001634828544358
1771417150532,0.27038795853000513,-0.00021965816554901695,0.2703878693068794
1771417150536,1.8637626016603295,-0.958346390348053,1.5984940511164054
1771417150540,1.8788438367466298,-0.9751673769945343,1.6059585143229562
1771417150544,1.8739475786848518,-0.9562387031825642,1.6116100862784852
1771417150547,0.42100817355088094,-0.06715004186934109,0.41561851988764215
1771417150551,1.8821508164961576,-0.9758698711437256,1.6094004133934727
1771417150555,1.8718423997944074,-0.9399386082728806,1.6187369713286117
1771417150560,1.869626556315662,-0.9667156947770877,1.6003012921173354
1771417150563,1.8637626016603295,-0.958346390348053,1.5984940511164054
1771417150567,1.8895990372082299,-0.9628790210274661,1.6258685408985125
1771417150572,1.8651329006658164,-0.9402353180558056,1.6108005102515273
1771417150575,1.8788438367466298,-0.9751673769945343,1.6059585143229562
1771417150580,1.877777818494516,-0.9474210344607367,1.6212473343359337
1771417150583,1.8821508164961576,-0.9758698711437256,1.6094004133934727
1771417150587,1.8806246233005397,-0.9513123599938131,1.6222680935922085
1771417150591,1.8821508164961576,-0.9758698711437256,1.6094004133934727
1771417150595,1.8767244656299802,-0.9609729823030245,1.6120253246080738
1771417150599,1.8718423997944074,-0.9399386082728806,1.6187369713286117
1771417150603,1.8773546228993017,-0.9939831313873525,1.5926261063535194
1771417150607,1.8684692337398932,-0.9812479732479786,1.5900722286831115
1771417150611,1.8806246233005397,-0.9513123599938131,1.6222680935922085
1771417150615,1.8651329006658164,-0.9402353180558056,1.6108005102515273
1771417150619,1.8821508164961576,-0.9758698711437256,1.6094004133934727
1771417150622,1.8662457062663536,-0.9655137293330464,1.5970774166041526
1771417150626,1.8806246233005397,-0.9513123599938131,1.6222680935922085
1771417150631,1.872383193332636,-0.9716656083213704,1.6005264034935447
1771417150635,1.8570424280653017,-0.9586390766142191,1.5904771926761192
1771417150639,1.873846072035124,-0.9967253386967432,1.5867695802734956
1771417150643,1.8788438367466298,-0.9751673769945343,1.6059585143229562
1771417150647,1.8813359699740608,-0.9837389866584072,1.603646668704341
1771417150651,1.8815955759598655,-0.9386565959142605,1.630743911967293
1771417150656,1.8780522698755933,-1.0220869205564356,1.5755693114592995
1771417150660,1.8860746502826804,-0.9659207098521102,1.6199613479085637
1771417150664,1.8927489764617735,-0.9607483345644923,1.630785493413725
1771417150668,1.8651329006658164,-0.9402353180558056,1.6108005102515273
1771417150671,0.2713670854796101,-0.0007879261462042492,0.2713659415882659
1771417150676,1.8856896928935198,-0.9727713933343257,1.615407513352359
1771417150679,1.872383193332636,-0.9716656083213704,1.6005264034935447
1771417150683,1.8889947414556205,-0.9276541316658581,1.645526950630177
1771417150687,1.8708416672400725,-0.9905586049267479,1.5870860701572518
1771417150692,1.8856896928935198,-0.9727713933343257,1.615407513352359
1771417150695,1.872383193332636,-0.9716656083213704,1.6005264034935447
1771417150699,1.8856896928935198,-0.9727713933343257,1.615407513352359
1771417150703,1.8662457062663536,-0.9655137293330464,1.5970774166041526
1771417150707,1.8767244656299802,-0.9609729823030245,1.6120253246080738
1771417150712,1.8813359699740608,-0.9837389866584072,1.603646668704341
1771417150716,1.8767244656299802,-0.9609729823030245,1.6120253246080738
1771417150720,1.888966399413663,-1.008331814249254,1.5973293368891168
1771417150724,1.8767244656299802,-0.9609729823030245,1.6120253246080738
1771417150728,1.8746186892098866,-0.9832204762433758,1.5960804256148067
1771417150732,1.8705626821138024,-0.9550854352008147,1.6083583429024928
1771417150736,1.1115355265959341,-0.3971030326586013,1.0381812983955367
1771417150740,1.884517989516938,-0.9416201109070632,1.6324091458786707
1771417150744,1.8806246233005397,-0.9513123599938131,1.6222680935922085
1771417150749,1.8856896928935198,-0.9727713933343257,1.615407513352359
1771417150753,1.8608794930684514,-0.9499206892482437,1.6001634828544358
1771417150756,1.8684692337398932,-0.9812479732479786,1.5900722286831115
1771417150760,0.2702183289422189,-7.036001922672785e-05,0.2702183197819735
1771417150763,0.2712813383690447,-0.0008117420059356836,0.27128012389818745
1771417150767,0.2699092778974349,-5.826786391245468e-05,0.2699092716080179
1771417150770,0.27039256769786935,-0.00022124919404568444,0.27039247717908316
1771417150774,1.8623556171817963,-0.9748387411445584,1.586838956420053
1771417150778,1.8860746502826804,-0.9659207098521102,1.6199613479085637
1771417150782,1.8744432714922648,-0.9456404230081715,1.6184257067952026
1771417150786,1.8637626016603295,-0.958346390348053,1.5984940511164054
1771417150790,1.8657304833143191,-0.9761102595026582,1.5900185526156405
1771417150794,1.8767244656299802,-0.9609729823030245,1.6120253246080738
1771417150798,1.872383193332636,-0.9716656083213704,1.6005264034935447
1771417150802,1.872383193332636,-0.9716656083213704,1.6005264034935447
1771417150805,1.889991887192326,-0.9559308367532307,1.630418832385433
1771417150809,1.8783201769559543,-0.9361334050448454,1.62841669578735
1771417150814,1.8908808988792696,-0.988668370138338,1.611820532079945
1771417150817,1.8705626821138024,-0.9550854352008147,1.6083583429024928
1771417150821,1.873846072035124,-0.9967253386967432,1.5867695802734956
1771417150825,1.8623556171817963,-0.9748387411445584,1.586838956420053
1771417150829,1.8821508164961576,-0.9758698711437256,1.6094004133934727
1771417150833,1.8680197014162334,-0.9486582614270461,1.6092063596398718
1771417150837,1.8806246233005397,-0.9513123599938131,1.6222680935922085
1771417150841,0.518353277583128,-0.12139741167385583,0.5039372865943338
1771417150845,1.8651329006658164,-0.9402353180558056,1.6108005102515273
1771417150849,1.8805528482006417,-1.0296945273736058,1.5735972150370605
1771417150852,1.8788438367466298,-0.9751673769945343,1.6059585143229562
1771417150856,1.2123819020731554,-0.44465609928466776,1.127896639698632
1771417150860,1.8744432714922648,-0.9456404230081715,1.6184257067952026
1771417150863,1.86666724470735,-0.9988299580540173,1.5769544436530625
1771417150868,1.8680197014162334,-0.9486582614270461,1.6092063596398718
1771417150871,1.869626556315662,-0.9667156947770877,1.6003012921173354
1771417150875,1.8783201769559543,-0.9361334050448454,1.62841669578735
1771417150878,0.27051850258839294,-0.00028522578089799563,0.2705183522220263
1771417150881,0.2704043287347955,-0.00023075345299813173,0.2704042302763758
1771417150884,0.27032165534669184,-0.0001636150390399941,0.2703216058318214
1771417150888,1.8746186892098866,-0.9832204762433758,1.5960804256148067
1771417150892,1.8662457062663536,-0.9655137293330464,1.5970774166041526
1771417150896,1.8684692337398932,-0.9812479732479786,1.5900722286831115
1771417150901,1.8794699926787515,-1.0047889208291199,1.5883345610918749
1771417150905,1.8662457062663536,-0.9655137293330464,1.5970774166041526
1771417150909,1.869626556315662,-0.9667156947770877,1.6003012921173354
1771417150913,1.8705626821138024,-0.9550854352008147,1.6083583429024928
1771417150916,0.2701183131261791,-4.847068484136315e-05,0.2701183087773305
1771417150920,1.8662457062663536,-0.9655137293330464,1.5970774166041526
1771417150924,1.8826765590527084,-0.9679942103553745,1.6147625939205494
1771417150928,1.8773546228993017,-0.9939831313873525,1.5926261063535194
1771417150932,1.8773546228993017,-0.9939831313873525,1.5926261063535194
1771417150935,1.8746186892098866,-0.9832204762433758,1.5960804256148067
1771417150939,1.8739475786848518,-0.9562387031825642,1.6116100862784852
1771417150943,1.8746186892098866,-0.9832204762433758,1.5960804256148067
1771417150947,1.875657113687553,-0.9312175267979432,1.628165693629197
1771417150950,0.2705167877607578,-0.0002851669793516449,0.2705166374554304
1771417150954,1.8739475786848518,-0.9562387031825642,1.6116100862784852
1771417150957,0.2713333260687054,-0.0008021653962310645,0.2713321403118022
1771417150961,0.2703884327690909,-0.00022061279955937977,0.27038834276891055
1771417150965,1.8813359699740608,-0.9837389866584072,1.603646668704341
1771417150969,1.872383193332636,-0.9716656083213704,1.6005264034935447
1771417150973,1.882255663653832,-1.0133409259215085,1.5861987741797894
1771417150977,1.8651329006658164,-0.9402353180558056,1.6108005102515273
1771417150981,1.8806246233005397,-0.9513123599938131,1.6222680935922085
1771417150985,0.2704370270839683,-0.00025321325377623024,0.2704369085407225
1771417150988,1.8684692337398932,-0.9812479732479786,1.5900722286831115
1771417150992,1.8783201769559543,-0.9361334050448454,1.62841669578735
1771417150996,1.8744432714922648,-0.9456404230081715,1.6184257067952026
1771417151000,1.8788438367466298,-0.9751673769945343,1.6059585143229562
1771417151004,1.875657113687553,-0.9312175267979432,1.628165693629197
1771417151008,1.8821508164961576,-0.9758698711437256,1.6094004133934727
1771417151012,1.8580280111449587,-0.9851290708214752,1.5753694182704285
1771417151015,1.896370165250385,-1.002847469729837,1.609508234246795
1771417151027,1.8918383470331326,-0.9721697533555064,1.6229412503124532
1771417151042,1.8918383470331326,-0.9721697533555064,1.6229412503124532
1771417151047,1.8641130205307856,-0.991845276168871,1.578340996570103
1771417151052,1.8773546228993017,-0.9939831313873525,1.5926261063535194
1771417151056,1.8718423997944074,-0.9399386082728806,1.6187369713286117
1771417151061,1.8856896928935198,-0.9727713933343257,1.615407513352359
1771417151065,1.8813359699740608,-0.9837389866584072,1.603646668704341
1771417151069,1.8662457062663536,-0.9655137293330464,1.5970774166041526
1771417151073,1.8895990372082299,-0.9628790210274661,1.6258685408985125
1771417151076,1.8889947414556205,-0.9276541316658581,1.645526950630177
1771417151080,1.8637626016603295,-0.958346390348053,1.5984940511164054
1771417151085,1.8739475786848518,-0.9562387031825642,1.6116100862784852
1771417151090,1.8918383470331326,-0.9721697533555064,1.6229412503124532
1771417151094,1.8773546228993017,-0.9939831313873525,1.5926261063535194
1771417151098,1.872383193332636,-0.9716656083213704,1.6005264034935447
1771417151102,1.8860746502826804,-0.9659207098521102,1.6199613479085637
1771417151105,1.8599222631474088,-0.9670665848698026,1.5887394516973625
1771417151110,1.8856896928935198,-0.9727713933343257,1.615407513352359
1771417151113,1.8739475786848518,-0.9562387031825642,1.6116100862784852
1771417151117,1.872383193332636,-0.9716656083213704,1.6005264034935447
1771417151121,1.872383193332636,-0.9716656083213704,1.6005264034935447
1771417151125,1.8982722678759745,-1.0573169894579657,1.576552690775205
1771417151128,0.27016031643619537,-7.008186253013635e-05,0.2701603073462824
1771417151132,1.8939207515267305,-1.0327394126012606,1.587572083000825
1771417151136,1.8594006141765824,-0.929676018582975,1.6103021904201584
1771417151140,1.8708988600687195,-0.9468614038766364,1.6136034291160886
1771417151144,1.8623378426952404,-0.8919088635825844,1.6348702760150682
1771417151147,1.8724592941178686,-0.9313815568465206,1.6243867161776897
1771417151151,0.3089803140435072,-0.014979672549170401,0.30861698572298957
1771417151155,1.8778396178518029,-0.9442122352990575,1.623189725535916
1771417151160,0.2700697786071294,-3.6242058951889536e-05,0.2700697761753748
1771417151163,1.8670885617452169,-0.9164435418306264,1.6266993981792577
1771417151168,1.4164942207893754,-0.5636943949106071,1.2995016378119977
1771417151171,0.2701158601619024,-4.786288768964094e-05,0.2701158559213961
1771417151175,0.27001972698220383,-0.00018106398681577032,0.27001966627521146
1771417151178,0.2699950001871448,-1.4345403533834778e-06,0.2699950001833338
1771417151182,0.27003637467345554,2.7564568163084365e-05,0.270036373266598
1771417151186,0.26987161543645005,-9.648739675327582e-05,0.2698715981878446
1771417151189,0.26991039179042603,-4.020374443994217e-05,0.2699103887962081
1771417151194,1.8567963072533302,-0.9192776409890122,1.61326412760195
1771417151197,1.8734853287476012,-0.9535365303982836,1.6126733588140254
1771417151201,0.27027722039736485,-0.0001310585511590319,0.270277188621944
1771417151205,0.2700481449111451,2.4361263102851144e-05,0.2700481438123204
1771417151208,0.27043925651043443,-0.00025564140481500273,0.27043913568377764
1771417151212,1.8612919431861679,-0.944986869546151,1.6035608857025376
1771417151216,1.8494815708280459,-0.9316316443389823,1.5976997715775076
1771417151219,0.2705231960236432,-0.00028521443536283665,0.27052304567184726
1771417151223,1.8696428395731757,-0.9230743297993211,1.6258837994250332
1771417151226,0.2703985461229492,-0.0002296984034491149,0.27039844856072703
1771417151229,0.2703055673642344,-0.00015490283451856542,0.2703055229794843
1771417151232,0.2713351908574046,-0.0008017968329258988,0.2713340061980121
1771417151237,1.8696428395731757,-0.9230743297993211,1.6258837994250332
1771417151240,0.27132807866789993,-0.0008042050369788871,0.27132688685029466
1771417151243,0.27134996306515186,-0.0007962979973714654,0.2713487946628078
1771417151247,1.8683921286446834,-0.9390152690213152,1.6152830931221434
1771417151250,0.27000168612064424,-1.7416727817844898e-06,0.27000168611502684
1771417151253,0.271356636048012,-0.0007934604077891828,0.2713554759865268
1771417151257,1.8724592941178686,-0.9313815568465206,1.6243867161776897
1771417151260,0.2704340051785438,-0.000252411468454815,0.2704338873835142
1771417151263,0.27135399716103376,-0.0007944668668253808,0.2713528341434226
1771417151267,1.8610227110765367,-0.9097408564561137,1.623507654813232
1771417151271,0.2703170052627039,-0.0001629143015061806,0.2703169561702097
1771417151273,0.27136649493625253,-0.0007882986391585444,0.27136534996060696
1771417151277,1.8554529857116677,-0.9400831188580822,1.5996716887612918
1771417151281,1.8594006141765824,-0.929676018582975,1.6103021904201584
1771417151285,1.8785277109432,-0.9777459379114051,1.6040197136192702
1771417151289,1.847198183002586,-0.9166565660398522,1.6037087850429959
1771417151293,1.8724592941178686,-0.9313815568465206,1.6243867161776897
1771417151296,0.27129973519707873,-0.0008101478787431414,0.271298525573619
1771417151299,0.2713027616224333,-0.0008100171347640971,0.27130155240285714
1771417151304,1.853292610946613,-0.923111051381142,1.6070343769214512
1771417151307,0.27128312459300563,-0.0008117813665845415,0.27128191001236535
1771417151309,0.2713274161802942,-0.0008045773557465627,0.2713262232559787
1771417151313,1.8706919449549042,-0.9093952385243752,1.6347748019431783
1771417151318,1.8529846853912912,-0.9278540599204739,1.603944851852381
1771417151321,1.8708988600687195,-0.9468614038766364,1.6136034291160886
1771417151326,1.8529846853912912,-0.9278540599204739,1.603944851852381
1771417151329,1.8648010682112162,-0.9013818482609284,1.6324808689927748
1771417151333,1.8554529857116677,-0.9400831188580822,1.5996716887612918
1771417151336,0.271375245371045,-0.0007832156916340134,0.2713741151498707
1771417151339,0.27135790558192696,-0.0007927577774221083,0.27135674757948497
1771417151343,1.8683921286446834,-0.9390152690213152,1.6152830931221434
1771417151347,1.8567963072533302,-0.9192776409890122,1.61326412760195
1771417151351,1.8594006141765824,-0.929676018582975,1.6103021904201584
1771417151355,1.8670885617452169,-0.9164435418306264,1.6266993981792577
1771417151359,1.8706919449549042,-0.9093952385243752,1.6347748019431783
1771417151362,0.27051534511162495,-0.00028515783969694573,0.2705151948151305
1771417151366,1.8637893270394668,-0.9179406417127257,1.6220652372448705
1771417151370,1.8594006141765824,-0.929676018582975,1.6103021904201584
1771417151373,0.27135349425480093,-0.000794869826101185,0.27135233005494874
1771417151378,1.8627106235128104,-0.9278248404899827,1.6151878938121165
1771417151381,1.8724592941178686,-0.9313815568465206,1.6243867161776897
1771417151385,1.8670885617452169,-0.9164435418306264,1.6266993981792577
1771417151390,1.8623378426952404,-0.8919088635825844,1.6348702760150682
1771417151393,1.8637893270394668,-0.9179406417127257,1.6220652372448705
1771417151397,1.8677271091091086,-0.9074587750976001,1.632459226320655
1771417151401,1.8724592941178686,-0.9313815568465206,1.6243867161776897
1771417151404,1.875310022466404,-0.9349959694055164,1.6255984182935168
1771417151408,1.8582804031862652,-0.9857559501294456,1.5752749803289907
1771417151412,1.8716622942056707,-0.896915672122757,1.642760487914114
1771417151416,1.875310022466404,-0.9349959694055164,1.6255984182935168
1771417151419,1.8610227110765367,-0.9097408564561137,1.623507654813232
1771417151423,1.8670885617452169,-0.9164435418306264,1.6266993981792577
1771417151427,1.8677271091091086,-0.9074587750976001,1.632459226320655
1771417151431,1.8708988600687195,-0.9468614038766364,1.6136034291160886
1771417151436,1.8598030527509788,-0.8834761086200448,1.6365626662365982
1771417151440,1.8627106235128104,-0.9278248404899827,1.6151878938121165
1771417151444,1.8652536236882744,-0.9346065234547556,1.6142124169383825
1771417151448,1.8494815708280459,-0.9316316443389823,1.5976997715775076
1771417151453,1.8877515371295959,-0.8997897283465338,1.6595132752398285
1771417151456,1.8648010682112162,-0.9013818482609284,1.6324808689927748
1771417151460,1.8587583559999723,-0.9380724686230127,1.6046814854080065
1771417151464,1.8610227110765367,-0.9097408564561137,1.623507654813232
1771417151468,1.8734853287476012,-0.9535365303982836,1.6126733588140254
1771417151472,1.8734853287476012,-0.9535365303982836,1.6126733588140254
1771417151477,1.8648346012583434,-0.9459759202421099,1.607089807189523
1771417151481,1.8877515371295959,-0.8997897283465338,1.6595132752398285
1771417151484,1.8670885617452169,-0.9164435418306264,1.6266993981792577
1771417151489,1.8615698721998901,-0.9810182976530981,1.5821016050659111
1771417151492,1.8529846853912912,-0.9278540599204739,1.603944851852381
1771417151496,1.8793722172131606,-0.9627863391356708,1.6140267643401842
1771417151500,0.7364272773465707,-0.21294973266527092,0.7049663440036499
1771417151504,1.8734853287476012,-0.9535365303982836,1.6126733588140254
1771417151508,1.8610227110765367,-0.9097408564561137,1.623507654813232
1771417151512,1.8708988600687195,-0.9468614038766364,1.6136034291160886
1771417151516,0.2703872531991248,-0.0005633581134401777,0.27038666631363995
1771417151520,1.8670885617452169,-0.9164435418306264,1.6266993981792577
1771417151524,1.8708988600687195,-0.9468614038766364,1.6136034291160886
1771417151527,0.27036387321311706,-0.0002025697487763351,0.2703637973255578
1771417151531,0.2701326163582902,-5.479231566668737e-05,0.2701326108013939
1771417151534,0.00046561164649661676,-0.00015916178119199976,-0.0004375634042754037
1771417151537,0.0006949826113323351,0.0004058493144288878,-0.0005641694462055822
1771417151540,1.3026830925645842e-05,-6.486039523863918e-06,1.129732779290032e-05
1771417151543,0.0030307171633987113,-0.0003953851870806288,0.003004815647981877
1771417151546,0.001136739865823915,0.0006370191547460128,-0.0009414797496707233
1771417151549,0.001136739865823915,0.0006370191547460128,-0.0009414797496707233
1771417151552,0.2697974655356344,-0.00016802412997464136,0.2697974132147
1771417151555,0.27119088632088256,-0.0003184523180782472,0.27119069934573153
1771417151558,0.0013423962386311416,0.0008016720838189906,-0.0010767309466697583
1771417151561,0.0005088053623155905,0.00027061217414024415,-0.0004308734709032217
1771417151564,0.0007106440502649882,-0.0005344404643124071,0.0004683891077753258
1771417151566,0.001433098611896552,0.0008644228438617753,-0.0011430418970579097
1771417151569,0.0013947540366939213,0.0008348426479283617,-0.0011173077356189521
1771417151573,0.004028504608790202,-2.1050553055731525e-05,0.004028449609621541
1771417151576,0.2713820110931337,-0.0007783693025112796,0.2713808948437282
1771417151578,0.2705218967798527,-0.0002848576896183608,0.2705217468032209
1771417151582,0.2698827470837073,6.29620478266576e-05,0.2698827397393706
1771417151585,1.2739097181068655,-0.5109698650122444,1.1669429150290438
1771417151588,0.00019710861834947016,0.0001284287805478568,-0.00014952543514274596
1771417151592,0.00016607136682164544,8.916217842157759e-05,-0.0001401064053394001
1771417151595,0.2699263390622023,-2.258932537305193e-05,0.2699263381169859
1771417151598,0.2713761025452685,-0.0007824241891647311,0.27137497461086624
1771417151602,1.8989016140004331,-1.0057769997402053,1.6106644487437602
1771417151606,0.270060232187092,-2.511076378187797e-05,0.2700602310196664
1771417151610,1.6390682425557515,-0.7464020411032344,1.45925621355255
1771417151613,1.904939776648543,-1.0520309028814923,1.5880889559593798
1771417151617,0.9497550542007506,-0.32995479915390347,0.8905978292670479
1771417151621,1.889441511430986,-1.040317015640535,1.5772538578451407
1771417151625,0.27008741953194754,-3.4793946072159e-05,0.2700874172907867
1771417151629,1.5378229091514337,-0.666655185533111,1.3858102913143602
1771417151632,0.2705184650374703,-0.0002849561087986288,0.2705183149552819
1771417151635,0.2713423691734041,-0.0007985112033486114,0.27134119423429615
1771417151639,1.88318276724468,-1.0401443248161364,1.5698653185544655
1771417151642,0.27137953483950333,-0.000780108553113279,0.2713784135858093
1771417151646,0.26996979439681207,1.6084609088875098e-05,0.26996979391765724
1771417151650,1.9114813758434703,-1.053146847898211,1.595193645598712
1771417151653,0.2700236242761431,-1.5507784348924035e-05,0.2700236238308277
1771417151657,0.2713102488292493,-0.0008067388698598829,0.2713090494107873
1771417151661,1.8855237015714084,-1.049586824536053,1.5663866466961056
1771417151663,0.2713439417311925,-0.000797939867587371,0.27134276847962707
1771417151667,1.8700253369202107,-0.9967357089285457,1.5822492494137126
1771417151671,1.8912634187386301,-1.022596742677696,1.5909661281510354
1771417151676,1.8799267502888557,-0.9987805965928649,1.5926587538833354
1771417151680,1.9024816739097867,-1.0435549248196418,1.5907324220142292
1771417151685,1.8721293044327276,-1.0516432271119391,1.548843005402857
1771417151689,1.887012675806129,-1.0318600243656686,1.5798992780456254
1771417151692,1.903274477396444,-1.071992298469739,1.5726685119027064
1771417151696,1.8823569801924636,-1.0084561949288637,1.5894287979613584
1771417151700,1.8936055177584503,-1.1077428856836176,1.5357889034963694
1771417151704,0.2703871621306308,-0.00021461617985523622,0.2703870769562617
1771417151708,1.8998788734243903,-1.0377977236101203,1.5913879535028481
1771417151712,1.8886979823172692,-1.0114801269394407,1.5950197557447043
1771417151716,1.8955839435115247,-1.0475767688032782,1.579816888238123
1771417151720,1.8998788734243903,-1.0377977236101203,1.5913879535028481
1771417151724,1.889441511430986,-1.040317015640535,1.5772538578451407
1771417151729,1.9064424691288802,-1.033525304411257,1.6019826257609164
1771417151732,0.27131072650557714,-0.0008066616113807236,0.2713095273189439
1771417151737,1.9024816739097867,-1.0435549248196418,1.5907324220142292
1771417151740,1.889441511430986,-1.040317015640535,1.5772538578451407
1771417151744,1.8999353783940789,-1.0320497058804579,1.5951889689518017
1771417151748,1.8727682318115069,-1.0431406505275622,1.5553515465319512
1771417151752,1.9075991738392601,-1.0620645042426662,1.5845988756969405
1771417151755,1.887012675806129,-1.0318600243656686,1.5798992780456254
1771417151759,1.8999353783940789,-1.0320497058804579,1.5951889689518017
1771417151763,1.887012675806129,-1.0318600243656686,1.5798992780456254
1771417151767,1.8807313304884488,-1.0274909106499632,1.575250064596907
1771417151772,1.9024816739097867,-1.0435549248196418,1.5907324220142292
1771417151776,1.8769580980548295,-1.0349552211863047,1.5658350462270316
1771417151780,1.8917123696069391,-1.056335781593728,1.5693088943380997
1771417151784,1.882748518555771,-1.0027430512509743,1.5935019163125712
1771417151787,1.9075991738392601,-1.0620645042426662,1.5845988756969405
1771417151791,1.8862246996644336,-0.9994691992561449,1.5996577563224152
1771417151795,1.8918009642579605,-1.0501967094601523,1.5735303491850474
1771417151799,1.8976789637864284,-1.0208177203987046,1.5997239234685232
1771417151803,1.896558159364969,-1.0726571261902944,1.5640778565937878
1771417151807,1.9005869930970767,-1.062323057720479,1.575976090987804
1771417151811,1.9005869930970767,-1.062323057720479,1.575976090987804
1771417151815,1.0084427958502609,-0.34852123194198026,0.9463032407151183
1771417151819,1.8998788734243903,-1.0377977236101203,1.5913879535028481
1771417151823,0.27011495268038616,-4.215629414343707e-05,0.27011494939076236
1771417151827,0.2706494710008785,-0.0006901347045443558,0.27064859110504336
1771417151832,1.9130609680039878,-1.0766218623089032,1.5813562637492111
1771417151836,0.2700429683289555,-1.0659776108634168e-05,0.27004296811856154
1771417151840,1.9024816739097867,-1.0435549248196418,1.5907324220142292
1771417151844,0.27010311068109527,-4.115216724686924e-05,0.2701031075461797
1771417151848,1.8912634187386301,-1.022596742677696,1.5909661281510354
1771417151852,0.7789411730518083,-0.2495096217328509,0.7378985700880961
1771417151855,1.8943586782639885,-0.9805257839345598,1.6208528585141844
1771417151860,1.917523469131404,-1.0604339727115717,1.5976157373376392
1771417151864,1.8799267502888557,-0.9987805965928649,1.5926587538833354
1771417151868,1.894179211846531,-1.0635954715157567,1.567379838955038
1771417151871,0.2704108186074327,-0.00023232173338508472,0.27041071880854517
1771417151875,0.2704173132574918,-0.0002377303606450955,0.2704172087602342
1771417151879,0.27044900423182566,-0.00025849982452694133,0.2704488806925013
1771417151882,0.2704183843370338,-0.0002379180155538097,0.27041827967515364
1771417151886,1.895737084875576,-1.00171944068504,1.6094648977614259
1771417151890,1.8960845908092383,-1.0406773151428677,1.5849692429985098
1771417151894,0.2713518600354617,-0.0007949135986993925,0.27135069570037107
1771417151897,1.8912634187386301,-1.022596742677696,1.5909661281510354
1771417151901,1.8937827673551444,-1.0300424040112288,1.589158839093839
1771417151905,1.887012675806129,-1.0318600243656686,1.5798992780456254
1771417151910,1.8998788734243903,-1.0377977236101203,1.5913879535028481
1771417151914,1.8849244937938114,-1.019104417923801,1.58567541844857
1771417151919,1.908859388135418,-1.0426482024899086,1.5989461809320804
1771417151923,1.88318276724468,-1.0401443248161364,1.5698653185544655
1771417151926,0.27137162391704583,-0.0007849957454422324,0.2713704885374498
1771417151930,1.88318276724468,-1.0401443248161364,1.5698653185544655
1771417151934,1.8955839435115247,-1.0475767688032782,1.579816888238123
1771417151938,1.8918009642579605,-1.0501967094601523,1.5735303491850474
1771417151944,1.9024816739097867,-1.0435549248196418,1.5907324220142292
1771417151948,1.9024816739097867,-1.0435549248196418,1.5907324220142292
1771417151953,1.887729613328551,-1.022907306584905,1.5865634986261268
1771417151957,1.880042716337387,-1.035586038941301,1.5691150917645038
1771417151962,1.8955839435115247,-1.0475767688032782,1.579816888238123
1771417151966,1.9024816739097867,-1.0435549248196418,1.5907324220142292
1771417151970,0.2699377820340745,-0.00012372042890800017,0.26993775368171635
1771417151974,1.9005869930970767,-1.062323057720479,1.575976090987804
1771417151978,1.889441511430986,-1.040317015640535,1.5772538578451407
1771417151981,0.2704404672789541,-0.00025261969298511204,0.27044034929231575
1771417151985,0.2701684345439178,-7.450822761199034e-05,0.27016842426981585
1771417151989,1.8981010581598912,-1.0543021392123435,1.5783645416189425
1771417151993,1.8976789637864284,-1.0208177203987046,1.5997239234685232
1771417151998,1.9024816739097867,-1.0435549248196418,1.5907324220142292
1771417152003,1.8839371282203619,-1.0265424546398942,1.579692910634559
1771417152007,1.8807313304884488,-1.0274909106499632,1.575250064596907
1771417152011,1.8937827673551444,-1.0300424040112288,1.589158839093839
1771417152015,1.9188514211510173,-1.0829418946902312,1.5840541749504689
1771417152019,1.889441511430986,-1.040317015640535,1.5772538578451407
1771417152023,1.8937827673551444,-1.0300424040112288,1.589158839093839
1771417152027,1.8998788734243903,-1.0377977236101203,1.5913879535028481
1771417152031,1.889441511430986,-1.040317015640535,1.5772538578451407
1771417152035,1.895737084875576,-1.00171944068504,1.6094648977614259
1771417152038,0.2704310450797291,-0.0002473731844289061,0.27043093193904816
1771417152043,1.9037818103723523,-1.0233672010639165,1.6053363365012443
1771417152047,1.8916036978807333,-1.013921439282144,1.5969119777871572
1771417152051,1.8807313304884488,-1.0274909106499632,1.575250064596907
1771417152053,0.2713682544909713,-0.000786888958048577,0.2713671136140934
1771417152057,0.27041119184896073,-0.00023117651697954612,0.27041109303169025
1771417152061,0.2700369190328929,-1.575231278808828e-05,0.2700369185734458
1771417152065,0.2699724395888048,1.4688658123337855e-05,0.2699724391892146
1771417152068,0.2713247539425362,-0.00080380059550254,0.27132356330879276
1771417152072,1.8855237015714084,-1.049586824536053,1.5663866466961056
1771417152077,1.896558159364969,-1.0726571261902944,1.5640778565937878
1771417152079,0.2713349693351346,-0.0008006803845009873,0.2713337879716058
1771417152083,1.8999353783940789,-1.0320497058804579,1.5951889689518017
1771417152087,1.8937827673551444,-1.0300424040112288,1.589158839093839
1771417152091,0.2705210179762282,-0.0002849993611262258,0.2705208678498924
1771417152094,1.877221500807067,-1.0692252355687242,1.5429575362644763
1771417152097,0.27137758411895424,-0.0007813535352604365,0.27137645927547405
1771417152102,1.8976789637864284,-1.0208177203987046,1.5997239234685232
1771417152106,1.8981010581598912,-1.0543021392123435,1.5783645416189425
1771417152110,1.887012675806129,-1.0318600243656686,1.5798992780456254
1771417152113,0.2713055727564076,-0.0008078977108634975,0.2713043698689189
1771417152117,0.2704183573525047,-0.00023848582063684893,0.27041825219045457
1771417152120,0.2705207547161915,-0.0002848615998809922,0.270520604734809
1771417152125,1.8799267502888557,-0.9987805965928649,1.5926587538833354
1771417152129,1.887012675806129,-1.0318600243656686,1.5798992780456254
1771417152134,1.9024816739097867,-1.0435549248196418,1.5907324220142292
1771417152137,0.2713597152508511,-0.0007913570596035694,0.2713585613446298
1771417152141,1.8981010581598912,-1.0543021392123435,1.5783645416189425
1771417152145,1.8874038454709676,-1.0660187391107487,1.5575292368887736
1771417152150,1.9024816739097867,-1.0435549248196418,1.5907324220142292
1771417152154,1.8918009642579605,-1.0501967094601523,1.5735303491850474
1771417152158,1.887941479775254,-1.0587001863630061,1.5631624824217452
1771417152163,1.8981010581598912,-1.0543021392123435,1.5783645416189425
1771417152167,1.887012675806129,-1.0318600243656686,1.5798992780456254
1771417152171,1.9105276122079162,-1.0647924024472915,1.5862953371612132
1771417152176,1.8917123696069391,-1.056335781593728,1.5693088943380997
1771417152180,0.5831249322488257,-0.151900866813924,0.562992729323724
1771417152184,1.908859388135418,-1.0426482024899086,1.5989461809320804
1771417152188,1.8717314476901186,-1.0178146414904037,1.5708061522160868
1771417152192,1.8917123696069391,-1.056335781593728,1.5693088943380997
1771417152197,1.8955839435115247,-1.0475767688032782,1.579816888238123
1771417152201,1.8756191947558964,-1.0087912762312463,1.5812297507751651
1771417152205,1.9024816739097867,-1.0435549248196418,1.5907324220142292
1771417152209,1.8960845908092383,-1.0406773151428677,1.5849692429985098
1771417152213,1.895084665226515,-1.0142096799119724,1.6008512153068901
1771417152218,1.8998788734243903,-1.0377977236101203,1.5913879535028481
1771417152222,1.889441511430986,-1.040317015640535,1.5772538578451407
1771417152226,1.8960845908092383,-1.0406773151428677,1.5849692429985098
1771417152230,1.878047954609908,-1.0184533193075924,1.5779153830943553
1771417152234,1.8937827673551444,-1.0300424040112288,1.589158839093839
1771417152238,0.2701149420416095,-4.645009261796266e-05,0.2701149380477336
1771417152242,1.895084665226515,-1.0142096799119724,1.6008512153068901
1771417152246,1.8918009642579605,-1.0501967094601523,1.5735303491850474
1771417152250,1.895084665226515,-1.0142096799119724,1.6008512153068901
1771417152254,1.9075991738392601,-1.0620645042426662,1.5845988756969405
1771417152257,1.8989016140004331,-1.0057769997402053,1.6106644487437602
1771417152261,1.8999353783940789,-1.0320497058804579,1.5951889689518017
1771417152265,1.880042716337387,-1.035586038941301,1.5691150917645038
1771417152270,1.90759139966664,-1.0200799480855125,1.6119372964219139
1771417152274,1.8918009642579605,-1.0501967094601523,1.5735303491850474
1771417152279,1.889847764609384,-1.0734721272627408,1.5553720343985524
1771417152282,1.889441511430986,-1.040317015640535,1.5772538578451407
1771417152286,1.8750848917345038,-1.0574600994091148,1.5484577777158346
1771417152290,1.9143344355212282,-1.0565957935257968,1.5963338185122717
1771417152293,0.27137111542387415,-0.0007852871660525736,0.27136997919899775
1771417152297,0.699599477756146,-0.2110500048261973,0.667006240405241
1771417152301,1.88318276724468,-1.0401443248161364,1.5698653185544655
1771417152305,1.887941479775254,-1.0587001863630061,1.5631624824217452
1771417152308,1.889441511430986,-1.040317015640535,1.5772538578451407
1771417152312,1.8769580980548295,-1.0349552211863047,1.5658350462270316
1771417152317,1.9064424691288802,-1.033525304411257,1.6019826257609164
1771417152321,1.887729613328551,-1.022907306584905,1.5865634986261268
1771417152326,1.904939776648543,-1.0520309028814923,1.5880889559593798
1771417152330,1.8855237015714084,-1.049586824536053,1.5663866466961056
1771417152334,1.8976789637864284,-1.0208177203987046,1.5997239234685232
1771417152337,1.887012675806129,-1.0318600243656686,1.5798992780456254
1771417152342,1.887012675806129,-1.0318600243656686,1.5798992780456254
1771417152346,1.9064424691288802,-1.033525304411257,1.6019826257609164
1771417152350,0.27138145085718685,-0.0007788967454460749,0.27138033309215986
1771417152353,0.2703987048747676,-0.00022220761056938128,0.27039861357212885
1771417152357,0.2699872575584172,-6.563715489636998e-06,0.2699872574786313
1771417152360,0.27135099181218364,-0.0007951831601273767,0.27134982668355917
1771417152363,0.2713452403289556,-0.0007976664443625847,0.2713440678869214
1771417152367,1.903274477396444,-1.071992298469739,1.5726685119027064
1771417152372,1.872744124646703,-1.00554278059194,1.579890588869424
1771417152375,0.2713745642937471,-0.0007831479566274245,0.271373434265219
1771417152379,1.8918009642579605,-1.0501967094601523,1.5735303491850474
1771417152383,1.8998788734243903,-1.0377977236101203,1.5913879535028481
1771417152390,1.8989016140004331,-1.0057769997402053,1.6106644487437602
1771417152396,0.27133083878386277,-0.0008023474428376551,0.2713296524778217
1771417152411,0.27133083878386277,-0.0008023474428376551,0.2713296524778217
1771417152415,0.27039695310879397,-0.00022082128054800752,0.27039686294127263
1771417152421,0.2701313950745396,-5.778434735472722e-05,0.27013138889415683
1771417152425,0.27045555505175817,-0.0002619733293214723,0.2704554281731637
1771417152428,0.2703907432926921,-0.00021747558554308316,0.27039065583474625
1771417152432,1.903274477396444,-1.071992298469739,1.5726685119027064
1771417152436,1.8918009642579605,-1.0501967094601523,1.5735303491850474
1771417152440,1.8918009642579605,-1.0501967094601523,1.5735303491850474
1771417152444,1.889441511430986,-1.040317015640535,1.5772538578451407
1771417152448,1.8807313304884488,-1.0274909106499632,1.575250064596907
1771417152452,1.904939776648543,-1.0520309028814923,1.5880889559593798
1771417152456,1.8918009642579605,-1.0501967094601523,1.5735303491850474
1771417152460,1.887941479775254,-1.0587001863630061,1.5631624824217452
1771417152464,1.887729613328551,-1.022907306584905,1.5865634986261268
1771417152469,1.8976789637864284,-1.0208177203987046,1.5997239234685232
1771417152472,0.27136175356279935,-0.0007902819671801275,0.2713606027983609
1771417152476,1.895084665226515,-1.0142096799119724,1.6008512153068901
1771417152480,1.9024816739097867,-1.0435549248196418,1.5907324220142292
1771417152484,1.8960845908092383,-1.0406773151428677,1.5849692429985098
1771417152488,1.8960845908092383,-1.0406773151428677,1.5849692429985098
1771417152492,1.8886979823172692,-1.0114801269394407,1.5950197557447043
1771417152496,1.8955839435115247,-1.0475767688032782,1.579816888238123
1771417152501,1.9037381234508783,-1.0289564619167268,1.6017076643882562
1771417152505,1.880042716337387,-1.035586038941301,1.5691150917645038
1771417152510,1.8917123696069391,-1.056335781593728,1.5693088943380997
1771417152514,1.889441511430986,-1.040317015640535,1.5772538578451407
1771417152518,1.8999353783940789,-1.0320497058804579,1.5951889689518017
1771417152523,1.9064424691288802,-1.033525304411257,1.6019826257609164
1771417152527,1.895737084875576,-1.00171944068504,1.6094648977614259
1771417152532,1.887729613328551,-1.022907306584905,1.5865634986261268
1771417152536,1.9020389185126414,-1.0870002435274964,1.5608275106839649
1771417152540,1.887012675806129,-1.0318600243656686,1.5798992780456254
1771417152545,1.9024816739097867,-1.0435549248196418,1.5907324220142292
1771417152549,1.9114813758434703,-1.053146847898211,1.595193645598712
1771417152552,1.8918009642579605,-1.0501967094601523,1.5735303491850474
1771417152556,0.27012228927695625,-4.417993490388879e-05,0.27012228566402474
1771417152561,1.894179211846531,-1.0635954715157567,1.567379838955038
1771417152565,1.8960845908092383,-1.0406773151428677,1.5849692429985098
1771417152570,1.8955839435115247,-1.0475767688032782,1.579816888238123
1771417152574,1.9037381234508783,-1.0289564619167268,1.6017076643882562
1771417152578,1.8981010581598912,-1.0543021392123435,1.5783645416189425
1771417152582,1.9015645785259747,-1.0116151100006812,1.6101499046743992
1771417152587,1.908859388135418,-1.0426482024899086,1.5989461809320804
1771417152591,1.8900828112290877,-0.9904915178597231,1.6097638293711265
1771417152596,0.2856398548198748,-0.006115645469089303,0.2855743783010226
1771417152599,0.2703919868348911,-0.00021771849248076926,0.2703918991818689
1771417152602,0.2713354782406809,-0.0008008143178501849,0.2713342964841108
1771417152606,1.8955839435115247,-1.0475767688032782,1.579816888238123
1771417152610,1.876046873419965,-1.042550152241567,1.559692614373073
1771417152614,1.9075991738392601,-1.0620645042426662,1.5845988756969405
1771417152618,1.876046873419965,-1.042550152241567,1.559692614373073
1771417152622,1.9037818103723523,-1.0233672010639165,1.6053363365012443
1771417152626,1.895084665226515,-1.0142096799119724,1.6008512153068901
1771417152630,1.8960845908092383,-1.0406773151428677,1.5849692429985098
1771417152635,1.9024816739097867,-1.0435549248196418,1.5907324220142292
1771417152639,0.2701232397490055,-5.026827282993342e-05,0.2701232350716973
1771417152643,0.27042871510075733,-0.0002446550265227034,0.2704286044318622
1771417152647,1.8717314476901186,-1.0178146414904037,1.5708061522160868
1771417152652,0.2700140818805314,-6.113710014992174e-06,0.2700140818113175
1771417152656,1.889441511430986,-1.040317015640535,1.5772538578451407
1771417152659,0.27135837828669396,-0.0007920643909341911,0.2713572223110804
1771417152664,1.9083592160942644,-1.0930875762482128,1.5642872013488198
1771417152668,1.8769580980548295,-1.0349552211863047,1.5658350462270316
1771417152671,0.2713780742523285,-0.0007810458738752193,0.27137695029652986
1771417152675,1.8998788734243903,-1.0377977236101203,1.5913879535028481
1771417152679,0.27037204326376035,-0.00020144948252916932,0.2703719682155062
1771417152683,0.2704287420521938,-0.00024528033926825006,0.2704286308168703
1771417152687,1.8839371282203619,-1.0265424546398942,1.579692910634559
1771417152690,1.876046873419965,-1.042550152241567,1.559692614373073
1771417152695,1.880042716337387,-1.035586038941301,1.5691150917645038
1771417152699,1.8960845908092383,-1.0406773151428677,1.5849692429985098
1771417152703,0.27042094959851465,-0.0002397754423841893,0.2704208432970721
1771417152707,1.8917123696069391,-1.056335781593728,1.5693088943380997
1771417152711,1.8918009642579605,-1.0501967094601523,1.5735303491850474
1771417152715,1.8839371282203619,-1.0265424546398942,1.579692910634559
1771417152719,0.2705191472089334,-0.0002849311581198758,0.27051899715340455
1771417152723,1.8756191947558964,-1.0087912762312463,1.5812297507751651
1771417152727,1.8955839435115247,-1.0475767688032782,1.579816888238123
1771417152731,1.889441511430986,-1.040317015640535,1.5772538578451407
1771417152735,1.8836486753373298,-1.0680742334814037,1.5515636512477304
1771417152739,1.895084665226515,-1.0142096799119724,1.6008512153068901
1771417152743,1.895737084875576,-1.00171944068504,1.6094648977614259
1771417152748,1.9024816739097867,-1.0435549248196418,1.5907324220142292
1771417152752,1.8976789637864284,-1.0208177203987046,1.5997239234685232
1771417152756,1.889441511430986,-1.040317015640535,1.5772538578451407
1771417152760,1.887729613328551,-1.022907306584905,1.5865634986261268
1771417152764,1.887012675806129,-1.0318600243656686,1.5798992780456254
1771417152769,1.8981010581598912,-1.0543021392123435,1.5783645416189425
1771417152772,1.272762431394274,-0.48938508774565925,1.1749155044771677
1771417152777,1.9005869930970767,-1.062323057720479,1.575976090987804
1771417152780,0.27040483504750673,-0.0002270000246629584,0.2704047397662588
1771417152784,1.8976789637864284,-1.0208177203987046,1.5997239234685232
1771417152788,1.8918009642579605,-1.0501967094601523,1.5735303491850474
1771417152793,1.9064424691288802,-1.033525304411257,1.6019826257609164
1771417152796,0.2704260898723819,-0.0002439689769384378,0.2704259798222129
1771417152800,1.8839371282203619,-1.0265424546398942,1.579692910634559
1771417152804,0.27032599273230645,-0.00016425118187021737,0.270325942832456
1771417152807,1.887012675806129,-1.0318600243656686,1.5798992780456254
1771417152811,0.27046273594119724,-0.00026669790032006686,0.27046260444842973
1771417152814,0.27043352905013507,-0.00024855403548048336,0.270433414827757
1771417152817,0.2700520772768069,-2.2417932372188603e-05,0.2700520763463129
1771417152820,0.2713172090010048,-0.0008058586409237858,0.2713160122291823
1771417152824,1.8960845908092383,-1.0406773151428677,1.5849692429985098
1771417152828,1.876046873419965,-1.042550152241567,1.559692614373073
1771417152833,1.9024816739097867,-1.0435549248196418,1.5907324220142292
1771417152836,1.889441511430986,-1.040317015640535,1.5772538578451407
1771417152840,1.887012675806129,-1.0318600243656686,1.5798992780456254
1771417152845,1.9024816739097867,-1.0435549248196418,1.5907324220142292
1771417152849,1.8916036978807333,-1.013921439282144,1.5969119777871572
1771417152853,1.8955839435115247,-1.0475767688032782,1.579816888238123
1771417152857,1.8912634187386301,-1.022596742677696,1.5909661281510354
1771417152860,0.27135616134637713,-0.0007927544891840584,0.2713550033460982
1771417152865,1.882748518555771,-1.0027430512509743,1.5935019163125712
1771417152868,1.887012675806129,-1.0318600243656686,1.5798992780456254
1771417152872,1.876046873419965,-1.042550152241567,1.559692614373073
1771417152876,1.88318276724468,-1.0401443248161364,1.5698653185544655
1771417152880,1.8789227881733026,-1.0492879639610664,1.5586358178238358
1771417152884,1.8976789637864284,-1.0208177203987046,1.5997239234685232
1771417152888,1.8998788734243903,-1.0377977236101203,1.5913879535028481
1771417152892,1.887941479775254,-1.0587001863630061,1.5631624824217452
1771417152897,1.9169693848493978,-1.1053443483290875,1.5662009749922976
1771417152901,1.8955839435115247,-1.0475767688032782,1.579816888238123
1771417152904,1.8769580980548295,-1.0349552211863047,1.5658350462270316
1771417152908,1.8741588952745978,-1.0274648398273396,1.5674142935597724
1771417152912,1.8937827673551444,-1.0300424040112288,1.589158839093839
1771417152917,1.894179211846531,-1.0635954715157567,1.567379838955038
1771417152921,1.8937827673551444,-1.0300424040112288,1.589158839093839
1771417152925,1.8937827673551444,-1.0300424040112288,1.589158839093839
1771417152929,1.8917123696069391,-1.056335781593728,1.5693088943380997
1771417152933,1.8916036978807333,-1.013921439282144,1.5969119777871572
1771417152937,1.9083592160942644,-1.0930875762482128,1.5642872013488198
1771417152942,1.882748518555771,-1.0027430512509743,1.5935019163125712
1771417152946,1.8917123696069391,-1.056335781593728,1.5693088943380997
1771417152949,1.8849244937938114,-1.019104417923801,1.58567541844857
1771417152953,0.27156214460161643,-0.0009130314622084159,0.2715606097249346
1771417152958,1.887729613328551,-1.022907306584905,1.5865634986261268
1771417152962,1.8721293044327276,-1.0516432271119391,1.548843005402857
1771417152966,1.8960845908092383,-1.0406773151428677,1.5849692429985098
1771417152970,1.8823569801924636,-1.0084561949288637,1.5894287979613584
1771417152975,1.8960845908092383,-1.0406773151428677,1.5849692429985098
1771417152979,1.889441511430986,-1.040317015640535,1.5772538578451407
1771417152983,1.8886979823172692,-1.0114801269394407,1.5950197557447043
1771417152987,0.27046056214498765,-0.000265526682095418,0.27046043180355206
1771417152991,1.887941479775254,-1.0587001863630061,1.5631624824217452
1771417152994,0.2703504808565442,-0.00018221912059130632,0.2703504194477174
1771417152998,1.8849244937938114,-1.019104417923801,1.58567541844857
1771417153002,1.8960845908092383,-1.0406773151428677,1.5849692429985098
1771417153007,1.88318276724468,-1.0401443248161364,1.5698653185544655
1771417153011,1.8727682318115069,-1.0431406505275622,1.5553515465319512
1771417153014,0.271335191797408,-0.0008009028153453707,0.2713340097783847
1771417153018,1.887012675806129,-1.0318600243656686,1.5798992780456254
1771417153022,1.8918009642579605,-1.0501967094601523,1.5735303491850474
1771417153026,1.88318276724468,-1.0401443248161364,1.5698653185544655
1771417153031,1.896558159364969,-1.0726571261902944,1.5640778565937878
1771417153035,1.8916036978807333,-1.013921439282144,1.5969119777871572
1771417153039,1.8855237015714084,-1.049586824536053,1.5663866466961056
1771417153044,1.8975371395118386,-1.0987535017228367,1.5470578328810385
1771417153048,1.8855237015714084,-1.049586824536053,1.5663866466961056
1771417153051,0.27133216447581004,-0.0008020899324436112,0.2713309789369218
1771417153054,0.27132605622209904,-0.0008034753656956909,0.2713248665573695
1771417153059,1.6460457579331529,-0.7451645781742052,1.4677180889544785
1771417153063,1.8998788734243903,-1.0377977236101203,1.5913879535028481
1771417153068,1.887729613328551,-1.022907306584905,1.5865634986261268
1771417153072,1.903274477396444,-1.071992298469739,1.5726685119027064
1771417153076,1.8937827673551444,-1.0300424040112288,1.589158839093839
1771417153080,1.8855237015714084,-1.049586824536053,1.5663866466961056
1771417153083,0.27052089055411377,-0.0002849075539881978,0.27052074052441244
1771417153086,0.27045434375621935,-0.0002620403431957902,0.2704542168121359
1771417153090,1.88318276724468,-1.0401443248161364,1.5698653185544655
1771417153094,1.0062603604830982,-0.3570568842701838,0.9407817464613369
1771417153098,0.6772255025467385,-0.18541202705929172,0.6513499531906386
1771417153102,1.8912634187386301,-1.022596742677696,1.5909661281510354
1771417153106,1.8960845908092383,-1.0406773151428677,1.5849692429985098
1771417153110,0.27031419963607933,-0.00015231830787890144,0.27031415672144743
1771417153113,0.27005493642516903,6.763807241839782e-06,0.27005493634046573
1771417153117,0.5912703977300667,-0.15209489809636928,0.571373630127368
1771417153121,0.2701090800617955,-4.0160209751538236e-05,0.27010907707625637
1771417153126,1.895084665226515,-1.0142096799119724,1.6008512153068901
1771417153130,0.27010983773387665,-3.3623116763726075e-05,0.27010983564118357
1771417153134,0.27031751153311,-0.0001551303402960297,0.2703174670198554
1771417153138,0.2700840592933872,-2.636972427388386e-05,0.2700840580060799
1771417153141,0.27045301008384026,-0.0002608989736796368,0.2704528842425892
1771417153145,0.27036514883379814,-0.00019468267644209402,0.27036507874090787
1771417153148,1.8807313304884488,-1.0274909106499632,1.575250064596907
1771417153152,0.2703664065689254,-0.00019480888272889842,0.27036633638545443
1771417153156,1.9143344355212282,-1.0565957935257968,1.5963338185122717
1771417153160,1.8789227881733026,-1.0492879639610664,1.5586358178238358
1771417153165,1.8855237015714084,-1.049586824536053,1.5663866466961056
1771417153169,1.9005869930970767,-1.062323057720479,1.575976090987804
1771417153173,0.27045447443331466,-0.0002613394603657377,0.2704543481674623
1771417153176,0.27043831649226774,-0.0002521986253975891,0.2704381988976877
1771417153180,1.8849244937938114,-1.019104417923801,1.58567541844857
1771417153184,1.8960845908092383,-1.0406773151428677,1.5849692429985098
1771417153188,0.27034847897046216,-0.0001805082443544039,0.27034841870892484
1771417153192,1.8917123696069391,-1.056335781593728,1.5693088943380997
1771417153195,0.2713739397673973,-0.0007835832289408273,0.27137280847977807
1771417153199,1.887012675806129,-1.0318600243656686,1.5798992780456254
1771417153203,1.90759139966664,-1.0200799480855125,1.6119372964219139
1771417153207,1.8839371282203619,-1.0265424546398942,1.579692910634559
1771417153211,1.903274477396444,-1.071992298469739,1.5726685119027064
1771417153216,1.8918009642579605,-1.0501967094601523,1.5735303491850474
1771417153220,1.889441511430986,-1.040317015640535,1.5772538578451407
1771417153225,1.896558159364969,-1.0726571261902944,1.5640778565937878
1771417153228,1.8769580980548295,-1.0349552211863047,1.5658350462270316
1771417153232,0.27135195934294165,-0.0007949535690863589,0.27135079489118225
1771417153235,1.887012675806129,-1.0318600243656686,1.5798992780456254
1771417153240,1.9037818103723523,-1.0233672010639165,1.6053363365012443
1771417153244,1.9037381234508783,-1.0289564619167268,1.6017076643882562
1771417153248,1.9058694069853317,-1.0014160923917754,1.6215745454284263
1771417153252,1.9114813758434703,-1.053146847898211,1.595193645598712
1771417153256,1.889441511430986,-1.040317015640535,1.5772538578451407
1771417153261,1.90759139966664,-1.0200799480855125,1.6119372964219139
1771417153265,1.887729613328551,-1.022907306584905,1.5865634986261268
1771417153269,1.9097324186721565,-0.9922610959174198,1.6317156089393048
1771417153274,1.8955839435115247,-1.0475767688032782,1.579816888238123
1771417153278,1.8823569801924636,-1.0084561949288637,1.5894287979613584
1771417153281,1.8960845908092383,-1.0406773151428677,1.5849692429985098
1771417153285,1.8769580980548295,-1.0349552211863047,1.5658350462270316
1771417153289,1.8989016140004331,-1.0057769997402053,1.6106644487437602
1771417153294,1.8955839435115247,-1.0475767688032782,1.579816888238123
1771417153298,1.8823569801924636,-1.0084561949288637,1.5894287979613584
1771417153302,1.904939776648543,-1.0520309028814923,1.5880889559593798
1771417153307,1.8839371282203619,-1.0265424546398942,1.579692910634559
1771417153311,1.878047954609908,-1.0184533193075924,1.5779153830943553
1771417153316,1.8981010581598912,-1.0543021392123435,1.5783645416189425
1771417153320,1.887941479775254,-1.0587001863630061,1.5631624824217452
1771417153324,1.8955839435115247,-1.0475767688032782,1.579816888238123
1771417153328,1.88318276724468,-1.0401443248161364,1.5698653185544655
1771417153331,0.2704573867432766,-0.00026303487600239637,0.27045725883521093
1771417153336,1.9005869930970767,-1.062323057720479,1.575976090987804
1771417153339,0.27044552265312194,-0.00025716392135302353,0.270445400385804
1771417153342,0.27031865202638994,-0.00015706053720804735,0.2703186063987311
1771417153347,1.8998788734243903,-1.0377977236101203,1.5913879535028481
1771417153352,1.894179211846531,-1.0635954715157567,1.567379838955038
1771417153356,0.27002054582370694,-1.7898998938955586e-05,0.2700205452304666
1771417153360,0.2703705760628565,-0.00019924763186194693,0.27037050264579915
1771417153364,1.8918009642579605,-1.0501967094601523,1.5735303491850474
1771417153368,1.895084665226515,-1.0142096799119724,1.6008512153068901
1771417153372,0.27004983012328626,-6.8382998106331116e-06,0.2700498300367053
1771417153376,0.7785707138890549,-0.24991243845028763,0.7373710935706279
1771417153379,1.88318276724468,-1.0401443248161364,1.5698653185544655
1771417153384,0.270040171740013,-1.5117581565362307e-05,0.2700401713168514
1771417153388,0.2700940214777841,-2.8619882672576636e-05,0.2700940199614646
1771417153391,0.2704521346789263,-0.00026038194550259,0.27045200933553915
1771417153396,0.27007146088095196,-2.4148749089101336e-05,0.2700714598013079
1771417153400,0.2700632066187274,-2.6053581547030634e-05,0.27006320536200473
1771417153404,0.27031548575176545,-0.00015340938778232456,0.27031544222033016
1771417153408,0.269974266993755,1.429137280861936e-05,0.2699742666154905
1771417153412,1.8839371282203619,-1.0265424546398942,1.579692910634559
1771417153415,0.27045533125933935,-0.0002618427942733141,0.2704552045070497
1771417153419,0.2704334536958421,-0.00024850319801266504,0.2704333395201519
1771417153423,0.27035272411660666,-0.00018518536350881456,0.2703526606927536
1771417153428,1.894179211846531,-1.0635954715157567,1.567379838955038
1771417153432,1.908859388135418,-1.0426482024899086,1.5989461809320804
1771417153437,1.8823569801924636,-1.0084561949288637,1.5894287979613584
1771417153441,1.903274477396444,-1.071992298469739,1.5726685119027064
1771417153445,0.27045136862364433,-0.00025992525501776487,0.27045124371920376
1771417153449,1.904939776648543,-1.0520309028814923,1.5880889559593798
1771417153452,0.2713492213765058,-0.0007959051567299875,0.2713480541235139
1771417153455,0.27137447988499225,-0.0007834627233960756,0.2713733489475544
1771417153459,0.2713428495186021,-0.0007985578636518428,0.271341674444257
1771417153464,1.8981010581598912,-1.0543021392123435,1.5783645416189425
1771417153468,1.887012675806129,-1.0318600243656686,1.5798992780456254
1771417153471,0.2713287989881955,-0.0008026047559696438,0.271327611912209
1771417153475,1.887941479775254,-1.0587001863630061,1.5631624824217452
1771417153478,0.2713790518990877,-0.000780365068651256,0.2713779299058922
1771417153482,1.903274477396444,-1.071992298469739,1.5726685119027064
1771417153486,1.887012675806129,-1.0318600243656686,1.5798992780456254
1771417153491,1.9005869930970767,-1.062323057720479,1.575976090987804
1771417153495,1.8937827673551444,-1.0300424040112288,1.589158839093839
1771417153499,1.8823569801924636,-1.0084561949288637,1.5894287979613584
1771417153503,0.2769390822606983,-0.001398329049882593,0.276935551995886
1771417153507,0.2805236338312489,-0.0062226025285807285,0.2804546101522667
1771417153511,0.2703212532624638,-0.0002130124626176277,0.2703211693358104
1771417153514,0.2699903493291201,-7.402611369766415e-06,0.2699903492276375
1771417153518,0.2700176652817089,-1.1692068423497699e-05,0.27001766502856905
1771417153522,0.2704520268498589,-0.000260691104958583,0.2704519012085968
1771417153526,1.8998788734243903,-1.0377977236101203,1.5913879535028481
1771417153529,0.27130551285611454,-0.0008079067634136241,0.2713043099414032
1771417153533,0.27011072754551796,-4.451880148642793e-05,0.27011072387679347
1771417153537,0.2700193838981328,-1.4439671796607067e-05,0.27001938351204174
1771417153540,0.270135265661348,-5.631986400744786e-05,0.2701352597903502
1771417153545,1.8981010581598912,-1.0543021392123435,1.5783645416189425
1771417153548,0.27045749673072295,-0.00026309788374237627,0.27045736876142346
1771417153553,1.8960845908092383,-1.0406773151428677,1.5849692429985098
1771417153555,0.2713086666577232,-0.0008072257310076927,0.27130746578413717
1771417153560,1.8839371282203619,-1.0265424546398942,1.579692910634559
1771417153565,1.90759139966664,-1.0200799480855125,1.6119372964219139
1771417153568,1.8807313304884488,-1.0274909106499632,1.575250064596907
1771417153571,0.2713760548572108,-0.0007824537881007867,0.2713749268372695
1771417153575,1.8918009642579605,-1.0501967094601523,1.5735303491850474
1771417153579,1.8976789637864284,-1.0208177203987046,1.5997239234685232
1771417153583,1.8955839435115247,-1.0475767688032782,1.579816888238123
1771417153588,1.8756191947558964,-1.0087912762312463,1.5812297507751651
1771417153593,1.9064424691288802,-1.033525304411257,1.6019826257609164
1771417153596,0.2713484825271237,-0.0007962035168144507,0.2713473143956515
1771417153601,1.8981010581598912,-1.0543021392123435,1.5783645416189425
1771417153606,1.887012675806129,-1.0318600243656686,1.5798992780456254
1771417153610,1.887941479775254,-1.0587001863630061,1.5631624824217452
1771417153613,0.2705246173924483,-0.0002847099492894832,0.2705244675728525
1771417153617,1.889441511430986,-1.040317015640535,1.5772538578451407
1771417153621,1.889441511430986,-1.040317015640535,1.5772538578451407
1771417153625,1.887012675806129,-1.0318600243656686,1.5798992780456254
1771417153629,1.8912634187386301,-1.022596742677696,1.5909661281510354
1771417153634,1.8998788734243903,-1.0377977236101203,1.5913879535028481
1771417153638,1.887012675806129,-1.0318600243656686,1.5798992780456254
1771417153641,1.887012675806129,-1.0318600243656686,1.5798992780456254
1771417153645,1.889441511430986,-1.040317015640535,1.5772538578451407
1771417153649,1.878047954609908,-1.0184533193075924,1.5779153830943553
1771417153653,1.889441511430986,-1.040317015640535,1.5772538578451407
1771417153658,1.8981010581598912,-1.0543021392123435,1.5783645416189425
1771417153662,1.8839371282203619,-1.0265424546398942,1.579692910634559
1771417153667,1.904939776648543,-1.0520309028814923,1.5880889559593798
1771417153671,1.8976789637864284,-1.0208177203987046,1.5997239234685232
1771417153675,1.8998788734243903,-1.0377977236101203,1.5913879535028481
1771417153680,1.8981010581598912,-1.0543021392123435,1.5783645416189425
1771417153685,0.2699519186110751,2.196121485567118e-05,0.2699519177177772
1771417153689,1.8960845908092383,-1.0406773151428677,1.5849692429985098
1771417153693,1.887012675806129,-1.0318600243656686,1.5798992780456254
1771417153697,1.887729613328551,-1.022907306584905,1.5865634986261268
1771417153702,1.889441511430986,-1.040317015640535,1.5772538578451407
1771417153706,1.8960845908092383,-1.0406773151428677,1.5849692429985098
1771417153710,1.889441511430986,-1.040317015640535,1.5772538578451407
1771417153715,1.9024816739097867,-1.0435549248196418,1.5907324220142292
1771417153718,1.8960845908092383,-1.0406773151428677,1.5849692429985098
1771417153721,1.889114493711153,-1.0063064472221945,1.598781068385722
1771417153725,1.8823569801924636,-1.0084561949288637,1.5894287979613584
1771417153729,0.0018906623456523652,-0.00023096247936655212,-0.00187650218182462
1771417153731,0.06881734428208706,0.0007481394314665553,0.06881327750827151
1771417153734,0.2699429083700639,6.099891980360339e-06,0.26994290830114437
1771417153737,0.27023347830238836,4.088718467785442e-05,0.2702334752092078
1771417153740,0.2652668100951862,-0.0003444067863231326,0.26526658651635926
1771417153744,0.2655979372566696,-0.0014671366700431759,0.26559388506701204
1771417153747,0.0033550165762618283,-0.0006366555821147731,0.0032940561465697182
1771417153750,0.00023915481026775675,-0.00023856380143403867,-1.6802854505925334e-05
1771417153761,0.0001122687556968966,-0.00010907240546823265,-2.659856896720014e-05
1771417153767,0.0001122687556968966,-0.00010907240546823265,-2.659856896720014e-05
1771417153776,1.9037381234508783,-1.0289564619167268,1.6017076643882562
1771417153780,0.27134504429797185,-0.0007977402513796362,0.27134387163811097
1771417153786,1.8955839435115247,-1.0475767688032782,1.579816888238123
1771417153790,1.8789227881733026,-1.0492879639610664,1.5586358178238358
1771417153794,1.8924704986542116,-1.0037873113743905,1.6043240389024571
1771417153798,1.8937827673551444,-1.0300424040112288,1.589158839093839
1771417153802,1.8960845908092383,-1.0406773151428677,1.5849692429985098
1771417153806,1.9037818103723523,-1.0233672010639165,1.6053363365012443
1771417153810,1.9127812572368588,-1.0331555767704317,1.609758271363988
1771417153814,1.895084665226515,-1.0142096799119724,1.6008512153068901
1771417153818,1.887941479775254,-1.0587001863630061,1.5631624824217452
1771417153823,1.8916036978807333,-1.013921439282144,1.5969119777871572
1771417153827,0.27135650137772904,-0.0007926977936516511,0.27135534354452906
1771417153830,1.8960845908092383,-1.0406773151428677,1.5849692429985098
1771417153835,1.8886979823172692,-1.0114801269394407,1.5950197557447043
1771417153839,0.27006954828865964,-2.744032910425495e-05,0.27006954689462676
1771417153843,1.8998788734243903,-1.0377977236101203,1.5913879535028481
1771417153847,1.8862246996644336,-0.9994691992561449,1.5996577563224152
1771417153852,1.908859388135418,-1.0426482024899086,1.5989461809320804
1771417153855,0.2713538733191242,-0.000793952940090679,0.27135271180517107
1771417153859,1.8912634187386301,-1.022596742677696,1.5909661281510354
1771417153864,1.903137393566532,-0.9963574649771084,1.621481958202312
1771417153868,1.882748518555771,-1.0027430512509743,1.5935019163125712
1771417153872,1.908859388135418,-1.0426482024899086,1.5989461809320804
1771417153876,1.8849244937938114,-1.019104417923801,1.58567541844857
1771417153880,1.8999353783940789,-1.0320497058804579,1.5951889689518017
1771417153884,1.9015645785259747,-1.0116151100006812,1.6101499046743992
1771417153889,1.8916036978807333,-1.013921439282144,1.5969119777871572
1771417153892,0.2703929037728739,-0.0002184483805169104,0.2703928155314629
1771417153896,0.27039225189922284,-0.00021792947291619054,0.2703921640763238
1771417153900,1.8999353783940789,-1.0320497058804579,1.5951889689518017
1771417153904,1.8999353783940789,-1.0320497058804579,1.5951889689518017
1771417153909,1.8839371282203619,-1.0265424546398942,1.579692910634559
1771417153912,1.8976789637864284,-1.0208177203987046,1.5997239234685232
1771417153917,1.88318276724468,-1.0401443248161364,1.5698653185544655
1771417153921,1.887012675806129,-1.0318600243656686,1.5798992780456254
1771417153925,1.8839371282203619,-1.0265424546398942,1.579692910634559
1771417153929,1.887012675806129,-1.0318600243656686,1.5798992780456254
1771417153934,1.9024816739097867,-1.0435549248196418,1.5907324220142292
1771417153938,0.271354872592239,-0.0007935111228129363,0.2713537123749153
1771417153941,0.27135146751193945,-0.0007947819901380953,0.2713503035606765
1771417153946,1.9037381234508783,-1.0289564619167268,1.6017076643882562
1771417153949,0.2713569127376253,-0.0007925910083117207,0.2713557552181061
1771417153953,1.904939776648543,-1.0520309028814923,1.5880889559593798
1771417153957,1.889441511430986,-1.040317015640535,1.5772538578451407
1771417153960,0.2713526180376935,-0.0007945901704418134,0.27135145465313326
1771417153964,1.8918009642579605,-1.0501967094601523,1.5735303491850474
1771417153968,0.270518125398736,-0.00028494424087455183,0.27051797532886024
1771417153972,1.8960845908092383,-1.0406773151428677,1.5849692429985098
1771417153976,1.8823569801924636,-1.0084561949288637,1.5894287979613584
1771417153980,1.9127812572368588,-1.0331555767704317,1.609758271363988
1771417153984,1.8849244937938114,-1.019104417923801,1.58567541844857
1771417153988,1.9005869930970767,-1.062323057720479,1.575976090987804
1771417153992,1.889441511430986,-1.040317015640535,1.5772538578451407
1771417153996,1.8912634187386301,-1.022596742677696,1.5909661281510354
1771417154001,1.8955839435115247,-1.0475767688032782,1.579816888238123
1771417154004,1.8976789637864284,-1.0208177203987046,1.5997239234685232
1771417154009,1.8998788734243903,-1.0377977236101203,1.5913879535028481
1771417154013,1.8912634187386301,-1.022596742677696,1.5909661281510354
1771417154016,1.8886979823172692,-1.0114801269394407,1.5950197557447043
1771417154020,1.887012675806129,-1.0318600243656686,1.5798992780456254
1771417154024,1.8916036978807333,-1.013921439282144,1.5969119777871572
1771417154029,1.8955839435115247,-1.0475767688032782,1.579816888238123
1771417154033,1.904939776648543,-1.0520309028814923,1.5880889559593798
1771417154037,1.8839371282203619,-1.0265424546398942,1.579692910634559
1771417154041,1.88318276724468,-1.0401443248161364,1.5698653185544655
1771417154045,1.889441511430986,-1.040317015640535,1.5772538578451407
1771417154050,1.887729613328551,-1.022907306584905,1.5865634986261268
1771417154054,1.9005869930970767,-1.062323057720479,1.575976090987804
1771417154059,1.8717314476901186,-1.0178146414904037,1.5708061522160868
1771417154063,1.8976789637864284,-1.0208177203987046,1.5997239234685232
1771417154068,1.9005869930970767,-1.062323057720479,1.575976090987804
1771417154071,0.44858167205494603,-0.08895892429819069,0.43967240792585555
1771417154075,1.8976789637864284,-1.0208177203987046,1.5997239234685232
1771417154080,1.904939776648543,-1.0520309028814923,1.5880889559593798
1771417154084,1.8886979823172692,-1.0114801269394407,1.5950197557447043
1771417154088,0.2699238092211277,-0.0001389510743650213,0.2699237734565866
1771417154092,1.8807313304884488,-1.0274909106499632,1.575250064596907
1771417154096,1.7095369773996605,-0.8029389269980978,1.5092401255625
1771417154100,0.27003781298185675,5.152935556544897e-06,0.2700378129326919
1771417154104,0.270107526851276,-4.196661149094105e-05,0.27010752359109935
1771417154108,0.2699674825768959,1.6596779890814087e-05,0.2699674820667361
1771417154111,0.2701472815537174,-6.270450102769092e-05,0.270147274276475
1771417154115,0.38354669110414075,-0.05662557919983881,0.3793436542730324
1771417154118,0.27037496412226764,-0.0002029132351877317,0.270374887980257
1771417154122,1.903274477396444,-1.071992298469739,1.5726685119027064
1771417154127,1.880042716337387,-1.035586038941301,1.5691150917645038
1771417154131,1.895084665226515,-1.0142096799119724,1.6008512153068901
1771417154135,0.27039932522295174,-0.00022269669920792798,0.2703992335181588
1771417154139,1.887729613328551,-1.022907306584905,1.5865634986261268
1771417154142,0.27045889487703795,-0.0002638948575498588,0.2704587661319426
1771417154146,1.887012675806129,-1.0318600243656686,1.5798992780456254
1771417154151,1.9024816739097867,-1.0435549248196418,1.5907324220142292
1771417154154,0.27136982227825746,-0.0007860187518225208,0.2713686839299163
1771417154159,1.8918009642579605,-1.0501967094601523,1.5735303491850474
1771417154163,1.9005869930970767,-1.062323057720479,1.575976090987804
1771417154167,1.8916036978807333,-1.013921439282144,1.5969119777871572
1771417154170,0.271349661818512,-0.0007958310842760934,0.2713484947846701
1771417154175,1.9024816739097867,-1.0435549248196418,1.5907324220142292
1771417154179,1.8839371282203619,-1.0265424546398942,1.579692910634559
1771417154182,0.2713504414886277,-0.0007954081652081788,0.27134927569817446
1771417154186,1.2972725080636345,-0.5115886675075003,1.1921379934620038
1771417154191,1.9024816739097867,-1.0435549248196418,1.5907324220142292
1771417154195,1.887012675806129,-1.0318600243656686,1.5798992780456254
1771417154198,0.2713808216682193,-0.000779268978477693,0.27137970283198604
1771417154202,1.8960845908092383,-1.0406773151428677,1.5849692429985098
1771417154206,1.887012675806129,-1.0318600243656686,1.5798992780456254
1771417154210,0.27109624083320916,5.5564094997315704e-05,0.2710962351389792
1771417154214,0.2700904250956935,-2.9193615631680945e-05,0.2700904235179493
1771417154218,0.27004609839102206,-2.1448026414169993e-05,0.2700460975392826
1771417154222,0.270089486101648,-3.937125563495048e-05,0.27008948323205134
1771417154226,0.2703330104785381,-0.00016726248073189206,0.2703329587335808
1771417154230,0.27009050529184847,-3.713798424292953e-05,0.27009050273857493
1771417154234,0.27015733308245404,-6.890199930106526e-05,0.27015732429593414
1771417154237,0.27038508398978517,-0.00021216518895632145,0.27038500074910915
1771417154241,0.2703517769932881,-0.00018234279162139641,0.27035171550137227
1771417154245,0.26996485204713566,1.7973080149788037e-05,0.2699648514488511
1771417154248,0.2703460786877789,-0.00018045596895651511,0.2703460184606054
1771417154252,1.9015645785259747,-1.0116151100006812,1.6101499046743992
1771417154256,1.8917123696069391,-1.056335781593728,1.5693088943380997
1771417154260,1.8918009642579605,-1.0501967094601523,1.5735303491850474
1771417154265,1.8937827673551444,-1.0300424040112288,1.589158839093839
1771417154269,1.9024816739097867,-1.0435549248196418,1.5907324220142292
1771417154272,0.2713629406443968,-0.0007896169292512354,0.27136179182095527
1771417154277,1.90759139966664,-1.0200799480855125,1.6119372964219139
1771417154282,1.9130609680039878,-1.0766218623089032,1.5813562637492111
1771417154285,0.2713573454151031,-0.0007922170040264099,0.27135618898958264
1771417154288,0.2713683775820567,-0.0007868882364973555,0.27136723670778856
1771417154293,1.8789227881733026,-1.0492879639610664,1.5586358178238358
1771417154297,1.8999353783940789,-1.0320497058804579,1.5951889689518017
1771417154300,0.2713560845522936,-0.0007928866871359129,0.27135492616544277
1771417154304,1.8912634187386301,-1.022596742677696,1.5909661281510354
1771417154308,1.904939776648543,-1.0520309028814923,1.5880889559593798
1771417154313,1.8839371282203619,-1.0265424546398942,1.579692910634559
1771417154317,1.904939776648543,-1.0520309028814923,1.5880889559593798
1771417154320,1.887941479775254,-1.0587001863630061,1.5631624824217452
1771417154325,1.8839371282203619,-1.0265424546398942,1.579692910634559
1771417154330,1.8981010581598912,-1.0543021392123435,1.5783645416189425
1771417154334,1.895084665226515,-1.0142096799119724,1.6008512153068901
1771417154339,1.8839371282203619,-1.0265424546398942,1.579692910634559
1771417154343,1.8835201891111977,-1.074686396305594,1.5468346558004116
1771417154347,1.9015645785259747,-1.0116151100006812,1.6101499046743992
1771417154351,1.8960845908092383,-1.0406773151428677,1.5849692429985098
1771417154355,1.8955839435115247,-1.0475767688032782,1.579816888238123
1771417154359,1.9015645785259747,-1.0116151100006812,1.6101499046743992
1771417154363,1.8937827673551444,-1.0300424040112288,1.589158839093839
1771417154368,1.8981010581598912,-1.0543021392123435,1.5783645416189425
1771417154372,1.8698252307601624,-1.0374940578768275,1.5555875010611162
1771417154376,1.8989016140004331,-1.0057769997402053,1.6106644487437602
1771417154380,1.895084665226515,-1.0142096799119724,1.6008512153068901
1771417154385,1.8811592370798287,-1.0599109864892569,1.5541392395696512
1771417154389,1.8918009642579605,-1.0501967094601523,1.5735303491850474
1771417154393,1.887941479775254,-1.0587001863630061,1.5631624824217452
1771417154397,1.887941479775254,-1.0587001863630061,1.5631624824217452
1771417154401,1.8948812857320076,-1.0928072127383137,1.5480140447697832
1771417154405,1.8976789637864284,-1.0208177203987046,1.5997239234685232
1771417154409,1.9130609680039878,-1.0766218623089032,1.5813562637492111
1771417154414,1.8918009642579605,-1.0501967094601523,1.5735303491850474
1771417154418,1.8839371282203619,-1.0265424546398942,1.579692910634559
1771417154422,1.8998788734243903,-1.0377977236101203,1.5913879535028481
1771417154427,1.887012675806129,-1.0318600243656686,1.5798992780456254
1771417154431,1.8918009642579605,-1.0501967094601523,1.5735303491850474
1771417154435,1.8855237015714084,-1.049586824536053,1.5663866466961056
1771417154439,1.887729613328551,-1.022907306584905,1.5865634986261268
1771417154444,1.8874038454709676,-1.0660187391107487,1.5575292368887736
1771417154448,1.896558159364969,-1.0726571261902944,1.5640778565937878
1771417154452,1.8855237015714084,-1.049586824536053,1.5663866466961056
1771417154456,1.8998788734243903,-1.0377977236101203,1.5913879535028481
1771417154460,0.270153572382306,-6.619549598311581e-05,0.2701535642723933
1771417154464,1.895084665226515,-1.0142096799119724,1.6008512153068901
1771417154468,1.877050589817704,-0.995556201752942,1.5912846275529233
1771417154472,0.2699772377416012,-3.5035095619190204e-06,0.26997723771886856
1771417154476,1.8955839435115247,-1.0475767688032782,1.579816888238123
1771417154479,0.27045038999435617,-0.0002597219047169692,0.27045026528482374
1771417154484,0.27007412520197405,-2.9545438163955174e-05,0.2700741235858753
1771417154487,0.2700481381491669,-5.931376293361442e-06,0.2700481380840281
1771417154491,0.2704564758432815,-0.000262129197714191,0.2704563488140946
1771417154495,1.8917123696069391,-1.056335781593728,1.5693088943380997
1771417154499,0.27016440649561285,-7.27771702629332e-05,0.27016439669321757
1771417154503,1.8998788734243903,-1.0377977236101203,1.5913879535028481
1771417154506,0.2703678978636137,-0.00019699845506859933,0.270367826094005
1771417154510,1.8849244937938114,-1.019104417923801,1.58567541844857
1771417154515,1.8918009642579605,-1.0501967094601523,1.5735303491850474
1771417154519,1.8756191947558964,-1.0087912762312463,1.5812297507751651
1771417154523,1.8823569801924636,-1.0084561949288637,1.5894287979613584
1771417154527,0.27042330589769326,-0.0002420184216229504,0.27042319759909833
1771417154530,0.2713714810884716,-0.0007849559094332513,0.2713703458235091
1771417154534,1.9144161110159685,-1.0941254223417467,1.5709483143321423
1771417154538,1.8989016140004331,-1.0057769997402053,1.6106644487437602
1771417154544,1.894179211846531,-1.0635954715157567,1.567379838955038
1771417154547,0.2713795977203553,-0.0007801160954888733,0.27137847644523955
1771417154551,0.27133928103474325,-0.0007995802281717907,0.2713381029341624
1771417154555,1.8998788734243903,-1.0377977236101203,1.5913879535028481
1771417154560,1.9080502840595466,-1.0136595365529957,1.6165241199731237
1771417154563,0.27052162980875494,-0.00028486050933902013,0.27052147982900593
1771417154567,0.2700885005468628,-3.186146444747966e-05,0.27008849866756596
1771417154572,1.9024816739097867,-1.0435549248196418,1.5907324220142292
1771417154576,1.889441511430986,-1.040317015640535,1.5772538578451407
1771417154580,1.9075991738392601,-1.0620645042426662,1.5845988756969405
1771417154583,0.2713778520639788,-0.0007810759392842181,0.2713767280207274
1771417154588,1.9024816739097867,-1.0435549248196418,1.5907324220142292
1771417154592,1.88318276724468,-1.0401443248161364,1.5698653185544655
1771417154595,0.27134933998843497,-0.0007958606647053617,0.2713481728664515
1771417154599,1.8960845908092383,-1.0406773151428677,1.5849692429985098
1771417154604,1.895737084875576,-1.00171944068504,1.6094648977614259
1771417154609,1.894179211846531,-1.0635954715157567,1.567379838955038
1771417154614,1.8981010581598912,-1.0543021392123435,1.5783645416189425
1771417154617,0.2704631862967956,-0.0002655472797204114,0.2704630559364022
1771417154620,0.27043207648940004,-0.0002480696453031208,0.2704319627111777
1771417154625,1.8823569801924636,-1.0084561949288637,1.5894287979613584
1771417154628,0.27133313051503377,-0.0008016761534598519,0.27133194620323153
1771417154632,1.889441511430986,-1.040317015640535,1.5772538578451407
1771417154637,1.895737084875576,-1.00171944068504,1.6094648977614259
1771417154641,1.9005869930970767,-1.062323057720479,1.575976090987804
1771417154644,0.2713140542528165,-0.0008068441199219211,0.27131285453819987
1771417154649,1.8998788734243903,-1.0377977236101203,1.5913879535028481
1771417154653,1.8955839435115247,-1.0475767688032782,1.579816888238123
1771417154657,1.8918009642579605,-1.0501967094601523,1.5735303491850474
1771417154661,1.9037818103723523,-1.0233672010639165,1.6053363365012443
1771417154665,1.8999353783940789,-1.0320497058804579,1.5951889689518017
1771417154669,1.8807313304884488,-1.0274909106499632,1.575250064596907
1771417154672,0.27136025081644066,-0.000790943243616329,0.2713590981189814
1771417154677,1.8937827673551444,-1.0300424040112288,1.589158839093839
1771417154681,1.8976789637864284,-1.0208177203987046,1.5997239234685232
1771417154684,1.8886979823172692,-1.0114801269394407,1.5950197557447043
1771417154688,1.8886979823172692,-1.0114801269394407,1.5950197557447043
1771417154693,1.8937827673551444,-1.0300424040112288,1.589158839093839
1771417154697,1.8717314476901186,-1.0178146414904037,1.5708061522160868
1771417154702,1.876046873419965,-1.042550152241567,1.559692614373073
1771417154707,1.894179211846531,-1.0635954715157567,1.567379838955038
1771417154710,0.27138203094241836,-0.0007785950209933429,0.2713809140455994
1771417154714,1.895084665226515,-1.0142096799119724,1.6008512153068901
1771417154718,0.27052049677549184,-0.000285040532781297,0.27052034660548835
1771417154721,1.8960845908092383,-1.0406773151428677,1.5849692429985098
1771417154726,1.9061349368365859,-1.0757206384821587,1.5735868280373193
1771417154730,1.8839371282203619,-1.0265424546398942,1.579692910634559
1771417154734,1.8839371282203619,-1.0265424546398942,1.579692910634559
1771417154737,1.903274477396444,-1.071992298469739,1.5726685119027064
1771417154741,1.8976789637864284,-1.0208177203987046,1.5997239234685232
1771417154746,1.8917123696069391,-1.056335781593728,1.5693088943380997
1771417154750,1.8912634187386301,-1.022596742677696,1.5909661281510354
1771417154754,1.889441511430986,-1.040317015640535,1.5772538578451407
1771417154758,1.903274477396444,-1.071992298469739,1.5726685119027064
1771417154762,1.8912634187386301,-1.022596742677696,1.5909661281510354
1771417154766,1.9075991738392601,-1.0620645042426662,1.5845988756969405
1771417154770,1.8960845908092383,-1.0406773151428677,1.5849692429985098
1771417154780,1.887729613328551,-1.022907306584905,1.5865634986261268
1771417154791,1.8807313304884488,-1.0274909106499632,1.575250064596907
1771417154799,1.876046873419965,-1.042550152241567,1.559692614373073
1771417154806,1.8849244937938114,-1.019104417923801,1.58567541844857
1771417154812,1.894179211846531,-1.0635954715157567,1.567379838955038
1771417154815,0.667208312515322,-0.17865550247792034,0.6428445719798102
1771417154820,1.8922055767375163,-1.0827258334451477,1.5518204516718637
1771417154824,1.9433476439724238,-1.1873739527543192,1.5384222962677556
1771417154827,0.0002823452505711816,-0.0002791683343909586,4.2236022462836895e-05
1771417154830,0.0006577371344162053,-0.00014558571296986153,0.0006414225893816793
1771417154833,0.10436202624646626,-0.011731947158651744,0.1037005011469796
1771417154837,0.0055526613778940255,-0.00530671891543844,-0.0016342529578017755
1771417154840,1.933215494277883,-1.149958107370501,1.5540008039280206
1771417154844,1.933215494277883,-1.149958107370501,1.5540008039280206
1771417154848,1.933215494277883,-1.149958107370501,1.5540008039280206
1771417154851,0.001248148412670545,-0.0007568016513788963,0.0009925349971271424
1771417154854,0.037749051089415696,-0.009849679200257202,0.036441386880898714
1771417154858,0.27000211144845826,-1.653666758436531e-06,0.2700021114433942
1771417154862,1.9335616750793632,-1.1824833522527425,1.5298345900720212
1771417154866,1.9302934898335997,-1.1475892329503363,1.5521185229583585
1771417154870,1.925817677354987,-1.1587483214043695,1.5382054654874664
1771417154874,1.9361460850951446,-1.1892783822892186,1.5278346089314754
1771417154878,1.9302934898335997,-1.1475892329503363,1.5521185229583585
1771417154882,1.9375841809062535,-1.176834666049631,1.539250670580335
1771417154885,1.23835240312297,-0.49874569273856073,1.1334766906713027
1771417154889,0.7924441180925343,-0.2607548738235792,0.7483144900886951
1771417154893,1.9312264610257577,-1.1727231151745534,1.534391129699779
1771417154896,0.2701611894124526,-6.845539333518537e-05,0.2701611807395915
1771417154900,0.27011828779398006,-5.121267971981468e-05,0.27011828293918366
1771417154903,1.4960184941744916,-0.6668383716499016,1.3391780766602406
1771417154907,0.270484983865363,-0.00027283873038252385,0.27048484625884844
1771417154910,0.2704824162571393,-0.00027189886628807623,0.27048227959573784
1771417154914,1.9094961764588703,-1.0346283254017588,1.6049049430378728
1771417154917,8.309486524882975e-05,-6.0302301430558593e-05,5.7169826594972504e-05
1771417154920,0.26985361713830125,-2.468686999349684e-05,0.2698536160090936
1771417154924,0.27052063104105123,-0.0002850316938978159,0.27052048088043545
1771417154928,1.895965807275601,-0.9992405297345365,1.6112742491872898
1771417154931,0.271363379867715,-0.0007896385432758046,0.2713622309832391
1771417154935,1.8788310532546686,-1.008879612812732,1.5849820357104618
1771417154939,0.27135872012499573,-0.0007918689642570915,0.2713575647211981
1771417154943,0.2700302620795346,-1.096730893699581e-05,0.2700302618568154
1771417154947,1.8949917482266934,-1.011081005512494,1.602719228729444
1771417154950,0.2699853466863222,-8.49315377936067e-06,0.2699853465527341
1771417154954,0.27007206633472036,-2.9762911923241365e-05,0.27007206469473044
1771417154958,1.883129489169675,-0.9989521357914907,1.5963305745922616
1771417154963,0.2700616862120065,-7.122086941736529e-06,0.2700616861180944
1771417154967,1.8940352934378173,-1.0274722961959084,1.591122362779804
1771417154971,1.883129489169675,-0.9989521357914907,1.5963305745922616
1771417154975,1.8819731564932307,-1.012568994604104,1.5863565150770895
1771417154979,1.8862347179289272,-1.0017932361090296,1.5982151679941652
1771417154984,1.8900906680192582,-0.9941703488880484,1.6075036705168986
1771417154988,1.882937483612413,-1.0388481544976267,1.5704292658663497
1771417154992,1.883129489169675,-0.9989521357914907,1.5963305745922616
1771417154996,1.8781205234768257,-1.0212136886438694,1.5762167689855504
1771417155000,1.8979095980044134,-1.0184918653203021,1.6014790546471864
1771417155004,1.8921132001447996,-1.0081236753736846,1.6011805074110939
1771417155008,1.8949917482266934,-1.011081005512494,1.602719228729444
1771417155012,1.8897234902874063,-1.037407260938101,1.579506582669703
1771417155016,1.8862482752378775,-1.002909578257729,1.5975308866112015
1771417155020,1.8904469544226559,-0.9925588390104381,1.6089178470599879
1771417155024,1.8757148920849367,-1.0074901427508267,1.5821725470532992
1771417155029,1.8973246374742474,-1.0257524117370758,1.5961430918881792
1771417155033,1.8940352934378173,-1.0274722961959084,1.591122362779804
1771417155038,1.8869880013317313,-0.9900246188657716,1.6064168111700043
1771417155042,1.8939279977086403,-0.9853900994639071,1.6173959355653058
1771417155045,0.2713038127115795,-0.0008085113468928409,0.27130260798827893
1771417155049,1.8952426208635749,-1.0465106767296546,1.5801139184972306
1771417155054,1.9134165596927946,-1.024923115246417,1.615764691636808
1771417155057,0.27051883683771755,-0.00028495458364257223,0.270518686757342
1771417155061,1.8869880013317313,-0.9900246188657716,1.6064168111700043
1771417155065,1.8952426208635749,-1.0465106767296546,1.5801139184972306
1771417155069,1.8834921969789797,-0.9934079530665152,1.6002135778904327
1771417155073,1.8952426208635749,-1.0465106767296546,1.5801139184972306
1771417155078,1.8834921969789797,-0.9934079530665152,1.6002135778904327
1771417155082,1.8797156153198387,-1.0013448417923696,1.5907983223190343
1771417155086,1.8819731564932307,-1.012568994604104,1.5863565150770895
1771417155090,1.8949917482266934,-1.011081005512494,1.602719228729444
1771417155094,1.8911223007231952,-1.0200625956872977,1.5924245216562962
1771417155098,1.8869880013317313,-0.9900246188657716,1.6064168111700043
1771417155102,1.9076405797698637,-1.0150304930904337,1.6151797669861063
1771417155107,1.9017778983775524,-1.0094761688908767,1.6117434781002649
1771417155111,1.886817116217559,-1.029980871990966,1.5808915944441844
1771417155115,1.8869880013317313,-0.9900246188657716,1.6064168111700043
1771417155119,1.8738344267998144,-1.0307614500007245,1.564859831503318
1771417155123,1.8862347179289272,-1.0017932361090296,1.5982151679941652
1771417155127,1.873688832591005,-1.0325933966266017,1.5634771244311128
1771417155130,1.8862482752378775,-1.002909578257729,1.5975308866112015
1771417155135,1.9165508252292125,-1.0298554936678683,1.6163430105794026
1771417155139,1.9089653037524235,-1.0020442351463918,1.6248248772530733
1771417155144,1.8869880013317313,-0.9900246188657716,1.6064168111700043
1771417155148,1.8889848113923933,-1.0469158209810725,1.5723329423028325
1771417155152,1.8781205234768257,-1.0212136886438694,1.5762167689855504
1771417155156,1.8699722685801905,-1.0393000634676308,1.554558349929369
1771417155160,1.8897234902874063,-1.037407260938101,1.579506582669703
1771417155165,0.5658377238048503,-0.1380528919276325,0.5487383062180655
1771417155169,1.9080535298663974,-1.05749611318189,1.5881971676844202
1771417155173,1.9099245881670535,-0.9903321820408599,1.6331117848142784
1771417155176,0.7389714044622193,-0.2160691677561147,0.7066773318552428
1771417155181,0.270046686552591,8.945380942813355e-06,0.27004668640443175
1771417155185,1.8952426208635749,-1.0465106767296546,1.5801139184972306
1771417155190,1.876895347445123,-0.9941888004808332,1.5919562727222225
1771417155194,1.8757148920849367,-1.0074901427508267,1.5821725470532992
1771417155198,1.8749520412891172,-1.017822992354223,1.57463694652746
1771417155202,1.886817116217559,-1.029980871990966,1.5808915944441844
1771417155206,1.8862482752378775,-1.002909578257729,1.5975308866112015
1771417155210,1.8949917482266934,-1.011081005512494,1.602719228729444
1771417155214,1.910362258821449,-1.0238861498185714,1.6128053546969303
1771417155218,1.8862482752378775,-1.002909578257729,1.5975308866112015
1771417155222,1.9076405797698637,-1.0150304930904337,1.6151797669861063
1771417155226,1.886817116217559,-1.029980871990966,1.5808915944441844
1771417155231,1.869891448710191,-0.9976242107715964,1.5815308925347762
1771417155235,1.891453116493723,-1.0541487100645894,1.570466615042478
1771417155239,0.2703871743280787,-0.00021366371604770366,0.2703870899080414
1771417155243,1.8788310532546686,-1.008879612812732,1.5849820357104618
1771417155246,0.2704633970676816,-0.00026630283882883566,0.2704632659645084
1771417155250,1.8721455962451414,-1.0127156299938624,1.5745907996385
1771417155254,1.8994638439499616,-1.038054685468211,1.5907247921782879
1771417155258,1.8949917482266934,-1.011081005512494,1.602719228729444
1771417155263,1.9024846951615784,-1.0817329990452933,1.565024515495051
1771417155266,0.27132275699798264,-0.0008048695293658222,0.27132156318661266
1771417155270,1.9064609564727428,-1.033283956171864,1.6021603054853115
1771417155275,1.9094961764588703,-1.0346283254017588,1.6049049430378728
1771417155279,1.8979095980044134,-1.0184918653203021,1.6014790546471864
1771417155283,1.8952426208635749,-1.0465106767296546,1.5801139184972306
1771417155287,1.901052697736844,-1.0181444834038467,1.6054230503162856
1771417155290,0.27137891388908997,-0.0007806734864228598,0.27137779100827264
1771417155294,0.8094834897287266,-0.2586071652395228,0.7670631357523158
1771417155298,1.8682212679059462,-1.0181608280350243,1.5663968954614074
1771417155302,1.8662975797957901,-1.003346037299538,1.5736465250452332
1771417155307,0.2699743185705265,1.8972273978662424e-06,0.26997431856386017
1771417155311,0.27029281851368114,-0.00011354873847525739,0.2702927946630353
1771417155315,0.2700617489131691,-2.5429267103068013e-05,0.27006174771594726
1771417155318,0.2703782240016658,-0.00020883770410167716,0.27037814334947324
1771417155322,0.2713686235055446,-0.0007339268384788444,0.27136763103710393
1771417155327,0.27006722669525457,-2.8922562356582395e-05,0.270067225146539
1771417155332,1.8862482752378775,-1.002909578257729,1.5975308866112015
1771417155335,1.9144125146274793,-0.9352317993691893,1.6704241250685339
1771417155340,1.893093166345229,-1.0352622205497142,1.5849397058454557
1771417155344,1.8940352934378173,-1.0274722961959084,1.591122362779804
1771417155349,1.9034417700099535,-1.028144149394054,1.6018770801423565
1771417155352,1.8897699385780051,-1.0748644159846754,1.5543155754231637
1771417155357,1.901052697736844,-1.0181444834038467,1.6054230503162856
1771417155360,0.2703943575827005,-0.00022229980307407796,0.2703942662028151
1771417155365,1.8940352934378173,-1.0274722961959084,1.591122362779804
1771417155369,1.9047874992147567,-1.0106047501735167,1.6145877046761907
1771417155372,0.2713325862029345,-0.0008020499363235881,0.27133140078411955
1771417155376,1.8949917482266934,-1.011081005512494,1.602719228729444
1771417155380,1.8952426208635749,-1.0465106767296546,1.5801139184972306
1771417155385,1.8889848113923933,-1.0469158209810725,1.5723329423028325
1771417155389,1.8862482752378775,-1.002909578257729,1.5975308866112015
1771417155393,0.2713342724180672,-0.0008012774589560134,0.27133308928893224
1771417155397,1.8979095980044134,-1.0184918653203021,1.6014790546471864
1771417155400,0.27136847560430905,-0.000786675174565721,0.2713673353481885
1771417155404,1.8921132001447996,-1.0081236753736846,1.6011805074110939
1771417155408,1.8788310532546686,-1.008879612812732,1.5849820357104618
1771417155412,1.893093166345229,-1.0352622205497142,1.5849397058454557
1771417155417,1.8869880013317313,-0.9900246188657716,1.6064168111700043
1771417155421,1.883129489169675,-0.9989521357914907,1.5963305745922616
1771417155425,1.8979095980044134,-1.0184918653203021,1.6014790546471864
1771417155429,1.8688494820724706,-0.9725760414253211,1.5958365299390767
1771417155433,1.8819731564932307,-1.012568994604104,1.5863565150770895
1771417155437,1.8904469544226559,-0.9925588390104381,1.6089178470599879
1771417155441,1.8834921969789797,-0.9934079530665152,1.6002135778904327
1771417155445,1.894121926573105,-1.0649428735389102,1.5663953998986655
1771417155449,0.2705201583007972,-0.00028498256661179625,0.2705200081916772
1771417155453,1.8904469544226559,-0.9925588390104381,1.6089178470599879
1771417155457,1.8606881624701466,-1.0285428175091273,1.5505676736301826
1771417155460,1.8807500390033471,-0.9853130464467449,1.6019921690548076
1771417155464,1.8994638439499616,-1.038054685468211,1.5907247921782879
1771417155468,1.8797156153198387,-1.0013448417923696,1.5907983223190343
1771417155472,1.8979095980044134,-1.0184918653203021,1.6014790546471864
1771417155476,1.8834921969789797,-0.9934079530665152,1.6002135778904327
1771417155480,1.8687265509219788,-1.012950045908874,1.5703729259682124
1771417155485,1.893093166345229,-1.0352622205497142,1.5849397058454557
1771417155488,1.8721455962451414,-1.0127156299938624,1.5745907996385
1771417155493,1.8949917482266934,-1.011081005512494,1.602719228729444
1771417155497,1.8897234902874063,-1.037407260938101,1.579506582669703
1771417155501,1.8911223007231952,-1.0200625956872977,1.5924245216562962
1771417155505,1.883129489169675,-0.9989521357914907,1.5963305745922616
1771417155510,1.886817116217559,-1.029980871990966,1.5808915944441844
1771417155514,1.8869880013317313,-0.9900246188657716,1.6064168111700043
1771417155518,1.8908372651874708,-0.9811026900055644,1.6163858063858019
1771417155522,1.9060689765796817,-0.9994185272580408,1.6230408346227412
1771417155526,1.883129489169675,-0.9989521357914907,1.5963305745922616
1771417155531,1.901052697736844,-1.0181444834038467,1.6054230503162856
1771417155534,0.43871832903455094,-0.07733822722723285,0.43184785612553106
1771417155538,1.885836606830476,-1.0463079617035151,1.568954861344876
1771417155542,1.920637800812918,-1.0217553274014737,1.6263042805201582
1771417155547,1.8819731564932307,-1.012568994604104,1.5863565150770895
1771417155551,0.26998902142105335,-8.170586772844399e-06,0.2699890212974215
1771417155555,1.8973246374742474,-1.0257524117370758,1.5961430918881792
1771417155559,0.26999496334224576,-9.963291874379591e-06,0.2699949631584142
1771417155563,1.9076405797698637,-1.0150304930904337,1.6151797669861063
1771417155567,0.2700627660238194,-2.4010170710159613e-05,0.27006276495649656
1771417155571,0.2859726398154219,-0.0037694621088225425,0.28594779572224577
1771417155575,0.27036178014768114,-0.00019533013203233013,0.27036170958692096
1771417155579,1.8774697207402933,-1.0249018456814554,1.5730444237259738
1771417155583,1.8979095980044134,-1.0184918653203021,1.6014790546471864
1771417155586,0.27043883535663243,-0.0002533469023129727,0.27043871668901037
1771417155591,1.893093166345229,-1.0352622205497142,1.5849397058454557
1771417155595,0.27009709354865524,-3.290385839836368e-05,0.2700970915444428
1771417155598,0.27039263212262743,-0.00021880134915357586,0.2703925435957363
1771417155603,1.8973246374742474,-1.0257524117370758,1.5961430918881792
1771417155607,1.8897234902874063,-1.037407260938101,1.579506582669703
1771417155610,0.2704392492405517,-0.0002536096723573562,0.2704391303268211
1771417155614,1.8979095980044134,-1.0184918653203021,1.6014790546471864
1771417155619,1.8749520412891172,-1.017822992354223,1.57463694652746
1771417155623,1.893093166345229,-1.0352622205497142,1.5849397058454557
1771417155627,1.898031834232966,-1.056013229748121,1.577136932025466
1771417155630,0.27134303315526637,-0.0007985582441839036,0.27134185808059663
1771417155635,1.9134165596927946,-1.024923115246417,1.615764691636808
1771417155639,1.8726013586548196,-1.0040586148797135,1.5806650961926463
1771417155642,0.27137298152916745,-0.000784341418649837,0.2713718480472299
1771417155646,1.8911223007231952,-1.0200625956872977,1.5924245216562962
1771417155650,0.2700987533520158,-2.8245760160826658e-05,0.270098751875106
1771417155655,1.8889848113923933,-1.0469158209810725,1.5723329423028325
1771417155660,1.8994638439499616,-1.038054685468211,1.5907247921782879
1771417155662,0.27136825987107693,-0.0007869810150832892,0.2713671187272663
1771417155666,1.8824692290347191,-1.0097889678786423,1.5887154051664372
1771417155670,1.8774697207402933,-1.0249018456814554,1.5730444237259738
1771417155673,0.44048549567492223,-0.07875554736066587,0.4333878582285201
1771417155677,1.8900906680192582,-0.9941703488880484,1.6075036705168986
1771417155680,0.2713717393776291,-0.0007850689208103788,0.27137060378683137
1771417155684,0.2705194419063685,-0.0002849717741456227,0.27051929180822026
1771417155688,1.8726013586548196,-1.0040586148797135,1.5806650961926463
1771417155692,1.8921132001447996,-1.0081236753736846,1.6011805074110939
1771417155696,1.8797156153198387,-1.0013448417923696,1.5907983223190343
1771417155700,1.8939279977086403,-0.9853900994639071,1.6173959355653058
1771417155704,1.8904469544226559,-0.9925588390104381,1.6089178470599879
1771417155708,1.8869880013317313,-0.9900246188657716,1.6064168111700043
1771417155713,1.8952426208635749,-1.0465106767296546,1.5801139184972306
1771417155716,0.27044122025274975,-0.00025485085300403605,0.2704411001731043
1771417155721,1.8973246374742474,-1.0257524117370758,1.5961430918881792
1771417155725,0.270441876251072,-0.0002548532322129189,0.2704417561694758
1771417155730,1.901052697736844,-1.0181444834038467,1.6054230503162856
1771417155733,0.2704058877957219,-0.0002298142487359581,0.27040579013771804
1771417155736,0.2713292462691042,-0.0008030262304137498,0.2713280579480004
1771417155740,1.8911223007231952,-1.0200625956872977,1.5924245216562962
1771417155744,1.8940352934378173,-1.0274722961959084,1.591122362779804
1771417155748,1.8949917482266934,-1.011081005512494,1.602719228729444
1771417155753,1.8788310532546686,-1.008879612812732,1.5849820357104618
1771417155757,1.8897234902874063,-1.037407260938101,1.579506582669703
1771417155761,1.882937483612413,-1.0388481544976267,1.5704292658663497
1771417155765,1.8781205234768257,-1.0212136886438694,1.5762167689855504
1771417155769,1.8940352934378173,-1.0274722961959084,1.591122362779804
1771417155772,0.27134580010051346,-0.0007976847836912355,0.2713446276069856
1771417155777,1.9094961764588703,-1.0346283254017588,1.6049049430378728
1771417155780,0.27136352647555373,-0.0007896220251084013,0.27136237763976423
1771417155784,1.8897234902874063,-1.037407260938101,1.579506582669703
1771417155789,1.8949917482266934,-1.011081005512494,1.602719228729444
1771417155793,1.8876424259154432,-0.9808736322825039,1.6127866708306051
1771417155797,1.882937483612413,-1.0388481544976267,1.5704292658663497
1771417155801,1.8862347179289272,-1.0017932361090296,1.5982151679941652
1771417155805,1.8904469544226559,-0.9925588390104381,1.6089178470599879
1771417155809,1.8897234902874063,-1.037407260938101,1.579506582669703
1771417155813,1.912314190368545,-1.0001291234205028,1.629934753041066
1771417155817,1.9020117109631705,-0.9667317913725093,1.6380104371434103
1771417155822,1.8940352934378173,-1.0274722961959084,1.591122362779804
1771417155825,1.8911223007231952,-1.0200625956872977,1.5924245216562962
1771417155830,1.8819731564932307,-1.012568994604104,1.5863565150770895
1771417155834,1.8940352934378173,-1.0274722961959084,1.591122362779804
1771417155838,1.8952426208635749,-1.0465106767296546,1.5801139184972306
1771417155842,1.8819731564932307,-1.012568994604104,1.5863565150770895
1771417155847,1.886817116217559,-1.029980871990966,1.5808915944441844
1771417155852,1.893093166345229,-1.0352622205497142,1.5849397058454557
1771417155856,1.8869880013317313,-0.9900246188657716,1.6064168111700043
1771417155860,1.902553560784506,-1.0426417787512903,1.5914170329791462
1771417155864,1.8911223007231952,-1.0200625956872977,1.5924245216562962
1771417155868,1.8774697207402933,-1.0249018456814554,1.5730444237259738
1771417155872,1.9031437773282545,-0.9919605795369519,1.6241830087240696
1771417155876,1.8979095980044134,-1.0184918653203021,1.6014790546471864
1771417155881,1.8921132001447996,-1.0081236753736846,1.6011805074110939
1771417155885,1.886817116217559,-1.029980871990966,1.5808915944441844
1771417155890,1.8889848113923933,-1.0469158209810725,1.5723329423028325
1771417155894,1.895965807275601,-0.9992405297345365,1.6112742491872898
1771417155898,1.8973246374742474,-1.0257524117370758,1.5961430918881792
1771417155903,1.883129489169675,-0.9989521357914907,1.5963305745922616
1771417155907,1.8862482752378775,-1.002909578257729,1.5975308866112015
1771417155911,1.9173153849993412,-1.0603490871704848,1.597422329533393
1771417155915,0.27664524999911866,-0.0032123023309161545,0.27662659933710215
1771417155920,1.8921132001447996,-1.0081236753736846,1.6011805074110939
1771417155924,0.2701295307699459,-5.3617706082899375e-05,0.27012952544868685
1771417155928,0.27013177050383835,-5.543799759888275e-05,0.27013176481518575
1771417155932,0.270145292982405,-6.247692681089575e-05,0.27014528575783636
1771417155936,0.27008199717929626,-3.221136402616713e-05,0.27008199525845
1771417155940,0.2700952808552144,-3.7728628421584574e-05,0.27009527822012686
1771417155944,0.2700024084600098,-1.0784912981879842e-05,0.27000240824461474
1771417155947,0.27044319665321176,-0.0002560785950485885,0.27044307541469964
1771417155950,0.271302733163718,-0.0008088579630235368,0.2713015274024443
1771417155955,1.893093166345229,-1.0352622205497142,1.5849397058454557
1771417155958,0.27039669728355104,-0.00022278115184440632,0.2703966055082991
1771417155962,1.886817116217559,-1.029980871990966,1.5808915944441844
1771417155966,1.8900906680192582,-0.9941703488880484,1.6075036705168986
1771417155970,1.8819731564932307,-1.012568994604104,1.5863565150770895
1771417155974,1.8979095980044134,-1.0184918653203021,1.6014790546471864
1771417155978,1.8807500390033471,-0.9853130464467449,1.6019921690548076
1771417155981,1.8824692290347191,-1.0097889678786423,1.5887154051664372
1771417155986,1.8979095980044134,-1.0184918653203021,1.6014790546471864
1771417155989,1.8788310532546686,-1.008879612812732,1.5849820357104618
1771417155994,1.9089653037524235,-1.0020442351463918,1.6248248772530733
1771417155998,1.8988561400098958,-1.0020497348711046,1.6129324131215261
1771417156002,1.8900906680192582,-0.9941703488880484,1.6075036705168986
1771417156006,1.9036601129305808,-1.0676085165593872,1.5761135368153958
1771417156010,1.8774697207402933,-1.0249018456814554,1.5730444237259738
1771417156014,0.27035742872080915,-0.00018895374346335507,0.27035736269058813
1771417156018,1.9064609564727428,-1.033283956171864,1.6021603054853115
1771417156022,1.8774697207402933,-1.0249018456814554,1.5730444237259738
1771417156026,1.8904469544226559,-0.9925588390104381,1.6089178470599879
1771417156031,1.894121926573105,-1.0649428735389102,1.5663953998986655
1771417156035,0.26999207504391914,-8.772950786787989e-06,0.26999207490138777
1771417156039,1.886817116217559,-1.029980871990966,1.5808915944441844
1771417156042,0.2703126266229756,-0.00015277494814675214,0.27031258345039627
1771417156045,0.4477398002624405,-0.08662131594658382,0.43928086273218436
1771417156050,0.27008157318319503,-2.2900920824538935e-05,0.27008157221228063
1771417156053,0.2703342133761,-0.00017011739097575634,0.27033415984989395
1771417156057,0.2699728869852768,1.4776762473577313e-05,0.26997288658087937
1771417156061,0.2699339346032905,-0.00011632444098079132,0.26993390953905355
1771417156065,0.2701585989643105,-6.990140938454542e-05,0.2701585899210908
1771417156069,1.8862347179289272,-1.0017932361090296,1.5982151679941652
1771417156073,1.8797156153198387,-1.0013448417923696,1.5907983223190343
1771417156077,1.8952426208635749,-1.0465106767296546,1.5801139184972306
1771417156080,1.8824692290347191,-1.0097889678786423,1.5887154051664372
1771417156084,1.8872177848418046,-1.0630887084690022,1.5593054111843891
1771417156089,1.8889848113923933,-1.0469158209810725,1.5723329423028325
1771417156093,1.8781205234768257,-1.0212136886438694,1.5762167689855504
1771417156097,1.894121926573105,-1.0649428735389102,1.5663953998986655
1771417156100,0.2712934888499994,-0.0008096763064662465,0.27129228060651395
1771417156104,1.8824692290347191,-1.0097889678786423,1.5887154051664372
1771417156109,1.8897234902874063,-1.037407260938101,1.579506582669703
1771417156129,1.8897234902874063,-1.037407260938101,1.579506582669703
1771417156135,0.2713041771517787,-0.0008082576297774617,0.2713029731860814
1771417156140,1.9007825338261748,-1.0603668580057284,1.5775285630826825
1771417156144,1.8862482752378775,-1.002909578257729,1.5975308866112015
1771417156148,1.8904469544226559,-0.9925588390104381,1.6089178470599879
1771417156152,1.9007825338261748,-1.0603668580057284,1.5775285630826825
1771417156156,1.8749520412891172,-1.017822992354223,1.57463694652746
1771417156160,1.8949917482266934,-1.011081005512494,1.602719228729444
1771417156164,1.8862482752378775,-1.002909578257729,1.5975308866112015
1771417156169,1.8781205234768257,-1.0212136886438694,1.5762167689855504
1771417156173,1.9051963096764433,-1.0491543725306365,1.5902981107341427
1771417156177,1.8819731564932307,-1.012568994604104,1.5863565150770895
1771417156181,1.8988561400098958,-1.0020497348711046,1.6129324131215261
1771417156185,1.9017778983775524,-1.0094761688908767,1.6117434781002649
1771417156189,1.8904469544226559,-0.9925588390104381,1.6089178470599879
1771417156193,1.8952426208635749,-1.0465106767296546,1.5801139184972306
1771417156197,1.8911223007231952,-1.0200625956872977,1.5924245216562962
1771417156201,1.8900906680192582,-0.9941703488880484,1.6075036705168986
1771417156205,1.8911223007231952,-1.0200625956872977,1.5924245216562962
1771417156209,1.8904469544226559,-0.9925588390104381,1.6089178470599879
1771417156213,1.8921132001447996,-1.0081236753736846,1.6011805074110939
1771417156217,1.8797156153198387,-1.0013448417923696,1.5907983223190343
1771417156221,1.9076405797698637,-1.0150304930904337,1.6151797669861063
1771417156225,1.8862347179289272,-1.0017932361090296,1.5982151679941652
1771417156229,1.8988561400098958,-1.0020497348711046,1.6129324131215261
1771417156233,1.886817116217559,-1.029980871990966,1.5808915944441844
1771417156238,1.8819731564932307,-1.012568994604104,1.5863565150770895
1771417156242,1.902553560784506,-1.0426417787512903,1.5914170329791462
1771417156247,1.8781205234768257,-1.0212136886438694,1.5762167689855504
1771417156251,1.8862482752378775,-1.002909578257729,1.5975308866112015
1771417156255,1.8988561400098958,-1.0020497348711046,1.6129324131215261
1771417156259,1.8819731564932307,-1.012568994604104,1.5863565150770895
1771417156263,1.883129489169675,-0.9989521357914907,1.5963305745922616
1771417156267,1.8940352934378173,-1.0274722961959084,1.591122362779804
1771417156272,1.901052697736844,-1.0181444834038467,1.6054230503162856
1771417156276,1.8904469544226559,-0.9925588390104381,1.6089178470599879
1771417156280,0.27004988941396346,-1.8879098916140165e-06,0.2700498894073643
1771417156284,1.8800589741473985,-0.9572355077485906,1.6181229647271762
1771417156289,0.27678488562301,-0.003302078663025181,0.2767651878142299
1771417156293,0.27025606875705044,-0.00011000245647726164,0.2702560463698734
1771417156298,1.8973246374742474,-1.0257524117370758,1.5961430918881792
1771417156303,1.8726975048479397,-0.963712485585653,1.6056943014752285
1771417156306,0.27045460219226,-0.000262822109705997,0.27045447448972304
1771417156310,1.8781205234768257,-1.0212136886438694,1.5762167689855504
1771417156314,1.8797156153198387,-1.0013448417923696,1.5907983223190343
1771417156319,1.9036601129305808,-1.0676085165593872,1.5761135368153958
1771417156323,0.2704016308995141,-0.00022850666248219048,0.27040153434812875
1771417156327,1.8897234902874063,-1.037407260938101,1.579506582669703
1771417156331,1.8979095980044134,-1.0184918653203021,1.6014790546471864
1771417156334,0.27040868233946586,-0.00023190856078948187,0.27040858289445174
1771417156339,1.8973246374742474,-1.0257524117370758,1.5961430918881792
1771417156343,0.2704166453238093,-0.0002377538323182273,0.270416540805658
1771417156346,0.2704596101600829,-0.00026528131010100024,0.27045948005897397
1771417156350,1.8897234902874063,-1.037407260938101,1.579506582669703
1771417156355,1.883129489169675,-0.9989521357914907,1.5963305745922616
1771417156359,1.8819731564932307,-1.012568994604104,1.5863565150770895
1771417156363,1.9051963096764433,-1.0491543725306365,1.5902981107341427
1771417156367,1.8781205234768257,-1.0212136886438694,1.5762167689855504
1771417156371,1.8949917482266934,-1.011081005512494,1.602719228729444
1771417156375,1.9007825338261748,-1.0603668580057284,1.5775285630826825
1771417156379,1.8921132001447996,-1.0081236753736846,1.6011805074110939
1771417156383,1.8908372651874708,-0.9811026900055644,1.6163858063858019
1771417156387,1.885836606830476,-1.0463079617035151,1.568954861344876
1771417156390,0.27134936979825824,-0.0007963325450879169,0.2713482012919738
1771417156395,0.27098948276534063,-0.00012334862869309927,0.2709894546925076
1771417156399,1.883129489169675,-0.9989521357914907,1.5963305745922616
1771417156403,1.883129489169675,-0.9989521357914907,1.5963305745922616
1771417156408,1.8786214433976511,-1.0486316655344754,1.5587142642677863
1771417156412,1.8897234902874063,-1.037407260938101,1.579506582669703
1771417156415,0.2705198474743917,-0.0002850282608448478,0.2705196973169582
1771417156419,0.26999414024570145,-2.4787497055996416e-06,0.26999414023432305
1771417156422,0.2713736258435185,-0.000783906188058011,0.2713724936218597
1771417156426,0.27037352908560147,-0.00020423556519309836,0.27037345194755436
1771417156430,0.27005273558878184,-2.2423538826087385e-05,0.2700527346578246
1771417156433,0.2704309816954739,-0.00024721131735669767,0.2704308687027839
1771417156437,0.2703830362462583,-0.00021196839434225068,0.2703829531593019
1771417156441,1.8788310532546686,-1.008879612812732,1.5849820357104618
1771417156445,0.2703691942162434,-0.00019886213493598421,0.2703691210826266
1771417156449,1.8904469544226559,-0.9925588390104381,1.6089178470599879
1771417156453,1.8973246374742474,-1.0257524117370758,1.5961430918881792
1771417156457,0.2704287790389696,-0.0002445547983137247,0.2704286684607578
1771417156460,1.883129489169675,-0.9989521357914907,1.5963305745922616
1771417156464,1.8904469544226559,-0.9925588390104381,1.6089178470599879
1771417156468,1.898185559333648,-0.975589683080013,1.6282914935387443
1771417156472,1.8939279977086403,-0.9853900994639071,1.6173959355653058
1771417156476,1.8911223007231952,-1.0200625956872977,1.5924245216562962
1771417156481,1.895965807275601,-0.9992405297345365,1.6112742491872898
1771417156484,0.2713127815198231,-0.0008073724770406568,0.2713115802278011
1771417156488,1.8819731564932307,-1.012568994604104,1.5863565150770895
1771417156493,1.8900906680192582,-0.9941703488880484,1.6075036705168986
1771417156497,1.8862482752378775,-1.002909578257729,1.5975308866112015
1771417156500,0.2713645977544061,-0.000788943070906779,0.2713634508979451
1771417156504,1.8797156153198387,-1.0013448417923696,1.5907983223190343
1771417156508,1.8994638439499616,-1.038054685468211,1.5907247921782879
1771417156512,1.886817116217559,-1.029980871990966,1.5808915944441844
1771417156517,1.8869880013317313,-0.9900246188657716,1.6064168111700043
1771417156520,0.2713664911281926,-0.0007880577975974846,0.2713653468520531
1771417156524,1.8904469544226559,-0.9925588390104381,1.6089178470599879
1771417156528,1.8869880013317313,-0.9900246188657716,1.6064168111700043
1771417156533,1.901052697736844,-1.0181444834038467,1.6054230503162856
1771417156536,1.886817116217559,-1.029980871990966,1.5808915944441844
1771417156540,1.8911223007231952,-1.0200625956872977,1.5924245216562962
1771417156544,1.8939279977086403,-0.9853900994639071,1.6173959355653058
1771417156549,1.8939279977086403,-0.9853900994639071,1.6173959355653058
1771417156553,1.8749520412891172,-1.017822992354223,1.57463694652746
1771417156557,1.8940352934378173,-1.0274722961959084,1.591122362779804
1771417156561,1.8949917482266934,-1.011081005512494,1.602719228729444
1771417156565,1.8908372651874708,-0.9811026900055644,1.6163858063858019
1771417156569,1.8994638439499616,-1.038054685468211,1.5907247921782879
1771417156574,1.8900906680192582,-0.9941703488880484,1.6075036705168986
1771417156578,1.8788310532546686,-1.008879612812732,1.5849820357104618
1771417156582,1.898031834232966,-1.056013229748121,1.577136932025466
1771417156586,1.8757148920849367,-1.0074901427508267,1.5821725470532992
1771417156591,1.8973246374742474,-1.0257524117370758,1.5961430918881792
1771417156595,1.8862482752378775,-1.002909578257729,1.5975308866112015
1771417156599,1.8949917482266934,-1.011081005512494,1.602719228729444
1771417156604,1.8973246374742474,-1.0257524117370758,1.5961430918881792
1771417156608,1.8949917482266934,-1.011081005512494,1.602719228729444
1771417156612,1.8862347179289272,-1.0017932361090296,1.5982151679941652
1771417156616,1.8726013586548196,-1.0040586148797135,1.5806650961926463
1771417156620,1.557102316401809,-0.6734913990554495,1.4039148689084435
1771417156624,1.8979095980044134,-1.0184918653203021,1.6014790546471864
1771417156628,1.8869880013317313,-0.9900246188657716,1.6064168111700043
1771417156633,1.8973246374742474,-1.0257524117370758,1.5961430918881792
1771417156637,1.9034417700099535,-1.028144149394054,1.6018770801423565
1771417156641,1.8834921969789797,-0.9934079530665152,1.6002135778904327
1771417156645,1.8949917482266934,-1.011081005512494,1.602719228729444
1771417156649,1.8897234902874063,-1.037407260938101,1.579506582669703
1771417156653,1.8721455962451414,-1.0127156299938624,1.5745907996385
1771417156657,1.8862347179289272,-1.0017932361090296,1.5982151679941652
1771417156661,1.8862482752378775,-1.002909578257729,1.5975308866112015
1771417156665,1.883129489169675,-0.9989521357914907,1.5963305745922616
1771417156670,1.8940352934378173,-1.0274722961959084,1.591122362779804
1771417156674,1.882937483612413,-1.0388481544976267,1.5704292658663497
1771417156678,1.8904469544226559,-0.9925588390104381,1.6089178470599879
1771417156683,1.8973246374742474,-1.0257524117370758,1.5961430918881792
1771417156687,0.27003242661964255,-1.6614354057373298e-05,0.27003242610852474
1771417156691,1.8940352934378173,-1.0274722961959084,1.591122362779804
1771417156694,0.27130847639378725,-0.000807610677762173,0.2713072743737465
1771417156699,1.8897234902874063,-1.037407260938101,1.579506582669703
1771417156703,1.8973246374742474,-1.0257524117370758,1.5961430918881792
1771417156707,1.8979095980044134,-1.0184918653203021,1.6014790546471864
1771417156711,0.27038873181237616,-0.00021652301735526343,0.27038864511825944
1771417156715,1.9017778983775524,-1.0094761688908767,1.6117434781002649
1771417156719,1.8939279977086403,-0.9853900994639071,1.6173959355653058
1771417156722,0.2713454047534302,-0.0007975619791314955,0.27134423261918117
1771417156726,1.5072182156186484,-0.6452117960682141,1.362133799487808
1771417156730,1.8900906680192582,-0.9941703488880484,1.6075036705168986
1771417156735,1.8908372651874708,-0.9811026900055644,1.6163858063858019
1771417156739,1.8897234902874063,-1.037407260938101,1.579506582669703
1771417156742,0.2713622097134226,-0.0007902919063867571,0.27136105892197254
1771417156747,1.8921132001447996,-1.0081236753736846,1.6011805074110939
1771417156750,0.271379092546896,-0.0007805106502113339,0.27137797013520026
1771417156754,1.8834921969789797,-0.9934079530665152,1.6002135778904327
1771417156758,1.8988561400098958,-1.0020497348711046,1.6129324131215261
1771417156762,1.9017778983775524,-1.0094761688908767,1.6117434781002649
1771417156766,1.7374119511831354,-0.8188560968357591,1.532342971005152
1771417156770,0.2702576787083875,-8.500322701495067e-05,0.27025766534049944
1771417156774,0.289482014774243,-0.012007001336729991,0.2892328971549654
1771417156778,1.534112678735055,-0.6391975149737663,1.3946068434892351
1771417156782,0.2700213681894831,-8.255302205418169e-06,0.27002136806328936
1771417156786,0.851556140482878,-0.2737504202818769,0.8063551127075408
1771417156791,1.8897234902874063,-1.037407260938101,1.579506582669703
1771417156795,1.8952426208635749,-1.0465106767296546,1.5801139184972306
1771417156799,1.9034417700099535,-1.028144149394054,1.6018770801423565
1771417156803,1.8862482752378775,-1.002909578257729,1.5975308866112015
1771417156807,1.8911223007231952,-1.0200625956872977,1.5924245216562962
1771417156811,1.8988561400098958,-1.0020497348711046,1.6129324131215261
1771417156815,1.8921132001447996,-1.0081236753736846,1.6011805074110939
1771417156819,1.8897234902874063,-1.037407260938101,1.579506582669703
1771417156823,1.885836606830476,-1.0463079617035151,1.568954861344876
1771417156828,1.9017778983775524,-1.0094761688908767,1.6117434781002649
1771417156832,1.8940352934378173,-1.0274722961959084,1.591122362779804
1771417156836,1.8900906680192582,-0.9941703488880484,1.6075036705168986
1771417156839,1.8904469544226559,-0.9925588390104381,1.6089178470599879
1771417156844,1.8994638439499616,-1.038054685468211,1.5907247921782879
1771417156848,1.883129489169675,-0.9989521357914907,1.5963305745922616
1771417156853,1.8973246374742474,-1.0257524117370758,1.5961430918881792
1771417156856,0.2713046711723572,-0.0008083892157891288,0.271303466816804
1771417156860,1.8797156153198387,-1.0013448417923696,1.5907983223190343
1771417156864,1.8979095980044134,-1.0184918653203021,1.6014790546471864
1771417156869,1.9069969614339555,-0.982834728201328,1.634219479739414
1771417156872,1.8797156153198387,-1.0013448417923696,1.5907983223190343
1771417156877,1.8994638439499616,-1.038054685468211,1.5907247921782879
1771417156881,1.8911223007231952,-1.0200625956872977,1.5924245216562962
1771417156884,0.2705183544337184,-0.0002849903740920702,0.27051820431537243
1771417156888,1.898031834232966,-1.056013229748121,1.577136932025466
1771417156892,1.8939279977086403,-0.9853900994639071,1.6173959355653058
1771417156897,1.8807500390033471,-0.9853130464467449,1.6019921690548076
1771417156901,1.8897234902874063,-1.037407260938101,1.579506582669703
1771417156906,1.9017778983775524,-1.0094761688908767,1.6117434781002649
1771417156910,1.8921132001447996,-1.0081236753736846,1.6011805074110939
1771417156914,1.893093166345229,-1.0352622205497142,1.5849397058454557
1771417156919,1.9017778983775524,-1.0094761688908767,1.6117434781002649
1771417156923,1.8819731564932307,-1.012568994604104,1.5863565150770895
1771417156927,1.8921132001447996,-1.0081236753736846,1.6011805074110939
1771417156931,1.8979095980044134,-1.0184918653203021,1.6014790546471864
1771417156935,1.8904469544226559,-0.9925588390104381,1.6089178470599879
1771417156939,1.8819731564932307,-1.012568994604104,1.5863565150770895
1771417156943,1.8904469544226559,-0.9925588390104381,1.6089178470599879
1771417156947,1.8862482752378775,-1.002909578257729,1.5975308866112015
1771417156951,1.8904469544226559,-0.9925588390104381,1.6089178470599879
1771417156956,1.891453116493723,-1.0541487100645894,1.570466615042478
1771417156960,1.8834921969789797,-0.9934079530665152,1.6002135778904327
1771417156965,1.8973246374742474,-1.0257524117370758,1.5961430918881792
1771417156969,1.910362258821449,-1.0238861498185714,1.6128053546969303
1771417156973,1.895965807275601,-0.9992405297345365,1.6112742491872898
1771417156976,0.2704099463909137,-0.0002315036230387034,0.2704098472933435
1771417156981,1.869891448710191,-0.9976242107715964,1.5815308925347762
1771417156985,1.8900906680192582,-0.9941703488880484,1.6075036705168986
1771417156989,1.8819731564932307,-1.012568994604104,1.5863565150770895
1771417156993,1.8897234902874063,-1.037407260938101,1.579506582669703
1771417156997,1.8788310532546686,-1.008879612812732,1.5849820357104618
1771417157002,1.883129489169675,-0.9989521357914907,1.5963305745922616
1771417157006,1.9064609564727428,-1.033283956171864,1.6021603054853115
1771417157010,1.8949917482266934,-1.011081005512494,1.602719228729444
1771417157014,1.8952426208635749,-1.0465106767296546,1.5801139184972306
1771417157018,1.895965807275601,-0.9992405297345365,1.6112742491872898
1771417157022,1.8834921969789797,-0.9934079530665152,1.6002135778904327
1771417157027,1.8897234902874063,-1.037407260938101,1.579506582669703
1771417157031,1.8889848113923933,-1.0469158209810725,1.5723329423028325
1771417157035,0.26989818143111066,-0.00014706777588604497,0.2698981413624222
1771417157039,0.2703829029340128,-0.00021186055773522326,0.2703828199315331
1771417157043,1.8834921969789797,-0.9934079530665152,1.6002135778904327
1771417157047,1.8897234902874063,-1.037407260938101,1.579506582669703
1771417157050,0.27038701318479264,-0.00021587798219180928,0.27038692700589284
1771417157054,1.8721455962451414,-1.0127156299938624,1.5745907996385
1771417157058,1.8897234902874063,-1.037407260938101,1.579506582669703
1771417157062,1.8979095980044134,-1.0184918653203021,1.6014790546471864
1771417157066,1.8908372651874708,-0.9811026900055644,1.6163858063858019
1771417157070,1.9031437773282545,-0.9919605795369519,1.6241830087240696
1771417157074,1.8819731564932307,-1.012568994604104,1.5863565150770895
1771417157079,1.8783081066453797,-0.9756442334199491,1.6050419537458052
1771417157083,1.886817116217559,-1.029980871990966,1.5808915944441844
1771417157086,0.2713717953519976,-0.0007850359251577008,0.2713706598568878
1771417157090,1.8819731564932307,-1.012568994604104,1.5863565150770895
1771417157095,1.8949917482266934,-1.011081005512494,1.602719228729444
1771417157099,1.898031834232966,-1.056013229748121,1.577136932025466
1771417157102,0.27132209091896997,-0.0008047178850190276,0.27132089755447764
1771417157107,1.9080535298663974,-1.05749611318189,1.5881971676844202
1771417157110,0.27136802964511775,-0.000787169606933829,0.27136688795334524
1771417157113,0.271366226226885,-0.0007882018931065181,0.27136508153112965
1771417157117,0.2700483584718365,-2.0945592480495624e-05,0.27004835765954155
1771417157120,0.27135382880978576,-0.0007941920020927223,0.2713526665960634
1771417157123,0.271375760005981,-0.0007827063259596167,0.2713746312565548
1771417157127,1.912314190368545,-1.0001291234205028,1.629934753041066
1771417157131,1.8897234902874063,-1.037407260938101,1.579506582669703
1771417157135,0.27137031613124385,-0.000785713536003047,0.27136917866885796
1771417157138,0.9700387531484232,-0.32741406918083243,0.9131129228700012
1771417157143,1.901052697736844,-1.0181444834038467,1.6054230503162856
1771417157146,0.2699209540635625,-0.00012421085998084042,0.2699209254841982
1771417157150,0.2700410729484028,-1.917696319457791e-05,0.27004107226747687
1771417157154,0.2700985082624817,-3.90318775442223e-05,0.27009850544223757
1771417157157,0.2704044668431292,-0.00022732586538232375,0.27040437128801725
1771417157161,1.8904469544226559,-0.9925588390104381,1.6089178470599879
1771417157165,1.893093166345229,-1.0352622205497142,1.5849397058454557
1771417157169,1.1040574813413901,-0.397925222219435,1.0298536010654658
1771417157172,0.2703856016828963,-0.00021620931296032386,0.2703855152388065
1771417157177,1.8940352934378173,-1.0274722961959084,1.591122362779804
1771417157181,1.9031437773282545,-0.9919605795369519,1.6241830087240696
1771417157184,0.27132657680085137,-0.0008034533693757917,0.27132538720354116
1771417157188,1.9094961764588703,-1.0346283254017588,1.6049049430378728
1771417157192,1.8904469544226559,-0.9925588390104381,1.6089178470599879
1771417157197,1.901052697736844,-1.0181444834038467,1.6054230503162856
1771417157200,0.2704309628080085,-0.00024821930381207136,0.2704308488919925
1771417157205,1.8862347179289272,-1.0017932361090296,1.5982151679941652
1771417157209,1.8834921969789797,-0.9934079530665152,1.6002135778904327
1771417157212,0.27130157716907605,-0.0008088121318856529,0.27130037153930225
1771417157216,1.8876424259154432,-0.9808736322825039,1.6127866708306051
1771417157220,1.8862347179289272,-1.0017932361090296,1.5982151679941652
1771417157223,1.8949917482266934,-1.011081005512494,1.602719228729444
1771417157228,1.8788310532546686,-1.008879612812732,1.5849820357104618
1771417157232,1.882937483612413,-1.0388481544976267,1.5704292658663497
1771417157236,1.9080535298663974,-1.05749611318189,1.5881971676844202
1771417157240,1.886817116217559,-1.029980871990966,1.5808915944441844
1771417157244,1.9165508252292125,-1.0298554936678683,1.6163430105794026
1771417157248,1.9017778983775524,-1.0094761688908767,1.6117434781002649
1771417157252,1.8862482752378775,-1.002909578257729,1.5975308866112015
1771417157256,1.9034417700099535,-1.028144149394054,1.6018770801423565
1771417157261,1.9017778983775524,-1.0094761688908767,1.6117434781002649
1771417157264,0.2713715570946013,-0.0007853194007189966,0.2713704207782921
1771417157268,1.8897234902874063,-1.037407260938101,1.579506582669703
1771417157272,1.885836606830476,-1.0463079617035151,1.568954861344876
1771417157276,1.8862347179289272,-1.0017932361090296,1.5982151679941652
1771417157280,1.9094961764588703,-1.0346283254017588,1.6049049430378728
1771417157284,1.8845956675216904,-0.9764426833938581,1.6119120683486823
1771417157289,1.901052697736844,-1.0181444834038467,1.6054230503162856
1771417157293,1.886817116217559,-1.029980871990966,1.5808915944441844
1771417157297,1.9007825338261748,-1.0603668580057284,1.5775285630826825
1771417157301,1.8797156153198387,-1.0013448417923696,1.5907983223190343
1771417157305,1.8940352934378173,-1.0274722961959084,1.591122362779804
1771417157309,1.8904469544226559,-0.9925588390104381,1.6089178470599879
1771417157313,1.8908372651874708,-0.9811026900055644,1.6163858063858019
1771417157318,1.901052697736844,-1.0181444834038467,1.6054230503162856
1771417157321,1.8819731564932307,-1.012568994604104,1.5863565150770895
1771417157326,1.8797156153198387,-1.0013448417923696,1.5907983223190343
1771417157330,1.9064609564727428,-1.033283956171864,1.6021603054853115
1771417157333,1.9031437773282545,-0.9919605795369519,1.6241830087240696
1771417157338,1.9089653037524235,-1.0020442351463918,1.6248248772530733
1771417157343,1.901052697736844,-1.0181444834038467,1.6054230503162856
1771417157347,1.8869880013317313,-0.9900246188657716,1.6064168111700043
1771417157351,0.27004362830731515,-1.3358884482167754e-05,0.27004362797688747
1771417157356,1.8921132001447996,-1.0081236753736846,1.6011805074110939
1771417157359,1.8900906680192582,-0.9941703488880484,1.6075036705168986
1771417157363,0.44163105113807744,-0.07818306388670282,0.43465548869260917
1771417157367,1.8819731564932307,-1.012568994604104,1.5863565150770895
1771417157371,1.8781205234768257,-1.0212136886438694,1.5762167689855504
1771417157375,1.8911223007231952,-1.0200625956872977,1.5924245216562962
1771417157379,1.8900906680192582,-0.9941703488880484,1.6075036705168986
1771417157383,1.876895347445123,-0.9941888004808332,1.5919562727222225
1771417157387,0.27015433860272675,-6.795377965425857e-05,0.27015433005628575
1771417157390,0.27041785988977424,-0.00023917897545131872,0.27041775411533775
1771417157394,1.8904469544226559,-0.9925588390104381,1.6089178470599879
1771417157399,1.893093166345229,-1.0352622205497142,1.5849397058454557
1771417157402,0.2704532629839464,-0.0002617220333892326,0.2704531363475767
1771417157407,1.8781205234768257,-1.0212136886438694,1.5762167689855504
1771417157410,1.8862347179289272,-1.0017932361090296,1.5982151679941652
1771417157414,1.8862482752378775,-1.002909578257729,1.5975308866112015
1771417157418,1.8911223007231952,-1.0200625956872977,1.5924245216562962
1771417157422,1.895965807275601,-0.9992405297345365,1.6112742491872898
1771417157426,1.8788310532546686,-1.008879612812732,1.5849820357104618
1771417157431,1.8921132001447996,-1.0081236753736846,1.6011805074110939
1771417157434,1.8819731564932307,-1.012568994604104,1.5863565150770895
1771417157439,1.8819731564932307,-1.012568994604104,1.5863565150770895
1771417157442,0.2704589751865496,-0.00026457717395811907,0.2704588457748751
1771417157447,1.8726013586548196,-1.0040586148797135,1.5806650961926463
1771417157455,0.2704326623867978,-0.0002483481512197891,0.27043254835320313
1771417157460,1.8940352934378173,-1.0274722961959084,1.591122362779804
1771417157475,1.8940352934378173,-1.0274722961959084,1.591122362779804
1771417157482,1.9076405797698637,-1.0150304930904337,1.6151797669861063
1771417157486,1.8940352934378173,-1.0274722961959084,1.591122362779804
1771417157491,1.883129489169675,-0.9989521357914907,1.5963305745922616
1771417157495,1.8869880013317313,-0.9900246188657716,1.6064168111700043
1771417157499,1.8904469544226559,-0.9925588390104381,1.6089178470599879
1771417157503,1.8911223007231952,-1.0200625956872977,1.5924245216562962
1771417157507,1.8781205234768257,-1.0212136886438694,1.5762167689855504
1771417157511,1.8911223007231952,-1.0200625956872977,1.5924245216562962
1771417157515,1.8862347179289272,-1.0017932361090296,1.5982151679941652
1771417157519,1.8869880013317313,-0.9900246188657716,1.6064168111700043
1771417157523,1.8904469544226559,-0.9925588390104381,1.6089178470599879
1771417157527,0.2700347237999499,-7.537864977096085e-07,0.27003472379889787
1771417157530,0.27007998310423514,-3.156023979375996e-05,0.2700799812602467
1771417157534,0.27008644663835013,-3.417306732746802e-05,0.2700864444764524
1771417157538,0.2712952465118581,-0.0008097430535278409,0.271294038076986
1771417157542,0.27044497489925295,-0.0002567809784442067,0.2704448529955537
1771417157545,0.27032964318579217,-0.000168178350766844,0.27032959087195774
1771417157549,0.2704110973170298,-0.00023162076787749454,0.2704109981195662
1771417157553,0.2703506337577317,-0.0001821025365639098,0.27035057242749344
1771417157556,1.8824692290347191,-1.0097889678786423,1.5887154051664372
1771417157560,1.8979095980044134,-1.0184918653203021,1.6014790546471864
1771417157565,1.8911223007231952,-1.0200625956872977,1.5924245216562962
1771417157569,1.9047874992147567,-1.0106047501735167,1.6145877046761907
1771417157573,1.8797156153198387,-1.0013448417923696,1.5907983223190343
1771417157577,1.8862347179289272,-1.0017932361090296,1.5982151679941652
1771417157581,1.8797156153198387,-1.0013448417923696,1.5907983223190343
1771417157584,0.27051775032090447,-0.00028496551889854174,0.27051760022840704
1771417157588,1.8757148920849367,-1.0074901427508267,1.5821725470532992
1771417157592,1.8897234902874063,-1.037407260938101,1.579506582669703
1771417157596,1.886817116217559,-1.029980871990966,1.5808915944441844
1771417157601,1.893093166345229,-1.0352622205497142,1.5849397058454557
1771417157605,1.8900906680192582,-0.9941703488880484,1.6075036705168986
1771417157609,0.271373342643589,-0.0007839627159283882,0.27137221025745206
1771417157613,1.9034417700099535,-1.028144149394054,1.6018770801423565
1771417157617,1.8824692290347191,-1.0097889678786423,1.5887154051664372
1771417157621,1.8949917482266934,-1.011081005512494,1.602719228729444
1771417157625,1.8862482752378775,-1.002909578257729,1.5975308866112015
1771417157629,1.8921132001447996,-1.0081236753736846,1.6011805074110939
1771417157633,1.8979095980044134,-1.0184918653203021,1.6014790546471864
1771417157637,0.2713759930645313,-0.0007824683212149376,0.2713748650024295
1771417157641,1.886817116217559,-1.029980871990966,1.5808915944441844
1771417157645,1.8876424259154432,-0.9808736322825039,1.6127866708306051
1771417157649,1.8862482752378775,-1.002909578257729,1.5975308866112015
1771417157653,1.8897234902874063,-1.037407260938101,1.579506582669703
1771417157658,1.8889848113923933,-1.0469158209810725,1.5723329423028325
1771417157662,1.8819731564932307,-1.012568994604104,1.5863565150770895
1771417157666,1.902553560784506,-1.0426417787512903,1.5914170329791462
1771417157670,1.8921132001447996,-1.0081236753736846,1.6011805074110939
1771417157675,1.8869880013317313,-0.9900246188657716,1.6064168111700043
1771417157679,1.8939279977086403,-0.9853900994639071,1.6173959355653058
1771417157682,1.8862347179289272,-1.0017932361090296,1.5982151679941652
1771417157687,1.901052697736844,-1.0181444834038467,1.6054230503162856
1771417157691,1.885836606830476,-1.0463079617035151,1.568954861344876
1771417157695,1.8949917482266934,-1.011081005512494,1.602719228729444
1771417157699,1.8721455962451414,-1.0127156299938624,1.5745907996385
1771417157704,1.901052697736844,-1.0181444834038467,1.6054230503162856
1771417157708,1.9089653037524235,-1.0020442351463918,1.6248248772530733
1771417157712,1.3324675265414394,-0.520887673838072,1.2264361950509386
1771417157716,1.8904469544226559,-0.9925588390104381,1.6089178470599879
1771417157720,1.8908372651874708,-0.9811026900055644,1.6163858063858019
1771417157724,1.885836606830476,-1.0463079617035151,1.568954861344876
1771417157728,1.8726013586548196,-1.0040586148797135,1.5806650961926463
1771417157733,1.8788310532546686,-1.008879612812732,1.5849820357104618
1771417157737,1.8786214433976511,-1.0486316655344754,1.5587142642677863
1771417157740,0.4871015058561979,-0.10594737975990373,0.47543982766422327
1771417157744,1.8797156153198387,-1.0013448417923696,1.5907983223190343
1771417157748,0.26992055047734304,-0.0001253586194303966,0.26992052136732475
1771417157752,0.269993542800803,-3.7996205698157855e-06,0.26999354277406695
1771417157755,0.26991072472627453,-7.422131189049677e-05,0.2699107145214128
1771417157760,0.2700538065063619,-1.964771712843164e-05,0.2700538057916288
1771417157763,0.2701479192694512,-6.34676398479566e-05,0.2701479118140146
1771417157767,0.2703775708992156,-0.00020665265590912626,0.27037749192571514
1771417157771,0.2703752842131724,-0.00020477338334605368,0.270375206668835
1771417157774,0.27133685800402907,-0.0008005826672527055,0.27133567693705807
1771417157778,1.8921132001447996,-1.0081236753736846,1.6011805074110939
1771417157783,1.8749520412891172,-1.017822992354223,1.57463694652746
1771417157787,1.9051963096764433,-1.0491543725306365,1.5902981107341427
1771417157790,0.270458145120059,-0.0002641145518094189,0.2704580161601545
1771417157794,1.8788310532546686,-1.008879612812732,1.5849820357104618
1771417157798,1.8897234902874063,-1.037407260938101,1.579506582669703
1771417157802,1.8900906680192582,-0.9941703488880484,1.6075036705168986
1771417157807,1.8834921969789797,-0.9934079530665152,1.6002135778904327
1771417157811,1.895965807275601,-0.9992405297345365,1.6112742491872898
1771417157815,1.8862482752378775,-1.002909578257729,1.5975308866112015
1771417157818,0.27045398678861293,-0.0002621382562672192,0.2704538597494771
1771417157823,1.8973246374742474,-1.0257524117370758,1.5961430918881792
1771417157826,0.2713546703363476,-0.0007938179197506589,0.2713535092208283
1771417157831,1.895965807275601,-0.9992405297345365,1.6112742491872898
1771417157835,1.8897234902874063,-1.037407260938101,1.579506582669703
1771417157838,0.270519045488589,-0.0002850124220930752,0.27051889534739815
1771417157842,0.845236170659142,-0.2695467358053981,0.8011047006522838
1771417157847,1.8979095980044134,-1.0184918653203021,1.6014790546471864
1771417157850,1.8949917482266934,-1.011081005512494,1.602719228729444
1771417157854,0.27043482394141793,-0.0002507644849751743,0.27043470767894934
1771417157858,1.8897234902874063,-1.037407260938101,1.579506582669703
1771417157861,1.8921132001447996,-1.0081236753736846,1.6011805074110939
1771417157865,0.2700415159510476,-1.358298842819468e-05,0.27004151560943795
1771417157869,0.27000304286475213,-2.7892817714687405e-05,0.27000304142401044
1771417157873,0.27001877362172344,-1.4118981037320437e-05,0.27001877325259055
1771417157877,1.883129489169675,-0.9989521357914907,1.5963305745922616
1771417157881,1.8824692290347191,-1.0097889678786423,1.5887154051664372
1771417157885,1.8940352934378173,-1.0274722961959084,1.591122362779804
1771417157889,0.26990993225002646,-0.00017427133116315035,0.26990987598959215
1771417157893,0.2703860767093776,-0.0002135661423649137,0.2703859923660844
1771417157896,1.8904469544226559,-0.9925588390104381,1.6089178470599879
1771417157900,1.895965807275601,-0.9992405297345365,1.6112742491872898
1771417157904,1.883129489169675,-0.9989521357914907,1.5963305745922616
1771417157909,1.8900906680192582,-0.9941703488880484,1.6075036705168986
1771417157912,1.886817116217559,-1.029980871990966,1.5808915944441844
1771417157916,1.8749520412891172,-1.017822992354223,1.57463694652746
1771417157921,1.8911223007231952,-1.0200625956872977,1.5924245216562962
1771417157925,1.9017778983775524,-1.0094761688908767,1.6117434781002649
1771417157929,0.27136230302316605,-0.0007901863686460651,0.27136115253945137
1771417157932,1.8979095980044134,-1.0184918653203021,1.6014790546471864
1771417157936,1.8988561400098958,-1.0020497348711046,1.6129324131215261
1771417157941,1.8897234902874063,-1.037407260938101,1.579506582669703
1771417157944,1.8862347179289272,-1.0017932361090296,1.5982151679941652
1771417157948,1.8824692290347191,-1.0097889678786423,1.5887154051664372
1771417157952,1.8988561400098958,-1.0020497348711046,1.6129324131215261
1771417157956,1.8908372651874708,-0.9811026900055644,1.6163858063858019
1771417157960,1.8862347179289272,-1.0017932361090296,1.5982151679941652
1771417157964,1.8940352934378173,-1.0274722961959084,1.591122362779804
1771417157968,1.8904469544226559,-0.9925588390104381,1.6089178470599879
1771417157971,1.8897234902874063,-1.037407260938101,1.579506582669703
1771417157975,1.8949917482266934,-1.011081005512494,1.602719228729444
1771417157979,1.9017778983775524,-1.0094761688908767,1.6117434781002649
1771417157983,1.8904469544226559,-0.9925588390104381,1.6089178470599879
1771417157987,1.8819731564932307,-1.012568994604104,1.5863565150770895
1771417157991,1.8781205234768257,-1.0212136886438694,1.5762167689855504
1771417157995,1.8862347179289272,-1.0017932361090296,1.5982151679941652
1771417157999,1.8876424259154432,-0.9808736322825039,1.6127866708306051
1771417158003,1.9060689765796817,-0.9994185272580408,1.6230408346227412
1771417158007,1.8797156153198387,-1.0013448417923696,1.5907983223190343
1771417158011,1.8862482752378775,-1.002909578257729,1.5975308866112015
1771417158015,1.8994638439499616,-1.038054685468211,1.5907247921782879
1771417158019,1.885836606830476,-1.0463079617035151,1.568954861344876
1771417158024,1.8869880013317313,-0.9900246188657716,1.6064168111700043
1771417158027,1.8897234902874063,-1.037407260938101,1.579506582669703
1771417158031,1.8819731564932307,-1.012568994604104,1.5863565150770895
1771417158036,1.8797156153198387,-1.0013448417923696,1.5907983223190343
1771417158040,1.898031834232966,-1.056013229748121,1.577136932025466
1771417158043,1.8949917482266934,-1.011081005512494,1.602719228729444
1771417158048,1.8869880013317313,-0.9900246188657716,1.6064168111700043
1771417158052,1.8949917482266934,-1.011081005512494,1.602719228729444
1771417158056,1.8869880013317313,-0.9900246188657716,1.6064168111700043
1771417158060,1.8921132001447996,-1.0081236753736846,1.6011805074110939
1771417158065,1.8994638439499616,-1.038054685468211,1.5907247921782879
1771417158069,1.8757148920849367,-1.0074901427508267,1.5821725470532992
1771417158073,1.8819731564932307,-1.012568994604104,1.5863565150770895
1771417158077,1.886817116217559,-1.029980871990966,1.5808915944441844
1771417158081,0.2700466416806838,-2.0678818745395948e-05,0.27004664088894365
1771417158085,1.8757148920849367,-1.0074901427508267,1.5821725470532992
1771417158089,1.895965807275601,-0.9992405297345365,1.6112742491872898
1771417158094,1.8973246374742474,-1.0257524117370758,1.5961430918881792
1771417158098,1.8819731564932307,-1.012568994604104,1.5863565150770895
1771417158102,1.902553560784506,-1.0426417787512903,1.5914170329791462
1771417158105,1.8862347179289272,-1.0017932361090296,1.5982151679941652
1771417158110,1.8819731564932307,-1.012568994604104,1.5863565150770895
1771417158115,1.8973246374742474,-1.0257524117370758,1.5961430918881792
1771417158119,0.27006778251721886,-1.874743405576002e-05,0.2700677818665187
1771417158123,0.42010689352021674,-0.06436466809586129,0.41514695167388177
1771417158127,0.27003099323922847,-1.6889709116099997e-05,0.2700309927110256
1771417158131,0.27000029356727023,8.290673245500585e-06,0.27000029343998283
1771417158135,0.27004339408084205,5.25380721974699e-06,0.27004339402973454
1771417158139,0.2703524036654268,-0.0001856165419768718,0.27035233994580704
1771417158142,0.27043428932593133,-0.000248941815192693,0.2704341747471909
1771417158146,1.8897234902874063,-1.037407260938101,1.579506582669703
1771417158151,1.8897234902874063,-1.037407260938101,1.579506582669703
1771417158155,0.2700251770026608,-1.0604091765143195e-05,0.2700251767944455
1771417158159,0.27034968093872147,-0.00018431136582916475,0.27034961811141683
1771417158162,0.27130336466291893,-0.0008083684429480513,0.2713021603634612
1771417158166,1.8788310532546686,-1.008879612812732,1.5849820357104618
1771417158171,1.8973246374742474,-1.0257524117370758,1.5961430918881792
1771417158174,0.2713441487853154,-0.0007981424914867891,0.2713429749387123
1771417158178,1.8788310532546686,-1.008879612812732,1.5849820357104618
1771417158182,1.8897234902874063,-1.037407260938101,1.579506582669703
1771417158186,1.8939279977086403,-0.9853900994639071,1.6173959355653058
1771417158190,1.8940352934378173,-1.0274722961959084,1.591122362779804
1771417158195,1.9034417700099535,-1.028144149394054,1.6018770801423565
1771417158200,1.893093166345229,-1.0352622205497142,1.5849397058454557
1771417158203,0.27130989548990936,-0.0008071612928576655,0.27130869481347786
1771417158207,1.8897234902874063,-1.037407260938101,1.579506582669703
1771417158211,1.9064609564727428,-1.033283956171864,1.6021603054853115
1771417158215,1.8834921969789797,-0.9934079530665152,1.6002135778904327
1771417158219,1.891453116493723,-1.0541487100645894,1.570466615042478
1771417158224,1.8862482752378775,-1.002909578257729,1.5975308866112015
1771417158228,1.8869880013317313,-0.9900246188657716,1.6064168111700043
1771417158233,1.901052697736844,-1.0181444834038467,1.6054230503162856
1771417158237,1.8869880013317313,-0.9900246188657716,1.6064168111700043
1771417158241,0.27006431104396605,-2.6259055969982454e-05,0.27006430976734785
1771417158245,0.2699667763853027,1.750267994052517e-05,0.2699667758179295
1771417158248,0.27044724371848383,-0.0002581651388101576,0.27044712049804875
1771417158252,1.8774697207402933,-1.0249018456814554,1.5730444237259738
1771417158257,1.901052697736844,-1.0181444834038467,1.6054230503162856
1771417158261,1.876895347445123,-0.9941888004808332,1.5919562727222225
1771417158265,1.8994638439499616,-1.038054685468211,1.5907247921782879
1771417158268,0.2704298377532917,-0.0002469881205687227,0.27042972496406525
1771417158272,1.895965807275601,-0.9992405297345365,1.6112742491872898
1771417158276,1.8889848113923933,-1.0469158209810725,1.5723329423028325
1771417158280,1.8824692290347191,-1.0097889678786423,1.5887154051664372
1771417158284,1.8819731564932307,-1.012568994604104,1.5863565150770895
1771417158289,1.885836606830476,-1.0463079617035151,1.568954861344876
1771417158293,1.8911223007231952,-1.0200625956872977,1.5924245216562962
1771417158297,1.895965807275601,-0.9992405297345365,1.6112742491872898
1771417158300,0.27045988185257996,-0.00026474529036983846,0.27045975227682717
1771417158305,1.8918509183391936,-0.9717404770231562,1.6232129689402
1771417158308,1.8911223007231952,-1.0200625956872977,1.5924245216562962
1771417158313,1.901052697736844,-1.0181444834038467,1.6054230503162856
1771417158317,1.8897234902874063,-1.037407260938101,1.579506582669703
1771417158321,1.8869880013317313,-0.9900246188657716,1.6064168111700043
1771417158326,1.901052697736844,-1.0181444834038467,1.6054230503162856
1771417158330,1.8862482752378775,-1.002909578257729,1.5975308866112015
1771417158333,0.27135331194794765,-0.0007943349969406254,0.2713521493134573
1771417158337,1.9064609564727428,-1.033283956171864,1.6021603054853115
1771417158341,1.8921132001447996,-1.0081236753736846,1.6011805074110939
1771417158345,1.8904469544226559,-0.9925588390104381,1.6089178470599879
1771417158348,0.27136314891307917,-0.0007896231974694116,0.27136200007227984
1771417158352,1.8869880013317313,-0.9900246188657716,1.6064168111700043
1771417158356,1.902553560784506,-1.0426417787512903,1.5914170329791462
1771417158360,1.8781205234768257,-1.0212136886438694,1.5762167689855504
1771417158364,1.8911223007231952,-1.0200625956872977,1.5924245216562962
1771417158368,1.8979095980044134,-1.0184918653203021,1.6014790546471864
1771417158372,1.8721455962451414,-1.0127156299938624,1.5745907996385
1771417158376,1.8979095980044134,-1.0184918653203021,1.6014790546471864
1771417158380,1.8949917482266934,-1.011081005512494,1.602719228729444
1771417158385,1.8788310532546686,-1.008879612812732,1.5849820357104618
1771417158389,1.8862482752378775,-1.002909578257729,1.5975308866112015
1771417158394,1.9034417700099535,-1.028144149394054,1.6018770801423565
1771417158398,1.8788310532546686,-1.008879612812732,1.5849820357104618
1771417158402,1.8862482752378775,-1.002909578257729,1.5975308866112015
1771417158406,1.8973246374742474,-1.0257524117370758,1.5961430918881792
1771417158410,1.8819731564932307,-1.012568994604104,1.5863565150770895
1771417158414,1.8862482752378775,-1.002909578257729,1.5975308866112015
1771417158418,1.910362258821449,-1.0238861498185714,1.6128053546969303
1771417158422,1.8788310532546686,-1.008879612812732,1.5849820357104618
1771417158426,1.8786214433976511,-1.0486316655344754,1.5587142642677863
1771417158430,1.882937483612413,-1.0388481544976267,1.5704292658663497
1771417158434,1.8749520412891172,-1.017822992354223,1.57463694652746
1771417158439,1.893093166345229,-1.0352622205497142,1.5849397058454557
1771417158443,1.8989342008669778,-0.9622828443152109,1.6370592007496048
1771417158447,1.7044428306555082,-0.7838466690799937,1.5135090889536014
1771417158451,1.8862482752378775,-1.002909578257729,1.5975308866112015
1771417158455,0.2702440110570956,-7.824445228287802e-05,0.27024399972993535
1771417158460,1.8834921969789797,-0.9934079530665152,1.6002135778904327
1771417158463,0.35704424827421266,-0.03522907896274468,0.35530199439509813
1771417158467,0.27004638724358065,-1.5207798338614221e-05,0.2700463868153632
1771417158471,1.8819731564932307,-1.012568994604104,1.5863565150770895
1771417158476,0.2700943690542207,-4.022394411782962e-05,0.2700943660590348
1771417158479,0.2699942243935587,-4.97190154079635e-06,0.26999422434778025
1771417158483,0.29129794094673367,-0.012586390288823362,0.29102589778111526
1771417158487,0.7723075978434151,-0.24733405131757924,0.7316316646684308
1771417158490,0.2703838815383301,-0.00021264788476548435,0.2703837979180906
1771417158495,1.891453116493723,-1.0541487100645894,1.570466615042478
1771417158498,0.2713020257307637,-0.0008082944941342693,0.2713008216456904
1771417158502,1.8921132001447996,-1.0081236753736846,1.6011805074110939
1771417158507,1.8979095980044134,-1.0184918653203021,1.6014790546471864
1771417158511,1.8757148920849367,-1.0074901427508267,1.5821725470532992
1771417158514,0.2703829029340128,-0.00021186055773522326,0.2703828199315331
1771417158518,1.8786214433976511,-1.0486316655344754,1.5587142642677863
1771417158522,1.8862482752378775,-1.002909578257729,1.5975308866112015
1771417158526,1.9017778983775524,-1.0094761688908767,1.6117434781002649
1771417158531,1.893093166345229,-1.0352622205497142,1.5849397058454557
1771417158534,1.8845956675216904,-0.9764426833938581,1.6119120683486823
1771417158538,1.9017778983775524,-1.0094761688908767,1.6117434781002649
1771417158542,1.8940352934378173,-1.0274722961959084,1.591122362779804
1771417158545,1.8862347179289272,-1.0017932361090296,1.5982151679941652
1771417158550,1.901052697736844,-1.0181444834038467,1.6054230503162856
1771417158554,1.8904469544226559,-0.9925588390104381,1.6089178470599879
1771417158558,0.8857629432433947,-0.2934418631231035,0.8357438989248099
1771417158563,1.8889848113923933,-1.0469158209810725,1.5723329423028325
1771417158567,1.9051963096764433,-1.0491543725306365,1.5902981107341427
1771417158570,0.271334870020697,-0.000801457386040648,0.2713336863627642
1771417158574,0.27010498582712983,-3.458636708269581e-05,0.2701049836127746
1771417158578,1.8911223007231952,-1.0200625956872977,1.5924245216562962
1771417158582,1.886817116217559,-1.029980871990966,1.5808915944441844
1771417158587,1.8994638439499616,-1.038054685468211,1.5907247921782879
1771417158591,1.8911223007231952,-1.0200625956872977,1.5924245216562962
1771417158595,1.8862482752378775,-1.002909578257729,1.5975308866112015
1771417158598,0.2713712611833585,-0.0007853958892277929,0.271370124644449
1771417158602,0.26996695930829895,1.6697319098457577e-05,0.2699669587919386
1771417158606,0.2700657148625621,-8.967960768039695e-06,0.2700657147136644
1771417158610,0.2703575541043848,-0.00019095289908035778,0.2703574866695866
1771417158613,0.27040258437787656,-0.00022587281429837602,0.27040249003976724
1771417158617,0.27039068979019903,-0.0002180743281979628,0.27039060185000335
1771417158620,0.27038700115592607,-0.00021514626285467383,0.27038691556023997
1771417158624,1.902553560784506,-1.0426417787512903,1.5914170329791462
1771417158628,0.27051845300935123,-0.00028499397812263333,0.2705183028872631
1771417158632,1.8979095980044134,-1.0184918653203021,1.6014790546471864
1771417158636,1.8988561400098958,-1.0020497348711046,1.6129324131215261
1771417158640,1.8744554917038228,-0.9845294582112225,1.5950815453427254
1771417158645,1.8994638439499616,-1.038054685468211,1.5907247921782879
1771417158649,1.8940352934378173,-1.0274722961959084,1.591122362779804
1771417158653,1.895965807275601,-0.9992405297345365,1.6112742491872898
1771417158656,0.27041142143297947,-0.00023186696679002527,0.2704113220246411
1771417158660,1.8904469544226559,-0.9925588390104381,1.6089178470599879
1771417158665,1.8940352934378173,-1.0274722961959084,1.591122362779804
1771417158669,1.9034417700099535,-1.028144149394054,1.6018770801423565
1771417158672,0.27133188280884357,-0.0008023814301987733,0.2713306964068616
1771417158676,1.8862482752378775,-1.002909578257729,1.5975308866112015
1771417158681,1.893093166345229,-1.0352622205497142,1.5849397058454557
1771417158685,1.8979095980044134,-1.0184918653203021,1.6014790546471864
1771417158689,1.8862347179289272,-1.0017932361090296,1.5982151679941652
1771417158692,0.2713491934944445,-0.0007959785280035473,0.27134802602611363
1771417158696,1.8726013586548196,-1.0040586148797135,1.5806650961926463
1771417158700,1.8819731564932307,-1.012568994604104,1.5863565150770895
1771417158704,1.8940352934378173,-1.0274722961959084,1.591122362779804
1771417158709,1.8757148920849367,-1.0074901427508267,1.5821725470532992
1771417158713,1.898031834232966,-1.056013229748121,1.577136932025466
1771417158717,1.886817116217559,-1.029980871990966,1.5808915944441844
1771417158721,1.8788310532546686,-1.008879612812732,1.5849820357104618
1771417158725,1.8904469544226559,-0.9925588390104381,1.6089178470599879
1771417158730,1.8973246374742474,-1.0257524117370758,1.5961430918881792
1771417158734,1.8807500390033471,-0.9853130464467449,1.6019921690548076
1771417158738,1.8911223007231952,-1.0200625956872977,1.5924245216562962
1771417158742,1.886817116217559,-1.029980871990966,1.5808915944441844
1771417158746,1.8862347179289272,-1.0017932361090296,1.5982151679941652
1771417158750,1.894121926573105,-1.0649428735389102,1.5663953998986655
1771417158755,1.901052697736844,-1.0181444834038467,1.6054230503162856
1771417158759,1.8921132001447996,-1.0081236753736846,1.6011805074110939
1771417158763,1.9017778983775524,-1.0094761688908767,1.6117434781002649
1771417158768,1.8889848113923933,-1.0469158209810725,1.5723329423028325
1771417158772,1.8797156153198387,-1.0013448417923696,1.5907983223190343
1771417158776,1.8876424259154432,-0.9808736322825039,1.6127866708306051
1771417158781,1.8900906680192582,-0.9941703488880484,1.6075036705168986
1771417158785,1.8911223007231952,-1.0200625956872977,1.5924245216562962
1771417158789,1.8824692290347191,-1.0097889678786423,1.5887154051664372
1771417158800,1.886817116217559,-1.029980871990966,1.5808915944441844
1771417158815,1.8819731564932307,-1.012568994604104,1.5863565150770895
1771417158821,0.2703897363250265,-0.00021802849309705081,0.2703896484214837
1771417158826,1.8921132001447996,-1.0081236753736846,1.6011805074110939
1771417158830,1.8897234902874063,-1.037407260938101,1.579506582669703
1771417158834,1.8876424259154432,-0.9808736322825039,1.6127866708306051
1771417158838,1.8904469544226559,-0.9925588390104381,1.6089178470599879
1771417158843,1.8979095980044134,-1.0184918653203021,1.6014790546471864
1771417158846,1.8869880013317313,-0.9900246188657716,1.6064168111700043
1771417158851,1.8973246374742474,-1.0257524117370758,1.5961430918881792
1771417158855,0.6070826730420611,-0.15584210040858532,0.5867389638059965
1771417158860,0.2700454199028,-7.821877959592185e-06,0.2700454197895195
1771417158863,0.27032974916517577,-0.00016630410849364206,0.27032969801087403
1771417158867,0.2704365819857375,-0.00025095609436189513,0.2704364655462854
1771417158871,1.8949917482266934,-1.011081005512494,1.602719228729444
1771417158875,1.902553560784506,-1.0426417787512903,1.5914170329791462
1771417158879,1.8921132001447996,-1.0081236753736846,1.6011805074110939
1771417158882,0.2704556773020883,-0.0002627202998438117,0.27045554969897617
1771417158886,1.8940352934378173,-1.0274722961959084,1.591122362779804
1771417158890,1.8921132001447996,-1.0081236753736846,1.6011805074110939
1771417158895,1.8940352934378173,-1.0274722961959084,1.591122362779804
1771417158898,1.8911223007231952,-1.0200625956872977,1.5924245216562962
1771417158903,1.8819731564932307,-1.012568994604104,1.5863565150770895
1771417158907,1.8940352934378173,-1.0274722961959084,1.591122362779804
1771417158911,1.895965807275601,-0.9992405297345365,1.6112742491872898
1771417158915,0.27045900574654685,-0.00026495149965519876,0.27045887596844276
1771417158919,1.895965807275601,-0.9992405297345365,1.6112742491872898
1771417158923,1.5793701158781233,-0.6825674286415016,1.4242582870696612
1771417158926,1.8904469544226559,-0.9925588390104381,1.6089178470599879
1771417158931,1.910362258821449,-1.0238861498185714,1.6128053546969303
1771417158935,1.8979095980044134,-1.0184918653203021,1.6014790546471864
1771417158939,1.882937483612413,-1.0388481544976267,1.5704292658663497
1771417158943,1.8911223007231952,-1.0200625956872977,1.5924245216562962
1771417158946,0.2713691003509874,-0.000786574347169468,0.2713679603897642
1771417158951,1.9076405797698637,-1.0150304930904337,1.6151797669861063
1771417158954,0.4844265253098706,-0.1061156533457045,0.4726611117267942
1771417158959,1.385192412451974,-0.549638481054289,1.2714777071025878
1771417158963,1.8952426208635749,-1.0465106767296546,1.5801139184972306
1771417158967,0.30654133443552145,-0.01859207808592249,0.30597699970742437
1771417158971,1.8781205234768257,-1.0212136886438694,1.5762167689855504
1771417158975,1.8939279977086403,-0.9853900994639071,1.6173959355653058
1771417158979,1.902553560784506,-1.0426417787512903,1.5914170329791462
1771417158983,1.8819731564932307,-1.012568994604104,1.5863565150770895
1771417158987,1.8940352934378173,-1.0274722961959084,1.591122362779804
1771417158991,1.8979095980044134,-1.0184918653203021,1.6014790546471864
1771417158995,1.8862482752378775,-1.002909578257729,1.5975308866112015
1771417158999,1.8889848113923933,-1.0469158209810725,1.5723329423028325
1771417159003,1.8979095980044134,-1.0184918653203021,1.6014790546471864
1771417159008,1.883129489169675,-0.9989521357914907,1.5963305745922616
1771417159012,1.8940352934378173,-1.0274722961959084,1.591122362779804
1771417159016,1.8726013586548196,-1.0040586148797135,1.5806650961926463
1771417159020,1.8797156153198387,-1.0013448417923696,1.5907983223190343
1771417159024,1.8940352934378173,-1.0274722961959084,1.591122362779804
1771417159028,1.883129489169675,-0.9989521357914907,1.5963305745922616
1771417159032,1.885836606830476,-1.0463079617035151,1.568954861344876
1771417159036,1.882937483612413,-1.0388481544976267,1.5704292658663497
1771417159040,1.8819731564932307,-1.012568994604104,1.5863565150770895
1771417159044,1.8819731564932307,-1.012568994604104,1.5863565150770895
1771417159048,1.8911223007231952,-1.0200625956872977,1.5924245216562962
1771417159052,1.876895347445123,-0.9941888004808332,1.5919562727222225
1771417159056,1.8979095980044134,-1.0184918653203021,1.6014790546471864
1771417159060,1.8699722685801905,-1.0393000634676308,1.554558349929369
1771417159064,1.8781205234768257,-1.0212136886438694,1.5762167689855504
1771417159068,1.9034417700099535,-1.028144149394054,1.6018770801423565
1771417159073,1.8900906680192582,-0.9941703488880484,1.6075036705168986
1771417159076,0.2705210377508815,-0.0002850311979477729,0.270520887591014
1771417159080,1.902553560784506,-1.0426417787512903,1.5914170329791462
1771417159084,1.8862482752378775,-1.002909578257729,1.5975308866112015
1771417159088,1.8862482752378775,-1.002909578257729,1.5975308866112015
1771417159093,1.8872177848418046,-1.0630887084690022,1.5593054111843891
1771417159097,1.8757148920849367,-1.0074901427508267,1.5821725470532992
1771417159101,1.8834921969789797,-0.9934079530665152,1.6002135778904327
1771417159105,1.8862347179289272,-1.0017932361090296,1.5982151679941652
1771417159109,1.882937483612413,-1.0388481544976267,1.5704292658663497
1771417159113,1.8911223007231952,-1.0200625956872977,1.5924245216562962
1771417159117,1.8900906680192582,-0.9941703488880484,1.6075036705168986
1771417159121,1.8807500390033471,-0.9853130464467449,1.6019921690548076
1771417159125,1.886817116217559,-1.029980871990966,1.5808915944441844
1771417159129,1.8994638439499616,-1.038054685468211,1.5907247921782879
1771417159132,1.902365468361621,-0.9649629634175283,1.639463587411197
1771417159137,1.8973246374742474,-1.0257524117370758,1.5961430918881792
1771417159141,1.886817116217559,-1.029980871990966,1.5808915944441844
1771417159145,1.8834921969789797,-0.9934079530665152,1.6002135778904327
1771417159149,1.9069969614339555,-0.982834728201328,1.634219479739414
1771417159153,1.8904469544226559,-0.9925588390104381,1.6089178470599879
1771417159157,1.8862482752378775,-1.002909578257729,1.5975308866112015
1771417159161,1.885836606830476,-1.0463079617035151,1.568954861344876
1771417159165,1.8908372651874708,-0.9811026900055644,1.6163858063858019
1771417159169,1.8951036029111112,-0.971196102728468,1.6273278083446217
1771417159174,1.9036601129305808,-1.0676085165593872,1.5761135368153958
1771417159177,1.8904469544226559,-0.9925588390104381,1.6089178470599879
1771417159182,1.886817116217559,-1.029980871990966,1.5808915944441844
1771417159186,1.8862482752378775,-1.002909578257729,1.5975308866112015
1771417159190,1.8900906680192582,-0.9941703488880484,1.6075036705168986
1771417159195,1.8949917482266934,-1.011081005512494,1.602719228729444
1771417159198,1.8904469544226559,-0.9925588390104381,1.6089178470599879
1771417159203,1.8819731564932307,-1.012568994604104,1.5863565150770895
1771417159207,1.8973246374742474,-1.0257524117370758,1.5961430918881792
1771417159211,1.8940352934378173,-1.0274722961959084,1.591122362779804
1771417159216,1.3651862934179975,-0.5503611380880588,1.2493343161135002
1771417159220,1.803816620255605,-0.9234816234854861,1.5494954309693736
1771417159224,0.27005095137721963,-5.1674421006756076e-06,0.27005095132777995
1771417159227,0.5236246467061619,-0.12274493297603219,0.5090348240217581
1771417159231,0.27001251688660527,-5.27341386571733e-06,0.2700125168351097
1771417159234,0.2713182718764948,-0.0008055746710454413,0.27131707595265164
1771417159239,1.8911223007231952,-1.0200625956872977,1.5924245216562962
1771417159242,0.2704068728034778,-0.00023055430970109517,0.27040677451585143
1771417159246,1.8862482752378775,-1.002909578257729,1.5975308866112015
1771417159250,1.886817116217559,-1.029980871990966,1.5808915944441844
1771417159254,1.8979095980044134,-1.0184918653203021,1.6014790546471864
1771417159258,1.8781205234768257,-1.0212136886438694,1.5762167689855504
1771417159262,1.9094961764588703,-1.0346283254017588,1.6049049430378728
1771417159267,1.8862482752378775,-1.002909578257729,1.5975308866112015
1771417159271,1.8819731564932307,-1.012568994604104,1.5863565150770895
1771417159275,1.8834921969789797,-0.9934079530665152,1.6002135778904327
1771417159279,1.8757148920849367,-1.0074901427508267,1.5821725470532992
1771417159282,0.27136094210393347,-0.0007908652540695466,0.27135978963671875
1771417159286,1.8897234902874063,-1.037407260938101,1.579506582669703
1771417159290,1.8788310532546686,-1.008879612812732,1.5849820357104618
1771417159294,1.8757148920849367,-1.0074901427508267,1.5821725470532992
1771417159299,1.9047874992147567,-1.0106047501735167,1.6145877046761907
1771417159302,1.8904469544226559,-0.9925588390104381,1.6089178470599879
1771417159307,1.893093166345229,-1.0352622205497142,1.5849397058454557
1771417159310,0.2713754680975975,-0.0007828417342728641,0.27137433895637453
1771417159314,1.9031437773282545,-0.9919605795369519,1.6241830087240696
1771417159318,1.9094961764588703,-1.0346283254017588,1.6049049430378728
1771417159321,0.2703975368140896,-0.0002254240595789222,0.27039744284870804
1771417159325,0.2700140161323609,-1.3041768262430916e-05,0.2700140158174
1771417159329,0.2703611476064977,-0.0001930014188247372,0.27036107871798926
1771417159333,1.895965807275601,-0.9992405297345365,1.6112742491872898
1771417159336,0.2704245045647278,-0.0002421736382447893,0.270424396127656
1771417159340,1.8721455962451414,-1.0127156299938624,1.5745907996385
1771417159344,1.9031437773282545,-0.9919605795369519,1.6241830087240696
1771417159349,1.893093166345229,-1.0352622205497142,1.5849397058454557
1771417159353,0.26994634609456875,2.549779025545341e-05,0.26994634489037145
1771417159357,0.27009384564497213,-2.880686553477014e-05,0.2700938441087737
1771417159362,0.2700524342083219,-5.090984871489992e-06,0.2700524341603347
1771417159365,0.27044036148740813,-0.00025341237812867795,0.27044024275911044
1771417159369,0.26992242034311015,-0.00015294036653222074,0.26992237701444266
1771417159372,0.27029465252520524,-0.00013854298477098087,0.2702946170192126
1771417159376,1.8921132001447996,-1.0081236753736846,1.6011805074110939
1771417159381,1.8897234902874063,-1.037407260938101,1.579506582669703
1771417159385,1.8973246374742474,-1.0257524117370758,1.5961430918881792
1771417159389,0.270385112570428,-0.0002136359568332244,0.2703850281716815
1771417159392,0.2713049098456589,-0.0008083545767556188,0.27130370559437506
1771417159396,1.876895347445123,-0.9941888004808332,1.5919562727222225
1771417159400,1.9034417700099535,-1.028144149394054,1.6018770801423565
1771417159404,1.8939279977086403,-0.9853900994639071,1.6173959355653058
1771417159409,1.8834921969789797,-0.9934079530665152,1.6002135778904327
1771417159413,1.891453116493723,-1.0541487100645894,1.570466615042478
1771417159417,0.27042508983693603,-0.00024373367781158094,0.27042497999853715
1771417159421,1.8908372651874708,-0.9811026900055644,1.6163858063858019
1771417159425,1.9060689765796817,-0.9994185272580408,1.6230408346227412
1771417159429,1.886817116217559,-1.029980871990966,1.5808915944441844
1771417159433,1.8797156153198387,-1.0013448417923696,1.5907983223190343
1771417159437,1.8979095980044134,-1.0184918653203021,1.6014790546471864
1771417159441,1.8921132001447996,-1.0081236753736846,1.6011805074110939
1771417159445,1.8904469544226559,-0.9925588390104381,1.6089178470599879
1771417159449,1.9051963096764433,-1.0491543725306365,1.5902981107341427
1771417159453,1.8862482752378775,-1.002909578257729,1.5975308866112015
1771417159457,1.9034417700099535,-1.028144149394054,1.6018770801423565
1771417159461,1.8911223007231952,-1.0200625956872977,1.5924245216562962
1771417159465,1.8862347179289272,-1.0017932361090296,1.5982151679941652
1771417159469,1.8904469544226559,-0.9925588390104381,1.6089178470599879
1771417159472,1.8824692290347191,-1.0097889678786423,1.5887154051664372
1771417159476,1.886817116217559,-1.029980871990966,1.5808915944441844
1771417159481,1.8889848113923933,-1.0469158209810725,1.5723329423028325
1771417159486,1.8897234902874063,-1.037407260938101,1.579506582669703
1771417159490,1.869891448710191,-0.9976242107715964,1.5815308925347762
1771417159494,1.8979095980044134,-1.0184918653203021,1.6014790546471864
1771417159499,1.9076405797698637,-1.0150304930904337,1.6151797669861063
1771417159503,1.8723718917260246,-0.9750240509284017,1.598469455772259
1771417159507,1.8994638439499616,-1.038054685468211,1.5907247921782879
1771417159512,1.8889848113923933,-1.0469158209810725,1.5723329423028325
1771417159516,1.8862482752378775,-1.002909578257729,1.5975308866112015
1771417159520,1.8869880013317313,-0.9900246188657716,1.6064168111700043
1771417159524,1.8897234902874063,-1.037407260938101,1.579506582669703
1771417159528,1.8662975797957901,-1.003346037299538,1.5736465250452332
1771417159533,1.8706300161309597,-1.0277715636626708,1.5629914491693495
1771417159537,1.8783081066453797,-0.9756442334199491,1.6050419537458052
1771417159541,1.8979095980044134,-1.0184918653203021,1.6014790546471864
1771417159545,1.8819731564932307,-1.012568994604104,1.5863565150770895
1771417159549,1.8819731564932307,-1.012568994604104,1.5863565150770895
1771417159553,1.8979095980044134,-1.0184918653203021,1.6014790546471864
1771417159557,1.8900906680192582,-0.9941703488880484,1.6075036705168986
1771417159561,1.898031834232966,-1.056013229748121,1.577136932025466
1771417159565,1.883129489169675,-0.9989521357914907,1.5963305745922616
1771417159569,1.8797156153198387,-1.0013448417923696,1.5907983223190343
1771417159573,1.9008943860381549,-1.0964324943856072,1.5528152665809056
1771417159578,1.8645846068182967,-1.0196122666261704,1.5611106884936716
1771417159582,1.8786214433976511,-1.0486316655344754,1.5587142642677863
1771417159586,1.9060689765796817,-0.9994185272580408,1.6230408346227412
1771417159590,1.876895347445123,-0.9941888004808332,1.5919562727222225
1771417159595,1.902553560784506,-1.0426417787512903,1.5914170329791462
1771417159598,0.2703118700599563,-0.00015213288599041333,0.2703118272493746
1771417159602,1.883129489169675,-0.9989521357914907,1.5963305745922616
1771417159606,1.8994638439499616,-1.038054685468211,1.5907247921782879
1771417159610,1.8749520412891172,-1.017822992354223,1.57463694652746
1771417159614,1.8721455962451414,-1.0127156299938624,1.5745907996385
1771417159618,1.8979095980044134,-1.0184918653203021,1.6014790546471864
1771417159622,1.8911223007231952,-1.0200625956872977,1.5924245216562962
1771417159626,1.8897234902874063,-1.037407260938101,1.579506582669703
1771417159631,1.8940352934378173,-1.0274722961959084,1.591122362779804
1771417159634,1.8721455962451414,-1.0127156299938624,1.5745907996385
1771417159639,1.8911223007231952,-1.0200625956872977,1.5924245216562962
1771417159642,0.2713649640009875,-0.0007888154556185282,0.2713638175170636
1771417159646,1.8834921969789797,-0.9934079530665152,1.6002135778904327
1771417159650,1.882937483612413,-1.0388481544976267,1.5704292658663497
1771417159654,1.8911223007231952,-1.0200625956872977,1.5924245216562962
1771417159658,1.8721455962451414,-1.0127156299938624,1.5745907996385
1771417159662,1.8994638439499616,-1.038054685468211,1.5907247921782879
1771417159666,1.883129489169675,-0.9989521357914907,1.5963305745922616
1771417159671,0.27004549292984203,-1.4917820072362902e-05,0.27004549251779786
1771417159676,1.9047874992147567,-1.0106047501735167,1.6145877046761907
1771417159679,0.27134480999647304,-0.0007978946780373129,0.271343636881547
1771417159682,0.2713727375850333,-0.0007845311771719015,0.2713716035535542
1771417159686,0.27012647964436476,-5.206981882418187e-05,0.2701264746258526
1771417159690,0.2700674444331685,-2.7495982201507688e-05,0.27006744303346436
1771417159693,1.898031834232966,-1.056013229748121,1.577136932025466
1771417159697,1.8897234902874063,-1.037407260938101,1.579506582669703
1771417159702,0.2700636410884933,-2.5436955674398225e-05,0.2700636398905558
1771417159705,1.8862347179289272,-1.0017932361090296,1.5982151679941652
1771417159709,0.27008226918985934,-3.271924944472118e-05,0.2700822672079645
1771417159713,0.27003721028459277,-1.1624625386599817e-05,0.27003721003438297
1771417159717,0.27043605282356115,-0.0002495589306629347,0.27043593767679636
1771417159720,0.27052179144936234,-0.0002849748432968128,0.27052164134928464
1771417159725,1.9064609564727428,-1.033283956171864,1.6021603054853115
1771417159729,1.8900906680192582,-0.9941703488880484,1.6075036705168986
1771417159732,0.27045088952738355,-0.000260693687513586,0.27045076388310374
1771417159736,1.883129489169675,-0.9989521357914907,1.5963305745922616
1771417159740,1.883129489169675,-0.9989521357914907,1.5963305745922616
1771417159744,1.886817116217559,-1.029980871990966,1.5808915944441844
1771417159748,1.8862347179289272,-1.0017932361090296,1.5982151679941652
1771417159752,1.882937483612413,-1.0388481544976267,1.5704292658663497
1771417159756,1.8940352934378173,-1.0274722961959084,1.591122362779804
1771417159761,1.901052697736844,-1.0181444834038467,1.6054230503162856
1771417159765,1.8876424259154432,-0.9808736322825039,1.6127866708306051
1771417159769,1.882937483612413,-1.0388481544976267,1.5704292658663497
1771417159772,0.2713368227197951,-0.0008007179958974464,0.27133564125334614
1771417159777,1.8973246374742474,-1.0257524117370758,1.5961430918881792
1771417159780,0.2713699333650829,-0.0007861057193608409,0.2713687947652927
1771417159784,1.8988561400098958,-1.0020497348711046,1.6129324131215261
1771417159788,1.9094961764588703,-1.0346283254017588,1.6049049430378728
1771417159792,1.882937483612413,-1.0388481544976267,1.5704292658663497
1771417159796,1.8774697207402933,-1.0249018456814554,1.5730444237259738
1771417159799,1.9017778983775524,-1.0094761688908767,1.6117434781002649
1771417159804,1.886817116217559,-1.029980871990966,1.5808915944441844
1771417159807,1.8862482752378775,-1.002909578257729,1.5975308866112015
1771417159812,1.902553560784506,-1.0426417787512903,1.5914170329791462
1771417159816,1.8757148920849367,-1.0074901427508267,1.5821725470532992
1771417159820,1.8940352934378173,-1.0274722961959084,1.591122362779804
1771417159823,1.8904469544226559,-0.9925588390104381,1.6089178470599879
1771417159827,1.8979095980044134,-1.0184918653203021,1.6014790546471864
1771417159832,1.9089653037524235,-1.0020442351463918,1.6248248772530733
1771417159836,1.901052697736844,-1.0181444834038467,1.6054230503162856
1771417159841,1.8744554917038228,-0.9845294582112225,1.5950815453427254
1771417159845,1.8900906680192582,-0.9941703488880484,1.6075036705168986
1771417159849,1.910362258821449,-1.0238861498185714,1.6128053546969303
1771417159853,1.8819731564932307,-1.012568994604104,1.5863565150770895
1771417159857,1.886817116217559,-1.029980871990966,1.5808915944441844
1771417159862,1.8994638439499616,-1.038054685468211,1.5907247921782879
1771417159866,1.8921132001447996,-1.0081236753736846,1.6011805074110939
1771417159870,1.895965807275601,-0.9992405297345365,1.6112742491872898
1771417159875,1.9047874992147567,-1.0106047501735167,1.6145877046761907
1771417159879,1.902365468361621,-0.9649629634175283,1.639463587411197
1771417159883,1.898031834232966,-1.056013229748121,1.577136932025466
1771417159887,1.8939279977086403,-0.9853900994639071,1.6173959355653058
1771417159890,1.8904469544226559,-0.9925588390104381,1.6089178470599879
1771417159895,1.9047874992147567,-1.0106047501735167,1.6145877046761907
1771417159899,1.8869880013317313,-0.9900246188657716,1.6064168111700043
1771417159903,1.8939279977086403,-0.9853900994639071,1.6173959355653058
1771417159907,1.8819731564932307,-1.012568994604104,1.5863565150770895
1771417159911,1.882937483612413,-1.0388481544976267,1.5704292658663497
1771417159915,1.8862347179289272,-1.0017932361090296,1.5982151679941652
1771417159920,1.8911223007231952,-1.0200625956872977,1.5924245216562962
1771417159924,0.2700838399325612,-2.2081779718426348e-05,0.27008383902986927
1771417159928,1.8876424259154432,-0.9808736322825039,1.6127866708306051
1771417159932,0.9060290310807758,-0.3037550731864041,0.8535932641924324
1771417159935,1.2496380908613784,-0.48909573593403854,1.1499481376230896
1771417159939,1.8824692290347191,-1.0097889678786423,1.5887154051664372
1771417159944,0.27000964915235387,-2.9298730309538365e-06,0.27000964913645786
1771417159948,0.2700088171847859,2.3425564836512388e-06,0.2700088171746241
1771417159952,0.2700023497800505,-2.213770394085853e-05,0.2700023488725066
1771417159956,0.2699390067740896,-0.0001054811506328718,0.26993898616522377
1771417159960,0.2699605913982343,2.0213832890790785e-05,0.26996059064145894
1771417159963,0.27028239181613045,-0.00013015938916985772,0.27028236047582105
1771417159968,1.8973246374742474,-1.0257524117370758,1.5961430918881792
1771417159971,0.2713100725647926,-0.0008077007771583582,0.27130887028360795
1771417159975,0.2703376529389806,-0.00017587066733655056,0.2703375957318277
1771417159979,0.2704574659369241,-0.0002641018407625829,0.27045733698910845
1771417159983,1.891453116493723,-1.0541487100645894,1.570466615042478
1771417159987,1.8973246374742474,-1.0257524117370758,1.5961430918881792
1771417159991,0.27043237083820715,-0.00024869021366109216,0.27043225649014435
1771417159995,1.8979095980044134,-1.0184918653203021,1.6014790546471864
1771417159999,1.8940352934378173,-1.0274722961959084,1.591122362779804
1771417160003,1.8939279977086403,-0.9853900994639071,1.6173959355653058
1771417160007,0.2704265410568682,-0.00024473702614381213,0.27042643031288577
1771417160011,1.8834921969789797,-0.9934079530665152,1.6002135778904327
1771417160015,1.8797156153198387,-1.0013448417923696,1.5907983223190343
1771417160019,0.9111794795475349,-0.3078432807812358,0.8576016315436683
1771417160023,1.8869880013317313,-0.9900246188657716,1.6064168111700043
1771417160027,1.8721455962451414,-1.0127156299938624,1.5745907996385
1771417160030,0.2713813016413106,-0.0007791037108085845,0.2713801832815724
1771417160034,1.9017778983775524,-1.0094761688908767,1.6117434781002649
1771417160039,0.27006429472390614,-1.2237891256592872e-05,0.2700642944466278
1771417160043,1.893093166345229,-1.0352622205497142,1.5849397058454557
1771417160047,1.8951036029111112,-0.971196102728468,1.6273278083446217
1771417160051,1.8973246374742474,-1.0257524117370758,1.5961430918881792
1771417160055,1.8911223007231952,-1.0200625956872977,1.5924245216562962
1771417160060,1.8951036029111112,-0.971196102728468,1.6273278083446217
1771417160064,1.9047874992147567,-1.0106047501735167,1.6145877046761907
1771417160069,1.8889848113923933,-1.0469158209810725,1.5723329423028325
1771417160073,1.869891448710191,-0.9976242107715964,1.5815308925347762
1771417160077,0.27004046037376744,-1.8594203620755428e-05,0.27004045973359597
1771417160080,1.8824692290347191,-1.0097889678786423,1.5887154051664372
1771417160085,1.8940352934378173,-1.0274722961959084,1.591122362779804
1771417160089,1.9007825338261748,-1.0603668580057284,1.5775285630826825
1771417160092,0.27007510185308103,-2.961901255415108e-05,0.2700751002289293
1771417160097,1.8994638439499616,-1.038054685468211,1.5907247921782879
1771417160100,0.27135841894275964,-0.0007922176924537736,0.27135726251980435
1771417160104,1.8900906680192582,-0.9941703488880484,1.6075036705168986
1771417160108,1.8862347179289272,-1.0017932361090296,1.5982151679941652
1771417160112,1.8819731564932307,-1.012568994604104,1.5863565150770895
1771417160116,1.8721455962451414,-1.0127156299938624,1.5745907996385
1771417160121,1.901052697736844,-1.0181444834038467,1.6054230503162856
1771417160125,1.910362258821449,-1.0238861498185714,1.6128053546969303
1771417160129,1.8781205234768257,-1.0212136886438694,1.5762167689855504
1771417160132,0.2713394703842093,-0.0007998269710827021,0.2713382915572358
1771417160137,1.883129489169675,-0.9989521357914907,1.5963305745922616
1771417160140,0.27135542679270214,-0.0007933166303695244,0.27135426714642524
1771417160144,1.8897234902874063,-1.037407260938101,1.579506582669703
1771417160149,1.8869880013317313,-0.9900246188657716,1.6064168111700043
1771417160153,1.8788310532546686,-1.008879612812732,1.5849820357104618
1771417160156,0.27136083538081723,-0.0007908471739902691,0.2713596829658422
1771417160160,1.8862482752378775,-1.002909578257729,1.5975308866112015
1771417160164,1.8911223007231952,-1.0200625956872977,1.5924245216562962
1771417160168,1.8757148920849367,-1.0074901427508267,1.5821725470532992
1771417160172,1.8904469544226559,-0.9925588390104381,1.6089178470599879
1771417160176,1.8988561400098958,-1.0020497348711046,1.6129324131215261
1771417160180,1.8904469544226559,-0.9925588390104381,1.6089178470599879
1771417160183,1.8900906680192582,-0.9941703488880484,1.6075036705168986
1771417160187,1.8940352934378173,-1.0274722961959084,1.591122362779804
1771417160191,1.883129489169675,-0.9989521357914907,1.5963305745922616
1771417160196,1.8949917482266934,-1.011081005512494,1.602719228729444
1771417160200,1.8940352934378173,-1.0274722961959084,1.591122362779804
1771417160204,1.8797156153198387,-1.0013448417923696,1.5907983223190343
1771417160208,1.898031834232966,-1.056013229748121,1.577136932025466
1771417160224,1.8819731564932307,-1.012568994604104,1.5863565150770895
1771417160234,1.8819731564932307,-1.012568994604104,1.5863565150770895
1771417160243,1.902553560784506,-1.0426417787512903,1.5914170329791462
1771417160247,1.8834921969789797,-0.9934079530665152,1.6002135778904327
1771417160251,1.891453116493723,-1.0541487100645894,1.570466615042478
1771417160255,1.8687265509219788,-1.012950045908874,1.5703729259682124
1771417160260,1.886817116217559,-1.029980871990966,1.5808915944441844
1771417160265,1.893093166345229,-1.0352622205497142,1.5849397058454557
1771417160269,1.8682212679059462,-1.0181608280350243,1.5663968954614074
1771417160273,0.27006397116748065,-1.215901007238561e-05,0.2700639708937649
1771417160277,0.2703641096983476,-0.00019726634175622833,0.2703640377324073
1771417160281,1.8788310532546686,-1.008879612812732,1.5849820357104618
1771417160285,1.8807500390033471,-0.9853130464467449,1.6019921690548076
1771417160289,1.8979095980044134,-1.0184918653203021,1.6014790546471864
1771417160293,1.8797156153198387,-1.0013448417923696,1.5907983223190343
1771417160297,1.8862482752378775,-1.002909578257729,1.5975308866112015
1771417160303,1.893093166345229,-1.0352622205497142,1.5849397058454557
1771417160307,0.270080077316153,-2.2203292002469558e-05,0.27008007640348636
1771417160311,0.27040071041830377,-0.00022652747940014287,0.270400615531889
1771417160314,0.27038794079472933,-0.00021589458111362315,0.2703878546028721
1771417160318,1.8979095980044134,-1.0184918653203021,1.6014790546471864
1771417160322,1.8897234902874063,-1.037407260938101,1.579506582669703
1771417160327,1.8819731564932307,-1.012568994604104,1.5863565150770895
1771417160330,0.27043673330067847,-0.0002510551933247126,0.27043661676931285
1771417160335,1.901052697736844,-1.0181444834038467,1.6054230503162856
1771417160340,0.2700365199777732,-4.712783811873118e-06,0.27003651993664857
1771417160343,0.27045908033758764,-0.0002646350131887428,0.2704589508693759
1771417160347,1.8911223007231952,-1.0200625956872977,1.5924245216562962
1771417160351,1.886817116217559,-1.029980871990966,1.5808915944441844
1771417160355,1.8911223007231952,-1.0200625956872977,1.5924245216562962
1771417160359,1.8897234902874063,-1.037407260938101,1.579506582669703
1771417160364,1.9064609564727428,-1.033283956171864,1.6021603054853115
1771417160367,0.27132524276484454,-0.0008037941443544217,0.2713240521523577
1771417160371,1.9069969614339555,-0.982834728201328,1.634219479739414
1771417160375,1.8900906680192582,-0.9941703488880484,1.6075036705168986
1771417160379,0.27132699405649074,-0.0008036453093445695,0.271325803892567
1771417160383,1.8994638439499616,-1.038054685468211,1.5907247921782879
1771417160387,1.8876424259154432,-0.9808736322825039,1.6127866708306051
1771417160390,0.2713780877418754,-0.0007811113818196043,0.2713769635975873
1771417160394,1.894121926573105,-1.0649428735389102,1.5663953998986655
1771417160398,1.9064609564727428,-1.033283956171864,1.6021603054853115
1771417160403,0.2701020764657442,-3.20339458080032e-05,0.2701020745661407
1771417160406,0.27042662265599743,-0.0002447932052513334,0.27042651186120026
1771417160410,1.6161994606109291,-0.708310613758803,1.4527204723950462
1771417160414,1.886817116217559,-1.029980871990966,1.5808915944441844
1771417160417,0.27039947827267796,-0.00022417036508945367,0.2703993853502331
1771417160421,1.8904469544226559,-0.9925588390104381,1.6089178470599879
1771417160424,0.27132194490569206,-0.0008047514606597211,0.27132075144097245
1771417160428,1.9034417700099535,-1.028144149394054,1.6018770801423565
1771417160432,1.8797156153198387,-1.0013448417923696,1.5907983223190343
1771417160436,1.886817116217559,-1.029980871990966,1.5808915944441844
1771417160440,1.8904469544226559,-0.9925588390104381,1.6089178470599879
1771417160444,1.895965807275601,-0.9992405297345365,1.6112742491872898
1771417160447,0.27137968777119886,-0.0007801251823295655,0.27137856647033365
1771417160451,0.2799838803534195,-0.005900547666110277,0.279921697613811
1771417160455,1.9058323950614626,-0.9578408251941656,1.6476462216316556
1771417160459,1.8940352934378173,-1.0274722961959084,1.591122362779804
1771417160464,1.8834921969789797,-0.9934079530665152,1.6002135778904327
1771417160468,1.8921132001447996,-1.0081236753736846,1.6011805074110939
1771417160472,1.8921132001447996,-1.0081236753736846,1.6011805074110939
1771417160476,1.8788310532546686,-1.008879612812732,1.5849820357104618
1771417160481,1.8797156153198387,-1.0013448417923696,1.5907983223190343
1771417160485,1.8897234902874063,-1.037407260938101,1.579506582669703
1771417160489,1.883129489169675,-0.9989521357914907,1.5963305745922616
1771417160493,1.8862347179289272,-1.0017932361090296,1.5982151679941652
1771417160497,1.895965807275601,-0.9992405297345365,1.6112742491872898
1771417160501,1.8797156153198387,-1.0013448417923696,1.5907983223190343
1771417160505,1.901052697736844,-1.0181444834038467,1.6054230503162856
1771417160509,1.8988561400098958,-1.0020497348711046,1.6129324131215261
1771417160514,1.8908372651874708,-0.9811026900055644,1.6163858063858019
1771417160517,0.2713592052238871,-0.0007918376432455767,0.2713580499135532
1771417160521,1.8757148920849367,-1.0074901427508267,1.5821725470532992
1771417160525,1.8781205234768257,-1.0212136886438694,1.5762167689855504
1771417160529,1.9017778983775524,-1.0094761688908767,1.6117434781002649
1771417160533,1.886817116217559,-1.029980871990966,1.5808915944441844
1771417160536,0.2713797023701049,-0.0007802018899651141,0.2713785808487796
1771417160541,1.901052697736844,-1.0181444834038467,1.6054230503162856
1771417160545,1.8862347179289272,-1.0017932361090296,1.5982151679941652
1771417160549,1.8952426208635749,-1.0465106767296546,1.5801139184972306
1771417160553,1.8994638439499616,-1.038054685468211,1.5907247921782879
1771417160557,1.902365468361621,-0.9649629634175283,1.639463587411197
1771417160562,1.886817116217559,-1.029980871990966,1.5808915944441844
1771417160565,1.8904469544226559,-0.9925588390104381,1.6089178470599879
1771417160570,1.8819731564932307,-1.012568994604104,1.5863565150770895
1771417160574,1.886817116217559,-1.029980871990966,1.5808915944441844
1771417160578,1.8940352934378173,-1.0274722961959084,1.591122362779804
1771417160582,1.8819731564932307,-1.012568994604104,1.5863565150770895
1771417160586,1.893093166345229,-1.0352622205497142,1.5849397058454557
1771417160590,1.895965807275601,-0.9992405297345365,1.6112742491872898
1771417160594,1.8862347179289272,-1.0017932361090296,1.5982151679941652
1771417160598,1.8819731564932307,-1.012568994604104,1.5863565150770895
1771417160602,1.8911223007231952,-1.0200625956872977,1.5924245216562962
1771417160607,1.8921132001447996,-1.0081236753736846,1.6011805074110939
1771417160611,1.886817116217559,-1.029980871990966,1.5808915944441844
1771417160615,1.8951036029111112,-0.971196102728468,1.6273278083446217
1771417160619,1.8940352934378173,-1.0274722961959084,1.591122362779804
1771417160623,1.8815108579577249,-1.0561510348104552,1.5571217358580602
1771417160626,1.8904469544226559,-0.9925588390104381,1.6089178470599879
1771417160631,1.8952426208635749,-1.0465106767296546,1.5801139184972306
1771417160635,1.8900906680192582,-0.9941703488880484,1.6075036705168986
1771417160638,0.2699067895049237,-0.00011649003505402106,0.26990676436674743
1771417160642,1.882937483612413,-1.0388481544976267,1.5704292658663497
1771417160646,0.2708148542958387,-0.0007465957153814243,0.27081382516798164
1771417160649,0.2712433553930963,-0.0007959473112809925,0.27124218756082763
1771417160653,0.00012809029823495003,-8.427132200353101e-06,0.00012781278474705186
1771417160656,0.2704035384903054,-0.00022416849703202997,0.2704034455708045
1771417160659,0.27045437556191915,-0.0002594307367800011,0.27045425113368143
1771417160662,0.2704732477577911,-0.00026715586544765423,0.27047311581817335
1771417160666,0.2700959999942394,-4.2940174185103595e-05,0.2700959965809001
1771417160670,0.27004509335468824,-1.555269932200157e-05,0.27004509290682516
1771417160674,0.27009412138471844,-4.1007920499621285e-05,0.2700941182716378
1771417160678,0.27022830631020145,-0.00011080885711720454,0.2702282835912578
1771417160682,0.26988999932641666,5.178983376956015e-05,0.2698899943573794
1771417160685,0.9173648662740527,-0.3278597594758971,0.8567766780149991
1771417160689,1.9343552111345104,-1.1734215469425076,1.5377945103342932
1771417160692,2.5625414023188308e-05,-2.2087232925616173e-05,-1.2992920593515256e-05
1771417160696,0.00010362477532409924,-5.666008308448704e-05,8.676248639722742e-05
1771417160699,0.3594332568205239,-0.08002443498386466,0.3504116948877733
1771417160702,1.8840604148072178,-1.0672219769260403,1.5526496380734514
1771417160705,0.2705223767369464,-0.00028472205849347184,0.27052222690336514
1771417160709,0.2705245113626201,-0.00028477171348113145,0.2705243614779556
1771417160712,1.8911243808726896,-1.062535683591441,1.564407026648111
1771417160716,9.909777259425663e-05,-9.767990542720997e-05,-1.670343105096423e-05
1771417160719,0.0009025879865505748,0.00034545124832021843,0.0008338636030547342
1771417160723,0.270033888527587,-2.359958159541445e-05,0.27003388749634555
1771417160726,0.2705302595760541,-0.0002839692457117278,0.2705301105380965
1771417160729,0.2695695566932603,-2.308858774312833e-05,0.2695695557044935
1771417160733,0.000519633680492549,8.32532402645038e-05,0.0005129211049349531
1771417160735,0.0006336104795990596,0.00018805525280295453,0.000605059882781008
1771417160739,0.0018469530213652589,-0.0005667778718010478,0.0017578391016150863
1771417160743,1.9049872810689437,-1.0564072060863312,1.5852382647297276
1771417160747,1.899797188837064,-1.0379103693970757,1.5912169631484065
1771417160752,1.9088386555544719,-1.0477734152831013,1.5955675739889519
1771417160755,0.2713479357764284,-0.0007963645124404585,0.2713467671701508
1771417160759,0.2704068683796797,-0.00022804015318850896,0.27040677222398474
1771417160762,0.2713328595928444,-0.0008013672546527077,0.27133167619235576
1771417160765,0.2704657272436079,-0.0002674063360624396,0.2704655950527999
1771417160769,1.8932223649594369,-1.0751188758541999,1.5583357552095778
1771417160772,0.2704530329597028,-0.00026058604062854007,0.2704529074201598
1771417160775,0.2713291334563483,-0.0008025755175584768,0.27132794646831254
1771417160778,0.27135261655797693,-0.0007944462022113773,0.2713514535949499
1771417160782,0.2704032732058278,-0.0002243978627902739,0.27040318009599057
1771417160785,0.27135681702394293,-0.0007925932974309864,0.27135565949732926
1771417160789,1.899797188837064,-1.0379103693970757,1.5912169631484065
1771417160794,1.8963227139303127,-1.0417400370812238,1.584555941110959
1771417160797,0.2704562512826446,-0.0002624748431042691,0.2704561239181279
1771417160802,1.8968382860614863,-1.0745008106482323,1.5631517813011533
1771417160806,1.890085612450616,-1.0375278315506387,1.5798606334581067
1771417160809,0.2713102748463395,-0.0008065941464227787,0.2713090758582898
1771417160813,1.904926431913494,-1.052406097846881,1.5878243341810128
1771417160817,1.9027373906899532,-1.0402615056938205,1.5931935154591976
1771417160822,1.907357703618506,-1.0648760044185568,1.582419825699372
1771417160826,1.9010949321003292,-1.0606724859266705,1.577699533642478
1771417160830,1.8857513693557575,-1.0476111877901284,1.5679824700053477
1771417160835,1.913003080671678,-1.0347611388528473,1.6089904201639267
1771417160837,0.271360880365556,-0.0007907455003156407,0.27135972824706933
1771417160841,0.27136559857134523,-0.0007884092405099482,0.27136445327060427
1771417160844,0.27137938983544346,-0.0007802288060106311,0.27137826823544264
1771417160849,1.9049872810689437,-1.0564072060863312,1.5852382647297276
1771417160852,0.27052176665153094,-0.00028487590570006624,0.27052161665564495
1771417160856,1.893286210520755,-1.0361695426598794,1.5845773423257248
1771417160861,1.8890531238733006,-1.0451237748813067,1.5736066852912527
1771417160865,1.9029401036846816,-1.0760947852365466,1.5694588403007508
1771417160869,1.890085612450616,-1.0375278315506387,1.5798606334581067
1771417160873,1.8989017018522742,-1.0486503270933045,1.5830856466990562
1771417160877,1.9007014105910816,-1.0659534820210317,1.5736610265206943
1771417160880,0.2713853656043521,-0.0007761462585246081,0.271384255735651
1771417160885,1.910893895380641,-1.0603552230835935,1.5897050922364004
1771417160889,1.8932223649594369,-1.0751188758541999,1.5583357552095778
1771417160893,1.883487044634662,-1.0329458759065808,1.5749750044855317
1771417160897,1.8968336437252706,-1.06978448753205,1.5663776754677896
1771417160901,1.9010949321003292,-1.0606724859266705,1.577699533642478
1771417160905,1.8882926195424337,-1.0584968675432962,1.5637242079150198
1771417160909,1.9107129986722842,-1.1034570165019222,1.5598739615840471
1771417160913,1.904926431913494,-1.052406097846881,1.5878243341810128
1771417160918,1.9007014105910816,-1.0659534820210317,1.5736610265206943
1771417160922,1.9139481614557181,-1.0614211412259928,1.592665289914436
1771417160926,1.8976235567081787,-1.0223119505804215,1.5987036744419687
1771417160930,1.904926431913494,-1.052406097846881,1.5878243341810128
1771417160934,1.9036171221657572,-1.0295329996139388,1.60119328955269
1771417160939,1.8857513693557575,-1.0476111877901284,1.5679824700053477
1771417160943,1.9049872810689437,-1.0564072060863312,1.5852382647297276
1771417160948,1.9049872810689437,-1.0564072060863312,1.5852382647297276
1771417160952,1.8923428949152836,-1.0046326727187092,1.603644232628428
1771417160956,1.9126843620064988,-1.0391019226499933,1.6058109051221736
1771417160960,1.8932223649594369,-1.0751188758541999,1.5583357552095778
1771417160964,1.9027373906899532,-1.0402615056938205,1.5931935154591976
1771417160969,1.907357703618506,-1.0648760044185568,1.582419825699372
1771417160973,1.9049872810689437,-1.0564072060863312,1.5852382647297276
1771417160977,1.8989017018522742,-1.0486503270933045,1.5830856466990562
1771417160981,1.8890531238733006,-1.0451237748813067,1.5736066852912527
1771417160985,1.9049872810689437,-1.0564072060863312,1.5852382647297276
1771417160990,1.8978540992321002,-1.0194195186264787,1.6008229218172276
1771417160993,1.8963227139303127,-1.0417400370812238,1.584555941110959
1771417160998,1.893286210520755,-1.0361695426598794,1.5845773423257248
1771417161002,1.8819738826700037,-1.0549046532412845,1.5585255428198457
1771417161006,1.8890531238733006,-1.0451237748813067,1.5736066852912527
1771417161010,1.9139481614557181,-1.0614211412259928,1.592665289914436
1771417161015,1.8890531238733006,-1.0451237748813067,1.5736066852912527
1771417161018,1.9130502374372569,-1.0766157375569376,1.5813474522076028
1771417161022,1.8968336437252706,-1.06978448753205,1.5663776754677896
1771417161026,1.8932223649594369,-1.0751188758541999,1.5583357552095778
1771417161030,1.9029401036846816,-1.0760947852365466,1.5694588403007508
1771417161035,1.893286210520755,-1.0361695426598794,1.5845773423257248
1771417161039,1.8920982457513305,-1.0505877131366732,1.573626775503492
1771417161043,1.9027373906899532,-1.0402615056938205,1.5931935154591976
1771417161047,1.9108220523830304,-1.0223758050510914,1.6143074766349284
1771417161051,1.893286210520755,-1.0361695426598794,1.5845773423257248
1771417161056,1.918919518969418,-1.0861893728050525,1.581911744278798
1771417161059,1.8878118413981615,-1.0228147511605483,1.5867210004696803
1771417161063,0.5088902979420942,-0.11535417967820005,0.4956437718466387
1771417161067,1.8968336437252706,-1.06978448753205,1.5663776754677896
1771417161071,1.893286210520755,-1.0361695426598794,1.5845773423257248
1771417161075,0.2713327715354979,-0.0008013911756399412,0.2713315880639744
1771417161079,1.362915102822069,-0.5780860972919333,1.2342422945346965
1771417161082,1.9065694933694604,-1.0318148985203792,1.6032358679366117
1771417161086,0.2700839908937167,-3.38330717541645e-05,0.27008398877460416
1771417161090,0.2703322014626194,-0.0001646791190816014,0.27033215130356575
1771417161094,0.27750523839658486,-0.0015900653336074254,0.2775006829357006
1771417161098,1.8963227139303127,-1.0417400370812238,1.584555941110959
1771417161102,0.27037231381877014,-0.00019691527409189738,0.27037224211092814
1771417161106,1.883487044634662,-1.0329458759065808,1.5749750044855317
1771417161110,0.2700421564598614,-2.0540301057618874e-05,0.27004215567867973
1771417161114,0.2699725312796758,1.5099262667632367e-06,0.2699725312754534
1771417161118,0.2701009814666468,-4.022321652682745e-05,0.2701009784716426
1771417161122,0.2703578237840983,-0.0001856538104383869,0.27035776004016643
1771417161125,0.2704359938698175,-0.00024811157300597554,0.2704358800547799
1771417161129,0.2704682204622789,-0.00026804253721582556,0.270468087642942
1771417161132,0.2704590656808006,-0.0002644225174613798,0.2704589364204183
1771417161136,0.2704595132217491,-0.00026356984052385783,0.2704593847938811
1771417161139,0.27044936870423847,-0.0002587750867810702,0.2704492449018403
1771417161144,1.907357703618506,-1.0648760044185568,1.582419825699372
1771417161149,1.893286210520755,-1.0361695426598794,1.5845773423257248
1771417161152,0.2713227824475994,-0.0008043347929391487,0.2713215902220983
1771417161155,1.8932223649594369,-1.0751188758541999,1.5583357552095778
1771417161159,1.890085612450616,-1.0375278315506387,1.5798606334581067
1771417161164,1.9029401036846816,-1.0760947852365466,1.5694588403007508
1771417161167,0.27137200911437964,-0.0007847472558551232,0.27137087445508845
1771417161171,1.8857513693557575,-1.0476111877901284,1.5679824700053477
1771417161175,1.9027373906899532,-1.0402615056938205,1.5931935154591976
1771417161179,1.8878118413981615,-1.0228147511605483,1.5867210004696803
1771417161182,0.271370293162767,-0.0007857278231536606,0.27136915565891795
1771417161185,0.27134556052602443,-0.0007972796111476877,0.271344389222265
1771417161188,0.2713691797865725,-0.0007862830621314537,0.27136804066983145
1771417161193,1.8963227139303127,-1.0417400370812238,1.584555941110959
1771417161197,1.8819738826700037,-1.0549046532412845,1.5585255428198457
1771417161201,1.9169467504145556,-1.0675328621715532,1.5921866825560174
1771417161205,1.9055963872651487,-1.0054348688259767,1.6187644410805662
1771417161210,1.9078550014043634,-1.0201963117322206,1.612175608273372
1771417161214,1.9049872810689437,-1.0564072060863312,1.5852382647297276
1771417161218,1.8989017018522742,-1.0486503270933045,1.5830856466990562
1771417161222,1.9065694933694604,-1.0318148985203792,1.6032358679366117
1771417161226,1.9169507381654902,-1.0294241707471488,1.6170918369822918
1771417161231,1.907357703618506,-1.0648760044185568,1.582419825699372
1771417161235,1.8857513693557575,-1.0476111877901284,1.5679824700053477
1771417161240,1.914695702317914,-1.0523222148728038,1.5995866930428893
1771417161244,1.899797188837064,-1.0379103693970757,1.5912169631484065
1771417161248,1.8911243808726896,-1.062535683591441,1.564407026648111
1771417161252,1.904926431913494,-1.052406097846881,1.5878243341810128
1771417161255,1.892995073649738,-1.0779164734382982,1.5561254528965587
1771417161259,1.9007014105910816,-1.0659534820210317,1.5736610265206943
1771417161264,1.9189425867640693,-1.0430025793216156,1.6107409074165946
1771417161268,1.8819738826700037,-1.0549046532412845,1.5585255428198457
1771417161272,1.904926431913494,-1.052406097846881,1.5878243341810128
1771417161277,1.907357703618506,-1.0648760044185568,1.582419825699372
1771417161281,1.890085612450616,-1.0375278315506387,1.5798606334581067
1771417161285,1.893286210520755,-1.0361695426598794,1.5845773423257248
1771417161289,1.9027373906899532,-1.0402615056938205,1.5931935154591976
1771417161294,1.8890531238733006,-1.0451237748813067,1.5736066852912527
1771417161297,1.8989017018522742,-1.0486503270933045,1.5830856466990562
1771417161301,1.8968336437252706,-1.06978448753205,1.5663776754677896
1771417161305,1.8989017018522742,-1.0486503270933045,1.5830856466990562
1771417161309,1.904926431913494,-1.052406097846881,1.5878243341810128
1771417161313,1.9007014105910816,-1.0659534820210317,1.5736610265206943
1771417161317,1.8952876944952284,-1.0076925919645259,1.6052012599686227
1771417161321,1.9087057589233731,-1.0867392819786514,1.569125682395064
1771417161325,1.8963227139303127,-1.0417400370812238,1.584555941110959
1771417161329,1.9010949321003292,-1.0606724859266705,1.577699533642478
1771417161333,1.8971453181070554,-1.1031905238319646,1.5434153770592272
1771417161337,1.8890531238733006,-1.0451237748813067,1.5736066852912527
1771417161342,1.9007014105910816,-1.0659534820210317,1.5736610265206943
1771417161345,1.8989017018522742,-1.0486503270933045,1.5830856466990562
1771417161349,1.890085612450616,-1.0375278315506387,1.5798606334581067
1771417161354,1.892995073649738,-1.0779164734382982,1.5561254528965587
1771417161357,1.9065694933694604,-1.0318148985203792,1.6032358679366117
1771417161362,1.8852106165360925,-1.0534666348326993,1.5634024171641356
1771417161366,1.913003080671678,-1.0347611388528473,1.6089904201639267
1771417161370,1.899797188837064,-1.0379103693970757,1.5912169631484065
1771417161375,1.9169507381654902,-1.0294241707471488,1.6170918369822918
1771417161378,0.26510144045631895,-0.00030448452672241096,0.2651012655971076
1771417161381,0.2699329270274417,0.0005117884250801581,0.2699324418557542
1771417161384,0.27052461753387713,-0.000284468962627598,0.27052446796779733
1771417161387,0.2705238513787597,-0.00028454620056243184,0.27052370173102586
1771417161390,0.2626425902286149,-0.0020947316145774456,0.2626342367275428
1771417161393,0.15846889634526323,-0.001827071974689304,0.15845836335417923
1771417161395,0.0010658248192574765,0.0005905308264805781,-0.0008872744154552175
1771417161398,0.0009738589956382819,0.0005189139083006458,-0.0008240932587746073
1771417161401,0.24638737995245194,-5.2649773915741487e-05,0.24638737432716643
1771417161405,1.932588596082147,-1.1113300487812572,1.581089562416567
1771417161408,0.00021488533765567753,-0.0001052989993869128,0.00018731745531986463
1771417161411,0.0003395235215926313,-0.0001880042453572101,0.00028272004782527876
1771417161414,0.00027495880022354753,-0.00017019961649566208,0.00021595006914817668
1771417161417,0.001247637710332593,0.0007257102903949347,-0.0010148617790905591
1771417161420,0.2562708311918246,0.0006063740977022927,0.25627011380612114
1771417161422,0.2550069889601288,-2.0633179718640513e-05,0.2550069881253907
1771417161425,0.00027549769362568085,-0.00017101117228456486,0.00021599573640914392
1771417161428,8.7245337817743e-05,2.240484306933295e-05,8.43194638145349e-05
1771417161431,0.00015061153344402562,-0.00011766156067982985,9.401909989330661e-05
1771417161434,0.0010435193620960993,0.000567189195117839,-0.0008759161352612636
1771417161436,0.000993805586097643,0.0005325336933045557,-0.0008390812883471359
1771417161439,6.490568512900324e-05,-4.485008574929106e-06,6.475054177493904e-05
1771417161442,0.00017938215534696515,-0.00017701017395809404,2.907500597159048e-05
1771417161445,9.165694206709915e-05,6.681911093509645e-05,6.273915398644489e-05
1771417161448,6.846698030069705e-05,6.497412290376486e-05,2.1589134868782862e-05
1771417161451,7.406173564473229e-05,-4.178473363991835e-05,6.11488080125139e-05
1771417161454,3.219248686540879e-05,-2.8522600845657823e-05,-1.4927071098470618e-05
1771417161458,1.9172664006972497,-1.1059710955204807,1.5661220856356681
1771417161461,5.092133156540631e-05,4.7928892531461e-05,1.7198932208183937e-05
1771417161464,3.135105068247417e-05,-2.8328586648449536e-05,-1.3430545684980599e-05
1771417161467,0.0010083169490140542,0.0005419691847456908,-0.0008502778795517981
1771417161470,0.0010321265689960224,0.0005585696145854837,-0.0008679200654952766
1771417161472,0.0011306670973500435,0.0006313074285950264,-0.0009380080040333923
1771417161476,1.904926431913494,-1.052406097846881,1.5878243341810128
1771417161480,1.8921132001447996,-1.0081236753736846,1.6011805074110939
1771417161483,1.8862482752378775,-1.002909578257729,1.5975308866112015
1771417161486,4.306059457214798e-05,-3.7305360867165424e-05,2.1506391037955726e-05
1771417161489,0.0010062316558071785,0.0005362014636410032,-0.0008514635256649003
1771417161492,1.910362258821449,-1.0238861498185714,1.6128053546969303
1771417161495,0.0011342818675349848,0.000636202558739786,-0.0009390642466155347
1771417161498,0.0012361337812440104,0.0007069292244284578,-0.0010140403329165926
1771417161501,0.00028132403956635167,-0.00017037863122557707,0.00022386231764106484
1771417161503,0.0001474522916857947,-8.61393999556777e-05,0.00011967531950518649
1771417161506,0.0009515826480428506,0.0004932285561106303,-0.0008137783036511028
1771417161509,0.00028025772942682586,-0.0002727170527760318,6.457401976518886e-05
1771417161512,0.00020870085502925544,-9.982902813508383e-05,0.00018327632698072856
1771417161515,5.000365727251911e-05,-3.867295421847012e-05,3.169808121391052e-05
1771417161518,3.9826544167128866e-05,-3.652959907148604e-05,1.5866379926522385e-05
1771417161522,1.8939279977086403,-0.9853900994639071,1.6173959355653058
1771417161534,1.886817116217559,-1.029980871990966,1.5808915944441844
1771417161541,0.0006311100956554307,0.00035376463839363267,-0.0005226380520593857
1771417161547,0.0005442079779660034,0.0002978409978691266,-0.0004554701562892667
1771417161551,0.00019511570675347597,-0.00019491338847184574,-8.883130998233463e-06
1771417161557,0.0001493904939407816,-1.3075758717935442e-05,0.00014881715026777336
1771417161561,1.8949917482266934,-1.011081005512494,1.602719228729444
1771417161564,7.390117233458381e-05,-5.209146423127037e-05,5.2420059392069905e-05
1771417161568,7.390117233458381e-05,-5.209146423127037e-05,5.2420059392069905e-05
1771417161571,0.0016396179535000783,0.00025594639430068537,-0.0016195179766474539
1771417161574,0.00024638635624550675,-0.00012252072308104536,-0.00021376367549150058
1771417161578,1.8994638439499616,-1.038054685468211,1.5907247921782879
1771417161581,4.519509269950894e-05,-3.9623755706092454e-05,-2.173831612294549e-05
1771417161584,0.00020096741723162845,-0.0001991779757880191,2.6758863012817043e-05
1771417161587,0.000130772714440833,-0.00013076934154077963,-9.392311827111164e-07
1771417161590,0.00018725362493906286,-1.6904485371003358e-05,-0.0001864890303132084
1771417161593,1.4806656092468307,-0.6118385783283893,1.3483412774499577
1771417161596,0.0001394096941672583,2.0667608395153684e-05,-0.0001378691872429553
1771417161599,0.006586048054883434,-0.0016909034781230684,0.0063652866713845005
1771417161602,0.0006481251257535068,0.00045753534435346373,-0.00045905074588802964
1771417161605,0.2704209330693343,-0.00024081986234225248,0.2704208258398071
1771417161609,0.26872698859100197,-0.00011693358320282181,0.2687269631498217
1771417161612,0.2698069798480801,0.00016055583402140462,0.26980693207656187
1771417161616,0.27007458608038587,-2.9430968463499948e-05,0.2700745844767883
1771417161619,0.2700787873609693,-8.217661443917502e-05,0.27007877485906906
1771417161622,0.0028541970517056395,-0.0008077674020334508,0.0027375084719827433
1771417161625,0.007790227920790491,-0.0011808046979136792,0.007700217615317681
1771417161629,0.001452531135763525,0.00020943285572207703,0.0014373533244496884
1771417161632,0.0008342122879565991,0.0003616446313796716,0.0007517468336960557
1771417161635,0.2640384306910784,0.001090829243798064,0.2640361773950083
1771417161638,0.2703978308771046,-0.00022432498199059336,0.2703977378258659
1771417161642,0.0004809800598937667,9.011033796920884e-05,-0.00047246369702495274
1771417161645,0.0034373901043680643,-0.0006089777308780993,0.0033830159403854506
1771417161648,0.0700586295209373,-0.001669128386582962,0.07003874342662816
1771417161650,0.15742066043897962,-0.007365899041943259,0.15724823644272906
1771417161653,0.26991625356135085,1.4027247296269e-05,0.26991625319686063
1771417161656,0.004207804241275199,-1.0008843102485548e-05,0.004207792337551047
1771417161659,0.03278238485784419,-0.003698801045857769,0.03257305063685275
1771417161662,0.0028087351327337317,-0.0009446053937323829,0.0026451301850730267
1771417161665,0.25891408629149726,-0.0011135733477039373,0.2589116915756416
1771417161668,0.23713911202997578,-0.001448015957191383,0.23713469106006638
1771417161671,0.2663367000097081,-0.00017042044741576135,0.26633664548637004
1771417161674,0.2591185538491981,-0.0011737866716361083,0.2591158952549018
1771417161677,0.2653355095087484,-0.0004909824874466382,0.2653350552461249
1771417161681,0.2713714536196412,-0.0007852344779483329,0.2713703175486437
1771417161684,0.27033325692203375,-0.00017034527614326442,0.270333203252137
1771417161687,0.0005709371770421331,0.00031742450143728326,-0.0004745639535575076
1771417161690,0.23859322071178654,-0.0021223119015897703,0.23858378143079143
1771417161693,0.2696626112840231,6.095706813344969e-06,0.2696626112151266
1771417161697,0.2699174013762306,3.727056392116134e-05,0.2699173988030454
1771417161700,0.26819342931699597,-0.0001962163269744148,0.2681933575388539
1771417161703,0.26963650443420184,-0.0004085846896444189,0.26963619486642876
1771417161706,0.26969856179088125,-0.004059004890852614,0.26966801573669397
1771417161709,0.2669082590435178,0.00017622087967912202,0.2669082008703426
1771417161712,0.2687911526676589,-0.00010291651637677455,0.26879113296498336
1771417161716,1.8862482752378775,-1.002909578257729,1.5975308866112015
1771417161720,1.8749520412891172,-1.017822992354223,1.57463694652746
1771417161723,1.8952426208635749,-1.0465106767296546,1.5801139184972306
1771417161727,1.8869880013317313,-0.9900246188657716,1.6064168111700043
1771417161732,1.8979095980044134,-1.0184918653203021,1.6014790546471864
1771417161736,1.8862347179289272,-1.0017932361090296,1.5982151679941652
1771417161740,0.27001128862295065,-4.958412136281041e-06,0.27001128857742324
1771417161744,1.4097063676956938,-0.5698335346492153,1.2894036551487544
1771417161748,1.4927389515019953,-0.6212192461070677,1.357334235034777
1771417161752,1.8908372651874708,-0.9811026900055644,1.6163858063858019
1771417161756,1.8706300161309597,-1.0277715636626708,1.5629914491693495
1771417161760,1.8749520412891172,-1.017822992354223,1.57463694652746
1771417161764,0.2700834506903839,-2.3827964781677306e-05,0.2700834496392794
1771417161768,1.8949917482266934,-1.011081005512494,1.602719228729444
1771417161771,0.27042690071821757,-0.0002438633331702275,0.2704267907636657
1771417161775,0.27004970727239835,-2.1543145722397772e-05,0.2700497064130989
1771417161778,0.2703126266229756,-0.00015277494814675214,0.27031258345039627
1771417161782,0.2703183085188407,-0.0001565474025320712,0.27031826318877883
1771417161786,0.2701024003946997,-4.072794452721202e-05,0.2701023973240763
1771417161789,0.2701260588895529,-5.185835007729553e-05,0.27012605391171307
1771417161793,0.27044938038363786,-0.0002598096471024804,0.2704492555893636
1771417161796,0.4373300528208463,-0.07616908285118332,0.43064584744067114
1771417161800,0.8799447293166154,-0.2888466708902321,0.8311860967122353
1771417161802,0.2704531492965254,-0.0002616567518508036,0.27045302272326865
1771417161807,0.27077419604598746,-0.0007389815707634119,0.27077318765082503
1771417161811,1.9047874992147567,-1.0106047501735167,1.6145877046761907
1771417161816,1.33230159479797,-0.5185375908879843,1.2272515252943463
1771417161819,0.2699316108958216,-7.145561678441917e-05,0.26993160143804595
1771417161822,0.4592484071838154,-0.08639876415419465,0.45104806069142933
1771417161826,0.2713497715113075,-0.0007960073586956791,0.27134860396088956
1771417161829,0.2704495025990873,-0.00025951964438411653,0.27044937808330766
1771417161833,1.3826364775950577,-0.5734779251643521,1.2580964583551049
1771417161838,1.8845956675216904,-0.9764426833938581,1.6119120683486823
1771417161841,1.8869880013317313,-0.9900246188657716,1.6064168111700043
1771417161845,0.2713724441323523,-0.0007847061717763328,0.27137130959368316
1771417161848,0.2703645967620215,-0.00019767042140214652,0.27036452450107984
1771417161851,0.27038454731335027,-0.0002123322302211559,0.2703844639413836
1771417161854,0.2705204877446661,-0.00028498436939895214,0.27052033763382977
1771417161858,0.27130590666877574,-0.000808392479562773,0.2713047023089822
1771417161862,1.8939279977086403,-0.9853900994639071,1.6173959355653058
1771417161866,1.9076405797698637,-1.0150304930904337,1.6151797669861063
1771417161870,1.8834921969789797,-0.9934079530665152,1.6002135778904327
1771417161873,1.8979095980044134,-1.0184918653203021,1.6014790546471864
1771417161876,0.2713038860241279,-0.0008086946560052822,0.27130268075480996
1771417161881,1.9064609564727428,-1.033283956171864,1.6021603054853115
1771417161885,1.886817116217559,-1.029980871990966,1.5808915944441844
1771417161889,1.8869880013317313,-0.9900246188657716,1.6064168111700043
1771417161893,1.886817116217559,-1.029980871990966,1.5808915944441844
1771417161896,1.8797156153198387,-1.0013448417923696,1.5907983223190343
1771417161900,1.8900906680192582,-0.9941703488880484,1.6075036705168986
1771417161904,1.8904469544226559,-0.9925588390104381,1.6089178470599879
1771417161908,1.9034417700099535,-1.028144149394054,1.6018770801423565
1771417161913,1.9017778983775524,-1.0094761688908767,1.6117434781002649
1771417161917,1.8897234902874063,-1.037407260938101,1.579506582669703
1771417161921,1.9034417700099535,-1.028144149394054,1.6018770801423565
1771417161924,0.27136320053310153,-0.0007897888720662513,0.2713620512103817
1771417161928,1.8797156153198387,-1.0013448417923696,1.5907983223190343
1771417161932,1.9017778983775524,-1.0094761688908767,1.6117434781002649
1771417161936,1.886817116217559,-1.029980871990966,1.5808915944441844
1771417161940,1.8781205234768257,-1.0212136886438694,1.5762167689855504
1771417161944,1.883129489169675,-0.9989521357914907,1.5963305745922616
1771417161948,1.8897234902874063,-1.037407260938101,1.579506582669703
1771417161951,1.8897234902874063,-1.037407260938101,1.579506582669703
1771417161955,1.8911223007231952,-1.0200625956872977,1.5924245216562962
1771417161959,1.8889848113923933,-1.0469158209810725,1.5723329423028325
1771417161963,1.8788310532546686,-1.008879612812732,1.5849820357104618
1771417161967,1.8862482752378775,-1.002909578257729,1.5975308866112015
1771417161971,1.8979095980044134,-1.0184918653203021,1.6014790546471864
1771417161975,1.8721455962451414,-1.0127156299938624,1.5745907996385
1771417161979,1.8940352934378173,-1.0274722961959084,1.591122362779804
1771417161983,1.8869880013317313,-0.9900246188657716,1.6064168111700043
1771417161987,1.8897234902874063,-1.037407260938101,1.579506582669703
1771417161991,1.8788310532546686,-1.008879612812732,1.5849820357104618
1771417161995,1.885836606830476,-1.0463079617035151,1.568954861344876
1771417161999,1.8862347179289272,-1.0017932361090296,1.5982151679941652
1771417162003,1.8949917482266934,-1.011081005512494,1.602719228729444
1771417162008,1.8889848113923933,-1.0469158209810725,1.5723329423028325
1771417162012,1.883129489169675,-0.9989521357914907,1.5963305745922616
1771417162016,1.8900906680192582,-0.9941703488880484,1.6075036705168986
1771417162020,1.8979095980044134,-1.0184918653203021,1.6014790546471864
1771417162024,1.8788310532546686,-1.008879612812732,1.5849820357104618
1771417162028,1.8988561400098958,-1.0020497348711046,1.6129324131215261
1771417162032,1.8897234902874063,-1.037407260938101,1.579506582669703
1771417162036,1.8862347179289272,-1.0017932361090296,1.5982151679941652
1771417162040,1.8979095980044134,-1.0184918653203021,1.6014790546471864
1771417162044,1.8797156153198387,-1.0013448417923696,1.5907983223190343
1771417162048,1.8889848113923933,-1.0469158209810725,1.5723329423028325
1771417162052,1.9017778983775524,-1.0094761688908767,1.6117434781002649
1771417162056,1.8904469544226559,-0.9925588390104381,1.6089178470599879
1771417162059,1.8949917482266934,-1.011081005512494,1.602719228729444
1771417162062,0.2713225734674308,-0.0008047711893741454,0.27132137994695915
1771417162066,1.8911223007231952,-1.0200625956872977,1.5924245216562962
1771417162070,1.8862347179289272,-1.0017932361090296,1.5982151679941652
1771417162074,1.901052697736844,-1.0181444834038467,1.6054230503162856
1771417162078,1.8876424259154432,-0.9808736322825039,1.6127866708306051
1771417162082,1.8662975797957901,-1.003346037299538,1.5736465250452332
1771417162086,1.8824692290347191,-1.0097889678786423,1.5887154051664372
1771417162090,1.8921132001447996,-1.0081236753736846,1.6011805074110939
1771417162094,1.895965807275601,-0.9992405297345365,1.6112742491872898
1771417162098,0.2701135760815045,-4.2339989980809585e-05,0.2701135727631323
1771417162102,1.8900906680192582,-0.9941703488880484,1.6075036705168986
1771417162106,0.8391850523149791,-0.26670126480955175,0.7956770622418868
1771417162109,0.8487685677216154,-0.2695378561266453,0.8048337876026666
1771417162112,0.0007294149745321223,-0.00047702410121184353,0.0005518099418592686
1771417162115,0.00013800222974154054,-9.307235310728438e-05,-0.0001018928481332714
1771417162119,1.92990088916397,-1.1512082800703853,1.5489470416683933
1771417162121,0.2709144164672778,-0.00022147799535947007,0.27091432593590026
1771417162125,0.2713821937838006,-0.00077789956103483,0.27138107888204227
1771417162128,1.9218588301434116,-1.2041992663412895,1.4978135698221267
1771417162132,1.9369392862758446,-1.1057638011675486,1.5902893493783676
1771417162136,1.9670559797452338,-1.1776288103763946,1.575595002665012
1771417162139,1.9249114262996376,-1.1323915939109532,1.5565902727239163
1771417162143,1.9313425828999675,-1.130336348924214,1.5660216827436955
1771417162147,1.9467484904533103,-1.1811218411048103,1.5475079584762808
1771417162151,1.9212351223990045,-1.133394447021399,1.5513095832233408
1771417162154,1.94260401743042,-1.1516075045557665,1.5644521481936249
1771417162158,1.932491582195871,-1.1596992387673675,1.545840027577333
1771417162162,1.9257804717964444,-1.1583106009719981,1.538488536593115
1771417162166,1.9289047132747716,-1.122529491093808,1.568630273365367
1771417162169,1.9389066194675495,-1.1947225608860508,1.527087712453007
1771417162173,1.9321808402458935,-1.1619493178639595,1.5437605326373667
1771417162176,1.9394987009698692,-1.1506327139165642,1.561313411435645
1771417162180,1.9394987009698692,-1.1506327139165642,1.561313411435645
1771417162184,1.9281231367448455,-1.1680740476409754,1.534034500810986
1771417162188,1.9389066194675495,-1.1947225608860508,1.527087712453007
1771417162192,1.9237396317172348,-1.1417895764935457,1.5482540920825147
1771417162196,1.9564469681309224,-1.187115583275528,1.5551338627440023
1771417162200,1.9349478635315014,-1.1248341290022823,1.5744114509291396
1771417162203,1.9389187281521445,-1.1981702175049118,1.524399542201244
1771417162208,1.9368056212785183,-1.1823327034039088,1.5340486931899104
1771417162212,0.27973205244274174,-0.004279131228340179,0.27969932105702267
1771417162215,0.2700548060014078,-6.002159787728116e-05,0.2700547993312946
1771417162219,0.2713513767822955,-0.0007938256321090771,0.2713502156301209
1771417162222,1.9321808402458935,-1.1619493178639595,1.5437605326373667
1771417162226,1.9349478635315014,-1.1248341290022823,1.5744114509291396
1771417162231,1.9414835988729113,-1.1687526547453768,1.5502824893283629
1771417162235,1.9467073523080325,-1.1852591652189066,1.5442895540651471
1771417162239,1.919586795472972,-1.1527535049855113,1.5349178551628788
1771417162243,1.9384358523255374,-1.1665799241110961,1.5481036251627287
1771417162247,1.9313425828999675,-1.130336348924214,1.5660216827436955
1771417162251,0.27052760341795495,-0.0002841675182543839,0.2705274541703372
1771417162254,1.9358379033624502,-1.156335180449037,1.5525325563577148
1771417162259,1.9358379033624502,-1.156335180449037,1.5525325563577148
1771417162263,1.930788442402733,-1.1739121297476474,1.5329299791403765
1771417162267,1.9204572980189176,-1.1433874520623244,1.5429910459819745
1771417162271,1.9358379033624502,-1.156335180449037,1.5525325563577148
1771417162275,1.9244788048819494,-1.1734617719485274,1.5253216513952979
1771417162279,1.9313425828999675,-1.130336348924214,1.5660216827436955
1771417162283,1.9343552111345104,-1.1734215469425076,1.5377945103342932
1771417162288,1.919586795472972,-1.1527535049855113,1.5349178551628788
1771417162291,1.932491582195871,-1.1596992387673675,1.545840027577333
1771417162295,1.9481677095101115,-1.1638977137968922,1.5622738352146341
1771417162300,1.9289047132747716,-1.122529491093808,1.568630273365367
1771417162304,1.930788442402733,-1.1739121297476474,1.5329299791403765
1771417162308,1.9384358523255374,-1.1665799241110961,1.5481036251627287
1771417162312,1.9257804717964444,-1.1583106009719981,1.538488536593115
1771417162317,1.9414835988729113,-1.1687526547453768,1.5502824893283629
1771417162321,1.9358379033624502,-1.156335180449037,1.5525325563577148
1771417162325,1.9394987009698692,-1.1506327139165642,1.561313411435645
1771417162329,1.9368056212785183,-1.1823327034039088,1.5340486931899104
1771417162334,1.9220572429700389,-1.1649317275620659,1.5288028373118778
1771417162338,1.9496975961322998,-1.188059712891681,1.545909064262127
1771417162342,1.9281231367448455,-1.1680740476409754,1.534034500810986
1771417162346,1.9329381175708213,-1.11173821561427,1.5812298714295239
1771417162350,1.9368056212785183,-1.1823327034039088,1.5340486931899104
1771417162354,1.918885139909133,-1.1973573604866983,1.4994850887729492
1771417162358,1.9375633872371212,-1.13548819794829,1.5699740226774237
1771417162362,1.9431290203301312,-1.1861359617224203,1.5391009940734768
1771417162366,1.932289352594031,-1.1188503113633796,1.5754098269689472
1771417162370,1.9519374280106507,-1.2020149854393396,1.5379270781308516
1771417162374,1.9462673805676662,-1.149669339446848,1.5704194110483904
1771417162379,1.9375633872371212,-1.13548819794829,1.5699740226774237
1771417162383,1.9343552111345104,-1.1734215469425076,1.5377945103342932
1771417162386,1.9349478635315014,-1.1248341290022823,1.5744114509291396
1771417162390,1.9358379033624502,-1.156335180449037,1.5525325563577148
1771417162394,1.9414835988729113,-1.1687526547453768,1.5502824893283629
1771417162398,1.9237396317172348,-1.1417895764935457,1.5482540920825147
1771417162403,1.9305121691729266,-1.181141845755885,1.527017084229623
1771417162407,1.9389066194675495,-1.1947225608860508,1.527087712453007
1771417162411,1.9152677666854834,-1.1620110600159652,1.5224916796176498
1771417162416,1.9431290203301312,-1.1861359617224203,1.5391009940734768
1771417162420,1.9445953982675994,-1.1685718986548959,1.55431366867747
1771417162424,1.9277394989876706,-1.1357910553364026,1.5576129989747312
1771417162428,1.9375633872371212,-1.13548819794829,1.5699740226774237
1771417162432,1.9348045835409473,-1.169045170691401,1.5416880895220575
1771417162436,1.9348045835409473,-1.169045170691401,1.5416880895220575
1771417162440,1.9467073523080325,-1.1852591652189066,1.5442895540651471
1771417162444,1.9244788048819494,-1.1734617719485274,1.5253216513952979
1771417162448,1.92990088916397,-1.1512082800703853,1.5489470416683933
1771417162452,0.2699814278147446,6.2423782660043e-06,0.269981427742578
1771417162456,0.5688791933067033,-0.14680377169010203,0.5496109434817014
1771417162460,1.9313425828999675,-1.130336348924214,1.5660216827436955
1771417162464,1.9384358523255374,-1.1665799241110961,1.5481036251627287
1771417162468,1.9348045835409473,-1.169045170691401,1.5416880895220575
1771417162472,0.27004622146341406,-2.0685443569818608e-05,0.2700462206711653
1771417162476,1.9249114262996376,-1.1323915939109532,1.5565902727239163
1771417162480,0.27021599991449247,-0.0001004752758208821,0.2702159812344709
1771417162485,0.2699295324508387,4.065559380838897e-05,0.26992952938915576
1771417162489,1.94260401743042,-1.1516075045557665,1.5644521481936249
1771417162493,1.924711981953868,-1.130067769167241,1.5580317874055596
1771417162497,0.2700258280194361,-8.777866147471035e-06,0.2700258278767628
1771417162500,0.2704485261924215,-0.0002500702466754325,0.27044841057866215
1771417162505,0.27018813746392284,-8.939966004096239e-05,0.27018812267367426
1771417162509,0.2699384713196089,3.680584295956581e-05,0.2699384688103888
1771417162512,0.27133703192282044,-0.0007986001988152538,0.2713358566986828
1771417162515,0.2699734166090543,1.0298486314025429e-05,0.26997341641262973
1771417162519,1.9249114262996376,-1.1323915939109532,1.5565902727239163
1771417162522,0.2704764344404016,-0.00026800232154030733,0.270476301664949
1771417162526,0.27046309327774687,-0.000263473057394757,0.270462964945878
1771417162529,0.27136210516249876,-0.0007892142275156945,0.2713609575070189
1771417162532,0.27045147977668343,-0.0002530259795931745,0.27045136141504533
1771417162535,0.2704701195720933,-0.0002647337581838401,0.2704699900125331
1771417162539,0.270478874755838,-0.00027070752784834253,0.27047873928761695
1771417162542,0.2713402226855058,-0.0007972121451320438,0.2713390515569322
1771417162545,0.2704767021682698,-0.0002699315825359873,0.2704765674744555
1771417162549,1.9476690683439466,-1.132116836726731,1.5848426634160369
1771417162553,1.9445953982675994,-1.1685718986548959,1.55431366867747
1771417162556,0.2713622787384911,-0.0007891310761453684,0.2713611313255662
1771417162560,0.27039296684828706,-0.00020787255313393005,0.27039288694420294
1771417162563,1.9289047132747716,-1.122529491093808,1.568630273365367
1771417162567,1.947629282603206,-1.2110799110558779,1.5253016985142205
1771417162570,0.27138113885030263,-0.000778591129626765,0.27138002196097655
1771417162574,1.9358379033624502,-1.156335180449037,1.5525325563577148
1771417162577,0.27138573023199963,-0.0007755019539064565,0.27138462220670345
1771417162581,0.27138874369527466,-0.0007733516977784581,0.2713876418182137
1771417162584,1.9343552111345104,-1.1734215469425076,1.5377945103342932
1771417162589,1.9204572980189176,-1.1433874520623244,1.5429910459819745
1771417162592,0.2713879346367091,-0.0007738821592605059,0.2713868312442265
1771417162595,0.27137778036845933,-0.0007807102396233893,0.27137665737722083
1771417162599,1.9467484904533103,-1.1811218411048103,1.5475079584762808
1771417162602,0.27139589355686644,-0.0007676763873838352,0.2713948078215466
1771417162606,1.9467484904533103,-1.1811218411048103,1.5475079584762808
1771417162610,1.924711981953868,-1.130067769167241,1.5580317874055596
1771417162614,1.92990088916397,-1.1512082800703853,1.5489470416683933
1771417162618,1.9375633872371212,-1.13548819794829,1.5699740226774237
1771417162622,1.9281231367448455,-1.1680740476409754,1.534034500810986
1771417162626,1.950394577312158,-1.179130304596495,1.5536057196054758
1771417162630,0.271339325796063,-0.0007977252579918622,0.2713381531555686
1771417162633,0.2713918629609986,-0.0007709071933884345,0.27139076805142176
1771417162636,1.926632121836283,-1.185970608445501,1.5183494488406764
1771417162641,1.9277394989876706,-1.1357910553364026,1.5576129989747312
1771417162645,1.9564469681309224,-1.187115583275528,1.5551338627440023
1771417162649,1.9281231367448455,-1.1680740476409754,1.534034500810986
1771417162653,1.9277394989876706,-1.1357910553364026,1.5576129989747312
1771417162657,1.9384358523255374,-1.1665799241110961,1.5481036251627287
1771417162661,1.9277394989876706,-1.1357910553364026,1.5576129989747312
1771417162665,1.950394577312158,-1.179130304596495,1.5536057196054758
1771417162669,1.9435698817627607,-1.144196961866584,1.5710751725333167
1771417162673,1.9368056212785183,-1.1823327034039088,1.5340486931899104
1771417162677,1.9348045835409473,-1.169045170691401,1.5416880895220575
1771417162681,1.9321808402458935,-1.1619493178639595,1.5437605326373667
1771417162686,1.9283962752742296,-1.2013151528185686,1.5084939834484001
1771417162690,1.9445953982675994,-1.1685718986548959,1.55431366867747
1771417162694,1.9313425828999675,-1.130336348924214,1.5660216827436955
1771417162699,1.9414835988729113,-1.1687526547453768,1.5502824893283629
1771417162703,1.9445953982675994,-1.1685718986548959,1.55431366867747
1771417162707,1.9244788048819494,-1.1734617719485274,1.5253216513952979
1771417162712,1.94260401743042,-1.1516075045557665,1.5644521481936249
1771417162716,1.9387984635674853,-1.159290546171078,1.5540221722646061
1771417162720,1.9281231367448455,-1.1680740476409754,1.534034500810986
1771417162724,1.9343552111345104,-1.1734215469425076,1.5377945103342932
1771417162729,1.9313425828999675,-1.130336348924214,1.5660216827436955
1771417162733,1.9281231367448455,-1.1680740476409754,1.534034500810986
1771417162737,1.9467073523080325,-1.1852591652189066,1.5442895540651471
1771417162741,1.9387984635674853,-1.159290546171078,1.5540221722646061
1771417162745,1.9289047132747716,-1.122529491093808,1.568630273365367
1771417162749,1.9387984635674853,-1.159290546171078,1.5540221722646061
1771417162753,1.9212351223990045,-1.133394447021399,1.5513095832233408
1771417162757,1.9387984635674853,-1.159290546171078,1.5540221722646061
1771417162762,1.9429760460099492,-1.1539242648043837,1.5632065463220524
1771417162766,1.9281231367448455,-1.1680740476409754,1.534034500810986
1771417162770,1.9387984635674853,-1.159290546171078,1.5540221722646061
1771417162773,1.932491582195871,-1.1596992387673675,1.545840027577333
1771417162777,1.9394987009698692,-1.1506327139165642,1.561313411435645
1771417162781,1.947629282603206,-1.2110799110558779,1.5253016985142205
1771417162785,1.924711981953868,-1.130067769167241,1.5580317874055596
1771417162789,1.9429760460099492,-1.1539242648043837,1.5632065463220524
1771417162794,1.9368056212785183,-1.1823327034039088,1.5340486931899104
1771417162798,1.919586795472972,-1.1527535049855113,1.5349178551628788
1771417162803,1.9481677095101115,-1.1638977137968922,1.5622738352146341
1771417162806,1.9384358523255374,-1.1665799241110961,1.5481036251627287
1771417162810,1.9244788048819494,-1.1734617719485274,1.5253216513952979
1771417162814,1.9348045835409473,-1.169045170691401,1.5416880895220575
1771417162819,0.27021563823761036,-0.00010127243562987842,0.2702156192599771
1771417162822,0.7523591560229733,-0.2332183826262228,0.7152995775595071
1771417162826,0.27035923736682427,-0.00014627437452502178,0.27035919779689055
1771417162830,1.9212351223990045,-1.133394447021399,1.5513095832233408
1771417162834,0.2701941594277244,-9.35887205946448e-05,0.27019414321928953
1771417162838,1.9277394989876706,-1.1357910553364026,1.5576129989747312
1771417162843,0.27021137254161975,-9.732176152080575e-05,0.2702113550154781
1771417162847,1.5606472845693584,-0.7037843905425272,1.3929492016805192
1771417162851,0.27008192050800944,-3.727501403273729e-05,0.2700819179357775
1771417162855,0.2700580638789436,-2.7709156630058738e-05,0.2700580624574023
1771417162859,0.7676688967165812,-0.25239047110044177,0.7249928172635576
1771417162863,0.2701441193864519,-6.124484014782087e-05,0.27014411244399
1771417162867,0.2700233329671294,-5.770498971548806e-06,0.27002333290547054
1771417162871,0.27013831850651904,-5.787222151427515e-05,0.27013831230748353
1771417162874,0.2704289425127784,-0.0002359234596090176,0.2704288396024004
1771417162878,1.932491582195871,-1.1596992387673675,1.545840027577333
1771417162881,0.26988438182559477,5.501120849653616e-05,0.26988437621905864
1771417162885,0.27010684865793855,-4.549599587587308e-05,0.2701068448263333
1771417162888,0.2704467675568351,-0.0002503593512285042,0.27044665167484705
1771417162892,0.27045622952723264,-0.0002587301030771408,0.27045610577101215
1771417162895,0.2704726936663023,-0.00026729000121977233,0.27047256159389005
1771417162899,0.270410963180314,-0.00022315896158095613,0.27041087109837686
1771417162902,0.2704675249122449,-0.00026471345542251206,0.27046739537131337
1771417162906,1.9429760460099492,-1.1539242648043837,1.5632065463220524
1771417162910,1.0888601993778444,-0.399160637206227,1.0130583988567874
1771417162913,0.27048069198929553,-0.0002720149049431003,0.27048055521035086
1771417162917,1.9601764282899319,-1.1804935896644537,1.5648407314434931
1771417162936,1.9519374280106507,-1.2020149854393396,1.5379270781308516
1771417162939,0.2713705055797277,-0.0007848383656532129,0.2713693706506628
1771417162944,0.27139489459806165,-0.0007685887298187772,0.2713938062765202
1771417162947,0.270526574107009,-0.000284120274359471,0.27052642490844536
1771417162952,1.9467484904533103,-1.1811218411048103,1.5475079584762808
1771417162955,1.9526218383366174,-1.1525187899865068,1.576208261073742
1771417162960,1.9237396317172348,-1.1417895764935457,1.5482540920825147
1771417162963,0.2713916288107885,-0.000771145448380361,0.27139053322337947
1771417162966,1.92990088916397,-1.1512082800703853,1.5489470416683933
1771417162969,0.2713826913478472,-0.0007775689922644401,0.27138157739548785
1771417162973,1.92990088916397,-1.1512082800703853,1.5489470416683933
1771417162977,1.9348045835409473,-1.169045170691401,1.5416880895220575
1771417162981,1.9556702828814017,-1.153898074638255,1.5789760887016464
1771417162985,1.92990088916397,-1.1512082800703853,1.5489470416683933
1771417162989,1.94260401743042,-1.1516075045557665,1.5644521481936249
1771417162993,1.9281231367448455,-1.1680740476409754,1.534034500810986
1771417162997,1.9313425828999675,-1.130336348924214,1.5660216827436955
1771417163002,1.9324723890104998,-1.1959354491993803,1.5179551823542832
1771417163006,1.9289047132747716,-1.122529491093808,1.568630273365367
1771417163010,1.9481677095101115,-1.1638977137968922,1.5622738352146341
1771417163015,1.956935114192351,-1.1771662668619811,1.563289679272929
1771417163019,1.918322671707934,-1.167386915102924,1.5222252340685805
1771417163023,1.9304615176197308,-1.102906552212539,1.5843859403874188
1771417163026,0.2705261450244172,-0.0002842041874927648,0.27052599573747405
1771417163030,1.9423494559104313,-1.115743434204537,1.5899176072693249
1771417163034,1.92990088916397,-1.1512082800703853,1.5489470416683933
1771417163038,1.9348045835409473,-1.169045170691401,1.5416880895220575
1771417163042,1.9289047132747716,-1.122529491093808,1.568630273365367
1771417163046,1.9496975961322998,-1.188059712891681,1.545909064262127
1771417163050,1.9277394989876706,-1.1357910553364026,1.5576129989747312
1771417163054,1.92990088916397,-1.1512082800703853,1.5489470416683933
1771417163058,1.9237396317172348,-1.1417895764935457,1.5482540920825147
1771417163062,1.932491582195871,-1.1596992387673675,1.545840027577333
1771417163066,1.9389187281521445,-1.1981702175049118,1.524399542201244
1771417163069,1.9249114262996376,-1.1323915939109532,1.5565902727239163
1771417163074,1.9281231367448455,-1.1680740476409754,1.534034500810986
1771417163078,1.932491582195871,-1.1596992387673675,1.545840027577333
1771417163082,1.9237396317172348,-1.1417895764935457,1.5482540920825147
1771417163086,1.9343552111345104,-1.1734215469425076,1.5377945103342932
1771417163090,1.9277394989876706,-1.1357910553364026,1.5576129989747312
1771417163093,1.932491582195871,-1.1596992387673675,1.545840027577333
1771417163097,1.9356239891815037,-1.1951028888811153,1.522619227674119
1771417163101,1.92990088916397,-1.1512082800703853,1.5489470416683933
1771417163105,1.9384358523255374,-1.1665799241110961,1.5481036251627287
1771417163109,1.9281231367448455,-1.1680740476409754,1.534034500810986
1771417163113,1.932491582195871,-1.1596992387673675,1.545840027577333
1771417163117,1.9174006493087923,-1.1372436350408996,1.5437299519439076
1771417163121,1.9435698817627607,-1.144196961866584,1.5710751725333167
1771417163125,1.9387984635674853,-1.159290546171078,1.5540221722646061
1771417163129,1.9324723890104998,-1.1959354491993803,1.5179551823542832
1771417163134,1.92990088916397,-1.1512082800703853,1.5489470416683933
1771417163138,1.9526218383366174,-1.1525187899865068,1.576208261073742
1771417163142,1.930788442402733,-1.1739121297476474,1.5329299791403765
1771417163146,1.950932644784752,-1.1684769190619362,1.562305947664014
1771417163150,1.9368056212785183,-1.1823327034039088,1.5340486931899104
1771417163154,1.9358379033624502,-1.156335180449037,1.5525325563577148
1771417163158,1.9237396317172348,-1.1417895764935457,1.5482540920825147
1771417163162,1.9389066194675495,-1.1947225608860508,1.527087712453007
1771417163166,1.9343552111345104,-1.1734215469425076,1.5377945103342932
1771417163170,1.9358379033624502,-1.156335180449037,1.5525325563577148
1771417163174,1.9321808402458935,-1.1619493178639595,1.5437605326373667
1771417163178,1.9257804717964444,-1.1583106009719981,1.538488536593115
1771417163182,1.9356239891815037,-1.1951028888811153,1.522619227674119
1771417163186,1.9394987009698692,-1.1506327139165642,1.561313411435645
1771417163190,1.9277394989876706,-1.1357910553364026,1.5576129989747312
1771417163194,1.9582647300373297,-1.164754283172511,1.5742135219656403
1771417163198,0.27021443127886413,-0.00010233193293902881,0.27021441190198475
1771417163202,0.2775475283651142,-0.003309485785611754,0.27752779645545184
1771417163206,0.00038532261812831883,-0.00017026293591755018,0.00034566465352129717
1771417163208,0.0002694908647863858,0.00017364515864605842,-0.00020608902222607407
1771417163212,1.9001882340437808,-1.0327996351973086,1.595004776900285
1771417163215,0.2663405558746049,6.191404135131765e-05,0.2663405486782759
1771417163219,0.271375841964646,-0.0007822905754564296,0.2713747144143611
1771417163221,0.15715934593218472,-0.00221074537093633,0.15714379599187805
1771417163224,0.2705287913044142,-0.0002841610774191427,0.27052864206421723
1771417163227,0.2574024478381821,0.000723628304690659,0.2574014306781621
1771417163230,0.2701336596876191,-5.510926474126715e-05,0.2701336540662702
1771417163234,0.00014683771851095264,0.00012989957736962693,-6.846470168410927e-05
1771417163237,0.0007542237528389096,0.000451193881925808,-0.0006043819572580973
1771417163240,0.2705278903246208,-0.00028435760032803636,0.2705277408774287
1771417163243,0.2705261464383459,-0.00028455593592704607,0.27052599678164146
1771417163246,0.2705261464383459,-0.00028455593592704607,0.27052599678164146
1771417163249,0.27053135687192753,-0.0002837473108679352,0.27053120806744235
1771417163252,0.27135735176986575,-0.0007922389129697447,0.27135619528040894
1771417163255,0.001163432850542949,0.00023868479078730724,0.0011386858953940334
1771417163258,0.2705325100844448,-0.0002834140067928008,0.2705323616299739
1771417163261,0.2705311117612061,-0.0002837574110484977,0.27053096294599227
1771417163266,1.9238075351236261,-1.1036367672068277,1.5757605523263056
1771417163270,1.9199450744868507,-1.1122484450827617,1.5649576625127268
1771417163273,1.907907236556351,-1.058568509182853,1.5873067550635838
1771417163276,0.2705302174667313,-0.0002839948416181315,0.2705300684018818
1771417163279,0.2713652311216464,-0.0007883923095232961,0.2713640858685446
1771417163282,0.2677988243355134,-0.0002149209528537132,0.26779873809349286
1771417163285,0.26960263182469574,-7.752665678496763e-05,0.2696026206779525
1771417163288,0.171456755618851,-0.00023612700230438372,0.1714565930239522
1771417163292,0.0001751955180395915,-9.566919303835777e-05,0.00014676809954670077
1771417163294,0.0007532190922605137,-0.0005496227507388054,0.0005150279922645577
1771417163298,1.9012392925239345,-1.100443605414613,1.5503982452063725
1771417163302,1.9131995107266713,-1.113178008109654,1.5560099903618219
1771417163305,0.00010571262443470297,-0.00010569111705449152,-2.1323087596149205e-06
1771417163307,0.0008776293091267029,-0.0006382442404229104,0.0006023931389094633
1771417163310,0.0008154418014102908,-0.0005949453330834296,0.0005576606334765859
1771417163313,0.0008500465655963857,0.000513602929334339,-0.0006773412689784939
1771417163316,8.118003153535138e-05,-4.05263780904536e-05,7.0340672437433e-05
1771417163319,0.00037204524997015443,0.00018072116661193476,-0.00032520382526006063
1771417163323,6.104794206668478e-05,1.1026984536654933e-05,6.0043791041253166e-05
1771417163325,0.16106113060814,0.002121693930916044,0.16104715522987623
1771417163328,0.000752249227563934,-0.0005484673255367781,0.0005148422022222628
1771417163331,0.0007805617656794801,-0.0005695960272896109,0.000533701260759763
1771417163334,4.292627593989799e-06,-2.4251580218858145e-06,-3.5419288854472414e-06
1771417163338,8.085986472561129e-05,-8.085591714932312e-05,7.989902289469507e-07
1771417163340,0.00036859143705635707,0.00026355363291659937,-0.0002576802864941997
1771417163344,1.9374509858081552,-1.0599429407144512,1.6218006304224308
1771417163348,1.942553495257205,-1.0755654886140906,1.6176133535670123
1771417163352,1.9085638668668292,-1.0890274254649686,1.5673657200841182
1771417163356,1.9099913940445343,-1.071125828087708,1.581378065399797
1771417163358,0.0009014861747235885,-0.0006561514051307681,0.0006181768814527822
1771417163361,0.0005994555913534653,0.0003367668629016106,-0.0004959184268166898
1771417163364,0.705836183169084,-0.6604561314074543,-0.24900284327091574
1771417163367,0.7235903567070222,-0.6744770671908028,-0.26203757393375654
1771417163371,1.9441118270027191,-1.178610197472259,1.5461076283060806
1771417163374,0.0004943456809238125,-0.00045573486768877945,0.00019152906468919683
1771417163377,0.0004921607961359941,0.00027146143101202454,-0.000410525201085292
1771417163380,1.9456442314761746,-1.1563494338660787,1.5647323931823336
1771417163383,0.0004798831605145193,-0.0004665912483795395,-0.00011216262604373502
1771417163387,1.9388543657000992,-1.1241611306774055,1.5796892111008516
1771417163390,1.9388543657000992,-1.1241611306774055,1.5796892111008516
1771417163393,8.354293395092697e-05,2.206417625161268e-05,8.05766339546814e-05
1771417163396,0.0009664633950900574,0.0005080437573529431,-0.000822157548565787
1771417163398,0.0010674560859775905,0.0005785372539071783,-0.0008970825721928491
1771417163401,3.8731859174721005e-05,-2.7220965257355057e-05,-2.7553148015939822e-05
1771417163405,0.0005391149820631721,-0.0005035687875035131,0.00019251867477524407
1771417163407,0.000500231386778865,-0.00047095955124418427,0.00016860765525498255
1771417163411,1.9066798129919358,-1.1106397615854302,1.5498087718349067
1771417163414,0.0013016008453906416,0.0007675818880700201,-0.0010511816236162502
1771417163418,1.9199473773177387,-1.0699750733011626,1.5941616210985117
1771417163422,1.9199473773177387,-1.0699750733011626,1.5941616210985117
1771417163426,1.9049816198302543,-1.0554475982267773,1.5858705304306613
1771417163429,0.0004858376115127812,0.000257692917245058,-0.0004118647170639599
1771417163431,0.00014246335407886354,-0.00011411658663879097,8.52831279287466e-05
1771417163435,0.0006013044634641748,0.00041003650327881176,-0.0004398148744197087
1771417163438,0.00013807752213856252,-2.326355039755967e-05,0.00013610367130546266
1771417163442,1.9040938599624084,-1.0664309608184828,1.5774341296403827
1771417163444,0.0013005856197073878,0.0007667977660672635,-0.0010504970919254864
1771417163448,1.8948052744655166,-1.0566377746115367,1.5728329985749667
1771417163451,0.00044396111086758544,0.00025388508616668807,-0.0003642030079295253
1771417163453,0.2713751156956723,-0.0007825305594546224,0.27137398745046115
1771417163457,0.271373219012147,-0.0007837150796644538,0.2713720873407739
1771417163460,0.27047428435368226,-0.0002698806990026793,0.27047414970944056
1771417163463,0.27047428435368226,-0.0002698806990026793,0.27047414970944056
1771417163466,0.25094353749257803,-0.0020022733541448564,0.2509355493163617
1771417163469,9.163904993900632e-06,-6.750945399677571e-06,-6.196925927248861e-06
1771417163472,1.9339756743939893,-1.136619164187156,1.5647232294403304
1771417163476,1.9300848917152034,-1.1454560632070263,1.5534342910112255
1771417163480,1.8945319964558855,-1.0211657789554234,1.5957668806832304
1771417163484,0.27029871594483995,-0.00014185782036895843,0.27029867872001906
1771417163487,0.2703558372434852,-0.00019027960929747815,0.27035577028296653
1771417163490,0.00496405932224259,-0.0015266060287509398,0.00472349012783184
1771417163493,0.2701115563981374,-0.00010700253680776523,0.2701115352040362
1771417163497,0.0002936947318944555,-4.994588846716235e-05,0.00028941666117862305
1771417163500,0.0021336063373682116,-0.0003809926288272085,0.0020993143213052035
1771417163504,0.2701352124723938,-5.7694175224441876e-05,0.27013520631137194
1771417163507,0.10538041991237676,-0.009649974171729886,0.1049376524389306
1771417163510,0.010295216536152904,-1.3250407210129572e-05,0.010295208009214043
1771417163513,0.271330277889771,-0.0008028344492808674,0.27132909014071344
1771417163516,0.2596264596396151,-0.0011503155907507151,0.2596239113006396
1771417163519,0.2691990713469655,-9.72876853354895e-05,0.26919905376723546
1771417163522,0.2701285131221764,1.2428593949616016e-05,0.270128512836257
1771417163525,0.24864323859530224,-0.001620758314261555,0.2486379561564307
1771417163528,0.17334234569499535,-0.0005115911109621427,0.1733415907553016
1771417163531,0.2713450940937071,-0.0007961056356838967,0.2713439262348424
1771417163536,1.9481677095101115,-1.1638977137968922,1.5622738352146341
1771417163540,1.9249114262996376,-1.1323915939109532,1.5565902727239163
1771417163545,1.9343552111345104,-1.1734215469425076,1.5377945103342932
1771417163549,1.9343552111345104,-1.1734215469425076,1.5377945103342932
1771417163553,1.9220572429700389,-1.1649317275620659,1.5288028373118778
1771417163557,1.9384358523255374,-1.1665799241110961,1.5481036251627287
1771417163561,1.9503176302458896,-1.138906356216019,1.5832344016659985
1771417163565,1.9187730269787113,-1.126165146917643,1.5535256647152662
1771417163569,1.9481677095101115,-1.1638977137968922,1.5622738352146341
1771417163573,1.9321808402458935,-1.1619493178639595,1.5437605326373667
1771417163577,1.9348045835409473,-1.169045170691401,1.5416880895220575
1771417163581,1.932491582195871,-1.1596992387673675,1.545840027577333
1771417163585,1.9321808402458935,-1.1619493178639595,1.5437605326373667
1771417163589,1.9431290203301312,-1.1861359617224203,1.5391009940734768
1771417163593,1.9394987009698692,-1.1506327139165642,1.561313411435645
1771417163597,1.9481677095101115,-1.1638977137968922,1.5622738352146341
1771417163601,1.9369392862758446,-1.1057638011675486,1.5902893493783676
1771417163605,1.9394987009698692,-1.1506327139165642,1.561313411435645
1771417163609,1.92990088916397,-1.1512082800703853,1.5489470416683933
1771417163613,0.27023841626066136,-0.00011122077334754478,0.2702383933733511
1771417163617,1.926632121836283,-1.185970608445501,1.5183494488406764
1771417163621,0.2703945364117047,-0.000232619389094003,0.27039443635089927
1771417163626,1.938647056401463,-1.1225666975191675,1.5805683847638379
1771417163630,1.9389066194675495,-1.1947225608860508,1.527087712453007
1771417163634,0.27021509673114735,-0.00010207281498284021,0.2702150774523209
1771417163639,1.9313425828999675,-1.130336348924214,1.5660216827436955
1771417163643,1.9442887646453142,-1.2131007517753027,1.519422708257382
1771417163648,1.9348045835409473,-1.169045170691401,1.5416880895220575
1771417163652,1.9389066194675495,-1.1947225608860508,1.527087712453007
1771417163656,1.9431290203301312,-1.1861359617224203,1.5391009940734768
1771417163660,1.932491582195871,-1.1596992387673675,1.545840027577333
1771417163664,1.9522520872241318,-1.1951232491716295,1.5436867011671849
1771417163667,0.27134074797194024,-0.0007975097173704478,0.2713395759711854
1771417163671,1.9321808402458935,-1.1619493178639595,1.5437605326373667
1771417163676,1.9249114262996376,-1.1323915939109532,1.5565902727239163
1771417163679,1.9204572980189176,-1.1433874520623244,1.5429910459819745
1771417163684,1.9414835988729113,-1.1687526547453768,1.5502824893283629
1771417163688,1.9140222396046742,-1.1403625830908373,1.5372229222815037
1771417163692,1.9313425828999675,-1.130336348924214,1.5660216827436955
1771417163696,1.9324723890104998,-1.1959354491993803,1.5179551823542832
1771417163701,1.9321808402458935,-1.1619493178639595,1.5437605326373667
1771417163705,1.9462673805676662,-1.149669339446848,1.5704194110483904
1771417163708,0.27135571214942394,-0.000791930914648859,0.27135455655202745
1771417163712,0.2713436513539517,-0.0007961649142362508,0.2713424833149506
1771417163715,1.9481677095101115,-1.1638977137968922,1.5622738352146341
1771417163719,1.94260401743042,-1.1516075045557665,1.5644521481936249
1771417163723,1.9348045835409473,-1.169045170691401,1.5416880895220575
1771417163727,1.9249114262996376,-1.1323915939109532,1.5565902727239163
1771417163731,1.9387984635674853,-1.159290546171078,1.5540221722646061
1771417163735,1.92990088916397,-1.1512082800703853,1.5489470416683933
1771417163739,1.9277394989876706,-1.1357910553364026,1.5576129989747312
1771417163744,1.9431290203301312,-1.1861359617224203,1.5391009940734768
1771417163748,1.9212351223990045,-1.133394447021399,1.5513095832233408
1771417163752,1.942475408248625,-1.1940251631006567,1.5321601161540241
1771417163756,1.9277394989876706,-1.1357910553364026,1.5576129989747312
1771417163760,1.9257804717964444,-1.1583106009719981,1.538488536593115
1771417163764,1.9414835988729113,-1.1687526547453768,1.5502824893283629
1771417163768,0.27138405504089674,-0.000776590095339019,0.2713829438971143
1771417163772,1.9384358523255374,-1.1665799241110961,1.5481036251627287
1771417163777,1.9387984635674853,-1.159290546171078,1.5540221722646061
1771417163781,1.9277394989876706,-1.1357910553364026,1.5576129989747312
1771417163785,1.9348045835409473,-1.169045170691401,1.5416880895220575
1771417163790,1.9305121691729266,-1.181141845755885,1.527017084229623
1771417163793,0.27136164834035087,-0.0007894316544803273,0.27136050005049583
1771417163797,1.932491582195871,-1.1596992387673675,1.545840027577333
1771417163801,1.9394987009698692,-1.1506327139165642,1.561313411435645
1771417163804,0.27136593717350577,-0.0007873382741524857,0.2713647949836108
1771417163809,1.9349478635315014,-1.1248341290022823,1.5744114509291396
1771417163813,1.9204572980189176,-1.1433874520623244,1.5429910459819745
1771417163817,1.9244788048819494,-1.1734617719485274,1.5253216513952979
1771417163821,1.9281231367448455,-1.1680740476409754,1.534034500810986
1771417163825,1.9445953982675994,-1.1685718986548959,1.55431366867747
1771417163829,1.94260401743042,-1.1516075045557665,1.5644521481936249
1771417163833,1.9358379033624502,-1.156335180449037,1.5525325563577148
1771417163837,1.9348045835409473,-1.169045170691401,1.5416880895220575
1771417163841,1.916430457366415,-1.1533436191900084,1.530524156619339
1771417163845,1.938647056401463,-1.1225666975191675,1.5805683847638379
1771417163849,1.9445953982675994,-1.1685718986548959,1.55431366867747
1771417163853,1.92990088916397,-1.1512082800703853,1.5489470416683933
1771417163857,1.9244788048819494,-1.1734617719485274,1.5253216513952979
1771417163861,1.9348045835409473,-1.169045170691401,1.5416880895220575
1771417163865,1.9387984635674853,-1.159290546171078,1.5540221722646061
1771417163870,1.9445953982675994,-1.1685718986548959,1.55431366867747
1771417163873,1.9227532051529879,-1.116344385196136,1.5654887740150514
1771417163877,1.9644227780788421,-1.166906095522233,1.5802806761041068
1771417163881,1.9257804717964444,-1.1583106009719981,1.538488536593115
1771417163885,1.9414835988729113,-1.1687526547453768,1.5502824893283629
1771417163889,1.9414835988729113,-1.1687526547453768,1.5502824893283629
1771417163893,1.9289047132747716,-1.122529491093808,1.568630273365367
1771417163897,1.9368056212785183,-1.1823327034039088,1.5340486931899104
1771417163901,1.9375633872371212,-1.13548819794829,1.5699740226774237
1771417163905,1.92990088916397,-1.1512082800703853,1.5489470416683933
1771417163909,1.930788442402733,-1.1739121297476474,1.5329299791403765
1771417163913,1.92990088916397,-1.1512082800703853,1.5489470416683933
1771417163917,1.9429760460099492,-1.1539242648043837,1.5632065463220524
1771417163921,1.9237396317172348,-1.1417895764935457,1.5482540920825147
1771417163925,1.9368056212785183,-1.1823327034039088,1.5340486931899104
1771417163930,1.9522520872241318,-1.1951232491716295,1.5436867011671849
1771417163933,0.2704749430424207,-0.00026813044259310203,0.2704748101392558
1771417163937,1.94260401743042,-1.1516075045557665,1.5644521481936249
1771417163940,1.932491582195871,-1.1596992387673675,1.545840027577333
1771417163944,1.92990088916397,-1.1512082800703853,1.5489470416683933
1771417163948,1.9285318984817441,-1.1224794087653707,1.568207658557802
1771417163951,0.2713488537695877,-0.0007946075886105593,0.27134769031788203
1771417163954,1.92990088916397,-1.1512082800703853,1.5489470416683933
1771417163958,0.2713626271790842,-0.00078871005494711,0.27136148099165414
1771417163962,1.9429760460099492,-1.1539242648043837,1.5632065463220524
1771417163966,1.9348045835409473,-1.169045170691401,1.5416880895220575
1771417163970,0.27135850693840974,-0.0007912253272182516,0.2713573534111883
1771417163973,1.9187730269787113,-1.126165146917643,1.5535256647152662
1771417163977,1.9467484904533103,-1.1811218411048103,1.5475079584762808
1771417163981,1.4859129774038575,-0.6692577512315238,1.32666176504553
1771417163985,1.9321808402458935,-1.1619493178639595,1.5437605326373667
1771417163989,1.9277394989876706,-1.1357910553364026,1.5576129989747312
1771417163993,1.932289352594031,-1.1188503113633796,1.5754098269689472
1771417163997,0.2702231195775856,-0.00010381423346980712,0.270223099635925
1771417164001,1.0013708552142915,-0.37108259538881777,0.9300759630654373
1771417164004,0.26992812552719775,3.9586400437789654e-05,0.2699281226244193
1771417164008,0.6466860381062107,-0.18681309886714706,0.6191152541919485
1771417164012,0.27039037446669745,-0.0002044664490742364,0.27039029715896257
1771417164015,1.9467484904533103,-1.1811218411048103,1.5475079584762808
1771417164020,1.9249114262996376,-1.1323915939109532,1.5565902727239163
1771417164023,1.9462673805676662,-1.149669339446848,1.5704194110483904
1771417164027,1.9257804717964444,-1.1583106009719981,1.538488536593115
1771417164031,1.92990088916397,-1.1512082800703853,1.5489470416683933
1771417164035,1.9481677095101115,-1.1638977137968922,1.5622738352146341
1771417164039,1.92990088916397,-1.1512082800703853,1.5489470416683933
1771417164043,1.9384358523255374,-1.1665799241110961,1.5481036251627287
1771417164047,1.9481677095101115,-1.1638977137968922,1.5622738352146341
1771417164052,1.9249114262996376,-1.1323915939109532,1.5565902727239163
1771417164056,1.94260401743042,-1.1516075045557665,1.5644521481936249
1771417164060,0.2704642197249813,-0.0002616386672633109,0.27046409317440046
1771417164064,1.9348045835409473,-1.169045170691401,1.5416880895220575
1771417164067,0.2704886237944792,-0.0002748390468176713,0.2704884841647231
1771417164071,1.9313425828999675,-1.130336348924214,1.5660216827436955
1771417164076,1.9389187281521445,-1.1981702175049118,1.524399542201244
1771417164080,1.9343552111345104,-1.1734215469425076,1.5377945103342932
1771417164083,0.2713426377784164,-0.0007967187438764384,0.27134146810945065
1771417164088,1.9281231367448455,-1.1680740476409754,1.534034500810986
1771417164092,1.9277394989876706,-1.1357910553364026,1.5576129989747312
1771417164097,1.9462673805676662,-1.149669339446848,1.5704194110483904
1771417164101,0.26995059376757874,3.1039730868853027e-05,0.26995059198305793
1771417164104,0.2704637014560895,-0.00026237836763625625,0.27046357418868977
1771417164107,0.27136247086737386,-0.0007890410692872958,0.2713613237169905
1771417164112,1.9249114262996376,-1.1323915939109532,1.5565902727239163
1771417164116,1.9358379033624502,-1.156335180449037,1.5525325563577148
1771417164120,1.9324723890104998,-1.1959354491993803,1.5179551823542832
1771417164125,1.9429760460099492,-1.1539242648043837,1.5632065463220524
1771417164128,1.9375633872371212,-1.13548819794829,1.5699740226774237
1771417164133,1.9348045835409473,-1.169045170691401,1.5416880895220575
1771417164137,1.9313425828999675,-1.130336348924214,1.5660216827436955
1771417164141,1.9368056212785183,-1.1823327034039088,1.5340486931899104
1771417164146,1.9462673805676662,-1.149669339446848,1.5704194110483904
1771417164150,1.9257804717964444,-1.1583106009719981,1.538488536593115
1771417164153,0.27052877490727667,-0.00028386095462345183,0.27052862598215077
1771417164157,1.916430457366415,-1.1533436191900084,1.530524156619339
1771417164161,1.9281231367448455,-1.1680740476409754,1.534034500810986
1771417164165,1.9540248731398897,-1.1736369383297176,1.5623026409237772
1771417164169,1.916430457366415,-1.1533436191900084,1.530524156619339
1771417164173,1.950932644784752,-1.1684769190619362,1.562305947664014
1771417164184,1.9348045835409473,-1.169045170691401,1.5416880895220575
1771417164199,1.9387984635674853,-1.159290546171078,1.5540221722646061
1771417164205,1.94260401743042,-1.1516075045557665,1.5644521481936249
1771417164210,1.9348045835409473,-1.169045170691401,1.5416880895220575
1771417164213,1.94260401743042,-1.1516075045557665,1.5644521481936249
1771417164218,1.9257804717964444,-1.1583106009719981,1.538488536593115
1771417164222,1.9289047132747716,-1.122529491093808,1.568630273365367
1771417164226,1.9389066194675495,-1.1947225608860508,1.527087712453007
1771417164230,1.9204572980189176,-1.1433874520623244,1.5429910459819745
1771417164234,1.6479667991576061,-0.7959693097355325,1.442992525651088
1771417164238,1.9526218383366174,-1.1525187899865068,1.576208261073742
1771417164243,1.9445953982675994,-1.1685718986548959,1.55431366867747
1771417164247,0.2702091821332588,-9.435924934497096e-05,0.27020916565774866
1771417164251,0.27017020725291424,-7.287946104149345e-05,0.27017019742315546
1771417164254,0.2713375366625676,-0.000798667924005775,0.27133636124127813
1771417164257,1.9321808402458935,-1.1619493178639595,1.5437605326373667
1771417164261,1.9289047132747716,-1.122529491093808,1.568630273365367
1771417164265,1.9285318984817441,-1.1224794087653707,1.568207658557802
1771417164269,1.9414835988729113,-1.1687526547453768,1.5502824893283629
1771417164273,1.9277394989876706,-1.1357910553364026,1.5576129989747312
1771417164277,1.9281231367448455,-1.1680740476409754,1.534034500810986
1771417164281,1.94260401743042,-1.1516075045557665,1.5644521481936249
1771417164284,1.9289047132747716,-1.122529491093808,1.568630273365367
1771417164287,0.2704872275781929,-0.00027417288856009024,0.270487088623772
1771417164292,1.9406930110286111,-1.213904023261433,1.5141751501609724
1771417164296,1.9356239891815037,-1.1951028888811153,1.522619227674119
1771417164301,1.942475408248625,-1.1940251631006567,1.5321601161540241
1771417164305,1.932491582195871,-1.1596992387673675,1.545840027577333
1771417164309,1.9343552111345104,-1.1734215469425076,1.5377945103342932
1771417164313,1.9212351223990045,-1.133394447021399,1.5513095832233408
1771417164317,1.9249114262996376,-1.1323915939109532,1.5565902727239163
1771417164320,1.9431290203301312,-1.1861359617224203,1.5391009940734768
1771417164325,1.9321808402458935,-1.1619493178639595,1.5437605326373667
1771417164329,1.9414835988729113,-1.1687526547453768,1.5502824893283629
1771417164333,1.9628522405766347,-1.1859241585482299,1.5640884912652442
1771417164338,1.9249114262996376,-1.1323915939109532,1.5565902727239163
1771417164341,1.9281231367448455,-1.1680740476409754,1.534034500810986
1771417164345,1.9349478635315014,-1.1248341290022823,1.5744114509291396
1771417164349,0.270406735591631,-0.00021856039810798063,0.27040664726421687
1771417164352,0.9291539663797236,-0.33021737266975004,0.8684950086363536
1771417164356,1.9445953982675994,-1.1685718986548959,1.55431366867747
1771417164359,0.27052625983638756,-0.00028419753847126533,0.27052611055649284
1771417164363,0.2705273528762153,-0.00028410842808600386,0.2705272036905224
1771417164367,1.9445953982675994,-1.1685718986548959,1.55431366867747
1771417164371,1.92990088916397,-1.1512082800703853,1.5489470416683933
1771417164375,1.9237396317172348,-1.1417895764935457,1.5482540920825147
1771417164379,1.9540248731398897,-1.1736369383297176,1.5623026409237772
1771417164383,1.930788442402733,-1.1739121297476474,1.5329299791403765
1771417164387,1.9321808402458935,-1.1619493178639595,1.5437605326373667
1771417164392,1.9358379033624502,-1.156335180449037,1.5525325563577148
1771417164395,1.9249114262996376,-1.1323915939109532,1.5565902727239163
1771417164400,1.9564357107841135,-1.144759737147414,1.5865578573243153
1771417164403,1.9249114262996376,-1.1323915939109532,1.5565902727239163
1771417164407,1.9277394989876706,-1.1357910553364026,1.5576129989747312
1771417164411,1.930788442402733,-1.1739121297476474,1.5329299791403765
1771417164415,1.9277394989876706,-1.1357910553364026,1.5576129989747312
1771417164420,1.9467073523080325,-1.1852591652189066,1.5442895540651471
1771417164424,1.94260401743042,-1.1516075045557665,1.5644521481936249
1771417164428,1.9348045835409473,-1.169045170691401,1.5416880895220575
1771417164432,0.2710859733702609,-0.0008071123615052483,0.2710847718477335
1771417164436,1.9429760460099492,-1.1539242648043837,1.5632065463220524
1771417164440,0.26987833733689204,5.422845405075752e-05,0.2698783318886495
1771417164443,1.932491582195871,-1.1596992387673675,1.545840027577333
1771417164448,1.9220572429700389,-1.1649317275620659,1.5288028373118778
1771417164452,1.9414835988729113,-1.1687526547453768,1.5502824893283629
1771417164456,1.9237396317172348,-1.1417895764935457,1.5482540920825147
1771417164460,1.92990088916397,-1.1512082800703853,1.5489470416683933
1771417164463,0.27137448055089747,-0.0007826887424742463,0.27137335184686395
1771417164467,1.92990088916397,-1.1512082800703853,1.5489470416683933
1771417164472,1.9445953982675994,-1.1685718986548959,1.55431366867747
1771417164476,1.9467484904533103,-1.1811218411048103,1.5475079584762808
1771417164479,1.9281231367448455,-1.1680740476409754,1.534034500810986
1771417164484,1.9414835988729113,-1.1687526547453768,1.5502824893283629
1771417164487,1.932491582195871,-1.1596992387673675,1.545840027577333
1771417164491,1.9387984635674853,-1.159290546171078,1.5540221722646061
1771417164495,1.9414835988729113,-1.1687526547453768,1.5502824893283629
1771417164499,1.9174006493087923,-1.1372436350408996,1.5437299519439076
1771417164503,1.9348045835409473,-1.169045170691401,1.5416880895220575
1771417164507,1.930788442402733,-1.1739121297476474,1.5329299791403765
1771417164511,1.9277394989876706,-1.1357910553364026,1.5576129989747312
1771417164515,1.9445953982675994,-1.1685718986548959,1.55431366867747
1771417164519,1.9387984635674853,-1.159290546171078,1.5540221722646061
1771417164523,1.9387984635674853,-1.159290546171078,1.5540221722646061
1771417164527,1.9244788048819494,-1.1734617719485274,1.5253216513952979
1771417164531,1.9277394989876706,-1.1357910553364026,1.5576129989747312
1771417164535,1.9467484904533103,-1.1811218411048103,1.5475079584762808
1771417164539,1.9313425828999675,-1.130336348924214,1.5660216827436955
1771417164543,1.9220572429700389,-1.1649317275620659,1.5288028373118778
1771417164547,1.9481677095101115,-1.1638977137968922,1.5622738352146341
1771417164552,1.919586795472972,-1.1527535049855113,1.5349178551628788
1771417164556,1.9467484904533103,-1.1811218411048103,1.5475079584762808
1771417164560,1.9431290203301312,-1.1861359617224203,1.5391009940734768
1771417164564,1.9277394989876706,-1.1357910553364026,1.5576129989747312
1771417164568,1.9257804717964444,-1.1583106009719981,1.538488536593115
1771417164572,1.9414835988729113,-1.1687526547453768,1.5502824893283629
1771417164576,1.9237396317172348,-1.1417895764935457,1.5482540920825147
1771417164581,1.9462673805676662,-1.149669339446848,1.5704194110483904
1771417164585,1.9429760460099492,-1.1539242648043837,1.5632065463220524
1771417164589,1.9313425828999675,-1.130336348924214,1.5660216827436955
1771417164593,1.9481677095101115,-1.1638977137968922,1.5622738352146341
1771417164598,1.9429760460099492,-1.1539242648043837,1.5632065463220524
1771417164602,1.9281231367448455,-1.1680740476409754,1.534034500810986
1771417164606,1.9368056212785183,-1.1823327034039088,1.5340486931899104
1771417164610,1.9435698817627607,-1.144196961866584,1.5710751725333167
1771417164614,1.9389066194675495,-1.1947225608860508,1.527087712453007
1771417164618,1.9257804717964444,-1.1583106009719981,1.538488536593115
1771417164622,1.9237396317172348,-1.1417895764935457,1.5482540920825147
1771417164626,1.9462673805676662,-1.149669339446848,1.5704194110483904
1771417164630,0.2704437136961833,-0.00024737111027302056,0.27044360056269956
1771417164634,1.9343552111345104,-1.1734215469425076,1.5377945103342932
1771417164638,1.9343552111345104,-1.1734215469425076,1.5377945103342932
1771417164642,1.9277394989876706,-1.1357910553364026,1.5576129989747312
1771417164645,1.9389066194675495,-1.1947225608860508,1.527087712453007
1771417164650,1.930788442402733,-1.1739121297476474,1.5329299791403765
1771417164654,1.938647056401463,-1.1225666975191675,1.5805683847638379
1771417164658,1.9447501692994527,-1.2046487082902675,1.526720246346671
1771417164661,0.2713485807085351,-0.0007947071826162914,0.27134741696399156
1771417164665,1.94260401743042,-1.1516075045557665,1.5644521481936249
1771417164669,1.9394987009698692,-1.1506327139165642,1.561313411435645
1771417164673,1.932289352594031,-1.1188503113633796,1.5754098269689472
1771417164677,1.9599561483650874,-1.1409845502150193,1.5936067142443704
1771417164681,1.9389066194675495,-1.1947225608860508,1.527087712453007
1771417164685,1.9257804717964444,-1.1583106009719981,1.538488536593115
1771417164689,1.9467073523080325,-1.1852591652189066,1.5442895540651471
1771417164693,1.938647056401463,-1.1225666975191675,1.5805683847638379
1771417164697,1.930788442402733,-1.1739121297476474,1.5329299791403765
1771417164701,1.9387984635674853,-1.159290546171078,1.5540221722646061
1771417164705,1.9204572980189176,-1.1433874520623244,1.5429910459819745
1771417164708,0.2713729959015442,-0.0007837140570235682,0.271371864232194
1771417164711,0.27137855984225395,-0.0007801866895620155,0.27137743835990724
1771417164714,0.26780445664161673,-0.00019085279438399135,0.2678043886352919
1771417164718,0.2695160251625238,-2.4197830513489414e-05,0.26951602407625264
1771417164721,0.0007046403622901566,0.0005142270869817338,-0.00048175568827226465
1771417164725,1.918283074557895,-1.1274371382055606,1.5519972466245378
1771417164729,1.9357655809644294,-1.1574575786505958,1.5516057289372371
1771417164733,1.9254396987598081,-1.1584225523022615,1.5379776408900667
1771417164738,1.9334133549647876,-1.1441032233065593,1.5585618420761291
1771417164741,0.27136607880751173,-0.0007874256236786161,0.27136493636476294
1771417164745,1.915852006965269,-1.1182137896443167,1.555662827621122
1771417164749,1.9254396987598081,-1.1584225523022615,1.5379776408900667
1771417164753,0.27133588456543517,-0.0007992748412508368,0.27133470734986204
1771417164757,1.918283074557895,-1.1274371382055606,1.5519972466245378
1771417164762,1.9365509580312317,-1.1475659037942354,1.559910929989466
1771417164765,0.27136874251135396,-0.0007861169858440365,0.27136760387392983
1771417164769,1.9352002966919606,-1.0841139190280722,1.603027510333571
1771417164772,0.27133455284402314,-0.0007994249997674971,0.2713333751803042
1771417164776,1.9334384355252296,-1.1477442993751843,1.5559136246006766
1771417164780,0.2713939092905964,-0.0007693451552275555,0.271392818821841
1771417164783,1.927291372416998,-1.1418677227358849,1.5526075286327063
1771417164787,1.922740394224984,-1.1529856859839633,1.5386860080927935
1771417164791,1.937855340570575,-1.1696471844550824,1.5450594761607712
1771417164796,1.9146525737441775,-1.1331805877076255,1.5433069149679215
1771417164800,1.9365509580312317,-1.1475659037942354,1.559910929989466
1771417164805,1.9283876277035328,-1.1649830816823352,1.5367150881259637
1771417164809,1.9146525737441775,-1.1331805877076255,1.5433069149679215
1771417164813,1.9342030604550102,-1.1342613817148441,1.566713948691292
1771417164817,1.9305157381479379,-1.1403717246343956,1.557704511417763
1771417164821,1.9218750804251379,-1.1262420334845653,1.5572998127437379
1771417164824,1.9268308449749274,-1.1463974690888805,1.5486929805527634
1771417164828,1.9245273720735168,-1.1359199175108707,1.55354161413922
1771417164832,1.9413295023362167,-1.1700275758372112,1.5491274022563417
1771417164836,1.937855340570575,-1.1696471844550824,1.5450594761607712
1771417164840,1.9223195126647183,-1.1209921555076696,1.5616302046457056
1771417164844,1.9357655809644294,-1.1574575786505958,1.5516057289372371
1771417164848,1.915852006965269,-1.1182137896443167,1.555662827621122
1771417164852,1.9218750804251379,-1.1262420334845653,1.5572998127437379
1771417164856,1.9268308449749274,-1.1463974690888805,1.5486929805527634
1771417164859,1.9223195126647183,-1.1209921555076696,1.5616302046457056
1771417164863,1.9334384355252296,-1.1477442993751843,1.5559136246006766
1771417164867,1.9066005176909229,-1.148969387935346,1.521510722816889
1771417164870,1.9334133549647876,-1.1441032233065593,1.5585618420761291
1771417164874,1.9334803743296303,-1.1800079538704702,1.5316421209669946
1771417164878,1.9089406683195262,-1.122125080720235,1.5443088351695737
1771417164882,1.9294355482477612,-1.1537360612817915,1.5464846057236123
1771417164887,1.9334133549647876,-1.1441032233065593,1.5585618420761291
1771417164890,1.9342030604550102,-1.1342613817148441,1.566713948691292
1771417164894,1.9450726873179782,-1.1632607577619989,1.5588881192700652
1771417164898,1.9193663280668478,-1.114316234623847,1.562775233541454
1771417164902,1.9245273720735168,-1.1359199175108707,1.55354161413922
1771417164907,1.9365509580312317,-1.1475659037942354,1.559910929989466
1771417164911,1.9150816667165764,-1.1281794511117826,1.5474976304612091
1771417164915,1.919064080121308,-1.158804995912395,1.5296986386410611
1771417164919,1.9223195126647183,-1.1209921555076696,1.5616302046457056
1771417164923,1.922740394224984,-1.1529856859839633,1.5386860080927935
1771417164927,1.9413295023362167,-1.1700275758372112,1.5491274022563417
1771417164931,1.922740394224984,-1.1529856859839633,1.5386860080927935
1771417164935,1.9365509580312317,-1.1475659037942354,1.559910929989466
1771417164939,1.9357655809644294,-1.1574575786505958,1.5516057289372371
1771417164944,1.918283074557895,-1.1274371382055606,1.5519972466245378
1771417164948,1.9428189731998644,-1.148250158525026,1.5671844614060682
1771417164951,1.9218750804251379,-1.1262420334845653,1.5572998127437379
1771417164955,1.9259539994972394,-1.1151378439437167,1.5702758984280347
1771417164959,1.9254396987598081,-1.1584225523022615,1.5379776408900667
1771417164963,1.9322124930966185,-1.1197586091951823,1.5746700529355095
1771417164967,1.9259539994972394,-1.1151378439437167,1.5702758984280347
1771417164971,1.9342030604550102,-1.1342613817148441,1.566713948691292
1771417164975,1.9091873234487804,-1.1591548635670588,1.5170221614354722
1771417164980,1.930499246955164,-1.1779683182176575,1.529450222717274
1771417164984,1.9294355482477612,-1.1537360612817915,1.5464846057236123
1771417164988,1.927291372416998,-1.1418677227358849,1.5526075286327063
1771417164992,1.9218750804251379,-1.1262420334845653,1.5572998127437379
1771417164995,1.923492814606805,-1.1075881206023646,1.5726007640035442
1771417164999,1.9305157381479379,-1.1403717246343956,1.557704511417763
1771417165003,1.9254396987598081,-1.1584225523022615,1.5379776408900667
1771417165007,1.9166358845594866,-1.1502653290992464,1.533095817831791
1771417165011,1.9294355482477612,-1.1537360612817915,1.5464846057236123
1771417165015,1.918283074557895,-1.1274371382055606,1.5519972466245378
1771417165020,1.9193663280668478,-1.114316234623847,1.562775233541454
1771417165023,0.8617394248748226,-0.2824477164703712,0.8141364282749316
1771417165026,0.9783936095202813,-0.3593548221995988,0.910009981765046
1771417165029,0.9811646450777269,-0.34836639989914736,0.9172376530495296
1771417165033,0.27020905896467184,-0.00010146824635264134,0.27020903991311707
1771417165038,0.27017638058673193,-8.464402058576338e-05,0.2701763673275966
1771417165042,1.919516964105031,-1.1173183647634692,1.56081550711456
1771417165045,0.2704148644103312,-0.00022615411535021333,0.2704147698413936
1771417165050,0.27010339138954564,-4.446890465428468e-05,0.27010338772894094
1771417165054,0.27017401498113996,-7.531669990933174e-05,0.27017400448308115
1771417165058,0.2701000706643122,-4.39008851333495e-05,0.2701000670965832
1771417165061,0.27048313131455043,-0.0002734710224374027,0.27048299306855544
1771417165065,1.9305157381479379,-1.1403717246343956,1.557704511417763
1771417165069,0.2703517268836364,-0.00013546527453771887,0.27035169294480793
1771417165072,0.2703661196398688,-0.00018657689231359827,0.2703660552624591
1771417165076,0.2704232753529274,-0.00023300292309838815,0.2704231749725659
1771417165079,1.9294355482477612,-1.1537360612817915,1.5464846057236123
1771417165082,0.27134533064879873,-0.0007966313263914394,0.2713441612481015
1771417165085,0.27045888901515436,-0.0002585304745361659,0.2704587654510486
1771417165089,0.27046355777789655,-0.0002603271808273692,0.2704634324925211
1771417165092,0.2713362746375586,-0.0007989565372987415,0.2713350983611227
1771417165096,1.641924344725123,-0.7890361932445865,1.439908830291389
1771417165099,0.2713390481539587,-0.0007983507762720945,0.2713378736725383
1771417165103,1.9365509580312317,-1.1475659037942354,1.559910929989466
1771417165108,1.9365509580312317,-1.1475659037942354,1.559910929989466
1771417165113,1.9443914630807773,-1.1719861362943278,1.5514853070639436
1771417165117,1.9295896259894765,-1.109234963977969,1.5788964245367716
1771417165121,1.9283876277035328,-1.1649830816823352,1.5367150881259637
1771417165124,0.2713336260352699,-0.0007996687442169588,0.2713324476492762
1771417165128,1.9150816667165764,-1.1281794511117826,1.5474976304612091
1771417165132,0.2713802419738406,-0.0007792061160368348,0.27137912331572045
1771417165136,1.9254396987598081,-1.1584225523022615,1.5379776408900667
1771417165140,1.9532759384553886,-1.144902704072189,1.58255637812906
1771417165143,0.2713813502473085,-0.0007783424153755109,0.2713802340723007
1771417165147,1.9305157381479379,-1.1403717246343956,1.557704511417763
1771417165151,1.9392674724647505,-1.190737268442918,1.5306544637183535
1771417165155,0.2713925475959662,-0.0007705127550729461,0.27139145380929564
1771417165159,1.9392674724647505,-1.190737268442918,1.5306544637183535
1771417165163,1.9428189731998644,-1.148250158525026,1.5671844614060682
1771417165167,1.918283074557895,-1.1274371382055606,1.5519972466245378
1771417165171,1.9334133549647876,-1.1441032233065593,1.5585618420761291
1771417165176,1.9408607313413124,-1.1346423489540869,1.5746514275936392
1771417165180,1.9295896259894765,-1.109234963977969,1.5788964245367716
1771417165185,1.9408607313413124,-1.1346423489540869,1.5746514275936392
1771417165188,1.9371677393061928,-1.1369668968986288,1.5684148448562225
1771417165193,1.9357655809644294,-1.1574575786505958,1.5516057289372371
1771417165196,1.927291372416998,-1.1418677227358849,1.5526075286327063
1771417165200,1.9353427785396262,-1.0782273417317907,1.607164419089558
1771417165204,1.9357655809644294,-1.1574575786505958,1.5516057289372371
1771417165208,1.9334803743296303,-1.1800079538704702,1.5316421209669946
1771417165212,1.919064080121308,-1.158804995912395,1.5296986386410611
1771417165215,1.950177326063171,-1.1397484580540296,1.5824553881403294
1771417165220,1.922740394224984,-1.1529856859839633,1.5386860080927935
1771417165223,1.9268308449749274,-1.1463974690888805,1.5486929805527634
1771417165227,1.9254396987598081,-1.1584225523022615,1.5379776408900667
1771417165232,1.9305157381479379,-1.1403717246343956,1.557704511417763
1771417165236,1.9428189731998644,-1.148250158525026,1.5671844614060682
1771417165240,1.9254396987598081,-1.1584225523022615,1.5379776408900667
1771417165244,1.9268308449749274,-1.1463974690888805,1.5486929805527634
1771417165248,1.939632264347181,-1.1929811351102269,1.5293689326541478
1771417165252,1.9414344467559914,-1.1651108330161715,1.5529599021993792
1771417165256,1.922740394224984,-1.1529856859839633,1.5386860080927935
1771417165261,1.9408607313413124,-1.1346423489540869,1.5746514275936392
1771417165265,1.919064080121308,-1.158804995912395,1.5296986386410611
1771417165269,1.927291372416998,-1.1418677227358849,1.5526075286327063
1771417165272,1.9268308449749274,-1.1463974690888805,1.5486929805527634
1771417165276,1.9110734054192065,-1.1380007526070661,1.5353031778662851
1771417165281,1.9259539994972394,-1.1151378439437167,1.5702758984280347
1771417165285,1.951187049152104,-1.170375027512179,1.5612024839061591
1771417165289,1.9133626496022043,-1.1113043055519354,1.5575491547153488
1771417165293,1.9392475129938096,-1.1528773684245444,1.5593443141356476
1771417165297,1.9371677393061928,-1.1369668968986288,1.5684148448562225
1771417165301,1.9259539994972394,-1.1151378439437167,1.5702758984280347
1771417165305,1.9283876277035328,-1.1649830816823352,1.5367150881259637
1771417165309,1.9368209485764036,-1.1820384574733112,1.5342947799880293
1771417165313,1.9223195126647183,-1.1209921555076696,1.5616302046457056
1771417165317,1.9392475129938096,-1.1528773684245444,1.5593443141356476
1771417165321,1.922740394224984,-1.1529856859839633,1.5386860080927935
1771417165325,1.9277160559479682,-1.1727577658377488,1.5299439254517933
1771417165329,1.9428189731998644,-1.148250158525026,1.5671844614060682
1771417165333,1.9268308449749274,-1.1463974690888805,1.5486929805527634
1771417165337,1.9334133549647876,-1.1441032233065593,1.5585618420761291
1771417165341,1.926105878566984,-1.1872482713220482,1.5166823654586026
1771417165345,1.922740394224984,-1.1529856859839633,1.5386860080927935
1771417165349,1.9357655809644294,-1.1574575786505958,1.5516057289372371
1771417165353,1.151494956126715,-0.45367827735784194,1.0583556371271834
1771417165357,1.9110734054192065,-1.1380007526070661,1.5353031778662851
1771417165361,1.9245273720735168,-1.1359199175108707,1.55354161413922
1771417165365,1.911961616132393,-1.1227456247261136,1.5475915106131723
1771417165369,1.9223195126647183,-1.1209921555076696,1.5616302046457056
1771417165373,1.9357655809644294,-1.1574575786505958,1.5516057289372371
1771417165377,1.9274835482118624,-1.097227069350213,1.5847036274687243
1771417165381,0.6876490659633386,-0.2018223518282942,0.6573651772209631
1771417165385,1.9277160559479682,-1.1727577658377488,1.5299439254517933
1771417165389,0.27020681387742496,-9.733381140194116e-05,0.2702067963466473
1771417165394,0.27005406516765823,-2.355931629951701e-05,0.2700540641400096
1771417165398,1.918283074557895,-1.1274371382055606,1.5519972466245378
1771417165402,0.2702291627890166,-0.00010740548266852343,0.2702291414442845
1771417165405,0.2703941078172556,-0.00020858684714787537,0.2703940273634328
1771417165409,0.26989795255136445,5.1497618885276724e-05,0.2698979476383876
1771417165413,0.2700045974684031,-6.660803893498848e-06,0.27000459738624466
1771417165417,0.27011979043176754,-5.045810775973956e-05,0.27011978571900536
1771417165421,0.2704469518108804,-0.00025023228645259,0.27044683604656844
1771417165425,1.9357655809644294,-1.1574575786505958,1.5516057289372371
1771417165428,0.2704573870015066,-0.0002592992236159099,0.2704572627007738
1771417165432,0.27036635352355026,-0.00018559201781547842,0.27036628982405386
1771417165435,0.27041124031740654,-0.00022414606740466425,0.2704111474191452
1771417165439,0.26988824504087405,5.1793255604191496e-05,0.26988824007114787
1771417165442,0.2704513716756104,-0.0002541247666460564,0.2704512522837011
1771417165446,0.27010491041238965,-4.500780977684646e-05,0.27010490666254494
1771417165450,1.9470136858134355,-1.140051586370417,1.5783360457010145
1771417165454,1.9223195126647183,-1.1209921555076696,1.5616302046457056
1771417165457,0.27047647806462005,-0.00026926311272832857,0.27047634403699156
1771417165460,0.27047790323234927,-0.0002704782182173965,0.27047776799304885
1771417165464,0.2704830599277609,-0.0002734362934763327,0.27048292171683985
1771417165467,0.2713603032624713,-0.0007899939907754935,0.2713591533304063
1771417165470,0.2704848154838171,-0.000273595899028421,0.27048467711239876
1771417165473,0.2713405413066923,-0.0007977034155316979,0.27133936873566583
1771417165476,0.27135537329905257,-0.0007926807488573282,0.2713542155108311
1771417165479,0.27138017793849123,-0.0007793747746376494,0.2713790587957881
1771417165483,1.9408607313413124,-1.1346423489540869,1.5746514275936392
1771417165496,0.27136445668285464,-0.0007882442795708448,0.27136331185651574
1771417165500,0.27132797131031583,-0.0008015137828641132,0.2713267874556942
1771417165508,0.2705266830582678,-0.00028419312338759004,0.2705265337832448
1771417165514,1.9368209485764036,-1.1820384574733112,1.5342947799880293
1771417165518,0.27138358780380323,-0.0007771211609185441,0.27138247513788694
1771417165522,1.915852006965269,-1.1182137896443167,1.555662827621122
1771417165526,1.930810996923959,-1.1743852644363788,1.532595953445392
1771417165530,1.9305157381479379,-1.1403717246343956,1.557704511417763
1771417165534,1.918283074557895,-1.1274371382055606,1.5519972466245378
1771417165538,1.9294355482477612,-1.1537360612817915,1.5464846057236123
1771417165542,1.927291372416998,-1.1418677227358849,1.5526075286327063
1771417165546,1.9357655809644294,-1.1574575786505958,1.5516057289372371
1771417165550,1.9277160559479682,-1.1727577658377488,1.5299439254517933
1771417165554,1.919516964105031,-1.1173183647634692,1.56081550711456
1771417165559,1.9365509580312317,-1.1475659037942354,1.559910929989466
1771417165563,1.9245273720735168,-1.1359199175108707,1.55354161413922
1771417165567,1.9150816667165764,-1.1281794511117826,1.5474976304612091
1771417165571,1.9465289149401357,-1.1872098901216395,1.5425652315203355
1771417165575,1.9305157381479379,-1.1403717246343956,1.557704511417763
1771417165579,1.9294355482477612,-1.1537360612817915,1.5464846057236123
1771417165583,1.9152191777764151,-1.1625916325099312,1.5219872518981428
1771417165587,1.9336295224853859,-1.102627894029774,1.588437867067682
1771417165591,1.9283876277035328,-1.1649830816823352,1.5367150881259637
1771417165595,1.937855340570575,-1.1696471844550824,1.5450594761607712
1771417165599,1.915852006965269,-1.1182137896443167,1.555662827621122
1771417165603,1.922740394224984,-1.1529856859839633,1.5386860080927935
1771417165607,1.9455677457620744,-1.1530258343855264,1.5670881527818659
1771417165611,1.9245273720735168,-1.1359199175108707,1.55354161413922
1771417165615,1.937855340570575,-1.1696471844550824,1.5450594761607712
1771417165619,1.9254396987598081,-1.1584225523022615,1.5379776408900667
1771417165623,1.9252082155574242,-1.1653137518120102,1.5324720333786253
1771417165627,1.9455677457620744,-1.1530258343855264,1.5670881527818659
1771417165631,1.9259539994972394,-1.1151378439437167,1.5702758984280347
1771417165636,1.9408607313413124,-1.1346423489540869,1.5746514275936392
1771417165640,1.9295896259894765,-1.109234963977969,1.5788964245367716
1771417165644,1.918283074557895,-1.1274371382055606,1.5519972466245378
1771417165648,1.9383022881110006,-1.1273764394769432,1.5767175155393658
1771417165652,1.9254396987598081,-1.1584225523022615,1.5379776408900667
1771417165656,1.9352002966919606,-1.0841139190280722,1.603027510333571
1771417165660,1.951187049152104,-1.170375027512179,1.5612024839061591
1771417165664,1.9254396987598081,-1.1584225523022615,1.5379776408900667
1771417165669,1.9334803743296303,-1.1800079538704702,1.5316421209669946
1771417165673,1.9334133549647876,-1.1441032233065593,1.5585618420761291
1771417165677,1.9254396987598081,-1.1584225523022615,1.5379776408900667
1771417165681,1.93638489464151,-1.111892348917073,1.5853333607211721
1771417165685,1.937855340570575,-1.1696471844550824,1.5450594761607712
1771417165689,1.9223195126647183,-1.1209921555076696,1.5616302046457056
1771417165692,1.927291372416998,-1.1418677227358849,1.5526075286327063
1771417165697,1.9254396987598081,-1.1584225523022615,1.5379776408900667
1771417165701,1.9150816667165764,-1.1281794511117826,1.5474976304612091
1771417165705,1.9254396987598081,-1.1584225523022615,1.5379776408900667
1771417165709,1.9414344467559914,-1.1651108330161715,1.5529599021993792
1771417165713,1.9218750804251379,-1.1262420334845653,1.5572998127437379
1771417165718,1.9450726873179782,-1.1632607577619989,1.5588881192700652
1771417165722,1.9334133549647876,-1.1441032233065593,1.5585618420761291
1771417165726,1.919516964105031,-1.1173183647634692,1.56081550711456
1771417165729,1.9334133549647876,-1.1441032233065593,1.5585618420761291
1771417165733,1.9218750804251379,-1.1262420334845653,1.5572998127437379
1771417165737,1.5167106709115101,-0.6833301193678549,1.3540573131228812
1771417165742,1.9283876277035328,-1.1649830816823352,1.5367150881259637
1771417165747,0.27039974044455245,-0.00024805571086071833,0.27039962666550715
1771417165751,1.9274835482118624,-1.097227069350213,1.5847036274687243
1771417165755,1.9212539184887805,-1.1709340034351226,1.5231973538934114
1771417165759,1.922740394224984,-1.1529856859839633,1.5386860080927935
1771417165763,1.470449824344426,-0.619304446144368,1.3336733816419861
1771417165766,1.479063443176241,-0.6292456535866037,1.3385359824759009
1771417165769,0.2713447597114173,-0.0007973082731273164,0.27134358831998295
1771417165772,0.27002572382470885,-0.00042109691324832953,0.27002539548058735
1771417165775,0.26835984617369396,-0.00016840319461259863,0.26835979333486737
1771417165778,0.2713744121691116,-0.0007832668687268291,0.2713732817967591
1771417165781,0.05983873297043592,0.005283924146085962,0.05960498392857383
1771417165784,0.2705257233051546,-0.00028447416734331336,0.27052557373421315
1771417165787,0.25243885990740983,0.00024166860021659388,0.25243874422845747
1771417165791,1.9032488260811142,-1.1144567493864581,1.5428357811919287
1771417165794,0.2705224904397248,-0.0002846554987808997,0.27052234067625175
1771417165798,1.9089138563894275,-1.0883054865855388,1.5682931100350372
1771417165801,1.9121452355698247,-1.0519971664442127,1.5967471195232286
1771417165805,1.077244011409158,-0.40338386083026545,0.9988674190995336
1771417165809,1.8944885055016196,-1.1012629984741578,1.5415273288753162
1771417165813,1.914682735459277,-1.0989825798798194,1.5678798635694369
1771417165817,0.27004859579160717,2.7118393698640915e-05,0.2700485944299869
1771417165821,1.7028339594232547,-0.8062508940329199,1.49986765724053
1771417165824,0.2703621006670301,-0.00018876140803009102,0.2703620347723033
1771417165828,0.6065594642875434,-0.15786955348649104,0.5856548367415466
1771417165832,0.27000104236138334,-4.859150666642589e-06,0.2700010423176588
1771417165836,0.2701307298451993,-5.3726866352926736e-05,0.2701307245022748
1771417165840,1.9192752219914069,-1.077436378513226,1.5883161612243544
1771417165844,0.27014599603881495,-6.140459268039249e-05,0.27014598906013654
1771417165848,1.9009817922373915,-1.0665654028166944,1.5735850837919592
1771417165852,0.2699517563289033,2.1399488703999492e-05,0.26995175548071815
1771417165856,1.9172664006972497,-1.1059710955204807,1.5661220856356681
1771417165859,0.27133434472158924,-0.0008005789229935602,0.27133316365472593
1771417165863,1.9154724906337506,-1.085322005583027,1.5783253804497663
1771417165867,1.9206418053685996,-1.0650695097625742,1.5982777868392164
1771417165871,1.9164574578734643,-1.0734098586132905,1.5876399035268094
1771417165875,1.914682735459277,-1.0989825798798194,1.5678798635694369
1771417165880,1.913737377755423,-1.0681579291534558,1.58790093815855
1771417165884,1.9172664006972497,-1.1059710955204807,1.5661220856356681
1771417165888,1.9131995107266713,-1.113178008109654,1.5560099903618219
1771417165892,1.9012392925239345,-1.100443605414613,1.5503982452063725
1771417165897,1.9188881563238254,-1.0864665596443306,1.5816833346958115
1771417165901,1.9160249957275215,-1.1171855124101946,1.556614375853384
1771417165905,1.9217924785992868,-1.0893474648872186,1.5832272204407616
1771417165909,1.9116377646105256,-1.0513274054809758,1.5965806054095006
1771417165914,1.9235796578126323,-1.0675728340262003,1.60013966390432
1771417165918,1.9000258347544925,-1.0736916182298863,1.5675727994824973
1771417165922,1.9050732795611716,-1.0925369507907643,1.560662427193907
1771417165926,1.9160249957275215,-1.1171855124101946,1.556614375853384
1771417165930,1.89661249988859,-1.0769207924176902,1.5612112546327934
1771417165934,1.9017841308918642,-1.0516776749116838,1.5845368246287235
1771417165938,1.9252855947337768,-1.1280636024468156,1.5601913761215658
1771417165942,1.9126900368231836,-1.0808432703912454,1.578024398357842
1771417165946,1.9160249957275215,-1.1171855124101946,1.556614375853384
1771417165950,1.9272253727897593,-1.1045881700813658,1.5792664791101363
1771417165953,0.2713723606470798,-0.0007844746285423916,0.2713712267775011
1771417165957,1.9126900368231836,-1.0808432703912454,1.578024398357842
1771417165961,1.902175730266732,-1.08920017659885,1.5594599975994283
1771417165965,1.9055622844963447,-1.1238399881701158,1.5388798852037548
1771417165970,1.9217924785992868,-1.0893474648872186,1.5832272204407616
1771417165974,1.9112612319312958,-1.098749321624473,1.5638636209443888
1771417165978,1.9009817922373915,-1.0665654028166944,1.5735850837919592
1771417165982,1.9339864608222983,-1.0985988441086514,1.591660833961524
1771417165986,1.9131995107266713,-1.113178008109654,1.5560099903618219
1771417165990,1.9164574578734643,-1.0734098586132905,1.5876399035268094
1771417165995,1.9188881563238254,-1.0864665596443306,1.5816833346958115
1771417165998,1.9112612319312958,-1.098749321624473,1.5638636209443888
1771417166002,1.9126900368231836,-1.0808432703912454,1.578024398357842
1771417166007,1.9199450744868507,-1.1122484450827617,1.5649576625127268
1771417166010,1.9050732795611716,-1.0925369507907643,1.560662427193907
1771417166014,1.9063960612299455,-1.0805634156499253,1.570582263694588
1771417166019,1.9217924785992868,-1.0893474648872186,1.5832272204407616
1771417166023,1.897940082546709,-1.0602478465520808,1.5741826643750982
1771417166027,1.8840896778808298,-1.0709877346691026,1.550090057540346
1771417166031,1.9188881563238254,-1.0864665596443306,1.5816833346958115
1771417166034,0.7420623003940383,-0.22714853900588378,0.7064417873353646
1771417166038,1.8962901063240518,-1.0807757152007522,1.5581527591269049
1771417166042,1.9188881563238254,-1.0864665596443306,1.5816833346958115
1771417166046,1.9121452355698247,-1.0519971664442127,1.5967471195232286
1771417166050,1.9161487131210981,-1.0382782103302484,1.6104670902409204
1771417166054,1.8929720391301377,-1.045037064987626,1.5783664573636125
1771417166058,1.2805397388184896,-0.5132635706113611,1.1731762569096775
1771417166062,1.3688081123805123,-0.5863961410893921,1.2368408200872782
1771417166066,1.9217924785992868,-1.0893474648872186,1.5832272204407616
1771417166071,1.9172664006972497,-1.1059710955204807,1.5661220856356681
1771417166075,1.9164574578734643,-1.0734098586132905,1.5876399035268094
1771417166079,1.9199450744868507,-1.1122484450827617,1.5649576625127268
1771417166083,0.26998520253885644,3.909877468788479e-06,0.26998520251054536
1771417166087,1.9063960612299455,-1.0805634156499253,1.570582263694588
1771417166090,0.2701391394798038,-5.7889503527612856e-05,0.2701391332770842
1771417166094,1.9121452355698247,-1.0519971664442127,1.5967471195232286
1771417166098,1.9206418053685996,-1.0650695097625742,1.5982777868392164
1771417166102,1.914682735459277,-1.0989825798798194,1.5678798635694369
1771417166106,1.8962901063240518,-1.0807757152007522,1.5581527591269049
1771417166110,0.2703630597998802,-0.00019058787478090622,0.2703629926240194
1771417166114,1.9164574578734643,-1.0734098586132905,1.5876399035268094
1771417166118,1.9278561767210631,-1.0614328822581107,1.6093444859888746
1771417166121,0.270418973143664,-0.0002346758641658276,0.2704188713150627
1771417166125,1.9126900368231836,-1.0808432703912454,1.578024398357842
1771417166129,1.9050732795611716,-1.0925369507907643,1.560662427193907
1771417166133,1.9100783858896153,-1.1134587500677193,1.5519694108262283
1771417166137,1.9088088767724192,-1.0479985878672784,1.5953840565435569
1771417166141,1.9050732795611716,-1.0925369507907643,1.560662427193907
1771417166145,1.9126900368231836,-1.0808432703912454,1.578024398357842
1771417166149,1.690636696553647,-0.7990618117502369,1.489883438640841
1771417166153,1.914682735459277,-1.0989825798798194,1.5678798635694369
1771417166157,1.914682735459277,-1.0989825798798194,1.5678798635694369
1771417166161,1.893928148259474,-1.066689828251212,1.5649717700568788
1771417166165,1.9070425280892864,-1.1070957824493164,1.5527878581519474
1771417166169,0.2711343669480557,-0.0007958337684184593,0.27113319897964533
1771417166173,1.8962901063240518,-1.0807757152007522,1.5581527591269049
1771417166176,1.9009817922373915,-1.0665654028166944,1.5735850837919592
1771417166180,1.9089138563894275,-1.0883054865855388,1.5682931100350372
1771417166184,1.913737377755423,-1.0681579291534558,1.58790093815855
1771417166188,0.270046683331697,-2.2410318394926646e-05,0.27004668240181634
1771417166192,1.89661249988859,-1.0769207924176902,1.5612112546327934
1771417166196,1.9131995107266713,-1.113178008109654,1.5560099903618219
1771417166200,1.9000258347544925,-1.0736916182298863,1.5675727994824973
1771417166204,1.9285020309715553,-1.130830338091688,1.5621596685079449
1771417166208,1.907907236556351,-1.058568509182853,1.5873067550635838
1771417166211,0.2704518790110975,-0.0002578624401061057,0.27045175608155203
1771417166215,1.9172664006972497,-1.1059710955204807,1.5661220856356681
1771417166220,1.9112612319312958,-1.098749321624473,1.5638636209443888
1771417166224,1.914682735459277,-1.0989825798798194,1.5678798635694369
1771417166228,1.9121452355698247,-1.0519971664442127,1.5967471195232286
1771417166232,1.9112612319312958,-1.098749321624473,1.5638636209443888
1771417166236,1.9112612319312958,-1.098749321624473,1.5638636209443888
1771417166240,1.9089138563894275,-1.0883054865855388,1.5682931100350372
1771417166244,1.9041748784250452,-1.0657600645459555,1.5779852510223398
1771417166248,1.9131995107266713,-1.113178008109654,1.5560099903618219
1771417166252,1.914682735459277,-1.0989825798798194,1.5678798635694369
1771417166256,1.9231662948800519,-1.07398846234902,1.5953424022772837
1771417166260,0.27133857574285425,-0.0007991191574939832,0.27133739899750786
1771417166264,1.89661249988859,-1.0769207924176902,1.5612112546327934
1771417166268,1.9032488260811142,-1.1144567493864581,1.5428357811919287
1771417166272,1.9154724906337506,-1.085322005583027,1.5783253804497663
1771417166276,1.9112612319312958,-1.098749321624473,1.5638636209443888
1771417166279,0.27138012818534535,-0.0007796465075564402,0.27137900826190986
1771417166283,1.914682735459277,-1.0989825798798194,1.5678798635694369
1771417166287,1.892666797705627,-1.0862670671358723,1.5499069217192698
1771417166291,1.9112612319312958,-1.098749321624473,1.5638636209443888
1771417166295,1.9112612319312958,-1.098749321624473,1.5638636209443888
1771417166299,1.907907236556351,-1.058568509182853,1.5873067550635838
1771417166302,1.9276675155372316,-1.0949558963436505,1.5864972850653591
1771417166306,1.9089138563894275,-1.0883054865855388,1.5682931100350372
1771417166310,1.9164574578734643,-1.0734098586132905,1.5876399035268094
1771417166313,0.27134413949819697,-0.0007975344096667384,0.27134296743951625
1771417166316,0.2705209484351553,-0.00028480679576443847,0.270520798511584
1771417166320,1.9192752219914069,-1.077436378513226,1.5883161612243544
1771417166325,1.8929720391301377,-1.045037064987626,1.5783664573636125
1771417166329,1.9272253727897593,-1.1045881700813658,1.5792664791101363
1771417166333,1.9063960612299455,-1.0805634156499253,1.570582263694588
1771417166337,1.9050732795611716,-1.0925369507907643,1.560662427193907
1771417166341,1.9233194760095915,-1.1134654294794337,1.5682322991674382
1771417166345,1.9112612319312958,-1.098749321624473,1.5638636209443888
1771417166349,1.9088088767724192,-1.0479985878672784,1.5953840565435569
1771417166352,1.9070425280892864,-1.1070957824493164,1.5527878581519474
1771417166356,1.9154724906337506,-1.085322005583027,1.5783253804497663
1771417166360,1.9164574578734643,-1.0734098586132905,1.5876399035268094
1771417166364,1.9257737792543002,-1.0799088828360723,1.5944909700701149
1771417166368,1.9088088767724192,-1.0479985878672784,1.5953840565435569
1771417166372,1.9311232451385585,-1.0956736865132806,1.5902000379187753
1771417166376,1.9157885990609929,-1.0431363834597487,1.606895280282632
1771417166379,1.9089138563894275,-1.0883054865855388,1.5682931100350372
1771417166383,1.9131995107266713,-1.113178008109654,1.5560099903618219
1771417166387,1.902175730266732,-1.08920017659885,1.5594599975994283
1771417166391,1.9199450744868507,-1.1122484450827617,1.5649576625127268
1771417166396,1.9154724906337506,-1.085322005583027,1.5783253804497663
1771417166400,1.902175730266732,-1.08920017659885,1.5594599975994283
1771417166404,0.27003809708046156,-3.26041311869673e-05,0.27003809511216637
1771417166408,0.2703323109662945,-0.00016749116040867454,0.27033225907961583
1771417166412,1.8904400826364318,-1.071415248646839,1.55750861025083
1771417166416,1.8962901063240518,-1.0807757152007522,1.5581527591269049
1771417166420,1.9116377646105256,-1.0513274054809758,1.5965806054095006
1771417166424,1.9009817922373915,-1.0665654028166944,1.5735850837919592
1771417166428,1.9089138563894275,-1.0883054865855388,1.5682931100350372
1771417166432,0.2700775794053272,-3.1406700574262784e-05,0.2700775775792207
1771417166436,1.9278561767210631,-1.0614328822581107,1.6093444859888746
1771417166440,1.9160249957275215,-1.1171855124101946,1.556614375853384
1771417166444,1.930444104183475,-1.0647524364587853,1.61025360997323
1771417166449,1.9116377646105256,-1.0513274054809758,1.5965806054095006
1771417166453,1.9179413471874047,-1.135961251794015,1.5453449600893685
1771417166456,1.9126900368231836,-1.0808432703912454,1.578024398357842
1771417166461,1.89661249988859,-1.0769207924176902,1.5612112546327934
1771417166465,1.9217924785992868,-1.0893474648872186,1.5832272204407616
1771417166469,1.9121452355698247,-1.0519971664442127,1.5967471195232286
1771417166473,1.9121452355698247,-1.0519971664442127,1.5967471195232286
1771417166477,1.9199450744868507,-1.1122484450827617,1.5649576625127268
1771417166481,1.907907236556351,-1.058568509182853,1.5873067550635838
1771417166485,1.9172664006972497,-1.1059710955204807,1.5661220856356681
1771417166489,1.9199450744868507,-1.1122484450827617,1.5649576625127268
1771417166493,1.9041748784250452,-1.0657600645459555,1.5779852510223398
1771417166496,1.9121452355698247,-1.0519971664442127,1.5967471195232286
1771417166500,1.8917676814141313,-1.1330099799902296,1.5149499482443431
1771417166504,1.9238075351236261,-1.1036367672068277,1.5757605523263056
1771417166508,1.9276675155372316,-1.0949558963436505,1.5864972850653591
1771417166512,1.9000258347544925,-1.0736916182298863,1.5675727994824973
1771417166517,1.9088088767724192,-1.0479985878672784,1.5953840565435569
1771417166521,1.914682735459277,-1.0989825798798194,1.5678798635694369
1771417166525,1.9063960612299455,-1.0805634156499253,1.570582263694588
1771417166528,1.357996726539421,-0.5591110547288216,1.2375580543036386
1771417166532,0.5288213639599975,-0.12608973276556582,0.5135692886764358
1771417166536,1.9164574578734643,-1.0734098586132905,1.5876399035268094
1771417166539,1.9063960612299455,-1.0805634156499253,1.570582263694588
1771417166543,1.900786816056809,-0.9865817218453284,1.624699057122915
1771417166546,0.00012321907272834138,-2.997159249552491e-05,0.00011951838154574583
1771417166549,0.0007587035256069998,0.0004499351022340182,-0.0006108923338413692
1771417166552,1.8927137704935637,-1.0047830381677192,1.6039876755219817
1771417166555,8.079607532878628e-05,6.186134798219431e-05,5.19728719079557e-05
1771417166558,0.0012952730881882638,0.0007599317017359265,-0.001048921437325742
1771417166560,0.0009973599335717858,0.0005280011103527341,-0.0008461333609783963
1771417166564,3.5902105714743826e-05,-3.036513562114585e-05,-1.9155149006521994e-05
1771417166567,0.0002173573749575226,-0.00021539154710571354,2.916693134068552e-05
1771417166570,0.000593007603673955,0.00040098496743248314,-0.00043688565312710484
1771417166574,1.895607456962975,-1.0462575141892785,1.580719091077257
1771417166577,0.00027902044039799574,-0.00016952879541842525,0.00022161316225321364
1771417166580,0.0013631611589969392,0.000804804144166196,-0.0011002266288955178
1771417166584,1.8915951188693625,-1.0566683808333575,1.5689436021340628
1771417166587,7.291690426970511e-05,5.648521617612416e-05,4.611176945004237e-05
1771417166591,0.0003353849582060351,-0.00027438693654133054,-0.00019285973982749162
1771417166594,9.705591697734961e-05,-8.914224538137435e-05,3.838634013136736e-05
1771417166596,0.0011530051925673604,0.0006455701111248184,-0.0009553325105478121
1771417166599,0.0001864762510765671,-0.0001352818959219238,0.00012834407213167527
1771417166602,0.00022957897909832317,-0.00022646183033467972,3.770340893467119e-05
1771417166605,7.9578603630366e-05,3.670447030967363e-05,7.060832822723669e-05
1771417166609,0.0003314909128810262,0.0002293417424674092,-0.00023935035091829013
1771417166612,2.8098101109398104e-05,1.646115512882247e-05,2.2771334123823325e-05
1771417166615,0.0001715559359786414,1.5919780024030455e-05,0.0001708156894828288
1771417166618,8.033659933809472e-05,4.8508742350737336e-05,6.403804422965573e-05
1771417166621,0.0015069023707830127,-0.0002661065387927544,0.0014832201674340882
1771417166626,0.27007248561964453,-2.5741101204030395e-05,0.27007248439292886
1771417166629,0.0003961339303337862,-0.00012142805950223198,0.00037706407562537085
1771417166633,7.831491747117244e-05,-1.0690697760286881e-05,7.758179734908665e-05
1771417166636,2.205575142813366e-05,1.6366436097678665e-07,2.205514418534973e-05
1771417166639,0.000790670087754912,-0.00013224020474306294,0.0007795330114368942
1771417166643,0.27007248561964453,-2.5741101204030395e-05,0.27007248439292886
1771417166646,0.27005956037694656,-2.1818380279895837e-05,0.27005955949558225
1771417166649,0.2692013816878689,-5.6229966377023624e-05,0.2692013758152966
1771417166653,0.2395140601452255,0.00327893571877237,0.23949161485906528
1771417166656,0.2704301349031781,-0.00024612231403927287,0.2704300229034447
1771417166660,1.8965735260479224,-1.0797465004375908,1.5592109012249193
1771417166664,1.8895319058855509,-1.0007183131071684,1.6027768656838748
1771417166668,1.912856616420013,-1.0369066803607119,1.6074342820797214
1771417166672,1.8911327912336675,-1.0240429226105647,1.589880286917998
1771417166676,1.9004757354446586,-1.0718191809056221,1.5693985040316298
1771417166680,1.8975875502357742,-1.0221956070505822,1.5987353288572497
1771417166684,1.882602843962795,-1.0088414372474348,1.5894755180842939
1771417166688,1.9044198794931118,-1.0199114126666784,1.608289708889794
1771417166692,1.9118003586091823,-1.0498476756623412,1.5977485625356005
1771417166696,1.8817003279996392,-1.0165123264741323,1.5835083878906662
1771417166701,1.8993761187672704,-1.0438704280452507,1.5868094309009022
1771417166705,1.8856656505561264,-1.009685737384649,1.5925670024866385
1771417166709,1.8773359817143074,-0.9920193925318352,1.5938280688581157
1771417166713,1.9089770948119382,-1.045804935529414,1.5970239776969368
1771417166717,1.8993761187672704,-1.0438704280452507,1.5868094309009022
1771417166721,1.8895319058855509,-1.0007183131071684,1.6027768656838748
1771417166726,1.9133091761427514,-1.074647818022303,1.582998443060497
1771417166730,1.901442509544754,-1.0133476640377705,1.6089158240545232
1771417166734,1.8965405127910597,-0.9961841163822247,1.613841108326821
1771417166738,1.8966882294196088,-1.0376823504958423,1.5876528521966993
1771417166742,1.8888823015428722,-1.013339182041982,1.594057731457799
1771417166747,1.8856656505561264,-1.009685737384649,1.5925670024866385
1771417166751,1.8978492470202104,-1.0574723170251008,1.5759391051499243
1771417166754,1.8950082730439675,-1.0149974038741052,1.6002614239660675
1771417166758,1.884619829827822,-1.0227919527956257,1.5829366772795304
1771417166763,1.895607456962975,-1.0462575141892785,1.580719091077257
1771417166767,1.8966882294196088,-1.0376823504958423,1.5876528521966993
1771417166772,1.9074805297148563,-1.0214600788202735,1.6109318044590681
1771417166776,1.9050908843362269,-1.0547073299215397,1.5864941619151212
1771417166780,1.897146502713143,-0.9883271520633502,1.6193746611735829
1771417166784,1.8817003279996392,-1.0165123264741323,1.5835083878906662
1771417166789,1.8927137704935637,-1.0047830381677192,1.6039876755219817
1771417166793,1.9050908843362269,-1.0547073299215397,1.5864941619151212
1771417166797,1.8901669063861595,-0.9930590660613526,1.6082800208019679
1771417166801,1.901442509544754,-1.0133476640377705,1.6089158240545232
1771417166805,1.9113967057221193,-1.0593887930608488,1.5909534096831521
1771417166809,1.8927137704935637,-1.0047830381677192,1.6039876755219817
1771417166813,1.9050908843362269,-1.0547073299215397,1.5864941619151212
1771417166817,1.8993761187672704,-1.0438704280452507,1.5868094309009022
1771417166821,1.8901669063861595,-0.9930590660613526,1.6082800208019679
1771417166825,1.1291301832268201,-0.42273534291583975,1.0470099333452667
1771417166829,1.8927137704935637,-1.0047830381677192,1.6039876755219817
1771417166833,1.8817003279996392,-1.0165123264741323,1.5835083878906662
1771417166838,1.895607456962975,-1.0462575141892785,1.580719091077257
1771417166842,1.8797707527640868,-1.0016862823891068,1.5906485075656256
1771417166845,0.4476808420700894,-0.0894921022283807,0.43864484494329736
1771417166849,1.8950082730439675,-1.0149974038741052,1.6002614239660675
1771417166853,1.8993761187672704,-1.0438704280452507,1.5868094309009022
1771417166856,0.2700361341646502,-1.7913569421194705e-05,0.27003613357047795
1771417166860,0.2704572995682536,-0.0002629384611694235,0.2704571717538984
1771417166863,0.26994569725053735,2.5266388664822953e-05,0.2699456960680951
1771417166888,0.2703437408123563,-0.00017927772649435863,0.27034368136857806
1771417166893,0.27030676362844036,-0.00014781561055684025,0.2703067232124033
1771417166898,1.9089770948119382,-1.045804935529414,1.5970239776969368
1771417166902,0.2704398404545927,-0.0002531339513980144,0.2704397219868194
1771417166905,0.2713345150707219,-0.0008012191310402188,0.2713333321148876
1771417166908,0.27039374266281974,-0.00021894505389042024,0.27039365401996873
1771417166911,0.2704604080339071,-0.00026504449468726303,0.270460278165359
1771417166915,1.898873806682816,-1.0059701531953869,1.610511032121835
1771417166918,0.2713223152630727,-0.0008045183503051548,0.2713211224912985
1771417166922,1.8888823015428722,-1.013339182041982,1.594057731457799
1771417166925,0.27136277235769807,-0.0007899567740810008,0.2713616225444397
1771417166930,1.882602843962795,-1.0088414372474348,1.5894755180842939
1771417166933,0.2713559454096074,-0.0007931788619267837,0.2713547861682834
1771417166937,1.895607456962975,-1.0462575141892785,1.580719091077257
1771417166941,1.8817003279996392,-1.0165123264741323,1.5835083878906662
1771417166944,0.27134059130424737,-0.0007994482841484772,0.2713394135981346
1771417166948,1.8923825683614879,-1.0474935403808379,1.5760295263410644
1771417166952,1.8888823015428722,-1.013339182041982,1.594057731457799
1771417166956,1.8855648499061226,-1.0493772525038232,1.5665765813164148
1771417166960,1.8817003279996392,-1.0165123264741323,1.5835083878906662
1771417166964,1.8894339565766323,-1.0407006588173027,1.576991697822807
1771417166967,0.27137399287490915,-0.0007837445928986493,0.2713728611215284
1771417166971,1.9005570462731294,-1.028814126709133,1.5980170771372142
1771417166975,1.9023823349950657,-1.0448863494672938,1.589739307307393
1771417166979,1.901442509544754,-1.0133476640377705,1.6089158240545232
1771417166984,1.895607456962975,-1.0462575141892785,1.580719091077257
1771417166988,1.8978492470202104,-1.0574723170251008,1.5759391051499243
1771417166992,1.9078467641901933,-1.059791142375625,1.5864179809158614
1771417166996,1.8911327912336675,-1.0240429226105647,1.589880286917998
1771417167000,1.8993761187672704,-1.0438704280452507,1.5868094309009022
1771417167005,1.8923825683614879,-1.0474935403808379,1.5760295263410644
1771417167009,1.8817003279996392,-1.0165123264741323,1.5835083878906662
1771417167013,1.9089770948119382,-1.045804935529414,1.5970239776969368
1771417167017,1.8856656505561264,-1.009685737384649,1.5925670024866385
1771417167021,1.882918647088137,-1.0431998491558507,1.5675192841791232
1771417167025,1.8885012298852757,-1.0562835853536954,1.5654717763634518
1771417167028,1.8922372228489601,-1.0887419173121806,1.5476442566114936
1771417167032,1.8937278564385227,-1.030991679441558,1.5884776835616918
1771417167037,1.8923825683614879,-1.0474935403808379,1.5760295263410644
1771417167041,1.8965405127910597,-0.9961841163822247,1.613841108326821
1771417167045,1.8911327912336675,-1.0240429226105647,1.589880286917998
1771417167048,1.9004757354446586,-1.0718191809056221,1.5693985040316298
1771417167053,1.8927137704935637,-1.0047830381677192,1.6039876755219817
1771417167057,1.8927137704935637,-1.0047830381677192,1.6039876755219817
1771417167061,1.8923825683614879,-1.0474935403808379,1.5760295263410644
1771417167065,1.877813451650304,-1.025517044264681,1.5730537661254498
1771417167068,1.9050908843362269,-1.0547073299215397,1.5864941619151212
1771417167072,1.8975875502357742,-1.0221956070505822,1.5987353288572497
1771417167076,1.8817003279996392,-1.0165123264741323,1.5835083878906662
1771417167080,1.9005570462731294,-1.028814126709133,1.5980170771372142
1771417167084,1.8895319058855509,-1.0007183131071684,1.6027768656838748
1771417167088,1.8817003279996392,-1.0165123264741323,1.5835083878906662
1771417167092,1.8966882294196088,-1.0376823504958423,1.5876528521966993
1771417167096,1.8927137704935637,-1.0047830381677192,1.6039876755219817
1771417167099,1.903157206791084,-0.9959614419690617,1.6217484884752469
1771417167103,1.8975875502357742,-1.0221956070505822,1.5987353288572497
1771417167107,1.8966882294196088,-1.0376823504958423,1.5876528521966993
1771417167111,1.8895867241821145,-1.0765945714233225,1.5528947539956233
1771417167115,1.8927137704935637,-1.0047830381677192,1.6039876755219817
1771417167119,1.9023823349950657,-1.0448863494672938,1.589739307307393
1771417167123,1.9033852083458023,-1.0711455141684603,1.5733793372312914
1771417167127,1.898873806682816,-1.0059701531953869,1.610511032121835
1771417167131,1.8885012298852757,-1.0562835853536954,1.5654717763634518
1771417167136,1.8993761187672704,-1.0438704280452507,1.5868094309009022
1771417167140,1.8966882294196088,-1.0376823504958423,1.5876528521966993
1771417167144,1.903422324785405,-1.032816458489742,1.5988454301664632
1771417167148,1.9113967057221193,-1.0593887930608488,1.5909534096831521
1771417167152,1.8765064308300254,-1.0405854791501683,1.5615563536191244
1771417167157,1.8863856410693405,-1.0009836434425374,1.5989004135320903
1771417167161,1.9078467641901933,-1.059791142375625,1.5864179809158614
1771417167165,1.901442509544754,-1.0133476640377705,1.6089158240545232
1771417167169,1.8975875502357742,-1.0221956070505822,1.5987353288572497
1771417167172,1.912856616420013,-1.0369066803607119,1.6074342820797214
1771417167176,1.8927137704935637,-1.0047830381677192,1.6039876755219817
1771417167180,1.8965405127910597,-0.9961841163822247,1.613841108326821
1771417167184,1.902175730266732,-1.08920017659885,1.5594599975994283
1771417167186,0.00013736473470124866,0.0001371917107364475,6.8923758422872455e-06
1771417167190,0.005649003427018253,-0.0006300481926573734,0.005613758009871208
1771417167194,0.000916640563715101,0.00029787409931468067,0.000866891541085392
1771417167197,0.00027325995078557856,-2.868161094761446e-06,0.00027324489813219076
1771417167200,0.2703836422686582,-0.00021376995873128625,0.27038355776354167
1771417167203,8.335075675464798e-05,5.7686466203734515e-05,6.0163280067645006e-05
1771417167207,0.0036933017655716312,-9.523712749442341e-05,0.0036920736478463076
1771417167210,0.000139237359521758,-4.1765984565533625e-05,0.0001328256180857552
1771417167213,0.0013871006009100687,-0.00015282992790392755,0.0013786555371745161
1771417167217,0.0029365031716277056,-0.0003931387163469139,0.0029100674952118677
1771417167220,0.00015829244522781388,-5.688335030195436e-06,0.0001581902053250602
1771417167223,0.0022685679983135117,-0.00024217380042215633,0.002255604711238488
1771417167226,0.009553929980868901,-0.0008369528120984048,0.009517199591774158
1771417167229,0.004853356074457697,-0.0001943384855858034,0.004849463654724679
1771417167232,9.425880854310064e-05,-9.034486349785028e-05,2.6879892624780024e-05
1771417167235,0.0021041761536110433,0.0004552829656342527,0.002054330719876584
1771417167239,0.005737331255571714,-0.0006925988589829052,0.005695373276326642
1771417167243,0.2703944614621968,-0.0002208092765652093,0.2703943713036476
1771417167246,0.1097213241199286,-0.005848944313946433,0.10956531758290476
1771417167249,0.000993580608169759,-8.566910430474813e-05,0.0009898804117157841
1771417167251,0.005185168020561961,0.00035434930563438857,0.005173045908461946
1771417167255,0.1119104372982357,-0.005859002673104148,0.11175695980098467
1771417167258,0.26906706555128307,-0.00014992643224677102,0.2690670237811452
1771417167261,0.003941093546275841,-0.0006649018224409806,-0.0038846008684305967
1771417167264,0.23128817510089703,-0.007926360661496061,0.2311523150396013
1771417167267,0.00026187142711847573,0.00020498850829866967,-0.00016296120951488237
1771417167270,1.879350472250511,-1.006051210960767,1.587393825889654
1771417167274,1.8836561975271318,-0.9960135152055085,1.5987863359468453
1771417167277,0.49786955863822907,-0.4575120001227183,-0.1963590261799411
1771417167281,0.518982367885852,-0.47321869857471455,-0.21308862357164754
1771417167284,0.00019734545598187945,-2.325388095829274e-05,0.00019597062539338254
1771417167287,0.0004905658552615902,-0.00047730448557996795,0.00011329292296422395
1771417167290,0.0002226603777946282,1.059800316203553e-05,0.00022240801732092313
1771417167293,8.004651267083291e-05,-6.813811878874405e-05,-4.200762976761267e-05
1771417167297,0.0008606330971353878,-0.0008032900533967818,-0.0003088922433449005
1771417167301,0.9545015280418166,-0.323873077464948,0.8978749337895265
1771417167304,0.0011245370391717655,0.0007442017498303893,-0.0008430583064169331
1771417167308,4.2484632800971986e-06,2.98409395832041e-06,-3.024007852213661e-06
1771417167312,1.6996625524654085,-0.7656862873361434,1.5174245620915132
1771417167316,1.9023279282620555,-1.0074716189505135,1.6136457119377339
1771417167320,1.9023279282620555,-1.0074716189505135,1.6136457119377339
1771417167323,0.0009404856102498151,-0.0006005339350385543,0.000723790146350499
1771417167327,0.8132153115373518,-0.26007624464918216,0.770505996010395
1771417167329,0.0003456898551073231,-0.0002772018452032258,0.00020654445753892522
1771417167333,1.5239051545335769,-0.644512261162611,1.3809021924904976
1771417167336,7.319253771227085e-05,-1.615233286473292e-05,-7.138802224315407e-05
1771417167339,1.5206670316247828,-0.6454330291485784,1.37689666495152
1771417167343,1.8430836928484842,-0.9326337319287801,1.5897018025128493
1771417167347,1.8389950275454239,-0.9400832120111092,1.5805525191627356
1771417167350,0.2713719303164786,-0.0007851162274895747,0.27137079458961877
1771417167353,0.27137507644178704,-0.000783148033667721,0.2713739464151692
1771417167356,0.27137680289051497,-0.0007820321219974172,0.27137567608913954
1771417167359,0.25107743638380586,0.0009235565851508521,0.2510757377850319
1771417167362,0.2713701565445343,-0.0007861926358731543,0.2713690176938855
1771417167365,0.2713735092902556,-0.000784140412399922,0.2713723763914118
1771417167368,0.2713719303164786,-0.0007851162274895747,0.27137079458961877
1771417167371,0.2713701565445343,-0.0007861926358731543,0.2713690176938855
1771417167374,0.27137834047736237,-0.0007810161561040601,0.27137721660819486
1771417167377,0.2713735092902556,-0.000784140412399922,0.2713723763914118
1771417167380,0.150499315346835,0.004317826918643214,0.15043736334623364
1771417167382,0.27137834047736237,-0.0007810161561040601,0.27137721660819486
1771417167385,0.2713685463337489,-0.0007871475032422857,0.2713674047082666
1771417167388,0.2713735092902556,-0.000784140412399922,0.2713723763914118
1771417167392,1.8836561975271318,-0.9960135152055085,1.5987863359468453
1771417167395,0.00022317483944757217,-0.00010134428282249978,0.00019883748464925518
1771417167399,1.8836561975271318,-0.9960135152055085,1.5987863359468453
1771417167403,1.8913861682339541,-0.9778579317743563,1.6189921255684654
1771417167406,1.8995168908075128,-0.9585864251856925,1.6399013640803997
1771417167410,1.8973745487382427,-0.9462898879376204,1.6445563615111087
1771417167413,0.00015673059905624105,-7.866857736448833e-05,-0.00013555713045050675
1771417167417,1.8939279977086403,-0.9853900994639071,1.6173959355653058
1771417167421,1.9020117109631705,-0.9667317913725093,1.6380104371434103
1771417167424,1.8939279977086403,-0.9853900994639071,1.6173959355653058
1771417167427,1.8862482752378775,-1.002909578257729,1.5975308866112015
1771417167431,1.8862482752378775,-1.002909578257729,1.5975308866112015
1771417167435,1.8900906680192582,-0.9941703488880484,1.6075036705168986
1771417167438,1.8862482752378775,-1.002909578257729,1.5975308866112015
1771417167442,1.8900906680192582,-0.9941703488880484,1.6075036705168986
1771417167445,1.8862482752378775,-1.002909578257729,1.5975308866112015
1771417167449,1.8939279977086403,-0.9853900994639071,1.6173959355653058
1771417167453,1.8900906680192582,-0.9941703488880484,1.6075036705168986
1771417167456,1.8819731564932307,-1.012568994604104,1.5863565150770895
1771417167460,1.8862482752378775,-1.002909578257729,1.5975308866112015
1771417167464,1.8939279977086403,-0.9853900994639071,1.6173959355653058
1771417167467,1.8900906680192582,-0.9941703488880484,1.6075036705168986
1771417167471,1.8819731564932307,-1.012568994604104,1.5863565150770895
1771417167474,0.0006914691928147511,0.0004017931598097248,-0.0005627538550218919
1771417167478,1.8900906680192582,-0.9941703488880484,1.6075036705168986
1771417167481,1.8819731564932307,-1.012568994604104,1.5863565150770895
1771417167486,1.8862482752378775,-1.002909578257729,1.5975308866112015
1771417167488,0.0007238011881156412,0.0004246325877335786,-0.0005861529880093579
1771417167492,1.8862482752378775,-1.002909578257729,1.5975308866112015
1771417167495,0.0006777214921187065,-0.0004964935501695339,0.000461303127584952
1771417167498,0.0007203317983676712,-0.0005268930143018547,0.0004911839280956867
1771417167501,1.8862482752378775,-1.002909578257729,1.5975308866112015
1771417167505,1.8862482752378775,-1.002909578257729,1.5975308866112015
1771417167508,0.0004234631868881783,-0.0003148630106098204,0.0002831648904776373
1771417167510,0.0006887509714921768,0.00039987714280605364,-0.000560781750231482
1771417167514,1.8862482752378775,-1.002909578257729,1.5975308866112015
1771417167518,1.8939279977086403,-0.9853900994639071,1.6173959355653058
1771417167521,0.0007144899309510485,-0.000522725805901362,0.000487086843668771
1771417167524,8.356330992586949e-05,8.237338191263797e-05,-1.405178700527462e-05
1771417167527,0.0006422013499127204,0.0003671522822020494,-0.0005268982591578256
1771417167530,0.00036396428152274965,-0.0003579715720212531,6.577500930447805e-05
1771417167532,0.0007328178135578994,-0.0005357992463732702,0.0004999411119858177
1771417167535,0.00026499436422130037,-0.0002640784395867234,2.201342350686248e-05
1771417167538,0.0010334416393836055,0.0005551312983896866,-0.0008716827769091546
1771417167541,0.00015014487479665447,-0.00011800053412577339,9.284049425619854e-05
1771417167543,0.0010233835270631027,0.0005472393908082288,-0.0008647791004713023
1771417167546,0.0001479576769007388,0.00014549931217539805,2.685934307367691e-05
1771417167549,0.0007479477219853475,-0.0005465899457749003,0.0005105538424112213
1771417167553,0.00010951409954742954,-0.00010938455030560647,5.325237471188852e-06
1771417167555,0.0005879368579555673,-0.0004324025416367509,0.00039836891310535616
1771417167558,0.0001376430547088055,-0.00011888130098040134,-6.937468404813425e-05
1771417167561,2.960795185348318e-06,2.935672962588431e-06,3.848797036855106e-07
1771417167565,0.6254097256652512,-0.16735627655045657,0.6026020259307563
1771417167568,0.00011361085121938054,6.424692681644088e-05,-9.370036237622088e-05
1771417167571,0.0035066469907771426,-0.002386509438642574,0.002569269510424373
1771417167575,0.2701044412249386,-7.145814685931198e-06,0.27010444113041465
1771417167577,0.0032294960108385585,-0.002199648085212698,0.0023645703172547597
1771417167580,0.0003793673118022679,0.0001921154960732403,-0.0003271256538894679
1771417167583,0.0003910953796051152,-0.00025218187269077867,0.0002989312613873649
1771417167586,9.501202514396179e-05,-9.048508510501808e-05,-2.897816929163161e-05
1771417167589,0.0007749300583061036,-0.0005163174640037186,0.0005778692513285943
1771417167594,0.033361524841412284,-0.008999992701870482,0.032124624061776144
1771417167596,0.0007878864207752546,-0.0003387780618646681,0.0007113328593852956
1771417167599,1.572700510245459,-0.6789363407813338,1.4186022487268164
1771417167603,0.00011323658083149782,-9.53696636873343e-05,6.10503930091616e-05
1771417167606,2.7897258750722374e-05,-2.33118824706751e-05,-1.5323615156946055e-05
1771417167610,1.869891448710191,-0.9976242107715964,1.5815308925347762
1771417167614,1.869891448710191,-0.9976242107715964,1.5815308925347762
1771417167618,0.0026770892924451502,-0.002437161931352925,-0.0011077223479232312
1771417167621,0.27005215610733835,-1.6663255803715185e-06,0.2700521561021974
1771417167624,0.270528966060511,-0.00028434114465763333,0.2705288166312095
1771417167628,0.2705268679802761,-0.0002847590589774128,0.27052671811023776
1771417167631,1.7585031507691025,-0.7987574912567512,1.5666268864749135
1771417167635,0.9098951461904383,-0.3176224522395333,0.8526577008942477
1771417167638,0.0014328562227381848,-0.0007675757986677497,0.0012099191495050837
1771417167642,1.6677441984052126,-0.7528287395944551,1.4881598032989836
1771417167646,1.66092411715153,-0.7545470455699064,1.479637685028776
1771417167649,0.00048760466916736403,0.00024689168383123334,-0.000420479262091239
1771417167652,0.7788656472999308,-0.24818697105635573,0.7382648061107964
1771417167655,0.7723075978434151,-0.24733405131757924,0.7316316646684308
1771417167659,1.4083224760470297e-05,-8.897518728302994e-06,1.0916564484004165e-05
1771417167662,0.00025829362583802505,-0.0001748304434261148,0.00019013130515510004
1771417167665,0.7757614845228871,-0.24775013753994543,0.7351365520895364
1771417167668,0.7601962929394714,-0.22977973205422178,0.7246376187695507
1771417167671,0.7723075978434151,-0.24733405131757924,0.7316316646684308
1771417167675,0.7723075978434151,-0.24733405131757924,0.7316316646684308
1771417167679,0.7757614845228871,-0.24775013753994543,0.7351365520895364
1771417167682,0.7723075978434151,-0.24733405131757924,0.7316316646684308
1771417167685,0.7723075978434151,-0.24733405131757924,0.7316316646684308
1771417167688,0.7629753596215907,-0.22981017316768526,0.7275429084929178
1771417167692,0.7723075978434151,-0.24733405131757924,0.7316316646684308
1771417167695,0.0008293689665569283,-0.0005661085301270127,0.0006061138629046035
1771417167698,0.7723075978434151,-0.24733405131757924,0.7316316646684308
1771417167702,0.7723075978434151,-0.24733405131757924,0.7316316646684308
1771417167705,0.7723075978434151,-0.24733405131757924,0.7316316646684308
1771417167709,0.7791848478080586,-0.239214060904865,0.7415562420471363
1771417167712,0.7723075978434151,-0.24733405131757924,0.7316316646684308
1771417167715,0.7723075978434151,-0.24733405131757924,0.7316316646684308
1771417167719,0.7788656472999308,-0.24818697105635573,0.7382648061107964
1771417167722,0.7788656472999308,-0.24818697105635573,0.7382648061107964
1771417167725,0.7723075978434151,-0.24733405131757924,0.7316316646684308
1771417167728,0.7757614845228871,-0.24775013753994543,0.7351365520895364
1771417167732,0.7691944593127636,-0.24702445634392514,0.7284497472066573
1771417167736,1.8973246374742474,-1.0257524117370758,1.5961430918881792
1771417167739,7.56868987811623e-05,-7.486008787779342e-05,1.115678672552957e-05
1771417167743,1.901052697736844,-1.0181444834038467,1.6054230503162856
1771417167747,1.9047874992147567,-1.0106047501735167,1.6145877046761907
1771417167752,1.901052697736844,-1.0181444834038467,1.6054230503162856
1771417167756,1.8973246374742474,-1.0257524117370758,1.5961430918881792
1771417167760,1.901052697736844,-1.0181444834038467,1.6054230503162856
1771417167764,1.901052697736844,-1.0181444834038467,1.6054230503162856
1771417167768,1.9047874992147567,-1.0106047501735167,1.6145877046761907
1771417167772,1.901052697736844,-1.0181444834038467,1.6054230503162856
1771417167776,1.9047874992147567,-1.0106047501735167,1.6145877046761907
1771417167780,1.901052697736844,-1.0181444834038467,1.6054230503162856
1771417167784,1.8973246374742474,-1.0257524117370758,1.5961430918881792
1771417167789,1.893093166345229,-1.0352622205497142,1.5849397058454557
1771417167793,1.893093166345229,-1.0352622205497142,1.5849397058454557
1771417167797,1.893093166345229,-1.0352622205497142,1.5849397058454557
1771417167800,0.000536838468499666,0.00028931791730457397,-0.0004522064616827258
1771417167804,1.9047874992147567,-1.0106047501735167,1.6145877046761907
1771417167808,1.893093166345229,-1.0352622205497142,1.5849397058454557
1771417167812,1.9047874992147567,-1.0106047501735167,1.6145877046761907
1771417167816,1.8973246374742474,-1.0257524117370758,1.5961430918881792
1771417167820,1.901052697736844,-1.0181444834038467,1.6054230503162856
1771417167824,1.8844382193385698,-1.0594514767296186,1.5584190614078584
1771417167828,1.875310022466404,-0.9349959694055164,1.6255984182935168
1771417167831,1.8708988600687195,-0.9468614038766364,1.6136034291160886
1771417167834,0.0008581405773998228,-0.0006277052602587988,0.0005851421680442584
1771417167838,1.875310022466404,-0.9349959694055164,1.6255984182935168
1771417167842,1.8627106235128104,-0.9278248404899827,1.6151878938121165
1771417167846,1.850397753489965,-0.9595294860425068,1.5821741407113543
1771417167848,0.001448958046415765,0.0008669647503330062,-0.0011609700865883748
1771417167851,8.150257976557869e-05,-8.052609252565915e-05,1.2578510682648364e-05
1771417167854,0.0009386688082557714,-0.0006859110125018773,0.0006408004482839877
1771417167858,1.8808336819952358,-0.9488812629599179,1.6239334001526502
1771417167861,0.00011610056136441574,9.749514468432985e-05,-6.303996440444788e-05
1771417167864,0.4266600293391707,-0.0780253127721868,0.4194649344134792
1771417167868,0.017249296550982875,-0.011185727353350374,0.013130793391119173
1771417167872,1.875310022466404,-0.9349959694055164,1.6255984182935168
1771417167874,0.0007257892171879781,0.0004184153780859085,-0.000593041785347006
1771417167879,1.8598030527509788,-0.8834761086200448,1.6365626662365982
1771417167882,0.0012491454911082057,0.0007159682116139546,-0.0010235985433334083
1771417167885,0.0008406863626125007,0.0005027382651976982,-0.0006738010069661858
1771417167888,1.8696428395731757,-0.9230743297993211,1.6258837994250332
1771417167892,1.8803682232420837,-0.910310768758654,1.6453324768145248
1771417167895,0.0008383265022597825,0.0004998751778967243,-0.0006729904389468245
1771417167898,0.000846505373632217,0.0005006663854007231,-0.0006825719874987501
1771417167902,1.8677271091091086,-0.9074587750976001,1.632459226320655
1771417167906,1.8708988600687195,-0.9468614038766364,1.6136034291160886
1771417167910,7.446741789248677e-05,4.463511275551838e-05,5.9607910858177376e-05
1771417167914,1.8706919449549042,-0.9093952385243752,1.6347748019431783
1771417167918,1.873584631904738,-0.9126692920133896,1.6362622455845488
1771417167921,0.00021640275966483934,-0.00021475950682178823,2.66178252346152e-05
1771417167924,0.000832493591991377,-0.0006097061860999713,0.0005668367907415083
1771417167928,1.8716622942056707,-0.896915672122757,1.642760487914114
1771417167931,0.000929430823679216,0.0005604895241032503,-0.0007414129411977767
1771417167934,0.0008059980141736143,0.00047289900438476776,-0.0006526862420058394
1771417167937,1.8762261761700054,-0.9245679893457237,1.632604880925794
1771417167942,1.8745566362284474,-0.8998114601935048,1.6444761836319017
1771417167945,1.8943369158035193,-0.8955021776165722,1.6693077009526933
1771417167948,0.0014083653330814884,0.0008374585937106754,-0.0011323232821265619
1771417167951,6.422897590068612e-05,-5.259511807502253e-05,-3.686617555328131e-05
1771417167955,1.8706919449549042,-0.9093952385243752,1.6347748019431783
1771417167958,0.0007509972115421719,0.0004308712147751019,-0.0006150990229404902
1771417167961,0.0007906171916020046,0.00046821748499354266,-0.0006370619517778178
1771417167963,0.001368911073940897,0.000806821475096716,-0.0011058736978881356
1771417167966,0.0008989614842355117,0.0005446187861758082,-0.0007152077515542623
1771417167969,0.0014408304430205202,0.0008667019845695401,-0.0011510082690745229
1771417167973,1.8652536236882744,-0.9346065234547556,1.6142124169383825
1771417167976,0.0005285398926716254,-0.0004988238455771448,0.00017472604050044197
1771417167980,1.8696428395731757,-0.9230743297993211,1.6258837994250332
1771417167984,1.8706919449549042,-0.9093952385243752,1.6347748019431783
1771417167987,0.0013642249041926947,0.0008095802945622911,-0.0010980388590009012
1771417167990,0.0011287881157648653,0.0006169224611830338,-0.000945287938767793
1771417167992,0.001220080359487892,0.0006759537687482512,-0.0010157177689314781
1771417167996,0.00026751105360692425,-0.0002669666545482705,1.705781818378614e-05
1771417168000,1.8594006141765824,-0.929676018582975,1.6103021904201584
1771417168004,1.873584631904738,-0.9126692920133896,1.6362622455845488
1771417168009,1.8598030527509788,-0.8834761086200448,1.6365626662365982
1771417168012,0.00021586130690573387,-0.0001472969012239343,0.00015779647242216148
1771417168015,7.682502530329857e-05,-3.770248803726678e-05,6.693733568534246e-05
1771417168019,1.875310022466404,-0.9349959694055164,1.6255984182935168
1771417168022,0.0006432315755832906,0.00036261848358362745,-0.0005312764771669014
1771417168025,5.589432531454765e-05,-5.1681388189819084e-05,-2.1288722769149655e-05
1771417168028,0.0008120552669840061,0.0004822417984159128,-0.000653357945154914
1771417168030,0.0014495546744155829,0.000856383881970763,-0.0011695364042306478
1771417168033,0.0006154157523341925,0.0003431399354726296,-0.000510873304161511
1771417168036,0.0009245189570176042,0.0005555137343712324,-0.000739012714917576
1771417168040,1.8627106235128104,-0.9278248404899827,1.6151878938121165
1771417168044,1.88341506014435,-0.9112127789976606,1.6483153703614808
1771417168047,0.0006337875736528207,0.0003608371523447174,-0.0005210405339361659
1771417168051,1.8734853287476012,-0.9535365303982836,1.6126733588140254
1771417168054,0.0012228685453683154,0.0006930307437469445,-0.0010075295864007054
1771417168058,1.8637893270394668,-0.9179406417127257,1.6220652372448705
1771417168062,1.9130430065518378,-0.9944730694940493,1.634245042509837
1771417168066,1.9015357211001247,-1.0163034049955861,1.6071606912857686
1771417168068,0.0005317426249087271,0.0002919010841123987,-0.00044445919524612105
1771417168072,1.9054211508770218,-1.0115749246016712,1.614727820447346
1771417168098,1.8939207515267305,-1.0327394126012606,1.587572083000825
1771417168103,1.8977302088707284,-1.024544926338751,1.5974002753142564
1771417168109,1.9054211508770218,-1.0115749246016712,1.614727820447346
1771417168112,0.001232618033223912,0.0007133726386536455,-0.0010052097762403229
1771417168115,0.000638434133684068,0.0003661250261268921,-0.0005230206576192848
1771417168117,0.0011797200358160762,0.000672395308979481,-0.0009693419991769017
1771417168121,0.0005654164246030192,-0.00010231716798231849,-0.0005560817658824462
1771417168124,0.0013975867984268929,0.0008406659158822073,-0.0011164809344592777
1771417168127,0.0007236842962569496,0.00042614830479515645,-0.0005849073285308801
1771417168131,1.8977302088707284,-1.024544926338751,1.5974002753142564
1771417168134,0.000807469177972455,0.00048566791098493274,-0.0006450838345634183
1771417168136,0.00017612996116545595,-9.527220393641911e-05,0.00014813834877317348
1771417168140,0.0001352662108758674,-0.0001172807227167817,-6.739569632954311e-05
1771417168142,3.2247616950124856e-05,-3.1495011418311645e-05,-6.9262583493831e-06
1771417168145,6.519757047280308e-05,-6.3590273486331e-05,-1.438750546445604e-05
1771417168149,6.519757047280308e-05,-6.3590273486331e-05,-1.438750546445604e-05
1771417168152,1.9015357211001247,-1.0163034049955861,1.6071606912857686
1771417168155,0.001163530793876585,0.0006598335922144219,-0.0009583441651538805
1771417168159,1.8858661871054057,-1.0498760845875035,1.5666050819139756
1771417168162,1.8939207515267305,-1.0327394126012606,1.587572083000825
1771417168165,0.00011113131216136145,-0.00011111530974712553,-1.8858638620842963e-06
1771417168170,1.9082101861354652,-1.054773269584542,1.5901947881442329
1771417168174,1.9110877986375958,-1.0580139857706867,1.5914970876552421
1771417168179,1.8984539282813486,-1.0112579385351004,1.6066999407346174
1771417168183,1.9164347308595497,-1.0352012030082893,1.612786578234983
1771417168187,1.8962448567296413,-1.0808262334467258,1.5580626462908935
1771417168192,1.9069911524049032,-0.9879454311925425,1.6311281618365745
1771417168196,1.9172061535318625,-1.0646299788804925,1.5944411068488424
1771417168200,1.9063932581104412,-1.0343421680263905,1.601396744723621
1771417168204,1.9130430065518378,-0.9944730694940493,1.634245042509837
1771417168208,1.9064174701585868,-1.038931026873308,1.5984523427133632
1771417168212,1.9063932581104412,-1.0343421680263905,1.601396744723621
1771417168216,1.9172061535318625,-1.0646299788804925,1.5944411068488424
1771417168220,1.8967827032705724,-1.0364183523754347,1.588591080890803
1771417168224,1.8944437806533259,-1.060583132733671,1.5697390409290644
1771417168228,1.8987157391078577,-1.051277234823582,1.58111910793513
1771417168232,1.8944437806533259,-1.060583132733671,1.5697390409290644
1771417168236,1.8905951801887324,-1.0688922945820245,1.5594291897794015
1771417168240,1.9102667912111657,-1.0301629937105166,1.6086899701289834
1771417168244,1.8987157391078577,-1.051277234823582,1.58111910793513
1771417168248,1.9143301623462394,-1.0608840891623015,1.5934820111412784
1771417168252,1.8946468599909605,-1.0195203365669177,1.5969549171470323
1771417168256,1.8987157391078577,-1.051277234823582,1.58111910793513
1771417168260,1.9026736078845843,-1.0413422138181714,1.592411144102179
1771417168264,1.889683535238897,-1.041787126633289,1.5765733240589006
1771417168268,1.8946468599909605,-1.0195203365669177,1.5969549171470323
1771417168272,1.8924060343919016,-1.0469626293475038,1.576410432518335
1771417168276,1.9025624137566293,-1.0476616583203435,1.5881274470032056
1771417168281,0.26970324273984636,-0.0002807441790964078,0.26970309662125574
1771417168284,0.0002224626345693515,-0.00016543887981711888,0.00014872659756880654
1771417168287,0.0003701739414476975,0.00011909032926835333,-0.0003504942801269067
1771417168291,1.9116377646105256,-1.0513274054809758,1.5965806054095006
1771417168295,1.9070425280892864,-1.1070957824493164,1.5527878581519474
1771417168299,1.914682735459277,-1.0989825798798194,1.5678798635694369
1771417168303,1.8944885055016196,-1.1012629984741578,1.5415273288753162
1771417168307,1.9100783858896153,-1.1134587500677193,1.5519694108262283
1771417168311,0.26996274626529215,1.648613834238928e-05,0.26996274576190277
1771417168315,1.902175730266732,-1.08920017659885,1.5594599975994283
1771417168318,0.27039193434277975,-0.0002110020353421878,0.2703918520143889
1771417168322,1.9160249957275215,-1.1171855124101946,1.556614375853384
1771417168327,1.9160249957275215,-1.1171855124101946,1.556614375853384
1771417168329,0.0001461282153041055,-1.1150976521537867e-05,0.00014570213118063552
1771417168332,0.0005369879065712661,0.0003435108325924954,-0.00041274243747814617
1771417168335,0.00019620789523769206,-2.5647077566563206e-05,0.00019452446007096338
1771417168339,4.224859296639082e-05,5.703224841649093e-06,4.186187805205787e-05
1771417168342,8.364787235914001e-05,-7.089898897276877e-05,-4.438806047632843e-05
1771417168345,0.000446129198034644,-2.0381926528355564e-05,0.0004456633689344765
1771417168349,0.2700010719214968,1.6243243378759373e-05,0.27000107143290064
1771417168351,0.27005729798815115,-2.6567714844889518e-05,0.27005729668131095
1771417168355,0.26993098282566874,-4.5470606860551947e-05,0.26993097899584517
1771417168358,0.26283502858343794,-0.0013610824989005042,0.2628315043994685
1771417168360,0.26527244825250973,-0.00028112954641497346,0.2652722992852035
1771417168363,0.268967515706423,-0.00028493052125989096,0.2689673647859215
1771417168367,0.264057147130174,-0.00027758089576452466,0.2640570012315005
1771417168370,0.26836346428913554,-5.948844842785199e-05,0.26836345769569786
1771417168373,0.26297607339793844,-0.0012785882759836472,0.2629729651348564
1771417168376,0.2680079624815956,0.001060750964080986,0.26800586329580284
1771417168379,0.25921178593727434,-0.004507511507798482,0.25917259173916984
1771417168382,0.27126806168874534,0.00210538979750476,0.27125989129646405
1771417168385,0.2713709576856378,-0.0007852550518707498,0.2713698215530307
1771417168388,0.25165188829017965,-0.0002161208769116611,0.2516517954868982
1771417168391,0.27033246763952296,0.0003858247394841239,0.2703321923103945
1771417168394,0.06907904307185588,0.006870619133385008,0.06873651711024703
1771417168397,0.26976629946582303,-4.4013719688609136e-05,0.2697662958752939
1771417168400,0.2690061644136201,-0.00011759343744132243,0.26900613871120316
1771417168403,0.2682353279182649,-6.853222650861772e-05,0.2682353191635155
1771417168407,0.27008282408844786,2.42192137250472e-05,0.27008282300253966
1771417168409,0.2713709576856378,-0.0007852550518707498,0.2713698215530307
1771417168412,0.2557713239149173,0.00013375166262095603,0.25577128894323203
1771417168415,0.26930073823210515,0.00045946930506956694,0.26930034626846383
1771417168418,0.26967940636398713,0.00015366256002699965,0.2696793625857384
1771417168421,0.12151817860598167,-0.0010936270130436536,0.12151325734944152
1771417168425,0.25652802359541393,-0.0006033269569005548,0.25652731411362867
1771417168428,0.2681772965068482,-0.0002360857346392248,0.26817719258961575
1771417168431,0.26999051479531616,2.798014586355977e-07,0.26999051479517117
1771417168434,0.2713730126703556,-0.0007840033509032311,0.2713718801654489
1771417168438,1.877161713984603,-1.069974731342722,1.5423651236778155
1771417168443,1.9199473773177387,-1.0699750733011626,1.5941616210985117
1771417168447,1.91620718462121,-1.0772077345067046,1.5847629069084364
1771417168451,1.9099634237356808,-1.072162989603906,1.5806412634534561
1771417168455,1.9099634237356808,-1.072162989603906,1.5806412634534561
1771417168459,1.912622276495779,-1.0825257562770656,1.5767884955011129
1771417168463,1.9011707801712938,-1.063539591489997,1.5758597249471211
1771417168467,1.9170869441215697,-1.0658978400279702,1.5934503901738157
1771417168471,1.9134120522733855,-1.109888580682883,1.558618946457018
1771417168475,1.8934509344640846,-1.0762618662505377,1.5578243920538108
1771417168479,1.9130983007264064,-1.0767263297907241,1.5813303004045867
1771417168483,1.9040938599624084,-1.0664309608184828,1.5774341296403827
1771417168487,1.9019141140126017,-1.0887527297954025,1.559453362702264
1771417168491,1.9189710496678376,-1.0809953009527822,1.585528003152668
1771417168495,1.8862453945666156,-1.0786191300262384,1.5474179981069136
1771417168499,1.912622276495779,-1.0825257562770656,1.5767884955011129
1771417168504,1.9130983007264064,-1.0767263297907241,1.5813303004045867
1771417168508,1.9049816198302543,-1.0554475982267773,1.5858705304306613
1771417168512,1.91620718462121,-1.0772077345067046,1.5847629069084364
1771417168516,1.90912257943724,-1.0877282055085447,1.5689475371274406
1771417168520,1.9027416651987434,-1.0407251331025025,1.592895803815198
1771417168524,1.9078148812527438,-1.0972065030923022,1.560735567193041
1771417168528,1.9113698382537712,-1.0543360315533157,1.5942741894525712
1771417168532,1.9061520516419959,-1.0800585619642893,1.5706333584597718
1771417168536,1.9130983007264064,-1.0767263297907241,1.5813303004045867
1771417168540,1.9205358136559147,-1.1043596830574733,1.5712566633023974
1771417168544,1.91620718462121,-1.0772077345067046,1.5847629069084364
1771417168548,1.8934509344640846,-1.0762618662505377,1.5578243920538108
1771417168552,1.9205358136559147,-1.1043596830574733,1.5712566633023974
1771417168556,1.912622276495779,-1.0825257562770656,1.5767884955011129
1771417168560,1.9079267117265089,-1.0582091413621613,1.587569762390644
1771417168564,1.890239148245348,-1.110181605318326,1.5298695502467272
1771417168568,1.9199473773177387,-1.0699750733011626,1.5941616210985117
1771417168572,1.8998308398718258,-1.0755052926461883,1.5660924575573831
1771417168576,1.9061520516419959,-1.0800585619642893,1.5706333584597718
1771417168580,1.9061520516419959,-1.0800585619642893,1.5706333584597718
1771417168584,1.9061520516419959,-1.0800585619642893,1.5706333584597718
1771417168588,1.912622276495779,-1.0825257562770656,1.5767884955011129
1771417168592,1.9079267117265089,-1.0582091413621613,1.587569762390644
1771417168596,1.912622276495779,-1.0825257562770656,1.5767884955011129
1771417168600,1.9079267117265089,-1.0582091413621613,1.587569762390644
1771417168604,1.8911327912336675,-1.0240429226105647,1.589880286917998
1771417168607,1.8868150553295553,-1.0341150042382936,1.578187951743235
1771417168610,0.0003678501294901541,-5.8170270884366554e-05,0.0003632216091467612
1771417168613,0.27041806506312155,-0.0001385733957637034,0.2704180295577509
1771417168617,0.27041806506312155,-0.0001385733957637034,0.2704180295577509
1771417168620,0.005903686260586687,-0.00048109350634998135,0.0058840513680276365
1771417168623,0.004765968032032408,-0.00038721186088278286,0.004750212443369934
1771417168626,0.2688548459603669,-0.0002547471315394736,0.26885472527049176
1771417168629,0.2705380268316334,-5.276770121163152e-06,0.2705380267801724
1771417168632,0.26331182918177876,-0.00045579811587148416,0.2633114346835925
1771417168635,0.26990385070287953,-2.3896972431589824e-05,0.2699038496449745
1771417168639,0.27044280714333396,-0.00025502414579780164,0.2704426869010356
1771417168642,0.26931948681612466,-0.0001285525245105309,0.2693194561355514
1771417168645,0.26992489509032624,-7.353497906685563e-05,0.2699248850738488
1771417168649,1.8915951188693625,-1.0566683808333575,1.5689436021340628
1771417168654,1.8874937847333444,-1.0647257292790175,1.558522347872583
1771417168658,5.470074768764107e-05,-5.4008037132507174e-05,-8.677771757812942e-06
1771417168661,4.464752414871262e-05,-3.943257687095175e-05,-2.0939753912745923e-05
1771417168664,0.00032799489846147917,-0.0002707100956111764,-0.00018519367578549695
1771417168668,1.900786816056809,-0.9865817218453284,1.624699057122915
1771417168672,1.9023823349950657,-1.0448863494672938,1.589739307307393
1771417168675,0.0007251826329126422,0.0004272918820565128,-0.0005859278953990116
1771417168678,0.0011435630295544323,0.0006382013925622359,-0.0009489127383987077
1771417168680,0.001244751762691266,0.0007126709173084652,-0.0010205425588115983
1771417168683,0.00013671643668070852,-0.00010844053634281235,-8.325883818762652e-05
1771417168687,0.00034396032505198216,-0.00015064186876387835,-0.0003092179370366339
1771417168690,2.543092152392297e-06,7.184692518127496e-07,-2.4394916744598484e-06
1771417168694,0.7142786488966301,-0.6648571652274008,-0.261072668265715
1771417168698,1.884228588998371,-0.984794942861678,1.6063923232239552
1771417168701,1.884228588998371,-0.984794942861678,1.6063923232239552
1771417168704,0.00019408069960905869,-7.226714723757464e-05,-0.00018012433869659143
1771417168708,0.0003857548475169418,-0.0003720806055360225,-0.00010179796347062079
1771417168711,9.771254444231594e-05,3.936900139703118e-05,8.943054886554217e-05
1771417168715,1.0556449768237048e-05,-9.261673193701466e-06,-5.065574139461759e-06
1771417168718,0.0010345857116719924,0.0005479327777840638,-0.0008775746497168674
1771417168721,0.2696294324008313,-0.23794290176222055,-0.12681958175995028
1771417168724,0.0001426237339488003,0.00011736246624655333,-8.104061328756587e-05
1771417168728,2.701588741157446e-05,2.130303937114146e-05,1.6614412002429217e-05
1771417168731,0.0010155127185829736,0.0005328636984389631,-0.0008644780856041012
1771417168733,0.00017230947453008406,-0.00012905340335178411,0.00011417431452019058
1771417168736,0.0004898744196849072,-0.00044742276869177034,-0.00019947384068547746
1771417168739,1.884228588998371,-0.984794942861678,1.6063923232239552
1771417168743,1.8854749459757763,-0.9688293750520743,1.6175244708932732
1771417168746,0.0007007299880548648,-0.0006227999328114729,-0.0003211584653242007
1771417168750,1.8739526695966995,-0.9924733663798708,1.5895581854450007
1771417168753,1.8854749459757763,-0.9688293750520743,1.6175244708932732
1771417168757,1.89336942547616,-0.9532490593020565,1.6358985336100977
1771417168760,1.8817616719413577,-0.9763268132043768,1.6086680651413827
1771417168764,1.8739526695966995,-0.9924733663798708,1.5895581854450007
1771417168767,0.0001477353925192075,-8.463690658189715e-05,0.00012108815072934067
1771417168770,0.00042264132710741615,0.00031761470432693366,-0.00027883075686593916
1771417168773,1.8892036911794086,-0.9614119680541036,1.6262772255824767
1771417168777,1.8739526695966995,-0.9924733663798708,1.5895581854450007
1771417168780,0.0007647447783516523,0.0004492802242171286,-0.0006188552788362755
1771417168782,0.0014155639244416564,0.000844374510941011,-0.0011361570795685744
1771417168786,0.293204834535709,-0.2588979446793316,-0.1376260485370784
1771417168789,5.326572578752642e-05,-4.932011170020935e-05,-2.011875059616847e-05
1771417168792,5.301281516091012e-05,4.556920835136186e-05,2.7088850501913033e-05
1771417168795,0.0008439912068930725,0.0005058775586174245,-0.0006755805303589643
1771417168799,0.0017401906702768117,-0.0014347292472230524,-0.000984792138515145
1771417168802,0.0003600236826493947,0.00022035366711803178,-0.00028471268580108563
1771417168805,7.105234153177077e-05,3.553309926518792e-05,6.152913207382093e-05
1771417168808,7.683711650275685e-05,-3.8056071514847785e-05,6.675086436380446e-05
1771417168811,0.00026891267544691975,-0.000145039278656112,-0.00022644565498797958
1771417168814,3.931700127334058e-05,-2.866549223724845e-05,-2.690940623507166e-05
1771417168817,0.00045167047903250625,0.00025303282438842996,-0.0003741398286890446
1771417168820,3.3566024263392114e-05,2.495628381487191e-05,-2.2446867999838877e-05
1771417168823,0.0005174441554535804,0.0002759482848521264,-0.0004377225126723993
1771417168826,2.360124112628657e-05,1.0124778472079795e-06,-2.3579513805632927e-05
1771417168829,0.00036786345598539415,-0.00035517041883279335,9.579924757353885e-05
1771417168832,5.743453021391664e-05,8.909689509039815e-06,5.6739251790500464e-05
1771417168835,0.0006178717560162366,0.00042676513570678865,-0.0004468075937445043
1771417168839,1.8854749459757763,-0.9688293750520743,1.6175244708932732
1771417168842,0.00013479832761727705,4.030100101451298e-05,-0.00012863288244318786
1771417168845,1.1104499483429778e-05,8.892642556619317e-06,-6.650625319298575e-06
1771417168848,0.00011334857476678268,-5.968116164345005e-05,-9.636419639341839e-05
1771417168852,0.0004013494113947121,0.00014349794525058497,-0.00037481954289463347
1771417168856,0.0006031345466224161,-0.00039850436875702393,-0.0004527312109972023
1771417168859,0.0003287873528685465,0.00028250087659798136,-0.00016820932830160818
1771417168863,0.0012169018514147192,-0.0011658778336903508,-0.0003486817931668734
1771417168866,0.4814658728435424,-0.4351796127403972,-0.20598080339709346
1771417168869,0.4814658728435424,-0.4351796127403972,-0.20598080339709346
1771417168871,0.0008553090339856341,0.0005150968760898841,-0.0006828094550164645
1771417168875,5.861914061383738e-05,-5.5066498380864346e-05,-2.009687543811484e-05
1771417168878,8.578939482843916e-05,-2.0123187089809936e-07,-8.578915881837261e-05
1771417168881,1.8108962259704215,-0.8794203037262284,1.5830240271796205
1771417168884,6.238772418409314e-05,-6.18706747456682e-05,-8.015468506969328e-06
1771417168888,1.8766085334105567,-0.9630181015948185,1.610669340265106
1771417168892,1.8844334016857938,-0.9866018025893573,1.6055236306316152
1771417168896,1.8844334016857938,-0.9866018025893573,1.6055236306316152
1771417168899,1.888349566699925,-0.976811359931258,1.6160766235438964
1771417168903,1.8854749459757763,-0.9688293750520743,1.6175244708932732
1771417168907,1.888349566699925,-0.976811359931258,1.6160766235438964
1771417168911,1.8817616719413577,-0.9763268132043768,1.6086680651413827
1771417168915,1.8902525240273762,-0.9922292936671614,1.6088926730458537
1771417168920,1.8902525240273762,-0.9922292936671614,1.6088926730458537
1771417168924,1.866348936908815,-0.965105223077854,1.5974449169497238
1771417168928,1.891921130805926,-0.9730615396848104,1.6225032527474945
1771417168932,1.9001389403297562,-0.952365569019192,1.6442408021650112
1771417168936,1.8883351259393548,-0.936868370488409,1.639538716906311
1771417168940,1.8880158352428125,-0.9828332471578092,1.6120305835835906
1771417168945,1.87079307515691,-0.9911751735733899,1.5866437865339555
1771417168949,1.876653093835523,-0.9574977358120376,1.6140089592431828
1771417168953,1.8902525240273762,-0.9922292936671614,1.6088926730458537
1771417168957,1.8727873648541922,-0.9667046543304877,1.6039995714629358
1771417168961,1.89336942547616,-0.9532490593020565,1.6358985336100977
1771417168965,1.8766085334105567,-0.9630181015948185,1.610669340265106
1771417168969,1.89336942547616,-0.9532490593020565,1.6358985336100977
1771417168972,1.8892036911794086,-0.9614119680541036,1.6262772255824767
1771417168976,1.876653093835523,-0.9574977358120376,1.6140089592431828
1771417168980,1.8892036911794086,-0.9614119680541036,1.6262772255824767
1771417168985,1.870511477084469,-0.9513805416833987,1.6104931700603156
1771417168989,1.8766085334105567,-0.9630181015948185,1.610669340265106
1771417168993,1.8929584945919984,-1.001810393165861,1.6061344272485003
1771417168997,1.8790303800967336,-0.9712258593781445,1.6085631785545944
1771417169001,1.872479184974091,-0.9264510502774653,1.627226705041746
1771417169005,1.8965957471448351,-0.9560093787374971,1.638023655462222
1771417169009,1.5181031904556404,-0.6362460457893507,1.378342579364437
1771417169013,0.2702433024213807,-8.240338067941051e-05,0.27024328985804014
1771417169016,1.2629447944746033,-0.4911047537449036,1.1635487418839212
1771417169020,1.2563782818560438,-0.4909603560510937,1.156479276038152
1771417169024,1.2779383863016975,-0.5020890439116297,1.1751736514946598
1771417169027,0.00016774901195521893,0.00013862015430722373,9.44678984194825e-05
1771417169030,0.0008774924109320407,-0.00074721986999974,0.0004600602103213197
1771417169033,7.518516952152669e-05,-6.373777323041591e-05,3.987864064394352e-05
1771417169037,1.2708467735331215,-0.5060614938562146,1.1657415177626476
1771417169041,1.2655621130556383,-0.4983128557127639,1.163327881481933
1771417169044,0.00014755800032741133,6.0683340467550706e-05,-0.00013450240016566113
1771417169048,1.2853770731055314,-0.4978300558602792,1.185056730940546
1771417169052,1.2853770731055314,-0.4978300558602792,1.185056730940546
1771417169056,0.0007320882272766044,-0.0006543007487010028,0.00032839564973718576
1771417169059,0.0003061203476325078,-0.00030592820070615505,1.0844503093361058e-05
1771417169063,7.941759396368262e-05,-7.328850621141135e-05,3.059328501943321e-05
1771417169065,0.0017654614500038947,0.0011428574489524134,-0.0013456340449111103
1771417169069,0.10552877607247879,-0.09001489651643686,0.05507849838630804
1771417169072,0.0002683001486439268,0.00013432060737286126,-0.00023225620378654875
1771417169075,0.0016363894118556432,-0.0011748877554493217,0.0011390386601553577
1771417169078,0.0002986745293199825,-0.00029267835643083883,-5.954707500336145e-05
1771417169082,1.2945248418988904,-0.5015016076985187,1.193436510154247
1771417169085,0.001027778123854077,-0.0008687406546785183,0.000549197183880021
1771417169088,0.00035726408592067567,-0.0002158872500948064,0.0002846582553435583
1771417169092,0.0007191281371441795,-0.0005839732153953599,0.0004196672030707932
1771417169095,0.0003814197035729783,-0.000266145191359762,0.00027321736289953147
1771417169098,0.00041660762041670124,-0.0002894921398424472,0.0002995934084033012
1771417169101,0.000556248448695997,-0.00038259112765046913,0.00040377761914183114
1771417169104,0.00012213059951536514,-0.00012034644292367067,-2.0799447435020636e-05
1771417169108,0.00021066131323377364,-0.0001945116944714764,8.089122082904369e-05
1771417169111,2.276410596058117e-05,-1.0854799670649417e-05,-2.0009443877695265e-05
1771417169115,0.00012483087330087954,-0.00011628444315944677,4.539466056881179e-05
1771417169118,0.00020220228515933355,-0.0001997103160163322,-3.164733480584374e-05
1771417169121,0.0001881649974252015,-0.0001344057634922569,-0.00013168582686109238
1771417169125,1.6857983351152077,-0.773015573960071,1.4981198046526145
1771417169128,0.2703396828029604,-0.00017406122707037995,0.2703396267673211
1771417169132,1.8916036978807333,-1.013921439282144,1.5969119777871572
1771417169137,1.9005869930970767,-1.062323057720479,1.575976090987804
1771417169141,1.8937827673551444,-1.0300424040112288,1.589158839093839
1771417169145,1.8937827673551444,-1.0300424040112288,1.589158839093839
1771417169149,1.8918009642579605,-1.0501967094601523,1.5735303491850474
1771417169154,1.8916036978807333,-1.013921439282144,1.5969119777871572
1771417169159,1.8981010581598912,-1.0543021392123435,1.5783645416189425
1771417169163,1.8976789637864284,-1.0208177203987046,1.5997239234685232
1771417169167,1.8807313304884488,-1.0274909106499632,1.575250064596907
1771417169172,1.8981010581598912,-1.0543021392123435,1.5783645416189425
1771417169176,1.8976789637864284,-1.0208177203987046,1.5997239234685232
1771417169180,1.8823569801924636,-1.0084561949288637,1.5894287979613584
1771417169184,1.90759139966664,-1.0200799480855125,1.6119372964219139
1771417169188,1.8955839435115247,-1.0475767688032782,1.579816888238123
1771417169192,1.8922055767375163,-1.0827258334451477,1.5518204516718637
1771417169196,1.895084665226515,-1.0142096799119724,1.6008512153068901
1771417169200,1.8807313304884488,-1.0274909106499632,1.575250064596907
1771417169205,1.9024816739097867,-1.0435549248196418,1.5907324220142292
1771417169210,1.8981010581598912,-1.0543021392123435,1.5783645416189425
1771417169214,1.887729613328551,-1.022907306584905,1.5865634986261268
1771417169218,1.8998788734243903,-1.0377977236101203,1.5913879535028481
1771417169223,1.9064424691288802,-1.033525304411257,1.6019826257609164
1771417169227,1.8918009642579605,-1.0501967094601523,1.5735303491850474
1771417169231,1.9024816739097867,-1.0435549248196418,1.5907324220142292
1771417169236,1.9064424691288802,-1.033525304411257,1.6019826257609164
1771417169240,1.887941479775254,-1.0587001863630061,1.5631624824217452
1771417169244,1.8955839435115247,-1.0475767688032782,1.579816888238123
1771417169248,1.9005869930970767,-1.062323057720479,1.575976090987804
1771417169252,1.908859388135418,-1.0426482024899086,1.5989461809320804
1771417169256,1.8999353783940789,-1.0320497058804579,1.5951889689518017
1771417169260,1.880042716337387,-1.035586038941301,1.5691150917645038
1771417169264,1.8998788734243903,-1.0377977236101203,1.5913879535028481
1771417169268,1.895084665226515,-1.0142096799119724,1.6008512153068901
1771417169272,1.8823569801924636,-1.0084561949288637,1.5894287979613584
1771417169277,1.917523469131404,-1.0604339727115717,1.5976157373376392
1771417169281,1.903137393566532,-0.9963574649771084,1.621481958202312
1771417169285,1.8839371282203619,-1.0265424546398942,1.579692910634559
1771417169289,1.8998788734243903,-1.0377977236101203,1.5913879535028481
1771417169294,1.895737084875576,-1.00171944068504,1.6094648977614259
1771417169298,1.8999353783940789,-1.0320497058804579,1.5951889689518017
1771417169303,1.9037381234508783,-1.0289564619167268,1.6017076643882562
1771417169306,1.8769580980548295,-1.0349552211863047,1.5658350462270316
1771417169311,1.8998788734243903,-1.0377977236101203,1.5913879535028481
1771417169314,1.8960845908092383,-1.0406773151428677,1.5849692429985098
1771417169319,1.8916036978807333,-1.013921439282144,1.5969119777871572
1771417169323,1.908859388135418,-1.0426482024899086,1.5989461809320804
1771417169327,1.8912634187386301,-1.022596742677696,1.5909661281510354
1771417169331,1.9037818103723523,-1.0233672010639165,1.6053363365012443
1771417169335,1.9166632409258433,-1.0279703238502136,1.6176757995345186
1771417169339,1.8849244937938114,-1.019104417923801,1.58567541844857
1771417169343,1.9015645785259747,-1.0116151100006812,1.6101499046743992
1771417169347,1.9037818103723523,-1.0233672010639165,1.6053363365012443
1771417169352,1.9024816739097867,-1.0435549248196418,1.5907324220142292
1771417169356,1.863669756988902,-0.9926028719753407,1.5773409592289735
1771417169360,1.8886979823172692,-1.0114801269394407,1.5950197557447043
1771417169368,1.8960845908092383,-1.0406773151428677,1.5849692429985098
1771417169385,1.8998788734243903,-1.0377977236101203,1.5913879535028481
1771417169390,1.8993715923999288,-1.0809459395185348,1.5617836988053864
1771417169396,1.8862246996644336,-0.9994691992561449,1.5996577563224152
1771417169400,1.8839371282203619,-1.0265424546398942,1.579692910634559
1771417169404,0.27041780676087823,-0.00023749717623472314,0.2704177024687085
1771417169408,1.9037381234508783,-1.0289564619167268,1.6017076643882562
1771417169412,1.878047954609908,-1.0184533193075924,1.5779153830943553
1771417169416,1.9118869481923935,-1.004871102757904,1.6265133782144363
1771417169420,1.8912634187386301,-1.022596742677696,1.5909661281510354
1771417169424,1.8999353783940789,-1.0320497058804579,1.5951889689518017
1771417169428,1.887941479775254,-1.0587001863630061,1.5631624824217452
1771417169431,0.45914943632045835,-0.08678442014335251,0.4508732297373362
1771417169435,1.8960845908092383,-1.0406773151428677,1.5849692429985098
1771417169439,1.8960845908092383,-1.0406773151428677,1.5849692429985098
1771417169443,1.8937827673551444,-1.0300424040112288,1.589158839093839
1771417169447,1.887941479775254,-1.0587001863630061,1.5631624824217452
1771417169451,1.9015645785259747,-1.0116151100006812,1.6101499046743992
1771417169455,1.9153546191645563,-1.04424557801953,1.6056570274942465
1771417169459,1.90759139966664,-1.0200799480855125,1.6119372964219139
1771417169463,1.8960845908092383,-1.0406773151428677,1.5849692429985098
1771417169467,1.887941479775254,-1.0587001863630061,1.5631624824217452
1771417169471,1.8799267502888557,-0.9987805965928649,1.5926587538833354
1771417169475,0.2713638653436893,-0.000789288777156207,0.2713627174788279
1771417169477,0.44896788353752415,-0.086950189450193,0.4404677343492249
1771417169481,1.8976789637864284,-1.0208177203987046,1.5997239234685232
1771417169486,1.8976789637864284,-1.0208177203987046,1.5997239234685232
1771417169490,1.8807313304884488,-1.0274909106499632,1.575250064596907
1771417169494,1.9005869930970767,-1.062323057720479,1.575976090987804
1771417169498,1.8960845908092383,-1.0406773151428677,1.5849692429985098
1771417169502,1.887729613328551,-1.022907306584905,1.5865634986261268
1771417169507,1.9005869930970767,-1.062323057720479,1.575976090987804
1771417169512,1.9093869908675414,-1.0360053040197044,1.6038864333041927
1771417169516,1.8960845908092383,-1.0406773151428677,1.5849692429985098
1771417169520,1.9169693848493978,-1.1053443483290875,1.5662009749922976
1771417169524,1.8916036978807333,-1.013921439282144,1.5969119777871572
1771417169529,1.887729613328551,-1.022907306584905,1.5865634986261268
1771417169533,1.8960845908092383,-1.0406773151428677,1.5849692429985098
1771417169536,1.9114813758434703,-1.053146847898211,1.595193645598712
1771417169541,1.8839371282203619,-1.0265424546398942,1.579692910634559
1771417169545,1.8937827673551444,-1.0300424040112288,1.589158839093839
1771417169549,1.895084665226515,-1.0142096799119724,1.6008512153068901
1771417169552,1.9118869481923935,-1.004871102757904,1.6265133782144363
1771417169556,1.9143344355212282,-1.0565957935257968,1.5963338185122717
1771417169560,1.8989016140004331,-1.0057769997402053,1.6106644487437602
1771417169565,1.9093869908675414,-1.0360053040197044,1.6038864333041927
1771417169569,1.908859388135418,-1.0426482024899086,1.5989461809320804
1771417169573,1.889441511430986,-1.040317015640535,1.5772538578451407
1771417169577,1.904939776648543,-1.0520309028814923,1.5880889559593798
1771417169581,1.9015645785259747,-1.0116151100006812,1.6101499046743992
1771417169585,1.8855237015714084,-1.049586824536053,1.5663866466961056
1771417169589,1.889441511430986,-1.040317015640535,1.5772538578451407
1771417169593,1.8937827673551444,-1.0300424040112288,1.589158839093839
1771417169597,1.9093869908675414,-1.0360053040197044,1.6038864333041927
1771417169601,1.908859388135418,-1.0426482024899086,1.5989461809320804
1771417169606,1.887729613328551,-1.022907306584905,1.5865634986261268
1771417169610,1.9114813758434703,-1.053146847898211,1.595193645598712
1771417169614,1.8937827673551444,-1.0300424040112288,1.589158839093839
1771417169619,1.8916036978807333,-1.013921439282144,1.5969119777871572
1771417169623,1.8998788734243903,-1.0377977236101203,1.5913879535028481
1771417169627,1.9005869930970767,-1.062323057720479,1.575976090987804
1771417169631,1.8756191947558964,-1.0087912762312463,1.5812297507751651
1771417169635,1.8981010581598912,-1.0543021392123435,1.5783645416189425
1771417169640,1.8998788734243903,-1.0377977236101203,1.5913879535028481
1771417169644,1.889441511430986,-1.040317015640535,1.5772538578451407
1771417169648,1.8912634187386301,-1.022596742677696,1.5909661281510354
1771417169652,1.8998788734243903,-1.0377977236101203,1.5913879535028481
1771417169656,1.887729613328551,-1.022907306584905,1.5865634986261268
1771417169660,1.8998788734243903,-1.0377977236101203,1.5913879535028481
1771417169666,1.9093869908675414,-1.0360053040197044,1.6038864333041927
1771417169669,1.8886979823172692,-1.0114801269394407,1.5950197557447043
1771417169674,1.9064424691288802,-1.033525304411257,1.6019826257609164
1771417169678,1.887729613328551,-1.022907306584905,1.5865634986261268
1771417169682,1.9075893529150685,-0.9751537163344518,1.6395036959013045
1771417169686,1.90759139966664,-1.0200799480855125,1.6119372964219139
1771417169690,1.9114813758434703,-1.053146847898211,1.595193645598712
1771417169694,1.9064424691288802,-1.033525304411257,1.6019826257609164
1771417169698,1.9075991738392601,-1.0620645042426662,1.5845988756969405
1771417169702,1.895737084875576,-1.00171944068504,1.6094648977614259
1771417169706,1.8976789637864284,-1.0208177203987046,1.5997239234685232
1771417169710,1.8912634187386301,-1.022596742677696,1.5909661281510354
1771417169714,1.8937827673551444,-1.0300424040112288,1.589158839093839
1771417169718,1.877050589817704,-0.995556201752942,1.5912846275529233
1771417169722,1.8823569801924636,-1.0084561949288637,1.5894287979613584
1771417169726,1.8769580980548295,-1.0349552211863047,1.5658350462270316
1771417169730,1.8999353783940789,-1.0320497058804579,1.5951889689518017
1771417169734,1.9015645785259747,-1.0116151100006812,1.6101499046743992
1771417169738,1.8912634187386301,-1.022596742677696,1.5909661281510354
1771417169742,1.9015645785259747,-1.0116151100006812,1.6101499046743992
1771417169746,1.9037381234508783,-1.0289564619167268,1.6017076643882562
1771417169750,1.9058586589936937,-1.0837997765014105,1.5676974429132469
1771417169753,0.0002918663368156273,0.00019271592282489022,-0.00021919519076823779
1771417169757,1.9170869441215697,-1.0658978400279702,1.5934503901738157
1771417169761,1.90912257943724,-1.0877282055085447,1.5689475371274406
1771417169764,0.0006440996919977282,-0.00047249634680145624,0.0004377346404967812
1771417169767,0.0007757919386307106,-0.0007174357221313757,-0.00029519335469184845
1771417169770,0.0003683937510601843,-0.0003412917160952817,-0.00013868641009461133
1771417169773,0.0004872161455115144,0.0004589372971836121,0.0001635730103070127
1771417169777,1.9130983007264064,-1.0767263297907241,1.5813303004045867
1771417169780,4.703682700117753e-05,3.4185170863202044e-05,-3.230846928271882e-05
1771417169783,0.0007110726375186176,-0.0004998817240514217,0.0005057099542099816
1771417169786,0.4368856870031287,-0.07533768394913082,0.43034095422743185
1771417169788,0.0029346791115433114,-0.0019897289320062518,0.0021571555958868386
1771417169791,0.438491998974649,-0.07857758171849871,0.4313940157397368
1771417169794,0.4379704724922394,-0.07841506908134747,0.43089350391488024
1771417169797,0.00046005861165814596,-0.00025127919423462337,0.0003853734457712664
1771417169800,0.0003092475579473572,0.0001332905709770985,-0.00027904780197128077
1771417169803,0.00020265845606570444,-0.00014222330481009247,0.0001443709852561469
1771417169807,0.2703060524641719,-0.00017654568992501633,0.2703059948102946
1771417169810,0.6065789685172799,-0.15683947133052506,0.5859517260664471
1771417169813,0.5681864301604536,-0.13388563542502993,0.5521869756208634
1771417169817,0.00116152878815487,-0.0006601773766909437,0.0009556751315263908
1771417169820,0.0033387953586066985,-0.002269903142754747,0.002448488139478269
1771417169823,0.5766202526919201,-0.134843689680647,0.5606318713450058
1771417169827,0.5681864301604536,-0.13388563542502993,0.5521869756208634
1771417169831,0.5710037679444868,-0.135137606344285,0.554782056629753
1771417169834,0.5766202526919201,-0.134843689680647,0.5606318713450058
1771417169838,0.5766202526919201,-0.134843689680647,0.5606318713450058
1771417169841,1.4751729825510009e-05,1.0575898294069317e-05,-1.0284158114223217e-05
1771417169845,3.085970533524589e-05,2.2774213426724382e-05,-2.0824423549577805e-05
1771417169849,7.039510222896965e-05,3.970874589799225e-05,-5.812646485926846e-05
1771417169852,3.18160881919569e-05,-3.1655853351052115e-05,3.189109037813195e-06
1771417169856,0.26676091020625986,-0.0019289527364167748,0.2667539359698614
1771417169859,0.001225406714002183,-0.0002833230185353156,0.0011922037082183836
1771417169863,0.5642284299201127,-0.13146298935918044,0.5486995567328842
1771417169866,0.5710037679444868,-0.135137606344285,0.554782056629753
1771417169870,0.26956361209677526,-0.0003402013330195296,0.269563397422042
1771417169874,0.5737944322553279,-0.13496495252229715,0.5576957163883081
1771417169877,0.00023500959794032009,-0.00014906623516614486,0.000181683154578135
1771417169881,0.5766202526919201,-0.134843689680647,0.5606318713450058
1771417169885,0.26999682137667624,-4.76495890973318e-06,0.26999682133462977
1771417169888,0.2710708075301231,-0.0007196220575207487,0.27106985232431763
1771417169892,0.00014525761495871108,0.00014406534473191058,-1.8572860597359012e-05
1771417169896,0.2704833163167988,-0.000624932989429075,0.27048259438361677
1771417169899,0.00038703108161440043,0.0002720950986354851,-0.0002752404683802117
1771417169902,0.00021864340960943765,-0.00018385370546727947,0.0001183332394198316
1771417169905,0.00044218296893893826,0.00026647594831139595,-0.0003528687390393151
1771417169909,0.27021111116576363,-0.00020065367231500572,0.27021103666493795
1771417169912,0.27023304570899326,-0.0001620340367988982,0.27023299713049437
1771417169915,0.27021111116576363,-0.00020065367231500572,0.27021103666493795
1771417169919,0.27020430670683576,-0.00021826371120155854,0.27020421855306803
1771417169923,0.27003793059741193,-5.194484221552965e-05,0.27003792560132367
1771417169927,0.2700571350242477,-4.6794430158035046e-05,0.27005713097007095
1771417169930,0.00017922313611639344,0.0001251859854877011,-0.00012825522038836616
1771417169934,0.27003793059741193,-5.194484221552965e-05,0.27003792560132367
1771417169938,0.2700321802566135,-5.4357550492340726e-05,0.2700321747855187
1771417169942,0.27004359315566273,-4.996240886400548e-05,0.270043588533738
1771417169946,0.27003793059741193,-5.194484221552965e-05,0.27003792560132367
1771417169950,0.27004359315566273,-4.996240886400548e-05,0.270043588533738
1771417169954,0.27007266411272446,-4.5605580437763535e-05,0.27007266026215154
1771417169958,0.2700571350242477,-4.6794430158035046e-05,0.27005713097007095
1771417169961,9.861909552620423e-05,-2.1883640165950977e-05,9.616045078666058e-05
1771417169965,0.2701347174015186,-1.768481185332845e-05,0.270134716822636
1771417169969,0.27006426903083486,-4.5950825680813156e-05,0.2700642651216202
1771417169972,0.2700321802566135,-5.4357550492340726e-05,0.2700321747855187
1771417169976,0.27004974084181455,-4.825724057909727e-05,0.27004973653008796
1771417169980,0.27003793059741193,-5.194484221552965e-05,0.27003792560132367
1771417169984,0.27004974084181455,-4.825724057909727e-05,0.27004973653008796
1771417169987,0.2701347174015186,-1.768481185332845e-05,0.270134716822636
1771417169991,0.27004359315566273,-4.996240886400548e-05,0.270043588533738
1771417169995,0.27004359315566273,-4.996240886400548e-05,0.270043588533738
1771417169998,0.00012726192582383292,-0.00011986381379796866,4.2758202794278535e-05
1771417170001,0.0005278701520282471,9.070612508448034e-06,0.0005277922142198066
1771417170006,0.27002742915814376,-5.661401526509786e-05,0.2700274232232897
1771417170010,0.270022999901648,-5.8865561029701015e-05,0.27002299348524217
1771417170014,0.27003793059741193,-5.194484221552965e-05,0.27003792560132367
1771417170018,0.2700571350242477,-4.6794430158035046e-05,0.27005713097007095
1771417170022,0.27004974084181455,-4.825724057909727e-05,0.27004973653008796
1771417170026,0.27004359315566273,-4.996240886400548e-05,0.270043588533738
1771417170030,0.2700571350242477,-4.6794430158035046e-05,0.27005713097007095
1771417170034,0.27004359315566273,-4.996240886400548e-05,0.270043588533738
1771417170038,0.2700321802566135,-5.4357550492340726e-05,0.2700321747855187
1771417170041,0.00037505644638939016,-0.0001658972242978413,0.0003363709989706444
1771417170045,0.27004974084181455,-4.825724057909727e-05,0.27004973653008796
1771417170048,0.0006001158974644874,-0.0004990527127394183,0.00033329488489479517
1771417170051,4.091567245420293e-05,-1.685471982454788e-05,3.728284688721628e-05
1771417170055,4.5055746856929384e-05,-2.1327650751547742e-05,3.9688180082433954e-05
1771417170058,0.0011171835994971376,-0.0006269326360587063,0.0009246916593275094
1771417170062,0.27004359315566273,-4.996240886400548e-05,0.270043588533738
1771417170065,0.2689000916236983,-0.00020690528963258133,0.2689000120220051
1771417170068,0.27134267848034593,-0.0007994592691226445,0.27134150075092717
1771417170071,0.26988995933955473,-1.2981739381514202e-05,0.26988995902734314
1771417170075,0.2713514011684578,-0.0007956441404558174,0.2713502346903114
1771417170078,0.26970809408162466,-6.029148510433421e-05,0.2697080873427405
1771417170081,0.27134267848034593,-0.0007994592691226445,0.27134150075092717
1771417170084,0.2713493065586551,-0.0007966023507434057,0.27134813726015844
1771417170087,0.2713620377387099,-0.000790341763568085,0.2713608868013255
1771417170090,0.2713557633166167,-0.0007935605879072147,0.2713546029584481
1771417170093,0.2675311197280412,0.00416835804278824,0.2674986445090267
1771417170096,0.07316922917806772,0.002058815664617621,0.07314025824791515
1771417170098,0.000534668375477721,-7.549817180124805e-05,0.0005293111540395257
1771417170102,0.27147190300419793,-0.0008207121922270117,0.2714706624153302
1771417170105,2.9003877684875756e-05,2.855870222785397e-05,5.062158415142942e-06
1771417170107,0.0005762399711534153,-0.00040728830532349674,0.00040763800203318015
1771417170111,0.00029572009891093003,1.6443229370382312e-05,-0.0002952625900918761
1771417170114,0.0003860821717885983,-1.2787804350973086e-05,0.0003858703349998312
1771417170118,0.271507343933507,-0.000784468763370435,0.27150621064459457
1771417170121,0.00014430371483923964,7.520509803050278e-05,-0.00012315744129620047
1771417170124,2.2941199092619977e-05,2.06339483807396e-05,1.0026903312000234e-05
1771417170127,0.271507343933507,-0.000784468763370435,0.27150621064459457
1771417170131,0.271507343933507,-0.000784468763370435,0.27150621064459457
1771417170135,0.27155741086307683,-0.0007114711358010939,0.27155647884644707
1771417170139,0.27137779312386434,-0.0008937837216060249,0.27137632127994865
1771417170143,0.27137779312386434,-0.0008937837216060249,0.27137632127994865
1771417170145,0.000738998093130498,-0.0003191243473395789,0.0006665416960592938
1771417170149,0.0005714659678742717,-0.00013384449069897433,0.0005555708818395815
1771417170152,1.6826369858977146,-0.7367946477336452,1.5127461364624268
1771417170155,0.0006063779269824488,0.00010208831555671847,-0.0005977224825605307
1771417170159,1.6924890019681378,-0.7369581152955346,1.5236179829875849
1771417170162,1.7000915916904746,-0.7233191599792874,1.5385450311718243
1771417170166,1.9058817253119997,-0.9622517747030188,1.6451312023541271
1771417170170,1.9144202381957178,-0.9374555910641403,1.6691859881978197
1771417170173,1.9144202381957178,-0.9374555910641403,1.6691859881978197
1771417170177,0.00020389779792275803,-0.00019896976851482644,-4.455719038389031e-05
1771417170179,3.457880836281518e-05,-3.1992984550094976e-05,-1.312032497195406e-05
1771417170183,1.9015799839422272,-0.9771130343583049,1.6313358187132492
1771417170187,1.9228959890544124,-0.9073437815909267,1.6953631607209778
1771417170191,1.809451663933814,-0.8185496319794743,1.6137198716317265
1771417170194,0.12195237067670842,-0.00039827018178901705,0.12195172034264866
1771417170197,0.26855292089687466,-0.00013493282228802593,0.2685528869987744
1771417170200,0.27094998606680226,-0.00022345343528417467,0.27094989392535773
1771417170204,0.2709443426631023,9.937302951373519e-05,0.2709443244398037
1771417170207,0.0004777426797306787,0.00030848405599938583,-0.0003647953607578058
1771417170210,1.6549715540376022,-0.714876447716671,1.4926092955538062
1771417170213,0.0001887986150447434,-0.00016915450557469862,8.38550552238353e-05
1771417170215,0.4185318045217335,-0.061198287719239214,0.414033381476001
1771417170218,0.00043973452104627476,0.00016838010438617373,-0.00040621987820230795
1771417170222,0.2700214841482102,-0.0001670010579778735,0.2700214325053638
1771417170226,0.2700214841482102,-0.0001670010579778735,0.2700214325053638
1771417170228,0.0002629275509091297,0.00020729856878602096,-0.00016173496964583863
1771417170232,0.27008906305884567,-4.624355710742784e-05,0.27008905910002823
1771417170236,0.27003482928408834,-0.0001649741798354429,0.27003477888969546
1771417170239,0.00018392330347187044,4.11382267203341e-05,0.00017926357092926644
1771417170242,0.0001159131500677586,-6.959828674163949e-05,9.26927011218211e-05
1771417170245,0.0004884448518554001,0.00021891827010570882,-0.00043663848240617505
1771417170249,0.2700214841482102,-0.0001670010579778735,0.2700214325053638
1771417170252,0.2700095128512419,-0.00016879049681209818,0.27000946009340704
1771417170255,0.2700214841482102,-0.0001670010579778735,0.2700214325053638
1771417170259,0.0021451498542294904,-0.0009324771434405139,0.001931878431491439
1771417170262,0.2700095128512419,-0.00016879049681209818,0.27000946009340704
1771417170266,0.27003482928408834,-0.0001649741798354429,0.27003477888969546
1771417170269,0.2700214841482102,-0.0001670010579778735,0.2700214325053638
1771417170273,0.2700214841482102,-0.0001670010579778735,0.2700214325053638
1771417170277,0.2700214841482102,-0.0001670010579778735,0.2700214325053638
1771417170280,0.2700214841482102,-0.0001670010579778735,0.2700214325053638
1771417170284,0.2700095128512419,-0.00016879049681209818,0.27000946009340704
1771417170287,0.2699975761049772,-0.00017051277681600721,0.2699975222626236
1771417170291,0.00011571509534739067,0.00010257759998586152,5.355202398039029e-05
1771417170294,0.0001989857554779076,-3.0336701801283227e-05,-0.0001966596435645444
1771417170297,0.0006693168118425589,0.00042668699387700946,-0.0005156774223012757
1771417170301,0.2699843458326149,-0.00017231053476903538,0.2699842908462354
1771417170304,0.27008906305884567,-4.624355710742784e-05,0.27008905910002823
1771417170309,1.870353635393964,-0.8732194272366375,1.6539983534840461
1771417170313,1.8623949669624351,-0.8910844092720103,1.6353848441634045
1771417170316,1.8646843183668045,-0.9462160538740686,1.606774030955834
1771417170321,1.8661769898078158,-0.8825167128113767,1.6443177335590475
1771417170324,1.8732386963360257,-0.9215518746617055,1.6308787066358397
1771417170329,1.853272945293481,-0.927786361614966,1.604317012612544
1771417170332,1.8771658608620196,-0.9111649642079095,1.641197756879361
1771417170336,1.8741971482986783,-0.9090576022071021,1.6389720029824706
1771417170340,1.8714287553769013,-0.940623959913328,1.617860362481419
1771417170345,1.864382865838984,-0.9101820510111381,1.6271115832822103
1771417170349,1.8542089888352096,-0.9125159421675754,1.6141268938863862
1771417170352,1.8725715349277947,-0.8944058510390444,1.6451633131847305
1771417170357,1.8566513095371853,-0.8800481437938417,1.6348300675639527
1771417170361,1.864382865838984,-0.9101820510111381,1.6271115832822103
1771417170365,1.864382865838984,-0.9101820510111381,1.6271115832822103
1771417170369,1.8658137581219933,-0.8917975461749388,1.6388892935868713
1771417170373,1.879829952895256,-0.9174701456296164,1.6407343428113375
1771417170377,1.8635349995485293,-0.8764756748149981,1.6445525488715558
1771417170381,1.8741971482986783,-0.9090576022071021,1.6389720029824706
1771417170385,1.852868267033199,-0.8885711604182354,1.6259034743340703
1771417170388,1.8684913373272034,-0.8985353840278272,1.638259454822943
1771417170393,1.8871842542019888,-0.9078309601226306,1.6544809932878466
1771417170397,1.8517519945005045,-0.9030292853656732,1.6166395884391047
1771417170400,1.8673944454586515,-0.9120109367561353,1.6295392189717377
1771417170404,1.8713453535873106,-0.9014455701969498,1.6399174724250951
1771417170408,1.8629976482759145,-0.9236979211625297,1.617882068607477
1771417170412,1.8572414986053465,-0.9171341138318486,1.614995666058489
1771417170415,1.8725715349277947,-0.8944058510390444,1.6451633131847305
1771417170420,1.859755457222749,-0.8850296404541467,1.6356689445567523
1771417170424,1.6569985769606883,-0.690141033760859,1.5064360715175533
1771417170427,1.8741971482986783,-0.9090576022071021,1.6389720029824706
1771417170431,0.27958551273691656,-0.0030956192579123533,0.2795683745951508
1771417170435,0.2700549858048672,-8.871043670654566e-06,0.27005498565916464
1771417170439,0.26998830028280235,-0.00017357293746947074,0.26998824448859254
1771417170443,1.8613717124702895,-0.9087033579228858,1.6244884915825812
1771417170446,0.2699072497652396,-1.3379964165420946e-05,0.2699072494336008
1771417170450,1.870353635393964,-0.8732194272366375,1.6539983534840461
1771417170454,1.8623949669624351,-0.8910844092720103,1.6353848441634045
1771417170458,1.864382865838984,-0.9101820510111381,1.6271115832822103
1771417170462,1.8871842542019888,-0.9078309601226306,1.6544809932878466
1771417170466,1.8658137581219933,-0.8917975461749388,1.6388892935868713
1771417170470,1.8810831481067158,-0.9007903779161236,1.6513783652285141
1771417170474,1.8623949669624351,-0.8910844092720103,1.6353848441634045
1771417170478,1.8684913373272034,-0.8985353840278272,1.638259454822943
1771417170482,1.8713453535873106,-0.9014455701969498,1.6399174724250951
1771417170486,1.8601068570496662,-0.9203937263550611,1.6164383403425668
1771417170490,1.8732386963360257,-0.9215518746617055,1.6308787066358397
1771417170494,1.8623949669624351,-0.8910844092720103,1.6353848441634045
1771417170498,1.8732386963360257,-0.9215518746617055,1.6308787066358397
1771417170502,1.8656330112178425,-0.9357506470561741,1.613987998431124
1771417170505,0.27129220352940336,-0.0008112160255364553,0.27129099068048523
1771417170508,1.8725715349277947,-0.8944058510390444,1.6451633131847305
1771417170512,1.8673944454586515,-0.9120109367561353,1.6295392189717377
1771417170517,1.8559664287544182,-0.8935431623125768,1.6267120217628777
1771417170521,1.4466793832055784,-0.5602458459974853,1.3337937733527754
1771417170526,1.8787626091891747,-0.935277237000967,1.629418740420998
1771417170530,1.8661769898078158,-0.8825167128113767,1.6443177335590475
1771417170534,1.859755457222749,-0.8850296404541467,1.6356689445567523
1771417170537,0.2713611265441467,-0.0007913354907581318,0.2713599727068262
1771417170541,1.859755457222749,-0.8850296404541467,1.6356689445567523
1771417170545,1.873216973161901,-0.9615719057134574,1.6075824391565192
1771417170549,1.8722776328248985,-0.8898812819917054,1.647281044126109
1771417170553,1.8656330112178425,-0.9357506470561741,1.613987998431124
1771417170557,1.8818167218913788,-0.9363740129354909,1.6323105962680937
1771417170562,1.852868267033199,-0.8885711604182354,1.6259034743340703
1771417170566,1.8713453535873106,-0.9014455701969498,1.6399174724250951
1771417170570,1.864382865838984,-0.9101820510111381,1.6271115832822103
1771417170574,0.27003641197690076,-8.802030577382589e-06,0.2700364118334465
1771417170578,1.548547284342324,-0.6232183815896725,1.4176027443161698
1771417170582,1.8623949669624351,-0.8910844092720103,1.6353848441634045
1771417170586,1.8695316840181384,-0.8841225063289856,1.6472632185993377
1771417170590,1.8629976482759145,-0.9236979211625297,1.617882068607477
1771417170593,1.8542089888352096,-0.9125159421675754,1.6141268938863862
1771417170598,1.8847241754239394,-0.9434685640861686,1.6315796903641058
1771417170602,1.8481308679942254,-0.904706631517057,1.6115500662784725
1771417170607,1.8722776328248985,-0.8898812819917054,1.647281044126109
1771417170610,1.8771658608620196,-0.9111649642079095,1.641197756879361
1771417170615,1.8635349995485293,-0.8764756748149981,1.6445525488715558
1771417170619,1.8771658608620196,-0.9111649642079095,1.641197756879361
1771417170623,1.8673944454586515,-0.9120109367561353,1.6295392189717377
1771417170627,1.859755457222749,-0.8850296404541467,1.6356689445567523
1771417170631,1.8764764048352212,-0.8802576462096781,1.6571994974029873
1771417170635,1.8623949669624351,-0.8910844092720103,1.6353848441634045
1771417170639,1.868864511898213,-0.9330913976286851,1.6192575482312546
1771417170643,1.8781078281085177,-0.8988919937513451,1.6490246200624858
1771417170647,1.8613717124702895,-0.9087033579228858,1.6244884915825812
1771417170650,1.8713453535873106,-0.9014455701969498,1.6399174724250951
1771417170657,1.8613717124702895,-0.9087033579228858,1.6244884915825812
1771417170668,1.8457678156494415,-0.8949748563224367,1.6142734699665806
1771417170680,1.8572414986053465,-0.9171341138318486,1.614995666058489
1771417170689,1.868864511898213,-0.9330913976286851,1.6192575482312546
1771417170694,1.8517519945005045,-0.9030292853656732,1.6166395884391047
1771417170698,1.8741971482986783,-0.9090576022071021,1.6389720029824706
1771417170702,1.8623949669624351,-0.8910844092720103,1.6353848441634045
1771417170706,1.8613717124702895,-0.9087033579228858,1.6244884915825812
1771417170710,1.8656330112178425,-0.9357506470561741,1.613987998431124
1771417170714,1.8623949669624351,-0.8910844092720103,1.6353848441634045
1771417170718,1.8572414986053465,-0.9171341138318486,1.614995666058489
1771417170722,1.860757659469349,-0.8681672732540259,1.6458142826347446
1771417170727,1.8572414986053465,-0.9171341138318486,1.614995666058489
1771417170730,1.8656330112178425,-0.9357506470561741,1.613987998431124
1771417170734,1.8629976482759145,-0.9236979211625297,1.617882068607477
1771417170738,1.8725715349277947,-0.8944058510390444,1.6451633131847305
1771417170742,1.8684913373272034,-0.8985353840278272,1.638259454822943
1771417170746,1.8741971482986783,-0.9090576022071021,1.6389720029824706
1771417170750,1.864382865838984,-0.9101820510111381,1.6271115832822103
1771417170753,1.1309571068414008,-0.4100516666923173,1.0540026604131152
1771417170757,1.8646843183668045,-0.9462160538740686,1.606774030955834
1771417170761,1.8656330112178425,-0.9357506470561741,1.613987998431124
1771417170766,1.8623949669624351,-0.8910844092720103,1.6353848441634045
1771417170770,1.8824456868996111,-0.8875639792404302,1.660069862048535
1771417170774,1.8601068570496662,-0.9203937263550611,1.6164383403425668
1771417170778,1.8781078281085177,-0.8988919937513451,1.6490246200624858
1771417170781,1.8722776328248985,-0.8898812819917054,1.647281044126109
1771417170785,1.859755457222749,-0.8850296404541467,1.6356689445567523
1771417170790,1.8787626091891747,-0.935277237000967,1.629418740420998
1771417170794,1.8752850083823456,-0.8908877985294368,1.6501553845304835
1771417170798,1.8618420766225565,-0.942511579339988,1.6056549570478196
1771417170801,0.2701097054916828,-4.4806224546523056e-05,0.27010970177541915
1771417170805,0.2700373137573477,-4.098187572717197e-06,0.2700373137262499
1771417170810,1.8831905854618882,-0.9185572812018854,1.643976673290497
1771417170814,1.8649445822232384,-0.8586620194248189,1.6555113503570735
1771417170818,0.27008186988416527,2.758852634453956e-06,0.2700818698700746
1771417170822,0.2703188251380951,-0.000166781192928673,0.2703187736877957
1771417170826,1.8684913373272034,-0.8985353840278272,1.638259454822943
1771417170830,1.8695316840181384,-0.8841225063289856,1.6472632185993377
1771417170834,0.27002425988441997,-3.2102982071789547e-06,0.27002425986533646
1771417170838,1.8764764048352212,-0.8802576462096781,1.6571994974029873
1771417170843,1.8831905854618882,-0.9185572812018854,1.643976673290497
1771417170846,0.270401681077567,-0.00023239644091866492,0.27040158121111
1771417170850,1.8771658608620196,-0.9111649642079095,1.641197756879361
1771417170854,0.27025262399335864,-0.00011074145360420317,0.2702526013040876
1771417170858,1.8559664287544182,-0.8935431623125768,1.6267120217628777
1771417170862,0.2703680620339809,-0.000208321759152634,0.270367981776791
1771417170866,1.860757659469349,-0.8681672732540259,1.6458142826347446
1771417170869,0.27035999296757124,-0.00019933130328050593,0.27035991948596355
1771417170874,1.8741971482986783,-0.9090576022071021,1.6389720029824706
1771417170878,1.8517519945005045,-0.9030292853656732,1.6166395884391047
1771417170881,1.8646843183668045,-0.9462160538740686,1.606774030955834
1771417170886,1.8613717124702895,-0.9087033579228858,1.6244884915825812
1771417170890,1.8572414986053465,-0.9171341138318486,1.614995666058489
1771417170894,1.8673944454586515,-0.9120109367561353,1.6295392189717377
1771417170898,1.8713453535873106,-0.9014455701969498,1.6399174724250951
1771417170902,1.8745579597098863,-0.944680719456571,1.619118859935461
1771417170906,1.879829952895256,-0.9174701456296164,1.6407343428113375
1771417170910,1.853272945293481,-0.927786361614966,1.604317012612544
1771417170914,1.8673944454586515,-0.9120109367561353,1.6295392189717377
1771417170919,1.8566513095371853,-0.8800481437938417,1.6348300675639527
1771417170923,1.8542089888352096,-0.9125159421675754,1.6141268938863862
1771417170927,1.8741971482986783,-0.9090576022071021,1.6389720029824706
1771417170930,1.8656330112178425,-0.9357506470561741,1.613987998431124
1771417170934,1.8613717124702895,-0.9087033579228858,1.6244884915825812
1771417170938,1.8646843183668045,-0.9462160538740686,1.606774030955834
1771417170943,1.8586060859808804,-0.8996430115775148,1.6263637460804725
1771417170947,1.9021343064636447,-0.8792248827593742,1.6867360568158538
1771417170951,1.8752850083823456,-0.8908877985294368,1.6501553845304835
1771417170955,1.8684913373272034,-0.8985353840278272,1.638259454822943
1771417170959,1.8837966501791874,-0.9064584496982251,1.6513700064482877
1771417170963,1.8586060859808804,-0.8996430115775148,1.6263637460804725
1771417170967,1.8656330112178425,-0.9357506470561741,1.613987998431124
1771417170971,1.8787626091891747,-0.935277237000967,1.629418740420998
1771417170975,0.2713292474462923,-0.0008041860502413633,0.2713280556900961
1771417170979,1.8673944454586515,-0.9120109367561353,1.6295392189717377
1771417170983,1.864382865838984,-0.9101820510111381,1.6271115832822103
1771417170987,1.8601068570496662,-0.9203937263550611,1.6164383403425668
1771417170991,1.8673944454586515,-0.9120109367561353,1.6295392189717377
1771417170994,1.8613717124702895,-0.9087033579228858,1.6244884915825812
1771417170998,1.8732386963360257,-0.9215518746617055,1.6308787066358397
1771417171002,1.8590319103165744,-0.9341887006237981,1.6072619933296848
1771417171007,1.8732386963360257,-0.9215518746617055,1.6308787066358397
1771417171011,1.8673425719598717,-0.9522579286295485,1.6062917289259353
1771417171015,1.8572414986053465,-0.9171341138318486,1.614995666058489
1771417171019,1.864382865838984,-0.9101820510111381,1.6271115832822103
1771417171023,1.8818167218913788,-0.9363740129354909,1.6323105962680937
1771417171027,1.8586060859808804,-0.8996430115775148,1.6263637460804725
1771417171031,1.8887439039585168,-0.9320412792187348,1.6427576171099507
1771417171035,1.860757659469349,-0.8681672732540259,1.6458142826347446
1771417171040,1.8481308679942254,-0.904706631517057,1.6115500662784725
1771417171044,1.8658137581219933,-0.8917975461749388,1.6388892935868713
1771417171047,0.2713076850781059,-0.0008091482009980732,0.27130647847338535
1771417171051,1.8722776328248985,-0.8898812819917054,1.647281044126109
1771417171055,1.8658137581219933,-0.8917975461749388,1.6388892935868713
1771417171059,1.864382865838984,-0.9101820510111381,1.6271115832822103
1771417171063,1.8771658608620196,-0.9111649642079095,1.641197756879361
1771417171067,1.8661769898078158,-0.8825167128113767,1.6443177335590475
1771417171071,1.8741971482986783,-0.9090576022071021,1.6389720029824706
1771417171076,1.8818167218913788,-0.9363740129354909,1.6323105962680937
1771417171080,1.8739152509048076,-0.8721932351242984,1.6585648399073936
1771417171084,1.875854977155537,-0.9284548305904954,1.6299704055204116
1771417171088,1.8713453535873106,-0.9014455701969498,1.6399174724250951
1771417171091,1.8725715349277947,-0.8944058510390444,1.6451633131847305
1771417171094,1.8725715349277947,-0.8944058510390444,1.6451633131847305
1771417171098,1.8629976482759145,-0.9236979211625297,1.617882068607477
1771417171102,1.875854977155537,-0.9284548305904954,1.6299704055204116
1771417171107,1.8601068570496662,-0.9203937263550611,1.6164383403425668
1771417171111,1.8572414986053465,-0.9171341138318486,1.614995666058489
1771417171115,1.8771658608620196,-0.9111649642079095,1.641197756879361
1771417171119,1.8658137581219933,-0.8917975461749388,1.6388892935868713
1771417171123,1.8673944454586515,-0.9120109367561353,1.6295392189717377
1771417171127,1.875854977155537,-0.9284548305904954,1.6299704055204116
1771417171131,1.8543390326870108,-0.8702915241309968,1.6374266124539278
1771417171135,1.8629976482759145,-0.9236979211625297,1.617882068607477
1771417171139,1.8695316840181384,-0.8841225063289856,1.6472632185993377
1771417171143,1.8559664287544182,-0.8935431623125768,1.6267120217628777
1771417171147,1.8837966501791874,-0.9064584496982251,1.6513700064482877
1771417171152,0.27033119606447625,-0.000122834327126823,0.2703311681574627
1771417171156,1.8572414986053465,-0.9171341138318486,1.614995666058489
1771417171160,1.875854977155537,-0.9284548305904954,1.6299704055204116
1771417171164,1.8771658608620196,-0.9111649642079095,1.641197756879361
1771417171168,1.868864511898213,-0.9330913976286851,1.6192575482312546
1771417171173,1.9029401036846816,-1.0760947852365466,1.5694588403007508
1771417171177,1.907357703618506,-1.0648760044185568,1.582419825699372
1771417171182,1.9126843620064988,-1.0391019226499933,1.6058109051221736
1771417171185,1.9214423950539383,-1.055140213751675,1.605808209854055
1771417171189,7.730565335818794e-05,-7.004449464117455e-05,-3.2709827446790124e-05
1771417171192,0.2703780902288123,-0.00020211220724273573,0.2703780146876507
1771417171197,1.91620718462121,-1.0772077345067046,1.5847629069084364
1771417171201,1.8911871289173712,-1.0622121558883049,1.5647025571864608
1771417171205,1.9134120522733855,-1.109888580682883,1.558618946457018
1771417171209,1.8989837698125724,-1.0482892431938402,1.5834231969425152
1771417171213,1.9199473773177387,-1.0699750733011626,1.5941616210985117
1771417171217,0.27033599686984544,-0.00016717217015393482,0.27033594518132176
1771417171220,1.8948052744655166,-1.0566377746115367,1.5728329985749667
1771417171225,1.9049816198302543,-1.0554475982267773,1.5858705304306613
1771417171229,1.9058586589936937,-1.0837997765014105,1.5676974429132469
1771417171233,1.8969294561650096,-1.0725188081896908,1.5646228835556013
1771417171237,1.8998308398718258,-1.0755052926461883,1.5660924575573831
1771417171241,1.9011707801712938,-1.063539591489997,1.5758597249471211
1771417171245,1.9099634237356808,-1.072162989603906,1.5806412634534561
1771417171250,1.9130983007264064,-1.0767263297907241,1.5813303004045867
1771417171254,1.8934509344640846,-1.0762618662505377,1.5578243920538108
1771417171258,1.932859668028208,-1.073888998461657,1.6070808676831212
1771417171262,1.8969294561650096,-1.0725188081896908,1.5646228835556013
1771417171266,1.8994428443268931,-1.0428185891171518,1.5875807094621524
1771417171269,0.2703276845258805,-0.00023696527301133712,0.2703275806657237
1771417171273,1.903336018621126,-1.0336593573877455,1.5981978390253417
1771417171277,1.8969294561650096,-1.0725188081896908,1.5646228835556013
1771417171281,1.9079267117265089,-1.0582091413621613,1.587569762390644
1771417171285,1.8948052744655166,-1.0566377746115367,1.5728329985749667
1771417171289,1.9099634237356808,-1.072162989603906,1.5806412634534561
1771417171293,1.8888326573828809,-1.0484509849804737,1.5711267739076786
1771417171297,1.9231190819574406,-1.0697462354053575,1.59813328456199
1771417171301,1.92721373750079,-1.062365818079287,1.6079588485370175
1771417171305,1.8998308398718258,-1.0755052926461883,1.5660924575573831
1771417171309,1.9170869441215697,-1.0658978400279702,1.5934503901738157
1771417171313,1.8761455179196755,-1.0071170211339324,1.5829205002628535
1771417171316,0.0009520430970290554,0.0005824738924331582,-0.0007530672103035964
1771417171320,1.8965957471448351,-0.9560093787374971,1.638023655462222
1771417171322,2.5793069053073806e-06,-2.539381691412171e-06,4.520671820504112e-07
1771417171326,1.8965957471448351,-0.9560093787374971,1.638023655462222
1771417171330,1.892259305479355,-0.9669790691055385,1.6265290526409288
1771417171334,1.8800747681283703,-0.9974264310397866,1.593681790200346
1771417171337,0.9340949175522825,-0.8988484039747927,-0.2541748643532112
1771417171340,1.8965957471448351,-0.9560093787374971,1.638023655462222
1771417171343,2.2626001762615658e-05,-2.2131623301663967e-05,-4.703956398089943e-06
1771417171347,1.8965957471448351,-0.9560093787374971,1.638023655462222
1771417171350,0.00044827946542491106,0.000343678356538447,-0.00028781880822607153
1771417171354,1.8678310725293648,-1.0273975359246423,1.559886924966733
1771417171358,1.9049872810689437,-1.0564072060863312,1.5852382647297276
1771417171361,0.0010243475620771287,0.0005457686731315612,-0.0008668474394964618
1771417171364,0.00040959710690745163,-0.00040131825391457996,8.193563975406e-05
1771417171367,1.9007014105910816,-1.0659534820210317,1.5736610265206943
1771417171372,1.9007014105910816,-1.0659534820210317,1.5736610265206943
1771417171375,0.2704408050631777,-0.00025192555751650015,0.27044068772419055
1771417171380,1.8968336437252706,-1.06978448753205,1.5663776754677896
1771417171384,1.9036171221657572,-1.0295329996139388,1.60119328955269
1771417171388,1.920830584085555,-1.0584793836266082,1.6028760174124168
1771417171392,1.910051739136827,-1.070504675323671,1.5818714822291282
1771417171396,1.8963227139303127,-1.0417400370812238,1.584555941110959
1771417171400,1.9029401036846816,-1.0760947852365466,1.5694588403007508
1771417171404,0.27137009020079395,-0.000785898403125413,0.27136895220213936
1771417171408,1.9010949321003292,-1.0606724859266705,1.577699533642478
1771417171412,1.904926431913494,-1.052406097846881,1.5878243341810128
1771417171416,1.9055963872651487,-1.0054348688259767,1.6187644410805662
1771417171420,1.9169507381654902,-1.0294241707471488,1.6170918369822918
1771417171424,1.908754336309819,-1.0440795856683975,1.5978863962034486
1771417171428,1.910051739136827,-1.070504675323671,1.5818714822291282
1771417171432,1.8968336437252706,-1.06978448753205,1.5663776754677896
1771417171437,1.914695702317914,-1.0523222148728038,1.5995866930428893
1771417171441,1.8932223649594369,-1.0751188758541999,1.5583357552095778
1771417171444,0.2713064585508079,-0.0008078382608857596,0.2713052558442713
1771417171448,1.893286210520755,-1.0361695426598794,1.5845773423257248
1771417171452,1.8968336437252706,-1.06978448753205,1.5663776754677896
1771417171456,1.8939750538155495,-1.0284674682013022,1.5904075488148368
1771417171460,1.8920982457513305,-1.0505877131366732,1.573626775503492
1771417171464,1.9029401036846816,-1.0760947852365466,1.5694588403007508
1771417171467,0.27138131724660547,-0.0007790096028134144,0.2713801991570893
1771417171472,1.910051739136827,-1.070504675323671,1.5818714822291282
1771417171476,1.8890531238733006,-1.0451237748813067,1.5736066852912527
1771417171481,1.9010949321003292,-1.0606724859266705,1.577699533642478
1771417171484,1.8989017018522742,-1.0486503270933045,1.5830856466990562
1771417171489,1.9108220523830304,-1.0223758050510914,1.6143074766349284
1771417171493,1.892995073649738,-1.0779164734382982,1.5561254528965587
1771417171497,1.9029401036846816,-1.0760947852365466,1.5694588403007508
1771417171502,1.9108220523830304,-1.0223758050510914,1.6143074766349284
1771417171506,1.9014022242476745,-1.0143406545717448,1.6082423495409417
1771417171510,1.8920982457513305,-1.0505877131366732,1.573626775503492
1771417171514,1.9014022242476745,-1.0143406545717448,1.6082423495409417
1771417171518,1.8932223649594369,-1.0751188758541999,1.5583357552095778
1771417171522,1.9178314300843289,-1.0523741200508716,1.6033047451019582
1771417171527,1.910893895380641,-1.0603552230835935,1.5897050922364004
1771417171530,0.2701099917796412,-4.4175646172871256e-05,0.2701099881672466
1771417171534,1.8978540992321002,-1.0194195186264787,1.6008229218172276
1771417171538,1.8857513693557575,-1.0476111877901284,1.5679824700053477
1771417171541,8.814468296656263e-05,-8.581218575484558e-05,-2.0143334164226933e-05
1771417171544,1.8706124016162848,-0.9553632728152829,1.608251153904861
1771417171548,1.8824958770097457,-0.9280870583232007,1.637817187335534
1771417171552,1.866348936908815,-0.965105223077854,1.5974449169497238
1771417171555,5.086882185877713e-06,4.402512406287868e-06,2.5483827980665367e-06
1771417171558,0.00011292912318411326,-0.00011255569131836667,-9.176230978848795e-06
1771417171561,5.699790808554435e-05,-3.7194737419276246e-05,-4.3189269899354096e-05
1771417171564,1.878260739732579,-0.9378288336504663,1.6273722638642274
1771417171569,1.878260739732579,-0.9378288336504663,1.6273722638642274
1771417171573,1.8880158352428125,-0.9828332471578092,1.6120305835835906
1771417171577,1.8844334016857938,-0.9866018025893573,1.6055236306316152
1771417171580,0.3784066667814678,-0.047307932223262364,0.3754378310898091
1771417171584,1.8646100718413692,-0.9859657525957748,1.5826061590681755
1771417171588,0.2701257791842278,-5.2510643300070884e-05,0.270125774080369
1771417171592,1.8790303800967336,-0.9712258593781445,1.6085631785545944
1771417171596,1.3876139481150909,-0.5615624900218783,1.2689050550785816
1771417171600,1.8722898219505455,-0.9734088504588441,1.599357492003585
1771417171604,0.27009092309590704,-2.795899771365054e-05,0.2700909216487915
1771417171608,0.2700343282308762,-3.1609234001611513e-06,0.2700343282123759
1771417171612,0.2699947612877729,-9.880394047732456e-06,0.26999476110698756
1771417171616,0.2704456448196632,-0.0002581582364048116,0.2704455216050885
1771417171620,1.891921130805926,-0.9730615396848104,1.6225032527474945
1771417171623,0.2703761322468968,-0.0002098172193400478,0.27037605083573124
1771417171627,0.2704439352550606,-0.0002578732032568748,0.27044381231164166
1771417171631,1.8854749459757763,-0.9688293750520743,1.6175244708932732
1771417171634,0.27035462655046877,-0.00019308352608306354,0.27035455760167126
1771417171638,0.2699981693580682,-3.5168256251681674e-06,0.26999816933516424
1771417171642,0.2700582820420204,-7.509415401808951e-07,0.27005828204097637
1771417171645,0.27133908744853663,-0.0008003688964152364,0.2713379070219166
1771417171648,0.271324355147609,-0.0008045078672130317,0.27132316241588633
1771417171652,0.2700911156227469,-9.13281585465271e-06,0.27009111546833914
1771417171656,0.27134886482327225,-0.000796472243657051,0.2713476959047995
1771417171659,0.27128068763536023,-0.000811565578917834,0.27127947368945005
1771417171663,1.8929584945919984,-1.001810393165861,1.6061344272485003
1771417171667,1.8844334016857938,-0.9866018025893573,1.6055236306316152
1771417171671,1.8880158352428125,-0.9828332471578092,1.6120305835835906
1771417171675,1.882633872564153,-1.0056646475370126,1.5915240855293882
1771417171679,1.8805136071685757,-0.9482431332307282,1.62393546270378
1771417171683,1.892259305479355,-0.9669790691055385,1.6265290526409288
1771417171687,1.8829225227616464,-0.9617157074835532,1.6187958872886017
1771417171691,1.8969245904011849,-0.9914326757881123,1.6172149365648114
1771417171695,1.8817616719413577,-0.9763268132043768,1.6086680651413827
1771417171699,1.891921130805926,-0.9730615396848104,1.6225032527474945
1771417171702,0.2704342616754594,-0.0002527198259736416,0.27043414359255824
1771417171707,1.876653093835523,-0.9574977358120376,1.6140089592431828
1771417171711,1.8880158352428125,-0.9828332471578092,1.6120305835835906
1771417171715,1.8892036911794086,-0.9614119680541036,1.6262772255824767
1771417171718,0.27133649594409404,-0.0008014399794576861,0.2713353123446683
1771417171721,0.2713655011222815,-0.0007887488104318181,0.2713643548343463
1771417171725,1.8727873648541922,-0.9667046543304877,1.6039995714629358
1771417171730,1.888349566699925,-0.976811359931258,1.6160766235438964
1771417171733,1.8854749459757763,-0.9688293750520743,1.6175244708932732
1771417171737,1.8829225227616464,-0.9617157074835532,1.6187958872886017
1771417171742,1.8902525240273762,-0.9922292936671614,1.6088926730458537
1771417171746,1.868396511266403,-0.9827204944554744,1.5890770758807307
1771417171751,1.865770614463032,-0.9320904289351234,1.6162634123438224
1771417171755,1.8929584945919984,-1.001810393165861,1.6061344272485003
1771417171759,1.892259305479355,-0.9669790691055385,1.6265290526409288
1771417171763,1.866348936908815,-0.965105223077854,1.5974449169497238
1771417171767,1.8902525240273762,-0.9922292936671614,1.6088926730458537
1771417171771,1.8776485488868457,-0.984766493203585,1.5986866569157294
1771417171775,1.892259305479355,-0.9669790691055385,1.6265290526409288
1771417171779,1.8880158352428125,-0.9828332471578092,1.6120305835835906
1771417171783,1.8892036911794086,-0.9614119680541036,1.6262772255824767
1771417171787,1.8844334016857938,-0.9866018025893573,1.6055236306316152
1771417171792,1.9001389403297562,-0.952365569019192,1.6442408021650112
1771417171796,1.8776485488868457,-0.984766493203585,1.5986866569157294
1771417171800,1.888349566699925,-0.976811359931258,1.6160766235438964
1771417171804,1.878260739732579,-0.9378288336504663,1.6273722638642274
1771417171808,1.8805136071685757,-0.9482431332307282,1.62393546270378
1771417171812,1.8801765842860654,-0.9566483620826776,1.6186067772693113
1771417171816,1.8854749459757763,-0.9688293750520743,1.6175244708932732
1771417171820,1.8766085334105567,-0.9630181015948185,1.610669340265106
1771417171824,1.8829225227616464,-0.9617157074835532,1.6187958872886017
1771417171828,1.8666826116887703,-0.9600817651713671,1.6008582001434857
1771417171832,1.8766085334105567,-0.9630181015948185,1.610669340265106
1771417171837,1.8902525240273762,-0.9922292936671614,1.6088926730458537
1771417171841,1.876653093835523,-0.9574977358120376,1.6140089592431828
1771417171844,1.8929584945919984,-1.001810393165861,1.6061344272485003
1771417171849,1.882633872564153,-1.0056646475370126,1.5915240855293882
1771417171853,1.870511477084469,-0.9513805416833987,1.6104931700603156
1771417171857,1.8776485488868457,-0.984766493203585,1.5986866569157294
1771417171861,1.8801765842860654,-0.9566483620826776,1.6186067772693113
1771417171865,1.8776485488868457,-0.984766493203585,1.5986866569157294
1771417171869,1.8880158352428125,-0.9828332471578092,1.6120305835835906
1771417171873,1.8706124016162848,-0.9553632728152829,1.608251153904861
1771417171877,1.8800747681283703,-0.9974264310397866,1.593681790200346
1771417171881,1.8776485488868457,-0.984766493203585,1.5986866569157294
1771417171885,1.87079307515691,-0.9911751735733899,1.5866437865339555
1771417171889,1.8746983656596419,-0.9817484421175522,1.5970798222401696
1771417171893,1.8739526695966995,-0.9924733663798708,1.5895581854450007
1771417171897,1.8892036911794086,-0.9614119680541036,1.6262772255824767
1771417171901,1.8982058791920893,-0.9709870785593552,1.6310639635128297
1771417171905,1.8722898219505455,-0.9734088504588441,1.599357492003585
1771417171909,0.2700736477150157,3.810859130160601e-06,0.27007364768812925
1771417171914,1.8790303800967336,-0.9712258593781445,1.6085631785545944
1771417171918,1.872479184974091,-0.9264510502774653,1.627226705041746
1771417171922,1.8854749459757763,-0.9688293750520743,1.6175244708932732
1771417171926,1.8854749459757763,-0.9688293750520743,1.6175244708932732
1771417171931,1.905351828792478,-1.0081927725544622,1.6167600084279012
1771417171935,1.2901052452281554,-0.48642257149844287,1.1948910518126918
1771417171939,1.891921130805926,-0.9730615396848104,1.6225032527474945
1771417171943,1.8844334016857938,-0.9866018025893573,1.6055236306316152
1771417171947,1.8776485488868457,-0.984766493203585,1.5986866569157294
1771417171951,1.875831842461752,-0.9237949219306416,1.6325893676637155
1771417171954,0.0011688146566687177,0.0006472609703033591,-0.000973232211738579
1771417171957,0.0008975298362851406,0.0005418717436196491,-0.0007154962057821358
1771417171960,0.0014503566383986047,0.0008670893554685462,-0.0011626222207493033
1771417171963,3.6498691417110525e-05,-3.6055871516319635e-05,5.668209978477166e-06
1771417171965,0.001443661231131879,0.0008618872214694998,-0.0011581485948447194
1771417171968,0.0002152379753717192,-0.0001471860411972484,0.0001570466660543887
1771417171971,7.114451217449698e-05,7.029080384361969e-05,-1.0988380570626886e-05
1771417171974,0.0010533384356557277,0.0005561441106581751,-0.0008945532897541002
1771417171977,0.0005078473289787632,0.00026673864901252946,-0.00043215668764215
1771417171980,4.636870124725539e-05,-1.6867393186456673e-05,-4.319198423840584e-05
1771417171984,1.8672378982653763,-0.9491156713454258,1.6080288589216991
1771417171987,3.965370198657889e-05,3.4007309046977206e-05,-2.039409259133127e-05
1771417171990,0.00014440891895439622,0.00013711261036979214,4.532182643229355e-05
1771417171993,0.0001559483032901471,-0.00015592554552318675,2.664123190156142e-06
1771417171996,6.643745197277404e-05,3.699693530991992e-05,-5.518298471728634e-05
1771417171999,1.8718962837858815,-0.9340663180882965,1.6221947511517743
1771417172002,0.00039279038624329116,-0.0003791250943226056,0.00010270564921185807
1771417172005,0.00040490688120967106,-0.00039003238987107033,0.00010873967676245888
1771417172011,0.00022008555915824183,-0.00015704928369331163,-0.00015418552409812567
1771417172025,0.00022008555915824183,-0.00015704928369331163,-0.00015418552409812567
1771417172034,0.0005240881305681611,-0.0005127511782667212,-0.00010841862288610259
1771417172039,0.00038022843102291867,-0.000359622188683139,-0.00012347283573685004
1771417172043,0.00020495605974370302,-0.00017505361611100764,-0.00010659839544816956
1771417172047,1.7966067972778546,-0.8138965310935374,1.6016767528745919
1771417172051,1.7850816760312767,-0.8365395932957441,1.5769331307798764
1771417172054,0.00024119504219095492,-0.00023037165718657571,-7.144192006523455e-05
1771417172057,0.0008086074007432695,0.0004300257613025424,-0.0006847800910898005
1771417172060,1.78901911027177,-0.8307990180503777,1.5844123101403005
1771417172063,1.7814211657827679,-0.8431609748346107,1.5692485272941266
1771417172067,1.8006077949507828,-0.8893695723869439,1.5656341191190821
1771417172070,1.8188717738109532,-0.8663201556417006,1.5993073242798406
1771417172073,0.001068463392616805,0.0006221083049880974,-0.0008686744374200549
1771417172076,1.7966067972778546,-0.8138965310935374,1.6016767528745919
1771417172079,1.7929073441126735,-0.8211875383422589,1.593790378765207
1771417172083,1.8025525186636162,-0.8223689141561288,1.604027727805918
1771417172086,1.7850816760312767,-0.8365395932957441,1.5769331307798764
1771417172089,0.0011186905994894727,0.000664093163325614,-0.0009002493697916679
1771417172093,1.8097230807701943,-0.8982218934037977,1.5710808570161052
1771417172096,1.8173123182934094,-0.881590132176095,1.5891579220048273
1771417172099,1.8032194248066882,-0.8957687203954177,1.564991595364435
1771417172103,1.8173123182934094,-0.881590132176095,1.5891579220048273
1771417172107,1.8252889998023731,-0.8640446009756317,1.6078267507180024
1771417172111,1.8032194248066882,-0.8957687203954177,1.564991595364435
1771417172114,1.79904324666882,-0.9042011581777356,1.5553060370662521
1771417172117,1.8097230807701943,-0.8982218934037977,1.5710808570161052
1771417172121,1.8332324184183908,-0.8465023033118231,1.6260919255773703
1771417172125,1.813521942145942,-0.8899019233331732,1.5801697381903974
1771417172128,1.8097230807701943,-0.8982218934037977,1.5710808570161052
1771417172132,1.8059532611038618,-0.9006266931517917,1.5653557873129489
1771417172135,1.8059532611038618,-0.9006266931517917,1.5653557873129489
1771417172139,1.8097230807701943,-0.8982218934037977,1.5710808570161052
1771417172143,1.8097230807701943,-0.8982218934037977,1.5710808570161052
1771417172146,1.8173123182934094,-0.881590132176095,1.5891579220048273
1771417172150,1.813521942145942,-0.8899019233331732,1.5801697381903974
1771417172154,1.79904324666882,-0.9042011581777356,1.5553060370662521
1771417172157,1.8173123182934094,-0.881590132176095,1.5891579220048273
1771417172161,1.8097230807701943,-0.8982218934037977,1.5710808570161052
1771417172164,1.813521942145942,-0.8899019233331732,1.5801697381903974
1771417172168,1.813521942145942,-0.8899019233331732,1.5801697381903974
1771417172171,1.813521942145942,-0.8899019233331732,1.5801697381903974
1771417172174,1.8173123182934094,-0.881590132176095,1.5891579220048273
1771417172178,1.8059532611038618,-0.9006266931517917,1.5653557873129489
1771417172181,1.813521942145942,-0.8899019233331732,1.5801697381903974
1771417172185,1.8097230807701943,-0.8982218934037977,1.5710808570161052
1771417172188,1.813521942145942,-0.8899019233331732,1.5801697381903974
1771417172192,1.8097230807701943,-0.8982218934037977,1.5710808570161052
1771417172196,1.8059532611038618,-0.9006266931517917,1.5653557873129489
1771417172200,1.8032194248066882,-0.8957687203954177,1.564991595364435
1771417172203,1.813521942145942,-0.8899019233331732,1.5801697381903974
1771417172207,1.8059532611038618,-0.9006266931517917,1.5653557873129489
1771417172210,1.8215147891219152,-0.8723553624732888,1.5990347865365382
1771417172214,1.8173123182934094,-0.881590132176095,1.5891579220048273
1771417172218,1.8059532611038618,-0.9006266931517917,1.5653557873129489
1771417172221,0.0007332684548456028,0.00045265502485475546,-0.00057687611784975
1771417172224,1.8097230807701943,-0.8982218934037977,1.5710808570161052
1771417172228,1.79904324666882,-0.9042011581777356,1.5553060370662521
1771417172232,1.813521942145942,-0.8899019233331732,1.5801697381903974
1771417172235,1.813521942145942,-0.8899019233331732,1.5801697381903974
1771417172239,1.8215147891219152,-0.8723553624732888,1.5990347865365382
1771417172243,1.79904324666882,-0.9042011581777356,1.5553060370662521
1771417172246,1.8097230807701943,-0.8982218934037977,1.5710808570161052
1771417172249,0.0007798814087960543,-0.00056411678440539,0.0005385046567466628
1771417172252,1.8290556105447904,-0.8557364273566122,1.6165270159698284
1771417172256,1.8032194248066882,-0.8957687203954177,1.564991595364435
1771417172259,1.8097230807701943,-0.8982218934037977,1.5710808570161052
1771417172263,1.8173123182934094,-0.881590132176095,1.5891579220048273
1771417172267,1.813521942145942,-0.8899019233331732,1.5801697381903974
1771417172269,0.00034478607839294223,-0.00020302795397700573,0.000278670216846894
1771417172272,0.0010863094218296135,0.0006396102533820546,-0.0008780471990299456
1771417172275,1.813521942145942,-0.8899019233331732,1.5801697381903974
1771417172278,0.00010307035691975325,0.00010187421725288857,1.5657021896790827e-05
1771417172281,9.651741675774146e-05,-7.853645196136451e-05,-5.6103809593536824e-05
1771417172285,1.813521942145942,-0.8899019233331732,1.5801697381903974
1771417172287,0.0007848781918229483,-0.0005676631977651067,0.0005420260786183209
1771417172290,8.616046065772338e-05,8.604150047727074e-05,4.526055277050719e-06
1771417172293,0.0008579111806624827,-0.0006194822803296778,0.0005935093076466768
1771417172296,0.00010438797744607979,-9.18257843557979e-05,-4.9647509129117074e-05
1771417172299,0.0009329812730992932,0.0005946274728859078,-0.0007189382619135644
1771417172302,0.0004406826601365733,0.00032588605533742133,-0.0002966470729362785
1771417172305,1.8173123182934094,-0.881590132176095,1.5891579220048273
1771417172309,0.0004057657866157557,-0.00038564694938401207,0.0001261836123223149
1771417172311,0.0004278405640713803,-0.00040483645834970736,0.00013840155438354918
1771417172314,9.416022751254548e-05,-9.350153518893669e-05,1.1118064693388109e-05
1771417172318,0.0001129813528476829,-3.4159807259514344e-05,0.00010769351725747217
1771417172321,0.000385798788325972,0.00027644720187431087,-0.00026910527614606923
1771417172324,0.0004430362092881289,0.00026418264453683055,-0.0003556523767190673
1771417172327,0.0001249116687411128,-8.83527203547747e-05,-8.82990475237444e-05
1771417172330,0.4721602528141841,-0.44810812963188207,-0.1487763707561473
1771417172334,0.00013916759500489043,-0.00011235621768308397,-8.212003316728903e-05
1771417172337,1.8805374719926826,-0.9921652208661336,1.5975072325571131
1771417172341,0.5798007809740949,-0.14365945182410966,0.5617213789057407
1771417172345,0.00040605021206598606,-0.00023774043119689282,0.0003291751237459291
1771417172349,1.2099079251405604e-05,8.599477140351294e-06,-8.510975951344775e-06
1771417172352,0.0006277861269005909,-0.000359531558998379,0.000514638202247987
1771417172355,9.354642452612313e-05,-2.0382006443537167e-05,-9.129899974784643e-05
1771417172357,0.00012066160099886376,-7.005271165147443e-05,9.824377611779983e-05
1771417172360,0.0001958103136641995,-0.0001247148857187138,0.0001509565375114319
1771417172363,0.00012674831614964418,-9.294695093446783e-05,8.617424185193497e-05
1771417172366,0.5878011842343583,-0.1486165616549121,0.5687032176708567
1771417172370,0.5765357334271952,-0.13626338140553063,0.5602015198179712
1771417172374,0.5737267849305104,-0.13631866347831897,0.557296730417634
1771417172377,0.264405816068436,-0.002066653401215636,0.2643977392386986
1771417172380,0.00022278183629306444,0.0001964463657714508,-0.00010507412601253995
1771417172384,0.6207405987095759,-0.16048509474689782,0.5996360773422509
1771417172387,0.5916569910004665,-0.15021769056499135,0.5722697270003426
1771417172390,7.814526664207091e-05,-7.319829602411009e-05,2.736223963287928e-05
1771417172393,0.000747047884656913,-0.0005177571384530359,0.0005385239897639586
1771417172396,0.6202349521460001,-0.16168171267991738,0.5987907978989321
1771417172399,0.5938697108663136,-0.1554110230845353,0.5731741859053466
1771417172402,0.590390490241382,-0.1581701523977546,0.5688085212599496
1771417172406,0.5938697108663136,-0.1554110230845353,0.5731741859053466
1771417172409,0.6265445147110773,-0.15653484790866012,0.6066752593478261
1771417172412,0.5914093723647754,-0.14977431748633543,0.5721299673521743
1771417172416,0.5876825814440625,-0.14930537487575896,0.5684001421234571
1771417172419,0.5956047838870242,-0.14569588756460983,0.5775099712869635
1771417172423,0.583433284623403,-0.15116066818289012,0.5635111800141636
1771417172427,0.583433284623403,-0.15116066818289012,0.5635111800141636
1771417172430,0.5876825814440625,-0.14930537487575896,0.5684001421234571
1771417172434,0.5914093723647754,-0.14977431748633543,0.5721299673521743
1771417172437,0.583433284623403,-0.15116066818289012,0.5635111800141636
1771417172441,0.5876825814440625,-0.14930537487575896,0.5684001421234571
1771417172445,0.5880366501223772,-0.14543007452899562,0.5697694229332053
1771417172448,0.583433284623403,-0.15116066818289012,0.5635111800141636
1771417172452,0.5876825814440625,-0.14930537487575896,0.5684001421234571
1771417172455,0.5914093723647754,-0.14977431748633543,0.5721299673521743
1771417172459,0.5796991852768,-0.1443192802427456,0.561447317885482
1771417172462,0.5880366501223772,-0.14543007452899562,0.5697694229332053
1771417172465,0.5880366501223772,-0.14543007452899562,0.5697694229332053
1771417172469,0.583433284623403,-0.15116066818289012,0.5635111800141636
1771417172472,0.5880366501223772,-0.14543007452899562,0.5697694229332053
1771417172475,0.001001492117349713,-0.0007243701547667472,0.0006915738138454999
1771417172479,1.2348100646209066,-0.4697605506181902,1.1419636249776006
1771417172481,1.2276041569359966,-0.4748730482737259,1.1320369049416006
1771417172485,1.2313187587175112,-0.47166413882935493,1.1374000288869328
1771417172488,1.2348100646209066,-0.4697605506181902,1.1419636249776006
1771417172491,1.224330523342293,-0.47713424170309215,1.1275318823793978
1771417172494,0.0003349392899011994,-0.00025471232353490984,0.00021749933369775445
1771417172497,0.0013115137701694968,-0.0009411928405587153,0.0009133588594989509
1771417172500,1.2182985170651077,-0.4734202980454475,1.1225526705155533
1771417172503,1.2313187587175112,-0.47166413882935493,1.1374000288869328
1771417172506,1.2348100646209066,-0.4697605506181902,1.1419636249776006
1771417172509,1.2182985170651077,-0.4734202980454475,1.1225526705155533
1771417172513,1.2313187587175112,-0.47166413882935493,1.1374000288869328
1771417172516,1.2423209514206504,-0.4650625239916142,1.1519887999096428
1771417172519,1.2276041569359966,-0.4748730482737259,1.1320369049416006
1771417172522,1.2313187587175112,-0.47166413882935493,1.1374000288869328
1771417172525,1.2313187587175112,-0.47166413882935493,1.1374000288869328
1771417172528,1.2348100646209066,-0.4697605506181902,1.1419636249776006
1771417172531,1.2442120075310832,-0.4755608415732034,1.149741451651942
1771417172534,1.2276041569359966,-0.4748730482737259,1.1320369049416006
1771417172537,1.224330523342293,-0.47713424170309215,1.1275318823793978
1771417172540,1.224330523342293,-0.47713424170309215,1.1275318823793978
1771417172543,1.2383792849295494,-0.46710503989807045,1.1469072041993826
1771417172546,1.2383792849295494,-0.46710503989807045,1.1469072041993826
1771417172549,1.2276041569359966,-0.4748730482737259,1.1320369049416006
1771417172552,1.2207979797479385,-0.4794600492969776,1.122704666635348
1771417172555,1.2348100646209066,-0.4697605506181902,1.1419636249776006
1771417172558,0.001315524371708136,-0.0009439918095853663,0.0009162335051687595
1771417172561,1.2207979797479385,-0.4794600492969776,1.122704666635348
1771417172564,1.2313187587175112,-0.47166413882935493,1.1374000288869328
1771417172568,1.2276041569359966,-0.4748730482737259,1.1320369049416006
1771417172571,0.0003269128778215203,0.00021595239704276102,-0.0002454314403189492
1771417172574,1.2313187587175112,-0.47166413882935493,1.1374000288869328
1771417172577,1.2313187587175112,-0.47166413882935493,1.1374000288869328
1771417172580,1.2313187587175112,-0.47166413882935493,1.1374000288869328
1771417172583,1.2348100646209066,-0.4697605506181902,1.1419636249776006
1771417172587,1.2348100646209066,-0.4697605506181902,1.1419636249776006
1771417172589,4.340178918404419e-05,1.3032491639444928e-07,-4.3401593516740624e-05
1771417172592,1.2313187587175112,-0.47166413882935493,1.1374000288869328
1771417172596,1.2313187587175112,-0.47166413882935493,1.1374000288869328
1771417172599,0.00025741970815194685,0.00017598465114531097,-0.0001878677958200838
1771417172602,1.2348100646209066,-0.4697605506181902,1.1419636249776006
1771417172605,0.0005199320086605735,-0.00037932753418208745,0.0003555839077364947
1771417172608,0.0002716830047134489,0.00017608995982555556,-0.00020689123011563863
1771417172611,0.0007400957348366524,-0.00045703625644046984,0.0005821164462736692
1771417172613,0.0004236726496204017,-0.00031760344043420025,0.0002804042950112053
1771417172618,0.0005053886369034725,-0.0003753912630422762,0.0003383771179360014
1771417172621,0.0008192877249397865,-0.0005965198304601013,0.0005616016988087404
1771417172623,0.0001231542707179283,-5.872604038387175e-05,0.00010825075785830156
1771417172626,0.00031729059143030997,0.0002090044091557703,-0.00023872678183153905
1771417172629,0.00031254934748494047,-0.00023111198272739592,0.0002104147001829338
1771417172632,4.2322725807766935e-05,-4.110574458791584e-05,1.0076253354915667e-05
1771417172635,6.144638725057184e-05,2.2567751610964686e-05,-5.7152034901419195e-05
1771417172639,1.2423209514206504,-0.4650625239916142,1.1519887999096428
1771417172643,0.0006253537706699433,0.0004325299491981637,-0.0004516471870141005
1771417172647,4.8494600601462105e-05,1.8253839279968524e-05,-4.492798280622453e-05
1771417172650,4.672270104003813e-05,-4.430107772967123e-05,1.4846727062433913e-05
1771417172654,1.2053030072145914,-0.44515540813056825,1.1200857118152363
1771417172657,0.0002628129084889566,-0.00016721636441380423,0.00020275431522079747
1771417172660,0.0021285649134431396,-0.0015069404694167733,0.0015033027015126247
1771417172664,0.271363363226614,-0.0007899907291227309,0.27136221331701127
1771417172669,0.2713789275314366,-0.0007804640488076409,0.27137780525308486
1771417172672,0.1223971318216458,0.000299740074171888,0.12239676480223353
1771417172675,0.06505372229978984,0.00658061215056315,0.06472003035214086
1771417172678,0.2702833944689666,3.0089734701934344e-06,0.27028339445221766
1771417172682,0.2703087164186652,6.807589837139801e-06,0.27030871633294234
1771417172685,0.2680928021738871,-0.0002991104158716722,0.26809263531549327
1771417172689,0.2681275754573775,-0.0002872739175369455,0.2681274215636065
1771417172692,0.2713592352408101,-0.0007922033673567717,0.27135807886315466
1771417172695,0.27136468811248676,-0.0007892721701506546,0.2713635402994084
1771417172698,0.27136468811248676,-0.0007892721701506546,0.2713635402994084
1771417172704,0.2703102403419686,2.303905269619465e-05,0.2703102393601376
1771417172707,0.10237694359536392,-0.00033487173762328346,0.10237639591647904
1771417172710,0.10237694359536392,-0.00033487173762328346,0.10237639591647904
1771417172712,0.1607290652681956,-0.0015603948034326747,0.16072149075355574
1771417172715,0.2713684808211828,-0.0007870555456771337,0.271367339462148
1771417172718,0.2713701720507202,-0.0007860557238702289,0.27136903359675446
1771417172721,0.27136658095216676,-0.0007881538705172557,0.2713654363973888
1771417172724,0.2713718488436991,-0.0007850418509871061,0.27137071333167045
1771417172727,0.2713718488436991,-0.0007850418509871061,0.27137071333167045
1771417172730,0.2713684808211828,-0.0007870555456771337,0.271367339462148
1771417172737,1.7558772729705314,-0.7971141421220744,1.5645171913927374
1771417172739,0.0006531869879457152,0.0003413793158577251,-0.0005568782667029729
1771417172743,1.7449572114225718,-0.8119383938421132,1.5445490326631677
1771417172747,1.7449572114225718,-0.8119383938421132,1.5445490326631677
1771417172750,1.7449572114225718,-0.8119383938421132,1.5445490326631677
1771417172754,1.7375708800054033,-0.8214642428611243,1.5311267291584167
1771417172758,1.7449572114225718,-0.8119383938421132,1.5445490326631677
1771417172762,1.7449572114225718,-0.8119383938421132,1.5445490326631677
1771417172765,1.7449572114225718,-0.8119383938421132,1.5445490326631677
1771417172769,1.7375708800054033,-0.8214642428611243,1.5311267291584167
1771417172772,8.651070493244003e-05,-8.462209480585726e-05,-1.797785133368859e-05
1771417172775,1.7449572114225718,-0.8119383938421132,1.5445490326631677
1771417172779,1.7375708800054033,-0.8214642428611243,1.5311267291584167
1771417172783,1.7449572114225718,-0.8119383938421132,1.5445490326631677
1771417172787,1.7410668176135307,-0.817010454948173,1.537467911827849
1771417172791,1.7449572114225718,-0.8119383938421132,1.5445490326631677
1771417172795,1.7484632640624036,-0.807269793198155,1.550947860750181
1771417172798,0.00013949994300413765,-8.993930205589452e-05,0.00010663562277145582
1771417172801,1.7375708800054033,-0.8214642428611243,1.5311267291584167
1771417172805,1.7519732500875878,-0.8025081239216508,1.5573666813124702
1771417172809,1.7449572114225718,-0.8119383938421132,1.5445490326631677
1771417172812,1.7375708800054033,-0.8214642428611243,1.5311267291584167
1771417172815,0.00013773392036790192,-6.339279989862358e-05,0.00012227831263525278
1771417172818,0.00037832888863490827,7.966516989356279e-05,-0.00036984619598091667
1771417172821,0.000410981765949536,-0.0002102926924461222,0.00035310479385978295
1771417172825,0.27035865602724235,-0.0004005253728006749,0.27035835934603997
1771417172829,0.2703915756027419,-0.0005084288721497499,0.27039109759201624
1771417172832,0.001819876058745794,-0.0008555674626772056,0.0016062232677944287
1771417172836,0.2703915756027419,-0.0005084288721497499,0.27039109759201624
1771417172840,0.2703699034259104,-0.00045298094771381635,0.27036952396081393
1771417172843,0.00018533644572295494,-8.706183760291242e-05,0.0001636148970797645
1771417172846,0.2703915756027419,-0.0005084288721497499,0.27039109759201624
1771417172850,0.2704228229254525,-0.0005608570933318289,0.2704222413158568
1771417172853,0.2704228229254525,-0.0005608570933318289,0.2704222413158568
1771417172857,0.27037877408109406,-0.00047904788845898013,0.2703783497004075
1771417172860,0.00044104464705768985,0.0004394358967518993,-3.763606440764322e-05
1771417172863,0.27036279473203506,-0.000424829386994585,0.2703624609580784
1771417172868,0.2703915756027419,-0.0005084288721497499,0.27039109759201624
1771417172872,0.2703915756027419,-0.0005084288721497499,0.27039109759201624
1771417172875,0.27036279473203506,-0.000424829386994585,0.2703624609580784
1771417172879,0.2704228229254525,-0.0005608570933318289,0.2704222413158568
1771417172885,1.8955422717753372,-1.0089986482616748,1.6046813490202094
1771417172889,1.889114493711153,-1.0063064472221945,1.598781068385722
1771417172893,1.8916624384457488,-1.018089654007649,1.5943275188709194
1771417172898,1.8864820905744397,-1.0382627139828,1.5750635589750588
1771417172902,1.8929842829662322,-0.9972183041832678,1.6090199344194054
1771417172906,1.8987345757202718,-1.0466173265599912,1.5842301476679634
1771417172911,1.8945319964558855,-1.0211657789554234,1.5957668806832304
1771417172914,1.8834519106462917,-1.0371573609298474,1.5721627486956309
1771417172918,1.887740080517542,-0.9844932371246995,1.6106941601831508
1771417172922,1.887740080517542,-0.9844932371246995,1.6106941601831508
1771417172926,1.9057386009195258,-0.9588369759618207,1.6469581866468568
1771417172930,1.881884693799022,-0.974396388399131,1.609981887795564
1771417172934,1.887344436601475,-1.0281470030055544,1.5827137336174335
1771417172938,1.8817577845920694,-1.0149159758378317,1.5846002403956638
1771417172942,1.893148092659174,-1.034506330026635,1.5854987713252542
1771417172946,1.883888111563687,-0.9933944899615595,1.6006879159302128
1771417172950,1.893148092659174,-1.034506330026635,1.5854987713252542
1771417172954,1.8916624384457488,-1.018089654007649,1.5943275188709194
1771417172958,1.8796019675391296,-1.0032361920047028,1.589471830335118
1771417172962,1.8817577845920694,-1.0149159758378317,1.5846002403956638
1771417172966,1.8777500924170827,-0.9869421324350045,1.597463813924124
1771417172970,1.900192534749595,-1.0331434907797903,1.594787194762185
1771417172974,1.8958540222082834,-0.9655783049672799,1.631539460295043
1771417172978,1.8796019675391296,-1.0032361920047028,1.589471830335118
1771417172982,1.890239177673718,-1.0307898171833731,1.584448327211614
1771417172986,1.8735180861230736,-0.9961289058943611,1.5867568250592048
1771417172990,1.9045571492401974,-1.0185077341034825,1.6093414585765624
1771417172994,1.8805374719926826,-0.9921652208661336,1.5975072325571131
1771417172998,1.890239177673718,-1.0307898171833731,1.584448327211614
1771417173002,1.8817577845920694,-1.0149159758378317,1.5846002403956638
1771417173006,1.8955422717753372,-1.0089986482616748,1.6046813490202094
1771417173010,1.887344436601475,-1.0281470030055544,1.5827137336174335
1771417173015,1.8744790325776783,-0.9841730323161714,1.5953291466136201
1771417173019,1.8860580269944214,-1.0049851329798924,1.5960011790971453
1771417173023,1.8757390295301015,-1.0120471676843408,1.57929016880516
1771417173027,1.883888111563687,-0.9933944899615595,1.6006879159302128
1771417173030,1.6484942663864792,-0.7514745769063749,1.4672488904655818
1771417173034,1.8819945190757281,-0.9698164805539832,1.6128730154221587
1771417173038,0.8517575692416575,-0.2722605731998882,0.8070719528278288
1771417173042,0.27015237950334736,-6.621768063528047e-05,0.27015237138796205
1771417173047,1.890239177673718,-1.0307898171833731,1.584448327211614
1771417173051,0.27012646855062306,-6.916582006690972e-05,0.2701264596956768
1771417173055,1.8864820905744397,-1.0382627139828,1.5750635589750588
1771417173060,0.2700114685006854,-5.137265173051271e-06,0.27001146845181434
1771417173063,0.27037827314245244,-0.00020880152291719478,0.2703781925182182
1771417173066,0.2703083342799114,-0.00014893649783208752,0.27030829324883826
1771417173069,0.26999914756529747,-1.0440276376174935e-05,0.26999914736344616
1771417173073,0.2703565287084268,-0.00019169029686477398,0.2703564607515428
1771417173077,0.26989466399610423,-0.00018722809978290964,0.26989459905527685
1771417173080,0.27034813249297895,-0.00018379122469134885,0.27034807001942335
1771417173083,0.2704120018424204,-0.00023423685833567952,0.27041190039182705
1771417173086,0.2704448849645703,-0.00025744990463012914,0.27044476242487353
1771417173090,1.889114493711153,-1.0063064472221945,1.598781068385722
1771417173093,0.2704511760410251,-0.0002604279764399757,0.2704510506528725
1771417173097,1.8860580269944214,-1.0049851329798924,1.5960011790971453
1771417173100,0.2703414075277937,-0.0001789695126039187,0.2703413482877197
1771417173104,1.8958319633475649,-1.0436825462300967,1.5826893491601393
1771417173109,1.889114493711153,-1.0063064472221945,1.598781068385722
1771417173112,0.27130751486465327,-0.0008077104433161049,0.2713063125433572
1771417173115,0.2712982382748453,-0.0008091780418969939,0.27129703153910706
1771417173118,0.27132703965402516,-0.0008035933366119701,0.2713258496442355
1771417173122,1.883888111563687,-0.9933944899615595,1.6006879159302128
1771417173127,0.27000989074430426,-5.983481164063186e-06,0.2700098906780066
1771417173130,0.27136234514037727,-0.0007901427216643196,0.2713611947839349
1771417173134,1.8899216668413794,-0.9960132323339477,1.6061636117818694
1771417173137,0.2713678594885397,-0.0007872406862376295,0.27136671758985803
1771417173141,1.8860580269944214,-1.0049851329798924,1.5960011790971453
1771417173145,1.9042521063103024,-1.0610740304320094,1.5812330588278234
1771417173148,0.27137922328610187,-0.0007805040207970121,0.27137810089401365
1771417173153,1.8929842829662322,-0.9972183041832678,1.6090199344194054
1771417173156,1.8916624384457488,-1.018089654007649,1.5943275188709194
1771417173160,1.8796019675391296,-1.0032361920047028,1.589471830335118
1771417173165,1.8864820905744397,-1.0382627139828,1.5750635589750588
1771417173168,0.27136148472389165,-0.0007906440109608386,0.2713603329036925
1771417173173,1.9032103876958417,-0.9934624018633229,1.6233429200009817
1771417173177,1.9015667891727313,-1.0118672769299255,1.6099940582384482
1771417173181,1.8757390295301015,-1.0120471676843408,1.57929016880516
1771417173184,0.2713794455498252,-0.0007803598464744856,0.2713783235732739
1771417173189,1.8675845960193125,-0.9876643360374107,1.5850524857582475
1771417173193,1.8987345757202718,-1.0466173265599912,1.5842301476679634
1771417173197,1.8916624384457488,-1.018089654007649,1.5943275188709194
1771417173201,1.887740080517542,-0.9844932371246995,1.6106941601831508
1771417173205,1.8945319964558855,-1.0211657789554234,1.5957668806832304
1771417173224,1.8718682870566816,-0.9778424864369967,1.5961563068218687
1771417173228,1.8762464230026086,-1.0020347174346567,1.5862619786421572
1771417173233,1.8762464230026086,-1.0020347174346567,1.5862619786421572
1771417173241,1.8777500924170827,-0.9869421324350045,1.597463813924124
1771417173245,1.8945319964558855,-1.0211657789554234,1.5957668806832304
1771417173250,1.8860580269944214,-1.0049851329798924,1.5960011790971453
1771417173254,1.899543675838729,-1.0015414959086126,1.6140572506550221
1771417173258,1.8860580269944214,-1.0049851329798924,1.5960011790971453
1771417173262,1.8796019675391296,-1.0032361920047028,1.589471830335118
1771417173266,1.8757390295301015,-1.0120471676843408,1.57929016880516
1771417173270,1.8882327871088018,-0.9744144314387855,1.61738664954194
1771417173275,1.890239177673718,-1.0307898171833731,1.584448327211614
1771417173279,1.8805374719926826,-0.9921652208661336,1.5975072325571131
1771417173283,1.884806910344649,-1.0163656941509642,1.5872926211118006
1771417173287,1.8834519106462917,-1.0371573609298474,1.5721627486956309
1771417173291,1.8817577845920694,-1.0149159758378317,1.5846002403956638
1771417173295,1.8929842829662322,-0.9972183041832678,1.6090199344194054
1771417173298,1.8860580269944214,-1.0049851329798924,1.5960011790971453
1771417173302,1.8762464230026086,-1.0020347174346567,1.5862619786421572
1771417173306,1.884806910344649,-1.0163656941509642,1.5872926211118006
1771417173311,1.8860580269944214,-1.0049851329798924,1.5960011790971453
1771417173314,1.8898747377013387,-0.9571123904424468,1.6295896404503953
1771417173318,1.8777500924170827,-0.9869421324350045,1.597463813924124
1771417173322,1.8994160537838172,-0.9998717581917426,1.6149420461868722
1771417173326,1.8796019675391296,-1.0032361920047028,1.589471830335118
1771417173330,1.899543675838729,-1.0015414959086126,1.6140572506550221
1771417173334,1.8937790212899703,-0.987011141201094,1.6162326529998432
1771417173338,1.9001345146117798,-0.946822176021084,1.6474340474245528
1771417173342,1.896847424144148,-0.9880989455376727,1.619163556997757
1771417173347,1.887740080517542,-0.9844932371246995,1.6106941601831508
1771417173351,1.8777500924170827,-0.9869421324350045,1.597463813924124
1771417173355,1.9032103876958417,-0.9934624018633229,1.6233429200009817
1771417173359,1.8762464230026086,-1.0020347174346567,1.5862619786421572
1771417173363,1.889114493711153,-1.0063064472221945,1.598781068385722
1771417173367,1.8860580269944214,-1.0049851329798924,1.5960011790971453
1771417173371,1.869706091078404,-1.004340992074707,1.5770542281906725
1771417173375,1.8994160537838172,-0.9998717581917426,1.6149420461868722
1771417173379,1.8916624384457488,-1.018089654007649,1.5943275188709194
1771417173382,0.00014580423020337871,1.1861755362671934e-05,0.0001453209286541893
1771417173385,4.9456667017276016e-05,-2.7939879405530213e-05,-4.0808394372508045e-05
1771417173388,0.00045028365826121973,-1.0023136907513167e-05,-0.0004501720888989456
1771417173392,3.0349352920863076e-05,-2.8320012096824796e-05,-1.0911468166603308e-05
1771417173395,1.8472215888930588,-0.9597636134313081,1.578316002835261
1771417173399,1.8677301069529433,-0.9075119277689114,1.6324331083923798
1771417173402,0.0001449709353793679,-0.00011701898299038764,8.55752868804086e-05
1771417173405,0.0003234417382414516,0.00022205196031427978,-0.000235175434425531
1771417173409,9.685799183405767e-05,-8.89033495571838e-05,3.844040868200506e-05
1771417173412,0.00029911589087751604,0.00019917252283541256,-0.0002231605303874929
1771417173415,0.0003358220619696059,-0.0002801262437069268,-0.00018521810087614344
1771417173417,0.00011156286786103995,-3.004331350201099e-05,0.00010744148546627482
1771417173421,0.0005539331996385794,-0.00013617650966598683,-0.0005369338393852855
1771417173424,0.0003971522259199536,0.0002922821168447023,-0.0002688885544718363
1771417173427,0.4748360727232154,-0.4294999828777665,-0.20248224778287358
1771417173430,7.161670933652731e-05,2.690708409632517e-05,6.636988685861927e-05
1771417173434,8.913094968132138e-05,-8.543045745589679e-05,-2.541580472797302e-05
1771417173437,0.00028782388411372617,-0.000281488526607132,6.0056620408224776e-05
1771417173440,0.00028782388411372617,-0.000281488526607132,6.0056620408224776e-05
1771417173443,0.00011426485451458294,-0.00010175472153732808,-5.1984936492215e-05
1771417173447,0.00034577628563277904,-0.00033458486727829917,8.725941951654359e-05
1771417173449,0.0006623944834338467,0.000472919833347454,-0.0004638030647917378
1771417173452,7.461055522006679e-05,4.39112689544202e-05,6.03202736155864e-05
1771417173455,0.00037938646287101295,0.0002750717896793326,-0.00026128451682483507
1771417173460,1.9037381234508783,-1.0289564619167268,1.6017076643882562
1771417173463,1.8867266846179904,-0.9971965221733956,1.601666843827042
1771417173466,0.00018673358969991172,-0.00018608149534613964,1.5592004744726865e-05
1771417173470,7.127288052312543e-05,-2.159116116105827e-05,6.792381951702158e-05
1771417173473,0.00033266107412892196,-0.00032352058483558224,7.744560302722786e-05
1771417173476,0.00010259612007144516,-3.155869381769312e-05,9.762178393286761e-05
1771417173479,0.0005087030388743204,0.00031281300345503693,-0.00040115683545143216
1771417173482,0.00018886147669370344,-0.0001886529867609771,-8.871750959583882e-06
1771417173485,0.0007055000929814467,0.000518482685498722,-0.00047844130887169777
1771417173487,1.3754203955219478e-05,-1.1873374925314048e-05,-6.942700794697896e-06
1771417173491,0.00016051083811296785,-0.00015952179931942183,-1.7791140874645553e-05
1771417173494,0.0001482215711202119,-0.00010786774551432545,0.00010165718677496811
1771417173497,0.00042616986798708694,-0.0003946569329688446,-0.0001608311587962854
1771417173501,1.8823767680431136,-1.0078432390262353,1.5898409676497662
1771417173504,1.8906352801998907,-0.987563942126446,1.6122094227947537
1771417173507,0.00015244964467930896,6.835160618741637e-05,-0.0001362679422844856
1771417173510,0.00020708402219556655,-7.201238762083967e-05,-0.00019415974937622845
1771417173514,0.00037055214392994344,-2.3317684953347967e-05,-0.0003698177617955821
1771417173517,0.00011676271926930994,-6.56603910750681e-05,-9.655177706822802e-05
1771417173520,0.0008531455381937024,0.000511774695233745,-0.0006826008867985958
1771417173523,6.138839432226844e-05,-4.0348873250651695e-05,4.6265574511392e-05
1771417173526,0.0005832618533811686,-0.0005651494039293906,0.00014422392605906382
1771417173529,0.0005922760425834852,0.0003270972550352599,-0.0004937593506626002
1771417173531,0.0012595288776477908,0.0007218566936350746,-0.0010321511069038979
1771417173535,4.088600427625665e-05,-3.700324364290377e-05,-1.7390379684813647e-05
1771417173537,0.0011763570452505434,0.0006568392352249534,-0.0009758986202365936
1771417173541,0.00032981456730056183,0.00022792019100114513,-0.00023839051016694927
1771417173544,8.639665742855442e-06,-8.534350077778001e-06,-1.344876536415329e-06
1771417173547,0.0007847144887592751,0.0004628225019031036,-0.0006336972152383834
1771417173549,0.00036338931658887365,0.000259966267497518,-0.00025390812349024517
1771417173553,0.00016491619012315217,2.014884941932433e-05,0.00016368070635176606
1771417173555,0.0005658778061029808,0.00030874073441004976,-0.00047423290728909346
1771417173558,0.0013679556189800115,0.0008062610824666862,-0.0011050998336795794
1771417173561,1.8867266846179904,-0.9971965221733956,1.601666843827042
1771417173565,0.0002589024651077158,-0.00025874783147732377,8.946851101614023e-06
1771417173568,0.0002085004212525233,-0.00020839800491535035,-6.534310199346057e-06
1771417173571,0.00017270795407299975,-9.132657833151938e-05,0.0001465861299384708
1771417173574,0.0005630481982666055,-0.0001463915419143382,-0.0005436844581438882
1771417173577,0.0003540907831463011,0.00025103754956625325,-0.0002497207068245079
1771417173579,3.410875666530524e-05,-1.537665024901165e-05,3.0446114832151816e-05
1771417173583,7.102467521729797e-05,-5.6853575366813864e-05,-4.256965418854934e-05
1771417173585,5.728362256178192e-05,-3.886284270708029e-05,4.2084354224883e-05
1771417173588,5.728362256178192e-05,-3.886284270708029e-05,4.2084354224883e-05
1771417173592,0.00012175447585337527,1.2106774253484902e-05,-0.00012115105615513757
1771417173594,0.001014395731736756,0.0005292750749254132,-0.0008653707850560053
1771417173597,0.00019383746362003305,0.00012431743722262625,-0.00014872167664818072
1771417173601,6.904919261910399e-05,3.637381959082442e-05,5.869187550014296e-05
1771417173604,0.00015497304339231525,7.209086644207978e-05,-0.00013718436920402645
1771417173607,0.00025763027339122287,-0.00025725632512429156,1.3875912625158413e-05
1771417173611,1.9088386555544719,-1.0477734152831013,1.5955675739889519
1771417173614,0.0013336206255289106,0.0007867132613928345,-0.001076859423130416
1771417173617,0.001109486075800144,0.0006125054483698254,-0.0009250926592032182
1771417173619,0.00016731406017603026,-7.514593210059834e-05,-0.00014948940972965455
1771417173623,0.00011836735708446467,-9.74793889112446e-05,-6.714610905072231e-05
1771417173627,1.90912257943724,-1.0877282055085447,1.5689475371274406
1771417173629,0.0007871288793899289,-0.0005745253311119264,0.0005380450879623163
1771417173632,0.0007224136974329005,0.0004236657872415968,-0.000585140026796691
1771417173636,0.0005835296885608225,-0.0003884491684905231,-0.00043544705870049417
1771417173640,0.000566961784636166,-0.00036187772665364115,-0.0004364518028257174
1771417173644,1.875250856918355,-0.9749755517801891,1.601870297434827
1771417173647,0.00010595958443200555,0.00010566207346384858,7.934718919002761e-06
1771417173650,0.0007984301999480077,0.0004776598839760205,-0.0006397904496231796
1771417173653,5.130730302366763e-06,-1.3627913615751961e-06,-4.946432364890938e-06
1771417173656,0.0005402605013624448,-0.000399137773011738,0.0003641022486714832
1771417173659,0.0001167096114103335,-0.00011657357575773838,-5.6333676079124316e-06
1771417173661,0.0001321762732199948,-0.00010946986670023519,7.407371657315066e-05
1771417173664,0.00016914366147312315,-9.344638299484828e-05,0.0001409870622493944
1771417173667,7.038155960406907e-05,7.44496009041285e-06,6.998668803103407e-05
1771417173671,0.0001522606307206011,-8.582202183316686e-05,0.00012576915454873142
1771417173673,2.6183778902196373e-05,1.2095462867837536e-05,-2.3222619482131366e-05
1771417173677,1.8823767680431136,-1.0078432390262353,1.5898409676497662
1771417173680,1.8906352801998907,-0.987563942126446,1.6122094227947537
1771417173684,1.8988662809051076,-0.9670880557152131,1.6341462129354778
1771417173687,6.442420871824464e-05,2.0931046562051415e-05,6.092922089432281e-05
1771417173689,0.0013945126610262141,0.0008268860308158557,-0.0011229091921451228
1771417173693,1.8823767680431136,-1.0078432390262353,1.5898409676497662
1771417173696,1.8906352801998907,-0.987563942126446,1.6122094227947537
1771417173700,1.8784556453862968,-1.0173713171126224,1.5790982283569874
1771417173702,0.0011452637271966452,0.0006324594136714948,-0.0009547900789653508
1771417173706,1.894537690893451,-0.9778873113630915,1.6226550676255733
1771417173710,1.8809917804937577,-0.9860412472712493,1.601827936129482
1771417173714,1.8924898524104092,-1.0033556163664619,1.6046168852976246
1771417173718,1.8650078571261104,-0.9764906252182061,1.5889368665881862
1771417173723,1.8645926076026214,-0.9431381907393501,1.6084762806753627
1771417173726,0.2782574925458554,-0.0018546813808534108,0.27825131143425413
1771417173731,1.8645529829076428,-0.9474899751110675,1.6058706589055722
1771417173734,0.2704330189909,-0.00024988686993008993,0.2704329035400181
1771417173737,0.2703792396948717,-0.00021233732733186642,0.27037915631726556
1771417173742,1.8924898524104092,-1.0033556163664619,1.6046168852976246
1771417173746,0.2700793673897159,-2.2993640127832944e-05,0.2700793664109157
1771417173749,1.8780327552611202,-1.0212347812892535,1.5760985220850774
1771417173752,1.8780327552611202,-1.0212347812892535,1.5760985220850774
1771417173756,1.8918991488687595,-0.966971302961375,1.6261146603913015
1771417173760,0.2704426176659241,-0.00025598666130220347,0.2704424965141877
1771417173763,1.8649254311571555,-0.9824059173684294,1.5851894136967344
1771417173767,0.27009487661592557,-3.742337279250169e-05,0.27009487402330173
1771417173771,0.2703585501383068,-0.00019237012363376932,0.27035848169906357
1771417173774,0.2713167201683526,-0.0008063244542610417,0.27131552201041986
1771417173778,1.8852287327302,-0.9720156567049261,1.6153244063753902
1771417173781,0.2713460899166243,-0.0007975206224707827,0.27134491790689114
1771417173784,1.876680112615752,-0.996189256156277,1.5904512601794105
1771417173789,1.8994889675941116,-0.9987357633388291,1.6157305508777602
1771417173793,1.852157590029484,-0.9376372324504614,1.597286498605202
1771417173796,1.884228588998371,-0.984794942861678,1.6063923232239552
1771417173801,1.8891065540669405,-0.9626211219776278,1.6254489066535445
1771417173804,1.8809917804937577,-0.9860412472712493,1.601827936129482
1771417173809,1.8750593347190116,-0.9779034434225189,1.599860107652942
1771417173813,1.8746294951646116,-0.983126205553672,1.5961511858513797
1771417173817,1.8894926430866001,-1.0017307192889446,1.6020980039658121
1771417173821,1.873113643959402,-0.9580149585349471,1.609584437800687
1771417173824,1.8780327552611202,-1.0212347812892535,1.5760985220850774
1771417173828,1.8730389322286476,-0.9639179611639358,1.6059691795890088
1771417173832,1.8809917804937577,-0.9860412472712493,1.601827936129482
1771417173836,0.2705199795218409,-0.0002851367092182747,0.2705198292501943
1771417173839,0.2705220716992157,-0.0002849950572574744,0.2705219215779988
1771417173842,0.2687528090670643,-7.940538373181372e-05,0.26875279733655416
1771417173845,0.2679432548945033,-0.00018983323842845155,0.2679431876476847
1771417173848,0.24492891076286344,-3.222925521022008e-05,0.24492890864240144
1771417173851,0.25258907758976223,0.00032151545106792615,0.25258887296447097
1771417173855,0.26985746121962967,0.00016624864136553324,0.2698574100099776
1771417173858,0.2624507271184068,-0.0020194734427873883,0.2624429574059748
1771417173861,0.26812636618244057,-0.0002469305308522514,0.26812625247728566
1771417173864,0.16223112857797956,-0.000184653117969686,0.16223102349091853
1771417173867,0.15904147489679998,0.0006169013798715205,0.15904027845183424
1771417173870,0.26989874968459876,6.336633379783966e-08,0.2698987496845913
1771417173873,0.26319489365946797,-0.0019758219231454277,0.2631874772403632
1771417173876,0.2526414628555604,0.0005910748643793646,0.2526407714212063
1771417173879,0.2699797503414651,0.00088811050972404,0.2699782895978163
1771417173882,0.2703005823827591,2.759501143954573e-05,0.2703005809741705
1771417173885,0.2698385433137162,-9.323659778838575e-05,0.2698385272058183
1771417173888,0.2705213390336276,-0.00028504976784269405,0.2705211888543608
1771417173891,0.2590923403132582,-0.0022487895317512404,0.2590825809556541
1771417173894,0.25855120165996076,0.0007996918615287493,0.2585499649443726
1771417173898,0.2692077750664294,0.00026390177737608704,0.26920764571621875
1771417173901,0.26812434755088366,-0.00023368493669019823,0.26812424571630483
1771417173904,0.2626717868687736,-0.0005874340112003301,0.26267113000502534
1771417173908,1.8997640077580058,-0.9950664752212312,1.618315789660212
1771417173912,1.8867016338004188,-0.9971734501787364,1.6016516991043352
1771417173915,0.27137422822238927,-0.0007836132308829242,0.27137309684934097
1771417173919,1.8867016338004188,-0.9971734501787364,1.6016516991043352
1771417173923,1.879350472250511,-1.006051210960767,1.587393825889654
1771417173930,1.8793283624182835,-0.967492688398642,1.6111588970939383
1771417173951,1.8793283624182835,-0.967492688398642,1.6111588970939383
1771417173960,1.8988102711107384,-1.0078602636493499,1.6092539062038342
1771417173964,1.8963964065566157,-0.9982400929393315,1.6124007093924635
1771417173968,1.8736597862949913,-0.9952112477483809,1.5874997849241126
1771417173972,1.882388936960184,-1.0073535664891988,1.590165683842908
1771417173976,1.882388936960184,-1.0073535664891988,1.590165683842908
1771417173980,1.8963964065566157,-0.9982400929393315,1.6124007093924635
1771417173985,1.8963964065566157,-0.9982400929393315,1.6124007093924635
1771417173989,1.8779435897238992,-0.9853984825942823,1.5986437866785617
1771417173992,1.8785006474053245,-1.0164772767003445,1.5797273904867493
1771417173997,1.8755071910655263,-0.9760808604770516,1.6014972299535455
1771417174001,1.8849466787490197,-1.019260800959662,1.5856012743921557
1771417174005,1.8678832715085372,-0.9840020164956201,1.587680051998509
1771417174008,0.2713401913942454,-0.0007996284126679768,0.2713390131556231
1771417174012,1.8836561975271318,-0.9960135152055085,1.5987863359468453
1771417174016,1.8867016338004188,-0.9971734501787364,1.6016516991043352
1771417174020,1.8875244603467125,-0.9869491565606703,1.6089375223330862
1771417174024,1.8793283624182835,-0.967492688398642,1.6111588970939383
1771417174029,1.885399143389841,-0.9746974002791925,1.6139067221447867
1771417174033,1.8875244603467125,-0.9869491565606703,1.6089375223330862
1771417174037,1.8697945250381616,-1.0040474831948325,1.5773459409250739
1771417174041,1.8849466787490197,-1.019260800959662,1.5856012743921557
1771417174045,1.872407849209466,-0.9709487606913507,1.6009902116793682
1771417174049,1.9031636294831549,-0.9927279297435039,1.6237373734981504
1771417174053,1.8736597862949913,-0.9952112477483809,1.5874997849241126
1771417174057,1.8849466787490197,-1.019260800959662,1.5856012743921557
1771417174061,1.882388936960184,-1.0073535664891988,1.590165683842908
1771417174064,1.8779435897238992,-0.9853984825942823,1.5986437866785617
1771417174068,1.8779435897238992,-0.9853984825942823,1.5986437866785617
1771417174072,1.8762485364782349,-0.9621278056674392,1.610782001450934
1771417174076,1.889254657189993,-0.965600732251119,1.6238529445704684
1771417174079,0.2701433534678202,-6.180123512929395e-05,0.27014334639862403
1771417174083,0.2700863603998199,-3.387023955162263e-05,0.2700863582760675
1771417174086,0.27040079000506984,-0.0002257207326759104,0.2704006957933295
1771417174089,0.4847622602891699,-0.09498012913110776,0.4753664103309183
1771417174094,1.8873827048744778,-0.9491990279427877,1.6313291145602002
1771417174099,1.8840898021347758,-1.0292853756682534,1.5780893504309956
1771417174102,0.27129468648070704,-0.0008103872249382855,0.2712934761198853
1771417174106,1.8927686794350416,-1.0051902625713078,1.6037973094758877
1771417174109,0.27043231864795664,-0.0002503279116426424,0.2704322027888813
1771417174113,1.8867016338004188,-0.9971734501787364,1.6016516991043352
1771417174116,0.27040525989218867,-0.00022913072204206982,0.27040516281401566
1771417174120,1.8849466787490197,-1.019260800959662,1.5856012743921557
1771417174124,1.8793283624182835,-0.967492688398642,1.6111588970939383
1771417174129,1.8963964065566157,-0.9982400929393315,1.6124007093924635
1771417174133,1.8754684977396539,-1.0150524407637596,1.5770385627857577
1771417174137,1.888764208817293,-1.0131035607715975,1.5940675680977656
1771417174141,1.8779435897238992,-0.9853984825942823,1.5986437866785617
1771417174145,1.872407849209466,-0.9709487606913507,1.6009902116793682
1771417174149,1.8741726331501667,-1.0265704480165365,1.568016637063573
1771417174152,1.8793283624182835,-0.967492688398642,1.6111588970939383
1771417174157,1.9014010974294373,-0.9792444079671506,1.6298486195873938
1771417174161,1.8856266625626863,-0.9677443673008028,1.618350626448071
1771417174165,1.8711476758478152,-1.0250148290583627,1.5654195044910921
1771417174169,1.8836561975271318,-0.9960135152055085,1.5987863359468453
1771417174173,1.8692747763341226,-0.9711424354592902,1.5972071122710363
1771417174177,1.8927686794350416,-1.0051902625713078,1.6037973094758877
1771417174181,1.6344454709381258,-0.7265331832126416,1.4640906840633396
1771417174185,0.2700750399267364,-1.1991946126815932e-05,0.27007503966050156
1771417174188,0.27130812723664016,-0.0008083208199406028,0.27130692310021315
1771417174192,1.8755071910655263,-0.9760808604770516,1.6014972299535455
1771417174196,0.2700334177162756,-1.6890516856766956e-05,0.270033417188027
1771417174201,0.27011807035314583,-6.681835501091576e-05,0.2701180620888105
1771417174205,0.2700112638285594,-4.058752550235853e-06,0.27001126379805424
1771417174210,1.8621103048300303,-0.9777259246484781,1.584773423434551
1771417174214,1.8762485364782349,-0.9621278056674392,1.610782001450934
1771417174218,1.8931869192751531,-0.9993575175967302,1.607930739595909
1771417174222,1.8867016338004188,-0.9971734501787364,1.6016516991043352
1771417174226,1.8711476758478152,-1.0250148290583627,1.5654195044910921
1771417174229,0.2703587242274132,-0.00019251763647142224,0.270358655683213
1771417174233,1.8944446225486342,-0.978739531880833,1.6220324770599153
1771417174237,1.8997640077580058,-0.9950664752212312,1.618315789660212
1771417174241,1.8831458264557708,-0.9588533593142048,1.6207524299008942
1771417174244,0.27002312644274373,-1.4256407548073834e-05,0.27002312606639606
1771417174248,1.8815378471587811,-0.9837579950447085,1.603871839479862
1771417174252,1.8939299039732718,-1.0290454174625059,1.589979877219716
1771417174256,1.8983538263005915,-1.01771295194489,1.6025004203661584
1771417174261,1.8762485364782349,-0.9621278056674392,1.610782001450934
1771417174264,0.2713326475838019,-0.0008023290427426064,0.271331461340079
1771417174267,0.2713271612799544,-0.0008038107629226745,0.27132597062665376
1771417174272,1.8785006474053245,-1.0164772767003445,1.5797273904867493
1771417174276,1.890576282784082,-0.9879739357214948,1.6118890108691282
1771417174280,1.890576282784082,-0.9879739357214948,1.6118890108691282
1771417174283,0.2712995552646979,-0.0008094128257433871,0.2712983478344466
1771417174287,1.890576282784082,-0.9879739357214948,1.6118890108691282
1771417174291,1.8840898021347758,-1.0292853756682534,1.5780893504309956
1771417174295,1.8875244603467125,-0.9869491565606703,1.6089375223330862
1771417174300,1.8849466787490197,-1.019260800959662,1.5856012743921557
1771417174303,0.2713390587886061,-0.0008002240129781246,0.2713378787891873
1771417174307,1.8755071910655263,-0.9760808604770516,1.6014972299535455
1771417174311,1.8892867976609007,-1.008813585627573,1.5974040670002754
1771417174314,1.8779435897238992,-0.9853984825942823,1.5986437866785617
1771417174319,1.8815378471587811,-0.9837579950447085,1.603871839479862
1771417174322,1.8906355582596577,-1.0259591892762467,1.5880524412296446
1771417174326,1.8772409548699838,-0.9937791490610542,1.592619416412049
1771417174331,1.8997640077580058,-0.9950664752212312,1.618315789660212
1771417174335,1.8892867976609007,-1.008813585627573,1.5974040670002754
1771417174338,1.8931869192751531,-0.9993575175967302,1.607930739595909
1771417174343,1.8895572487852619,-1.043503837672038,1.5752861128063869
1771417174347,1.8793283624182835,-0.967492688398642,1.6111588970939383
1771417174351,1.882388936960184,-1.0073535664891988,1.590165683842908
1771417174355,1.8779435897238992,-0.9853984825942823,1.5986437866785617
1771417174359,1.8906355582596577,-1.0259591892762467,1.5880524412296446
1771417174363,1.8867016338004188,-0.9971734501787364,1.6016516991043352
1771417174368,1.8772409548699838,-0.9937791490610542,1.592619416412049
1771417174372,1.8927686794350416,-1.0051902625713078,1.6037973094758877
1771417174376,1.8712574752580304,-0.9855589702627879,1.5906847754484894
1771417174380,1.8793283624182835,-0.967492688398642,1.6111588970939383
1771417174384,1.8906355582596577,-1.0259591892762467,1.5880524412296446
1771417174388,1.8793283624182835,-0.967492688398642,1.6111588970939383
1771417174391,1.890576282784082,-0.9879739357214948,1.6118890108691282
1771417174396,1.8731144440126588,-0.9623595624004094,1.6069915348331316
1771417174400,1.8736597862949913,-0.9952112477483809,1.5874997849241126
1771417174404,1.890576282784082,-0.9879739357214948,1.6118890108691282
1771417174408,1.8712574752580304,-0.9855589702627879,1.5906847754484894
1771417174411,0.27133972258860306,-0.0007997924336597306,0.2713385438645294
1771417174415,0.31969829640459513,-0.024957647894156363,0.3187226326064588
1771417174419,1.5654100594166203,-0.6565493218517946,1.4210741156247604
1771417174422,0.38655520748855615,-0.05742741951442955,0.38226564052296724
1771417174425,0.7134596045350592,-0.19983741912842898,0.6849011704030091
1771417174429,1.8815378471587811,-0.9837579950447085,1.603871839479862
1771417174433,0.27003909256285663,-1.8081602242720976e-05,0.27003909195749176
1771417174437,1.890576282784082,-0.9879739357214948,1.6118890108691282
1771417174441,1.885399143389841,-0.9746974002791925,1.6139067221447867
1771417174445,1.8931869192751531,-0.9993575175967302,1.607930739595909
1771417174449,1.8867016338004188,-0.9971734501787364,1.6016516991043352
1771417174453,1.8736597862949913,-0.9952112477483809,1.5874997849241126
1771417174457,1.882388936960184,-1.0073535664891988,1.590165683842908
1771417174461,1.8815378471587811,-0.9837579950447085,1.603871839479862
1771417174465,1.8947909489468335,-1.0182282846422934,1.5979499055243422
1771417174469,1.8849466787490197,-1.019260800959662,1.5856012743921557
1771417174473,1.8755071910655263,-0.9760808604770516,1.6014972299535455
1771417174477,1.8931869192751531,-0.9993575175967302,1.607930739595909
1771417174481,1.8892867976609007,-1.008813585627573,1.5974040670002754
1771417174485,1.9067659239836823,-1.0340980325338303,1.6019979862580997
1771417174489,0.2704512958017785,-0.0002615271694872141,0.2704511693529919
1771417174493,1.8736597862949913,-0.9952112477483809,1.5874997849241126
1771417174497,1.8931869192751531,-0.9993575175967302,1.607930739595909
1771417174501,0.2700041091543635,9.998046120701728e-06,0.2700041089692535
1771417174506,1.8867016338004188,-0.9971734501787364,1.6016516991043352
1771417174509,1.8815378471587811,-0.9837579950447085,1.603871839479862
1771417174514,1.864998051687218,-0.9809057409501372,1.5862035368035785
1771417174518,1.8849466787490197,-1.019260800959662,1.5856012743921557
1771417174522,1.8674295537760743,-0.9940272535415585,1.580886763032993
1771417174526,1.91074050511246,-0.9797072404868363,1.6404581679564667
1771417174529,0.00012640620742194558,-7.678441652433541e-05,0.0001004125622311138
1771417174533,1.9231190819574406,-1.0697462354053575,1.59813328456199
1771417174536,0.0007061203139913312,0.00041009139741904875,-0.0005748312305312821
1771417174539,1.8994638439499616,-1.038054685468211,1.5907247921782879
1771417174543,0.00047920935899900107,0.00028145939083378,-0.00038784303663171645
1771417174545,0.00012704376383657534,-0.00010369939819089536,7.339313826652772e-05
1771417174549,1.8734853287476012,-0.9535365303982836,1.6126733588140254
1771417174552,0.0008567903821994772,0.0005080623438969366,-0.0006899002926100822
1771417174556,1.910051739136827,-1.070504675323671,1.5818714822291282
1771417174559,0.001282033206426603,0.0007339823645535629,-0.0010511322613757212
1771417174563,0.0074768050188262,-0.006132315082452339,-0.004277537260979991
1771417174566,0.00038559105091804643,0.00012215551884645602,-0.00036573007500537413
1771417174570,1.8982058791920893,-0.9709870785593552,1.6310639635128297
1771417174573,0.00017857134625732222,-9.112039182635601e-05,0.0001535734348693283
1771417174577,1.8853608513498405,-0.9714193014179787,1.6158372692307856
1771417174580,0.0005247326460682793,0.00027859308351023176,-0.0004446686897793446
1771417174584,1.8988102711107384,-1.0078602636493499,1.6092539062038342
1771417174587,9.514414986668784e-05,7.700069729134703e-05,-5.5886508841589794e-05
1771417174590,1.9031636294831549,-0.9927279297435039,1.6237373734981504
1771417174594,1.8947909489468335,-1.0182282846422934,1.5979499055243422
1771417174597,0.00013652828827077313,-0.00011221857721437816,7.77622300742975e-05
1771417174599,0.0004532819896231811,-0.00043303988435259265,0.00013394409534071594
1771417174603,1.8783317466031324,-1.0569804992493625,1.5527145180308395
1771417174607,1.8947909489468335,-1.0182282846422934,1.5979499055243422
1771417174611,1.9031636294831549,-0.9927279297435039,1.6237373734981504
1771417174615,1.8906355582596577,-1.0259591892762467,1.5880524412296446
1771417174620,1.8865720046751868,-1.0371957018809348,1.575874044720538
1771417174623,1.8906355582596577,-1.0259591892762467,1.5880524412296446
1771417174628,1.9074160004107679,-0.9821258444242951,1.6351344361662976
1771417174631,1.8947909489468335,-1.0182282846422934,1.5979499055243422
1771417174635,1.8988102711107384,-1.0078602636493499,1.6092539062038342
1771417174639,1.8906355582596577,-1.0259591892762467,1.5880524412296446
1771417174643,1.8906355582596577,-1.0259591892762467,1.5880524412296446
1771417174646,0.0004761322083639695,0.0004615453866301858,0.00011695185300773466
1771417174649,4.609250903190808e-06,1.2451157660973334e-06,4.437891460770659e-06
1771417174653,0.00018705234016082184,-0.00017971586809901617,-5.1872774294969295e-05
1771417174657,0.0007281018846025709,-0.0006851370176497349,-0.0002464135170964498
1771417174661,1.895700906138088,-0.9638496641879448,1.6323834569051334
1771417174666,1.9037642370922851,-0.9442564052445125,1.653087448257436
1771417174669,1.8778396178518029,-0.9442122352990575,1.623189725535916
1771417174673,0.0028244797600659793,-0.0027609946381003045,-0.0005954783987717283
1771417174678,1.895700906138088,-0.9638496641879448,1.6323834569051334
1771417174682,1.8880682011183798,-0.9803302066140213,1.6136152633371144
1771417174686,1.9001533881035064,-0.9505829786312836,1.6452886977845897
1771417174690,1.8918383470331326,-0.9721697533555064,1.6229412503124532
1771417174694,1.882996822364642,-1.0001168213752196,1.5954445702178646
1771417174698,1.882996822364642,-1.0001168213752196,1.5954445702178646
1771417174701,1.9085588846617472,-0.924975425636301,1.6694362755703605
1771417174706,1.895700906138088,-0.9638496641879448,1.6323834569051334
1771417174710,1.8880682011183798,-0.9803302066140213,1.6136152633371144
1771417174714,1.8880682011183798,-0.9803302066140213,1.6136152633371144
1771417174718,1.9001533881035064,-0.9505829786312836,1.6452886977845897
1771417174723,1.8880682011183798,-0.9803302066140213,1.6136152633371144
1771417174727,1.8880682011183798,-0.9803302066140213,1.6136152633371144
1771417174731,1.8880682011183798,-0.9803302066140213,1.6136152633371144
1771417174734,1.8754511113937569,-1.0112167350581904,1.5794801632076079
1771417174739,1.8918383470331326,-0.9721697533555064,1.6229412503124532
1771417174743,1.8880682011183798,-0.9803302066140213,1.6136152633371144
1771417174746,0.00036537710488948616,-0.0002748316828521213,0.000240765393854876
1771417174749,0.0008898839319582856,0.0005346785023648713,-0.000711345423452205
1771417174753,1.8918383470331326,-0.9721697533555064,1.6229412503124532
1771417174757,1.8880682011183798,-0.9803302066140213,1.6136152633371144
1771417174761,1.895700906138088,-0.9638496641879448,1.6323834569051334
1771417174765,1.895700906138088,-0.9638496641879448,1.6323834569051334
1771417174769,1.895700906138088,-0.9638496641879448,1.6323834569051334
1771417174773,1.9001533881035064,-0.9505829786312836,1.6452886977845897
1771417174778,1.882996822364642,-1.0001168213752196,1.5954445702178646
1771417174782,1.8794699926787515,-1.0047889208291199,1.5883345610918749
1771417174786,1.895700906138088,-0.9638496641879448,1.6323834569051334
1771417174789,1.2634721875709509e-05,2.408697479095199e-06,1.2402998562070902e-05
1771417174793,1.8918383470331326,-0.9721697533555064,1.6229412503124532
1771417174797,1.895700906138088,-0.9638496641879448,1.6323834569051334
1771417174801,1.8794699926787515,-1.0047889208291199,1.5883345610918749
1771417174805,1.8754511113937569,-1.0112167350581904,1.5794801632076079
1771417174810,1.8918383470331326,-0.9721697533555064,1.6229412503124532
1771417174813,0.0002742506085854784,-0.00027397816220345734,1.2221413384765116e-05
1771417174817,1.895700906138088,-0.9638496641879448,1.6323834569051334
1771417174821,1.882996822364642,-1.0001168213752196,1.5954445702178646
1771417174825,1.8880682011183798,-0.9803302066140213,1.6136152633371144
1771417174829,1.8794699926787515,-1.0047889208291199,1.5883345610918749
1771417174833,1.895700906138088,-0.9638496641879448,1.6323834569051334
1771417174837,1.8794699926787515,-1.0047889208291199,1.5883345610918749
1771417174840,0.0004613357406181786,-0.0003436037686670103,0.0003078426801623697
1771417174843,0.0001429029828231829,-0.00012460692070550433,-6.995982998875185e-05
1771417174846,0.0001610207610314465,-0.0001095394810105932,0.00011802028462546636
1771417174849,0.0006179800693868513,-0.0004557188855572261,0.0004173962907188532
1771417174851,0.00012063701328045478,-1.7476931412086205e-05,0.00011936434074565929
1771417174855,0.0004222945803235928,0.00015001971846892838,-0.0003947490299433082
1771417174858,0.05043032342277391,-0.04416741838147756,-0.024340432905786562
1771417174861,0.0008472930878650016,0.0005040358083001432,-0.000681067897272387
1771417174865,1.9034417700099535,-1.028144149394054,1.6018770801423565
1771417174868,0.0005234600273201117,0.0002789364780237792,-0.0004429501568231597
1771417174871,1.9076405797698637,-1.0150304930904337,1.6151797669861063
1771417174875,1.9301171064197102,-1.103259406239956,1.5837205331235225
1771417174879,1.9223877610854487,-1.1205733435105671,1.5620147521021281
1771417174883,1.9262555947866706,-1.1119101759288097,1.5729324133963651
1771417174886,0.00026803663687312827,-0.00020436656863793642,0.00017342994069483172
1771417174889,1.8978492470202104,-1.0574723170251008,1.5759391051499243
1771417174893,5.0129189824774444e-05,3.998349771548043e-05,3.0236659586079304e-05
1771417174896,1.904282955290466,-1.097700033606066,1.5560681893898585
1771417174899,0.0004286738135935784,0.00032294721685865134,-0.0002818977360393538
1771417174903,1.912091873982834,-1.083918593784503,1.5751875496585832
1771417174907,1.907964643815558,-1.0914175692546395,1.5649718117501423
1771417174911,1.9242177150921866,-1.055303477023587,1.6090209403412137
1771417174914,1.919953815129084,-1.064766088490283,1.5976532255248097
1771417174918,1.912091873982834,-1.083918593784503,1.5751875496585832
1771417174921,1.8956916063166382,-1.1202178293167986,1.5293000624926805
1771417174925,0.0004565331812013124,-0.0004328430334253297,0.00014515320855203032
1771417174927,0.0006223898280427611,-0.0004575690688360109,0.00042190004182939304
1771417174931,1.9160240338331351,-1.0743570253395973,1.5864756790854535
1771417174935,1.9160240338331351,-1.0743570253395973,1.5864756790854535
1771417174939,1.919953815129084,-1.064766088490283,1.5976532255248097
1771417174943,1.9281124518749326,-1.0459262537385159,1.6197703228592868
1771417174947,1.9160240338331351,-1.0743570253395973,1.5864756790854535
1771417174951,1.904282955290466,-1.097700033606066,1.5560681893898585
1771417174955,1.8999818452511157,-1.1069682611720246,1.5441995599797387
1771417174958,1.907964643815558,-1.0914175692546395,1.5649718117501423
1771417174962,1.919953815129084,-1.064766088490283,1.5976532255248097
1771417174965,0.00016397888694306566,-0.00016347693978957252,-1.2820511695060837e-05
1771417174968,9.913788499274469e-05,-9.5700425834264e-05,-2.5879504167877894e-05
1771417174971,7.249237370223055e-05,-6.94192580068802e-05,-2.0883267530682208e-05
1771417174975,1.9242177150921866,-1.055303477023587,1.6090209403412137
1771417174979,1.9160240338331351,-1.0743570253395973,1.5864756790854535
1771417174983,1.907964643815558,-1.0914175692546395,1.5649718117501423
1771417174987,1.9160240338331351,-1.0743570253395973,1.5864756790854535
1771417174991,1.9160240338331351,-1.0743570253395973,1.5864756790854535
1771417174994,1.904282955290466,-1.097700033606066,1.5560681893898585
1771417174999,1.8918383470331326,-0.9721697533555064,1.6229412503124532
1771417175003,1.8754511113937569,-1.0112167350581904,1.5794801632076079
1771417175007,1.8880682011183798,-0.9803302066140213,1.6136152633371144
1771417175012,1.882996822364642,-1.0001168213752196,1.5954445702178646
1771417175016,1.8794699926787515,-1.0047889208291199,1.5883345610918749
1771417175020,1.895700906138088,-0.9638496641879448,1.6323834569051334
1771417175024,1.8918383470331326,-0.9721697533555064,1.6229412503124532
1771417175028,1.882996822364642,-1.0001168213752196,1.5954445702178646
1771417175032,1.8918383470331326,-0.9721697533555064,1.6229412503124532
1771417175036,1.895700906138088,-0.9638496641879448,1.6323834569051334
1771417175041,1.8918383470331326,-0.9721697533555064,1.6229412503124532
1771417175045,1.8918383470331326,-0.9721697533555064,1.6229412503124532
1771417175049,1.882996822364642,-1.0001168213752196,1.5954445702178646
1771417175053,1.8794699926787515,-1.0047889208291199,1.5883345610918749
1771417175058,1.9001533881035064,-0.9505829786312836,1.6452886977845897
1771417175062,1.8880682011183798,-0.9803302066140213,1.6136152633371144
1771417175065,0.0007464843574021158,-0.0005475792383261471,0.0005073419690900865
1771417175068,1.8794699926787515,-1.0047889208291199,1.5883345610918749
1771417175073,1.8880682011183798,-0.9803302066140213,1.6136152633371144
1771417175077,1.882996822364642,-1.0001168213752196,1.5954445702178646
1771417175081,1.882996822364642,-1.0001168213752196,1.5954445702178646
1771417175085,1.8794699926787515,-1.0047889208291199,1.5883345610918749
1771417175089,1.8880682011183798,-0.9803302066140213,1.6136152633371144
1771417175094,1.8880682011183798,-0.9803302066140213,1.6136152633371144
1771417175098,1.882996822364642,-1.0001168213752196,1.5954445702178646
1771417175102,1.8918383470331326,-0.9721697533555064,1.6229412503124532
1771417175105,0.0003992554330748328,-0.000299121216415897,0.0002644454551124795
1771417175109,1.882996822364642,-1.0001168213752196,1.5954445702178646
1771417175113,1.8880682011183798,-0.9803302066140213,1.6136152633371144
1771417175117,1.8794699926787515,-1.0047889208291199,1.5883345610918749
1771417175121,1.895700906138088,-0.9638496641879448,1.6323834569051334
1771417175126,1.8918383470331326,-0.9721697533555064,1.6229412503124532
1771417175130,1.882996822364642,-1.0001168213752196,1.5954445702178646
1771417175134,1.8880682011183798,-0.9803302066140213,1.6136152633371144
1771417175139,1.8918383470331326,-0.9721697533555064,1.6229412503124532
1771417175142,0.00018559042619087246,-0.0001780049740728384,-5.2517001999712555e-05
1771417175145,5.391401843602951e-05,9.157653056938598e-06,5.313058228938652e-05
1771417175149,1.8889035068410998,-1.0477667661750283,1.5716683052908231
1771417175154,1.896558159364969,-1.0726571261902944,1.5640778565937878
1771417175158,1.896558159364969,-1.0726571261902944,1.5640778565937878
1771417175162,1.8839371282203619,-1.0265424546398942,1.579692910634559
1771417175166,1.8998788734243903,-1.0377977236101203,1.5913879535028481
1771417175169,0.27004977227489435,-2.2245694300299166e-05,0.2700497713586356
1771417175174,1.9064424691288802,-1.033525304411257,1.6019826257609164
1771417175178,1.8912634187386301,-1.022596742677696,1.5909661281510354
1771417175181,0.2704042516660564,-0.0002265481971867561,0.27040415676352747
1771417175185,1.8916036978807333,-1.013921439282144,1.5969119777871572
1771417175189,1.8937827673551444,-1.0300424040112288,1.589158839093839
1771417175194,1.8912634187386301,-1.022596742677696,1.5909661281510354
1771417175198,1.8916036978807333,-1.013921439282144,1.5969119777871572
1771417175203,1.8918009642579605,-1.0501967094601523,1.5735303491850474
1771417175206,0.27134215272200896,-0.0007985880867570063,0.27134097755569786
1771417175211,1.917523469131404,-1.0604339727115717,1.5976157373376392
1771417175214,0.2713209061064288,-0.0008048893696058403,0.27131971222805806
1771417175218,0.27000029797415087,-9.523850465712211e-06,0.27000029780618123
1771417175221,0.2704579308714943,-0.00026334594261061934,0.27045780266097796
1771417175225,1.8918009642579605,-1.0501967094601523,1.5735303491850474
1771417175229,1.8976789637864284,-1.0208177203987046,1.5997239234685232
1771417175233,1.880042716337387,-1.035586038941301,1.5691150917645038
1771417175237,1.8855237015714084,-1.049586824536053,1.5663866466961056
1771417175240,0.27051979487037275,-0.00028489545766949493,0.27051964485280316
1771417175243,0.26969925899720754,-0.00016057577945215257,0.2696992111947343
1771417175246,0.27005032348878216,-5.686643159367479e-06,0.2700503234289083
1771417175249,0.26869502394316364,-0.00012480203983092396,0.26869499495946725
1771417175259,0.25517800268373636,0.000403052702038156,0.2551776843734192
1771417175275,0.27051926276673743,-0.0002849212678635661,0.2705191127216897
1771417175279,0.27137893020838216,-0.0007807543656914166,0.2713778070949546
1771417175284,0.2705187551085524,-0.0002849774750500538,0.27051860500401753
1771417175287,0.11341321937948581,-0.0018755637105313206,0.11339770981279611
1771417175290,0.27137893020838216,-0.0007807543656914166,0.2713778070949546
1771417175293,0.2683739139033982,-0.00019661985627494373,0.26837384187819185
1771417175297,0.24895240189793433,0.0017714400284964057,0.24894609940904086
1771417175299,0.2692302104629928,-0.0003288275841698958,0.26923000965413807
1771417175302,0.27137893020838216,-0.0007807543656914166,0.2713778070949546
1771417175305,0.27051695381962493,-0.0002850021418850979,0.27051680368810405
1771417175309,0.2602856019592842,-0.002024067096710297,0.2602777319320555
1771417175312,0.27000012420875136,1.3476528436830661e-05,0.27000012387242406
1771417175315,0.2713760321349628,-0.0007826708853917608,0.27137490348888477
1771417175318,0.27137893020838216,-0.0007807543656914166,0.2713778070949546
1771417175321,0.27137292320906126,-0.0007846449627858156,0.27137178884938173
1771417175324,0.2687252741936789,-9.666243233660508e-05,0.26872525680858894
1771417175327,0.2658196040096713,-0.0014916291177400078,0.2658154188876815
1771417175330,0.27051781344974296,-0.0002849948351340018,0.270517663326397
1771417175333,0.27051695381962493,-0.0002850021418850979,0.27051680368810405
1771417175337,0.2697716082260911,9.989181617947661e-05,0.26977158973197424
1771417175340,0.27137893020838216,-0.0007807543656914166,0.2713778070949546
1771417175343,0.2713760321349628,-0.0007826708853917608,0.27137490348888477
1771417175346,0.27137440105638583,-0.0007837184219580636,0.2713732693802896
1771417175349,0.27137893020838216,-0.0007807543656914166,0.2713778070949546
1771417175351,0.27137893020838216,-0.0007807543656914166,0.2713778070949546
1771417175354,0.27051695381962493,-0.0002850021418850979,0.27051680368810405
1771417175357,0.27051695381962493,-0.0002850021418850979,0.27051680368810405
1771417175360,0.2515428760231685,0.0008479203705065545,0.25154144690100755
1771417175363,0.27005616685804373,-2.399214540761295e-05,0.27005616579229685
1771417175366,0.27051695381962493,-0.0002850021418850979,0.27051680368810405
1771417175369,0.27137748708919684,-0.000781718075367986,0.2713763611954767
1771417175372,0.27137748708919684,-0.000781718075367986,0.2713763611954767
1771417175375,0.16453613541540463,-0.001090821201001111,0.16453251948032588
1771417175378,0.27051781344974296,-0.0002849948351340018,0.270517663326397
1771417175381,0.27051695381962493,-0.0002850021418850979,0.27051680368810405
1771417175385,0.26388368653013805,-0.001292145017301237,0.2638805229227622
1771417175387,0.2713760321349628,-0.0007826708853917608,0.27137490348888477
1771417175391,0.27051695381962493,-0.0002850021418850979,0.27051680368810405
1771417175394,0.27137893020838216,-0.0007807543656914166,0.2713778070949546
1771417175397,0.27137748708919684,-0.000781718075367986,0.2713763611954767
1771417175401,0.27137893020838216,-0.0007807543656914166,0.2713778070949546
1771417175403,0.26431986968430327,-0.00019437915986146668,0.26431979821169144
1771417175406,0.27051781344974296,-0.0002849948351340018,0.270517663326397
1771417175410,0.27051695381962493,-0.0002850021418850979,0.27051680368810405
1771417175412,0.10841915657579083,-0.002357624409035905,0.10839351973135557
1771417175415,0.2691931062935513,-1.7578549165483487e-05,0.26919310571960386
1771417175418,0.27137893020838216,-0.0007807543656914166,0.2713778070949546
1771417175421,0.2680418830267819,-0.000288286979110139,0.2680417279961475
1771417175424,0.27137748708919684,-0.000781718075367986,0.2713763611954767
1771417175427,0.2705187551085524,-0.0002849774750500538,0.27051860500401753
1771417175430,0.2713760321349628,-0.0007826708853917608,0.27137490348888477
1771417175433,0.2705187551085524,-0.0002849774750500538,0.27051860500401753
1771417175436,0.1588687164007911,-5.77712054641551e-05,0.15886870589679644
1771417175439,0.1480227117716524,0.0021053172230162467,0.14800773912071002
1771417175442,0.1593558836668423,-0.00019421132748234171,0.15935576532149837
1771417175445,0.2523433480236778,0.0005944854374237696,0.2523426477606662
1771417175447,0.27137748708919684,-0.000781718075367986,0.2713763611954767
1771417175451,0.27137440105638583,-0.0007837184219580636,0.2713732693802896
1771417175453,0.14996661752757187,0.005767938534719774,0.14985565474055598
1771417175456,0.10757900601625907,-0.002525720318048039,0.10754935272850927
1771417175459,0.037753505755559295,-0.003864685384018825,0.03755517812123383
1771417175462,0.018028350497080483,-0.002595737527236231,0.0178405035897331
1771417175464,0.15337039754955867,0.002614736224252532,0.153348107255966
1771417175467,0.2619612032046358,-0.0019088804155032195,0.2619542482189968
1771417175470,0.05917170523974613,0.00613588405681682,0.058852711303904265
1771417175473,0.03519837542391873,-0.003594713690462197,0.03501433514957452
1771417175475,0.24292513453924477,-7.712660089223122e-05,0.2429251222957346
1771417175479,0.019289994876256586,-0.002610662192534893,0.019112518024647467
1771417175481,0.019640857867857863,-0.0026167357112544948,0.01946576461387632
1771417175485,0.2655740242618259,-0.00021195893557961106,0.2655739396778805
1771417175488,0.27051695381962493,-0.0002850021418850979,0.27051680368810405
1771417175492,1.8881617425186346,-1.0144955179187622,1.5924677736248696
1771417175496,1.8894926430866001,-1.0017307192889446,1.6020980039658121
1771417175500,1.8993761187672704,-1.0438704280452507,1.5868094309009022
1771417175504,1.8993761187672704,-1.0438704280452507,1.5868094309009022
1771417175507,0.00012198490874218272,0.00011885003725112643,2.7477019602651704e-05
1771417175510,0.0005725622875739892,-0.00042340904727371557,0.0003854248977929734
1771417175513,0.0002690808401548246,0.0001706745574051342,-0.00020802570512556327
1771417175516,0.00013376397027827313,-0.00012994462563956397,-3.173632007653549e-05
1771417175519,0.00012489950084618043,-1.2644829120291002e-05,0.00012425777081592792
1771417175521,0.0010855352041070816,0.0005762336707797705,-0.0009199681711969574
1771417175525,7.686692707506016e-05,-7.213879070283057e-05,-2.654278346172123e-05
1771417175528,0.0003756080749349663,-0.00017672077984139182,-0.0003314380665050434
1771417175531,0.0008390961912769791,-0.0006122251763832783,0.0005738142135029389
1771417175534,0.0007000774731128975,0.0005119339386116489,-0.0004775270786643456
1771417175537,0.00044323139341050766,0.00033736304889752755,-0.00028747215750953107
1771417175541,5.552643134218226e-05,1.6297115552000175e-05,-5.3080962710588006e-05
1771417175544,7.20253189441797e-05,-5.976759415560434e-05,-4.0193049870117855e-05
1771417175547,0.0003272150122645566,-0.00014483000607279188,-0.00029341767770918134
1771417175550,9.577073296081423e-05,-8.67546248062705e-05,4.056683826199456e-05
1771417175553,0.00010358012814884209,-0.00010163275560218514,-1.999064621359336e-05
1771417175557,0.0001469993829316455,-0.00014637755601072344,-1.3506653124000647e-05
1771417175560,0.0001524480746116679,0.00014290472256558095,-5.3091013564058145e-05
1771417175563,0.0001512171829178411,-0.00010852439960817135,0.00010530475345060997
1771417175566,0.0006637863798627144,-0.000487134165346487,0.00045090205482280655
1771417175569,5.392101135731765e-05,1.2036392872716176e-05,-5.2560448175501754e-05
1771417175571,0.00013391805716173597,0.00013231768126011008,2.0641638983421318e-05
1771417175575,0.0002524004057663965,-0.0002521170919742138,1.1955616483789422e-05
1771417175578,0.0006033786909454256,-0.00044399023525558195,0.0004085811004986749
1771417175581,0.000327525508515732,-0.0002737040215770401,-0.00017988626212427674
1771417175584,3.990424488688142e-05,8.466693478599818e-06,3.899569029433428e-05
1771417175587,1.9359235756862585e-05,-1.6516713131441895e-05,-1.009842544278274e-05
1771417175590,0.0003553988588944337,-0.0001859036445283392,-0.0003028996266992524
1771417175594,1.882633872564153,-1.0056646475370126,1.5915240855293882
1771417175597,0.00011520219526794271,-1.9685049100882206e-05,0.00011350790561211611
1771417175601,3.151181732463648e-06,4.382228462346412e-07,3.1205619763194267e-06
1771417175604,0.000568721109044409,-0.0005553198120320568,0.00012273388381935793
1771417175607,2.4406089590876984e-05,8.522233202829833e-06,-2.286982182603307e-05
1771417175610,0.00016515432230389463,-0.00016502423928397078,6.553672589125877e-06
1771417175613,0.0001254625302184682,-1.218640211065354e-05,0.00012486928402300347
1771417175616,6.401440244846924e-05,-4.166821400937025e-05,-4.8596333833982844e-05
1771417175620,1.897869442552034,-0.8897359942354575,1.6763884637919129
1771417175623,0.0004110196755199241,-0.00017683257308015964,0.0003710355977023683
1771417175626,0.000443730723023958,-0.0003213287729846479,0.00030601433660458645
1771417175630,1.866287185061776,-0.9215347201612916,1.622899139399321
1771417175634,0.0003661613434222702,-0.0003642782870338056,3.7087181242553943e-05
1771417175637,0.0001415846178877592,-0.00013841436189798164,-2.9793765166513576e-05
1771417175640,8.989591330150131e-05,2.0408156195340758e-05,8.75487429322524e-05
1771417175643,2.3138473087645757e-05,-5.098406033060429e-06,2.2569784951340587e-05
1771417175647,1.8751582448473023,-0.894216833733812,1.6482095429543817
1771417175651,1.866287185061776,-0.9215347201612916,1.622899139399321
1771417175655,1.866287185061776,-0.9215347201612916,1.622899139399321
1771417175658,1.8751582448473023,-0.894216833733812,1.6482095429543817
1771417175662,1.8751582448473023,-0.894216833733812,1.6482095429543817
1771417175665,1.862333881804192,-0.932042450645273,1.6123226592438076
1771417175669,0.00010656604546148743,-9.393738776342257e-05,-5.031986909247872e-05
1771417175672,0.00042962555295123487,-0.00019046989314785902,-0.000385096527578343
1771417175675,0.00040169867242711006,0.00029903636873422103,-0.0002682146036366284
1771417175678,1.8751582448473023,-0.894216833733812,1.6482095429543817
1771417175682,1.862333881804192,-0.932042450645273,1.6123226592438076
1771417175685,0.0012616503767143889,0.0007111952035161921,-0.0010420955117258308
1771417175687,0.000930779618853796,-0.0006799428474319854,0.0006356323018063994
1771417175691,1.866287185061776,-0.9215347201612916,1.622899139399321
1771417175694,1.866287185061776,-0.9215347201612916,1.622899139399321
1771417175697,0.0009738321182288066,0.0005925233778474984,-0.0007728292445283078
1771417175700,0.0009383920115034413,-0.0006853770721850191,0.0006409663299866584
1771417175703,1.8751582448473023,-0.894216833733812,1.6482095429543817
1771417175707,1.8706843006097347,-0.9096871832853604,1.6346036159002217
1771417175711,1.866287185061776,-0.9215347201612916,1.622899139399321
1771417175715,1.878679365670672,-0.8870755847227053,1.6560594995306264
1771417175718,1.8751582448473023,-0.894216833733812,1.6482095429543817
1771417175722,1.8751582448473023,-0.894216833733812,1.6482095429543817
1771417175725,1.8751582448473023,-0.894216833733812,1.6482095429543817
1771417175729,1.8728103253828305,-0.8781762169862233,1.6541538763912835
1771417175733,1.8618307088934742,-0.8993869944737282,1.6301891371096455
1771417175737,1.866287185061776,-0.9215347201612916,1.622899139399321
1771417175741,0.27051249263578964,-0.0002850665888402072,0.2705123424338861
1771417175744,1.8751582448473023,-0.894216833733812,1.6482095429543817
1771417175748,1.8592806509679614,-0.8912869301363932,1.631726737916582
1771417175752,1.8605036766340466,-0.9114248024445826,1.6219675583246598
1771417175756,1.8562411827516372,-0.8854716158904599,1.6314322989310757
1771417175760,1.8813588143643312,-0.8928864314687213,1.6559785049587492
1771417175764,1.8716586764077212,-0.8971941144229142,1.642604310848229
1771417175768,1.8618307088934742,-0.8993869944737282,1.6301891371096455
1771417175772,1.8649084530843456,-0.899571141070546,1.6336019406631723
1771417175775,1.8751582448473023,-0.894216833733812,1.6482095429543817
1771417175779,1.8478859855234049,-0.8713849731835431,1.629530866232279
1771417175784,1.8725551983756226,-0.9260061676626802,1.6275673713902732
1771417175788,1.8656149032181735,-0.8908255078695627,1.6391915329328328
1771417175792,1.8618307088934742,-0.8993869944737282,1.6301891371096455
1771417175796,1.8477112914032339,-0.9101206853681183,1.6080165902266286
1771417175800,1.8548530364154057,-0.9034078310036331,1.6199796534465367
1771417175804,1.8605036766340466,-0.9114248024445826,1.6219675583246598
1771417175808,1.860637276973348,-0.8691397166252444,1.6451648031268433
1771417175813,1.880424956535753,-0.9094662401739615,1.645864263888832
1771417175817,1.8477112914032339,-0.9101206853681183,1.6080165902266286
1771417175821,1.8649084530843456,-0.899571141070546,1.6336019406631723
1771417175825,1.8656149032181735,-0.8908255078695627,1.6391915329328328
1771417175829,1.8632575361221586,-0.8803932641893014,1.6421438263094144
1771417175834,1.8677381145188232,-0.8622950461915513,1.6567718363552173
1771417175837,1.8576180177426296,-0.9088876860890238,1.6200826750255053
1771417175842,1.8594006604401687,-0.9293988534587014,1.6104622278200091
1771417175845,1.8460356129429198,-0.9312585231182618,1.5939275539914404
1771417175850,1.880424956535753,-0.9094662401739615,1.645864263888832
1771417175855,1.853819167632127,-0.9174281960593683,1.6108913716807616
1771417175859,1.8739430089276905,-0.8674399829064137,1.6610870768157482
1771417175863,1.8793959245950846,-0.9227800653620563,1.6372556282862527
1771417175867,1.8728103253828305,-0.8781762169862233,1.6541538763912835
1771417175871,1.8688637440799356,-0.8888816283439831,1.6439407363798197
1771417175875,1.863551420035826,-0.8717878266172072,1.6470609826231664
1771417175879,1.8755776776837072,-0.8869007528859135,1.6526338613122413
1771417175883,1.8716333995839236,-0.8573740178847321,1.6637071184238728
1771417175886,1.8565305174644118,-0.9220678249133554,1.6113647906468078
1771417175891,1.848874651864712,-0.8955633462923676,1.617499233720213
1771417175895,1.8813588143643312,-0.8928864314687213,1.6559785049587492
1771417175899,1.859776542002543,-0.8803197867330266,1.6382325412679528
1771417175903,1.869554067484019,-0.8798876325768548,1.649554535407768
1771417175907,1.8728103253828305,-0.8781762169862233,1.6541538763912835
1771417175910,1.8656149032181735,-0.8908255078695627,1.6391915329328328
1771417175913,0.00012310982532478046,-0.00010443066357209406,6.519406105919511e-05
1771417175918,1.8727925946114141,-1.0052921803358645,1.5801075072876898
1771417175922,1.8789380175451331,-0.9729090191184233,1.6074377481863684
1771417175925,1.8988662809051076,-0.9670880557152131,1.6341462129354778
1771417175929,1.8931869192751531,-0.9993575175967302,1.607930739595909
1771417175932,0.00012842846624119397,-0.0001260881564738392,-2.4405895560174366e-05
1771417175936,1.8994160537838172,-0.9998717581917426,1.6149420461868722
1771417175941,0.0035899909774215794,-0.0028057728969049893,-0.002239569974115953
1771417175944,0.2703126390430437,-0.0001554082454743055,0.2703125943693561
1771417175948,0.2703352557371971,-0.00017184866002376378,0.27033520111619536
1771417175951,0.27004119213199435,6.0780900792213035e-05,0.2700411852917084
1771417175954,0.00028698454495260003,9.292584715477786e-05,0.00027152332491374984
1771417175957,0.0015600905643763387,-0.0007163998258594019,0.0013858765668574896
1771417175961,0.004820093640980344,-0.0022162220652551905,0.004280381112155221
1771417175964,0.27033066021913255,-0.00016875986091271057,0.2703306075430998
1771417175967,0.00417468646988345,-0.000943846491631966,0.004066590823043544
1771417175970,0.15310309745169762,-0.015189145726353648,0.15234778732035334
1771417175973,0.05065074918295155,-2.7058413802731607e-06,0.050650749110676435
1771417175976,0.008464452244549493,-0.0010063424903257458,0.008404417088199747
1771417175980,0.0036914665189508498,-0.0012430598801258278,0.003475877902768834
1771417175983,0.2703152834327806,-0.00015757347281266862,0.270315237506037
1771417175987,0.003292697500975197,-0.00010840038952354691,0.003290912668011634
1771417175990,0.0018592143715471287,-0.00043257140878371334,0.0018081924830255927
1771417175993,0.039564934503835095,-0.004821359311543828,0.03927007176822765
1771417175996,0.0014957784806733537,-0.0009016504546587218,0.0011934738040104637
1771417175999,0.041848336849464436,-0.004982160285609605,0.041550708489203135
1771417176002,0.004796989320160179,-0.0021570687810367494,0.004284642436844345
1771417176005,0.26793956097752575,-0.0008642655951073197,0.26793816708675594
1771417176009,0.26978453783195705,-3.867602039326539e-05,0.26978453505968075
1771417176012,0.07449515550453858,-0.01237465421529725,0.07346016693894189
1771417176015,0.0029026733538457788,-8.838135275236118e-05,0.00290132751264175
1771417176019,0.2635972358133329,-0.001679014057729286,0.26359188841886577
1771417176022,0.27003199067915634,-5.6528504177812995e-06,0.27003199061998795
1771417176025,0.07429414455844939,-0.012245051507018585,0.07327809105907603
1771417176029,0.0008541822638423492,-0.00029164603735307127,0.0008028511249036721
1771417176031,0.1096321454932752,-0.005916550924402294,0.10947237893924483
1771417176034,0.12065670430937529,-0.010669988715780988,0.12018399076251848
1771417176038,0.003889199953783201,-8.747742425816579e-05,0.0038882160409051876
1771417176041,0.0056415457254125004,-0.0007926174034986536,0.0055855882253878246
1771417176044,0.2691991671779684,-0.00020025418994981117,0.26919909269455417
1771417176048,0.2682872552191058,-0.0002924793578663815,0.26828709579259835
1771417176051,0.26465335664055245,0.0012887666637233434,0.26465021870687716
1771417176055,0.0034108894065746492,-0.0011827102638155892,0.003199275382918517
1771417176058,0.0982214782914797,-0.009171075727046406,0.09779238297419895
1771417176060,0.07182402830523243,-0.015758523160600155,0.07007396085414082
1771417176064,0.2699837082909777,2.9875819445221417e-05,0.26998370663798055
1771417176068,0.2389306774086872,-0.0015746293196829911,0.23892548869779412
1771417176071,0.00254902555235808,-0.00022179551799571707,0.002539357795737227
1771417176074,1.2651726745439228e-05,-8.298973988479168e-06,9.549514143651942e-06
1771417176077,0.0013991461113104335,-0.00014598108080454643,0.0013915097429922094
1771417176080,0.24105456145620663,0.0010960244234670398,0.24105206974698903
1771417176084,0.0001280655853172252,2.6844045431281122e-05,-0.0001252205708640829
1771417176087,0.014619418390834511,0.001233783353760811,0.014567263734904131
1771417176090,0.1213297138450026,-0.01051445541783089,0.12087326292020358
1771417176093,0.26593362156764544,0.0003787875301045759,0.2659333518009554
1771417176097,0.006880291378871495,-0.0008158210831047922,0.006831752734001367
1771417176099,0.0019401522049437132,-4.2915914318155616e-05,0.0019396774996494105
1771417176102,0.002960210694317753,-0.0004390232055355613,0.0029274743346021795
1771417176106,0.0005052530138394463,6.991254884616241e-05,-0.0005003926893027881
1771417176109,0.0004182410304792264,-7.493266664424474e-06,0.0004181738998682498
1771417176112,0.001953625284959311,-0.0003773382646401382,0.0019168379138755362
1771417176115,0.0010010150253804005,-1.6521542340251335e-05,0.0010008786738041845
1771417176117,0.1213297138450026,-0.01051445541783089,0.12087326292020358
1771417176121,0.004632596313604634,-0.0017681012020765228,0.004281911575924799
1771417176124,6.384162366857584e-06,-2.7473540270534185e-06,5.762774937166469e-06
1771417176128,0.00011082569255974071,-1.5895027973622912e-05,0.00010967990799168239
1771417176131,0.0007953138855320939,-0.00019371950434877343,0.0007713604411395636
1771417176134,0.0020911495084810997,0.0001513109529835254,0.002085668061396147
1771417176138,0.0019238776291360957,-0.000203678590165711,0.0019130656454493225
1771417176141,0.0013898696599910774,-9.935633779300439e-05,0.0013863138136454081
1771417176145,0.004287706111136029,-0.0011160080904877314,0.0041399214530518785
1771417176149,0.007056429569033014,-0.0008860688057470415,0.007000577142936534
1771417176152,0.2686175793807422,0.00042167076141805,0.26861724841517215
1771417176156,0.007646554634235111,-0.0009340967532995206,0.007589285936754377
1771417176159,0.00570674813912573,-0.0033953970749886785,0.00458674754336592
1771417176162,0.00034274898006644156,-0.00010278273556785819,0.00032697488069540403
1771417176166,0.2650526049812405,-0.0014283900413643474,0.26504875609825307
1771417176170,1.879350472250511,-1.006051210960767,1.587393825889654
1771417176174,1.8927686794350416,-1.0051902625713078,1.6037973094758877
1771417176179,1.888764208817293,-1.0131035607715975,1.5940675680977656
1771417176183,1.8892867976609007,-1.008813585627573,1.5974040670002754
1771417176187,1.8963964065566157,-0.9982400929393315,1.6124007093924635
1771417176191,1.8755071910655263,-0.9760808604770516,1.6014972299535455
1771417176196,1.8988102711107384,-1.0078602636493499,1.6092539062038342
1771417176200,1.8793283624182835,-0.967492688398642,1.6111588970939383
1771417176204,1.8931869192751531,-0.9993575175967302,1.607930739595909
1771417176208,1.8755071910655263,-0.9760808604770516,1.6014972299535455
1771417176212,1.8755071910655263,-0.9760808604770516,1.6014972299535455
1771417176215,1.8733679955142093,-1.0027535406806187,1.5824010184745865
1771417176220,1.890576282784082,-0.9879739357214948,1.6118890108691282
1771417176224,1.8755071910655263,-0.9760808604770516,1.6014972299535455
1771417176228,1.8892867976609007,-1.008813585627573,1.5974040670002754
1771417176232,1.8983538263005915,-1.01771295194489,1.6025004203661584
1771417176235,1.8772409548699838,-0.9937791490610542,1.592619416412049
1771417176240,1.8812144985080095,-1.063654113817045,1.5516468398307712
1771417176244,1.8836561975271318,-0.9960135152055085,1.5987863359468453
1771417176248,1.8817894971291989,-0.9765703676146619,1.6085527745780452
1771417176252,1.8931869192751531,-0.9993575175967302,1.607930739595909
1771417176256,1.8931869192751531,-0.9993575175967302,1.607930739595909
1771417176260,1.8772409548699838,-0.9937791490610542,1.592619416412049
1771417176263,1.890576282784082,-0.9879739357214948,1.6118890108691282
1771417176267,1.8944446225486342,-0.978739531880833,1.6220324770599153
1771417176271,1.8875244603467125,-0.9869491565606703,1.6089375223330862
1771417176275,1.9009050005403034,-1.0246381272036325,1.601111029679005
1771417176278,1.8892867976609007,-1.008813585627573,1.5974040670002754
1771417176281,0.00034541099896235954,0.00024325899544185573,-0.00024522197972611334
1771417176285,1.8801584156422921,-0.8721127966759137,1.66565750914906
1771417176288,1.8716586764077212,-0.8971941144229142,1.642604310848229
1771417176292,1.8677301069529433,-0.9075119277689114,1.6324331083923798
1771417176295,0.00017177345831038526,-0.00012939003458003074,0.0001129793783452897
1771417176297,0.00127004965771915,0.0007202384175371036,-0.00104607970775471
1771417176301,1.8677301069529433,-0.9075119277689114,1.6324331083923798
1771417176305,1.8677301069529433,-0.9075119277689114,1.6324331083923798
1771417176308,0.0001534079577133691,-0.00012265555923945287,9.213910829525057e-05
1771417176311,1.884096375097899,-0.8612178346503305,1.6757455033319466
1771417176314,0.00014580423020337871,1.1861755362671934e-05,0.0001453209286541893
1771417176317,7.538959070275274e-05,-2.8693732853683762e-05,-6.971556555927815e-05
1771417176321,1.8633574252807665,-0.9189419213781332,1.6210017395064178
1771417176324,0.0005997867790214065,0.000326901543518296,-0.0005028713166747822
1771417176328,1.8633574252807665,-0.9189419213781332,1.6210017395064178
1771417176331,0.0003224672770174181,-0.0003163811862780485,6.235454848143023e-05
1771417176333,0.0006511623976137296,0.0004622965801005835,-0.00045857860841230455
1771417176336,0.0009517952598029215,0.0005777798811069214,-0.0007563627605662396
1771417176340,1.8594006604401687,-0.9293988534587014,1.6104622278200091
1771417176343,1.8755776776837072,-0.8869007528859135,1.6526338613122413
1771417176347,4.809714166233314e-05,3.269448892763165e-05,3.5276131163259865e-05
1771417176350,0.00016615866752999763,0.00013214890343202424,0.00010072422805391869
1771417176353,0.0005094351565740963,0.0003109472136497203,-0.00040352944016161844
1771417176355,0.00025060174403400225,0.0001949186902970118,-0.0001575053595462109
1771417176358,0.00017295518834636395,7.462687732538741e-05,0.00015602668475804966
1771417176362,0.00018155663539999643,-9.035645668677637e-05,0.00015747546663775266
1771417176365,0.00013477257967882557,0.00012718551759771136,4.4581300414945794e-05
1771417176367,0.0012627466788674537,0.0007145003691784711,-0.0010411620418717795
1771417176371,0.00033753666679364665,0.00023563126266293386,-0.00024167935262665017
1771417176373,8.53332479109677e-05,-3.273741405417133e-05,7.880371133443158e-05
1771417176376,0.00016820917841968745,-8.784157033972689e-05,0.00014345098892958898
1771417176379,0.0012454501923454618,0.0007009004814828032,-0.0010295070163289428
1771417176382,2.821380014285851e-05,-1.436851473493177e-05,2.428094526193763e-05
1771417176385,0.00030023461558325286,-0.0003000240535120178,1.1242406710374985e-05
1771417176387,0.0013121469418105065,0.0007532780203995896,-0.0010743843915868938
1771417176391,0.00036631271324211764,-0.00017934266380410343,-0.0003194075966886984
1771417176394,0.00014143956302697935,-0.00011529301749254423,8.193088615855899e-05
1771417176397,8.850810584502032e-05,-5.2860335389577966e-05,7.098922272271089e-05
1771417176400,7.88005062419376e-05,-5.204681277281898e-05,5.916628317020408e-05
1771417176403,4.8902301451525296e-05,-2.8152123296792898e-05,-3.9986160620119845e-05
1771417176407,0.0005027050469082706,-0.00047947390668146413,0.00015105342431954703
1771417176409,6.314665941668758e-05,6.223959021287744e-05,-1.0664614649401395e-05
1771417176413,1.8594006604401687,-0.9293988534587014,1.6104622278200091
1771417176416,0.00017850762493012932,-0.00013230974707546773,0.00011982947461714702
1771417176419,0.00047875919740553245,-0.0004714756577891044,8.319298776171527e-05
1771417176422,0.0009764044249329428,-0.0007121601471706424,0.0006679771895884767
1771417176425,0.00011536498545919878,0.00011301746032427428,2.3154557474765815e-05
1771417176428,0.00017600710675150618,-0.00015597443398739693,-8.155046026447213e-05
1771417176431,7.372020551501831e-05,-6.606611027120104e-05,-3.2709903313981844e-05
1771417176434,0.0002484627456770677,0.0001513906497424141,-0.0001970142308564458
1771417176438,1.8724592941178686,-0.9313815568465206,1.6243867161776897
1771417176441,0.00046735605291026036,3.876340250534631e-06,-0.0004673399770810541
1771417176445,1.8683921286446834,-0.9390152690213152,1.6152830931221434
1771417176449,1.8847467127386934,-0.8981229289896918,1.6569989063370827
1771417176452,1.8724592941178686,-0.9313815568465206,1.6243867161776897
1771417176455,0.0008638477954105692,0.0005156544992041834,-0.0006930609288411687
1771417176459,1.9064174701585868,-1.038931026873308,1.5984523427133632
1771417176463,1.8777834140529774,-0.9868728173657785,1.5975458029230294
1771417176473,3.4662242344500514e-05,-3.464314262733601e-05,1.150527379482601e-06
1771417176485,1.9217618783872559,-1.0908558182485577,1.582151162504956
1771417176490,6.581256469163776e-05,-4.030481257510303e-05,5.202706751852176e-05
1771417176493,0.0004968546819547538,-0.0004643831772963933,0.00017667155861786604
1771417176499,1.91266166256023,-1.1195102882069043,1.5507970047774005
1771417176503,0.00038035909072153904,5.485400261082829e-06,-0.00038031953444241025
1771417176506,8.67594167135377e-05,3.36481136208543e-05,7.996874913509255e-05
1771417176510,1.9178951296515008,-1.098483177672733,1.5721502589482221
1771417176514,1.9104453530949599,-1.0701638061595102,1.5825772888387841
1771417176518,1.9141165042832597,-1.1015744274925914,1.565367615821899
1771417176522,1.9074832930000396,-1.0641543090364718,1.5830565749945213
1771417176526,1.9066511242143949,-1.0738307103488727,1.5755018613063114
1771417176530,1.9094935675891318,-1.1154896142294561,1.549789858403548
1771417176534,1.9123722257653384,-1.0847432343406758,1.5749602043959092
1771417176537,1.9104453530949599,-1.0701638061595102,1.5825772888387841
1771417176541,1.9223877610854487,-1.1205733435105671,1.5620147521021281
1771417176545,1.9103797886675875,-1.0667256045390574,1.5848177881290957
1771417176549,1.9301171064197102,-1.103259406239956,1.5837205331235225
1771417176553,1.9074832930000396,-1.0641543090364718,1.5830565749945213
1771417176557,1.9204735585207984,-1.1052124807702102,1.570580803819815
1771417176562,1.9071897032954412,-1.1046094858523763,1.5547380641513548
1771417176566,1.9262555947866706,-1.1119101759288097,1.5729324133963651
1771417176570,1.914877933320483,-1.1306718715079827,1.5454250607837186
1771417176574,1.9317654283687697,-1.0870430332795764,1.596889199048924
1771417176579,1.9260622484196521,-1.0791886036344471,1.5953268450611924
1771417176583,1.9123722257653384,-1.0847432343406758,1.5749602043959092
1771417176587,1.9356329364837361,-1.1222853223134517,1.577070233096942
1771417176591,1.9035564352428347,-1.0735064949466613,1.571976751565284
1771417176595,1.9188805611944824,-1.082277485004175,1.5845434842828043
1771417176599,1.9262555947866706,-1.1119101759288097,1.5729324133963651
1771417176603,1.9178951296515008,-1.098483177672733,1.5721502589482221
1771417176606,1.916436630503633,-1.073381009289932,1.5876342675918298
1771417176610,1.9104453530949599,-1.0701638061595102,1.5825772888387841
1771417176613,0.0003718111012044967,-7.845369525917735e-06,-0.000371728321702695
1771417176617,1.8733679955142093,-1.0027535406806187,1.5824010184745865
1771417176620,1.8815378471587811,-0.9837579950447085,1.603871839479862
1771417176623,1.6720961562045384,-0.7459186318626333,1.4964995657313669
1771417176628,0.27004271851083206,-1.1958040471993996e-05,0.2700427182460689
1771417176631,0.2701087126436073,-4.357737203037168e-05,0.27010870912837937
1771417176635,0.27042200570787805,-0.00024193737599712798,0.27042189748128337
1771417176639,0.2700977811967916,-4.71377096596656e-05,0.27009777708353366
1771417176642,1.8755071910655263,-0.9760808604770516,1.6014972299535455
1771417176646,1.8849466787490197,-1.019260800959662,1.5856012743921557
1771417176650,0.27042732311582823,-0.0002461497593366928,0.2704272110899503
1771417176653,0.270138799000596,-5.9240095995722177e-05,0.2701387925050666
1771417176657,1.8779435897238992,-0.9853984825942823,1.5986437866785617
1771417176661,1.8892867976609007,-1.008813585627573,1.5974040670002754
1771417176666,1.8913861682339541,-0.9778579317743563,1.6189921255684654
1771417176670,1.8736597862949913,-0.9952112477483809,1.5874997849241126
1771417176674,1.8988102711107384,-1.0078602636493499,1.6092539062038342
1771417176677,0.270429368176034,-0.0002479739368621074,0.2704292544844504
1771417176681,1.8815378471587811,-0.9837579950447085,1.603871839479862
1771417176684,1.8815378471587811,-0.9837579950447085,1.603871839479862
1771417176688,1.888764208817293,-1.0131035607715975,1.5940675680977656
1771417176692,1.8793283624182835,-0.967492688398642,1.6111588970939383
1771417176696,1.8849466787490197,-1.019260800959662,1.5856012743921557
1771417176699,0.27130714637429243,-0.0008081414478504942,0.2713059427678686
1771417176703,1.8963964065566157,-0.9982400929393315,1.6124007093924635
1771417176707,1.8815378471587811,-0.9837579950447085,1.603871839479862
1771417176710,0.26989388334733533,-0.0001116374285274891,0.2698938602587869
1771417176714,1.8913861682339541,-0.9778579317743563,1.6189921255684654
1771417176718,1.882388936960184,-1.0073535664891988,1.590165683842908
1771417176722,0.33206615701711056,-0.031720159127276305,0.3305476730232004
1771417176726,1.9009050005403034,-1.0246381272036325,1.601111029679005
1771417176729,1.6518941468952313,-0.7102624454439418,1.4914025382634684
1771417176733,1.889254657189993,-0.965600732251119,1.6238529445704684
1771417176737,0.9547125789195618,-0.3288640383729647,0.8962837455919113
1771417176740,0.271347972337146,-0.000796790357409437,0.27134680248089693
1771417176743,0.2713463255985907,-0.0007975189620767057,0.27134515359475564
1771417176746,0.2713463255985907,-0.0007975189620767057,0.27134515359475564
1771417176749,0.26934995766729886,-7.993338609481012e-05,0.26934994580662064
1771417176752,0.2713439925807418,-0.0007985032457429142,0.271342817672081
1771417176755,0.2713463255985907,-0.0007975189620767057,0.27134515359475564
1771417176759,0.2699697245311379,-8.154029253298043e-06,0.2699697244079978
1771417176762,0.031905069268774955,-0.0036515208731251842,0.03169542301908052
1771417176765,0.2713505228734435,-0.0007956515354759913,0.27134935636983787
1771417176768,0.2713505228734435,-0.0007956515354759913,0.27134935636983787
1771417176771,0.27134331246712673,-0.0007987687605066265,0.2713421367740367
1771417176774,0.27134565139338335,-0.0007977914385964729,0.27134447858565325
1771417176777,0.26990361780146327,-7.399900826655337e-05,0.269903607657373
1771417176780,0.27134565139338335,-0.0007977914385964729,0.27134447858565325
1771417176783,0.15067572446747574,-0.0010954620329992155,0.1506717422303629
1771417176786,0.27134565139338335,-0.0007977914385964729,0.27134447858565325
1771417176789,0.03626559980414145,-0.004171096645686382,0.03602493139377906
1771417176792,0.2713229241038246,-0.0008062789387492473,0.2713217261085494
1771417176795,0.2713229241038246,-0.0008062789387492473,0.2713217261085494
1771417176798,0.2713229241038246,-0.0008062789387492473,0.2713217261085494
1771417176801,0.2713229241038246,-0.0008062789387492473,0.2713217261085494
1771417176804,0.2713306762481454,-0.0008037498200662908,0.27132948579080496
1771417176807,0.27132544347487697,-0.0008054875463608599,0.2713242478413076
1771417176810,0.2713229241038246,-0.0008062789387492473,0.2713217261085494
1771417176813,0.2713229241038246,-0.0008062789387492473,0.2713217261085494
1771417176815,0.06729454037913464,0.006360132601256931,0.06699331218960151
1771417176819,0.2713306762481454,-0.0008037498200662908,0.27132948579080496
1771417176821,0.27132544347487697,-0.0008054875463608599,0.2713242478413076
1771417176825,0.26811026895538725,0.0006636299527839008,0.2681094476414732
1771417176829,0.265900759278621,0.0007911531189399298,0.26589958228942284
1771417176831,0.2648153425538473,0.0019074176280652498,0.26480847307045075
1771417176835,0.2713203947368308,-0.000807039759746297,0.2713191944683897
1771417176837,0.27132820806227054,-0.0008045870963306347,0.2713270151125523
1771417176841,0.2659169295153335,-0.001389882894856699,0.26591329720117696
1771417176844,0.2688199116410855,0.0003776184002014791,0.2688196464157053
1771417176848,0.2694805173059523,-5.7948260751029975e-05,0.26948051107544446
1771417176851,0.27132544347487697,-0.0008054875463608599,0.2713242478413076
1771417176853,0.2713203947368308,-0.000807039759746297,0.2713191944683897
1771417176856,0.2683306310665785,-0.00014376618495356552,0.26833059255305264
1771417176860,0.2713306762481454,-0.0008037498200662908,0.27132948579080496
1771417176862,0.2713497248272551,-0.000796037472372522,0.2713485571882954
1771417176865,0.2713424892622574,-0.0007991353115979144,0.2713413124863076
1771417176868,0.27019820404792433,3.3116411223631725e-05,0.2701982020184943
1771417176871,0.2713424892622574,-0.0007991353115979144,0.2713413124863076
1771417176875,0.2698340815638165,-3.420692190769033e-05,0.2698340793956072
1771417176877,0.2713509052084259,-0.0007954532604411879,0.2713497392877734
1771417176881,0.27021110291699163,3.707045136357325e-05,0.27021110037413093
1771417176884,0.26981335468326245,3.143982176854039e-05,0.2698133528515103
1771417176887,0.27135342400698625,-0.0007942861056043421,0.2713522615160922
1771417176890,0.27134630023256706,-0.0007974883010567449,0.27134512831873747
1771417176893,0.2713385987211919,-0.00080068799532908,0.27133741735100625
1771417176896,0.06477394982922297,0.0051627207168597825,0.0645678781692445
1771417176899,0.26770728188647114,-0.0004428445119530643,0.267706915606939
1771417176903,0.2713550211220752,-0.0007935100093932178,0.27135386090864244
1771417176905,0.27135024020514265,-0.0007957415165135823,0.271349073436464
1771417176909,0.27134065463487955,-0.0007997970955953464,0.2713394759011133
1771417176911,0.27135024020514265,-0.0007957415165135823,0.271349073436464
1771417176915,0.27134794191520395,-0.0007967644848683141,0.27134677213479536
1771417176918,0.2713550211220752,-0.0007935100093932178,0.27135386090864244
1771417176921,0.27134794191520395,-0.0007967644848683141,0.27134677213479536
1771417176923,0.27134536194444675,-0.0007978739882777072,0.2713441888927449
1771417176926,0.2713550211220752,-0.0007935100093932178,0.27135386090864244
1771417176929,0.2713550211220752,-0.0007935100093932178,0.27135386090864244
1771417176932,0.27135251448743664,-0.0007946998900546947,0.2713513507811215
1771417176935,0.27135251448743664,-0.0007946998900546947,0.2713513507811215
1771417176938,0.27135251448743664,-0.0007946998900546947,0.2713513507811215
1771417176941,0.27134794191520395,-0.0007967644848683141,0.27134677213479536
1771417176944,0.2713550211220752,-0.0007935100093932178,0.27135386090864244
1771417176948,0.26308947165435703,-0.00013762039868356086,0.26308943566018494
1771417176951,0.27134794191520395,-0.0007967644848683141,0.27134677213479536
1771417176954,0.2713597044272365,-0.0007911799502954842,0.2713585510374114
1771417176957,0.27135024020514265,-0.0007957415165135823,0.271349073436464
1771417176959,0.27134536194444675,-0.0007978739882777072,0.2713441888927449
1771417176963,0.27135024020514265,-0.0007957415165135823,0.271349073436464
1771417176966,0.2664844820816631,0.0004325812557007553,0.26648413097929385
1771417176969,0.007475775744561255,-0.0003774908234686783,0.007466238923391572
1771417176972,0.2713550211220752,-0.0007935100093932178,0.27135386090864244
1771417176975,0.2713550211220752,-0.0007935100093932178,0.27135386090864244
1771417176978,0.27135251448743664,-0.0007946998900546947,0.2713513507811215
1771417176981,0.2310681914075386,-0.0023094999644337586,0.23105664952618257
1771417176984,0.2713550211220752,-0.0007935100093932178,0.27135386090864244
1771417176987,0.2713550211220752,-0.0007935100093932178,0.27135386090864244
1771417176990,0.27135725365953767,-0.0007924164916875225,0.2713560966511539
1771417176993,0.27135251448743664,-0.0007946998900546947,0.2713513507811215
1771417176996,0.27135725365953767,-0.0007924164916875225,0.2713560966511539
1771417176999,0.27135251448743664,-0.0007946998900546947,0.2713513507811215
1771417177002,0.0641470219496255,0.005065573430606351,0.06394669960854016
1771417177005,0.27135251448743664,-0.0007946998900546947,0.2713513507811215
1771417177008,0.27135251448743664,-0.0007946998900546947,0.2713513507811215
1771417177011,0.2713550211220752,-0.0007935100093932178,0.27135386090864244
1771417177014,0.26079607669440513,-0.00133334112600544,0.26079266826472663
1771417177017,0.27135024020514265,-0.0007957415165135823,0.271349073436464
1771417177020,0.27135251448743664,-0.0007946998900546947,0.2713513507811215
1771417177023,0.2713550211220752,-0.0007935100093932178,0.27135386090864244
1771417177026,0.27070622709402875,-0.00023745314198594963,0.2707061229516045
1771417177029,0.27134794191520395,-0.0007967644848683141,0.27134677213479536
1771417177032,0.27134536194444675,-0.0007978739882777072,0.2713441888927449
1771417177035,0.27134301906513164,-0.0007988461186871094,0.27134184314303433
1771417177038,0.27134794191520395,-0.0007967644848683141,0.27134677213479536
1771417177041,0.27135725365953767,-0.0007924164916875225,0.2713560966511539
1771417177044,0.271347972337146,-0.000796790357409437,0.27134680248089693
1771417177047,0.2713505228734435,-0.0007956515354759913,0.27134935636983787
1771417177050,0.26485601930329383,-0.001589771420425524,0.26485124803938065
1771417177053,0.2713763167638908,0.0027407740209444116,0.2713624761423394
1771417177056,0.008407602981499519,-0.00042849894932870877,0.008396676517822024
1771417177059,0.2713527960438727,-0.0007946043823320926,0.271351632618459
1771417177062,0.2601915961169922,-0.0013978353624116706,0.260187841272815
1771417177065,0.26873802440442307,-0.00017340019896039144,0.2687379684621496
1771417177068,0.27134331246712673,-0.0007987687605066265,0.2713421367740367
1771417177071,0.2696514830202769,-3.806522688126554e-05,0.26965148033354686
1771417177074,0.271347972337146,-0.000796790357409437,0.27134680248089693
1771417177077,0.2707080458266207,5.6201356933580104e-05,0.2707080399926741
1771417177079,0.2713527960438727,-0.0007946043823320926,0.271351632618459
1771417177082,0.27135567165031,-0.0007932074859867428,0.2713545123241458
1771417177085,0.27135342400698625,-0.0007942861056043421,0.2713522615160922
1771417177088,0.27133958532504654,-0.0008003671466406308,0.2713384049057538
1771417177091,0.00038941059049111903,-0.00017478212650733587,-0.00034798249415770276
1771417177094,0.0003465192872610908,-0.00016713561264543883,-0.0003035478601959964
1771417177098,0.26978691975694213,-2.7371637381062666e-05,0.26978691836842683
1771417177101,0.2713448122403226,-0.0007981311941499675,0.2713436384298199
1771417177104,0.2713401543518828,-0.0008001108575647854,0.271338974690919
1771417177107,0.271347972337146,-0.000796790357409437,0.27134680248089693
1771417177110,0.2713505228734435,-0.0007956515354759913,0.27134935636983787
1771417177113,0.27134565139338335,-0.0007977914385964729,0.27134447858565325
1771417177116,0.2713505228734435,-0.0007956515354759913,0.27134935636983787
1771417177119,0.27134565139338335,-0.0007977914385964729,0.27134447858565325
1771417177125,0.2713527960438727,-0.0007946043823320926,0.271351632618459
1771417177128,0.27134068179603665,-0.0007998316911234826,0.27133950296041287
1771417177131,0.271347972337146,-0.000796790357409437,0.27134680248089693
1771417177134,0.27134331246712673,-0.0007987687605066265,0.2713421367740367
1771417177137,0.27134565139338335,-0.0007977914385964729,0.27134447858565325
1771417177141,0.2707349029028688,-0.00018481479924003878,0.27073483982176316
1771417177145,0.26867527507052785,0.0003711710328810833,0.26867501868668053
1771417177147,0.2663785465389738,-0.0001779388472275006,0.2663784871080675
1771417177151,0.2713505228734435,-0.0007956515354759913,0.27134935636983787
1771417177154,0.27134068179603665,-0.0007998316911234826,0.27133950296041287
1771417177158,0.1574665379572471,-0.0035701717546874814,0.15742606026285222
1771417177161,0.27134331246712673,-0.0007987687605066265,0.2713421367740367
1771417177164,0.26742352149367005,0.0007574136804702244,0.26742244889423933
1771417177167,0.27014651690402497,-2.317280374404849e-05,0.27014651591015904
1771417177170,0.27134331246712673,-0.0007987687605066265,0.2713421367740367
1771417177173,0.27134565139338335,-0.0007977914385964729,0.27134447858565325
1771417177176,0.2705131777254146,5.0601912648216764e-05,0.2705131729926441
1771417177179,0.2702943298105987,1.5938559935288222e-05,0.2702943293406708
1771417177182,0.27134331246712673,-0.0007987687605066265,0.2713421367740367
1771417177185,0.2713505228734435,-0.0007956515354759913,0.27134935636983787
1771417177188,0.26895562908505694,-0.0001408553100844477,0.26895559220124116
1771417177192,0.27134331246712673,-0.0007987687605066265,0.2713421367740367
1771417177195,0.2699971202917028,-1.0487389047617047e-05,0.2699971200880241
1771417177198,0.2713505228734435,-0.0007956515354759913,0.27134935636983787
1771417177201,0.2713527960438727,-0.0007946043823320926,0.271351632618459
1771417177204,0.2713527960438727,-0.0007946043823320926,0.271351632618459
1771417177207,0.2713594402914105,-0.0007912786916900263,0.2713582866125515
1771417177210,0.271341106597895,-0.0007997502201205773,0.2713399280042575
1771417177213,0.27133605189354415,-0.0008017012691967518,0.2713348675202858
1771417177216,0.2713434708006334,-0.0007987874441790486,0.2713422950532283
1771417177221,0.271341106597895,-0.0007997502201205773,0.2713399280042575
1771417177226,0.27133605189354415,-0.0008017012691967518,0.2713348675202858
1771417177229,0.27134606326589117,-0.0007976983521120863,0.2713448907336124
1771417177233,0.2713434708006334,-0.0007987874441790486,0.2713422950532283
1771417177235,0.27133363161150004,-0.0008025823492008202,0.27133244462293477
1771417177239,0.27133605189354415,-0.0008017012691967518,0.2713348675202858
1771417177244,0.2713384630166395,-0.0008007857600165458,0.27133728135735197
1771417177247,0.27133605189354415,-0.0008017012691967518,0.2713348675202858
1771417177250,0.27133363161150004,-0.0008025823492008202,0.27133244462293477
1771417177253,0.27133605189354415,-0.0008017012691967518,0.2713348675202858
1771417177256,0.271341106597895,-0.0007997502201205773,0.2713399280042575
1771417177260,0.0014828665074112719,-0.0002376308870803242,0.0014637023742235036
1771417177263,0.27133605189354415,-0.0008017012691967518,0.2713348675202858
1771417177266,0.2713384630166395,-0.0008007857600165458,0.27133728135735197
1771417177269,0.2713434708006334,-0.0007987874441790486,0.2713422950532283
1771417177271,0.27135067322558254,-0.0007956586293950507,0.27134950670182234
1771417177274,0.271341106597895,-0.0007997502201205773,0.2713399280042575
1771417177279,0.27133605189354415,-0.0008017012691967518,0.2713348675202858
1771417177282,0.2713384630166395,-0.0008007857600165458,0.27133728135735197
1771417177285,0.2713384630166395,-0.0008007857600165458,0.27133728135735197
1771417177288,0.27133605189354415,-0.0008017012691967518,0.2713348675202858
1771417177291,0.005845886925708313,-0.00027796420821906396,0.005839274770647168
1771417177293,0.0039958925262221666,-0.00061832074306946,0.003947763485799042
1771417177298,0.2713384630166395,-0.0008007857600165458,0.27133728135735197
1771417177301,0.005525285958507791,-0.00026343050260541393,0.005519002563288081
1771417177305,0.27133605189354415,-0.0008017012691967518,0.2713348675202858
1771417177308,0.2713384630166395,-0.0008007857600165458,0.27133728135735197
1771417177311,0.27133605189354415,-0.0008017012691967518,0.2713348675202858
1771417177313,0.06201784794952684,0.005072066814849372,0.061810093047303644
1771417177316,0.271341106597895,-0.0007997502201205773,0.2713399280042575
1771417177319,0.2713309108685266,-0.0008035416112411155,0.2713297210289049
1771417177323,0.26680027516470256,0.0006096294138016782,0.2667995786727161
1771417177326,0.2713434708006334,-0.0007987874441790486,0.2713422950532283
1771417177329,0.26993992060258926,3.758773570787283e-05,0.2699399179856405
1771417177333,0.27133605189354415,-0.0008017012691967518,0.2713348675202858
1771417177338,0.2713384630166395,-0.0008007857600165458,0.27133728135735197
1771417177341,0.2627228099058108,-0.0012837272683183308,0.2627196735859448
1771417177344,0.2713309108685266,-0.0008035416112411155,0.2713297210289049
1771417177347,0.27133363161150004,-0.0008025823492008202,0.27133244462293477
1771417177351,0.2713384630166395,-0.0008007857600165458,0.27133728135735197
1771417177354,0.268308740052243,-4.732375928856507e-05,0.26830873587880794
1771417177358,0.2713384630166395,-0.0008007857600165458,0.27133728135735197
1771417177361,0.27133605189354415,-0.0008017012691967518,0.2713348675202858
1771417177364,0.2713505228734435,-0.0007956515354759913,0.27134935636983787
1771417177367,0.27044804051127763,-1.0029643858170225e-05,0.2704480403253015
1771417177371,0.26999730502292496,1.2767255162134814e-05,0.26999730472106487
1771417177375,0.27180074732657294,-0.0002282187975648727,0.2718006515140536
1771417177378,0.2713505228734435,-0.0007956515354759913,0.27134935636983787
1771417177381,0.2713527960438727,-0.0007946043823320926,0.271351632618459
1771417177384,0.27136403072125714,-0.0007888596635433022,0.2713628841048802
1771417177387,0.2713594402914105,-0.0007912786916900263,0.2713582866125515
1771417177392,0.2713547448298272,-0.000793608116569942,0.2713535843283039
1771417177395,0.27136162221997123,-0.0007901498300943097,0.2713604718397659
1771417177398,0.27136162221997123,-0.0007901498300943097,0.2713604718397659
1771417177401,0.26811660751398547,-4.68577768775152e-05,0.2681166034194027
1771417177404,0.271335924624924,-0.0008016987066584696,0.27133474025868154
1771417177407,0.27134944427610247,-0.0007961251694104249,0.27134827637865006
1771417177410,0.2694041847357399,-8.642493002647146e-05,0.2694041708731699
1771417177414,0.2713542378710692,-0.0007939109576736015,0.2713530764815098
1771417177418,0.010483278195391183,5.5001903737869964e-05,0.010483133907021765
1771417177421,0.271339292289341,-0.0008004352727329776,0.2713381116678131
1771417177423,0.09881779199658956,-0.0006843441080553931,0.09881542231971187
1771417177427,0.27134917887510135,-0.0007963096056962725,0.27134801043531465
1771417177431,0.27134428297061614,-0.0007984246910515856,0.2713431082943706
1771417177434,0.27133689431939795,-0.0008013535818157357,0.2713357109768875
1771417177437,0.25762612327598866,0.00023487600762758755,0.2576260162085265
1771417177440,0.00038733308241777065,-0.00020587022980062032,-0.0003280920072435342
1771417177443,0.271339292289341,-0.0008004352727329776,0.2713381116678131
1771417177446,0.041530972037046095,-0.0049676351723896076,0.041232805375525226
1771417177449,0.27135330597389107,-0.0007943032877339275,0.2713521434321963
1771417177453,0.2645609851350725,-0.001552567949060764,0.2645564294973826
1771417177457,0.012412293612567418,-0.0007125682195874315,0.01239182308044365
1771417177461,0.23916964802981774,-0.0020434370549578954,0.2391609184288046
1771417177464,0.26874869655407213,-0.00026480677292317834,0.26874856609270636
1771417177467,0.2713602290726857,-0.0007908858129396352,0.2713590765425239
1771417177470,0.27134617606976286,-0.0007974993751401868,0.27134500412284984
1771417177474,0.2713484926757466,-0.0007964932685051379,0.27134732369395675
1771417177477,0.27135330597389107,-0.0007943032877339275,0.2713521434321963
1771417177480,0.26090632320598484,-0.0013070869827086387,0.26090304906705375
1771417177483,0.2713580261039264,-0.0007920088891096664,0.27135687028881134
1771417177487,0.271351035368402,-0.0007953558953311757,0.27134986973371394
1771417177492,0.27135330597389107,-0.0007943032877339275,0.2713521434321963
1771417177495,0.2713580261039264,-0.0007920088891096664,0.27135687028881134
1771417177498,0.012298046401647965,-0.0001671644112785954,0.012296910236180809
1771417177501,0.2707497393443082,-0.00032032799429643633,0.2707495498518638
1771417177504,0.2697403899135713,-9.505774962399803e-05,0.2697403731641775
1771417177507,0.27135330597389107,-0.0007943032877339275,0.2713521434321963
1771417177510,0.0303133176504764,-0.0035228684784945567,0.030107916312191278
1771417177514,0.26968517704845063,-5.654626781261124e-05,0.26968517112027823
1771417177517,0.26992125532419176,-3.5901883972236414e-05,0.2699212529365597
1771417177521,0.2699303313698517,-3.3406114724347194e-05,0.26993032930270994
1771417177524,0.2682758018306162,-0.0002408528030583241,0.2682756937141107
1771417177527,0.2703599552894867,1.5190023778703123e-05,0.2703599548627652
1771417177531,0.2713424892622574,-0.0007991353115979144,0.2713413124863076
1771417177535,0.2713401214090214,-0.0008000825124248137,0.27133894183149565
1771417177538,0.04418346033998762,-0.005450854779785396,0.04384593880606218
1771417177541,0.27134483707023105,-0.0007981635177046098,0.2713436631647572
1771417177544,0.27133746574028855,-0.0008011053767914664,0.2713362831331953
1771417177547,0.2713424892622574,-0.0007991353115979144,0.2713413124863076
1771417177550,0.27134483707023105,-0.0007981635177046098,0.2713436631647572
1771417177553,0.27134483707023105,-0.0007981635177046098,0.2713436631647572
1771417177556,0.27134742008472873,-0.0007970599978655325,0.27134624943418334
1771417177559,0.27133746574028855,-0.0008011053767914664,0.2713362831331953
1771417177562,0.2713497248272551,-0.000796037472372522,0.2713485571882954
1771417177565,0.27134742008472873,-0.0007970599978655325,0.27134624943418334
1771417177570,0.2713424892622574,-0.0007991353115979144,0.2713413124863076
1771417177575,0.27134483707023105,-0.0007981635177046098,0.2713436631647572
1771417177578,0.27134742008472873,-0.0007970599978655325,0.27134624943418334
1771417177581,0.27134483707023105,-0.0007981635177046098,0.2713436631647572
1771417177584,0.2713424892622574,-0.0007991353115979144,0.2713413124863076
1771417177588,0.2713424892622574,-0.0007991353115979144,0.2713413124863076
1771417177593,0.2713497248272551,-0.000796037472372522,0.2713485571882954
1771417177596,0.27134742008472873,-0.0007970599978655325,0.27134624943418334
1771417177599,0.03519311326789628,-0.0040215095494777085,0.034962589755772336
1771417177602,0.27134483707023105,-0.0007981635177046098,0.2713436631647572
1771417177605,0.2713424892622574,-0.0007991353115979144,0.2713413124863076
1771417177610,0.27135225783932976,-0.0007948795428269623,0.27135109360570947
1771417177614,0.27133746574028855,-0.0008011053767914664,0.2713362831331953
1771417177617,0.0002135769553345695,-0.0001708442988772508,-0.0001281691904910275
1771417177620,0.27134483707023105,-0.0007981635177046098,0.2713436631647572
1771417177623,0.04887238731662936,-0.006074414622243313,0.04849341944041182
1771417177627,0.0057108260573718594,0.0014963458136167162,-0.005511305059931734
1771417177629,0.2713497248272551,-0.000796037472372522,0.2713485571882954
1771417177632,0.2713424892622574,-0.0007991353115979144,0.2713413124863076
1771417177635,0.27134742008472873,-0.0007970599978655325,0.27134624943418334
1771417177638,0.27134483707023105,-0.0007981635177046098,0.2713436631647572
1771417177643,0.27134483707023105,-0.0007981635177046098,0.2713436631647572
1771417177648,0.0019390622198627106,-0.0007448782115807975,0.001790284542303568
1771417177651,0.03463649135281674,-0.003953800724604394,0.03441008562999904
1771417177655,0.0014063455385964184,-0.00018954443701042724,0.0013935137890700795
1771417177658,0.04229367724072157,-0.005017335016182749,0.04199501736965608
1771417177661,0.27133746574028855,-0.0008011053767914664,0.2713362831331953
1771417177665,0.2713497248272551,-0.000796037472372522,0.2713485571882954
1771417177668,0.27133746574028855,-0.0008011053767914664,0.2713362831331953
1771417177671,0.27133505019811327,-0.0008020065427301578,0.2713338649183291
1771417177682,0.2713401214090214,-0.0008000825124248137,0.27133894183149565
1771417177691,0.2643466672061975,-0.0015108437663405557,0.26434234964178144
1771417177702,0.2643466672061975,-0.0015108437663405557,0.26434234964178144
1771417177708,0.2713497248272551,-0.000796037472372522,0.2713485571882954
1771417177712,0.27134565139338335,-0.0007977914385964729,0.27134447858565325
1771417177715,0.271339292289341,-0.0008004352727329776,0.2713381116678131
1771417177718,0.271339292289341,-0.0008004352727329776,0.2713381116678131
1771417177721,0.0006315311736070507,0.0004080655287126302,0.0004819897794704576
1771417177724,0.2713591664615406,-0.0007913865148342345,0.27135801246708424
1771417177728,0.00417641286791867,-0.00018568931163439863,0.0041722828191364724
1771417177731,0.0005824513368275335,0.0005023713033663833,0.0002947416382633139
1771417177734,0.27135447123098244,-0.0007936996469699712,0.27135331046058103
1771417177737,0.27136591347441924,-0.0007877912675033562,0.27136476996973063
1771417177740,0.2713591664615406,-0.0007913865148342345,0.27135801246708424
1771417177743,0.27135695645818003,-0.0007924936295022108,0.2713557992232593
1771417177746,0.2713591664615406,-0.0007913865148342345,0.27135801246708424
1771417177749,0.2713724348824209,-0.0007839955205098444,0.27137130239772517
1771417177752,0.23730330724671594,-0.00219638755265572,0.2372931425725316
1771417177755,0.01917501347098243,-0.0007427749778851104,0.01916062177865284
1771417177757,0.27136376733682027,-0.0007889698163920196,0.2713626203990902
1771417177761,0.23973733385013105,-0.002035924064401001,0.23972868884381188
1771417177763,0.03904418483455645,-0.004623782421511924,0.03876943390757112
1771417177766,0.2713591664615406,-0.0007913865148342345,0.27135801246708424
1771417177769,0.0660561124803039,0.005117845271536331,0.06585755579876293
1771417177771,0.0030863199222243365,-0.0008659654517959876,0.002962342738208158
1771417177774,0.012032960852587723,-0.00014993060152345078,0.01203202674924867
1771417177778,0.0006190741176303278,0.00036898776453882513,0.0004970923382435193
1771417177781,0.019338579124787814,-0.0007181197163013205,0.019325241179316194
1771417177784,0.002987207016083183,-0.0008727624125925149,0.002856867432714071
1771417177787,0.2615737954162249,-0.001309518569941756,0.26157051747007737
1771417177790,0.2713553002238613,-0.0007934100286990471,0.271354140303973
1771417177793,0.26980555364023234,0.0003784569403684872,0.26980528820884253
1771417177796,0.0034306118866312906,-0.0006040081652328578,0.0033770211804233534
1771417177798,0.27134331246712673,-0.0007987687605066265,0.2713421367740367
1771417177801,0.271347972337146,-0.000796790357409437,0.27134680248089693
1771417177804,0.003611789899581996,-0.0004796473959688658,0.0035797995271052273
1771417177807,0.27032255596452837,0.00019516132193383366,0.2703224855154561
1771417177811,0.27134565139338335,-0.0007977914385964729,0.27134447858565325
1771417177813,0.27134331246712673,-0.0007987687605066265,0.2713421367740367
1771417177816,0.0033362152115009535,-0.0004404298140580731,0.003307015802251196
1771417177819,0.2694276535349786,-8.454215843525727e-05,0.26942764027097876
1771417177822,0.271347972337146,-0.000796790357409437,0.27134680248089693
1771417177826,0.2633131574659129,-0.0013692370169441914,0.26330959740324705
1771417177829,0.27004437149919,1.3375486229351927e-05,0.2700443711679414
1771417177832,0.26897668093530047,-0.0001377267839275382,0.2689766456744961
1771417177835,0.271347972337146,-0.000796790357409437,0.27134680248089693
1771417177838,0.2699782310121091,-3.534488262289317e-05,0.26997822869847676
1771417177842,0.2699782310121091,-3.534488262289317e-05,0.26997822869847676
1771417177845,0.27133326174129563,-0.0008027926668129734,0.2713320741289252
1771417177848,0.2696533536219716,-9.990214487438714e-05,0.26965333511591794
1771417177851,0.045293265178419605,-0.0053816289505557394,0.044972413103603615
1771417177855,0.013791425465312764,-0.00026562067069982017,0.013788867322030999
1771417177858,0.27133326174129563,-0.0008027926668129734,0.2713320741289252
1771417177861,0.003620865857781016,-0.000549618698295469,0.0035789088905039544
1771417177863,0.2603273066315373,-0.007025947876619533,0.260232478054653
1771417177867,0.2713305451084539,-0.0008037445956130948,0.27132935466601427
1771417177870,0.10249078918030934,-0.0006286635164195384,0.10248886109712478
1771417177873,0.2713305451084539,-0.0008037445956130948,0.27132935466601427
1771417177876,0.2713305451084539,-0.0008037445956130948,0.27132935466601427
1771417177879,0.27133326174129563,-0.0008027926668129734,0.2713320741289252
1771417177881,0.27136162221997123,-0.0007901498300943097,0.2713604718397659
1771417177884,0.2713569803355737,-0.0007925182693573531,0.2713558230287931
1771417177887,0.2623139303464165,-0.0012746908363863094,0.26231083320567655
1771417177890,0.2713569803355737,-0.0007925182693573531,0.2713558230287931
1771417177893,0.04672226381986304,-0.005833354660461159,0.04635668139392809
1771417177896,0.15654107384731036,-0.0039007234340008553,0.15649246677703216
1771417177899,0.019543341422744564,-0.0007544796099893053,0.019528772477656497
1771417177902,0.2713594402914105,-0.0007912786916900263,0.2713582866125515
1771417177904,0.2713569803355737,-0.0007925182693573531,0.2713558230287931
1771417177907,0.2713547448298272,-0.000793608116569942,0.2713535843283039
1771417177910,0.2713547448298272,-0.000793608116569942,0.2713535843283039
1771417177913,0.02877540449789095,-0.003383733960707948,0.028575763305647577
1771417177916,0.27136403072125714,-0.0007888596635433022,0.2713628841048802
1771417177919,0.03318806771802256,-0.0038337947223198963,0.03296588929307327
1771417177922,0.2713569803355737,-0.0007925182693573531,0.2713558230287931
1771417177925,0.27134765580868403,-0.0007968489227685835,0.2713464857790908
1771417177928,0.2713594402914105,-0.0007912786916900263,0.2713582866125515
1771417177931,0.2713547448298272,-0.000793608116569942,0.2713535843283039
1771417177934,0.2713547448298272,-0.000793608116569942,0.2713535843283039
1771417177937,0.03786025496440961,-0.004430131633715568,0.037600170740012005
1771417177940,0.2713569803355737,-0.0007925182693573531,0.2713558230287931
1771417177943,0.2713569803355737,-0.0007925182693573531,0.2713558230287931
1771417177946,0.03156513210940832,-0.003655246981621143,0.031352778737900565
1771417177949,0.04353855810623755,-0.005299229263251029,0.04321486099926422
1771417177952,0.2713594402914105,-0.0007912786916900263,0.2713582866125515
1771417177957,0.2713547448298272,-0.000793608116569942,0.2713535843283039
1771417177961,0.2713547448298272,-0.000793608116569942,0.2713535843283039
1771417177964,0.2713524876114797,-0.0007946744692272699,0.27135132397949746
1771417177967,0.2713499572120567,-0.0007958308434580356,0.27134879018019153
1771417177970,0.2713499572120567,-0.0007958308434580356,0.27134879018019153
1771417177973,0.031737296985855784,-0.0036734844385925185,0.03152398344194194
1771417177976,0.2713499572120567,-0.0007958308434580356,0.27134879018019153
1771417177979,0.2722292154034565,0.0011979286914989577,0.272226579683233
1771417177982,0.26974195755913033,-0.00026558346877228304,0.2697418268145539
1771417177985,0.020301601552259116,-0.000801041357457209,0.020285792031131858
1771417177988,0.2713524876114797,-0.0007946744692272699,0.27135132397949746
1771417177990,0.15590217307208065,-0.003427794775147858,0.15586448534408492
1771417177993,0.01439768804440107,-0.00035707890036255257,0.014393259383572762
1771417177996,0.2713471365607149,-0.0007971414866327249,0.2713459656695665
1771417177999,0.03540997294152104,-0.004068676547345204,0.035175446761517265
1771417178002,0.2673588123362194,1.1246430171039327e-05,0.26735881209967927
1771417178005,0.26778346213118587,0.0001092993354589011,0.26778343982520564
1771417178009,0.04718336504991783,-0.005842244877686769,0.04682027458508707
1771417178013,0.27134944427610247,-0.0007961251694104249,0.27134827637865006
1771417178016,0.034326831150820455,-0.003936076221457082,0.03410041995101846
1771417178019,0.017247311138240167,-0.0005820228013253327,0.017237487953817424
1771417178022,0.26923533533304195,0.00028261182791093967,0.26923518700654686
1771417178025,0.2713185026641668,-0.0008058368607967402,0.27131730596274034
1771417178029,1.8762464230026086,-1.0020347174346567,1.5862619786421572
1771417178032,1.8929842829662322,-0.9972183041832678,1.6090199344194054
1771417178037,1.8701923257336222,-0.9940010350122918,1.5841657986547455
1771417178041,1.9015667891727313,-1.0118672769299255,1.6099940582384482
1771417178045,1.8777500924170827,-0.9869421324350045,1.597463813924124
1771417178049,1.896847424144148,-0.9880989455376727,1.619163556997757
1771417178053,1.8777500924170827,-0.9869421324350045,1.597463813924124
1771417178057,1.8929842829662322,-0.9972183041832678,1.6090199344194054
1771417178061,1.9011320391820845,-0.9779315814743634,1.6303229288578633
1771417178064,1.8899216668413794,-0.9960132323339477,1.6061636117818694
1771417178068,1.8899216668413794,-0.9960132323339477,1.6061636117818694
1771417178072,1.887344436601475,-1.0281470030055544,1.5827137336174335
1771417178075,0.270349571166806,-0.00018585922452678944,0.2703495072797888
1771417178079,0.27007725228912266,-1.7249342664895913e-05,0.2700772517382806
1771417178082,0.2703949396931078,-0.00022125991064362292,0.27039484916634665
1771417178086,0.2778211986584202,-0.005257746556683674,0.2777714429619198
1771417178089,1.9060590010979352,-1.042539414621754,1.5956730506675199
1771417178093,0.2712965641550018,-0.0008093545929198065,0.2712953568851703
1771417178096,1.889114493711153,-1.0063064472221945,1.598781068385722
1771417178100,1.889114493711153,-1.0063064472221945,1.598781068385722
1771417178105,1.9015667891727313,-1.0118672769299255,1.6099940582384482
1771417178109,1.8723743503635264,-1.0109239268542969,1.5760134904285323
1771417178113,1.899543675838729,-1.0015414959086126,1.6140572506550221
1771417178117,1.8937790212899703,-0.987011141201094,1.6162326529998432
1771417178121,1.899543675838729,-1.0015414959086126,1.6140572506550221
1771417178125,1.884389620743094,-0.983287928867417,1.6075039943054346
1771417178129,1.8994160537838172,-0.9998717581917426,1.6149420461868722
1771417178132,1.8882327871088018,-0.9744144314387855,1.61738664954194
1771417178136,1.9112168594888197,-1.0136941628654055,1.6202388799701455
1771417178140,1.8762464230026086,-1.0020347174346567,1.5862619786421572
1771417178143,0.27136216169266014,-0.0007903623909927596,0.27136101069572305
1771417178147,1.8955422717753372,-1.0089986482616748,1.6046813490202094
1771417178151,1.9011320391820845,-0.9779315814743634,1.6303229288578633
1771417178153,0.2713143276197188,-0.0008070241119848987,0.2713131273709822
1771417178158,1.8781546584269246,-0.9786372782135202,1.6030389885032712
1771417178162,1.9015667891727313,-1.0118672769299255,1.6099940582384482
1771417178166,1.889114493711153,-1.0063064472221945,1.598781068385722
1771417178169,0.27136218754676594,-0.0007903472793118608,0.27136103659395217
1771417178173,1.884389620743094,-0.983287928867417,1.6075039943054346
1771417178176,0.2755510716212661,-0.0006624510891932766,0.27555027532227677
1771417178180,0.9705966138210145,-0.34714531428810363,0.9063928053160137
1771417178184,1.893148092659174,-1.034506330026635,1.5854987713252542
1771417178187,0.00016792136267584107,0.00013600623364344388,9.84880117224239e-05
1771417178189,0.0008447063428377161,0.0005014640138304079,-0.000679751902140307
1771417178192,0.0013362933134178211,0.0007739659563001052,-0.0010893376510401368
1771417178195,5.5654358153794395e-05,-5.104538516558757e-05,-2.2176028382188566e-05
1771417178197,0.00142848321481295,0.0008459555121953497,-0.0011510532422041317
1771417178201,1.8812349006001106,-0.9794352524847006,1.6061604332774915
1771417178206,1.8892539408150444,-0.9609622390996173,1.6266013733886449
1771417178209,0.00019924717556571875,-0.000159332391217272,-0.00011963538807519512
1771417178213,7.978134580815547e-05,5.739272173685639e-05,-5.541785479966054e-05
1771417178215,0.0014173721006394328,0.0008372920142643656,-0.0011436283288377216
1771417178218,8.8583978703175e-05,-3.2467329546717544e-05,8.241962020653459e-05
1771417178221,0.0005114686695617849,0.00026671621360428374,-0.00043642028062854316
1771417178225,1.8812349006001106,-0.9794352524847006,1.6061604332774915
1771417178228,0.0001717862329531742,5.966850134740521e-05,0.00016109059494333284
1771417178231,0.0013037319959314524,0.0007484767302779979,-0.001067473513230078
1771417178233,0.000998017393741975,-0.0007273130790195869,0.0006834137862953692
1771417178236,0.0012161668926340783,0.0006797428774215795,-0.0010084698960969836
1771417178238,0.0012032131801528565,0.0006695485062071078,-0.0009997133362766451
1771417178241,0.0012344479092786284,0.000694117944226069,-0.0010208143417026194
1771417178245,0.0002957359725776407,-0.0002954924351617702,1.199942659505406e-05
1771417178247,3.625543742421583e-05,-2.7399395016612952e-05,-2.3742996768412266e-05
1771417178250,0.0010088173768873477,-0.000735015199838772,0.000690988535299855
1771417178255,1.8892539408150444,-0.9609622390996173,1.6266013733886449
1771417178257,0.001416295667153849,0.0008364510918934371,-0.001142909877317124
1771417178260,0.00022116991913786948,-0.00014922699134179877,0.00016324043061241426
1771417178264,1.8892539408150444,-0.9609622390996173,1.6266013733886449
1771417178268,1.8765789316392123,-0.9980436096846481,1.5891687889710788
1771417178271,7.619909025132835e-05,-3.574687528851169e-05,6.729385010710619e-05
1771417178274,0.0001213341021631301,-1.5692304859807014e-05,0.00012031506936340008
1771417178276,0.0011032819226622257,0.0005906225523973985,-0.000931877675166027
1771417178281,1.8892539408150444,-0.9609622390996173,1.6266013733886449
1771417178285,1.8639503676314737,-0.9506408683726592,1.6033068678120177
1771417178289,1.8910201374374442,-0.982584682389796,1.6156993848259256
1771417178292,0.27035108946958886,-0.00019012096127864035,0.270351022619508
1771417178296,0.27131577073963736,-0.0008071860513211527,0.27131457001554854
1771417178300,1.8886104817577691,-0.9291240231325064,1.6442560936312138
1771417178304,1.8840776417254004,-0.902355291682556,1.6539357568001352
1771417178308,1.8979614616093168,-0.9354077083003459,1.651444861025178
1771417178311,1.8765500826969579,-0.9586051854171488,1.6132316359907255
1771417178315,1.883258403303958,-0.9182913534603871,1.6442029083342677
1771417178319,1.8838300497801244,-0.9504207117403118,1.626504265948794
1771417178323,1.875250856918355,-0.9749755517801891,1.601870297434827
1771417178327,1.8877129508214725,-0.9407222424761631,1.63661291917476
1771417178332,1.872208041185559,-0.9693454831010977,1.6017279056916527
1771417178336,1.880433164288654,-0.9491582011987842,1.6233076093130743
1771417178339,1.857052898398162,-0.9595318357716056,1.5899509815053379
1771417178344,1.8853608513498405,-0.9714193014179787,1.6158372692307856
1771417178348,1.8758836958803609,-0.9229611767850241,1.6331204201213594
1771417178352,1.8719915468809216,-0.9326967135132473,1.623092478016953
1771417178355,1.874172810624526,-0.949450998174691,1.6158794899834943
1771417178359,1.875250856918355,-0.9749755517801891,1.601870297434827
1771417178363,1.8780816347315439,-0.9396261569864321,1.6261283196054417
1771417178367,1.8660622120731891,-0.9241917542110397,1.6211285515886165
1771417178371,1.8685409822376875,-0.9369186569373057,1.6166721475254584
1771417178374,1.8862298335919971,-0.9600246690869157,1.6236427008049066
1771417178378,1.8843101468797776,-0.9396821401335586,1.6332857083646157
1771417178383,1.8930399921880126,-0.9526842763001512,1.6358462891462777
1771417178387,1.857052898398162,-0.9595318357716056,1.5899509815053379
1771417178392,1.8963136378225272,-0.9551429500259293,1.638202477719855
1771417178396,1.8862298335919971,-0.9600246690869157,1.6236427008049066
1771417178400,1.8812349006001106,-0.9794352524847006,1.6061604332774915
1771417178404,1.8930399921880126,-0.9526842763001512,1.6358462891462777
1771417178408,1.8598316996592525,-0.9627918539475667,1.5912277640330537
1771417178413,0.27173657758460135,-0.00148530585160094,0.27173251823055566
1771417178417,1.8608868257902318,-0.9508651463476747,1.5996109689111473
1771417178421,1.9004609431628778,-0.9465932775190342,1.6479420388603805
1771417178425,1.8870525254705748,-0.9095516004238501,1.6533853513477392
1771417178429,1.8799390947821695,-0.9601091447190224,1.6162801212405322
1771417178433,1.8729363533982997,-0.9205202165304817,1.6311140716821726
1771417178437,1.8984450169062015,-0.9279138985196925,1.6562213859113077
1771417178440,1.8698215193311625,-0.9603292462382941,1.6043691136933815
1771417178444,1.8765500826969579,-0.9586051854171488,1.6132316359907255
1771417178448,1.8882027267401293,-0.9784824719110685,1.6148936774387546
1771417178452,1.8819833549074825,-0.9297722711245248,1.636271637594677
1771417178456,1.8685409822376875,-0.9369186569373057,1.6166721475254584
1771417178460,1.8752239882636261,-0.9367277522500878,1.624501808039572
1771417178463,0.4404341058605079,-0.07659177103604324,0.433723301443106
1771417178466,0.27030268171467375,-0.00014934828798997225,0.2703026404555329
1771417178469,0.27044404350024215,-0.0002582461680513212,0.2704439202009865
1771417178473,1.8838300497801244,-0.9504207117403118,1.626504265948794
1771417178477,1.8752239882636261,-0.9367277522500878,1.624501808039572
1771417178482,1.872208041185559,-0.9693454831010977,1.6017279056916527
1771417178485,1.879034001443121,-0.9279968376403991,1.6338881993296743
1771417178490,1.8765500826969579,-0.9586051854171488,1.6132316359907255
1771417178494,1.8758836958803609,-0.9229611767850241,1.6331204201213594
1771417178497,1.871406133509001,-0.945455722210732,1.615015292148682
1771417178501,1.8780816347315439,-0.9396261569864321,1.6261283196054417
1771417178505,1.8780816347315439,-0.9396261569864321,1.6261283196054417
1771417178509,1.8685409822376875,-0.9369186569373057,1.6166721475254584
1771417178513,1.8838300497801244,-0.9504207117403118,1.626504265948794
1771417178517,1.8780816347315439,-0.9396261569864321,1.6261283196054417
1771417178520,1.8639503676314737,-0.9506408683726592,1.6033068678120177
1771417178524,1.8685409822376875,-0.9369186569373057,1.6166721475254584
1771417178529,1.8629768127564075,-0.9670875079238271,1.5923015910579579
1771417178531,0.4485461732099074,-0.08593993499685382,0.44023629686111615
1771417178534,0.2713634352001499,-0.0007899160881478717,0.27136228550813696
1771417178538,0.2713685024076462,-0.0007870390293153481,0.27136736109660464
1771417178542,0.27007373742445945,-5.975962527459273e-05,0.2700737308129079
1771417178546,1.8719915468809216,-0.9326967135132473,1.623092478016953
1771417178550,1.8930399921880126,-0.9526842763001512,1.6358462891462777
1771417178554,1.8689537975628356,-0.9325654331881336,1.6196635484714639
1771417178559,1.8780816347315439,-0.9396261569864321,1.6261283196054417
1771417178562,1.8843101468797776,-0.9396821401335586,1.6332857083646157
1771417178566,0.2713623110728173,-0.0007904500205111339,0.27136115982127124
1771417178570,1.8651370541801429,-0.9412347188719338,1.6102215483795554
1771417178573,1.8719915468809216,-0.9326967135132473,1.623092478016953
1771417178577,0.2699979563897413,-1.9361392931665607e-06,0.2699979563827993
1771417178580,0.2703551817715085,-0.00019422800099130595,0.27035511200306356
1771417178584,0.271283886173249,-0.0008113765726550466,0.27128267280701446
1771417178588,1.899002774503996,-0.9608841924426568,1.6379600441670419
1771417178592,1.8908394039654062,-0.9008067462935689,1.6624743178227586
1771417178595,0.27043471795675034,-0.00025257847411067893,0.2704346000061041
1771417178599,1.8719915468809216,-0.9326967135132473,1.623092478016953
1771417178603,0.27137368955090696,-0.000784157831404651,0.27137255660248233
1771417178607,1.865898177082573,-0.9700816527724873,1.5939001205201875
1771417178611,1.8843101468797776,-0.9396821401335586,1.6332857083646157
1771417178615,1.9004609431628778,-0.9465932775190342,1.6479420388603805
1771417178619,1.8816595733234258,-0.8885331516486497,1.6586595757722604
1771417178623,1.878746652612317,-0.9726126404440546,1.6073934292358019
1771417178627,1.8752239882636261,-0.9367277522500878,1.624501808039572
1771417178631,1.8930399921880126,-0.9526842763001512,1.6358462891462777
1771417178635,1.8752239882636261,-0.9367277522500878,1.624501808039572
1771417178639,1.8979614616093168,-0.9354077083003459,1.651444861025178
1771417178643,1.8668136098832953,-0.9583792550520958,1.602030666851072
1771417178647,1.880433164288654,-0.9491582011987842,1.6233076093130743
1771417178651,1.8799390947821695,-0.9601091447190224,1.6162801212405322
1771417178655,1.8920176844567416,-0.929939886044488,1.647708325718061
1771417178659,1.886310089496553,-0.9187936106435856,1.6474173893634292
1771417178663,1.8685409822376875,-0.9369186569373057,1.6166721475254584
1771417178667,1.9023560095234462,-0.9175335735712101,1.6664604790812216
1771417178671,1.8758836958803609,-0.9229611767850241,1.6331204201213594
1771417178675,1.8901638843213004,-0.9497374809529622,1.634233222910888
1771417178679,1.8924739490305391,-0.919599050777107,1.6540239519333109
1771417178682,1.880433164288654,-0.9491582011987842,1.6233076093130743
1771417178686,1.8689537975628356,-0.9325654331881336,1.6196635484714639
1771417178690,1.8838300497801244,-0.9504207117403118,1.626504265948794
1771417178694,1.871406133509001,-0.945455722210732,1.615015292148682
1771417178698,1.8780816347315439,-0.9396261569864321,1.6261283196054417
1771417178701,0.27137518109731357,-0.000783246747258499,0.2713740507862398
1771417178705,1.8843101468797776,-0.9396821401335586,1.6332857083646157
1771417178709,1.8719915468809216,-0.9326967135132473,1.623092478016953
1771417178712,1.8979614616093168,-0.9354077083003459,1.651444861025178
1771417178716,1.8799390947821695,-0.9601091447190224,1.6162801212405322
1771417178720,1.8901963543516058,-0.9088893685051146,1.6573359266673957
1771417178724,1.8752239882636261,-0.9367277522500878,1.624501808039572
1771417178728,1.8752239882636261,-0.9367277522500878,1.624501808039572
1771417178733,1.8892539408150444,-0.9609622390996173,1.6266013733886449
1771417178737,1.8685409822376875,-0.9369186569373057,1.6166721475254584
1771417178741,1.9004609431628778,-0.9465932775190342,1.6479420388603805
1771417178745,1.8816595733234258,-0.8885331516486497,1.6586595757722604
1771417178749,1.8843101468797776,-0.9396821401335586,1.6332857083646157
1771417178752,1.8685409822376875,-0.9369186569373057,1.6166721475254584
1771417178756,1.8862298335919971,-0.9600246690869157,1.6236427008049066
1771417178760,1.878746652612317,-0.9726126404440546,1.6073934292358019
1771417178764,1.8924739490305391,-0.919599050777107,1.6540239519333109
1771417178768,1.8901638843213004,-0.9497374809529622,1.634233222910888
1771417178772,1.8901963543516058,-0.9088893685051146,1.6573359266673957
1771417178776,1.8930399921880126,-0.9526842763001512,1.6358462891462777
1771417178780,1.886310089496553,-0.9187936106435856,1.6474173893634292
1771417178784,1.8853608513498405,-0.9714193014179787,1.6158372692307856
1771417178788,1.8740872184028874,-0.9058892492252865,1.6405997593316655
1771417178792,1.8819833549074825,-0.9297722711245248,1.636271637594677
1771417178795,1.8924739490305391,-0.919599050777107,1.6540239519333109
1771417178798,0.27028118581706656,-0.00013210162645078266,0.270281153534315
1771417178802,0.27008711169791044,-5.301278188058289e-05,0.27008710649522777
1771417178806,1.5731713146326984,-0.6813973887510691,1.4179441398681392
1771417178810,0.27001005040393744,-2.7777322579999123e-06,0.2700100503896495
1771417178814,1.8901638843213004,-0.9497374809529622,1.634233222910888
1771417178818,0.26998247858472507,-9.812188899680827e-06,0.269982478406419
1771417178822,0.27003253656235754,-3.4614874836197285e-06,0.2700325365401715
1771417178826,1.865898177082573,-0.9700816527724873,1.5939001205201875
1771417178830,1.8771582823210216,-0.9108643378487514,1.6413559561904187
1771417178834,0.2704655664269687,-0.0006281805598259049,0.2704648369231114
1771417178838,1.8752239882636261,-0.9367277522500878,1.624501808039572
1771417178842,0.2704424523205096,-0.00025763217965478534,0.27044232960613085
1771417178845,0.2713261714382963,-0.0008044874883433566,0.27132497877498274
1771417178848,1.8838300497801244,-0.9504207117403118,1.626504265948794
1771417178852,1.8729363533982997,-0.9205202165304817,1.6311140716821726
1771417178856,1.89809442604729,-0.9773309838417106,1.627140620295242
1771417178860,1.8651370541801429,-0.9412347188719338,1.6102215483795554
1771417178864,1.8877129508214725,-0.9407222424761631,1.63661291917476
1771417178869,1.8930399921880126,-0.9526842763001512,1.6358462891462777
1771417178873,1.8843101468797776,-0.9396821401335586,1.6332857083646157
1771417178877,1.8819833549074825,-0.9297722711245248,1.636271637594677
1771417178881,1.879034001443121,-0.9279968376403991,1.6338881993296743
1771417178885,1.8801999853281475,-0.9121270233117632,1.6441338991007965
1771417178888,1.879034001443121,-0.9279968376403991,1.6338881993296743
1771417178893,1.9004609431628778,-0.9465932775190342,1.6479420388603805
1771417178897,1.871406133509001,-0.945455722210732,1.615015292148682
1771417178901,0.2700989753365698,-3.0401337507993093e-05,0.27009897362563895
1771417178905,1.8780816347315439,-0.9396261569864321,1.6261283196054417
1771417178909,1.8983758627061618,-0.8879228078142974,1.677922526062672
1771417178913,1.8877129508214725,-0.9407222424761631,1.63661291917476
1771417178916,0.9197057078150883,-0.29414935272615605,0.8713981565727782
1771417178920,0.27022627583336184,-0.00010518960116794203,0.2702262553600519
1771417178923,1.1368205268068394,-0.41199113702031553,1.0595396232260912
1771417178927,1.879034001443121,-0.9279968376403991,1.6338881993296743
1771417178935,1.8819833549074825,-0.9297722711245248,1.636271637594677
1771417178952,1.8877129508214725,-0.9407222424761631,1.63661291917476
1771417178957,1.8963136378225272,-0.9551429500259293,1.638202477719855
1771417178963,0.2703928138164818,-0.00022508887078065073,0.2703927201286951
1771417178968,1.879034001443121,-0.9279968376403991,1.6338881993296743
1771417178972,1.8843101468797776,-0.9396821401335586,1.6332857083646157
1771417178976,1.8765500826969579,-0.9586051854171488,1.6132316359907255
1771417178980,0.2703354723488752,-0.00018015162238637522,0.2703354123223268
1771417178984,1.8698215193311625,-0.9603292462382941,1.6043691136933815
1771417178988,1.8668136098832953,-0.9583792550520958,1.602030666851072
1771417178992,1.8752239882636261,-0.9367277522500878,1.624501808039572
1771417178995,0.2713370349567819,-0.0008012245246551814,0.2713358519960069
1771417178999,1.874172810624526,-0.949450998174691,1.6158794899834943
1771417179003,1.879034001443121,-0.9279968376403991,1.6338881993296743
1771417179007,1.8963136378225272,-0.9551429500259293,1.638202477719855
1771417179011,1.8843101468797776,-0.9396821401335586,1.6332857083646157
1771417179015,1.8838300497801244,-0.9504207117403118,1.626504265948794
1771417179019,1.8689537975628356,-0.9325654331881336,1.6196635484714639
1771417179023,1.8843101468797776,-0.9396821401335586,1.6332857083646157
1771417179027,1.8780816347315439,-0.9396261569864321,1.6261283196054417
1771417179031,1.8685409822376875,-0.9369186569373057,1.6166721475254584
1771417179035,1.8910201374374442,-0.982584682389796,1.6156993848259256
1771417179039,1.8698215193311625,-0.9603292462382941,1.6043691136933815
1771417179043,1.8865668534143551,-0.9946252830286195,1.6030767413826388
1771417179048,1.871406133509001,-0.945455722210732,1.615015292148682
1771417179051,1.8822886155793586,-0.9702748574878254,1.6129405237846304
1771417179055,1.874172810624526,-0.949450998174691,1.6158794899834943
1771417179059,1.8780816347315439,-0.9396261569864321,1.6261283196054417
1771417179063,1.8668136098832953,-0.9583792550520958,1.602030666851072
1771417179067,1.8752239882636261,-0.9367277522500878,1.624501808039572
1771417179071,1.8799390947821695,-0.9601091447190224,1.6162801212405322
1771417179075,1.8685409822376875,-0.9369186569373057,1.6166721475254584
1771417179080,1.891940876285257,-0.9717305268540973,1.6233237700898993
1771417179084,1.875250856918355,-0.9749755517801891,1.601870297434827
1771417179088,1.8668136098832953,-0.9583792550520958,1.602030666851072
1771417179093,1.891940876285257,-0.9717305268540973,1.6233237700898993
1771417179096,1.8685409822376875,-0.9369186569373057,1.6166721475254584
1771417179100,1.8799390947821695,-0.9601091447190224,1.6162801212405322
1771417179104,1.8799390947821695,-0.9601091447190224,1.6162801212405322
1771417179108,1.8752239882636261,-0.9367277522500878,1.624501808039572
1771417179112,1.8862298335919971,-0.9600246690869157,1.6236427008049066
1771417179117,1.867209554764329,-0.9092492424178779,1.6308701163997454
1771417179121,1.868201519816949,-0.9804627280366112,1.5902420437082414
1771417179125,1.8552705686674955,-0.9760434628802155,1.5777731273958906
1771417179128,1.875250856918355,-0.9749755517801891,1.601870297434827
1771417179133,1.874172810624526,-0.949450998174691,1.6158794899834943
1771417179137,1.8729363533982997,-0.9205202165304817,1.6311140716821726
1771417179140,1.8945264948730653,-0.9382678697517618,1.6458687810294943
1771417179144,1.8765500826969579,-0.9586051854171488,1.6132316359907255
1771417179148,1.8862298335919971,-0.9600246690869157,1.6236427008049066
1771417179152,1.8660622120731891,-0.9241917542110397,1.6211285515886165
1771417179155,1.8838300497801244,-0.9504207117403118,1.626504265948794
1771417179160,0.27002562804368235,3.762026955153694e-05,0.27002562542303354
1771417179163,1.8920176844567416,-0.929939886044488,1.647708325718061
1771417179167,0.2699736744309251,-1.0405984890911495e-05,0.26997367423037866
1771417179171,0.2698693733278792,-0.0001569814194815165,0.26986932767029337
1771417179175,1.8639503676314737,-0.9506408683726592,1.6033068678120177
1771417179179,0.2703428773667685,-0.00018559063037222308,0.27034281366269297
1771417179183,0.2703538210216798,-0.00013135641122963203,0.2703537891107053
1771417179187,0.2699891527636165,-9.730951336956098e-06,0.269989152588255
1771417179190,0.2701454487512502,-6.371803089752655e-05,0.27014544123680284
1771417179193,0.2702817603836247,-0.0001325810734588527,0.27028172786618426
1771417179197,1.8719915468809216,-0.9326967135132473,1.623092478016953
1771417179201,0.270062131207993,-1.9594614393176596e-05,0.27006213049714006
1771417179206,1.8892539408150444,-0.9609622390996173,1.6266013733886449
1771417179210,1.8752239882636261,-0.9367277522500878,1.624501808039572
1771417179214,1.8901638843213004,-0.9497374809529622,1.634233222910888
1771417179217,1.8698215193311625,-0.9603292462382941,1.6043691136933815
1771417179221,1.8719915468809216,-0.9326967135132473,1.623092478016953
1771417179225,1.8838300497801244,-0.9504207117403118,1.626504265948794
1771417179229,1.883258403303958,-0.9182913534603871,1.6442029083342677
1771417179233,1.8838300497801244,-0.9504207117403118,1.626504265948794
1771417179237,1.871406133509001,-0.945455722210732,1.615015292148682
1771417179240,0.27043386745333914,-0.00025161426501872045,0.27043375040115064
1771417179243,0.2704393645957044,-0.0002540064404540916,0.27043924530965646
1771417179246,0.27044307548626123,-0.00025587636710025963,0.270442954439106
1771417179249,0.0016680305906758594,0.00012951184368493367,0.0016629951093661659
1771417179253,0.2704393645957044,-0.0002540064404540916,0.27043924530965646
1771417179255,0.2704359731428826,-0.0002522649858881515,0.2704358554853901
1771417179259,0.2704393645957044,-0.0002540064404540916,0.27043924530965646
1771417179262,0.04402985568196469,-0.006266671941608105,0.04358161325778224
1771417179265,0.2704393645957044,-0.0002540064404540916,0.27043924530965646
1771417179268,0.2704359731428826,-0.0002522649858881515,0.2704358554853901
1771417179271,0.27044307548626123,-0.00025587636710025963,0.270442954439106
1771417179275,0.25628370940729045,-0.0033189523178729597,0.25626221778302044
1771417179278,0.2692767997934076,-0.0005160649568700002,0.26927630527757024
1771417179281,0.24717239974262994,-0.0072527834211938745,0.2470659675616529
1771417179285,0.2704359731428826,-0.0002522649858881515,0.2704358554853901
1771417179288,0.27043253858757277,-0.00025046928141646046,0.2704324225976947
1771417179291,0.2619598308517923,-0.000514939573918132,0.2619593247378968
1771417179294,0.27044636406714917,-0.0002575009523748691,0.27044624147952306
1771417179297,0.27044636406714917,-0.0002575009523748691,0.27044624147952306
1771417179300,0.27044636406714917,-0.0002575009523748691,0.27044624147952306
1771417179303,0.270429024093602,-0.00024894149611605744,0.2704289095129244
1771417179307,0.2704325068666145,-0.00025078564071560406,0.27043239058353186
1771417179309,0.2692275130267513,-0.00014386827278813703,0.26922747458699237
1771417179313,0.2704499318296726,-0.0002595195926582334,0.2704498073141402
1771417179316,0.2704363221810724,-0.00025276953353525766,0.27043620405261515
1771417179319,0.2694766876486898,-0.0002042119439922922,0.26947661027182207
1771417179322,0.2704325068666145,-0.00025078564071560406,0.27043239058353186
1771417179325,0.2704434113359697,-0.0002563515371537264,0.2704432898389715
1771417179329,0.270429024093602,-0.00024894149611605744,0.2704289095129244
1771417179332,0.2704363221810724,-0.00025276953353525766,0.27043620405261515
1771417179335,0.270429024093602,-0.00024894149611605744,0.2704289095129244
1771417179338,0.2704363221810724,-0.00025276953353525766,0.27043620405261515
1771417179341,0.2704325068666145,-0.00025078564071560406,0.27043239058353186
1771417179344,0.27041789197046473,-0.00024284809199454397,0.2704177829258907
1771417179347,0.2704445378966416,-0.0002558896508277062,0.27044441683757237
1771417179351,0.2704545515905764,-0.00026074824982504465,0.2704544258953992
1771417179354,0.2704363221810724,-0.00025276953353525766,0.27043620405261515
1771417179357,0.270429024093602,-0.00024894149611605744,0.2704289095129244
1771417179360,0.26934278008997437,-0.0001343271181112185,0.2693427465940407
1771417179363,0.0048646330803703165,-0.0003659253515679554,0.004850850816476741
1771417179367,0.27042327774760017,-0.0002466581287300356,0.27042316525683086
1771417179370,0.2704156170075271,-0.00024243051024622837,0.2704155083367248
1771417179373,0.2704119191424712,-0.00024034137921214197,0.2704118123350676
1771417179376,0.1123651080402729,-0.004328789072891754,0.11228169525824151
1771417179379,0.2704196753275688,-0.000244686943055963,0.27041956462609656
1771417179383,0.270408173183312,-0.00023819512504129738,0.2704080682735233
1771417179386,0.27042722692360216,-0.0002487831112332145,0.27042711248791784
1771417179389,0.24575521591284039,-0.0019981523876463625,0.2457470926285854
1771417179392,0.26952451963156676,-0.00017706382528051275,0.2695244614706216
1771417179395,0.2690284137925923,-0.00042644740805819394,0.26902807580318905
1771417179399,0.2704119191424712,-0.00024034137921214197,0.2704118123350676
1771417179402,0.2704156170075271,-0.00024243051024622837,0.2704155083367248
1771417179405,0.2704196753275688,-0.000244686943055963,0.27041956462609656
1771417179408,0.2704028246935434,1.3033003046844348e-05,0.27040282437945795
1771417179411,0.269928917128967,0.0006474147679740657,0.26992814072737015
1771417179415,0.2704119191424712,-0.00024034137921214197,0.2704118123350676
1771417179418,0.26992454258298393,3.9134140059773046e-05,0.2699245397461153
1771417179421,0.2699728586045542,4.7367012097555145e-05,0.269972854449259
1771417179424,0.27038774647112085,0.00010258674477064229,0.2703877270101047
1771417179427,0.26832659579754,-0.00018827601475745532,0.2683265297439645
1771417179430,0.2704618802133481,-0.00026365649132665625,0.2704617517021474
1771417179434,0.27046816052827866,-0.00026641374989939395,0.2704680293181887
1771417179437,0.26929933366735626,-0.0002775542323153538,0.26929919063623303
1771417179440,0.2704648827676235,-0.0002649921162617186,0.2704647529525476
1771417179443,0.26975779217015494,-0.00010736770303447533,0.26975777080316493
1771417179447,0.27047105882658323,-0.00026763706083631183,0.27047092641017206
1771417179450,0.2704571095580757,-0.00026211814226358957,0.2704569825399013
1771417179453,0.2704472195927611,-0.00025741418647107683,0.27044709708812137
1771417179457,0.27044024450097065,-0.00025392137062581774,0.27044012529519784
1771417179460,0.27045398033209256,-0.00026066314690549423,0.2704538547186853
1771417179463,0.27045398033209256,-0.00026066314690549423,0.2704538547186853
1771417179466,0.002779583629292156,0.0006118912483172663,0.002711397103425039
1771417179468,0.0027635567083448033,0.0006307287862590068,0.002690618307828482
1771417179472,0.27043386745333914,-0.00025161426501872045,0.27043375040115064
1771417179475,0.27044731589592097,-0.0002577728284754824,0.2704471930497282
1771417179478,0.27044731589592097,-0.0002577728284754824,0.2704471930497282
1771417179481,0.2704505438644807,-0.0002593321137822172,0.2704504195290667
1771417179484,0.27044367311420137,-0.000255975992109696,0.27044355197303643
1771417179487,0.27044731589592097,-0.0002577728284754824,0.2704471930497282
1771417179490,0.27044034341353085,-0.0002543005566127336,0.270440223851511
1771417179493,0.27043316202364903,-0.00025058367002399535,0.2704330459280698
1771417179496,0.27044367311420137,-0.000255975992109696,0.27044355197303643
1771417179500,0.27044367311420137,-0.000255975992109696,0.27044355197303643
1771417179503,0.27044367311420137,-0.000255975992109696,0.27044355197303643
1771417179506,0.27043696727138605,-0.0002525703273843166,0.2704368493293295
1771417179509,0.27044034341353085,-0.0002543005566127336,0.270440223851511
1771417179512,0.27044731589592097,-0.0002577728284754824,0.2704471930497282
1771417179515,0.27044367311420137,-0.000255975992109696,0.27044355197303643
1771417179518,0.27044367311420137,-0.000255975992109696,0.27044355197303643
1771417179521,0.27043316202364903,-0.00025058367002399535,0.2704330459280698
1771417179524,0.27044731589592097,-0.0002577728284754824,0.2704471930497282
1771417179527,0.27044034341353085,-0.0002543005566127336,0.270440223851511
1771417179531,0.27044731589592097,-0.0002577728284754824,0.2704471930497282
1771417179533,0.27044367311420137,-0.000255975992109696,0.27044355197303643
1771417179537,0.27044367311420137,-0.000255975992109696,0.27044355197303643
1771417179540,0.27044731589592097,-0.0002577728284754824,0.2704471930497282
1771417179543,0.001842231139422234,0.000618816313700526,0.0017351893098319373
1771417179545,0.14911294013961718,-0.010165454457200388,0.14876603259064095
1771417179548,0.27044367311420137,-0.000255975992109696,0.27044355197303643
1771417179551,0.27044367311420137,-0.000255975992109696,0.27044355197303643
1771417179554,0.002583243883550785,-0.00036255289485771504,0.002557675577615901
1771417179558,0.015543122735736952,-0.0008779333791278923,0.015518308456787294
1771417179561,0.00895220293888716,0.007225640705277759,0.005285078415430848
1771417179564,0.2704296855349765,-0.0002487365526447742,0.27042957114316035
1771417179567,0.27044034341353085,-0.0002543005566127336,0.270440223851511
1771417179570,0.004809885351909859,-2.4974587514029704e-05,0.004809820513126818
1771417179573,0.10108847057426237,-0.007025680210719855,0.10084403155675703
1771417179576,0.27044034341353085,-0.0002543005566127336,0.270440223851511
1771417179579,0.27044367311420137,-0.000255975992109696,0.27044355197303643
1771417179582,0.0035660645897450704,-2.759275107179428e-05,0.003565957837429092
1771417179586,0.27044367311420137,-0.000255975992109696,0.27044355197303643
1771417179589,0.2305632535064623,-0.007671848987629607,0.23043558015331794
1771417179592,0.27044034341353085,-0.0002543005566127336,0.270440223851511
1771417179595,0.0033383705272236977,-0.0002664018238374832,0.003327724123976008
1771417179598,0.268626593239999,0.0006027754561951149,0.26862591695046345
1771417179601,0.07356142291070053,-0.007163008798229731,0.07321184498155622
1771417179606,0.27044367311420137,-0.000255975992109696,0.27044355197303643
1771417179609,0.24240350797631144,-0.0012641198023024486,0.24240021179930332
1771417179613,0.27044367311420137,-0.000255975992109696,0.27044355197303643
1771417179616,0.27044367311420137,-0.000255975992109696,0.27044355197303643
1771417179619,0.2699278364664419,1.2638577645905755e-06,0.2699278364634831
1771417179624,0.27044731589592097,-0.0002577728284754824,0.2704471930497282
1771417179627,0.27044731589592097,-0.0002577728284754824,0.2704471930497282
1771417179631,0.2700485095596251,-3.5201295782223865e-05,0.27004850726534985
1771417179634,0.27044034341353085,-0.0002543005566127336,0.270440223851511
1771417179637,0.27044034341353085,-0.0002543005566127336,0.270440223851511
1771417179642,0.0024835352172228723,-0.0002005771801128712,0.00247542238214092
1771417179645,0.2704505438644807,-0.0002593321137822172,0.2704504195290667
1771417179649,0.27044731589592097,-0.0002577728284754824,0.2704471930497282
1771417179652,0.27044367311420137,-0.000255975992109696,0.27044355197303643
1771417179655,0.270430013340643,-0.0002495888124232627,0.27042989816372937
1771417179660,0.27043693634731714,-0.0002528781753224099,0.270436818117562
1771417179663,0.00559713369020965,-0.00025013394679635837,0.005591541697487372
1771417179666,0.2704406849309847,-0.00025478866824254175,0.2704405649096945
1771417179669,0.04374626872807876,-0.006211232802144367,0.043303078582323073
1771417179672,0.06942421445806639,-0.0031291542080001547,0.06935365849803563
1771417179676,0.27043092338695884,-0.00024950596275892024,0.27043080828688465
1771417179679,0.0027629456017884343,0.0006198878540778813,0.002692509507282894
1771417179683,0.27043092338695884,-0.00024950596275892024,0.27043080828688465
1771417179685,0.27043816985051927,-0.0002532932832047868,0.2704380512328304
1771417179690,0.27043816985051927,-0.0002532932832047868,0.2704380512328304
1771417179693,0.27043816985051927,-0.0002532932832047868,0.2704380512328304
1771417179697,0.016751580480947662,-0.0009881746595911457,0.01672240890098698
1771417179699,0.17588277398822968,-0.0016293229982271371,0.1758752270570308
1771417179703,0.27044846361972885,-0.00025842609839620066,0.2704483401506163
1771417179706,0.27044520495957736,-0.00025683426867196873,0.27044508300537884
1771417179709,0.2704415283298038,-0.00025500077615123325,0.27044140810897327
1771417179714,0.27069365709435944,-0.00014288201328323626,0.27069361938518044
1771417179717,0.27044846361972885,-0.00025842609839620066,0.2704483401506163
1771417179720,0.2691181402960129,-0.0001733632089565433,0.2691180844565862
1771417179723,0.26842903991848,-0.0004283680695034255,0.2684286981161924
1771417179726,0.27043816985051927,-0.0002532932832047868,0.2704380512328304
1771417179729,0.2704415283298038,-0.00025500077615123325,0.27044140810897327
1771417179734,0.26907821510648766,-0.00011102993323594288,0.26907819219930695
1771417179739,0.2704415283298038,-0.00025500077615123325,0.27044140810897327
1771417179743,0.27043816985051927,-0.0002532932832047868,0.2704380512328304
1771417179745,0.000963446522180295,-8.055221538828648e-05,0.0009600731960102546
1771417179749,0.27043351313493286,-0.00025110044446491266,0.27043339656016724
1771417179752,0.27043693634731714,-0.0002528781753224099,0.270436818117562
1771417179755,0.2702238552603213,5.0761618725180625e-05,0.27022385049252984
1771417179758,0.27043351313493286,-0.00025110044446491266,0.27043339656016724
1771417179761,0.27043693634731714,-0.0002528781753224099,0.270436818117562
1771417179765,0.2704156170075271,-0.00024243051024622837,0.2704155083367248
1771417179768,0.27027407988065427,-4.835077115271601e-05,0.27027407555579064
1771417179771,0.2704119191424712,-0.00024034137921214197,0.2704118123350676
1771417179775,0.27042722692360216,-0.0002487831112332145,0.27042711248791784
1771417179779,0.27042420291661634,-0.0002465760666889938,0.2704240905010695
1771417179782,0.2704580134550384,-0.00026235602228520867,0.270457886206639
1771417179785,0.2704445378966416,-0.0002558896508277062,0.27044441683757237
1771417179790,0.2704580134550384,-0.00026235602228520867,0.270457886206639
1771417179793,0.2704481676201729,-0.0002576853295821472,0.27044804485775087
1771417179796,0.2704580134550384,-0.00026235602228520867,0.270457886206639
1771417179799,0.27046107845044254,-0.00026374612806599805,0.27046094985146446
1771417179803,0.27046107845044254,-0.00026374612806599805,0.27046094985146446
1771417179805,0.2704513844137665,-0.0002592441411321133,0.27045126016308035
1771417179811,0.2704513844137665,-0.0002592441411321133,0.27045126016308035
1771417179814,0.2704545515905764,-0.00026074824982504465,0.2704544258953992
1771417179817,0.2704513844137665,-0.0002592441411321133,0.27045126016308035
1771417179820,0.27046107845044254,-0.00026374612806599805,0.27046094985146446
1771417179823,0.2704481676201729,-0.0002576853295821472,0.27044804485775087
1771417179827,0.2704445378966416,-0.0002558896508277062,0.27044441683757237
1771417179830,0.2704513844137665,-0.0002592441411321133,0.27045126016308035
1771417179833,0.2704580134550384,-0.00026235602228520867,0.270457886206639
1771417179837,0.2704580134550384,-0.00026235602228520867,0.270457886206639
1771417179839,0.2704481676201729,-0.0002576853295821472,0.27044804485775087
1771417179843,0.2704513844137665,-0.0002592441411321133,0.27045126016308035
1771417179847,0.2704545515905764,-0.00026074824982504465,0.2704544258953992
1771417179852,0.2704545515905764,-0.00026074824982504465,0.2704544258953992
1771417179855,0.27046107845044254,-0.00026374612806599805,0.27046094985146446
1771417179858,0.001800936444862186,-0.00017535228814996524,0.0017923793274509225
1771417179861,0.0033558278396041926,0.0006183344485645331,0.0032983697486456756
1771417179864,0.2704513844137665,-0.0002592441411321133,0.27045126016308035
1771417179870,0.2704481676201729,-0.0002576853295821472,0.27044804485775087
1771417179873,0.0022732370160579818,-0.0012419907068131134,0.0019039605078273185
1771417179876,0.2704545515905764,-0.00026074824982504465,0.2704544258953992
1771417179879,0.2704545515905764,-0.00026074824982504465,0.2704544258953992
1771417179882,0.2704481676201729,-0.0002576853295821472,0.27044804485775087
1771417179885,0.0022531124213194327,-0.001175794525943572,0.001921984083145604
1771417179889,0.2704545515905764,-0.00026074824982504465,0.2704544258953992
1771417179892,0.2704513844137665,-0.0002592441411321133,0.27045126016308035
1771417179895,0.2704513844137665,-0.0002592441411321133,0.27045126016308035
1771417179898,0.004139438117781345,3.442622465293964e-05,0.0041392949600140005
1771417179902,0.002893890525889233,-0.00012211691118974927,0.0028913128222025604
1771417179907,0.052645138859577174,-0.0056521326734768,0.052340844870765874
1771417179910,0.26076871317001676,-0.0016279305076358492,0.26076363168702954
1771417179913,0.25225472738323756,0.0009849747923345283,0.2522528043686531
1771417179917,0.2704445378966416,-0.0002558896508277062,0.27044441683757237
1771417179922,0.2704545515905764,-0.00026074824982504465,0.2704544258953992
1771417179927,0.26998315825253416,0.00011658643296575874,0.26998313307985844
1771417179930,0.016587709771566386,-0.0010068311874284978,0.01655712554840786
1771417179933,0.2489515087886212,-0.0021388396321292942,0.2489423208158046
1771417179937,0.24921757897224894,-0.0021390464162263662,0.24920839903425882
1771417179939,0.2704580134550384,-0.00026235602228520867,0.270457886206639
1771417179945,0.27025667035080797,-4.4804419673636486e-05,0.27025666663686443
1771417179949,0.2704393645957044,-0.0002540064404540916,0.27043924530965646
1771417179951,0.2704393645957044,-0.0002540064404540916,0.27043924530965646
1771417179955,0.26960254000854594,-8.202347645374779e-05,0.2696025275311953
1771417179960,0.2704359731428826,-0.0002522649858881515,0.2704358554853901
1771417179963,0.2704393645957044,-0.0002540064404540916,0.27043924530965646
1771417179966,0.27042521080534093,-0.0002472470004120657,0.2704250977776173
1771417179969,0.27041800754034384,-0.0002432883200145367,0.27041789810011246
1771417179973,0.27041656545982923,-0.00024235113630697658,0.2704164568605558
1771417179977,0.003625572756828389,-0.0006840145245256272,-0.0035604637261590216
1771417179979,0.01647883828407551,-0.0009742294744916847,0.016450014836581282
1771417179983,0.27044603290037755,-0.00025703617229544753,0.2704459107547353
1771417179986,0.2704427376490255,-0.00025539754450731086,0.270442617054328
1771417179988,0.005683737803122032,0.0004308746238240481,0.005667382329892959
1771417179991,0.27001311316939497,-3.9625759346256434e-05,0.2700131102617569
1771417179995,0.2704321851068791,-0.0002499479553813366,0.2704320695991896
1771417179998,0.27044603290037755,-0.00025703617229544753,0.2704459107547353
1771417180002,0.2704496368589106,-0.000258791953987216,0.2704495130404955
1771417180006,0.27043939700381786,-0.00025370424878650637,0.27043927800144485
1771417180009,0.0013896695378911791,8.446963290526552e-05,0.0013870999623889885
1771417180011,0.042527755340242536,-0.00597762528260191,0.0421055574747601
1771417180014,0.2704427376490255,-0.00025539754450731086,0.270442617054328
1771417180017,0.27044603290037755,-0.00025703617229544753,0.2704459107547353
1771417180022,0.2704427376490255,-0.00025539754450731086,0.270442617054328
1771417180025,0.24271635807573413,-0.0013312696271203569,0.2427127071224906
1771417180028,0.27042686182401166,-0.0002482472082099336,0.2704267478806538
1771417180031,0.2704364284174978,-0.00025315763547801933,0.2704363099260601
1771417180034,0.27042521080534093,-0.0002472470004120657,0.2704250977776173
1771417180038,0.27042913261155255,-0.0002493501204080754,0.2704290176544561
1771417180041,0.27044520495957736,-0.00025683426867196873,0.27044508300537884
1771417180044,0.2604291162305568,-0.0008151489297070352,0.2604278405102866
1771417180047,0.2704347621340009,-0.0002515298582538895,0.27043464516071913
1771417180050,0.2608614684676252,-0.0007765460554347275,0.2608603126336193
1771417180053,0.2704359731428826,-0.0002522649858881515,0.2704358554853901
1771417180059,0.2700224431648839,-3.927442691051542e-05,0.27002244030867567
1771417180061,0.27044307548626123,-0.00025587636710025963,0.270442954439106
1771417180065,0.2704393645957044,-0.0002540064404540916,0.27043924530965646
1771417180068,0.27002011163137074,-3.266004703274867e-05,0.270020109656187
1771417180073,0.2704286644557957,-0.0002484083459670629,0.27042855036522867
1771417180077,0.27043004403379794,-0.0002492671748217474,0.27042992915355624
1771417180080,0.27043253858757277,-0.00025046928141646046,0.2704324225976947
1771417180083,0.2704359731428826,-0.0002522649858881515,0.2704358554853901
1771417180087,0.27043253858757277,-0.00025046928141646046,0.2704324225976947
1771417180090,0.2704286644557957,-0.0002484083459670629,0.27042855036522867
1771417180095,0.2704393645957044,-0.0002540064404540916,0.27043924530965646
1771417180100,0.2704359731428826,-0.0002522649858881515,0.2704358554853901
1771417180103,0.27044307548626123,-0.00025587636710025963,0.270442954439106
1771417180107,0.27043253858757277,-0.00025046928141646046,0.2704324225976947
1771417180110,0.27044636406714917,-0.0002575009523748691,0.27044624147952306
1771417180113,0.2704393645957044,-0.0002540064404540916,0.27043924530965646
1771417180116,0.27043253858757277,-0.00025046928141646046,0.2704324225976947
1771417180119,0.2704393645957044,-0.0002540064404540916,0.27043924530965646
1771417180122,0.27044307548626123,-0.00025587636710025963,0.270442954439106
1771417180126,0.27043253858757277,-0.00025046928141646046,0.2704324225976947
1771417180130,0.2704359731428826,-0.0002522649858881515,0.2704358554853901
1771417180133,0.2704286644557957,-0.0002484083459670629,0.27042855036522867
1771417180136,0.27043253858757277,-0.00025046928141646046,0.2704324225976947
1771417180139,0.2704393645957044,-0.0002540064404540916,0.27043924530965646
1771417180142,0.2704499625399687,-0.0002592422157527832,0.270449838290475
1771417180147,0.27044307548626123,-0.00025587636710025963,0.270442954439106
1771417180151,0.2704499625399687,-0.0002592422157527832,0.270449838290475
1771417180155,0.2704393645957044,-0.0002540064404540916,0.27043924530965646
1771417180165,0.2704359731428826,-0.0002522649858881515,0.2704358554853901
1771417180170,0.2704359731428826,-0.0002522649858881515,0.2704358554853901
1771417180180,0.2704359731428826,-0.0002522649858881515,0.2704358554853901
1771417180186,0.2704359731428826,-0.0002522649858881515,0.2704358554853901
1771417180190,0.27044636406714917,-0.0002575009523748691,0.27044624147952306
1771417180193,0.27044636406714917,-0.0002575009523748691,0.27044624147952306
1771417180197,0.2704499625399687,-0.0002592422157527832,0.270449838290475
1771417180200,0.2704359731428826,-0.0002522649858881515,0.2704358554853901
1771417180203,0.0015002799340731313,-1.1911602253159752e-06,0.0015002794612070768
1771417180207,0.0007279097238564848,-7.869030065365445e-05,0.0007236438368892957
1771417180210,0.27043253858757277,-0.00025046928141646046,0.2704324225976947
1771417180213,0.2704359731428826,-0.0002522649858881515,0.2704358554853901
1771417180216,0.014599665904361275,-0.000771628337663316,0.014579260414283163
1771417180220,0.27044307548626123,-0.00025587636710025963,0.270442954439106
1771417180223,0.2704359731428826,-0.0002522649858881515,0.2704358554853901
1771417180226,0.0011566202676901176,-8.525781260071174e-05,0.0011534736880493206
1771417180229,0.2704359731428826,-0.0002522649858881515,0.2704358554853901
1771417180233,0.2699509382314131,0.0001674346348988126,0.26995088630649694
1771417180236,0.27043763203482124,-0.0002538747247494062,0.27043751287169004
1771417180239,0.2704229069119417,-0.0002461072684861933,0.2704227949229079
1771417180243,0.2690548063022422,-0.00016701076030400084,0.2690547544678277
1771417180245,9.399484529186173e-05,-7.277285520922421e-05,5.9490692432836154e-05
1771417180249,0.27042686182401166,-0.0002482472082099336,0.2704267478806538
1771417180252,0.2704192983216603,-0.00024412175321192765,0.27041918813085125
1771417180255,0.27041564466808166,-0.0002420807241346962,0.27041553631065135
1771417180258,0.2667138152599279,-0.0003116961110683203,0.2667136331274449
1771417180261,0.27042686182401166,-0.0002482472082099336,0.2704267478806538
1771417180264,0.00012698958310462615,-0.00012357346013531118,-2.9256694400998405e-05
1771417180268,0.2704456120117254,-0.0002600338821290505,0.2704454870002028
1771417180271,0.2702694363575183,-0.00012458157241219308,0.27026940764437707
1771417180274,0.27028171510741206,-0.00013639344072610433,0.27028168069300146
1771417180278,1.8716622942056707,-0.896915672122757,1.642760487914114
1771417180282,1.8762261761700054,-0.9245679893457237,1.632604880925794
1771417180286,1.8552221915983915,-0.8986114871324345,1.6230670889993344
1771417180291,1.8803682232420837,-0.910310768758654,1.6453324768145248
1771417180295,1.8685924863250853,-0.8927540003924637,1.6415322642987609
1771417180298,0.27043036573997953,-0.00025158929935165716,0.27043024870950283
1771417180303,1.870472672252825,-0.8669652112461392,1.6574194822474972
1771417180306,0.2712825725177624,-0.0008128278391397801,0.27128135480117116
1771417180310,1.8623378426952404,-0.8919088635825844,1.6348702760150682
1771417180314,1.8795031502275898,-0.9214916695341139,1.6381041464738026
1771417180317,1.886643416939094,-0.8694172259058395,1.674376621306513
1771417180321,1.88341506014435,-0.9112127789976606,1.6483153703614808
1771417180325,1.8716622942056707,-0.896915672122757,1.642760487914114
1771417180328,1.8683921286446834,-0.9390152690213152,1.6152830931221434
1771417180332,1.88341506014435,-0.9112127789976606,1.6483153703614808
1771417180335,0.2713076742446819,-0.000809168948168439,0.2713064675780357
1771417180339,1.8860014173650905,-0.9185373882448894,1.6472068518250487
1771417180342,0.27132162432365825,-0.0008059766275747564,0.2713204272208492
1771417180346,1.879097801768933,-0.886831603089017,1.6566647990391419
1771417180350,1.873584631904738,-0.9126692920133896,1.6362622455845488
1771417180355,1.8594006141765824,-0.929676018582975,1.6103021904201584
1771417180358,1.88341506014435,-0.9112127789976606,1.6483153703614808
1771417180362,1.688784517219903,-0.7380816658634832,1.5189564181100939
1771417180366,1.873584631904738,-0.9126692920133896,1.6362622455845488
1771417180369,1.88341506014435,-0.9112127789976606,1.6483153703614808
1771417180372,0.2920180886138702,-0.00942888058464822,0.2918658258320398
1771417180376,1.8652536236882744,-0.9346065234547556,1.6142124169383825
1771417180380,1.853292610946613,-0.923111051381142,1.6070343769214512
1771417180385,1.8610227110765367,-0.9097408564561137,1.623507654813232
1771417180388,1.873584631904738,-0.9126692920133896,1.6362622455845488
1771417180393,1.8762261761700054,-0.9245679893457237,1.632604880925794
1771417180396,1.8627106235128104,-0.9278248404899827,1.6151878938121165
1771417180400,0.27034296033427024,-0.0001282065973272612,0.2703429299341213
1771417180404,1.8661244540804882,-0.8832780355231543,1.6438492601450894
1771417180407,1.8860014173650905,-0.9185373882448894,1.6472068518250487
1771417180412,1.8648010682112162,-0.9013818482609284,1.6324808689927748
1771417180415,1.88341506014435,-0.9112127789976606,1.6483153703614808
1771417180419,1.872796821498811,-0.8831604423050725,1.6514828390763128
1771417180422,1.875310022466404,-0.9349959694055164,1.6255984182935168
1771417180426,0.27129618877759,-0.0008112819016511197,0.27129497574949996
1771417180429,0.2704105629759663,-0.00023820615264323077,0.2704104580573907
1771417180432,0.2703940691644548,-0.00022531503754827994,0.2703939752887365
1771417180436,1.8635647077787574,-0.8751252446470635,1.6453052076316852
1771417180440,1.8916448203282599,-0.8895164252499315,1.6694551972081544
1771417180444,1.8677271091091086,-0.9074587750976001,1.632459226320655
1771417180448,1.8977729386448372,-0.936876575088348,1.650395228332713
1771417180452,1.8706919449549042,-0.9093952385243752,1.6347748019431783
1771417180457,1.8976181794775777,-0.8977209344203577,1.671840865329962
1771417180460,0.27131692726897355,-0.000807553632836946,0.27131572545616955
1771417180464,1.8916448203282599,-0.8895164252499315,1.6694551972081544
1771417180468,1.8648010682112162,-0.9013818482609284,1.6324808689927748
1771417180472,1.8886328420704173,-0.8880719234930403,1.6668120082511864
1771417180476,1.8648010682112162,-0.9013818482609284,1.6324808689927748
1771417180481,1.8976181794775777,-0.8977209344203577,1.671840865329962
1771417180485,1.8916448203282599,-0.8895164252499315,1.6694551972081544
1771417180488,1.8903931446666804,-0.9064254840612317,1.6589090039080332
1771417180492,1.872796821498811,-0.8831604423050725,1.6514828390763128
1771417180496,1.8648010682112162,-0.9013818482609284,1.6324808689927748
1771417180500,1.8745566362284474,-0.8998114601935048,1.6444761836319017
1771417180503,1.8818792141970027,-0.8906376980548724,1.6577798007064286
1771417180507,1.8762261761700054,-0.9245679893457237,1.632604880925794
1771417180512,1.8745566362284474,-0.8998114601935048,1.6444761836319017
1771417180515,1.8803682232420837,-0.910310768758654,1.6453324768145248
1771417180519,1.8637893270394668,-0.9179406417127257,1.6220652372448705
1771417180524,1.8734853287476012,-0.9535365303982836,1.6126733588140254
1771417180528,1.8585663232410852,-0.9002501438688362,1.625982305054402
1771417180531,1.8910652516184923,-0.9432198993627182,1.6390436258150956
1771417180536,1.8716622942056707,-0.896915672122757,1.642760487914114
1771417180539,1.8820401748609337,-0.9294117099067475,1.6365418092058601
1771417180544,1.8552221915983915,-0.8986114871324345,1.6230670889993344
1771417180547,1.8696428395731757,-0.9230743297993211,1.6258837994250332
1771417180551,1.8585663232410852,-0.9002501438688362,1.625982305054402
1771417180555,1.88341506014435,-0.9112127789976606,1.6483153703614808
1771417180560,1.8556404699589923,-0.8937803140807282,1.6262097970161735
1771417180563,1.873584631904738,-0.9126692920133896,1.6362622455845488
1771417180567,1.8637893270394668,-0.9179406417127257,1.6220652372448705
1771417180571,1.8846972839330434,-0.9395778227460414,1.6337923267870977
1771417180575,1.8637893270394668,-0.9179406417127257,1.6220652372448705
1771417180579,1.8696428395731757,-0.9230743297993211,1.6258837994250332
1771417180583,1.8670885617452169,-0.9164435418306264,1.6266993981792577
1771417180587,0.27099239125130503,-0.0007317183812234907,0.27099140337713845
1771417180590,1.8594006141765824,-0.929676018582975,1.6103021904201584
1771417180593,1.5215744508096558e-05,5.0938532434511945e-06,-1.433776621618069e-05
1771417180597,1.8815378471587811,-0.9837579950447085,1.603871839479862
1771417180601,1.8815378471587811,-0.9837579950447085,1.603871839479862
1771417180603,0.000731642526755066,0.0004344253333010684,-0.0005887065625103843
1771417180607,1.879350472250511,-1.006051210960767,1.587393825889654
1771417180611,1.882388936960184,-1.0073535664891988,1.590165683842908
1771417180614,1.8712574752580304,-0.9855589702627879,1.5906847754484894
1771417180619,1.8840898021347758,-1.0292853756682534,1.5780893504309956
1771417180623,1.8873827048744778,-0.9491990279427877,1.6313291145602002
1771417180628,1.9100774502657338,-0.9925559326315639,1.6319401296038814
1771417180632,1.8843284587727906,-0.9435138150985793,1.6310963862565464
1771417180636,1.890576282784082,-0.9879739357214948,1.6118890108691282
1771417180640,1.8817894971291989,-0.9765703676146619,1.6085527745780452
1771417180643,1.8944446225486342,-0.978739531880833,1.6220324770599153
1771417180647,1.8793283624182835,-0.967492688398642,1.6111588970939383
1771417180651,1.890576282784082,-0.9879739357214948,1.6118890108691282
1771417180654,1.8944446225486342,-0.978739531880833,1.6220324770599153
1771417180658,1.8927686794350416,-1.0051902625713078,1.6037973094758877
1771417180663,1.888764208817293,-1.0131035607715975,1.5940675680977656
1771417180666,1.8831458264557708,-0.9588533593142048,1.6207524299008942
1771417180671,1.8988102711107384,-1.0078602636493499,1.6092539062038342
1771417180674,1.8754684977396539,-1.0150524407637596,1.5770385627857577
1771417180678,1.9130066966002475,-0.9949907826603148,1.6338873778992253
1771417180681,1.8875244603467125,-0.9869491565606703,1.6089375223330862
1771417180684,0.27044412415663593,-0.00025695150333030544,0.2704440020905896
1771417180688,0.2704397078312773,-0.0002549603057519007,0.27043958764779447
1771417180691,1.8766085334105567,-0.9630181015948185,1.610669340265106
1771417180695,1.8965957471448351,-0.9560093787374971,1.638023655462222
1771417180699,1.8727873648541922,-0.9667046543304877,1.6039995714629358
1771417180702,1.8722898219505455,-0.9734088504588441,1.599357492003585
1771417180705,0.2713316275220438,-0.0008027196654780936,0.2713304401185016
1771417180708,0.27134839418527273,-0.0007967467882100568,0.2713472244587765
1771417180711,0.700521457117517,-0.2000170026178495,0.6713594495840662
1771417180714,0.2713710937389948,-0.000785589298811899,0.2713699566395512
1771417180718,1.8817616719413577,-0.9763268132043768,1.6086680651413827
1771417180721,0.27137700991698727,-0.0007820458917786287,0.27137588307679034
1771417180725,1.2567052956734848,-0.4838986962499607,1.1598061268769748
1771417180728,0.2713777602698463,-0.0007814924181417057,0.27137663502718606
1771417180731,0.9980137910414841,-0.3444558730831486,0.9366865423435532
1771417180735,1.8790303800967336,-0.9712258593781445,1.6085631785545944
1771417180739,1.89336942547616,-0.9532490593020565,1.6358985336100977
1771417180743,1.8902525240273762,-0.9922292936671614,1.6088926730458537
1771417180746,0.27036716505354536,-0.0002018865933046994,0.2703670896778942
1771417180749,1.8776485488868457,-0.984766493203585,1.5986866569157294
1771417180753,1.888349566699925,-0.976811359931258,1.6160766235438964
1771417180758,1.8801765842860654,-0.9566483620826776,1.6186067772693113
1771417180762,0.2700401427797895,1.7633672020809035e-05,0.27004014220404843
1771417180766,1.8727873648541922,-0.9667046543304877,1.6039995714629358
1771417180770,1.8880158352428125,-0.9828332471578092,1.6120305835835906
1771417180774,1.870511477084469,-0.9513805416833987,1.6104931700603156
1771417180778,1.891921130805926,-0.9730615396848104,1.6225032527474945
1771417180781,0.2703811853835848,-0.00021314939801009346,0.27038110136761884
1771417180785,1.8958183111888702,-0.9632685591300104,1.6328627474563235
1771417180788,1.8854749459757763,-0.9688293750520743,1.6175244708932732
1771417180793,1.8902525240273762,-0.9922292936671614,1.6088926730458537
1771417180795,0.2713085380473517,-0.0008082165568431502,0.2713073342233648
1771417180800,1.882633872564153,-1.0056646475370126,1.5915240855293882
1771417180803,0.2704456878653244,-0.0002598650155320292,0.2704455630161497
1771417180806,1.891239258746714,-1.0187646637346093,1.5933940171064183
1771417180810,1.8727873648541922,-0.9667046543304877,1.6039995714629358
1771417180815,1.882633872564153,-1.0056646475370126,1.5915240855293882
1771417180818,1.878260739732579,-0.9378288336504663,1.6273722638642274
1771417180823,1.9062008352380573,-0.953983573792002,1.6503081424986386
1771417180826,1.8965957471448351,-0.9560093787374971,1.638023655462222
1771417180831,1.8801765842860654,-0.9566483620826776,1.6186067772693113
1771417180834,0.26987936544074825,-0.00011006757810802955,0.2698793429957714
1771417180838,1.872479184974091,-0.9264510502774653,1.627226705041746
1771417180842,1.8844334016857938,-0.9866018025893573,1.6055236306316152
1771417180846,1.8805136071685757,-0.9482431332307282,1.62393546270378
1771417180851,1.8982058791920893,-0.9709870785593552,1.6310639635128297
