Timestamp_ms,Measured_Distance_m,X,Y
1771416011568,1.95837983997875,-1.2772389034177685,1.484557975032087
1771416011573,1.9450675145216716,-1.2040975259268871,1.5275590934900891
1771416011577,1.991513424543476,-1.3143564279118094,1.4961928019288797
1771416011582,1.9559419889228793,-1.2292096808271065,1.5214311106956213
1771416011587,1.9573263525095446,-1.2848245936814005,1.4766015758151358
1771416011591,1.9657469265239966,-1.2663379185422323,1.503512306301703
1771416011596,1.9653965335896457,-1.2337773305281803,1.5298944515622483
1771416011600,1.9871726877313685,-1.3267855013886767,1.479356456088359
1771416011604,1.9677144284537056,-1.2834671305953527,1.49151339136671
1771416011608,1.9642907610767932,-1.2472697595204674,1.517483555442168
1771416011612,1.9506881501457018,-1.2492023828867216,1.4982248381698244
1771416011617,1.958617118158766,-1.2347058968972613,1.5204217716514319
1771416011621,1.962098179170998,-1.236093738228012,1.523778702771385
1771416011626,1.970922144982092,-1.2473353612546811,1.5260041278268104
1771416011630,1.9619920439567995,-1.2727437962019978,1.493163088808154
1771416011634,1.9683023256369303,-1.2816933319798829,1.4938126548754547
1771416011639,1.966703641461817,-1.2591061638218135,1.510819274951537
1771416011643,1.9857152945889422,-1.3037785669862976,1.4977405247343767
1771416011648,1.9760343974170875,-1.3012844192256163,1.487067853211871
1771416011653,1.989402250790366,-1.3374911338849453,1.4726977905289793
1771416011657,1.9370443681378586,-1.2152994065225236,1.5083727114478696
1771416011661,1.9467736442736912,-1.220892549476973,1.5163604468167473
1771416011666,1.9368958101496723,-1.2167127033714955,1.5070419957087402
1771416011671,1.9456834251254198,-1.1971493328399616,1.5337918586589967
1771416011675,1.9607533576335956,-1.2149127015946293,1.539006451245562
1771416011679,1.9234521600246979,-1.1488390611523793,1.5426720401544185
1771416011683,1.952158461203755,-1.2358230024867243,1.5111797259671367
1771416011688,1.965710803109702,-1.2342823908854854,1.5298908265010935
1771416011692,1.9740345588045478,-1.2528960815376462,1.5254716805703992
1771416011697,1.9615264965221852,-1.241758874157813,1.5184271780394736
1771416011701,1.9751089107087874,-1.2724199313926687,1.510629910784216
1771416011705,1.9690899791275953,-1.2687547834830575,1.5058474840731957
1771416011710,1.955393959168697,-1.2353177326357503,1.5157689913008185
1771416011714,1.949235121512377,-1.1926161908785768,1.541811979520086
1771416011718,1.9765127959473043,-1.2601991047737153,1.5226624868535235
1771416011723,1.957431892789951,-1.252088021771861,1.5045980196207482
1771416011727,1.9648803106847261,-1.279911930253616,1.49083201136512
1771416011732,1.9682445094157917,-1.2416741352194847,1.5271646246467192
1771416011737,1.9827494948473845,-1.301353989751525,1.4959188990969217
1771416011741,1.9657469265239966,-1.2663379185422323,1.503512306301703
1771416011745,1.980299615433896,-1.2897466218372462,1.5027109563542311
1771416011750,1.9452677232551483,-1.2347409773130296,1.5031570889572163
1771416011754,1.9573623980194175,-1.2535917935442968,1.5032548594096469
1771416011758,1.9754389974952433,-1.2728455033194455,1.5107030010907105
1771416011762,1.9824512502000184,-1.3055274501158287,1.4918817099266546
1771416011767,1.9306744051203224,-1.175222710114105,1.531781720813631
1771416011772,1.9701255151884323,-1.2922858366434111,1.4870749348998271
1771416011777,1.9642907610767932,-1.2472697595204674,1.517483555442168
1771416011781,1.9530642444441746,-1.2255184271856554,1.5207118489558409
1771416011785,1.9610368427326603,-1.2830546982341564,1.4830496080354623
1771416011790,1.9618164071806794,-1.2392982438272748,1.5208101388174466
1771416011794,1.9610368427326603,-1.2830546982341564,1.4830496080354623
1771416011799,1.9638539418287615,-1.251448714396437,1.5134723056838106
1771416011802,1.9607533576335956,-1.2149127015946293,1.539006451245562
1771416011806,1.9550437667369804,-1.2435261518401028,1.5085883598738479
1771416011811,1.952521943243827,-1.2326066288016908,1.5142730392775212
1771416011815,1.9549978902609677,-1.240534238378519,1.5109902562013637
1771416011820,1.9447501692994527,-1.2046487082902675,1.526720246346671
1771416011824,1.9716444419054446,-1.3104461962595013,1.4731301951985225
1771416011828,1.962387203538054,-1.2319381264471583,1.5275116985528359
1771416011832,1.9715542564425075,-1.2767963604931978,1.5022706946246047
1771416011836,1.9689343944167295,-1.3052047880854079,1.4741584415103075
1771416011841,1.9742858331238728,-1.2857902318344787,1.4981815746406248
1771416011845,1.964147241313711,-1.2481794178526961,1.516549546308714
1771416011850,1.9551242840436678,-1.202567530313236,1.5415389392076961
1771416011854,1.958518882423828,-1.2397400068824744,1.5161929059805426
1771416011859,1.9630915353721186,-1.2639968309054195,1.502012113037281
1771416011863,1.9874668283220291,-1.3243024490320086,1.4819741621122313
1771416011867,1.9714452390275479,-1.2780828444006287,1.5010331686319207
1771416011872,1.9689082793187211,-1.2733157569031859,1.5017545723559074
1771416011877,1.9531512152055703,-1.2205343667998405,1.5248263930426667
1771416011881,1.9603760347509296,-1.2514708995598762,1.5089382973404086
1771416011886,1.9600693137341847,-1.2580926483698964,1.5030218237803528
1771416011891,1.9502008548874439,-1.2179505364639913,1.5231151844594002
1771416011895,1.9556459835727231,-1.2322778170408792,1.518565966526673
1771416011899,1.951950276176992,-1.2342963793558985,1.512158169166293
1771416011903,1.9425324326805933,-1.2290024548090783,1.504322178952781
1771416011908,1.9584762572806558,-1.2364694797822584,1.5188062667434044
1771416011912,1.956552940366509,-1.2585532202085385,1.4980464613487625
1771416011916,1.957431892789951,-1.252088021771861,1.5045980196207482
1771416011920,1.9674474845383851,-1.2514959754438455,1.5180933528160503
1771416011924,1.96307265837208,-1.2605323144238625,1.504896191217602
1771416011929,1.949914505870053,-1.257246054323637,1.490469368719163
1771416011933,1.960687832141827,-1.2869621084204432,1.47919752115768
1771416011938,1.9687370020939392,-1.2726060508915609,1.5021315597004203
1771416011942,1.969447357824781,-1.2603019383713085,1.513394171847022
1771416011946,1.959657168229089,-1.2269233275875622,1.528042985394428
1771416011951,1.9642907610767932,-1.2472697595204674,1.517483555442168
1771416011955,1.9630915353721186,-1.2639968309054195,1.502012113037281
1771416011959,1.9657678680234767,-1.2703354312337427,1.500163725433243
1771416011964,1.9547182278214668,-1.242963227375166,1.508630427099562
1771416011969,1.958617118158766,-1.2347058968972613,1.5204217716514319
1771416011974,1.958518882423828,-1.2397400068824744,1.5161929059805426
1771416011978,1.9600842176185858,-1.2580766048527223,1.5030546884527223
1771416011983,1.941479799085533,-1.1681942058549486,1.5506985869807606
1771416011987,1.9602942692961003,-1.2563764149556194,1.5047497885623369
1771416011991,1.9724183786752638,-1.2667665316714893,1.5118653428043591
1771416011996,1.9467736442736912,-1.220892549476973,1.5163604468167473
1771416012000,1.9506881501457018,-1.2492023828867216,1.4982248381698244
1771416012004,1.9809387145809476,-1.2864053167312381,1.5064128092960507
1771416012009,1.9441890328223,-1.21436844063572,1.5182820178525727
1771416012013,1.9759066662229579,-1.307388896464142,1.481533471449969
1771416012017,1.956191178462543,-1.2627180226550274,1.494063961802456
1771416012022,1.968224145079191,-1.2418625210974636,1.5269851878673102
1771416012026,1.965415234428769,-1.273461443916058,1.4970480936108639
1771416012031,1.9573111208119296,-1.2173727022437353,1.5326677811860723
1771416012035,1.9708181381590169,-1.2492286807057118,1.5243201228740768
1771416012040,1.9442887646453142,-1.2131007517753027,1.519422708257382
1771416012044,1.9390305087994968,-1.2291932382068136,1.4996410561203914
1771416012048,1.9760343974170875,-1.3012844192256163,1.487067853211871
1771416012053,1.990181754719652,-1.3295235316350913,1.4809424687163062
1771416012057,1.969447357824781,-1.2603019383713085,1.513394171847022
1771416012062,1.929755733908946,-1.149830390939248,1.5497894258985478
1771416012067,1.9667600142922599,-1.2552880521314174,1.5140663327592363
1771416012071,1.9466590256357577,-1.186486932580767,1.5432854955918687
1771416012075,1.947629282603206,-1.2110799110558779,1.5253016985142205
1771416012080,1.9557324148433777,-1.2273345162612586,1.522675035476333
1771416012084,1.9441290185669677,-1.2148781742024448,1.5177973061910128
1771416012089,1.9467736442736912,-1.220892549476973,1.5163604468167473
1771416012094,1.9557324148433777,-1.2273345162612586,1.522675035476333
1771416012098,1.9686277767156077,-1.3094548576942469,1.469973910964809
1771416012103,1.9596545002540176,-1.2228833764709979,1.5312746350399444
1771416012107,1.9523063822013853,-1.2663008899655062,1.4859280823972703
1771416012111,1.9684186251816247,-1.276257724191632,1.4986120596749226
1771416012115,1.9825902031415588,-1.2991815465138394,1.4975951464901305
1771416012120,1.9484976560888247,-1.2018417676623916,1.5336947158042182
1771416012124,1.9578348314763878,-1.2442971014135529,1.511569366835676
1771416012129,1.9556459835727231,-1.2322778170408792,1.518565966526673
1771416012133,1.9413633971461766,-1.2061426058464724,1.5212205146331759
1771416012138,1.9452677232551483,-1.2347409773130296,1.5031570889572163
1771416012142,1.9500124416910258,-1.220928685364679,1.5204873126742862
1771416012146,1.9627635960168375,-1.2314869470652618,1.528358869198209
1771416012150,1.9922560430604717,-1.3058660838557865,1.504592274387357
1771416012155,1.9638539418287615,-1.251448714396437,1.5134723056838106
1771416012159,1.9351368250932564,-1.2370707224570363,1.4880895670192822
1771416012163,1.9267731717811207,-1.1837385497681687,1.5202690226694198
1771416012167,1.946708006714724,-1.221809458294311,1.515537433067813
1771416012172,1.9357048977051363,-1.194440053742249,1.5232420717062227
1771416012177,1.9640521502769148,-1.249372038167961,1.5154439479081396
1771416012181,1.9450675145216716,-1.2040975259268871,1.5275590934900891
1771416012185,1.9709828912891094,-1.2507853048819133,1.5232562748421017
1771416012198,1.9495151230908514,-1.2299649372392392,1.5125460218856193
1771416012212,1.969315897855972,-1.301597900195048,1.4778524999999543
1771416012219,1.9493710868438867,-1.1950489645724298,1.5400992196924455
1771416012224,1.95356787187094,-1.256446803000701,1.4959173978651599
1771416012228,1.9359234838954151,-1.2317401445609608,1.493524673975862
1771416012233,1.9533122668384921,-1.2549989903110277,1.4967986992578628
1771416012237,1.9800075725820645,-1.2972318782392254,1.4958674545434336
1771416012241,1.9506881501457018,-1.2492023828867216,1.4982248381698244
1771416012245,1.9775631305221595,-1.3200939850977638,1.472449593605604
1771416012250,1.9441290185669677,-1.2148781742024448,1.5177973061910128
1771416012254,1.9413633971461766,-1.2061426058464724,1.5212205146331759
1771416012259,1.9613088379979378,-1.2409791320095738,1.5187834447101358
1771416012263,1.9545797831570573,-1.2837248255929214,1.473917467459665
1771416012268,1.955236053037548,-1.2012029135470577,1.5427441730837648
1771416012273,1.952049699488978,-1.2371984366003073,1.509913261663982
1771416012277,1.992903093707194,-1.3342665317769442,1.4803363006721244
1771416012281,1.9680401835101833,-1.2437933204811253,1.5251755111584149
1771416012285,1.9533122668384921,-1.2549989903110277,1.4967986992578628
1771416012289,1.955686319725995,-1.267531628646502,1.4893194927698197
1771416012294,1.9406930110286111,-1.213904023261433,1.5141751501609724
1771416012298,1.9559922722601506,-1.2284456567240802,1.5221126888693788
1771416012302,1.9466906294302602,-1.2218705540468329,1.5154658544041393
1771416012307,1.9392497768525843,-1.194759990305913,1.5274941121284273
1771416012311,1.955328419343122,-1.2722689265465121,1.4848033560155558
1771416012315,1.9443552424362902,-1.244698577959684,1.4937345007780416
1771416012319,1.949935406607256,-1.2614235116761652,1.4869629498179087
1771416012323,1.952716969877091,-1.1936131373911985,1.5454420864895286
1771416012327,1.9659704286757187,-1.2988904424525343,1.4757788943242307
1771416012332,1.9598343162912129,-1.2615348426583148,1.499826786022875
1771416012336,1.9694058286968472,-1.299969700126451,1.4794046427053893
1771416012341,1.9892654163599033,-1.3395730615962531,1.4706192265067053
1771416012345,1.9525400131161503,-1.2678295787179348,1.4849311977824158
1771416012349,1.9730663227066056,-1.2988624355816993,1.4852431071153784
1771416012354,1.9618164071806794,-1.2392982438272748,1.5208101388174466
1771416012358,1.948914447406527,-1.2325687532037906,1.5096495593135322
1771416012362,1.955686319725995,-1.267531628646502,1.4893194927698197
1771416012366,1.953415030181239,-1.2218516267869364,1.5241092094256528
1771416012371,1.9507180332279872,-1.2129225945769564,1.5277825842460604
1771416012375,1.9715542564425075,-1.2767963604931978,1.5022706946246047
1771416012380,1.9674953381244558,-1.286184202530537,1.4888814938410486
1771416012384,1.952867188516892,-1.2642609133274048,1.4884000131075068
1771416012388,1.9573263525095446,-1.2848245936814005,1.4766015758151358
1771416012393,1.9689343944167295,-1.3052047880854079,1.4741584415103075
1771416012397,1.947598456747936,-1.208316278043555,1.5274526247782325
1771416012402,1.9525131744195758,-1.2286124847456408,1.5175042202936873
1771416012407,1.9341583884596618,-1.2118173318567034,1.5074705389693612
1771416012411,1.946135782351559,-1.2287951061106088,1.5091411698538122
1771416012415,1.9684186251816247,-1.276257724191632,1.4986120596749226
1771416012419,1.9780361505831876,-1.279362801420926,1.5085946557489704
1771416012424,1.9816507356035165,-1.3135848985083625,1.4837231387050391
1771416012429,1.966703641461817,-1.2591061638218135,1.510819274951537
1771416012433,1.9392497768525843,-1.194759990305913,1.5274941121284273
1771416012437,1.969447357824781,-1.2603019383713085,1.513394171847022
1771416012442,1.9663326587331253,-1.223011028097786,1.5397104110681585
1771416012446,1.9259764305186737,-1.1894442247911097,1.5147962394409775
1771416012450,1.9533253138845508,-1.258500960262777,1.4938725229683578
1771416012454,1.9837223730891957,-1.3304787902043076,1.4713873189310531
1771416012459,1.964040556246841,-1.2496296218403558,1.5152165240656301
1771416012463,1.9898969451953405,-1.2971823478294824,1.508975748306559
1771416012467,1.9600693137341847,-1.2580926483698964,1.5030218237803528
1771416012472,1.9703631544541487,-1.293736953020576,1.486127739065367
1771416012476,1.9730338588344554,-1.2992243877411287,1.4848833618860002
1771416012480,1.9413633971461766,-1.2061426058464724,1.5212205146331759
1771416012485,1.9667600142922599,-1.2552880521314174,1.5140663327592363
1771416012489,1.9726338021445906,-1.2283496324965637,1.5435158883889017
1771416012494,1.944737996869467,-1.2398855783370577,1.4982288306863032
1771416012499,1.971284557758956,-1.2440113487069688,1.5291823213558253
1771416012503,1.964040556246841,-1.2496296218403558,1.5152165240656301
1771416012507,1.943358539068517,-1.2202752916685249,1.5124716935909304
1771416012511,1.9245021364316663,-1.2113227873841503,1.4954616604560413
1771416012516,1.9559922722601506,-1.2284456567240802,1.5221126888693788
1771416012520,1.9638539418287615,-1.251448714396437,1.5134723056838106
1771416012524,1.9619920439567995,-1.2727437962019978,1.493163088808154
1771416012528,1.9477301438874772,-1.2459197412368,1.497109452179218
1771416012533,1.966703641461817,-1.2591061638218135,1.510819274951537
1771416012537,1.9613088379979378,-1.2409791320095738,1.5187834447101358
1771416012542,1.9604140388297753,-1.2545701940266434,1.5064119064521568
1771416012546,1.9466906294302602,-1.2218705540468329,1.5154658544041393
1771416012551,2.0037131142901403,-1.3243647210529599,1.5036370339974368
1771416012555,1.9506681888603787,-1.2489033792777942,1.4984481079638148
1771416012560,1.9558622373348937,-1.2665160976677874,1.4904140585022054
1771416012564,1.9596545002540176,-1.2228833764709979,1.5312746350399444
1771416012568,1.9630163367539777,-1.3001055671145951,1.4707680485789196
1771416012573,1.9584789713606015,-1.2362936753651916,1.5189528727099157
1771416012577,1.9535735749712178,-1.256439579067984,1.4959309131698868
1771416012582,1.9557729610834929,-1.2269724502693253,1.5230188710535997
1771416012585,1.9630843291371483,-1.2631086958332869,1.502749648415923
1771416012591,1.9134716361031565,-1.1461464833105366,1.5322277705896667
1771416012595,1.9642907610767932,-1.2472697595204674,1.517483555442168
1771416012599,1.955236053037548,-1.2012029135470577,1.5427441730837648
1771416012603,1.9657469265239966,-1.2663379185422323,1.503512306301703
1771416012608,1.9403140541101205,-1.2189634899062258,1.5096180440273248
1771416012612,1.9490584448307664,-1.2704015079981454,1.4781437108218416
1771416012616,1.9490584448307664,-1.2704015079981454,1.4781437108218416
1771416012621,1.9235041170835785,-1.1487300938980112,1.5428179606844559
1771416012625,1.9417173799883876,-1.2062546308622248,1.5215834348705317
1771416012629,1.9639277228077403,-1.2860963271423629,1.4842399865667684
1771416012634,1.9600842176185858,-1.2580766048527223,1.5030546884527223
1771416012639,1.9574779527379196,-1.2477627252970322,1.5082467029018691
1771416012644,1.9413330344692126,-1.2425691670850447,1.4915749447248767
1771416012648,1.9557324148433777,-1.2273345162612586,1.522675035476333
1771416012652,1.952049699488978,-1.2371984366003073,1.509913261663982
1771416012657,1.9535735749712178,-1.256439579067984,1.4959309131698868
1771416012661,1.9610368427326603,-1.2830546982341564,1.4830496080354623
1771416012665,1.952521943243827,-1.2326066288016908,1.5142730392775212
1771416012670,1.9657469265239966,-1.2663379185422323,1.503512306301703
1771416012674,1.963365821737625,-1.221444046715398,1.5371661558566052
1771416012678,1.9379452570608013,-1.2451289735326367,1.4850204236420512
1771416012683,1.9556459835727231,-1.2322778170408792,1.518565966526673
1771416012687,1.952010536610777,-1.2012947730736308,1.5385824655264557
1771416012691,1.9533253138845508,-1.258500960262777,1.4938725229683578
1771416012696,1.9935301941524828,-1.3272368864493467,1.4874827334278136
1771416012700,1.9583908295829429,-1.2795586375449104,1.4825735511193971
1771416012704,1.973851500045009,-1.2906353534880954,1.493435679417293
1771416012709,1.9615264965221852,-1.241758874157813,1.5184271780394736
1771416012713,1.9712563600877677,-1.2799239903666904,1.499215200053109
1771416012717,1.947340350132472,-1.1783177396710351,1.5503876107704813
1771416012722,1.9387190395823233,-1.2361800632342241,1.4934826298625759
1771416012726,1.9452677232551483,-1.2347409773130296,1.5031570889572163
1771416012730,1.9711145354838735,-1.2493297297274628,1.5246205227580112
1771416012735,1.9735430845060324,-1.2577430713606128,1.5208401207378628
1771416012740,1.982804326841929,-1.2648739006136063,1.5269600564813726
1771416012745,1.9368958101496723,-1.2167127033714955,1.5070419957087402
1771416012749,1.960250889322216,-1.2167019346516847,1.5369515123462372
1771416012753,1.9573681198021735,-1.289006192020108,1.4730081443602805
1771416012757,1.9507307134848246,-1.2910732306621906,1.462354344747027
1771416012762,1.936002915075818,-1.190906501390794,1.5263842871725337
1771416012767,1.9512521705517785,-1.2820017691030117,1.4710052675295813
1771416012771,1.9497328199479227,-1.227829334417885,1.514560396526006
1771416012776,1.9584762572806558,-1.2364694797822584,1.5188062667434044
1771416012780,1.9442887646453142,-1.2131007517753027,1.519422708257382
1771416012784,1.9648803106847261,-1.279911930253616,1.49083201136512
1771416012789,1.958617118158766,-1.2347058968972613,1.5204217716514319
1771416012793,1.941523795583125,-1.168320711221399,1.5506583648717178
1771416012798,1.9465124838091266,-1.2246356984441298,1.5130030587282477
1771416012802,1.953415030181239,-1.2218516267869364,1.5241092094256528
1771416012807,1.9442887646453142,-1.2131007517753027,1.519422708257382
1771416012812,1.9551792207410204,-1.2736236373161194,1.4834448475380273
1771416012816,1.9594504327076472,-1.3043953850546806,1.4621896859457864
1771416012821,1.9646403968642285,-1.282322311860055,1.4884426013443437
1771416012825,1.9544153706420573,-1.2507852083203728,1.5017575715304026
1771416012830,1.9558622373348937,-1.2665160976677874,1.4904140585022054
1771416012834,1.9474499189890166,-1.2092510148562712,1.5265232294463802
1771416012839,2.0013972836534175,-1.3193597631587881,1.5049521262727479
1771416012843,1.977643813576787,-1.2873933683000816,1.5012306180715569
1771416012847,1.969315897855972,-1.301597900195048,1.4778524999999543
1771416012851,1.9720081432251253,-1.2717784926627638,1.507114986504558
1771416012856,1.961301519640311,-1.2444153304237193,1.5159598069704283
1771416012860,1.9735430845060324,-1.2577430713606128,1.5208401207378628
1771416012864,1.966703641461817,-1.2591061638218135,1.510819274951537
1771416012868,1.9508664812685805,-1.2108193947556454,1.5296393107595088
1771416012873,1.9557324148433777,-1.2273345162612586,1.522675035476333
1771416012878,1.9474499189890166,-1.2092510148562712,1.5265232294463802
1771416012882,1.9477100139072334,-1.2460755394707363,1.4969535891961478
1771416012887,1.91631084857437,-1.1504267804544237,1.5325682664002578
1771416012892,1.916705729722356,-1.1887873798889361,1.5035110308099864
1771416012896,1.949565231082095,-1.261434378453937,1.4864682637374778
1771416012900,1.951456924930593,-1.2444248691133282,1.503193558724838
1771416012905,1.9493547144156986,-1.2276735624202741,1.5141999295829542
1771416012909,1.9530642444441746,-1.2255184271856554,1.5207118489558409
1771416012913,1.9583778685473843,-1.273072300124497,1.4881299656521665
1771416012918,1.9617893961577508,-1.275163752393372,1.4908303188019243
1771416012922,1.968224145079191,-1.2418625210974636,1.5269851878673102
1771416012927,1.9633210570231243,-1.293013934288799,1.4774114317567058
1771416012931,1.9744452113785704,-1.2865009765158608,1.497781402661785
1771416012935,1.9465061277751108,-1.2240057210881299,1.5135045755496026
1771416012939,1.953121673700572,-1.2209261305544048,1.5244748787724816
1771416012943,1.968499681019721,-1.3099708854260093,1.4693424629782332
1771416012948,1.9363712848395096,-1.1907899540431728,1.5269423820501125
1771416012952,1.9387190395823233,-1.2361800632342241,1.4934826298625759
1771416012957,1.9574673815378076,-1.211378669337539,1.537608620312235
1771416012961,1.960687832141827,-1.2869621084204432,1.47919752115768
1771416012966,1.9544153706420573,-1.2507852083203728,1.5017575715304026
1771416012970,1.981523601443206,-1.3149582157510964,1.4823362216127443
1771416012975,1.977643813576787,-1.2873933683000816,1.5012306180715569
1771416012979,1.955328419343122,-1.2722689265465121,1.4848033560155558
1771416012983,1.9466906294302602,-1.2218705540468329,1.5154658544041393
1771416012988,1.9657851380086735,-1.2660705371916658,1.5037874197076482
1771416012992,1.9600693137341847,-1.2580926483698964,1.5030218237803528
1771416012997,1.9751089107087874,-1.2724199313926687,1.510629910784216
1771416013001,1.9594077960356175,-1.2661149806933993,1.49540354648132
1771416013006,1.9677144284537056,-1.2834671305953527,1.49151339136671
1771416013010,1.946708006714724,-1.221809458294311,1.515537433067813
1771416013014,1.9450675145216716,-1.2040975259268871,1.5275590934900891
1771416013019,1.972228308790628,-1.272828775498213,1.5065163159617159
1771416013023,1.9288783913352217,-1.1965385882621957,1.5129002793837616
1771416013028,1.958518882423828,-1.2397400068824744,1.5161929059805426
1771416013032,1.9775904996469553,-1.2484533542830243,1.533697625502941
1771416013037,1.9383146500036337,-1.2406001318352806,1.4892867404596717
1771416013042,1.9490584448307664,-1.2704015079981454,1.4781437108218416
1771416013046,1.9667897360215003,-1.2543188058716703,1.5149079836597963
1771416013051,1.978792466343557,-1.2749306418048074,1.513331253706603
1771416013055,1.912402304653019,-1.1227048331382208,1.5481655055226682
1771416013060,1.9619920439567995,-1.2727437962019978,1.493163088808154
1771416013064,1.9517748282709344,-1.2362953008844468,1.5102976227495926
1771416013069,1.958617118158766,-1.2347058968972613,1.5204217716514319
1771416013073,1.9657851380086735,-1.2660705371916658,1.5037874197076482
1771416013077,1.9604140388297753,-1.2545701940266434,1.5064119064521568
1771416013081,1.969447357824781,-1.2603019383713085,1.513394171847022
1771416013085,1.9737033399773365,-1.2916713145343186,1.4923438241393565
1771416013089,1.9442887646453142,-1.2131007517753027,1.519422708257382
1771416013094,1.965841692277127,-1.2335268791967475,1.530668153909962
1771416013098,1.9628469259954795,-1.2634808389504424,1.5021265674020248
1771416013103,1.9794386837145155,-1.2989599353135066,1.4936132662224797
1771416013107,1.942067738574159,-1.273534560994137,1.4661980845588425
1771416013111,1.983037308700986,-1.26248778614976,1.529235612167964
1771416013115,1.9506881501457018,-1.2492023828867216,1.4982248381698244
1771416013120,1.961301519640311,-1.2444153304237193,1.5159598069704283
1771416013124,1.9653965335896457,-1.2337773305281803,1.5298944515622483
1771416013129,1.9502008548874439,-1.2179505364639913,1.5231151844594002
1771416013133,1.9497359467606865,-1.2595332088399405,1.488303180780097
1771416013137,1.9501254136055275,-1.255427833126743,1.4922768123243155
1771416013142,1.937963132821887,-1.1682684009251927,1.5462373839668073
1771416013145,1.951081811734074,-1.2086540067806064,1.531625191740036
1771416013150,1.9559922722601506,-1.2284456567240802,1.5221126888693788
1771416013154,1.9754389974952433,-1.2728455033194455,1.5107030010907105
1771416013158,1.9285661950253774,-1.1675486710692378,1.5349910974592391
1771416013162,1.9718846091245772,-1.3079530916909703,1.475665145498266
1771416013167,1.952716969877091,-1.1936131373911985,1.5454420864895286
1771416013171,1.916705729722356,-1.1887873798889361,1.5035110308099864
1771416013175,1.9470201575859352,-1.2545416930071533,1.4889636108893678
1771416013180,1.9772861866863205,-1.2880732069877694,1.5001760155064383
1771416013184,1.953415030181239,-1.2218516267869364,1.5241092094256528
1771416013189,1.9377271575784907,-1.1715293793014583,1.5434718820408608
1771416013193,1.95837983997875,-1.2772389034177685,1.484557975032087
1771416013198,1.9795794791191446,-1.3329513646611415,1.4635489652203728
1771416013203,1.9502008548874439,-1.2179505364639913,1.5231151844594002
1771416013207,1.9484976560888247,-1.2018417676623916,1.5336947158042182
1771416013212,1.9584789713606015,-1.2362936753651916,1.5189528727099157
1771416013217,1.9655738931914994,-1.272636583292922,1.497957561635344
1771416013221,1.9497359467606865,-1.2595332088399405,1.488303180780097
1771416013226,1.9574779527379196,-1.2477627252970322,1.5082467029018691
1771416013230,1.9619920439567995,-1.2727437962019978,1.493163088808154
1771416013234,1.964147241313711,-1.2481794178526961,1.516549546308714
1771416013238,1.9618164071806794,-1.2392982438272748,1.5208101388174466
1771416013242,1.9598343162912129,-1.2615348426583148,1.499826786022875
1771416013246,1.9659704286757187,-1.2988904424525343,1.4757788943242307
1771416013251,1.957431892789951,-1.252088021771861,1.5045980196207482
1771416013255,1.93137362801653,-1.1726505399064444,1.5346318132551722
1771416013259,1.9531512152055703,-1.2205343667998405,1.5248263930426667
1771416013264,1.9545676742560196,-1.2083538028570278,1.5362994110418533
1771416013268,1.9559922722601506,-1.2284456567240802,1.5221126888693788
1771416013273,1.9642907610767932,-1.2472697595204674,1.517483555442168
1771416013277,1.9578348314763878,-1.2442971014135529,1.511569366835676
1771416013281,1.971284557758956,-1.2440113487069688,1.5291823213558253
1771416013285,1.965415234428769,-1.273461443916058,1.4970480936108639
1771416013290,1.9502008548874439,-1.2179505364639913,1.5231151844594002
1771416013294,1.961430802449678,-1.2430626944995062,1.517236280327496
1771416013299,1.9506881501457018,-1.2492023828867216,1.4982248381698244
1771416013303,1.9619920439567995,-1.2727437962019978,1.493163088808154
1771416013307,1.964147241313711,-1.2481794178526961,1.516549546308714
1771416013311,1.9550437667369804,-1.2435261518401028,1.5085883598738479
1771416013316,1.9602383887498076,-1.2570811200916687,1.5040882946946692
1771416013320,1.9502707092821974,-1.2173516729369744,1.523683282011598
1771416013324,1.9652308741377325,-1.2397458295293664,1.5248484078191835
1771416013328,1.966703641461817,-1.2591061638218135,1.510819274951537
1771416013333,1.956552940366509,-1.2585532202085385,1.4980464613487625
1771416013337,1.9625475846092535,-1.3015304473549916,1.4688810423119805
1771416013342,1.9443552424362902,-1.244698577959684,1.4937345007780416
1771416013345,1.9472487058720953,-1.2122007175408687,1.523924848184435
1771416013350,1.9450675145216716,-1.2040975259268871,1.5275590934900891
1771416013355,1.938688882631533,-1.163627640102048,1.5506402867298528
1771416013359,1.9602383887498076,-1.2570811200916687,1.5040882946946692
1771416013363,1.9373104015084954,-1.212389104095734,1.5110540202332117
1771416013368,1.960245537865576,-1.2199765608825899,1.5343466882093468
1771416013373,1.9627635960168375,-1.2314869470652618,1.528358869198209
1771416013378,1.948914447406527,-1.2325687532037906,1.5096495593135322
1771416013382,1.9612285440989903,-1.24117478241389,1.51851985883902
1771416013386,1.9493547144156986,-1.2276735624202741,1.5141999295829542
1771416013391,1.953121673700572,-1.2209261305544048,1.5244748787724816
1771416013395,1.9604140388297753,-1.2545701940266434,1.5064119064521568
1771416013399,1.9824512502000184,-1.3055274501158287,1.4918817099266546
1771416013404,1.9517563825052717,-1.2001226722058633,1.5391746321673583
1771416013408,1.9506881501457018,-1.2492023828867216,1.4982248381698244
1771416013412,1.9578348314763878,-1.2442971014135529,1.511569366835676
1771416013417,1.9686568195759917,-1.2734553758791631,1.501306457358896
1771416013422,1.9549735677272932,-1.2763485889935313,1.4808294736014012
1771416013427,1.941695371046141,-1.239896569932209,1.4942681853711381
1771416013432,1.9245021364316663,-1.2113227873841503,1.4954616604560413
1771416013436,1.9523063822013853,-1.2663008899655062,1.4859280823972703
1771416013440,1.9583908295829429,-1.2795586375449104,1.4825735511193971
1771416013444,1.9674885095537944,-1.2865762207895135,1.4885337293206307
1771416013448,1.9452677232551483,-1.2347409773130296,1.5031570889572163
1771416013452,1.9487576981173147,-1.2721560703152919,1.476236938547281
1771416013457,1.968219784348957,-1.2419838730648076,1.5268808658666184
1771416013461,1.9709828912891094,-1.2507853048819133,1.5232562748421017
1771416013466,1.9502707092821974,-1.2173516729369744,1.523683282011598
1771416013470,1.9619920439567995,-1.2727437962019978,1.493163088808154
1771416013474,1.956191178462543,-1.2627180226550274,1.494063961802456
1771416013479,1.9681490747316017,-1.2429238895754575,1.5260245689665275
1771416013483,1.9701255151884323,-1.2922858366434111,1.4870749348998271
1771416013487,1.9418204888413497,-1.2016982286569533,1.52531576341648
1771416013491,1.931848405429408,-1.1617447300716461,1.5434984430542533
1771416013496,1.9456431714936,-1.1940919661422749,1.5361223021537542
1771416013500,1.9738704604912796,-1.286223351294709,1.4972621966056123
1771416013505,1.949935406607256,-1.2614235116761652,1.4869629498179087
1771416013509,1.9569976012488466,-1.2571440848254776,1.4998094416565233
1771416013514,1.9718045460311073,-1.2732365007952773,1.5056168107428725
1771416013519,1.9506681888603787,-1.2489033792777942,1.4984481079638148
1771416013523,1.9481024380364056,-1.2060065005085343,1.5299187657567137
1771416013528,1.9389187281521445,-1.1981702175049118,1.524399542201244
1771416013532,1.9624798958432472,-1.2667610130774598,1.4988808749650155
1771416013537,1.927033550950078,-1.1813260794260374,1.5224739736872923
1771416013541,1.9581864139421354,-1.3185565123191303,1.4477233007617067
1771416013545,1.946767608785998,-1.1845010076173403,1.5449470818030817
1771416013549,1.9628469259954795,-1.2634808389504424,1.5021265674020248
1771416013553,1.9396617653672021,-1.2215235826920126,1.5067076361904723
1771416013558,1.9648803106847261,-1.279911930253616,1.49083201136512
1771416013562,1.9506681888603787,-1.2489033792777942,1.4984481079638148
1771416013567,1.969447357824781,-1.2603019383713085,1.513394171847022
1771416013571,1.9403140541101205,-1.2189634899062258,1.5096180440273248
1771416013575,1.9657469265239966,-1.2663379185422323,1.503512306301703
1771416013580,1.954851343409081,-1.2414710700292566,1.5100309126334803
1771416013584,1.9547182278214668,-1.242963227375166,1.508630427099562
1771416013589,1.9477100139072334,-1.2460755394707363,1.4969535891961478
1771416013594,1.951081811734074,-1.2086540067806064,1.531625191740036
1771416013598,1.9580738493268572,-1.241653388881281,1.514050878041199
1771416013603,1.9559419889228793,-1.2292096808271065,1.5214311106956213
1771416013607,1.9357048977051363,-1.194440053742249,1.5232420717062227
1771416013611,1.951897768483749,-1.2387084374587594,1.5084781422282254
1771416013615,1.9452677232551483,-1.2347409773130296,1.5031570889572163
1771416013620,1.9330833893574149,-1.1541986100715131,1.5506891883025875
1771416013624,1.958617118158766,-1.2347058968972613,1.5204217716514319
1771416013628,1.944737996869467,-1.2398855783370577,1.4982288306863032
1771416013649,1.9612285440989903,-1.24117478241389,1.51851985883902
1771416013658,1.9477100139072334,-1.2460755394707363,1.4969535891961478
1771416013662,1.9354366962361513,-1.2373359200109606,1.488259058829523
1771416013667,1.9466906294302602,-1.2218705540468329,1.5154658544041393
1771416013671,1.9709828912891094,-1.2507853048819133,1.5232562748421017
1771416013675,1.934334492776685,-1.1696124017429173,1.5406676343828347
1771416013680,1.95356787187094,-1.256446803000701,1.4959173978651599
1771416013684,1.9730338588344554,-1.2992243877411287,1.4848833618860002
1771416013689,1.9530642444441746,-1.2255184271856554,1.5207118489558409
1771416013693,1.949235121512377,-1.1926161908785768,1.541811979520086
1771416013697,1.974709751219946,-1.3126143084405717,1.4753041309642636
1771416013702,1.970006118426938,-1.221963881587025,1.54522761389264
1771416013707,1.9493710868438867,-1.1950489645724298,1.5400992196924455
1771416013711,1.9447867981169629,-1.2462014229596907,1.4930431017031192
1771416013716,1.93685371849041,-1.1811724288797127,1.5350029381354708
1771416013721,1.9470201575859352,-1.2545416930071533,1.4889636108893678
1771416013725,1.9502008548874439,-1.2179505364639913,1.5231151844594002
1771416013729,2.0013972836534175,-1.3193597631587881,1.5049521262727479
1771416013734,1.9667897360215003,-1.2543188058716703,1.5149079836597963
1771416013738,1.9690899791275953,-1.2687547834830575,1.5058474840731957
1771416013742,1.953121673700572,-1.2209261305544048,1.5244748787724816
1771416013747,1.9657678680234767,-1.2703354312337427,1.500163725433243
1771416013751,1.972371494692663,-1.2717436214387026,1.5076198043293751
1771416013755,1.9795794791191446,-1.3329513646611415,1.4635489652203728
1771416013760,1.9596545002540176,-1.2228833764709979,1.5312746350399444
1771416013764,1.946708006714724,-1.221809458294311,1.515537433067813
1771416013768,1.9633210570231243,-1.293013934288799,1.4774114317567058
1771416013773,1.9506153208503783,-1.2135640463710904,1.5271419172073204
1771416013778,1.9674885095537944,-1.2865762207895135,1.4885337293206307
1771416013782,1.9794278214389192,-1.299151802412787,1.4934319852521014
1771416013786,1.956552940366509,-1.2585532202085385,1.4980464613487625
1771416013790,1.9321350380203446,-1.195584116652625,1.5178024987309253
1771416013794,1.9735430845060324,-1.2577430713606128,1.5208401207378628
1771416013799,1.9282909242619177,-1.1661681800076285,1.5356945218788067
1771416013804,1.9600842176185858,-1.2580766048527223,1.5030546884527223
1771416013809,1.9636047845290057,-1.2897610201452387,1.4806283330867054
1771416013813,1.9413330344692126,-1.2425691670850447,1.4915749447248767
1771416013817,1.9574779527379196,-1.2477627252970322,1.5082467029018691
1771416013821,1.9674953381244558,-1.286184202530537,1.4888814938410486
1771416013825,1.941695371046141,-1.239896569932209,1.4942681853711381
1771416013830,1.9710922022215434,-1.2819249615593533,1.49728850345871
1771416013834,1.9677132219905307,-1.285965213168227,1.489358517791318
1771416013839,1.9702278104219473,-1.3302488070649643,1.4533532730421397
1771416013843,1.9395127734248125,-1.1546737236487008,1.5583447597349092
1771416013848,1.9324327454743004,-1.1553613458740468,1.5490114512944873
1771416013852,1.977815565518352,-1.2779168964519567,1.5095306611557373
1771416013856,1.9449201226840678,-1.201867023107538,1.529127183195706
1771416013861,1.9417173799883876,-1.2062546308622248,1.5215834348705317
1771416013866,1.9712563600877677,-1.2799239903666904,1.499215200053109
1771416013870,1.936002915075818,-1.190906501390794,1.5263842871725337
1771416013875,1.9613886403412726,-1.2440550800715187,1.5163681466609726
1771416013879,1.9481108055217944,-1.2424653671593695,1.5004717664788991
1771416013883,1.9769088218551492,-1.2915798246815868,1.4966596294429122
1771416013887,1.9442991773678269,-1.1763601185184742,1.5480556070995672
1771416013892,1.953121673700572,-1.2209261305544048,1.5244748787724816
1771416013897,1.947629282603206,-1.2110799110558779,1.5253016985142205
1771416013900,1.968499681019721,-1.3099708854260093,1.4693424629782332
1771416013905,1.9442887646453142,-1.2131007517753027,1.519422708257382
1771416013909,1.9602383887498076,-1.2570811200916687,1.5040882946946692
1771416013914,1.9735430845060324,-1.2577430713606128,1.5208401207378628
1771416013918,1.9536628246182564,-1.2899994748950303,1.467208160782215
1771416013923,1.95356787187094,-1.256446803000701,1.4959173978651599
1771416013927,1.9519374280106507,-1.2020149854393396,1.5379270781308516
1771416013931,1.968891076240535,-1.2301343080347158,1.5373033709374226
1771416013936,1.9602942692961003,-1.2563764149556194,1.5047497885623369
1771416013941,1.954678063002617,-1.2070695537796836,1.537448998283123
1771416013946,1.9690899791275953,-1.2687547834830575,1.5058474840731957
1771416013950,1.9369370815968021,-1.2204082977828041,1.5041040006487634
1771416013955,1.9698875137185783,-1.2947777532928229,1.4845899724443619
1771416013959,1.9694976789006435,-1.2642511496594608,1.5101622885570127
1771416013964,1.953121673700572,-1.2209261305544048,1.5244748787724816
1771416013969,1.9580738493268572,-1.241653388881281,1.514050878041199
1771416013973,1.9766962021262977,-1.2625308352642324,1.5209680356626594
1771416013976,1.9677132219905307,-1.285965213168227,1.489358517791318
1771416013981,1.9594077960356175,-1.2661149806933993,1.49540354648132
1771416013985,1.9549978902609677,-1.240534238378519,1.5109902562013637
1771416013990,1.9656378900550144,-1.2351385237879682,1.5291059943230907
1771416013994,1.9606040463595151,-1.2885375799446095,1.4777141576339428
1771416013999,1.974650261504619,-1.2809598864203242,1.5027925421169386
1771416014003,1.9493547144156986,-1.2276735624202741,1.5141999295829542
1771416014008,1.974650261504619,-1.2809598864203242,1.5027925421169386
1771416014012,1.942363783264886,-1.2308844029578507,1.502564691816687
1771416014016,1.9648803106847261,-1.279911930253616,1.49083201136512
1771416014020,1.9577802132767415,-1.280036262087637,1.4813542895737783
1771416014024,1.95216871706496,-1.2360001970258703,1.5110480511350595
1771416014029,1.9549735677272932,-1.2763485889935313,1.4808294736014012
1771416014034,1.9474499189890166,-1.2092510148562712,1.5265232294463802
1771416014038,1.9683324314920942,-1.2413539815765582,1.5275381675387378
1771416014043,1.926245626816967,-1.153169727231523,1.5429263738196535
1771416014048,1.9369370815968021,-1.2204082977828041,1.5041040006487634
1771416014052,1.966703641461817,-1.2591061638218135,1.510819274951537
1771416014057,1.9628469259954795,-1.2634808389504424,1.5021265674020248
1771416014061,1.9893017344491593,-1.3390977627682445,1.471101142828567
1771416014066,1.9483232085051247,-1.2037150663249494,1.5320030561007463
1771416014070,1.9637569342374346,-1.292839388471298,1.4781432990014085
1771416014074,1.9637569342374346,-1.292839388471298,1.4781432990014085
1771416014079,1.9322440614939016,-1.1247579213503258,1.5711418559564068
1771416014083,1.963869722521013,-1.251941864284456,1.5130848804633275
1771416014088,1.9456431714936,-1.1940919661422749,1.5361223021537542
1771416014092,1.9467736442736912,-1.220892549476973,1.5163604468167473
1771416014096,1.9741701525341318,-1.2834037996436205,1.5000741575725365
1771416014101,1.961364101040406,-1.2029336976814908,1.5491609522036032
1771416014105,1.9602942692961003,-1.2563764149556194,1.5047497885623369
1771416014110,1.9431015882619787,-1.2233056372365543,1.5096910611815557
1771416014114,1.9636609444643611,-1.253493778382515,1.511528250603009
1771416014118,1.9370443681378586,-1.2152994065225236,1.5083727114478696
1771416014123,1.9465124838091266,-1.2246356984441298,1.5130030587282477
1771416014127,1.9574779527379196,-1.2477627252970322,1.5082467029018691
1771416014131,1.9612285440989903,-1.24117478241389,1.51851985883902
1771416014136,1.9427915238124294,-1.2268528266601162,1.5064099862632032
1771416014140,1.953121673700572,-1.2209261305544048,1.5244748787724816
1771416014144,1.977643813576787,-1.2873933683000816,1.5012306180715569
1771416014149,1.9657851380086735,-1.2660705371916658,1.5037874197076482
1771416014153,1.9442887646453142,-1.2131007517753027,1.519422708257382
1771416014158,1.954851343409081,-1.2414710700292566,1.5100309126334803
1771416014162,1.9451363358144604,-1.235519038021104,1.5023475202472665
1771416014167,1.9701255151884323,-1.2922858366434111,1.4870749348998271
1771416014172,1.944737996869467,-1.2398855783370577,1.4982288306863032
1771416014176,1.9364040017525428,-1.1905486690353464,1.5271720023171675
1771416014180,1.951950276176992,-1.2342963793558985,1.512158169166293
1771416014185,1.9363712848395096,-1.1907899540431728,1.5269423820501125
1771416014190,1.9694976789006435,-1.2642511496594608,1.5101622885570127
1771416014194,1.971284557758956,-1.2440113487069688,1.5291823213558253
1771416014199,1.9630771428666534,-1.2280716435832029,1.531506417574655
1771416014203,1.952049699488978,-1.2371984366003073,1.509913261663982
1771416014207,1.9430797906992612,-1.1870414185533622,1.5383405811661819
1771416014212,1.9342553038541515,-1.206789035633631,1.5116229040214915
1771416014216,1.981805648141169,-1.2769647236700932,1.515557561264633
1771416014221,1.958617118158766,-1.2347058968972613,1.5204217716514319
1771416014225,1.9330833893574149,-1.1541986100715131,1.5506891883025875
1771416014230,1.9502707092821974,-1.2173516729369744,1.523683282011598
1771416014234,1.969447357824781,-1.2603019383713085,1.513394171847022
1771416014238,1.941695371046141,-1.239896569932209,1.4942681853711381
1771416014242,1.9707522889353217,-1.2898986236143573,1.4899752095728294
1771416014247,1.955178785932813,-1.1972333629887706,1.5457543011450128
1771416014251,1.9631127216123165,-1.2645399904293162,1.501582555293295
1771416014256,1.9369370815968021,-1.2204082977828041,1.5041040006487634
1771416014260,1.9652308741377325,-1.2397458295293664,1.5248484078191835
1771416014264,1.9487576981173147,-1.2721560703152919,1.476236938547281
1771416014268,1.9683023256369303,-1.2816933319798829,1.4938126548754547
1771416014273,1.9549978902609677,-1.240534238378519,1.5109902562013637
1771416014277,1.9613886403412726,-1.2440550800715187,1.5163681466609726
1771416014281,1.952521943243827,-1.2326066288016908,1.5142730392775212
1771416014285,1.943358539068517,-1.2202752916685249,1.5124716935909304
1771416014290,1.9389776731534518,-1.2339198019488609,1.4956859093225616
1771416014294,1.961430802449678,-1.2430626944995062,1.517236280327496
1771416014298,1.9577836352726405,-1.2803312085819467,1.4811038987432472
1771416014303,1.9654151210857973,-1.237487893984459,1.5269185670606695
1771416014308,1.968985848265413,-1.265172514215898,1.5087225655971648
1771416014312,1.9574779527379196,-1.2477627252970322,1.5082467029018691
1771416014317,1.9573263525095446,-1.2848245936814005,1.4766015758151358
1771416014322,1.9430797906992612,-1.1870414185533622,1.5383405811661819
1771416014326,1.970006118426938,-1.221963881587025,1.54522761389264
1771416014330,1.9558622373348937,-1.2665160976677874,1.4904140585022054
1771416014335,1.9769088218551492,-1.2915798246815868,1.4966596294429122
1771416014339,1.9533583268981503,-1.2189804907009898,1.5263339466030084
1771416014344,1.9365298163820173,-1.2215790459771616,1.5026284850774316
1771416014348,1.9472020340140341,-1.217430649084447,1.519690223676593
1771416014353,1.9513758582067706,-1.2802701618141445,1.4726764929069096
1771416014359,1.9665368645633068,-1.261592775119429,1.5085260718505793
1771416014364,1.9476877182514603,-1.253572380000715,1.490652117674316
1771416014368,1.9686277767156077,-1.3094548576942469,1.469973910964809
1771416014373,1.9645522097025527,-1.2101297270369948,1.5475953697231557
1771416014377,1.9481024380364056,-1.2060065005085343,1.5299187657567137
1771416014382,1.9584762572806558,-1.2364694797822584,1.5188062667434044
1771416014386,1.9766962021262977,-1.2625308352642324,1.5209680356626594
1771416014390,1.9425324326805933,-1.2290024548090783,1.504322178952781
1771416014395,1.9477301438874772,-1.2459197412368,1.497109452179218
1771416014399,1.9481108055217944,-1.2424653671593695,1.5004717664788991
1771416014404,1.9558622373348937,-1.2665160976677874,1.4904140585022054
1771416014408,1.9710922022215434,-1.2819249615593533,1.49728850345871
1771416014413,1.9531512152055703,-1.2205343667998405,1.5248263930426667
1771416014417,1.9607533576335956,-1.2149127015946293,1.539006451245562
1771416014422,1.962753659690273,-1.267715890225692,1.4984319638531611
1771416014427,1.955686319725995,-1.267531628646502,1.4893194927698197
1771416014431,1.9448293313563683,-1.2389148387901219,1.499150142690753
1771416014435,1.9506881501457018,-1.2492023828867216,1.4982248381698244
1771416014440,1.987246604190513,-1.322246453262769,1.4835138633328486
1771416014444,1.9359234838954151,-1.2317401445609608,1.493524673975862
1771416014449,1.9775631305221595,-1.3200939850977638,1.472449593605604
1771416014453,1.949914505870053,-1.257246054323637,1.490469368719163
1771416014457,1.971763761122611,-1.313154712439848,1.4708762799343138
1771416014461,1.9677132219905307,-1.285965213168227,1.489358517791318
1771416014466,1.955328419343122,-1.2722689265465121,1.4848033560155558
1771416014471,1.9530642444441746,-1.2255184271856554,1.5207118489558409
1771416014474,1.965415234428769,-1.273461443916058,1.4970480936108639
1771416014478,1.9720799749566662,-1.3064791414584138,1.4772310857002608
1771416014483,1.9506153208503783,-1.2135640463710904,1.5271419172073204
1771416014488,1.9443617320565123,-1.2129777247888855,1.5196142879861911
1771416014493,1.9477100139072334,-1.2460755394707363,1.4969535891961478
1771416014498,1.9365788627528873,-1.189097664224933,1.5285236133590068
1771416014502,1.9632153426856325,-1.259247392535704,1.5061575236834612
1771416014506,1.961430802449678,-1.2430626944995062,1.517236280327496
1771416014510,1.964040556246841,-1.2496296218403558,1.5152165240656301
1771416014514,1.9331175053417378,-1.223638435324019,1.4965467814460227
1771416014518,1.9668379310910824,-1.2537154092519167,1.5154699336453192
1771416014522,1.957742447441433,-1.2494032221319258,1.50723159436111
1771416014527,1.9574779527379196,-1.2477627252970322,1.5082467029018691
1771416014531,1.953298814651068,-1.260653400028168,1.4920218712588253
1771416014535,1.9535735749712178,-1.256439579067984,1.4959309131698868
1771416014540,1.938972433919201,-1.1972721533467594,1.525173265671466
1771416014544,1.944737996869467,-1.2398855783370577,1.4982288306863032
1771416014548,1.9718846091245772,-1.3079530916909703,1.475665145498266
1771416014553,1.9545676742560196,-1.2083538028570278,1.5362994110418533
1771416014557,1.969447357824781,-1.2603019383713085,1.513394171847022
1771416014561,1.9442887646453142,-1.2131007517753027,1.519422708257382
1771416014566,1.9602561002144037,-1.2199556301999936,1.53437682424205
1771416014570,1.956552940366509,-1.2585532202085385,1.4980464613487625
1771416014574,1.9570505876248967,-1.2524585823446122,1.503793370790774
1771416014579,1.9686568195759917,-1.2734553758791631,1.501306457358896
1771416014583,1.928545173448617,-1.1638295555922415,1.5377864778836892
1771416014587,1.9483464573106766,-1.2036839897013654,1.5320570389680885
1771416014591,1.9486490132917786,-1.2362900097334404,1.5062602659687707
1771416014595,1.9630771428666534,-1.2280716435832029,1.531506417574655
1771416014599,1.9589456676990094,-1.2673542497954233,1.4937474132269475
1771416014603,1.9742858331238728,-1.2857902318344787,1.4981815746406248
1771416014608,1.9780361505831876,-1.279362801420926,1.5085946557489704
1771416014612,1.9690191405153843,-1.232758013223627,1.535364470263943
1771416014616,1.970922144982092,-1.2473353612546811,1.5260041278268104
1771416014620,1.9655738931914994,-1.272636583292922,1.497957561635344
1771416014625,1.936002915075818,-1.190906501390794,1.5263842871725337
1771416014629,1.9418204888413497,-1.2016982286569533,1.52531576341648
1771416014634,1.9569976012488466,-1.2571440848254776,1.4998094416565233
1771416014638,1.9604140388297753,-1.2545701940266434,1.5064119064521568
1771416014642,1.9304147641988882,-1.178350971466068,1.5290487728918338
1771416014647,1.9442651030455131,-1.2134434775302836,1.519118730632926
1771416014651,1.955686319725995,-1.267531628646502,1.4893194927698197
1771416014656,1.9288783913352217,-1.1965385882621957,1.5129002793837616
1771416014659,1.9681490747316017,-1.2429238895754575,1.5260245689665275
1771416014664,1.957742447441433,-1.2494032221319258,1.50723159436111
1771416014668,1.9655374208830558,-1.3081973800493758,1.4669549985338894
1771416014672,1.9661951871091063,-1.3011209453455732,1.4741125463797042
1771416014677,1.9632153426856325,-1.259247392535704,1.5061575236834612
1771416014681,1.9339122450048083,-1.2146012983027314,1.5049120431244003
1771416014686,1.9790731763541347,-1.303633159218704,1.489050443588096
1771416014690,1.970922144982092,-1.2473353612546811,1.5260041278268104
1771416014694,1.972228308790628,-1.272828775498213,1.5065163159617159
1771416014698,1.9612285440989903,-1.24117478241389,1.51851985883902
1771416014702,1.9698918137431594,-1.2227788322300248,1.5444370124101827
1771416014706,1.9533253138845508,-1.258500960262777,1.4938725229683578
1771416014710,1.946904928605732,-1.2555135639697228,1.4879934447830525
1771416014715,1.9341466821906161,-1.1782182845872047,1.5338595314087118
1771416014719,1.9602383887498076,-1.2570811200916687,1.5040882946946692
1771416014724,1.9633210570231243,-1.293013934288799,1.4774114317567058
1771416014729,1.9497328199479227,-1.227829334417885,1.514560396526006
1771416014733,1.9721133791520835,-1.2698761163874828,1.508855801347264
1771416014738,1.9724183786752638,-1.2667665316714893,1.5118653428043591
1771416014742,1.9683023256369303,-1.2816933319798829,1.4938126548754547
1771416014746,1.943922646256837,-1.2131716648981485,1.518897549579444
1771416014751,1.957431892789951,-1.252088021771861,1.5045980196207482
1771416014755,1.9342553038541515,-1.206789035633631,1.5116229040214915
1771416014759,1.9787728037778856,-1.3099227802595936,1.4831197250147983
1771416014763,1.9677132219905307,-1.285965213168227,1.489358517791318
1771416014768,1.9295774438272673,-1.1885292180478795,1.520087961130364
1771416014773,1.9466906294302602,-1.2218705540468329,1.5154658544041393
1771416014777,1.974831421149116,-1.2798833474064069,1.503947392361052
1771416014781,1.9465124838091266,-1.2246356984441298,1.5130030587282477
1771416014785,1.955236053037548,-1.2012029135470577,1.5427441730837648
1771416014790,1.9481024380364056,-1.2060065005085343,1.5299187657567137
1771416014794,1.9537157325741181,-1.293246548123355,1.4644174710357187
1771416014798,1.9392674724647505,-1.190737268442918,1.5306544637183535
1771416014803,1.957431892789951,-1.252088021771861,1.5045980196207482
1771416014807,1.9441290185669677,-1.2148781742024448,1.5177973061910128
1771416014812,1.9389776731534518,-1.2339198019488609,1.4956859093225616
1771416014815,1.9408686957385712,-1.2124965026159111,1.515527474261726
1771416014820,1.9539981515623195,-1.251571884296518,1.500558760844581
1771416014824,1.971678027439813,-1.2746404503015207,1.5042625988650014
1771416014829,1.955686319725995,-1.267531628646502,1.4893194927698197
1771416014834,1.9811829651981863,-1.2832698257017603,1.5094053451723468
1771416014838,1.9467736442736912,-1.220892549476973,1.5163604468167473
1771416014842,1.9674885095537944,-1.2865762207895135,1.4885337293206307
1771416014847,1.957431892789951,-1.252088021771861,1.5045980196207482
1771416014851,1.944774568388039,-1.2041749005704747,1.5271250540427168
1771416014856,1.937841456699459,-1.2498379395650752,1.480923575383554
1771416014860,1.9490584448307664,-1.2704015079981454,1.4781437108218416
1771416014865,1.968891076240535,-1.2301343080347158,1.5373033709374226
1771416014869,1.9422257901729418,-1.1962934747475251,1.5300728552227179
1771416014874,1.9493710868438867,-1.1950489645724298,1.5400992196924455
1771416014879,1.9876724474589782,-1.3214837082428217,1.4847634718150786
1771416014883,1.9506681888603787,-1.2489033792777942,1.4984481079638148
1771416014888,1.9812560297389648,-1.2830101209662856,1.5097219892665943
1771416014892,1.947629282603206,-1.2110799110558779,1.5253016985142205
1771416014896,1.9604343769611567,-1.2185492225748302,1.5357215693391024
1771416014901,1.9441290185669677,-1.2148781742024448,1.5177973061910128
1771416014906,1.9630212715926907,-1.2969824733303843,1.4735294284808782
1771416014910,1.957742447441433,-1.2494032221319258,1.50723159436111
1771416014914,1.9690899791275953,-1.2687547834830575,1.5058474840731957
1771416014919,1.9508664812685805,-1.2108193947556454,1.5296393107595088
1771416014923,1.9534551416939436,-1.2212020646720658,1.5246811167753043
1771416014928,1.93437998839562,-1.2092822650655868,1.5097888405016389
1771416014932,1.960687832141827,-1.2869621084204432,1.47919752115768
1771416014937,1.9686568195759917,-1.2734553758791631,1.501306457358896
1771416014941,1.956552940366509,-1.2585532202085385,1.4980464613487625
1771416014946,1.9341808388177943,-1.1721759338420188,1.5385249745686607
1771416014950,1.952867188516892,-1.2642609133274048,1.4884000131075068
1771416014954,1.958617118158766,-1.2347058968972613,1.5204217716514319
1771416014958,1.9449201226840678,-1.201867023107538,1.529127183195706
1771416014962,1.952049699488978,-1.2371984366003073,1.509913261663982
1771416014966,1.9667897360215003,-1.2543188058716703,1.5149079836597963
1771416014971,1.9739502118083652,-1.2850450961848603,1.498378636883726
1771416014976,1.9506153208503783,-1.2135640463710904,1.5271419172073204
1771416014980,1.9663733113605801,-1.2944162525711989,1.4802400361801824
1771416014984,1.9556459835727231,-1.2322778170408792,1.518565966526673
1771416014989,1.9683023256369303,-1.2816933319798829,1.4938126548754547
1771416014993,1.9495151230908514,-1.2299649372392392,1.5125460218856193
1771416014998,1.9759066662229579,-1.307388896464142,1.481533471449969
1771416015003,1.93709306842809,-1.214629774228599,1.5089745085022264
1771416015007,1.9721133791520835,-1.2698761163874828,1.508855801347264
1771416015012,1.9667897360215003,-1.2543188058716703,1.5149079836597963
1771416015016,1.9500644620169647,-1.2554582971731776,1.4921715283708301
1771416015021,1.941370761348662,-1.2465096885562124,1.4883326339750056
1771416015025,1.9545930845936452,-1.2443227456179429,1.5073470174711348
1771416015029,1.9571906619741413,-1.290165302733563,1.4717570380131333
1771416015034,1.964147241313711,-1.2481794178526961,1.516549546308714
1771416015038,1.947629282603206,-1.2110799110558779,1.5253016985142205
1771416015042,1.952049699488978,-1.2371984366003073,1.509913261663982
1771416015046,1.9602383887498076,-1.2570811200916687,1.5040882946946692
1771416015051,1.9525400131161503,-1.2678295787179348,1.4849311977824158
1771416015055,1.9534551416939436,-1.2212020646720658,1.5246811167753043
1771416015059,1.9674885095537944,-1.2865762207895135,1.4885337293206307
1771416015064,1.9652386539678364,-1.310712618367911,1.4643071396057756
1771416015068,1.973851500045009,-1.2906353534880954,1.493435679417293
1771416015073,1.9477483066286891,-1.2419463927880234,1.5004308126054138
1771416015078,1.9603760347509296,-1.2514708995598762,1.5089382973404086
1771416015082,1.980842273868346,-1.2838415036115105,1.5084717788372626
1771416015085,1.9533122668384921,-1.2549989903110277,1.4967986992578628
1771416015090,1.956552940366509,-1.2585532202085385,1.4980464613487625
1771416015094,1.9545930845936452,-1.2443227456179429,1.5073470174711348
1771416015098,1.9638539418287615,-1.251448714396437,1.5134723056838106
1771416015103,1.9714452390275479,-1.2780828444006287,1.5010331686319207
1771416015107,1.9792061855254663,-1.2663653428488242,1.5210443593970713
1771416015112,1.9616391044712107,-1.2729644214300861,1.4925111584051154
1771416015115,1.983714138307507,-1.2911388125216088,1.506015388142294
1771416015119,1.927033550950078,-1.1813260794260374,1.5224739736872923
1771416015124,1.946767608785998,-1.1845010076173403,1.5449470818030817
1771416015129,1.9578675237884455,-1.2074756719759054,1.5411838768595507
1771416015133,1.9657851380086735,-1.2660705371916658,1.5037874197076482
1771416015137,1.9443552424362902,-1.244698577959684,1.4937345007780416
1771416015142,1.9654315802062758,-1.3086153888830865,1.4664402682859288
1771416015147,1.9687370020939392,-1.2726060508915609,1.5021315597004203
1771416015151,1.952158461203755,-1.2358230024867243,1.5111797259671367
1771416015156,1.9659704286757187,-1.2988904424525343,1.4757788943242307
1771416015160,1.957742447441433,-1.2494032221319258,1.50723159436111
1771416015165,1.962387203538054,-1.2319381264471583,1.5275116985528359
1771416015170,1.9451363358144604,-1.235519038021104,1.5023475202472665
1771416015193,1.9513758582067706,-1.2802701618141445,1.4726764929069096
1771416015202,1.9662702585112892,-1.2600679788623408,1.5094526882787112
1771416015207,1.9794386837145155,-1.2989599353135066,1.4936132662224797
1771416015212,1.9536393146487814,-1.21565215426339,1.5293450923765175
1771416015217,1.9582812481566663,-1.278131205265139,1.4836596877348638
1771416015221,1.952158461203755,-1.2358230024867243,1.5111797259671367
1771416015225,1.9589456676990094,-1.2673542497954233,1.4937474132269475
1771416015230,1.9681172791226949,-1.2790038662083665,1.4958725662988042
1771416015234,1.9502008548874439,-1.2179505364639913,1.5231151844594002
1771416015239,1.9587030130382646,-1.273493818223278,1.488197227598638
1771416015243,1.9695371575904892,-1.2985951809247216,1.4807859977757463
1771416015248,1.9600693137341847,-1.2580926483698964,1.5030218237803528
1771416015252,1.9583908295829429,-1.2795586375449104,1.4825735511193971
1771416015256,1.944774568388039,-1.2041749005704747,1.5271250540427168
1771416015261,1.9638539418287615,-1.251448714396437,1.5134723056838106
1771416015265,1.9709828912891094,-1.2507853048819133,1.5232562748421017
1771416015269,1.956191178462543,-1.2627180226550274,1.494063961802456
1771416015273,1.981523601443206,-1.3149582157510964,1.4823362216127443
1771416015278,1.9674953381244558,-1.286184202530537,1.4888814938410486
1771416015282,1.9653965335896457,-1.2337773305281803,1.5298944515622483
1771416015286,1.9875925887469061,-1.323203106262077,1.4831243502889495
1771416015291,1.9582812481566663,-1.278131205265139,1.4836596877348638
1771416015295,1.9648803106847261,-1.279911930253616,1.49083201136512
1771416015299,1.956191178462543,-1.2627180226550274,1.494063961802456
1771416015303,1.9663733113605801,-1.2944162525711989,1.4802400361801824
1771416015308,1.9571067929978303,-1.215664262768086,1.5337624977247222
1771416015311,1.9648803106847261,-1.279911930253616,1.49083201136512
1771416015316,1.96307265837208,-1.2605323144238625,1.504896191217602
1771416015321,1.981771147852591,-1.312789374100682,1.4845878019535643
1771416015325,1.9751089107087874,-1.2724199313926687,1.510629910784216
1771416015329,1.9669689510453232,-1.2566646232184233,1.5131955852194512
1771416015334,1.9700018609386678,-1.2585345705879787,1.5155850575724037
1771416015338,1.9824512502000184,-1.3055274501158287,1.4918817099266546
1771416015342,1.957431892789951,-1.252088021771861,1.5045980196207482
1771416015347,1.95626840463774,-1.2615884150206376,1.4951189725468688
1771416015351,1.980842273868346,-1.2838415036115105,1.5084717788372626
1771416015355,1.9342628116670486,-1.2067979140594218,1.5116254229206205
1771416015360,1.9577802132767415,-1.280036262087637,1.4813542895737783
1771416015364,1.954851343409081,-1.2414710700292566,1.5100309126334803
1771416015368,1.9775177824029009,-1.2485576711698234,1.5335189341780797
1771416015372,1.9791844806323964,-1.2660493187066952,1.5212791758840458
1771416015377,1.9624798958432472,-1.2667610130774598,1.4988808749650155
1771416015381,1.9674953381244558,-1.286184202530537,1.4888814938410486
1771416015385,1.9582812481566663,-1.278131205265139,1.4836596877348638
1771416015390,1.9530642444441746,-1.2255184271856554,1.5207118489558409
1771416015394,1.9584762572806558,-1.2364694797822584,1.5188062667434044
1771416015399,1.9342676976299977,-1.1373678944303944,1.5645401237468546
1771416015403,1.957742447441433,-1.2494032221319258,1.50723159436111
1771416015407,1.9772861866863205,-1.2880732069877694,1.5001760155064383
1771416015412,1.9612285440989903,-1.24117478241389,1.51851985883902
1771416015416,1.9738704604912796,-1.286223351294709,1.4972621966056123
1771416015421,1.959788955919931,-1.2251669817527249,1.5296204164983715
1771416015425,1.952158461203755,-1.2358230024867243,1.5111797259671367
1771416015429,1.9683023256369303,-1.2816933319798829,1.4938126548754547
1771416015433,1.966703641461817,-1.2591061638218135,1.510819274951537
1771416015437,1.9584762572806558,-1.2364694797822584,1.5188062667434044
1771416015441,1.9403319845336782,-1.1818506682795575,1.5388688079532853
1771416015446,1.948914447406527,-1.2325687532037906,1.5096495593135322
1771416015450,1.9481108055217944,-1.2424653671593695,1.5004717664788991
1771416015455,1.9577877708017208,-1.2837148966300462,1.478177600855486
1771416015459,1.9720081432251253,-1.2717784926627638,1.507114986504558
1771416015464,1.9674953381244558,-1.286184202530537,1.4888814938410486
1771416015468,1.95356787187094,-1.256446803000701,1.4959173978651599
1771416015473,1.9559419889228793,-1.2292096808271065,1.5214311106956213
1771416015477,1.966703641461817,-1.2591061638218135,1.510819274951537
1771416015481,1.9559959585326603,-1.2284658164846793,1.5221011554836725
1771416015485,1.9559419889228793,-1.2292096808271065,1.5214311106956213
1771416015489,1.9619920439567995,-1.2727437962019978,1.493163088808154
1771416015494,1.965415234428769,-1.273461443916058,1.4970480936108639
1771416015498,1.9571853158631185,-1.325020873996344,1.4404492507909397
1771416015502,1.9568072902917593,-1.2944439586980763,1.4674841086461654
1771416015507,1.956552940366509,-1.2585532202085385,1.4980464613487625
1771416015511,1.9544153706420573,-1.2507852083203728,1.5017575715304026
1771416015515,1.982856156312523,-1.260246267752865,1.5308487453832424
1771416015520,1.9790731763541347,-1.303633159218704,1.489050443588096
1771416015525,1.953121673700572,-1.2209261305544048,1.5244748787724816
1771416015529,1.957431892789951,-1.252088021771861,1.5045980196207482
1771416015533,1.9816507356035165,-1.3135848985083625,1.4837231387050391
1771416015538,1.9577836352726405,-1.2803312085819467,1.4811038987432472
1771416015542,1.9569188646924685,-1.2931908866862187,1.4687371356308014
1771416015547,1.9875925887469061,-1.323203106262077,1.4831243502889495
1771416015552,1.948914447406527,-1.2325687532037906,1.5096495593135322
1771416015556,1.9657678680234767,-1.2703354312337427,1.500163725433243
1771416015560,1.9533122668384921,-1.2549989903110277,1.4967986992578628
1771416015565,1.974831421149116,-1.2798833474064069,1.503947392361052
1771416015569,1.9659704286757187,-1.2988904424525343,1.4757788943242307
1771416015574,1.9709828912891094,-1.2507853048819133,1.5232562748421017
1771416015578,1.9696320698175638,-1.2627603422785527,1.5115842048732755
1771416015583,1.9817025369062276,-1.278062970507206,1.5144966121450636
1771416015587,1.9582812481566663,-1.278131205265139,1.4836596877348638
1771416015591,1.9730663227066056,-1.2988624355816993,1.4852431071153784
1771416015596,1.9690764458110446,-1.3036555565556422,1.4757182113498004
1771416015600,1.957466440529861,-1.2115025878822676,1.537509787076236
1771416015605,1.9477301438874772,-1.2459197412368,1.497109452179218
1771416015609,1.9677144284537056,-1.2834671305953527,1.49151339136671
1771416015613,1.9657678680234767,-1.2703354312337427,1.500163725433243
1771416015618,1.9447867981169629,-1.2462014229596907,1.4930431017031192
1771416015622,1.9585910864955958,-1.275530109947399,1.4863048081458843
1771416015626,1.9474499189890166,-1.2092510148562712,1.5265232294463802
1771416015631,1.9466906294302602,-1.2218705540468329,1.5154658544041393
1771416015635,1.9289413553097488,-1.121394135036023,1.5694871602313352
1771416015639,1.9674953381244558,-1.286184202530537,1.4888814938410486
1771416015644,1.9739502118083652,-1.2850450961848603,1.498378636883726
1771416015648,1.9570897781863876,-1.2197742841511225,1.530474140782934
1771416015653,1.9935301941524828,-1.3272368864493467,1.4874827334278136
1771416015657,1.9811503876118266,-1.3196196538637683,1.477687662353232
1771416015661,1.9506881501457018,-1.2492023828867216,1.4982248381698244
1771416015665,1.9545676742560196,-1.2083538028570278,1.5362994110418533
1771416015670,1.9703631544541487,-1.293736953020576,1.486127739065367
1771416015674,1.9467736442736912,-1.220892549476973,1.5163604468167473
1771416015678,1.958617118158766,-1.2347058968972613,1.5204217716514319
1771416015683,1.9721133791520835,-1.2698761163874828,1.508855801347264
1771416015687,1.9747405974671588,-1.315610787802615,1.472673990502424
1771416015692,1.9730663227066056,-1.2988624355816993,1.4852431071153784
1771416015696,1.9638539418287615,-1.251448714396437,1.5134723056838106
1771416015700,1.9654315802062758,-1.3086153888830865,1.4664402682859288
1771416015704,1.965415234428769,-1.273461443916058,1.4970480936108639
1771416015709,1.934534988650653,-1.2077722833896916,1.5111954651166848
1771416015713,1.959788955919931,-1.2251669817527249,1.5296204164983715
1771416015718,1.9825902031415588,-1.2991815465138394,1.4975951464901305
1771416015722,1.9531512152055703,-1.2205343667998405,1.5248263930426667
1771416015727,1.959840458443179,-1.2960769746705356,1.4700881260249814
1771416015731,1.949914505870053,-1.257246054323637,1.490469368719163
1771416015736,1.971763761122611,-1.313154712439848,1.4708762799343138
1771416015740,1.9506881501457018,-1.2492023828867216,1.4982248381698244
1771416015744,1.9720081432251253,-1.2717784926627638,1.507114986504558
1771416015748,1.9824512502000184,-1.3055274501158287,1.4918817099266546
1771416015752,1.9636362059636816,-1.2893736087651257,1.4810073755358002
1771416015757,1.958617118158766,-1.2347058968972613,1.5204217716514319
1771416015761,1.9502707092821974,-1.2173516729369744,1.523683282011598
1771416015765,1.9650342694428382,-1.2784728907377432,1.492268993088521
1771416015769,1.9714452390275479,-1.2780828444006287,1.5010331686319207
1771416015774,1.984581940251893,-1.32036410423467,1.481622121130265
1771416015778,1.9573623980194175,-1.2535917935442968,1.5032548594096469
1771416015782,1.9559922722601506,-1.2284456567240802,1.5221126888693788
1771416015787,1.966703641461817,-1.2591061638218135,1.510819274951537
1771416015791,1.9735620846513038,-1.2535154258945587,1.5243511337672773
1771416015796,1.9493303255955623,-1.268296713277813,1.480308131902003
1771416015800,1.9379452570608013,-1.2451289735326367,1.4850204236420512
1771416015805,1.9742858331238728,-1.2857902318344787,1.4981815746406248
1771416015809,1.9610411712455182,-1.2836996120787987,1.4824971437641072
1771416015814,1.9602942692961003,-1.2563764149556194,1.5047497885623369
1771416015818,1.9794278214389192,-1.299151802412787,1.4934319852521014
1771416015822,1.9741701525341318,-1.2834037996436205,1.5000741575725365
1771416015827,1.9630915353721186,-1.2639968309054195,1.502012113037281
1771416015830,1.972371494692663,-1.2717436214387026,1.5076198043293751
1771416015835,1.9667600142922599,-1.2552880521314174,1.5140663327592363
1771416015839,1.9744973455189154,-1.31493078788977,1.4729551216927255
1771416015843,1.9648803106847261,-1.279911930253616,1.49083201136512
1771416015848,1.94146118592533,-1.205289185041702,1.522021523131686
1771416015851,1.9667897360215003,-1.2543188058716703,1.5149079836597963
1771416015856,1.9396617653672021,-1.2215235826920126,1.5067076361904723
1771416015861,1.965415234428769,-1.273461443916058,1.4970480936108639
1771416015865,1.9515994953774753,-1.277546095644271,1.4753360850537396
1771416015869,1.9648803106847261,-1.279911930253616,1.49083201136512
1771416015874,1.984123068646155,-1.285782886106314,1.5111276323758864
1771416015878,1.9639364691307584,-1.2861867531630187,1.4841732010684474
1771416015883,1.9545797831570573,-1.2837248255929214,1.473917467459665
1771416015886,1.9707522889353217,-1.2898986236143573,1.4899752095728294
1771416015891,1.953415030181239,-1.2218516267869364,1.5241092094256528
1771416015895,1.977815565518352,-1.2779168964519567,1.5095306611557373
1771416015899,1.9656378900550144,-1.2351385237879682,1.5291059943230907
1771416015904,1.9574779527379196,-1.2477627252970322,1.5082467029018691
1771416015909,1.9417173799883876,-1.2062546308622248,1.5215834348705317
1771416015913,1.9539981515623195,-1.251571884296518,1.500558760844581
1771416015917,1.9686568195759917,-1.2734553758791631,1.501306457358896
1771416015922,1.9557324148433777,-1.2273345162612586,1.522675035476333
1771416015926,1.9647034053368573,-1.2776621964346246,1.4925276489043995
1771416015931,1.968224145079191,-1.2418625210974636,1.5269851878673102
1771416015935,1.9605867748776855,-1.2883398804913595,1.4778636114881487
1771416015939,1.9553068232202795,-1.2369586007359183,1.5143177318506247
1771416015943,1.9487576981173147,-1.2721560703152919,1.476236938547281
1771416015948,1.9484976560888247,-1.2018417676623916,1.5336947158042182
1771416015952,1.9338677162320659,-1.1796239098789918,1.5324267601182207
1771416015956,1.9464224000381734,-1.2603789855361227,1.4832413735428556
1771416015961,1.966703641461817,-1.2591061638218135,1.510819274951537
1771416015965,1.9632153426856325,-1.259247392535704,1.5061575236834612
1771416015969,1.9665473572708203,-1.2964664863705735,1.4786761505166661
1771416015973,1.9616391044712107,-1.2729644214300861,1.4925111584051154
1771416015978,1.9544153706420573,-1.2507852083203728,1.5017575715304026
1771416015982,1.9500644620169647,-1.2554582971731776,1.4921715283708301
1771416015987,1.948914447406527,-1.2325687532037906,1.5096495593135322
1771416015992,1.946708006714724,-1.221809458294311,1.515537433067813
1771416015996,1.965415234428769,-1.273461443916058,1.4970480936108639
1771416016000,1.9769088218551492,-1.2915798246815868,1.4966596294429122
1771416016004,1.9545930845936452,-1.2443227456179429,1.5073470174711348
1771416016008,1.9652308741377325,-1.2397458295293664,1.5248484078191835
1771416016013,1.9861008422670432,-1.2995489247753274,1.5019218181280773
1771416016017,1.964147241313711,-1.2481794178526961,1.516549546308714
1771416016021,1.9539926914535517,-1.2864869089216053,1.4707273273544719
1771416016026,1.9336221823233666,-1.2187527253718782,1.5011783832614956
1771416016030,1.9850786007444727,-1.3109116415819229,1.4906534537237761
1771416016034,1.9612285440989903,-1.24117478241389,1.51851985883902
1771416016039,1.9464224000381734,-1.2603789855361227,1.4832413735428556
1771416016043,1.9533122668384921,-1.2549989903110277,1.4967986992578628
1771416016047,1.9596545002540176,-1.2228833764709979,1.5312746350399444
1771416016051,1.9598343162912129,-1.2615348426583148,1.499826786022875
1771416016056,1.9631127216123165,-1.2645399904293162,1.501582555293295
1771416016060,1.9661951871091063,-1.3011209453455732,1.4741125463797042
1771416016064,1.9619920439567995,-1.2727437962019978,1.493163088808154
1771416016069,1.9598343162912129,-1.2615348426583148,1.499826786022875
1771416016074,1.948914447406527,-1.2325687532037906,1.5096495593135322
1771416016078,1.9341036672524863,-1.1805789580645307,1.5319890076155191
1771416016082,1.9382237850486015,-1.2019206436416965,1.5205585182149541
1771416016086,1.9576564490819919,-1.2500629177292517,1.5065727577354315
1771416016091,1.9652308741377325,-1.2397458295293664,1.5248484078191835
1771416016095,2.000726910654626,-1.3578318976860613,1.469421896067931
1771416016099,1.9722943074117645,-1.3041388967316276,1.4795832430385474
1771416016103,1.986517495552777,-1.2992418394313812,1.5027383015043696
1771416016108,1.984581940251893,-1.32036410423467,1.481622121130265
1771416016112,1.965415234428769,-1.273461443916058,1.4970480936108639
1771416016117,1.976114734348538,-1.2645700205605965,1.518516416246056
1771416016121,1.9655738931914994,-1.272636583292922,1.497957561635344
1771416016126,1.9605672607637419,-1.2171581710759893,1.5369938095391258
1771416016130,1.9604140388297753,-1.2545701940266434,1.5064119064521568
1771416016135,1.94466804702677,-1.279917243267413,1.4640852651104914
1771416016139,1.9596545002540176,-1.2228833764709979,1.5312746350399444
1771416016143,1.9912151498821624,-1.2779949694699921,1.5269795778364676
1771416016148,1.976114734348538,-1.2645700205605965,1.518516416246056
1771416016153,1.9766797736011315,-1.2940766483009762,1.4941982986491225
1771416016157,1.956191178462543,-1.2627180226550274,1.494063961802456
1771416016162,1.9383431098921076,-1.2402818475365607,1.4895888527837142
1771416016166,1.9749865708483576,-1.2779460208645923,1.5057974375020398
1771416016171,1.9365417157063305,-1.1889345190927154,1.5286034560933688
1771416016175,1.9584762572806558,-1.2364694797822584,1.5188062667434044
1771416016179,1.956552940366509,-1.2585532202085385,1.4980464613487625
1771416016183,1.9657851380086735,-1.2660705371916658,1.5037874197076482
1771416016187,1.9760343974170875,-1.3012844192256163,1.487067853211871
1771416016192,1.9656378900550144,-1.2351385237879682,1.5291059943230907
1771416016196,1.9545930845936452,-1.2443227456179429,1.5073470174711348
1771416016200,1.9712563600877677,-1.2799239903666904,1.499215200053109
1771416016205,1.9842250180529186,-1.2854726071772504,1.511525421044591
1771416016208,1.9583908295829429,-1.2795586375449104,1.4825735511193971
1771416016213,1.9738704604912796,-1.286223351294709,1.4972621966056123
1771416016218,1.9603760347509296,-1.2514708995598762,1.5089382973404086
1771416016221,1.9598424190756272,-1.224737159295645,1.5300330709656702
1771416016225,1.9525400131161503,-1.2678295787179348,1.4849311977824158
1771416016230,1.961430802449678,-1.2430626944995062,1.517236280327496
1771416016234,1.951081811734074,-1.2086540067806064,1.531625191740036
1771416016238,1.971743911928111,-1.2379454559876126,1.5346872978640282
1771416016243,1.954851343409081,-1.2414710700292566,1.5100309126334803
1771416016248,1.9637569342374346,-1.292839388471298,1.4781432990014085
1771416016252,1.9477301438874772,-1.2459197412368,1.497109452179218
1771416016256,1.9496052043136367,-1.2289893017069904,1.5134549048374655
1771416016260,1.9502707092821974,-1.2173516729369744,1.523683282011598
1771416016265,1.9628469259954795,-1.2634808389504424,1.5021265674020248
1771416016269,1.942486025699092,-1.2297344152782907,1.5036639345001308
1771416016273,1.9674885095537944,-1.2865762207895135,1.4885337293206307
1771416016278,1.974650622638082,-1.277808366833113,1.5054736328266456
1771416016282,1.9616391044712107,-1.2729644214300861,1.4925111584051154
1771416016286,1.9425122920256965,-1.160542966503665,1.5577207797194588
1771416016290,1.961301519640311,-1.2444153304237193,1.5159598069704283
1771416016294,1.9601301065739583,-1.2928716916547494,1.4732931899711692
1771416016298,1.9659704286757187,-1.2988904424525343,1.4757788943242307
1771416016303,1.971284557758956,-1.2440113487069688,1.5291823213558253
1771416016307,1.95356787187094,-1.256446803000701,1.4959173978651599
1771416016311,1.9714452390275479,-1.2780828444006287,1.5010331686319207
1771416016316,1.969315897855972,-1.301597900195048,1.4778524999999543
1771416016321,1.9569976012488466,-1.2571440848254776,1.4998094416565233
1771416016324,1.9830046715904848,-1.333861239784273,1.4673519416114351
1771416016328,1.9508353176689188,-1.251427646690801,1.4965584792323738
1771416016333,1.9677144284537056,-1.2834671305953527,1.49151339136671
1771416016337,1.96307265837208,-1.2605323144238625,1.504896191217602
1771416016341,1.9707522889353217,-1.2898986236143573,1.4899752095728294
1771416016346,1.9502707092821974,-1.2173516729369744,1.523683282011598
1771416016349,1.952049699488978,-1.2371984366003073,1.509913261663982
1771416016354,1.9398412787368515,-1.223547307655644,1.5052960415214172
1771416016358,1.9451363358144604,-1.235519038021104,1.5023475202472665
1771416016363,1.9686277767156077,-1.3094548576942469,1.469973910964809
1771416016366,1.9677132219905307,-1.285965213168227,1.489358517791318
1771416016371,1.955234605868848,-1.2734209873931261,1.4836917984722517
1771416016375,1.9549978902609677,-1.240534238378519,1.5109902562013637
1771416016379,1.9715542564425075,-1.2767963604931978,1.5022706946246047
1771416016383,1.9674953381244558,-1.286184202530537,1.4888814938410486
1771416016387,1.9336221823233666,-1.2187527253718782,1.5011783832614956
1771416016391,1.9690899791275953,-1.2687547834830575,1.5058474840731957
1771416016395,1.9578348314763878,-1.2442971014135529,1.511569366835676
1771416016400,1.957431892789951,-1.252088021771861,1.5045980196207482
1771416016404,1.9370443681378586,-1.2152994065225236,1.5083727114478696
1771416016408,1.9349055603583485,-1.243282319148244,1.4826019703207662
1771416016412,1.9669689510453232,-1.2566646232184233,1.5131955852194512
1771416016416,1.9714452390275479,-1.2780828444006287,1.5010331686319207
1771416016421,1.980842273868346,-1.2838415036115105,1.5084717788372626
1771416016425,1.9588299813413637,-1.268758131752433,1.4924033298387815
1771416016430,1.9721133791520835,-1.2698761163874828,1.508855801347264
1771416016434,1.9655738931914994,-1.272636583292922,1.497957561635344
1771416016439,1.9559922722601506,-1.2284456567240802,1.5221126888693788
1771416016443,1.9632153426856325,-1.259247392535704,1.5061575236834612
1771416016448,1.931808103613085,-1.202412088131236,1.511981388609352
1771416016453,1.9545797831570573,-1.2837248255929214,1.473917467459665
1771416016457,1.9739502118083652,-1.2850450961848603,1.498378636883726
1771416016461,1.9604140388297753,-1.2545701940266434,1.5064119064521568
1771416016466,1.9602383887498076,-1.2570811200916687,1.5040882946946692
1771416016470,1.9614395498170407,-1.3177980795601307,1.452808772376498
1771416016474,1.9481108055217944,-1.2424653671593695,1.5004717664788991
1771416016479,1.9707522889353217,-1.2898986236143573,1.4899752095728294
1771416016483,1.9451363358144604,-1.235519038021104,1.5023475202472665
1771416016488,1.960245537865576,-1.2199765608825899,1.5343466882093468
1771416016492,1.9533253138845508,-1.258500960262777,1.4938725229683578
1771416016497,1.9650342694428382,-1.2784728907377432,1.492268993088521
1771416016501,1.955328419343122,-1.2722689265465121,1.4848033560155558
1771416016506,1.9818829649103558,-1.2753237066758465,1.5170397258451875
1771416016510,1.9451821285029953,-1.2388695987363976,1.4996451681561744
1771416016514,1.9497359467606865,-1.2595332088399405,1.488303180780097
1771416016518,1.9539981515623195,-1.251571884296518,1.500558760844581
1771416016523,1.9638539418287615,-1.251448714396437,1.5134723056838106
1771416016527,1.9637569342374346,-1.292839388471298,1.4781432990014085
1771416016532,1.9809387145809476,-1.2864053167312381,1.5064128092960507
1771416016536,1.9686277767156077,-1.3094548576942469,1.469973910964809
1771416016541,1.955686319725995,-1.267531628646502,1.4893194927698197
1771416016545,1.95216871706496,-1.2360001970258703,1.5110480511350595
1771416016549,1.9506681888603787,-1.2489033792777942,1.4984481079638148
1771416016553,1.9710922022215434,-1.2819249615593533,1.49728850345871
1771416016558,1.9467826528969152,-1.2209339226190823,1.5163387003629274
1771416016562,1.9506881501457018,-1.2492023828867216,1.4982248381698244
1771416016567,1.9821008404489635,-1.3047218422561875,1.4921208583918757
1771416016571,1.9533122668384921,-1.2549989903110277,1.4967986992578628
1771416016575,1.9709828912891094,-1.2507853048819133,1.5232562748421017
1771416016579,1.9502707092821974,-1.2173516729369744,1.523683282011598
1771416016584,1.9696320698175638,-1.2627603422785527,1.5115842048732755
1771416016588,1.9512521705517785,-1.2820017691030117,1.4710052675295813
1771416016593,1.9698624688228357,-1.2950289171899618,1.4843376468036484
1771416016598,1.9736256174704772,-1.2925661238888242,1.4914660215072764
1771416016602,1.9794386837145155,-1.2989599353135066,1.4936132662224797
1771416016615,1.9694976789006435,-1.2642511496594608,1.5101622885570127
1771416016624,1.9569188646924685,-1.2931908866862187,1.4687371356308014
1771416016629,1.9545797831570573,-1.2837248255929214,1.473917467459665
1771416016636,1.961430802449678,-1.2430626944995062,1.517236280327496
1771416016641,1.9790731763541347,-1.303633159218704,1.489050443588096
1771416016645,1.9701255151884323,-1.2922858366434111,1.4870749348998271
1771416016649,1.9474499189890166,-1.2092510148562712,1.5265232294463802
1771416016654,1.981523601443206,-1.3149582157510964,1.4823362216127443
1771416016658,1.9710922022215434,-1.2819249615593533,1.49728850345871
1771416016663,1.968891076240535,-1.2301343080347158,1.5373033709374226
1771416016667,1.9617893961577508,-1.275163752393372,1.4908303188019243
1771416016670,1.9284595176195047,-1.1649530324978823,1.5368280785993078
1771416016675,1.9573263525095446,-1.2848245936814005,1.4766015758151358
1771416016679,1.9686568195759917,-1.2734553758791631,1.501306457358896
1771416016683,1.9790731763541347,-1.303633159218704,1.489050443588096
1771416016688,1.965415234428769,-1.273461443916058,1.4970480936108639
1771416016692,1.9603760347509296,-1.2514708995598762,1.5089382973404086
1771416016697,1.9677144284537056,-1.2834671305953527,1.49151339136671
1771416016701,1.9602942692961003,-1.2563764149556194,1.5047497885623369
1771416016705,1.9712563600877677,-1.2799239903666904,1.499215200053109
1771416016710,1.945382783547777,-1.2757958549303394,1.4686249048231006
1771416016713,1.9487576981173147,-1.2721560703152919,1.476236938547281
1771416016718,1.9639277228077403,-1.2860963271423629,1.4842399865667684
1771416016723,1.9453368360944259,-1.237481087366093,1.5009916602956537
1771416016726,1.964147241313711,-1.2481794178526961,1.516549546308714
1771416016731,1.9578348314763878,-1.2442971014135529,1.511569366835676
1771416016735,1.9667897360215003,-1.2543188058716703,1.5149079836597963
1771416016739,1.9843323803054735,-1.3194749853666374,1.482079875890803
1771416016744,1.946904928605732,-1.2555135639697228,1.4879934447830525
1771416016748,1.9648803106847261,-1.279911930253616,1.49083201136512
1771416016753,1.9466906294302602,-1.2218705540468329,1.5154658544041393
1771416016757,1.9707522889353217,-1.2898986236143573,1.4899752095728294
1771416016761,1.956552940366509,-1.2585532202085385,1.4980464613487625
1771416016765,1.9818716762913176,-1.2717430661330587,1.5200279323184307
1771416016770,1.9650342694428382,-1.2784728907377432,1.492268993088521
1771416016775,1.9865096255886843,-1.3349933493438326,1.4710585473611273
1771416016779,1.9701255151884323,-1.2922858366434111,1.4870749348998271
1771416016784,1.9835664976357332,-1.2925639708152112,1.5045977641526997
1771416016787,1.953415030181239,-1.2218516267869364,1.5241092094256528
1771416016792,1.9689343944167295,-1.3052047880854079,1.4741584415103075
1771416016796,1.9596433469679646,-1.3029564345311406,1.4637303634992698
1771416016801,1.9559419889228793,-1.2292096808271065,1.5214311106956213
1771416016805,1.9500124416910258,-1.220928685364679,1.5204873126742862
1771416016810,1.9500644620169647,-1.2554582971731776,1.4921715283708301
1771416016814,1.9674953381244558,-1.286184202530537,1.4888814938410486
1771416016818,1.9757348035960431,-1.304458267341626,1.4838856569509586
1771416016823,1.9557324148433777,-1.2273345162612586,1.522675035476333
1771416016826,1.9735430845060324,-1.2577430713606128,1.5208401207378628
1771416016830,1.961301519640311,-1.2444153304237193,1.5159598069704283
1771416016835,1.9574779527379196,-1.2477627252970322,1.5082467029018691
1771416016839,1.9601301065739583,-1.2928716916547494,1.4732931899711692
1771416016844,1.952521943243827,-1.2326066288016908,1.5142730392775212
1771416016849,1.967434970101696,-1.2866414700920161,1.4884065603921923
1771416016853,1.9632153426856325,-1.259247392535704,1.5061575236834612
1771416016857,1.9455252125420202,-1.3049197351425583,1.4430013296848165
1771416016861,1.9630915353721186,-1.2639968309054195,1.502012113037281
1771416016865,1.9633210570231243,-1.293013934288799,1.4774114317567058
1771416016870,1.9827494948473845,-1.301353989751525,1.4959188990969217
1771416016874,1.9846818198884055,-1.3179581823889008,1.4838962752395122
1771416016878,1.9760343974170875,-1.3012844192256163,1.487067853211871
1771416016882,1.953298814651068,-1.260653400028168,1.4920218712588253
1771416016887,1.9766962021262977,-1.2625308352642324,1.5209680356626594
1771416016891,1.957742447441433,-1.2494032221319258,1.50723159436111
1771416016896,1.9730338588344554,-1.2992243877411287,1.4848833618860002
1771416016900,1.9657678680234767,-1.2703354312337427,1.500163725433243
1771416016904,1.9747405974671588,-1.315610787802615,1.472673990502424
1771416016908,1.941695371046141,-1.239896569932209,1.4942681853711381
1771416016913,1.957017511637604,-1.2528386144873145,1.5034337188269211
1771416016917,1.9571906619741413,-1.290165302733563,1.4717570380131333
1771416016922,1.912649149445203,-1.1196656628922697,1.5506693948786996
1771416016927,1.9753060110562781,-1.3094438279441547,1.4789153791796283
1771416016931,1.9549978902609677,-1.240534238378519,1.5109902562013637
1771416016935,1.9657469265239966,-1.2663379185422323,1.503512306301703
1771416016939,1.9630915353721186,-1.2639968309054195,1.502012113037281
1771416016943,1.968499681019721,-1.3099708854260093,1.4693424629782332
1771416016948,1.9417173799883876,-1.2062546308622248,1.5215834348705317
1771416016952,1.9657851380086735,-1.2660705371916658,1.5037874197076482
1771416016957,1.952049699488978,-1.2371984366003073,1.509913261663982
1771416016961,1.9916362444199118,-1.3526660036680238,1.461817229549518
1771416016966,1.9392497768525843,-1.194759990305913,1.5274941121284273
1771416016970,1.9637569342374346,-1.292839388471298,1.4781432990014085
1771416016975,1.9893017344491593,-1.3390977627682445,1.471101142828567
1771416016979,1.9667897360215003,-1.2543188058716703,1.5149079836597963
1771416016983,1.9577802132767415,-1.280036262087637,1.4813542895737783
1771416016987,1.954851343409081,-1.2414710700292566,1.5100309126334803
1771416016991,1.955328419343122,-1.2722689265465121,1.4848033560155558
1771416016996,1.9753060110562781,-1.3094438279441547,1.4789153791796283
1771416017000,1.986517495552777,-1.2992418394313812,1.5027383015043696
1771416017005,1.9757348035960431,-1.304458267341626,1.4838856569509586
1771416017008,1.9625475846092535,-1.3015304473549916,1.4688810423119805
1771416017012,1.9742858331238728,-1.2857902318344787,1.4981815746406248
1771416017017,1.9574779527379196,-1.2477627252970322,1.5082467029018691
1771416017021,1.9721133791520835,-1.2698761163874828,1.508855801347264
1771416017025,1.9681490747316017,-1.2429238895754575,1.5260245689665275
1771416017029,1.982856156312523,-1.260246267752865,1.5308487453832424
1771416017033,1.961301519640311,-1.2444153304237193,1.5159598069704283
1771416017037,1.9638539418287615,-1.251448714396437,1.5134723056838106
1771416017041,1.953298814651068,-1.260653400028168,1.4920218712588253
1771416017045,1.9442991773678269,-1.1763601185184742,1.5480556070995672
1771416017049,1.9698317568099641,-1.224109466820736,1.5433059202170136
1771416017054,1.9793441657972026,-1.3006602885395402,1.4920074197173632
1771416017058,1.956552940366509,-1.2585532202085385,1.4980464613487625
1771416017062,1.9655374208830558,-1.3081973800493758,1.4669549985338894
1771416017066,1.9712563600877677,-1.2799239903666904,1.499215200053109
1771416017071,1.9793401814780132,-1.2688455143450972,1.519150622795429
1771416017075,1.938972433919201,-1.1972721533467594,1.525173265671466
1771416017079,1.9793401814780132,-1.2688455143450972,1.519150622795429
1771416017084,1.9512521705517785,-1.2820017691030117,1.4710052675295813
1771416017089,1.9594077960356175,-1.2661149806933993,1.49540354648132
1771416017093,1.9681490747316017,-1.2429238895754575,1.5260245689665275
1771416017097,1.9936226907894712,-1.2870999293593042,1.5224668157545915
1771416017102,1.9846861215445746,-1.3539643879760548,1.4511235085768108
1771416017106,1.9642907610767932,-1.2472697595204674,1.517483555442168
1771416017110,1.9479799963276665,-1.2031562683184145,1.5320055679072588
1771416017114,1.9537157325741181,-1.293246548123355,1.4644174710357187
1771416017119,1.974831421149116,-1.2798833474064069,1.503947392361052
1771416017123,1.9674953381244558,-1.286184202530537,1.4888814938410486
1771416017128,1.9618164071806794,-1.2392982438272748,1.5208101388174466
1771416017132,1.952521943243827,-1.2326066288016908,1.5142730392775212
1771416017137,1.9600693137341847,-1.2580926483698964,1.5030218237803528
1771416017142,1.9663733113605801,-1.2944162525711989,1.4802400361801824
1771416017146,1.974650622638082,-1.277808366833113,1.5054736328266456
1771416017151,1.9566133033443383,-1.2969355674610707,1.465023464890059
1771416017155,1.957742447441433,-1.2494032221319258,1.50723159436111
1771416017160,1.9683023256369303,-1.2816933319798829,1.4938126548754547
1771416017164,1.96307265837208,-1.2605323144238625,1.504896191217602
1771416017168,1.9786803179284507,-1.2714256313097307,1.5161308204129638
1771416017172,1.962300606531016,-1.2695295224369636,1.4963015946168634
1771416017176,1.9408263981903693,-1.2875319327676569,1.452263278478177
1771416017180,1.9577836352726405,-1.2803312085819467,1.4811038987432472
1771416017184,1.9559922722601506,-1.2284456567240802,1.5221126888693788
1771416017189,1.962098179170998,-1.236093738228012,1.523778702771385
1771416017193,1.9441290185669677,-1.2148781742024448,1.5177973061910128
1771416017197,1.9766962021262977,-1.2625308352642324,1.5209680356626594
1771416017201,1.9601301065739583,-1.2928716916547494,1.4732931899711692
1771416017206,1.9646511869347187,-1.2790157190900169,1.491299123799329
1771416017210,1.9690764458110446,-1.3036555565556422,1.4757182113498004
1771416017214,1.9603760347509296,-1.2514708995598762,1.5089382973404086
1771416017218,1.9656378900550144,-1.2351385237879682,1.5291059943230907
1771416017223,1.9577802132767415,-1.280036262087637,1.4813542895737783
1771416017227,1.9564231914086379,-1.2986097004775328,1.4632855325284988
1771416017231,1.9667600142922599,-1.2552880521314174,1.5140663327592363
1771416017236,1.9612285440989903,-1.24117478241389,1.51851985883902
1771416017240,1.9646511869347187,-1.2790157190900169,1.491299123799329
1771416017244,1.9687339716619732,-1.274937396568015,1.5001493545671707
1771416017249,1.9665473572708203,-1.2964664863705735,1.4786761505166661
1771416017253,1.9544153706420573,-1.2507852083203728,1.5017575715304026
1771416017257,1.961430802449678,-1.2430626944995062,1.517236280327496
1771416017262,1.9582812481566663,-1.278131205265139,1.4836596877348638
1771416017266,1.9669689510453232,-1.2566646232184233,1.5131955852194512
1771416017270,1.9633210570231243,-1.293013934288799,1.4774114317567058
1771416017274,1.9757304050125017,-1.3045937575822646,1.4837606818379612
1771416017278,1.9735620846513038,-1.2535154258945587,1.5243511337672773
1771416017283,1.9517824459843394,-1.2764143496809404,1.476557186288832
1771416017287,1.9892654163599033,-1.3395730615962531,1.4706192265067053
1771416017291,1.956191178462543,-1.2627180226550274,1.494063961802456
1771416017296,1.9536393146487814,-1.21565215426339,1.5293450923765175
1771416017300,1.946708006714724,-1.221809458294311,1.515537433067813
1771416017305,1.9411643107853165,-1.1719229904242776,1.5474867967067283
1771416017309,1.9648803106847261,-1.279911930253616,1.49083201136512
1771416017314,1.9408686957385712,-1.2124965026159111,1.515527474261726
1771416017318,1.9539981515623195,-1.251571884296518,1.500558760844581
1771416017322,1.9830046715904848,-1.333861239784273,1.4673519416114351
1771416017327,1.9716444419054446,-1.3104461962595013,1.4731301951985225
1771416017331,1.9712563600877677,-1.2799239903666904,1.499215200053109
1771416017336,1.9603760347509296,-1.2514708995598762,1.5089382973404086
1771416017340,1.9533122668384921,-1.2549989903110277,1.4967986992578628
1771416017344,1.9701738129843158,-1.2150533046338985,1.5508804983838698
1771416017349,1.972371494692663,-1.2717436214387026,1.5076198043293751
1771416017353,1.9427915238124294,-1.2268528266601162,1.5064099862632032
1771416017357,1.9696320698175638,-1.2627603422785527,1.5115842048732755
1771416017361,1.9630843291371483,-1.2631086958332869,1.502749648415923
1771416017366,1.9479276008257247,-1.244212825534172,1.4987849688447423
1771416017370,1.9657851380086735,-1.2660705371916658,1.5037874197076482
1771416017374,1.950656548757407,-1.2128652164007654,1.5277496319931754
1771416017379,1.9619920439567995,-1.2727437962019978,1.493163088808154
1771416017382,1.964147241313711,-1.2481794178526961,1.516549546308714
1771416017386,1.9677132219905307,-1.285965213168227,1.489358517791318
1771416017390,1.958617118158766,-1.2347058968972613,1.5204217716514319
1771416017395,1.9317158843766296,-1.199569188781981,1.5141202129546794
1771416017399,1.957431892789951,-1.252088021771861,1.5045980196207482
1771416017404,1.9630915353721186,-1.2639968309054195,1.502012113037281
1771416017408,1.9787728037778856,-1.3099227802595936,1.4831197250147983
1771416017412,1.9444190083933652,-1.2480940930758677,1.4909816950689116
1771416017416,1.9793441657972026,-1.3006602885395402,1.4920074197173632
1771416017420,1.9638539418287615,-1.251448714396437,1.5134723056838106
1771416017425,1.9574779527379196,-1.2477627252970322,1.5082467029018691
1771416017429,1.9848295284111321,-1.3135074253735632,1.4880344419203713
1771416017433,1.9588299813413637,-1.268758131752433,1.4924033298387815
1771416017438,1.9864098213165415,-1.3358502593579233,1.4701455923806266
1771416017442,1.9674953381244558,-1.286184202530537,1.4888814938410486
1771416017446,1.9700018609386678,-1.2585345705879787,1.5155850575724037
1771416017451,1.9684506605900973,-1.3111894854232375,1.4681894075674078
1771416017455,1.9712563600877677,-1.2799239903666904,1.499215200053109
1771416017459,1.9710922022215434,-1.2819249615593533,1.49728850345871
1771416017464,1.9794386837145155,-1.2989599353135066,1.4936132662224797
1771416017469,1.9365298163820173,-1.2215790459771616,1.5026284850774316
1771416017473,1.9714452390275479,-1.2780828444006287,1.5010331686319207
1771416017478,1.9642907610767932,-1.2472697595204674,1.517483555442168
1771416017482,1.9734047363265785,-1.294969499086516,1.489087052455897
1771416017486,1.9812560297389648,-1.2830101209662856,1.5097219892665943
1771416017490,1.9552852376259746,-1.2006209225266953,1.5432594599966694
1771416017495,1.9686568195759917,-1.2734553758791631,1.501306457358896
1771416017499,1.9724183786752638,-1.2667665316714893,1.5118653428043591
1771416017503,1.979642543410882,-1.3317291660767423,1.4647464039562788
1771416017507,1.9669689510453232,-1.2566646232184233,1.5131955852194512
1771416017512,1.9500124416910258,-1.220928685364679,1.5204873126742862
1771416017516,1.9665368645633068,-1.261592775119429,1.5085260718505793
1771416017521,1.9780645971290118,-1.3143490414232992,1.4782510435392273
1771416017525,1.9612285440989903,-1.24117478241389,1.51851985883902
1771416017529,1.9794386837145155,-1.2989599353135066,1.4936132662224797
1771416017533,1.96307265837208,-1.2605323144238625,1.504896191217602
1771416017537,1.9674953381244558,-1.286184202530537,1.4888814938410486
1771416017542,1.9780361505831876,-1.279362801420926,1.5085946557489704
1771416017546,1.982848728842389,-1.300289332377964,1.496975862723226
1771416017551,1.9866209509140722,-1.2938547548303838,1.5075153982674738
1771416017555,1.994361823170409,-1.3245616535534765,1.4909780372813268
1771416017560,1.951950276176992,-1.2342963793558985,1.512158169166293
1771416017564,1.968499681019721,-1.3099708854260093,1.4693424629782332
1771416017568,1.9732144727878733,-1.2574390085041685,1.520665149042214
1771416017572,1.9718846091245772,-1.3079530916909703,1.475665145498266
1771416017577,1.9766962021262977,-1.2625308352642324,1.5209680356626594
1771416017581,1.9421028899627355,-1.198644259446241,1.5280757751165948
1771416017585,1.961364101040406,-1.2029336976814908,1.5491609522036032
1771416017589,1.9604140388297753,-1.2545701940266434,1.5064119064521568
1771416017593,1.9845391930185,-1.2860437217871343,1.5114520681379262
1771416017597,1.963365821737625,-1.221444046715398,1.5371661558566052
1771416017602,1.956191178462543,-1.2627180226550274,1.494063961802456
1771416017606,1.9686277767156077,-1.3094548576942469,1.469973910964809
1771416017610,1.9529873883827171,-1.2582633148448932,1.4936308679514787
1771416017615,1.9437371520083409,-1.2550193083177268,1.4842643470242052
1771416017619,1.9734047363265785,-1.294969499086516,1.489087052455897
1771416017624,1.9577802132767415,-1.280036262087637,1.4813542895737783
1771416017628,1.9523063822013853,-1.2663008899655062,1.4859280823972703
1771416017632,1.974650261504619,-1.2809598864203242,1.5027925421169386
1771416017636,1.9531512152055703,-1.2205343667998405,1.5248263930426667
1771416017641,1.9707522889353217,-1.2898986236143573,1.4899752095728294
1771416017645,1.9806344000310754,-1.2899823621702087,1.5029498101654049
1771416017650,1.9715542564425075,-1.2767963604931978,1.5022706946246047
1771416017654,1.974831421149116,-1.2798833474064069,1.503947392361052
1771416017658,1.9650342694428382,-1.2784728907377432,1.492268993088521
1771416017663,1.9628469259954795,-1.2634808389504424,1.5021265674020248
1771416017667,1.9525131744195758,-1.2286124847456408,1.5175042202936873
1771416017671,1.9800075725820645,-1.2972318782392254,1.4958674545434336
1771416017676,1.9620704706947918,-1.3113093969867775,1.4595164258570903
1771416017679,1.9677132219905307,-1.285965213168227,1.489358517791318
1771416017684,1.981691711967731,-1.2781381327627042,1.514419015616043
1771416017689,1.954851343409081,-1.2414710700292566,1.5100309126334803
1771416017693,1.9497359467606865,-1.2595332088399405,1.488303180780097
1771416017698,1.9934211353422466,-1.32894734975648,1.4858084548165684
1771416017702,1.9414035887250403,-1.2059491011727301,1.52142520673714
1771416017707,1.9576564490819919,-1.2500629177292517,1.5065727577354315
1771416017710,1.9728558847660196,-1.2661596312391192,1.5129441927170781
1771416017715,1.968985848265413,-1.265172514215898,1.5087225655971648
1771416017719,1.9661951871091063,-1.3011209453455732,1.4741125463797042
1771416017724,1.972228308790628,-1.272828775498213,1.5065163159617159
1771416017728,1.9800811396052191,-1.3276455636996647,1.4690400187227382
1771416017733,1.9648803106847261,-1.279911930253616,1.49083201136512
1771416017737,1.9507205837986321,-1.2481604564165558,1.4991351743901185
1771416017742,1.9253148519282683,-1.2002656966603866,1.5053901608805362
1771416017745,1.986517495552777,-1.2992418394313812,1.5027383015043696
1771416017750,1.9737033399773365,-1.2916713145343186,1.4923438241393565
1771416017754,1.9630843291371483,-1.2631086958332869,1.502749648415923
1771416017759,1.9757304050125017,-1.3045937575822646,1.4837606818379612
1771416017762,1.9882797839938817,-1.280201209115047,1.5212959487289541
1771416017767,1.9476815948500557,-1.286391606409689,1.4624158881372824
1771416017770,1.9677144284537056,-1.2834671305953527,1.49151339136671
1771416017774,1.962454605555079,-1.306077476938758,1.4647148879893412
1771416017778,1.9793507625838476,-1.3037201143262445,1.489343246146577
1771416017783,1.9652308741377325,-1.2397458295293664,1.5248484078191835
1771416017788,1.9683023256369303,-1.2816933319798829,1.4938126548754547
1771416017791,1.9245570987631557,-1.1317667315162592,1.5566065950755377
1771416017796,1.9767628428027761,-1.293630160274748,1.4946947330854026
1771416017800,1.9798205215334872,-1.294428290642098,1.4980469611699445
1771416017804,1.9559419889228793,-1.2292096808271065,1.5214311106956213
1771416017809,1.9624798958432472,-1.2667610130774598,1.4988808749650155
1771416017814,1.9625475846092535,-1.3015304473549916,1.4688810423119805
1771416017818,1.9801468280743761,-1.2908988785928,1.5015197454515423
1771416017821,1.9667897360215003,-1.2543188058716703,1.5149079836597963
1771416017825,1.9744385461541174,-1.2474443027689681,1.5304542737463371
1771416017829,1.9683023256369303,-1.2816933319798829,1.4938126548754547
1771416017834,1.9737445259427133,-1.2557068520466894,1.5227828983186737
1771416017838,1.9585910864955958,-1.275530109947399,1.4863048081458843
1771416017842,1.9451821285029953,-1.2388695987363976,1.4996451681561744
1771416017846,1.9667897360215003,-1.2543188058716703,1.5149079836597963
1771416017851,1.964040556246841,-1.2496296218403558,1.5152165240656301
1771416017855,1.976792560683086,-1.2930223689067883,1.4952598374458768
1771416017859,1.9601301065739583,-1.2928716916547494,1.4732931899711692
1771416017864,1.9638539418287615,-1.251448714396437,1.5134723056838106
1771416017868,1.956552940366509,-1.2585532202085385,1.4980464613487625
1771416017872,1.9798205215334872,-1.294428290642098,1.4980469611699445
1771416017876,1.9701255151884323,-1.2922858366434111,1.4870749348998271
1771416017880,1.974831421149116,-1.2798833474064069,1.503947392361052
1771416017884,1.965415234428769,-1.273461443916058,1.4970480936108639
1771416017889,1.952521943243827,-1.2326066288016908,1.5142730392775212
1771416017893,1.96307265837208,-1.2605323144238625,1.504896191217602
1771416017898,1.9477301438874772,-1.2459197412368,1.497109452179218
1771416017902,1.95837983997875,-1.2772389034177685,1.484557975032087
1771416017906,1.9630915353721186,-1.2639968309054195,1.502012113037281
1771416017911,1.9597670714712123,-1.2616385822386362,1.499651646959965
1771416017915,1.979454013278108,-1.3025170364330785,1.4905326432132904
1771416017920,1.9742858331238728,-1.2857902318344787,1.4981815746406248
1771416017924,1.9783397086555015,-1.3157527393911201,1.4773702080480362
1771416017928,1.9588441496477058,-1.2362725374656425,1.51944088918171
1771416017933,1.9594077960356175,-1.2661149806933993,1.49540354648132
1771416017937,1.9533253138845508,-1.258500960262777,1.4938725229683578
1771416017941,1.9165157615743054,-1.1922758711464518,1.5005035526264872
1771416017945,1.9605867748776855,-1.2883398804913595,1.4778636114881487
1771416017950,1.9652386539678364,-1.310712618367911,1.4643071396057756
1771416017954,1.9721133791520835,-1.2698761163874828,1.508855801347264
1771416017959,1.974831421149116,-1.2798833474064069,1.503947392361052
1771416017963,1.9765127959473043,-1.2601991047737153,1.5226624868535235
1771416017967,1.9794278214389192,-1.299151802412787,1.4934319852521014
1771416017972,1.974650622638082,-1.277808366833113,1.5054736328266456
1771416017976,1.9653965335896457,-1.2337773305281803,1.5298944515622483
1771416017980,1.9687370020939392,-1.2726060508915609,1.5021315597004203
1771416017984,1.9552852376259746,-1.2006209225266953,1.5432594599966694
1771416017989,1.9477301438874772,-1.2459197412368,1.497109452179218
1771416017993,1.956552940366509,-1.2585532202085385,1.4980464613487625
1771416017997,1.9477483066286891,-1.2419463927880234,1.5004308126054138
1771416018001,1.9744973455189154,-1.31493078788977,1.4729551216927255
1771416018006,1.9677144284537056,-1.2834671305953527,1.49151339136671
1771416018010,1.9479276008257247,-1.244212825534172,1.4987849688447423
1771416018014,1.9657469265239966,-1.2663379185422323,1.503512306301703
1771416018019,1.9966045199226308,-1.3331873991953966,1.4862842822293767
1771416018023,1.9677132219905307,-1.285965213168227,1.489358517791318
1771416018027,1.9578348314763878,-1.2442971014135529,1.511569366835676
1771416018036,1.9596545002540176,-1.2228833764709979,1.5312746350399444
1771416018049,1.9735620846513038,-1.2535154258945587,1.5243511337672773
1771416018054,1.953298814651068,-1.260653400028168,1.4920218712588253
1771416018062,1.954851343409081,-1.2414710700292566,1.5100309126334803
1771416018067,1.9521255105232966,-1.2369944193320004,1.5101784051486529
1771416018071,1.970922144982092,-1.2473353612546811,1.5260041278268104
1771416018075,1.960245537865576,-1.2199765608825899,1.5343466882093468
1771416018080,1.952716969877091,-1.1936131373911985,1.5454420864895286
1771416018084,1.9451821285029953,-1.2388695987363976,1.4996451681561744
1771416018088,1.9612285440989903,-1.24117478241389,1.51851985883902
1771416018093,1.9456431714936,-1.1940919661422749,1.5361223021537542
1771416018097,1.9507307134848246,-1.2910732306621906,1.462354344747027
1771416018101,1.95626840463774,-1.2615884150206376,1.4951189725468688
1771416018106,1.9630915353721186,-1.2639968309054195,1.502012113037281
1771416018110,1.9757304050125017,-1.3045937575822646,1.4837606818379612
1771416018115,1.9661951871091063,-1.3011209453455732,1.4741125463797042
1771416018119,1.9657851380086735,-1.2660705371916658,1.5037874197076482
1771416018123,1.9632153426856325,-1.259247392535704,1.5061575236834612
1771416018127,1.9490584448307664,-1.2704015079981454,1.4781437108218416
1771416018132,1.937841456699459,-1.2498379395650752,1.480923575383554
1771416018137,1.978814742753186,-1.2302442939648641,1.549905404630957
1771416018141,1.9632153426856325,-1.259247392535704,1.5061575236834612
1771416018145,1.9646248141424199,-1.2434811333123632,1.5210211475980004
1771416018150,1.9594077960356175,-1.2661149806933993,1.49540354648132
1771416018154,1.9487576981173147,-1.2721560703152919,1.476236938547281
1771416018159,1.9801468280743761,-1.2908988785928,1.5015197454515423
1771416018163,1.952716969877091,-1.1936131373911985,1.5454420864895286
1771416018167,1.9655738931914994,-1.272636583292922,1.497957561635344
1771416018172,1.9418277219442217,-1.2374131241285924,1.4964971306171633
1771416018176,1.9525131744195758,-1.2286124847456408,1.5175042202936873
1771416018181,1.950417270923006,-1.2553839997297938,1.4926950605991742
1771416018186,1.9571067929978303,-1.215664262768086,1.5337624977247222
1771416018190,1.9605867748776855,-1.2883398804913595,1.4778636114881487
1771416018194,1.9445264354919363,-1.170075636174451,1.5530956390248247
1771416018199,1.9630915353721186,-1.2639968309054195,1.502012113037281
1771416018203,1.9352121088686804,-1.1639522841294252,1.5460468901627336
1771416018207,1.9772861866863205,-1.2880732069877694,1.5001760155064383
1771416018212,1.9631127216123165,-1.2645399904293162,1.501582555293295
1771416018216,1.953121673700572,-1.2209261305544048,1.5244748787724816
1771416018220,1.9583908295829429,-1.2795586375449104,1.4825735511193971
1771416018225,1.9352121088686804,-1.1639522841294252,1.5460468901627336
1771416018229,1.962300606531016,-1.2695295224369636,1.4963015946168634
1771416018234,1.9545140819528248,-1.2090001407327347,1.5357226169657467
1771416018239,1.9707522889353217,-1.2898986236143573,1.4899752095728294
1771416018243,1.9545930845936452,-1.2443227456179429,1.5073470174711348
1771416018248,1.9539981515623195,-1.251571884296518,1.500558760844581
1771416018251,1.9588441496477058,-1.2362725374656425,1.51944088918171
1771416018256,1.9766372040780538,-1.259484714700536,1.5234148778258718
1771416018261,1.954513932386136,-1.2457824454276807,1.5060381172320125
1771416018265,1.955236053037548,-1.2012029135470577,1.5427441730837648
1771416018268,1.9479276008257247,-1.244212825534172,1.4987849688447423
1771416018273,1.9492439644291044,-1.1925450627174916,1.5418781749059896
1771416018276,1.9602383887498076,-1.2570811200916687,1.5040882946946692
1771416018281,1.956552940366509,-1.2585532202085385,1.4980464613487625
1771416018284,1.9674474845383851,-1.2514959754438455,1.5180933528160503
1771416018289,1.9571067929978303,-1.215664262768086,1.5337624977247222
1771416018293,1.9730663227066056,-1.2988624355816993,1.4852431071153784
1771416018297,1.9467826528969152,-1.2209339226190823,1.5163387003629274
1771416018302,1.9491082810635663,-1.1948776737069675,1.5398994889885493
1771416018306,1.9470201575859352,-1.2545416930071533,1.4889636108893678
1771416018310,1.9594077960356175,-1.2661149806933993,1.49540354648132
1771416018315,1.9442887646453142,-1.2131007517753027,1.519422708257382
1771416018318,1.962300606531016,-1.2695295224369636,1.4963015946168634
1771416018323,1.9533253138845508,-1.258500960262777,1.4938725229683578
1771416018328,1.9364040017525428,-1.1905486690353464,1.5271720023171675
1771416018332,1.9490584448307664,-1.2704015079981454,1.4781437108218416
1771416018337,1.966374289333682,-1.2942755283952474,1.4803643816134413
1771416018342,1.9424961512740746,-1.2685988094065224,1.4710364912152747
1771416018346,1.9545930845936452,-1.2443227456179429,1.5073470174711348
1771416018350,1.9604140388297753,-1.2545701940266434,1.5064119064521568
1771416018354,1.931808103613085,-1.202412088131236,1.511981388609352
1771416018358,1.943922646256837,-1.2131716648981485,1.518897549579444
1771416018362,1.9584762572806558,-1.2364694797822584,1.5188062667434044
1771416018366,1.9571067929978303,-1.215664262768086,1.5337624977247222
1771416018370,1.9790731763541347,-1.303633159218704,1.489050443588096
1771416018374,1.9531512152055703,-1.2205343667998405,1.5248263930426667
1771416018378,1.9496052043136367,-1.2289893017069904,1.5134549048374655
1771416018382,1.9677132219905307,-1.285965213168227,1.489358517791318
1771416018386,1.9495151230908514,-1.2299649372392392,1.5125460218856193
1771416018391,1.9602942692961003,-1.2563764149556194,1.5047497885623369
1771416018395,1.9464434391867136,-1.1841674134472626,1.5447943548843714
1771416018400,1.95216871706496,-1.2360001970258703,1.5110480511350595
1771416018404,1.917714838511923,-1.1748692703973407,1.5156887541064725
1771416018408,1.9602942692961003,-1.2563764149556194,1.5047497885623369
1771416018412,1.9757304050125017,-1.3045937575822646,1.4837606818379612
1771416018417,1.9735620846513038,-1.2535154258945587,1.5243511337672773
1771416018421,1.9598343162912129,-1.2615348426583148,1.499826786022875
1771416018426,1.952049699488978,-1.2371984366003073,1.509913261663982
1771416018430,1.9362046336247822,-1.1518638640158507,1.5563091023458517
1771416018434,1.9681490747316017,-1.2429238895754575,1.5260245689665275
1771416018438,1.9539981515623195,-1.251571884296518,1.500558760844581
1771416018442,1.9495151230908514,-1.2299649372392392,1.5125460218856193
1771416018447,1.9467736442736912,-1.220892549476973,1.5163604468167473
1771416018451,1.9654415681802497,-1.3053774280775925,1.4693366966751935
1771416018455,1.9338677162320659,-1.1796239098789918,1.5324267601182207
1771416018460,1.9533122668384921,-1.2549989903110277,1.4967986992578628
1771416018464,1.9559419889228793,-1.2292096808271065,1.5214311106956213
1771416018468,1.954851343409081,-1.2414710700292566,1.5100309126334803
1771416018472,1.9630771428666534,-1.2280716435832029,1.531506417574655
1771416018477,1.9413633971461766,-1.2061426058464724,1.5212205146331759
1771416018482,1.967434970101696,-1.2866414700920161,1.4884065603921923
1771416018487,1.9442887646453142,-1.2131007517753027,1.519422708257382
1771416018492,1.9513310799922081,-1.2814133223305793,1.4716225334973858
1771416018496,1.9467736442736912,-1.220892549476973,1.5163604468167473
1771416018500,1.957431892789951,-1.252088021771861,1.5045980196207482
1771416018504,1.9598424190756272,-1.224737159295645,1.5300330709656702
1771416018508,1.9396617653672021,-1.2215235826920126,1.5067076361904723
1771416018513,1.955686319725995,-1.267531628646502,1.4893194927698197
1771416018517,1.9497328199479227,-1.227829334417885,1.514560396526006
1771416018522,1.9718846091245772,-1.3079530916909703,1.475665145498266
1771416018527,1.9450675145216716,-1.2040975259268871,1.5275590934900891
1771416018531,1.9453176694369128,-1.1975016959276554,1.5330526811802165
1771416018535,1.9543187974156135,-1.21206854543868,1.533053098587969
1771416018539,1.9648803106847261,-1.279911930253616,1.49083201136512
1771416018543,1.9921395363278744,-1.3466096642934815,1.4680811776710563
1771416018547,1.9557324148433777,-1.2273345162612586,1.522675035476333
1771416018552,1.964250324549959,-1.3176020148719387,1.456778729903765
1771416018556,1.9524919578330275,-1.195710777854242,1.54353509228843
1771416018560,1.9502707092821974,-1.2173516729369744,1.523683282011598
1771416018564,1.9367006430437772,-1.2189853090498213,1.504953220896547
1771416018569,1.958617118158766,-1.2347058968972613,1.5204217716514319
1771416018573,1.942363783264886,-1.2308844029578507,1.502564691816687
1771416018577,1.9657469265239966,-1.2663379185422323,1.503512306301703
1771416018582,1.9370443681378586,-1.2152994065225236,1.5083727114478696
1771416018586,1.951456924930593,-1.2444248691133282,1.503193558724838
1771416018590,1.9632364631139672,-1.2940284064971255,1.4764104758767966
1771416018595,1.9442651030455131,-1.2134434775302836,1.519118730632926
1771416018598,1.955328419343122,-1.2722689265465121,1.4848033560155558
1771416018603,1.9865686120639814,-1.2987154747627272,1.5032607777926084
1771416018608,1.9628469259954795,-1.2634808389504424,1.5021265674020248
1771416018611,1.9408686957385712,-1.2124965026159111,1.515527474261726
1771416018616,1.9596545002540176,-1.2228833764709979,1.5312746350399444
1771416018620,1.9413633971461766,-1.2061426058464724,1.5212205146331759
1771416018624,1.943604854516505,-1.257095646119184,1.4823327450367934
1771416018628,1.946767608785998,-1.1845010076173403,1.5449470818030817
1771416018633,1.9775631305221595,-1.3200939850977638,1.472449593605604
1771416018637,1.9682967873415242,-1.2409995936711704,1.527780171218018
1771416018642,1.9707522889353217,-1.2898986236143573,1.4899752095728294
1771416018646,1.9418204888413497,-1.2016982286569533,1.52531576341648
1771416018649,1.9533583268981503,-1.2189804907009898,1.5263339466030084
1771416018654,1.9800742888162706,-1.2563740456671924,1.5304308042525512
1771416018658,1.9517563825052717,-1.2001226722058633,1.5391746321673583
1771416018663,1.952867188516892,-1.2642609133274048,1.4884000131075068
1771416018667,1.9619920439567995,-1.2727437962019978,1.493163088808154
1771416018672,1.9517572885278134,-1.2765318434512716,1.47642235352095
1771416018677,1.9398412787368515,-1.223547307655644,1.5052960415214172
1771416018682,1.960245537865576,-1.2199765608825899,1.5343466882093468
1771416018686,1.9343232244099682,-1.1738559257062702,1.5374227142123442
1771416018691,1.9341036672524863,-1.1805789580645307,1.5319890076155191
1771416018695,1.9630915353721186,-1.2639968309054195,1.502012113037281
1771416018699,1.943922646256837,-1.2131716648981485,1.518897549579444
1771416018704,1.9861008422670432,-1.2995489247753274,1.5019218181280773
1771416018708,1.9667600142922599,-1.2552880521314174,1.5140663327592363
1771416018712,1.942309376271017,-1.1960447914043393,1.530373343372413
1771416018717,1.9443552424362902,-1.244698577959684,1.4937345007780416
1771416018721,1.930601340876013,-1.216232090865598,1.4993335314535439
1771416018725,1.9701255151884323,-1.2922858366434111,1.4870749348998271
1771416018729,1.962387203538054,-1.2319381264471583,1.5275116985528359
1771416018733,1.9707522889353217,-1.2898986236143573,1.4899752095728294
1771416018737,1.934755401401648,-1.2447933899158823,1.4811373601643363
1771416018742,1.9669689510453232,-1.2566646232184233,1.5131955852194512
1771416018746,1.9442887646453142,-1.2131007517753027,1.519422708257382
1771416018750,1.968219784348957,-1.2419838730648076,1.5268808658666184
1771416018754,1.9885143594006418,-1.2362362182511477,1.5575331040548208
1771416018759,1.9574779527379196,-1.2477627252970322,1.5082467029018691
1771416018763,1.9550437667369804,-1.2435261518401028,1.5085883598738479
1771416018767,1.964147241313711,-1.2481794178526961,1.516549546308714
1771416018772,1.9686568195759917,-1.2734553758791631,1.501306457358896
1771416018776,1.9636362059636816,-1.2893736087651257,1.4810073755358002
1771416018780,1.956191178462543,-1.2627180226550274,1.494063961802456
1771416018784,1.952867188516892,-1.2642609133274048,1.4884000131075068
1771416018788,1.9487576981173147,-1.2721560703152919,1.476236938547281
1771416018792,1.9612285440989903,-1.24117478241389,1.51851985883902
1771416018797,1.9624954620131334,-1.2307997694624222,1.52856807696399
1771416018801,1.964147241313711,-1.2481794178526961,1.516549546308714
1771416018806,1.936002915075818,-1.190906501390794,1.5263842871725337
1771416018810,1.9687370020939392,-1.2726060508915609,1.5021315597004203
1771416018816,1.9736256174704772,-1.2925661238888242,1.4914660215072764
1771416018819,1.9452677232551483,-1.2347409773130296,1.5031570889572163
1771416018824,1.939632264347181,-1.1929811351102269,1.5293689326541478
1771416018828,1.9439675874638704,-1.248750771626242,1.4898427740781797
1771416018832,1.9630843291371483,-1.2631086958332869,1.502749648415923
1771416018837,1.9523063822013853,-1.2663008899655062,1.4859280823972703
1771416018841,1.9604140388297753,-1.2545701940266434,1.5064119064521568
1771416018846,1.9450675145216716,-1.2040975259268871,1.5275590934900891
1771416018850,1.9484976560888247,-1.2018417676623916,1.5336947158042182
1771416018854,1.9552769891616903,-1.2722756212015882,1.4847298906000774
1771416018859,1.9396094842446927,-1.1859291396509193,1.5348149813898722
1771416018863,1.9483464573106766,-1.2036839897013654,1.5320570389680885
1771416018868,1.9466906294302602,-1.2218705540468329,1.5154658544041393
1771416018873,1.9736256174704772,-1.2925661238888242,1.4914660215072764
1771416018877,1.952049699488978,-1.2371984366003073,1.509913261663982
1771416018882,1.9738849944021113,-1.3248324903742605,1.4632295935958095
1771416018886,1.9646248141424199,-1.2434811333123632,1.5210211475980004
1771416018891,1.9531147731956902,-1.1843594056777131,1.5530454325157348
1771416018896,1.9527801324133764,-1.260532030484831,1.49144535457059
1771416018900,1.9288739630441287,-1.1956595061065338,1.513589478942901
1771416018904,1.9443617320565123,-1.2129777247888855,1.5196142879861911
1771416018909,1.964147241313711,-1.2481794178526961,1.516549546308714
1771416018913,1.9545930845936452,-1.2443227456179429,1.5073470174711348
1771416018918,1.9667897360215003,-1.2543188058716703,1.5149079836597963
1771416018922,1.965557001826174,-1.1950009882993091,1.5605726402162678
1771416018927,1.9588441496477058,-1.2362725374656425,1.51944088918171
1771416018931,1.9413633971461766,-1.2061426058464724,1.5212205146331759
1771416018935,1.9582812481566663,-1.278131205265139,1.4836596877348638
1771416018939,1.9557324148433777,-1.2273345162612586,1.522675035476333
1771416018944,1.956552940366509,-1.2585532202085385,1.4980464613487625
1771416018948,1.9371676942830847,-1.2145370652797167,1.50914492108471
1771416018952,1.9403140541101205,-1.2189634899062258,1.5096180440273248
1771416018957,1.937106269455014,-1.1782503259786328,1.53756524040223
1771416018961,1.9364095607517553,-1.1868762508186497,1.53003488594655
1771416018965,1.9775631305221595,-1.3200939850977638,1.472449593605604
1771416018969,1.961301519640311,-1.2444153304237193,1.5159598069704283
1771416018974,1.952010536610777,-1.2012947730736308,1.5385824655264557
1771416018978,1.9709828912891094,-1.2507853048819133,1.5232562748421017
1771416018982,1.9610411712455182,-1.2836996120787987,1.4824971437641072
1771416018986,1.9577802132767415,-1.280036262087637,1.4813542895737783
1771416018990,1.957431892789951,-1.252088021771861,1.5045980196207482
1771416018994,1.9767628428027761,-1.293630160274748,1.4946947330854026
1771416018998,1.9533122668384921,-1.2549989903110277,1.4967986992578628
1771416019003,1.951456924930593,-1.2444248691133282,1.503193558724838
1771416019007,1.9585910864955958,-1.275530109947399,1.4863048081458843
1771416019012,1.9369370815968021,-1.2204082977828041,1.5041040006487634
1771416019017,1.9689343944167295,-1.3052047880854079,1.4741584415103075
1771416019021,1.9411643107853165,-1.1719229904242776,1.5474867967067283
1771416019025,1.9424078863165197,-1.2310757089390634,1.5024649731973097
1771416019029,1.957431892789951,-1.252088021771861,1.5045980196207482
1771416019033,1.9331175053417378,-1.223638435324019,1.4965467814460227
1771416019038,1.9585910864955958,-1.275530109947399,1.4863048081458843
1771416019042,1.964147241313711,-1.2481794178526961,1.516549546308714
1771416019047,1.960245537865576,-1.2199765608825899,1.5343466882093468
1771416019051,1.9553068232202795,-1.2369586007359183,1.5143177318506247
1771416019055,1.9545930845936452,-1.2443227456179429,1.5073470174711348
1771416019060,1.94466804702677,-1.279917243267413,1.4640852651104914
1771416019065,1.954941833348146,-1.2759629936141006,1.4811198502153544
1771416019070,1.9506153208503783,-1.2135640463710904,1.5271419172073204
1771416019074,1.9686568195759917,-1.2734553758791631,1.501306457358896
1771416019078,1.9648803106847261,-1.279911930253616,1.49083201136512
1771416019083,1.9451363358144604,-1.235519038021104,1.5023475202472665
1771416019087,1.9605867748776855,-1.2883398804913595,1.4778636114881487
1771416019091,1.9484861395593618,-1.2731627788513196,1.4750100930510714
1771416019095,1.9539981515623195,-1.251571884296518,1.500558760844581
1771416019100,1.9569976012488466,-1.2571440848254776,1.4998094416565233
1771416019104,1.9588299813413637,-1.268758131752433,1.4924033298387815
1771416019108,1.9474499189890166,-1.2092510148562712,1.5265232294463802
1771416019112,1.9690191405153843,-1.232758013223627,1.535364470263943
1771416019116,1.9387190395823233,-1.2361800632342241,1.4934826298625759
1771416019121,1.93709306842809,-1.214629774228599,1.5089745085022264
1771416019125,1.9452677232551483,-1.2347409773130296,1.5031570889572163
1771416019130,1.9586257031513155,-1.235350088768246,1.5199094720493294
1771416019134,1.9441290185669677,-1.2148781742024448,1.5177973061910128
1771416019139,2.0074787000586474,-1.3224841665704732,1.510300089505247
1771416019142,1.9449201226840678,-1.201867023107538,1.529127183195706
1771416019147,1.9550437667369804,-1.2435261518401028,1.5085883598738479
1771416019151,1.9584762572806558,-1.2364694797822584,1.5188062667434044
1771416019155,1.9477301438874772,-1.2459197412368,1.497109452179218
1771416019159,1.9549661912798626,-1.203746792938909,1.5404176276375778
1771416019164,1.957431892789951,-1.252088021771861,1.5045980196207482
1771416019168,1.9533253138845508,-1.258500960262777,1.4938725229683578
1771416019173,1.9466906294302602,-1.2218705540468329,1.5154658544041393
1771416019177,1.952049699488978,-1.2371984366003073,1.509913261663982
1771416019181,1.9735430845060324,-1.2577430713606128,1.5208401207378628
1771416019185,1.9735620846513038,-1.2535154258945587,1.5243511337672773
1771416019190,1.9584762572806558,-1.2364694797822584,1.5188062667434044
1771416019194,1.9440240767482033,-1.2518001604289608,1.4873553608088192
1771416019199,1.965415234428769,-1.273461443916058,1.4970480936108639
1771416019203,1.9573263525095446,-1.2848245936814005,1.4766015758151358
1771416019208,1.9738704604912796,-1.286223351294709,1.4972621966056123
1771416019212,1.968499681019721,-1.3099708854260093,1.4693424629782332
1771416019216,1.954851343409081,-1.2414710700292566,1.5100309126334803
1771416019220,1.9484861395593618,-1.2731627788513196,1.4750100930510714
1771416019225,1.9709828912891094,-1.2507853048819133,1.5232562748421017
1771416019230,1.9641550534367545,-1.2114249643367871,1.5460771745688358
1771416019234,1.9484976560888247,-1.2018417676623916,1.5336947158042182
1771416019238,1.974831421149116,-1.2798833474064069,1.503947392361052
1771416019243,1.9337339770038524,-1.1437901787894154,1.55918925109302
1771416019247,1.968985848265413,-1.265172514215898,1.5087225655971648
1771416019251,1.9602942692961003,-1.2563764149556194,1.5047497885623369
1771416019255,1.9493547144156986,-1.2276735624202741,1.5141999295829542
1771416019260,1.957135204142838,-1.2868906000101015,1.4745476563681723
1771416019264,1.9452677232551483,-1.2347409773130296,1.5031570889572163
1771416019269,1.9553068232202795,-1.2369586007359183,1.5143177318506247
1771416019273,1.9662130774585866,-1.3000632381810153,1.475069300981977
1771416019277,1.9493591804211732,-1.2283544610817447,1.5136533725502959
1771416019282,1.9686277767156077,-1.3094548576942469,1.469973910964809
1771416019286,1.9632153426856325,-1.259247392535704,1.5061575236834612
1771416019290,1.9638539418287615,-1.251448714396437,1.5134723056838106
1771416019295,1.9511659778357175,-1.170459741653294,1.5611126372662916
1771416019299,1.9585442374325208,-1.2355964668402366,1.5196041922527257
1771416019303,1.9459010553934135,-1.2665876252531652,1.4772564790640617
1771416019307,1.9477483066286891,-1.2419463927880234,1.5004308126054138
1771416019312,1.9624798958432472,-1.2667610130774598,1.4988808749650155
1771416019316,1.9712563600877677,-1.2799239903666904,1.499215200053109
1771416019321,1.9801468280743761,-1.2908988785928,1.5015197454515423
1771416019325,1.9500124416910258,-1.220928685364679,1.5204873126742862
1771416019330,1.9760642405490672,-1.3008623830174855,1.4874767034232268
1771416019335,1.9493547144156986,-1.2276735624202741,1.5141999295829542
1771416019339,1.9737445259427133,-1.2557068520466894,1.5227828983186737
1771416019343,1.9669689510453232,-1.2566646232184233,1.5131955852194512
1771416019348,1.9582812481566663,-1.278131205265139,1.4836596877348638
1771416019352,1.952049699488978,-1.2371984366003073,1.509913261663982
1771416019357,1.9425324326805933,-1.2290024548090783,1.504322178952781
1771416019361,1.9707522889353217,-1.2898986236143573,1.4899752095728294
1771416019365,1.9584762572806558,-1.2364694797822584,1.5188062667434044
1771416019369,1.9467736442736912,-1.220892549476973,1.5163604468167473
1771416019373,1.9487576981173147,-1.2721560703152919,1.476236938547281
1771416019377,1.9502707092821974,-1.2173516729369744,1.523683282011598
1771416019382,1.9716444419054446,-1.3104461962595013,1.4731301951985225
1771416019386,1.9362046336247822,-1.1518638640158507,1.5563091023458517
1771416019391,1.947312470590608,-1.2467190267890425,1.49590023944108
1771416019394,1.9452677232551483,-1.2347409773130296,1.5031570889572163
1771416019398,1.9619920439567995,-1.2727437962019978,1.493163088808154
1771416019403,1.9739502118083652,-1.2850450961848603,1.498378636883726
1771416019408,1.9700018609386678,-1.2585345705879787,1.5155850575724037
1771416019412,1.9652308741377325,-1.2397458295293664,1.5248484078191835
1771416019417,1.9630915353721186,-1.2639968309054195,1.502012113037281
1771416019421,1.9812038638602738,-1.3185402195859834,1.47872257016285
1771416019425,1.953298814651068,-1.260653400028168,1.4920218712588253
1771416019429,1.9506681888603787,-1.2489033792777942,1.4984481079638148
1771416019433,1.9545930845936452,-1.2443227456179429,1.5073470174711348
1771416019437,1.941695371046141,-1.239896569932209,1.4942681853711381
1771416019442,1.9557729610834929,-1.2269724502693253,1.5230188710535997
1771416019446,1.958617118158766,-1.2347058968972613,1.5204217716514319
1771416019451,1.9484850215061393,-1.272962260548571,1.4751816709317034
1771416019455,1.946708006714724,-1.221809458294311,1.515537433067813
1771416019460,1.9711397810402256,-1.2808536566337674,1.4982676485485549
1771416019464,1.9583908295829429,-1.2795586375449104,1.4825735511193971
1771416019468,1.9535735749712178,-1.256439579067984,1.4959309131698868
1771416019482,1.9721133791520835,-1.2698761163874828,1.508855801347264
1771416019493,1.953298814651068,-1.260653400028168,1.4920218712588253
1771416019500,1.9396617653672021,-1.2215235826920126,1.5067076361904723
1771416019505,1.974859967824461,-1.242608654342824,1.534925283089684
1771416019509,1.967949217341644,-1.3166671840774746,1.4626044059858025
1771416019514,1.9535735749712178,-1.256439579067984,1.4959309131698868
1771416019518,1.9728558847660196,-1.2661596312391192,1.5129441927170781
1771416019522,1.968219784348957,-1.2419838730648076,1.5268808658666184
1771416019526,1.9425324326805933,-1.2290024548090783,1.504322178952781
1771416019531,1.9523063822013853,-1.2663008899655062,1.4859280823972703
1771416019535,1.9448952095407348,-1.2388394021804747,1.4992979396036077
1771416019539,1.972228308790628,-1.272828775498213,1.5065163159617159
1771416019544,1.9467736442736912,-1.220892549476973,1.5163604468167473
1771416019547,1.957431892789951,-1.252088021771861,1.5045980196207482
1771416019552,1.9712563600877677,-1.2799239903666904,1.499215200053109
1771416019556,1.9493547144156986,-1.2276735624202741,1.5141999295829542
1771416019560,1.944774568388039,-1.2041749005704747,1.5271250540427168
1771416019564,1.970922144982092,-1.2473353612546811,1.5260041278268104
1771416019568,1.9453176694369128,-1.1975016959276554,1.5330526811802165
1771416019572,1.9350938050861197,-1.1649521277016979,1.5451454865629852
1771416019576,1.9425324326805933,-1.2290024548090783,1.504322178952781
1771416019581,1.9601895107249598,-1.288410896275475,1.4772746123570881
1771416019585,1.9551792207410204,-1.2736236373161194,1.4834448475380273
1771416019590,1.943922646256837,-1.2131716648981485,1.518897549579444
1771416019594,1.9577836352726405,-1.2803312085819467,1.4811038987432472
1771416019598,1.9389004276593451,-1.1982963343847604,1.5242771281422671
1771416019603,1.9845391930185,-1.2860437217871343,1.5114520681379262
1771416019607,1.9667600142922599,-1.2552880521314174,1.5140663327592363
1771416019611,1.9559419889228793,-1.2292096808271065,1.5214311106956213
1771416019615,1.9642907610767932,-1.2472697595204674,1.517483555442168
1771416019619,1.9577802132767415,-1.280036262087637,1.4813542895737783
1771416019623,1.951950276176992,-1.2342963793558985,1.512158169166293
1771416019628,1.952049699488978,-1.2371984366003073,1.509913261663982
1771416019633,1.9686568195759917,-1.2734553758791631,1.501306457358896
1771416019636,1.9574779527379196,-1.2477627252970322,1.5082467029018691
1771416019641,1.958617118158766,-1.2347058968972613,1.5204217716514319
1771416019645,1.9545930845936452,-1.2443227456179429,1.5073470174711348
1771416019649,1.966703641461817,-1.2591061638218135,1.510819274951537
1771416019654,1.929705452685319,-1.1496392468365393,1.549868619030841
1771416019658,1.9533122668384921,-1.2549989903110277,1.4967986992578628
1771416019663,1.9612285440989903,-1.24117478241389,1.51851985883902
1771416019667,1.9392497768525843,-1.194759990305913,1.5274941121284273
1771416019671,1.9506681888603787,-1.2489033792777942,1.4984481079638148
1771416019675,1.9577389462677097,-1.2124074732640966,1.5371434222305904
1771416019680,1.9413633971461766,-1.2061426058464724,1.5212205146331759
1771416019684,1.9711145354838735,-1.2493297297274628,1.5246205227580112
1771416019687,1.9861932714618948,-1.2993166563989647,1.50224496604406
1771416019692,1.9523063822013853,-1.2663008899655062,1.4859280823972703
1771416019696,1.9278412518485544,-1.2075108344911656,1.5028271613580353
1771416019701,1.9531118716510434,-1.1842745829108012,1.5531064662333003
1771416019706,1.9576887675378651,-1.2090127292895838,1.5397511263057018
1771416019711,1.93437998839562,-1.2092822650655868,1.5097888405016389
1771416019715,1.9497359467606865,-1.2595332088399405,1.488303180780097
1771416019719,1.952521943243827,-1.2326066288016908,1.5142730392775212
1771416019724,1.957431892789951,-1.252088021771861,1.5045980196207482
1771416019728,1.9551792207410204,-1.2736236373161194,1.4834448475380273
1771416019732,1.9751089107087874,-1.2724199313926687,1.510629910784216
1771416019736,1.955234605868848,-1.2734209873931261,1.4836917984722517
1771416019740,1.9583908295829429,-1.2795586375449104,1.4825735511193971
1771416019744,1.9395668070011378,-1.1542863951397822,1.5586989179491322
1771416019748,1.9577802132767415,-1.280036262087637,1.4813542895737783
1771416019753,1.9382237850486015,-1.2019206436416965,1.5205585182149541
1771416019757,1.9545000310008978,-1.285501348855327,1.4722624267682867
1771416019761,1.943922646256837,-1.2131716648981485,1.518897549579444
1771416019765,1.9459010553934135,-1.2665876252531652,1.4772564790640617
1771416019769,1.9775177824029009,-1.2485576711698234,1.5335189341780797
1771416019774,1.9471795391600393,-1.252598657084536,1.4908067487080678
1771416019778,1.9594077960356175,-1.2661149806933993,1.49540354648132
1771416019783,1.9687370020939392,-1.2726060508915609,1.5021315597004203
1771416019787,1.9602942692961003,-1.2563764149556194,1.5047497885623369
1771416019791,1.9677132219905307,-1.285965213168227,1.489358517791318
1771416019796,1.9468721565034839,-1.2602383785793305,1.483950950309432
1771416019800,1.9453176694369128,-1.1975016959276554,1.5330526811802165
1771416019804,1.9493547144156986,-1.2276735624202741,1.5141999295829542
1771416019809,1.9375712350954675,-1.1730097607051833,1.5421512222735305
1771416019813,1.9487576981173147,-1.2721560703152919,1.476236938547281
1771416019818,1.9520215800736218,-1.2380455213472743,1.5091824065185344
1771416019822,1.9612285440989903,-1.24117478241389,1.51851985883902
1771416019826,1.965415234428769,-1.273461443916058,1.4970480936108639
1771416019831,1.9495151230908514,-1.2299649372392392,1.5125460218856193
1771416019835,1.956552940366509,-1.2585532202085385,1.4980464613487625
1771416019840,1.9647034053368573,-1.2776621964346246,1.4925276489043995
1771416019844,1.9357048977051363,-1.194440053742249,1.5232420717062227
1771416019849,1.9281831632331248,-1.2078375587724643,1.5030032410458312
1771416019853,1.9396617653672021,-1.2215235826920126,1.5067076361904723
1771416019858,1.9456834251254198,-1.1971493328399616,1.5337918586589967
1771416019862,1.947340350132472,-1.1783177396710351,1.5503876107704813
1771416019866,1.95626840463774,-1.2615884150206376,1.4951189725468688
1771416019870,1.986517495552777,-1.2992418394313812,1.5027383015043696
1771416019879,1.9696320698175638,-1.2627603422785527,1.5115842048732755
1771416019886,1.946708006714724,-1.221809458294311,1.515537433067813
1771416019908,1.9417539280234326,-1.2058692798761776,1.5219354772280387
1771416019915,1.939632264347181,-1.1929811351102269,1.5293689326541478
1771416019919,1.9650342694428382,-1.2784728907377432,1.492268993088521
1771416019924,1.9332484674479433,-1.2221877161295385,1.4979008056049252
1771416019929,1.9689261980597577,-1.2298057444832,1.5376112006102758
1771416019933,1.9686568195759917,-1.2734553758791631,1.501306457358896
1771416019937,1.9450675145216716,-1.2040975259268871,1.5275590934900891
1771416019942,1.9624798958432472,-1.2667610130774598,1.4988808749650155
1771416019946,1.964040556246841,-1.2496296218403558,1.5152165240656301
1771416019950,1.968219784348957,-1.2419838730648076,1.5268808658666184
1771416019955,1.9674953381244558,-1.286184202530537,1.4888814938410486
1771416019958,1.9512521705517785,-1.2820017691030117,1.4710052675295813
1771416019963,1.9417539280234326,-1.2058692798761776,1.5219354772280387
1771416019967,1.956191178462543,-1.2627180226550274,1.494063961802456
1771416019971,1.9730663227066056,-1.2988624355816993,1.4852431071153784
1771416019975,1.9696320698175638,-1.2627603422785527,1.5115842048732755
1771416019979,1.9550437667369804,-1.2435261518401028,1.5085883598738479
1771416019983,1.955686319725995,-1.267531628646502,1.4893194927698197
1771416019987,1.9696320698175638,-1.2627603422785527,1.5115842048732755
1771416019991,1.9500124416910258,-1.220928685364679,1.5204873126742862
1771416019996,1.9657678680234767,-1.2703354312337427,1.500163725433243
1771416020000,1.9364095607517553,-1.1868762508186497,1.53003488594655
1771416020005,1.9646403968642285,-1.282322311860055,1.4884426013443437
1771416020009,1.952867188516892,-1.2642609133274048,1.4884000131075068
1771416020014,1.9646403968642285,-1.282322311860055,1.4884426013443437
1771416020017,1.9712563600877677,-1.2799239903666904,1.499215200053109
1771416020021,1.9800742888162706,-1.2563740456671924,1.5304308042525512
1771416020025,1.9495151230908514,-1.2299649372392392,1.5125460218856193
1771416020030,1.9424078863165197,-1.2310757089390634,1.5024649731973097
1771416020034,1.9527801324133764,-1.260532030484831,1.49144535457059
1771416020038,1.9484976560888247,-1.2018417676623916,1.5336947158042182
1771416020043,1.9646511869347187,-1.2790157190900169,1.491299123799329
1771416020047,1.9390305087994968,-1.2291932382068136,1.4996410561203914
1771416020052,1.9611568391088503,-1.2816001874039655,1.4844652596910233
1771416020057,1.9317158843766296,-1.199569188781981,1.5141202129546794
1771416020061,1.9413633971461766,-1.2061426058464724,1.5212205146331759
1771416020065,1.9690899791275953,-1.2687547834830575,1.5058474840731957
1771416020069,1.9321350380203446,-1.195584116652625,1.5178024987309253
1771416020075,1.978359896282634,-1.2792144270258596,1.50914489990469
1771416020078,1.958617118158766,-1.2347058968972613,1.5204217716514319
1771416020083,1.9525131744195758,-1.2286124847456408,1.5175042202936873
1771416020086,1.9590687000056628,-1.1933104167693336,1.5536925115902687
1771416020091,1.9596545002540176,-1.2228833764709979,1.5312746350399444
1771416020095,1.9783397086555015,-1.3157527393911201,1.4773702080480362
1771416020100,1.9696079618164477,-1.2947304324848872,1.4842602974034704
1771416020104,1.9492829645920182,-1.2285412604065173,1.5134035970379525
1771416020108,1.9618164071806794,-1.2392982438272748,1.5208101388174466
1771416020113,1.9578675237884455,-1.2074756719759054,1.5411838768595507
1771416020116,1.9578348314763878,-1.2442971014135529,1.511569366835676
1771416020120,1.966703641461817,-1.2591061638218135,1.510819274951537
1771416020125,1.9598343162912129,-1.2615348426583148,1.499826786022875
1771416020129,1.9619920439567995,-1.2727437962019978,1.493163088808154
1771416020134,1.9295774438272673,-1.1885292180478795,1.520087961130364
1771416020138,1.940255242267295,-1.1789595031954896,1.5409882851503978
1771416020142,1.9458205770220638,-1.267797153325961,1.4761124943516557
1771416020147,1.973851500045009,-1.2906353534880954,1.493435679417293
1771416020151,1.9493547144156986,-1.2276735624202741,1.5141999295829542
1771416020156,1.9579215907925231,-1.2109532709495403,1.5385217357152072
1771416020160,1.9396094842446927,-1.1859291396509193,1.5348149813898722
1771416020164,1.942363783264886,-1.2308844029578507,1.502564691816687
1771416020168,1.957431892789951,-1.252088021771861,1.5045980196207482
1771416020173,1.9396617653672021,-1.2215235826920126,1.5067076361904723
1771416020177,1.9578348314763878,-1.2442971014135529,1.511569366835676
1771416020182,1.9492439644291044,-1.1925450627174916,1.5418781749059896
1771416020186,1.9577836352726405,-1.2803312085819467,1.4811038987432472
1771416020190,1.953121673700572,-1.2209261305544048,1.5244748787724816
1771416020194,1.9619920439567995,-1.2727437962019978,1.493163088808154
1771416020199,1.9724183786752638,-1.2667665316714893,1.5118653428043591
1771416020203,1.9534551416939436,-1.2212020646720658,1.5246811167753043
1771416020208,1.9432772618469158,-1.2561651515130798,1.4826920207970935
1771416020212,1.9484976560888247,-1.2018417676623916,1.5336947158042182
1771416020216,1.9690764458110446,-1.3036555565556422,1.4757182113498004
1771416020220,1.952049699488978,-1.2371984366003073,1.509913261663982
1771416020224,1.9413633971461766,-1.2061426058464724,1.5212205146331759
1771416020229,1.9683023256369303,-1.2816933319798829,1.4938126548754547
1771416020233,1.9154867489170146,-1.1228863281731525,1.5518427044254484
1771416020237,1.9508353176689188,-1.251427646690801,1.4965584792323738
1771416020242,1.965415234428769,-1.273461443916058,1.4970480936108639
1771416020246,1.9709828912891094,-1.2507853048819133,1.5232562748421017
1771416020250,1.9708181381590169,-1.2492286807057118,1.5243201228740768
1771416020254,1.9257811464345416,-1.1585112782236369,1.538338273004794
1771416020259,1.9583908295829429,-1.2795586375449104,1.4825735511193971
1771416020263,1.9677144284537056,-1.2834671305953527,1.49151339136671
1771416020267,1.970922144982092,-1.2473353612546811,1.5260041278268104
1771416020272,1.9484976560888247,-1.2018417676623916,1.5336947158042182
1771416020276,1.9468634179707376,-1.2206370610404964,1.51668135527774
1771416020280,1.9425324326805933,-1.2290024548090783,1.504322178952781
1771416020284,1.9216639329751168,-1.1660168375228637,1.5274806073762686
1771416020289,1.9390305087994968,-1.2291932382068136,1.4996410561203914
1771416020293,1.9646248141424199,-1.2434811333123632,1.5210211475980004
1771416020297,1.9389004276593451,-1.1982963343847604,1.5242771281422671
1771416020302,1.9736256174704772,-1.2925661238888242,1.4914660215072764
1771416020306,1.9425324326805933,-1.2290024548090783,1.504322178952781
1771416020311,1.9631127216123165,-1.2645399904293162,1.501582555293295
1771416020315,1.978792466343557,-1.2749306418048074,1.513331253706603
1771416020320,1.9647034053368573,-1.2776621964346246,1.4925276489043995
1771416020324,1.968604533166454,-1.3091020806937665,1.4702569674471069
1771416020329,1.9398412787368515,-1.223547307655644,1.5052960415214172
1771416020333,1.9557324148433777,-1.2273345162612586,1.522675035476333
1771416020337,1.9638539418287615,-1.251448714396437,1.5134723056838106
1771416020341,1.95216871706496,-1.2360001970258703,1.5110480511350595
1771416020346,1.9667897360215003,-1.2543188058716703,1.5149079836597963
1771416020350,1.951950276176992,-1.2342963793558985,1.512158169166293
1771416020354,1.9557324148433777,-1.2273345162612586,1.522675035476333
1771416020358,1.962098179170998,-1.236093738228012,1.523778702771385
1771416020363,1.960088272279136,-1.293941727661424,1.4722978097323847
1771416020367,1.972371494692663,-1.2717436214387026,1.5076198043293751
1771416020372,1.9754389974952433,-1.2728455033194455,1.5107030010907105
1771416020377,1.9425324326805933,-1.2290024548090783,1.504322178952781
1771416020380,1.9573111208119296,-1.2173727022437353,1.5326677811860723
1771416020384,1.9525131744195758,-1.2286124847456408,1.5175042202936873
1771416020388,1.9594077960356175,-1.2661149806933993,1.49540354648132
1771416020393,1.9382237850486015,-1.2019206436416965,1.5205585182149541
1771416020397,1.963660075810018,-1.2173405073572419,1.5407929719717113
1771416020402,1.9466906294302602,-1.2218705540468329,1.5154658544041393
1771416020407,1.941523795583125,-1.168320711221399,1.5506583648717178
1771416020412,1.983644552626535,-1.2913842986154076,1.5057132211860655
1771416020416,1.93709306842809,-1.214629774228599,1.5089745085022264
1771416020419,1.9734047363265785,-1.294969499086516,1.489087052455897
1771416020424,1.9765624881296069,-1.299840693847435,1.4890310406768965
1771416020428,1.9467736442736912,-1.220892549476973,1.5163604468167473
1771416020433,1.9690764458110446,-1.3036555565556422,1.4757182113498004
1771416020437,1.949235121512377,-1.1926161908785768,1.541811979520086
1771416020442,1.9370443681378586,-1.2152994065225236,1.5083727114478696
1771416020446,1.9636609444643611,-1.253493778382515,1.511528250603009
1771416020451,1.9495151230908514,-1.2299649372392392,1.5125460218856193
1771416020455,1.9587030130382646,-1.273493818223278,1.488197227598638
1771416020460,1.9598424190756272,-1.224737159295645,1.5300330709656702
1771416020464,1.9639364691307584,-1.2861867531630187,1.4841732010684474
1771416020468,1.9451821285029953,-1.2388695987363976,1.4996451681561744
1771416020473,1.9721133791520835,-1.2698761163874828,1.508855801347264
1771416020477,1.9525400131161503,-1.2678295787179348,1.4849311977824158
1771416020482,1.9427915238124294,-1.2268528266601162,1.5064099862632032
1771416020486,1.9479276008257247,-1.244212825534172,1.4987849688447423
1771416020490,1.9604140388297753,-1.2545701940266434,1.5064119064521568
1771416020496,1.978359896282634,-1.2792144270258596,1.50914489990469
1771416020500,1.9517563825052717,-1.2001226722058633,1.5391746321673583
1771416020504,1.9545930845936452,-1.2443227456179429,1.5073470174711348
1771416020509,1.9690899791275953,-1.2687547834830575,1.5058474840731957
1771416020513,1.951950276176992,-1.2342963793558985,1.512158169166293
1771416020517,1.9712563600877677,-1.2799239903666904,1.499215200053109
1771416020523,1.9440039668612086,-1.2123541107979672,1.519654215011884
1771416020527,1.981523601443206,-1.3149582157510964,1.4823362216127443
1771416020532,1.9533253138845508,-1.258500960262777,1.4938725229683578
1771416020536,1.9630771428666534,-1.2280716435832029,1.531506417574655
1771416020541,1.961301519640311,-1.2444153304237193,1.5159598069704283
1771416020544,1.9585910864955958,-1.275530109947399,1.4863048081458843
1771416020549,1.9477483066286891,-1.2419463927880234,1.5004308126054138
1771416020553,1.9696079618164477,-1.2947304324848872,1.4842602974034704
1771416020557,1.9543187974156135,-1.21206854543868,1.533053098587969
1771416020561,1.957742447441433,-1.2494032221319258,1.50723159436111
1771416020565,1.957431892789951,-1.252088021771861,1.5045980196207482
1771416020569,1.9477301438874772,-1.2459197412368,1.497109452179218
1771416020574,1.946135782351559,-1.2287951061106088,1.5091411698538122
1771416020578,1.934534988650653,-1.2077722833896916,1.5111954651166848
1771416020583,1.9569976012488466,-1.2571440848254776,1.4998094416565233
1771416020587,1.952049699488978,-1.2371984366003073,1.509913261663982
1771416020591,1.9583908295829429,-1.2795586375449104,1.4825735511193971
1771416020595,1.9619920439567995,-1.2727437962019978,1.493163088808154
1771416020599,1.9467826528969152,-1.2209339226190823,1.5163387003629274
1771416020603,1.9552852376259746,-1.2006209225266953,1.5432594599966694
1771416020608,1.9598343162912129,-1.2615348426583148,1.499826786022875
1771416020612,1.9441290185669677,-1.2148781742024448,1.5177973061910128
1771416020616,1.961301519640311,-1.2444153304237193,1.5159598069704283
1771416020621,1.9481024380364056,-1.2060065005085343,1.5299187657567137
1771416020625,1.951456924930593,-1.2444248691133282,1.503193558724838
1771416020629,1.972371494692663,-1.2717436214387026,1.5076198043293751
1771416020634,1.9506681888603787,-1.2489033792777942,1.4984481079638148
1771416020638,1.9582812481566663,-1.278131205265139,1.4836596877348638
1771416020642,1.9456431714936,-1.1940919661422749,1.5361223021537542
1771416020646,1.9418277219442217,-1.2374131241285924,1.4964971306171633
1771416020651,1.9553068232202795,-1.2369586007359183,1.5143177318506247
1771416020655,1.9364040017525428,-1.1905486690353464,1.5271720023171675
1771416020659,1.9384598976114966,-1.2389001130389565,1.490890098082362
1771416020663,1.9553068232202795,-1.2369586007359183,1.5143177318506247
1771416020667,1.9633210570231243,-1.293013934288799,1.4774114317567058
1771416020672,1.958617118158766,-1.2347058968972613,1.5204217716514319
1771416020675,1.9602942692961003,-1.2563764149556194,1.5047497885623369
1771416020681,1.9653446970913533,-1.3056994249003844,1.4689209611820195
1771416020684,1.9545930845936452,-1.2443227456179429,1.5073470174711348
1771416020689,1.9767628428027761,-1.293630160274748,1.4946947330854026
1771416020692,1.9557324148433777,-1.2273345162612586,1.522675035476333
1771416020696,1.9602942692961003,-1.2563764149556194,1.5047497885623369
1771416020701,1.9339122450048083,-1.2146012983027314,1.5049120431244003
1771416020705,1.9612285440989903,-1.24117478241389,1.51851985883902
1771416020710,1.9451821285029953,-1.2388695987363976,1.4996451681561744
1771416020714,1.951081811734074,-1.2086540067806064,1.531625191740036
1771416020719,1.9493547144156986,-1.2276735624202741,1.5141999295829542
1771416020723,1.9531512152055703,-1.2205343667998405,1.5248263930426667
1771416020728,1.9445264354919363,-1.170075636174451,1.5530956390248247
1771416020731,1.9495151230908514,-1.2299649372392392,1.5125460218856193
1771416020735,1.9467736442736912,-1.220892549476973,1.5163604468167473
1771416020740,1.9573111208119296,-1.2173727022437353,1.5326677811860723
1771416020744,1.9531512152055703,-1.2205343667998405,1.5248263930426667
1771416020748,1.9474499189890166,-1.2092510148562712,1.5265232294463802
1771416020753,1.9610411712455182,-1.2836996120787987,1.4824971437641072
1771416020757,1.9553068232202795,-1.2369586007359183,1.5143177318506247
1771416020761,1.9451821285029953,-1.2388695987363976,1.4996451681561744
1771416020765,1.9689261980597577,-1.2298057444832,1.5376112006102758
1771416020770,1.965841692277127,-1.2335268791967475,1.530668153909962
1771416020774,1.9848450414748697,-1.3530087107813515,1.4522318228220872
1771416020778,1.9467736442736912,-1.220892549476973,1.5163604468167473
1771416020783,1.9421209898574725,-1.1935162968922013,1.5321073031278507
1771416020787,1.9481024380364056,-1.2060065005085343,1.5299187657567137
1771416020792,1.9371676942830847,-1.2145370652797167,1.50914492108471
1771416020795,1.9267731717811207,-1.1837385497681687,1.5202690226694198
1771416020800,1.9542327896219198,-1.2836128344400595,1.4735548470600703
1771416020804,1.9559419889228793,-1.2292096808271065,1.5214311106956213
1771416020808,1.9539981515623195,-1.251571884296518,1.500558760844581
1771416020813,1.9280930780356103,-1.208723790248307,1.5021749952840384
1771416020817,1.931085462151594,-1.1342327686573535,1.5628842211235963
1771416020821,1.955686319725995,-1.267531628646502,1.4893194927698197
1771416020825,1.9269903739648757,-1.1406803263423926,1.5531066590703628
1771416020830,1.9589456676990094,-1.2673542497954233,1.4937474132269475
1771416020834,1.9632153426856325,-1.259247392535704,1.5061575236834612
1771416020839,1.9545140819528248,-1.2090001407327347,1.5357226169657467
1771416020843,1.9603760347509296,-1.2514708995598762,1.5089382973404086
1771416020846,1.9632153426856325,-1.259247392535704,1.5061575236834612
1771416020851,1.9421209898574725,-1.1935162968922013,1.5321073031278507
1771416020855,1.9472825198801396,-1.2157878335485146,1.5211078712655968
1771416020859,1.9382237850486015,-1.2019206436416965,1.5205585182149541
1771416020863,1.9603760347509296,-1.2514708995598762,1.5089382973404086
1771416020867,1.958617118158766,-1.2347058968972613,1.5204217716514319
1771416020872,1.9466906294302602,-1.2218705540468329,1.5154658544041393
1771416020877,1.949235121512377,-1.1926161908785768,1.541811979520086
1771416020881,1.9321350380203446,-1.195584116652625,1.5178024987309253
1771416020886,1.9453176694369128,-1.1975016959276554,1.5330526811802165
1771416020890,1.9427915238124294,-1.2268528266601162,1.5064099862632032
1771416020894,1.9350938050861197,-1.1649521277016979,1.5451454865629852
1771416020899,1.965415234428769,-1.273461443916058,1.4970480936108639
1771416020903,1.9559959585326603,-1.2284658164846793,1.5221011554836725
1771416020907,1.961430802449678,-1.2430626944995062,1.517236280327496
1771416020911,1.9470201575859352,-1.2545416930071533,1.4889636108893678
1771416020916,1.9527801324133764,-1.260532030484831,1.49144535457059
1771416020920,1.9477483066286891,-1.2419463927880234,1.5004308126054138
1771416020926,1.9512521705517785,-1.2820017691030117,1.4710052675295813
1771416020945,1.9539981515623195,-1.251571884296518,1.500558760844581
1771416020953,1.9578348314763878,-1.2442971014135529,1.511569366835676
1771416020957,1.9642907610767932,-1.2472697595204674,1.517483555442168
1771416020961,1.942486025699092,-1.2297344152782907,1.5036639345001308
1771416020965,1.9690899791275953,-1.2687547834830575,1.5058474840731957
1771416020970,1.9493547144156986,-1.2276735624202741,1.5141999295829542
1771416020974,1.93685371849041,-1.1811724288797127,1.5350029381354708
1771416020979,1.9357048977051363,-1.194440053742249,1.5232420717062227
1771416020983,1.9422257901729418,-1.1962934747475251,1.5300728552227179
1771416020988,1.9549661912798626,-1.203746792938909,1.5404176276375778
1771416020992,1.9553068232202795,-1.2369586007359183,1.5143177318506247
1771416020996,1.9650342694428382,-1.2784728907377432,1.492268993088521
1771416021000,1.9501254136055275,-1.255427833126743,1.4922768123243155
1771416021004,1.9557324148433777,-1.2273345162612586,1.522675035476333
1771416021009,1.9574673815378076,-1.211378669337539,1.537608620312235
1771416021014,1.951950276176992,-1.2342963793558985,1.512158169166293
1771416021018,1.968985848265413,-1.265172514215898,1.5087225655971648
1771416021022,1.9508353176689188,-1.251427646690801,1.4965584792323738
1771416021027,1.9428236608483305,-1.1897077875166886,1.5359554542610454
1771416021032,1.9586257031513155,-1.235350088768246,1.5199094720493294
1771416021036,1.9326236345947714,-1.1567963097568776,1.5481784169556085
1771416021040,1.955686319725995,-1.267531628646502,1.4893194927698197
1771416021044,1.9451363358144604,-1.235519038021104,1.5023475202472665
1771416021048,1.9674885095537944,-1.2865762207895135,1.4885337293206307
1771416021053,1.9497359467606865,-1.2595332088399405,1.488303180780097
1771416021057,1.9278412518485544,-1.2075108344911656,1.5028271613580353
1771416021062,1.959788955919931,-1.2251669817527249,1.5296204164983715
1771416021066,1.9477301438874772,-1.2459197412368,1.497109452179218
1771416021070,1.9594077960356175,-1.2661149806933993,1.49540354648132
1771416021075,1.9646248141424199,-1.2434811333123632,1.5210211475980004
1771416021080,1.9311560080182266,-1.1738807029096443,1.533416976116168
1771416021084,1.9559419889228793,-1.2292096808271065,1.5214311106956213
1771416021089,1.9689261980597577,-1.2298057444832,1.5376112006102758
1771416021093,1.9559419889228793,-1.2292096808271065,1.5214311106956213
1771416021098,1.959788955919931,-1.2251669817527249,1.5296204164983715
1771416021101,1.956552940366509,-1.2585532202085385,1.4980464613487625
1771416021106,1.9417173799883876,-1.2062546308622248,1.5215834348705317
1771416021110,1.9404910127142294,-1.2521541981085649,1.4824355751882754
1771416021115,1.953415030181239,-1.2218516267869364,1.5241092094256528
1771416021119,1.9496052043136367,-1.2289893017069904,1.5134549048374655
1771416021123,1.9181821785016722,-1.1326628935865923,1.5480625437667137
1771416021128,1.949565231082095,-1.261434378453937,1.4864682637374778
1771416021133,1.973851500045009,-1.2906353534880954,1.493435679417293
1771416021136,1.9502707092821974,-1.2173516729369744,1.523683282011598
1771416021140,1.929944716811393,-1.1474760948765224,1.551768417527285
1771416021145,1.9441890328223,-1.21436844063572,1.5182820178525727
1771416021149,1.9598343162912129,-1.2615348426583148,1.499826786022875
1771416021153,1.9597670714712123,-1.2616385822386362,1.499651646959965
1771416021157,1.9398412787368515,-1.223547307655644,1.5052960415214172
1771416021162,1.9681172791226949,-1.2790038662083665,1.4958725662988042
1771416021166,1.957135204142838,-1.2868906000101015,1.4745476563681723
1771416021170,1.9583591238612539,-1.2012049067044108,1.5466988168741402
1771416021174,1.9483464573106766,-1.2036839897013654,1.5320570389680885
1771416021179,1.9384598976114966,-1.2389001130389565,1.490890098082362
1771416021183,1.9533122668384921,-1.2549989903110277,1.4967986992578628
1771416021187,1.9362046336247822,-1.1518638640158507,1.5563091023458517
1771416021192,1.9364095607517553,-1.1868762508186497,1.53003488594655
1771416021196,1.9612285440989903,-1.24117478241389,1.51851985883902
1771416021200,1.9326236345947714,-1.1567963097568776,1.5481784169556085
1771416021205,1.9637569342374346,-1.292839388471298,1.4781432990014085
1771416021209,1.9578348314763878,-1.2442971014135529,1.511569366835676
1771416021213,1.9583908295829429,-1.2795586375449104,1.4825735511193971
1771416021217,1.9558622373348937,-1.2665160976677874,1.4904140585022054
1771416021221,1.9783397086555015,-1.3157527393911201,1.4773702080480362
1771416021226,1.9674885095537944,-1.2865762207895135,1.4885337293206307
1771416021230,1.916705729722356,-1.1887873798889361,1.5035110308099864
1771416021235,1.9472487058720953,-1.2122007175408687,1.523924848184435
1771416021239,1.9474499189890166,-1.2092510148562712,1.5265232294463802
1771416021243,1.951081811734074,-1.2086540067806064,1.531625191740036
1771416021247,1.9502707092821974,-1.2173516729369744,1.523683282011598
1771416021251,1.9377271575784907,-1.1715293793014583,1.5434718820408608
1771416021256,1.9793401814780132,-1.2688455143450972,1.519150622795429
1771416021260,1.9472020340140341,-1.217430649084447,1.519690223676593
1771416021265,1.9690899791275953,-1.2687547834830575,1.5058474840731957
1771416021269,1.9497359467606865,-1.2595332088399405,1.488303180780097
1771416021274,1.9577877708017208,-1.2837148966300462,1.478177600855486
1771416021278,1.9408686957385712,-1.2124965026159111,1.515527474261726
1771416021283,1.953415030181239,-1.2218516267869364,1.5241092094256528
1771416021288,1.941948569297783,-1.2002653663123246,1.5266064640989987
1771416021292,1.946708006714724,-1.221809458294311,1.515537433067813
1771416021296,1.9443552424362902,-1.244698577959684,1.4937345007780416
1771416021300,1.9545140819528248,-1.2090001407327347,1.5357226169657467
1771416021305,1.9559922722601506,-1.2284456567240802,1.5221126888693788
1771416021309,1.9451821285029953,-1.2388695987363976,1.4996451681561744
1771416021314,1.952049699488978,-1.2371984366003073,1.509913261663982
1771416021319,1.9484861395593618,-1.2731627788513196,1.4750100930510714
1771416021323,1.9364095607517553,-1.1868762508186497,1.53003488594655
1771416021328,1.9304147641988882,-1.178350971466068,1.5290487728918338
1771416021332,1.9467736442736912,-1.220892549476973,1.5163604468167473
1771416021337,1.937106269455014,-1.1782503259786328,1.53756524040223
1771416021341,1.9390305087994968,-1.2291932382068136,1.4996410561203914
1771416021345,1.9576564490819919,-1.2500629177292517,1.5065727577354315
1771416021349,1.969447357824781,-1.2603019383713085,1.513394171847022
1771416021353,1.966703641461817,-1.2591061638218135,1.510819274951537
1771416021357,1.93437998839562,-1.2092822650655868,1.5097888405016389
1771416021362,1.9632153426856325,-1.259247392535704,1.5061575236834612
1771416021366,1.9652308741377325,-1.2397458295293664,1.5248484078191835
1771416021370,1.9448943180588991,-1.1701718843305475,1.553483720397509
1771416021375,1.9641550534367545,-1.2114249643367871,1.5460771745688358
1771416021379,1.9559419889228793,-1.2292096808271065,1.5214311106956213
1771416021383,1.952010536610777,-1.2012947730736308,1.5385824655264557
1771416021387,1.946708006714724,-1.221809458294311,1.515537433067813
1771416021392,1.9619920439567995,-1.2727437962019978,1.493163088808154
1771416021396,1.957466440529861,-1.2115025878822676,1.537509787076236
1771416021400,1.9331944266376095,-1.1868689434265882,1.525969463099498
1771416021405,1.9320327512650046,-1.2001483183061457,1.5140655752072147
1771416021409,1.954851343409081,-1.2414710700292566,1.5100309126334803
1771416021413,1.9561335359122887,-1.227568140103232,1.5230019276823668
1771416021417,1.9154103961746096,-1.1238821804531025,1.5510273467072573
1771416021422,1.9573623980194175,-1.2535917935442968,1.5032548594096469
1771416021426,1.9464434391867136,-1.1841674134472626,1.5447943548843714
1771416021431,1.9441290185669677,-1.2148781742024448,1.5177973061910128
1771416021434,1.942363783264886,-1.2308844029578507,1.502564691816687
1771416021439,1.9479276008257247,-1.244212825534172,1.4987849688447423
1771416021444,1.9597580210506425,-1.2622861299231156,1.499094802631259
1771416021448,1.9646248141424199,-1.2434811333123632,1.5210211475980004
1771416021453,1.9320327512650046,-1.2001483183061457,1.5140655752072147
1771416021457,1.9602942692961003,-1.2563764149556194,1.5047497885623369
1771416021461,1.9477483066286891,-1.2419463927880234,1.5004308126054138
1771416021466,1.968985848265413,-1.265172514215898,1.5087225655971648
1771416021470,1.9427915238124294,-1.2268528266601162,1.5064099862632032
1771416021475,1.9546092537910278,-1.2448271148856689,1.5069514886189737
1771416021479,1.9375353055129505,-1.2494933480602528,1.480813773998048
1771416021483,1.951456924930593,-1.2444248691133282,1.503193558724838
1771416021487,1.943922646256837,-1.2131716648981485,1.518897549579444
1771416021491,1.9618164071806794,-1.2392982438272748,1.5208101388174466
1771416021496,1.9578348314763878,-1.2442971014135529,1.511569366835676
1771416021500,1.955686319725995,-1.267531628646502,1.4893194927698197
1771416021504,1.9472487058720953,-1.2122007175408687,1.523924848184435
1771416021509,1.9331944266376095,-1.1868689434265882,1.525969463099498
1771416021513,1.9389776731534518,-1.2339198019488609,1.4956859093225616
1771416021517,1.9551792207410204,-1.2736236373161194,1.4834448475380273
1771416021521,1.9421209898574725,-1.1935162968922013,1.5321073031278507
1771416021526,1.953972958247283,-1.179004385617015,1.5581909319006715
1771416021530,1.9415969329109617,-1.2042916125907097,1.5229840320019514
1771416021535,1.9369370815968021,-1.2204082977828041,1.5041040006487634
1771416021539,1.951456924930593,-1.2444248691133282,1.503193558724838
1771416021543,1.952049699488978,-1.2371984366003073,1.509913261663982
1771416021547,1.9442651030455131,-1.2134434775302836,1.519118730632926
1771416021551,1.9545000310008978,-1.285501348855327,1.4722624267682867
1771416021556,1.963365821737625,-1.221444046715398,1.5371661558566052
1771416021560,1.9739502118083652,-1.2850450961848603,1.498378636883726
1771416021564,1.9574779527379196,-1.2477627252970322,1.5082467029018691
1771416021569,1.9389004276593451,-1.1982963343847604,1.5242771281422671
1771416021574,1.9598424190756272,-1.224737159295645,1.5300330709656702
1771416021578,1.9817887724302152,-1.2730780386639973,1.51880184553545
1771416021584,1.9654749133561968,-1.23299806168905,1.530623211278202
1771416021588,1.9481024380364056,-1.2060065005085343,1.5299187657567137
1771416021592,1.9561335359122887,-1.227568140103232,1.5230019276823668
1771416021597,1.9451363358144604,-1.235519038021104,1.5023475202472665
1771416021602,1.9506153208503783,-1.2135640463710904,1.5271419172073204
1771416021606,1.9656378900550144,-1.2351385237879682,1.5291059943230907
1771416021610,1.9226830750674473,-1.1579883156862014,1.5348528489353792
1771416021614,1.9502707092821974,-1.2173516729369744,1.523683282011598
1771416021618,1.9474499189890166,-1.2092510148562712,1.5265232294463802
1771416021623,1.9607533576335956,-1.2149127015946293,1.539006451245562
1771416021627,1.9419339354551697,-1.1631499493998345,1.555052926714575
1771416021631,1.948914447406527,-1.2325687532037906,1.5096495593135322
1771416021635,1.946135782351559,-1.2287951061106088,1.5091411698538122
1771416021640,1.9735430845060324,-1.2577430713606128,1.5208401207378628
1771416021644,1.9809387145809476,-1.2864053167312381,1.5064128092960507
1771416021648,1.9653965335896457,-1.2337773305281803,1.5298944515622483
1771416021653,1.927431076410787,-1.2120366460935432,1.4986519685505237
1771416021657,1.9451363358144604,-1.235519038021104,1.5023475202472665
1771416021661,1.9450755254435264,-1.2406621332450645,1.4980241222394306
1771416021666,1.9441890328223,-1.21436844063572,1.5182820178525727
1771416021670,1.9466906294302602,-1.2218705540468329,1.5154658544041393
1771416021675,1.9572769556205027,-1.254439939594715,1.5024358618432507
1771416021679,1.9408263981903693,-1.2875319327676569,1.452263278478177
1771416021683,1.9464434391867136,-1.1841674134472626,1.5447943548843714
1771416021687,1.9481108055217944,-1.2424653671593695,1.5004717664788991
1771416021692,1.952521943243827,-1.2326066288016908,1.5142730392775212
1771416021697,1.9698875137185783,-1.2947777532928229,1.4845899724443619
1771416021701,1.9427915238124294,-1.2268528266601162,1.5064099862632032
1771416021705,1.951081811734074,-1.2086540067806064,1.531625191740036
1771416021710,1.9571067929978303,-1.215664262768086,1.5337624977247222
1771416021714,1.9464434391867136,-1.1841674134472626,1.5447943548843714
1771416021718,1.9497359467606865,-1.2595332088399405,1.488303180780097
1771416021722,1.9415410230280254,-1.2407965765343043,1.4933202602795763
1771416021727,1.9610411712455182,-1.2836996120787987,1.4824971437641072
1771416021732,1.927431076410787,-1.2120366460935432,1.4986519685505237
1771416021735,1.937106269455014,-1.1782503259786328,1.53756524040223
1771416021740,1.9392527503662436,-1.2260091555057329,1.5025321229242188
1771416021744,1.9369370815968021,-1.2204082977828041,1.5041040006487634
1771416021748,1.9533253138845508,-1.258500960262777,1.4938725229683578
1771416021753,1.9632153426856325,-1.259247392535704,1.5061575236834612
1771416021757,1.9545930845936452,-1.2443227456179429,1.5073470174711348
1771416021761,1.9427915238124294,-1.2268528266601162,1.5064099862632032
1771416021766,1.9481024380364056,-1.2060065005085343,1.5299187657567137
1771416021770,1.9707522889353217,-1.2898986236143573,1.4899752095728294
1771416021774,1.93709306842809,-1.214629774228599,1.5089745085022264
1771416021778,1.946135782351559,-1.2287951061106088,1.5091411698538122
1771416021782,1.9493547144156986,-1.2276735624202741,1.5141999295829542
1771416021786,1.9303947686260567,-1.2145484838739458,1.5004319188348223
1771416021790,1.955328419343122,-1.2722689265465121,1.4848033560155558
1771416021794,1.951950276176992,-1.2342963793558985,1.512158169166293
1771416021799,1.9701255151884323,-1.2922858366434111,1.4870749348998271
1771416021803,1.949235121512377,-1.1926161908785768,1.541811979520086
1771416021807,1.9630771428666534,-1.2280716435832029,1.531506417574655
1771416021811,1.9700018609386678,-1.2585345705879787,1.5155850575724037
1771416021815,1.9667897360215003,-1.2543188058716703,1.5149079836597963
1771416021819,1.9533583268981503,-1.2189804907009898,1.5263339466030084
1771416021823,1.928545173448617,-1.1638295555922415,1.5377864778836892
1771416021828,1.9414035887250403,-1.2059491011727301,1.52142520673714
1771416021832,1.9585442374325208,-1.2355964668402366,1.5196041922527257
1771416021836,1.928545173448617,-1.1638295555922415,1.5377864778836892
1771416021840,1.95216871706496,-1.2360001970258703,1.5110480511350595
1771416021845,1.953415030181239,-1.2218516267869364,1.5241092094256528
1771416021850,1.942309376271017,-1.1960447914043393,1.530373343372413
1771416021854,1.961301519640311,-1.2444153304237193,1.5159598069704283
1771416021858,1.9487576981173147,-1.2721560703152919,1.476236938547281
1771416021862,1.9559419889228793,-1.2292096808271065,1.5214311106956213
1771416021866,1.9285020309715553,-1.130830338091688,1.5621596685079449
1771416021871,1.9545140819528248,-1.2090001407327347,1.5357226169657467
1771416021875,1.9497359467606865,-1.2595332088399405,1.488303180780097
1771416021879,1.9596545002540176,-1.2228833764709979,1.5312746350399444
1771416021883,1.9531512152055703,-1.2205343667998405,1.5248263930426667
1771416021887,1.9735620846513038,-1.2535154258945587,1.5243511337672773
1771416021891,1.972371494692663,-1.2717436214387026,1.5076198043293751
1771416021896,1.9291900795511485,-1.1921950878439882,1.5167218715239892
1771416021901,1.9441290185669677,-1.2148781742024448,1.5177973061910128
1771416021905,1.9787728037778856,-1.3099227802595936,1.4831197250147983
1771416021909,1.9506681888603787,-1.2489033792777942,1.4984481079638148
1771416021914,1.9525131744195758,-1.2286124847456408,1.5175042202936873
1771416021918,1.9584279820698922,-1.2002556182138813,1.5475227338880564
1771416021922,1.9477301438874772,-1.2459197412368,1.497109452179218
1771416021926,1.9256824036719802,-1.196742283466702,1.5086618662824347
1771416021930,1.957431892789951,-1.252088021771861,1.5045980196207482
1771416021935,1.9389996165822156,-1.1970764913616272,1.5253613955175722
1771416021939,1.9413295023362167,-1.1700275758372112,1.5491274022563417
1771416021943,1.9496052043136367,-1.2289893017069904,1.5134549048374655
1771416021947,1.9357048977051363,-1.194440053742249,1.5232420717062227
1771416021951,1.9481108055217944,-1.2424653671593695,1.5004717664788991
1771416021957,1.9662702585112892,-1.2600679788623408,1.5094526882787112
1771416021961,1.9466906294302602,-1.2218705540468329,1.5154658544041393
1771416021966,1.9654749133561968,-1.23299806168905,1.530623211278202
1771416021970,1.9370443681378586,-1.2152994065225236,1.5083727114478696
1771416021974,1.927033550950078,-1.1813260794260374,1.5224739736872923
1771416021978,1.9674474845383851,-1.2514959754438455,1.5180933528160503
1771416021982,1.9453176694369128,-1.1975016959276554,1.5330526811802165
1771416021986,1.947651391099128,-1.247537652198381,1.4956589676787018
1771416021991,1.9415969329109617,-1.2042916125907097,1.5229840320019514
1771416021995,1.9577802132767415,-1.280036262087637,1.4813542895737783
1771416022000,1.953400391904877,-1.2584612161031028,1.4940041695585815
1771416022004,1.9338677162320659,-1.1796239098789918,1.5324267601182207
1771416022009,1.952800861369927,-1.264903647965415,1.487766771214801
1771416022013,1.9313391783633729,-1.1722242489002965,1.534914112310993
1771416022018,1.951456924930593,-1.2444248691133282,1.503193558724838
1771416022022,1.9545930845936452,-1.2443227456179429,1.5073470174711348
1771416022027,1.9226830750674473,-1.1579883156862014,1.5348528489353792
1771416022031,1.9459010553934135,-1.2665876252531652,1.4772564790640617
1771416022035,1.9387190395823233,-1.2361800632342241,1.4934826298625759
1771416022040,1.953400391904877,-1.2584612161031028,1.4940041695585815
1771416022044,1.9619920439567995,-1.2727437962019978,1.493163088808154
1771416022048,1.9577389462677097,-1.2124074732640966,1.5371434222305904
1771416022053,1.9545930845936452,-1.2443227456179429,1.5073470174711348
1771416022057,1.9359234838954151,-1.2317401445609608,1.493524673975862
1771416022061,1.9395874465029188,-1.186779222735643,1.534129896428166
1771416022066,1.9493547144156986,-1.2276735624202741,1.5141999295829542
1771416022070,1.9545930845936452,-1.2443227456179429,1.5073470174711348
1771416022075,1.9466906294302602,-1.2218705540468329,1.5154658544041393
1771416022079,1.9588441496477058,-1.2362725374656425,1.51944088918171
1771416022083,1.955328419343122,-1.2722689265465121,1.4848033560155558
1771416022088,1.9481024380364056,-1.2060065005085343,1.5299187657567137
1771416022092,1.9523063822013853,-1.2663008899655062,1.4859280823972703
1771416022097,1.968985848265413,-1.265172514215898,1.5087225655971648
1771416022101,1.9364095607517553,-1.1868762508186497,1.53003488594655
1771416022106,1.9230055028233357,-1.1503156503917757,1.541013974093868
1771416022110,1.93685371849041,-1.1811724288797127,1.5350029381354708
1771416022115,1.9683023256369303,-1.2816933319798829,1.4938126548754547
1771416022119,1.9357048977051363,-1.194440053742249,1.5232420717062227
1771416022124,1.9559922722601506,-1.2284456567240802,1.5221126888693788
1771416022128,1.964147241313711,-1.2481794178526961,1.516549546308714
1771416022132,1.9603760347509296,-1.2514708995598762,1.5089382973404086
1771416022155,1.9559959585326603,-1.2284658164846793,1.5221011554836725
1771416022165,1.9313391783633729,-1.1722242489002965,1.534914112310993
1771416022169,1.9370443681378586,-1.2152994065225236,1.5083727114478696
1771416022173,1.9689343944167295,-1.3052047880854079,1.4741584415103075
1771416022178,1.9428236608483305,-1.1897077875166886,1.5359554542610454
1771416022182,1.9375712350954675,-1.1730097607051833,1.5421512222735305
1771416022186,1.9754389974952433,-1.2728455033194455,1.5107030010907105
1771416022191,1.93685371849041,-1.1811724288797127,1.5350029381354708
1771416022195,1.9359234838954151,-1.2317401445609608,1.493524673975862
1771416022199,1.9312924326298222,-1.204979974538046,1.5092758930346386
1771416022204,1.937106269455014,-1.1782503259786328,1.53756524040223
1771416022208,1.9574779527379196,-1.2477627252970322,1.5082467029018691
1771416022213,1.9421209898574725,-1.1935162968922013,1.5321073031278507
1771416022218,1.9801468280743761,-1.2908988785928,1.5015197454515423
1771416022222,1.9477100139072334,-1.2460755394707363,1.4969535891961478
1771416022226,1.9379452570608013,-1.2451289735326367,1.4850204236420512
1771416022230,1.9632153426856325,-1.259247392535704,1.5061575236834612
1771416022235,1.9351368250932564,-1.2370707224570363,1.4880895670192822
1771416022239,1.9399275101476212,-1.2226778808254553,1.5061133902756867
1771416022243,1.9439486598688582,-1.1770295913573658,1.5471062449861168
1771416022247,1.9465124838091266,-1.2246356984441298,1.5130030587282477
1771416022252,1.9425324326805933,-1.2290024548090783,1.504322178952781
1771416022256,1.9551792207410204,-1.2736236373161194,1.4834448475380273
1771416022260,1.947333517771191,-1.1780220102941348,1.5506037445774747
1771416022265,1.9574779527379196,-1.2477627252970322,1.5082467029018691
1771416022269,1.962300606531016,-1.2695295224369636,1.4963015946168634
1771416022274,1.961301519640311,-1.2444153304237193,1.5159598069704283
1771416022279,1.951456924930593,-1.2444248691133282,1.503193558724838
1771416022282,1.9392497768525843,-1.194759990305913,1.5274941121284273
1771416022286,1.9441890328223,-1.21436844063572,1.5182820178525727
1771416022291,1.9486490132917786,-1.2362900097334404,1.5062602659687707
1771416022295,1.9633210570231243,-1.293013934288799,1.4774114317567058
1771416022299,1.9619920439567995,-1.2727437962019978,1.493163088808154
1771416022304,1.957017511637604,-1.2528386144873145,1.5034337188269211
1771416022308,1.9490584448307664,-1.2704015079981454,1.4781437108218416
1771416022312,1.9632364631139672,-1.2940284064971255,1.4764104758767966
1771416022316,1.9602383887498076,-1.2570811200916687,1.5040882946946692
1771416022320,1.962098179170998,-1.236093738228012,1.523778702771385
1771416022325,1.9350938050861197,-1.1649521277016979,1.5451454865629852
1771416022328,1.9487576981173147,-1.2721560703152919,1.476236938547281
1771416022333,1.9546092537910278,-1.2448271148856689,1.5069514886189737
1771416022337,1.9506153208503783,-1.2135640463710904,1.5271419172073204
1771416022342,1.9506681888603787,-1.2489033792777942,1.4984481079638148
1771416022345,1.9477301438874772,-1.2459197412368,1.497109452179218
1771416022350,1.952049699488978,-1.2371984366003073,1.509913261663982
1771416022354,1.9464224000381734,-1.2603789855361227,1.4832413735428556
1771416022358,1.958617118158766,-1.2347058968972613,1.5204217716514319
1771416022362,1.9531512152055703,-1.2205343667998405,1.5248263930426667
1771416022366,1.943922646256837,-1.2131716648981485,1.518897549579444
1771416022370,1.9364095607517553,-1.1868762508186497,1.53003488594655
1771416022375,1.9481596951359144,-1.2051209645453769,1.5306892756419506
1771416022379,1.9452677232551483,-1.2347409773130296,1.5031570889572163
1771416022384,1.9550437667369804,-1.2435261518401028,1.5085883598738479
1771416022388,1.9559419889228793,-1.2292096808271065,1.5214311106956213
1771416022393,1.9607533576335956,-1.2149127015946293,1.539006451245562
1771416022397,1.954851343409081,-1.2414710700292566,1.5100309126334803
1771416022402,1.972371494692663,-1.2717436214387026,1.5076198043293751
1771416022407,1.9630915353721186,-1.2639968309054195,1.502012113037281
1771416022411,1.9408686957385712,-1.2124965026159111,1.515527474261726
1771416022416,1.9508550718044864,-1.2113057854083562,1.5292396167447182
1771416022420,1.952158461203755,-1.2358230024867243,1.5111797259671367
1771416022425,1.9497359467606865,-1.2595332088399405,1.488303180780097
1771416022429,1.9648803106847261,-1.279911930253616,1.49083201136512
1771416022433,1.9341036672524863,-1.1805789580645307,1.5319890076155191
1771416022438,1.934534988650653,-1.2077722833896916,1.5111954651166848
1771416022442,1.9506881501457018,-1.2492023828867216,1.4982248381698244
1771416022445,1.951456924930593,-1.2444248691133282,1.503193558724838
1771416022450,1.961301519640311,-1.2444153304237193,1.5159598069704283
1771416022454,1.9605672607637419,-1.2171581710759893,1.5369938095391258
1771416022459,1.9464434391867136,-1.1841674134472626,1.5447943548843714
1771416022463,1.9367006430437772,-1.2189853090498213,1.504953220896547
1771416022467,1.960245537865576,-1.2199765608825899,1.5343466882093468
1771416022472,1.9594077960356175,-1.2661149806933993,1.49540354648132
1771416022476,1.9619920439567995,-1.2727437962019978,1.493163088808154
1771416022480,1.9578348314763878,-1.2442971014135529,1.511569366835676
1771416022484,1.954851343409081,-1.2414710700292566,1.5100309126334803
1771416022489,1.9578348314763878,-1.2442971014135529,1.511569366835676
1771416022493,1.954851343409081,-1.2414710700292566,1.5100309126334803
1771416022497,1.961301519640311,-1.2444153304237193,1.5159598069704283
1771416022502,1.9428236608483305,-1.1897077875166886,1.5359554542610454
1771416022506,1.9630915353721186,-1.2639968309054195,1.502012113037281
1771416022511,1.9425324326805933,-1.2290024548090783,1.504322178952781
1771416022515,1.9417539280234326,-1.2058692798761776,1.5219354772280387
1771416022520,1.964147241313711,-1.2481794178526961,1.516549546308714
1771416022524,1.9467736442736912,-1.220892549476973,1.5163604468167473
1771416022529,1.9497328199479227,-1.227829334417885,1.514560396526006
1771416022533,1.958617118158766,-1.2347058968972613,1.5204217716514319
1771416022537,1.9479276008257247,-1.244212825534172,1.4987849688447423
1771416022541,1.943358539068517,-1.2202752916685249,1.5124716935909304
1771416022545,1.942363783264886,-1.2308844029578507,1.502564691816687
1771416022549,1.977643813576787,-1.2873933683000816,1.5012306180715569
1771416022553,1.9533122668384921,-1.2549989903110277,1.4967986992578628
1771416022558,1.9392260044680603,-1.2657029903014692,1.4692152452064593
1771416022562,1.9519374280106507,-1.2020149854393396,1.5379270781308516
1771416022567,1.9674953381244558,-1.286184202530537,1.4888814938410486
1771416022571,1.9588441496477058,-1.2362725374656425,1.51944088918171
1771416022575,1.9630915353721186,-1.2639968309054195,1.502012113037281
1771416022579,1.9683023256369303,-1.2816933319798829,1.4938126548754547
1771416022584,1.9414035887250403,-1.2059491011727301,1.52142520673714
1771416022587,1.9545676742560196,-1.2083538028570278,1.5362994110418533
1771416022592,1.956552940366509,-1.2585532202085385,1.4980464613487625
1771416022596,1.949235121512377,-1.1926161908785768,1.541811979520086
1771416022601,1.9471795391600393,-1.252598657084536,1.4908067487080678
1771416022605,1.9545930845936452,-1.2443227456179429,1.5073470174711348
1771416022610,1.9508550718044864,-1.2113057854083562,1.5292396167447182
1771416022615,1.9165338812500763,-1.1110798357699059,1.5616029317739515
1771416022619,1.9497359467606865,-1.2595332088399405,1.488303180780097
1771416022624,1.9398412787368515,-1.223547307655644,1.5052960415214172
1771416022628,1.9630915353721186,-1.2639968309054195,1.502012113037281
1771416022633,1.952049699488978,-1.2371984366003073,1.509913261663982
1771416022637,1.9338677162320659,-1.1796239098789918,1.5324267601182207
1771416022642,1.9427915238124294,-1.2268528266601162,1.5064099862632032
1771416022646,1.9425324326805933,-1.2290024548090783,1.504322178952781
1771416022651,1.952521943243827,-1.2326066288016908,1.5142730392775212
1771416022656,1.9472020340140341,-1.217430649084447,1.519690223676593
1771416022660,1.9531512152055703,-1.2205343667998405,1.5248263930426667
1771416022665,1.9655738931914994,-1.272636583292922,1.497957561635344
1771416022669,1.9642907610767932,-1.2472697595204674,1.517483555442168
1771416022673,1.955686319725995,-1.267531628646502,1.4893194927698197
1771416022678,1.9584789713606015,-1.2362936753651916,1.5189528727099157
1771416022682,1.9657851380086735,-1.2660705371916658,1.5037874197076482
1771416022686,1.951187049152104,-1.170375027512179,1.5612024839061591
1771416022690,1.9549978902609677,-1.240534238378519,1.5109902562013637
1771416022695,1.946904928605732,-1.2555135639697228,1.4879934447830525
1771416022700,1.9367006430437772,-1.2189853090498213,1.504953220896547
1771416022705,1.9523063822013853,-1.2663008899655062,1.4859280823972703
1771416022709,1.940255242267295,-1.1789595031954896,1.5409882851503978
1771416022713,1.9487576981173147,-1.2721560703152919,1.476236938547281
1771416022717,1.9604140388297753,-1.2545701940266434,1.5064119064521568
1771416022723,1.9367006430437772,-1.2189853090498213,1.504953220896547
1771416022727,1.9686568195759917,-1.2734553758791631,1.501306457358896
1771416022731,1.9389776731534518,-1.2339198019488609,1.4956859093225616
1771416022735,1.947312470590608,-1.2467190267890425,1.49590023944108
1771416022739,1.9279217262787853,-1.1705907432203626,1.531861447567818
1771416022744,1.9267731717811207,-1.1837385497681687,1.5202690226694198
1771416022749,1.9648803106847261,-1.279911930253616,1.49083201136512
1771416022753,1.9450675145216716,-1.2040975259268871,1.5275590934900891
1771416022757,1.9553068232202795,-1.2369586007359183,1.5143177318506247
1771416022762,1.9624954620131334,-1.2307997694624222,1.52856807696399
1771416022766,1.9370942471380679,-1.214692005147223,1.5089259275812108
1771416022771,1.9367006430437772,-1.2189853090498213,1.504953220896547
1771416022775,1.9712563600877677,-1.2799239903666904,1.499215200053109
1771416022779,1.9471795391600393,-1.252598657084536,1.4908067487080678
1771416022784,1.954941833348146,-1.2759629936141006,1.4811198502153544
1771416022788,1.9471795391600393,-1.252598657084536,1.4908067487080678
1771416022793,1.9341466821906161,-1.1782182845872047,1.5338595314087118
1771416022798,1.96293065939825,-1.257907289437426,1.5069061101428438
1771416022803,1.9363712848395096,-1.1907899540431728,1.5269423820501125
1771416022808,1.9384598976114966,-1.2389001130389565,1.490890098082362
1771416022811,1.9467736442736912,-1.220892549476973,1.5163604468167473
1771416022816,1.9474499189890166,-1.2092510148562712,1.5265232294463802
1771416022820,1.9324327454743004,-1.1553613458740468,1.5490114512944873
1771416022825,1.9403140541101205,-1.2189634899062258,1.5096180440273248
1771416022829,1.9267731717811207,-1.1837385497681687,1.5202690226694198
1771416022834,1.9453176694369128,-1.1975016959276554,1.5330526811802165
1771416022839,1.96307265837208,-1.2605323144238625,1.504896191217602
1771416022842,1.934534988650653,-1.2077722833896916,1.5111954651166848
1771416022848,1.9748945858233773,-1.2783789956138196,1.5053091937166565
1771416022852,1.952716969877091,-1.1936131373911985,1.5454420864895286
1771416022856,1.951950276176992,-1.2342963793558985,1.512158169166293
1771416022861,1.962098179170998,-1.236093738228012,1.523778702771385
1771416022865,1.9464434391867136,-1.1841674134472626,1.5447943548843714
1771416022869,1.9398412787368515,-1.223547307655644,1.5052960415214172
1771416022873,1.9342553038541515,-1.206789035633631,1.5116229040214915
1771416022878,1.9576564490819919,-1.2500629177292517,1.5065727577354315
1771416022882,1.9708181381590169,-1.2492286807057118,1.5243201228740768
1771416022886,1.952521943243827,-1.2326066288016908,1.5142730392775212
1771416022891,1.9657481092175015,-1.2666173344132643,1.503278469564445
1771416022896,1.9367006430437772,-1.2189853090498213,1.504953220896547
1771416022901,1.962753659690273,-1.267715890225692,1.4984319638531611
1771416022906,1.942941691912266,-1.1881699328687023,1.5372945810083642
1771416022910,1.962098179170998,-1.236093738228012,1.523778702771385
1771416022914,1.9449201226840678,-1.201867023107538,1.529127183195706
1771416022918,1.9414035887250403,-1.2059491011727301,1.52142520673714
1771416022922,1.9280818568413067,-1.1690687174628922,1.5332246999478876
1771416022926,1.9375712350954675,-1.1730097607051833,1.5421512222735305
1771416022931,1.9588441496477058,-1.2362725374656425,1.51944088918171
1771416022935,1.9500124416910258,-1.220928685364679,1.5204873126742862
1771416022939,1.9574779527379196,-1.2477627252970322,1.5082467029018691
1771416022943,1.9573623980194175,-1.2535917935442968,1.5032548594096469
1771416022948,1.932162847975159,-1.124725644697409,1.571065083074369
1771416022952,1.942941691912266,-1.1881699328687023,1.5372945810083642
1771416022956,1.9414035887250403,-1.2059491011727301,1.52142520673714
1771416022960,1.9490584448307664,-1.2704015079981454,1.4781437108218416
1771416022964,1.9584789713606015,-1.2362936753651916,1.5189528727099157
1771416022968,1.9663454733591454,-1.259878276499146,1.5097089948084508
1771416022973,1.9583908295829429,-1.2795586375449104,1.4825735511193971
1771416022977,1.9449201226840678,-1.201867023107538,1.529127183195706
1771416022981,1.9452677232551483,-1.2347409773130296,1.5031570889572163
1771416022985,1.951456924930593,-1.2444248691133282,1.503193558724838
1771416022990,1.9506681888603787,-1.2489033792777942,1.4984481079638148
1771416022994,1.9486490132917786,-1.2362900097334404,1.5062602659687707
1771416022999,1.9403140541101205,-1.2189634899062258,1.5096180440273248
1771416023003,1.93709306842809,-1.214629774228599,1.5089745085022264
1771416023007,1.9683023256369303,-1.2816933319798829,1.4938126548754547
1771416023011,1.9398055008700679,-1.26521805066969,1.4703974515298117
1771416023015,1.9573111208119296,-1.2173727022437353,1.5326677811860723
1771416023020,1.9502707092821974,-1.2173516729369744,1.523683282011598
1771416023025,1.9711397810402256,-1.2808536566337674,1.4982676485485549
1771416023029,1.946135782351559,-1.2287951061106088,1.5091411698538122
1771416023034,1.9382237850486015,-1.2019206436416965,1.5205585182149541
1771416023038,1.9650342694428382,-1.2784728907377432,1.492268993088521
1771416023042,1.93715036233028,-1.1782758127255641,1.5376012602174356
1771416023047,1.9755271569740769,-1.2721057745167812,1.5114411819131894
1771416023051,1.9574779527379196,-1.2477627252970322,1.5082467029018691
1771416023056,1.9303947686260567,-1.2145484838739458,1.5004319188348223
1771416023060,1.96710348996582,-1.2146880787281722,1.5472650101489953
1771416023064,1.949235121512377,-1.1926161908785768,1.541811979520086
1771416023068,1.9405341880284233,-1.1800127067512334,1.5405333319382477
1771416023073,1.963365821737625,-1.221444046715398,1.5371661558566052
1771416023077,1.9550437667369804,-1.2435261518401028,1.5085883598738479
1771416023082,1.9450675145216716,-1.2040975259268871,1.5275590934900891
1771416023086,1.9464224000381734,-1.2603789855361227,1.4832413735428556
1771416023091,1.956552940366509,-1.2585532202085385,1.4980464613487625
1771416023095,1.9467736442736912,-1.220892549476973,1.5163604468167473
1771416023099,1.9386092156392232,-1.2376628993434307,1.4921113358426499
1771416023103,1.9467736442736912,-1.220892549476973,1.5163604468167473
1771416023107,1.9661912292989943,-1.224733627599801,1.5381597744052866
1771416023112,1.9363712848395096,-1.1907899540431728,1.5269423820501125
1771416023116,1.9449201226840678,-1.201867023107538,1.529127183195706
1771416023120,1.9800075725820645,-1.2972318782392254,1.4958674545434336
1771416023125,1.9471795391600393,-1.252598657084536,1.4908067487080678
1771416023129,1.9478327983085424,-1.16786911667224,1.5588888146656543
1771416023134,1.939632264347181,-1.1929811351102269,1.5293689326541478
1771416023139,1.9573263525095446,-1.2848245936814005,1.4766015758151358
1771416023142,1.951456924930593,-1.2444248691133282,1.503193558724838
1771416023146,1.9441890328223,-1.21436844063572,1.5182820178525727
1771416023151,1.9696320698175638,-1.2627603422785527,1.5115842048732755
1771416023156,1.9681490747316017,-1.2429238895754575,1.5260245689665275
1771416023161,1.9414942358770753,-1.2047791307172295,1.52246744271664
1771416023165,1.9427915238124294,-1.2268528266601162,1.5064099862632032
1771416023169,1.9404910127142294,-1.2521541981085649,1.4824355751882754
1771416023174,1.9640521502769148,-1.249372038167961,1.5154439479081396
1771416023178,1.937106269455014,-1.1782503259786328,1.53756524040223
1771416023182,1.9334915387413123,-1.2236143325498536,1.4970495968947801
1771416023187,1.9413633971461766,-1.2061426058464724,1.5212205146331759
1771416023191,1.9451363358144604,-1.235519038021104,1.5023475202472665
1771416023195,1.974231051198407,-1.2458524690787371,1.5314828986333415
1771416023200,1.95156963908004,-1.2031094764984995,1.53660393196767
1771416023203,1.9472487058720953,-1.2122007175408687,1.523924848184435
1771416023207,1.9583908295829429,-1.2795586375449104,1.4825735511193971
1771416023212,1.9396094842446927,-1.1859291396509193,1.5348149813898722
1771416023216,1.9507180332279872,-1.2129225945769564,1.5277825842460604
1771416023220,1.9582812481566663,-1.278131205265139,1.4836596877348638
1771416023224,1.9479276008257247,-1.244212825534172,1.4987849688447423
1771416023228,1.9465289149401357,-1.1872098901216395,1.5425652315203355
1771416023233,1.9332111681967734,-1.1871372166822147,1.5257819797103183
1771416023236,1.9493547144156986,-1.2276735624202741,1.5141999295829542
1771416023241,1.961301519640311,-1.2444153304237193,1.5159598069704283
1771416023245,1.9565143795241386,-1.186125591701598,1.5559738423235974
1771416023250,1.9632153426856325,-1.259247392535704,1.5061575236834612
1771416023254,1.9427915238124294,-1.2268528266601162,1.5064099862632032
1771416023258,1.9667897360215003,-1.2543188058716703,1.5149079836597963
1771416023262,1.9481024380364056,-1.2060065005085343,1.5299187657567137
1771416023266,1.9800075725820645,-1.2972318782392254,1.4958674545434336
1771416023271,1.948914447406527,-1.2325687532037906,1.5096495593135322
1771416023276,1.9367006430437772,-1.2189853090498213,1.504953220896547
1771416023280,1.9382237850486015,-1.2019206436416965,1.5205585182149541
1771416023284,1.9396617653672021,-1.2215235826920126,1.5067076361904723
1771416023288,1.9369370815968021,-1.2204082977828041,1.5041040006487634
1771416023293,1.9598424190756272,-1.224737159295645,1.5300330709656702
1771416023297,1.9377271575784907,-1.1715293793014583,1.5434718820408608
1771416023302,1.9559922722601506,-1.2284456567240802,1.5221126888693788
1771416023306,1.9439413469005478,-1.1764310646309102,1.5475522318684105
1771416023311,1.9477483066286891,-1.2419463927880234,1.5004308126054138
1771416023315,1.9650342694428382,-1.2784728907377432,1.492268993088521
1771416023319,1.9652308741377325,-1.2397458295293664,1.5248484078191835
1771416023323,1.9468634179707376,-1.2206370610404964,1.51668135527774
1771416023328,1.9698875137185783,-1.2947777532928229,1.4845899724443619
1771416023333,1.9573111208119296,-1.2173727022437353,1.5326677811860723
1771416023337,1.9477483066286891,-1.2419463927880234,1.5004308126054138
1771416023341,1.9674953381244558,-1.286184202530537,1.4888814938410486
1771416023345,1.9594077960356175,-1.2661149806933993,1.49540354648132
1771416023350,1.9506681888603787,-1.2489033792777942,1.4984481079638148
1771416023353,1.9613886403412726,-1.2440550800715187,1.5163681466609726
1771416023359,1.9708428271754188,-1.2880568240681214,1.4916873222630613
1771416023363,1.93685371849041,-1.1811724288797127,1.5350029381354708
1771416023367,1.9553068232202795,-1.2369586007359183,1.5143177318506247
1771416023371,1.968219784348957,-1.2419838730648076,1.5268808658666184
1771416023375,1.9481596951359144,-1.2051209645453769,1.5306892756419506
1771416023379,1.9734047363265785,-1.294969499086516,1.489087052455897
1771416023383,1.9487576981173147,-1.2721560703152919,1.476236938547281
1771416023387,1.9424078863165197,-1.2310757089390634,1.5024649731973097
1771416023391,1.9638539418287615,-1.251448714396437,1.5134723056838106
1771416023395,1.943358539068517,-1.2202752916685249,1.5124716935909304
1771416023399,1.9418277219442217,-1.2374131241285924,1.4964971306171633
1771416023403,1.9336380896773762,-1.1818290643651217,1.5304366450373024
1771416023407,1.9646248141424199,-1.2434811333123632,1.5210211475980004
1771416023411,1.9449201226840678,-1.201867023107538,1.529127183195706
1771416023416,1.929260678218915,-1.1915648109318782,1.5173068463137525
1771416023420,1.9674885095537944,-1.2865762207895135,1.4885337293206307
1771416023424,1.9441290185669677,-1.2148781742024448,1.5177973061910128
1771416023428,1.9719908320192656,-1.235003307571712,1.537372652239842
1771416023432,1.9604140388297753,-1.2545701940266434,1.5064119064521568
1771416023437,1.9667600142922599,-1.2552880521314174,1.5140663327592363
1771416023441,1.963869722521013,-1.251941864284456,1.5130848804633275
1771416023445,1.952521943243827,-1.2326066288016908,1.5142730392775212
1771416023448,1.9583908295829429,-1.2795586375449104,1.4825735511193971
1771416023453,1.9474499189890166,-1.2092510148562712,1.5265232294463802
1771416023456,1.9500124416910258,-1.220928685364679,1.5204873126742862
1771416023460,1.968499681019721,-1.3099708854260093,1.4693424629782332
1771416023464,1.9449201226840678,-1.201867023107538,1.529127183195706
1771416023468,1.9486490132917786,-1.2362900097334404,1.5062602659687707
1771416023473,1.9257217110439138,-1.1591955661819398,1.537748271899543
1771416023477,1.9545930845936452,-1.2443227456179429,1.5073470174711348
1771416023481,1.9720799749566662,-1.3064791414584138,1.4772310857002608
1771416023485,1.9495798546995882,-1.2997503783605158,1.4531037691101634
1771416023489,1.9451821285029953,-1.2388695987363976,1.4996451681561744
1771416023494,1.947340350132472,-1.1783177396710351,1.5503876107704813
1771416023498,1.9486490132917786,-1.2362900097334404,1.5062602659687707
1771416023503,1.930601340876013,-1.216232090865598,1.4993335314535439
1771416023507,1.9479276008257247,-1.244212825534172,1.4987849688447423
1771416023511,1.9578348314763878,-1.2442971014135529,1.511569366835676
1771416023515,1.9414035887250403,-1.2059491011727301,1.52142520673714
1771416023519,1.9449201226840678,-1.201867023107538,1.529127183195706
1771416023524,1.9637923490131854,-1.2521499567164003,1.512812240807775
1771416023529,1.9677144284537056,-1.2834671305953527,1.49151339136671
1771416023533,1.9577836352726405,-1.2803312085819467,1.4811038987432472
1771416023537,1.9502707092821974,-1.2173516729369744,1.523683282011598
1771416023542,1.9578348314763878,-1.2442971014135529,1.511569366835676
1771416023546,1.9403140541101205,-1.2189634899062258,1.5096180440273248
1771416023550,1.9386830991659996,-1.1598529322169588,1.5534585075307312
1771416023555,1.9561335359122887,-1.227568140103232,1.5230019276823668
1771416023559,1.944774568388039,-1.2041749005704747,1.5271250540427168
1771416023563,1.9686568195759917,-1.2734553758791631,1.501306457358896
1771416023567,1.9451363358144604,-1.235519038021104,1.5023475202472665
1771416023572,1.9596545002540176,-1.2228833764709979,1.5312746350399444
1771416023576,1.9352121088686804,-1.1639522841294252,1.5460468901627336
1771416023581,1.959788955919931,-1.2251669817527249,1.5296204164983715
1771416023585,1.9578348314763878,-1.2442971014135529,1.511569366835676
1771416023590,1.9428236608483305,-1.1897077875166886,1.5359554542610454
1771416023594,1.9374030408255656,-1.2152849175332123,1.508844959502613
1771416023599,1.957431892789951,-1.252088021771861,1.5045980196207482
1771416023603,1.9558622373348937,-1.2665160976677874,1.4904140585022054
1771416023607,1.9347251661003635,-1.1696177133085148,1.5411540718101613
1771416023612,1.9598343162912129,-1.2615348426583148,1.499826786022875
1771416023617,1.9496052043136367,-1.2289893017069904,1.5134549048374655
1771416023620,1.9619920439567995,-1.2727437962019978,1.493163088808154
1771416023624,1.9403319845336782,-1.1818506682795575,1.5388688079532853
1771416023629,1.942941691912266,-1.1881699328687023,1.5372945810083642
1771416023633,1.9512759381797575,-1.1688680583511506,1.5624420786338622
1771416023637,1.9389996165822156,-1.1970764913616272,1.5253613955175722
1771416023642,1.9467736442736912,-1.220892549476973,1.5163604468167473
1771416023646,1.9534551416939436,-1.2212020646720658,1.5246811167753043
1771416023650,1.926399443270672,-1.1838208992431565,1.5197311912139855
1771416023655,1.9306744051203224,-1.175222710114105,1.531781720813631
1771416023660,1.956015270522843,-1.2287848403987436,1.521868441924198
1771416023664,1.9451821285029953,-1.2388695987363976,1.4996451681561744
1771416023668,1.9439675874638704,-1.248750771626242,1.4898427740781797
1771416023672,1.9464434391867136,-1.1841674134472626,1.5447943548843714
1771416023677,1.9553068232202795,-1.2369586007359183,1.5143177318506247
1771416023697,1.954851343409081,-1.2414710700292566,1.5100309126334803
1771416023703,1.9448293313563683,-1.2389148387901219,1.499150142690753
1771416023710,1.9423025660406947,-1.2321406713849432,1.501455501827253
1771416023715,1.9545930845936452,-1.2443227456179429,1.5073470174711348
1771416023720,1.9584789713606015,-1.2362936753651916,1.5189528727099157
1771416023724,1.9549978902609677,-1.240534238378519,1.5109902562013637
1771416023728,1.934334492776685,-1.1696124017429173,1.5406676343828347
1771416023732,1.9364040017525428,-1.1905486690353464,1.5271720023171675
1771416023736,1.937106269455014,-1.1782503259786328,1.53756524040223
1771416023740,1.9583908295829429,-1.2795586375449104,1.4825735511193971
1771416023745,1.960245537865576,-1.2199765608825899,1.5343466882093468
1771416023749,1.942486025699092,-1.2297344152782907,1.5036639345001308
1771416023754,1.9059719821268148,-1.115126652314205,1.5457107575322537
1771416023758,1.9539926914535517,-1.2864869089216053,1.4707273273544719
1771416023762,1.953298814651068,-1.260653400028168,1.4920218712588253
1771416023766,1.9336380896773762,-1.1818290643651217,1.5304366450373024
1771416023771,1.9413633971461766,-1.2061426058464724,1.5212205146331759
1771416023775,1.964147241313711,-1.2481794178526961,1.516549546308714
1771416023779,1.952716969877091,-1.1936131373911985,1.5454420864895286
1771416023783,1.9775904996469553,-1.2484533542830243,1.533697625502941
1771416023787,1.9330833893574149,-1.1541986100715131,1.5506891883025875
1771416023792,1.9629772052060492,-1.2252392093009725,1.5336454571217168
1771416023796,1.9539981515623195,-1.251571884296518,1.500558760844581
1771416023800,1.955234605868848,-1.2734209873931261,1.4836917984722517
1771416023804,1.9382237850486015,-1.2019206436416965,1.5205585182149541
1771416023808,1.9396094842446927,-1.1859291396509193,1.5348149813898722
1771416023813,1.9588441496477058,-1.2362725374656425,1.51944088918171
1771416023817,1.9543187974156135,-1.21206854543868,1.533053098587969
1771416023821,1.9583908295829429,-1.2795586375449104,1.4825735511193971
1771416023825,1.943922646256837,-1.2131716648981485,1.518897549579444
1771416023830,1.9313391783633729,-1.1722242489002965,1.534914112310993
1771416023834,1.9596545002540176,-1.2228833764709979,1.5312746350399444
1771416023838,1.952049699488978,-1.2371984366003073,1.509913261663982
1771416023842,1.9650342694428382,-1.2784728907377432,1.492268993088521
1771416023846,1.9630843291371483,-1.2631086958332869,1.502749648415923
1771416023851,1.9181013668970825,-1.1719023101589379,1.5184722022930155
1771416023855,1.9689261980597577,-1.2298057444832,1.5376112006102758
1771416023860,1.9533122668384921,-1.2549989903110277,1.4967986992578628
1771416023864,1.9594077960356175,-1.2661149806933993,1.49540354648132
1771416023868,1.9453176694369128,-1.1975016959276554,1.5330526811802165
1771416023873,1.9220262236388235,-1.1620583102477398,1.530949146098421
1771416023877,1.9506153208503783,-1.2135640463710904,1.5271419172073204
1771416023882,1.9428236608483305,-1.1897077875166886,1.5359554542610454
1771416023886,1.9534551416939436,-1.2212020646720658,1.5246811167753043
1771416023890,1.9583908295829429,-1.2795586375449104,1.4825735511193971
1771416023894,1.9340419296315325,-1.2138047220763795,1.5057211834326916
1771416023899,1.9583591238612539,-1.2012049067044108,1.5466988168741402
1771416023903,1.9578348314763878,-1.2442971014135529,1.511569366835676
1771416023907,1.9307748339041433,-1.1786643875923744,1.5292618221413445
1771416023912,1.952049699488978,-1.2371984366003073,1.509913261663982
1771416023916,1.937106269455014,-1.1782503259786328,1.53756524040223
1771416023920,1.9700018609386678,-1.2585345705879787,1.5155850575724037
1771416023924,1.9441290185669677,-1.2148781742024448,1.5177973061910128
1771416023929,1.9279217262787853,-1.1705907432203626,1.531861447567818
1771416023933,1.9493547144156986,-1.2276735624202741,1.5141999295829542
1771416023937,1.9613886403412726,-1.2440550800715187,1.5163681466609726
1771416023942,1.923051246228624,-1.1493866231367158,1.54176408252879
1771416023946,1.947340350132472,-1.1783177396710351,1.5503876107704813
1771416023951,1.9456850268162644,-1.1976925992279723,1.5333697079737656
1771416023955,1.9430797906992612,-1.1870414185533622,1.5383405811661819
1771416023960,1.9576564490819919,-1.2500629177292517,1.5065727577354315
1771416023964,1.9584762572806558,-1.2364694797822584,1.5188062667434044
1771416023969,1.9571067929978303,-1.215664262768086,1.5337624977247222
1771416023973,1.9584762572806558,-1.2364694797822584,1.5188062667434044
1771416023977,1.9458205770220638,-1.267797153325961,1.4761124943516557
1771416023981,1.9648803106847261,-1.279911930253616,1.49083201136512
1771416023985,1.9359234838954151,-1.2317401445609608,1.493524673975862
1771416023990,1.9669689510453232,-1.2566646232184233,1.5131955852194512
1771416023994,1.9611419563241839,-1.2097863201317285,1.5435332301175697
1771416023998,1.9441890328223,-1.21436844063572,1.5182820178525727
1771416024002,1.9584762572806558,-1.2364694797822584,1.5188062667434044
1771416024007,1.9370443681378586,-1.2152994065225236,1.5083727114478696
1771416024011,1.9610411712455182,-1.2836996120787987,1.4824971437641072
1771416024015,1.9392497768525843,-1.194759990305913,1.5274941121284273
1771416024019,1.9502008548874439,-1.2179505364639913,1.5231151844594002
1771416024024,1.9605867748776855,-1.2883398804913595,1.4778636114881487
1771416024028,1.9202687980775377,-1.1819911404549286,1.513383362124815
1771416024033,1.942363783264886,-1.2308844029578507,1.502564691816687
1771416024037,1.9472020340140341,-1.217430649084447,1.519690223676593
1771416024042,1.9375712350954675,-1.1730097607051833,1.5421512222735305
1771416024046,1.9551792207410204,-1.2736236373161194,1.4834448475380273
1771416024050,1.929931475383002,-1.2265624309212393,1.4900268798671354
1771416024055,1.9772861866863205,-1.2880732069877694,1.5001760155064383
1771416024059,1.9506153208503783,-1.2135640463710904,1.5271419172073204
1771416024063,1.9326232819936355,-1.2296472325707826,1.4909729821612687
1771416024068,1.931848405429408,-1.1617447300716461,1.5434984430542533
1771416024073,1.9413633971461766,-1.2061426058464724,1.5212205146331759
1771416024077,1.951456924930593,-1.2444248691133282,1.503193558724838
1771416024081,1.9717021289778403,-1.2384430280937808,1.534232104859514
1771416024085,1.9506153208503783,-1.2135640463710904,1.5271419172073204
1771416024089,1.9453176694369128,-1.1975016959276554,1.5330526811802165
1771416024094,1.9447867981169629,-1.2462014229596907,1.4930431017031192
1771416024098,1.949235121512377,-1.1926161908785768,1.541811979520086
1771416024102,1.9603760347509296,-1.2514708995598762,1.5089382973404086
1771416024107,1.974824911821741,-1.2397076344682703,1.537224256051417
1771416024111,1.9525400131161503,-1.2678295787179348,1.4849311977824158
1771416024115,1.9684186251816247,-1.276257724191632,1.4986120596749226
1771416024119,1.9443552424362902,-1.244698577959684,1.4937345007780416
1771416024124,1.947340350132472,-1.1783177396710351,1.5503876107704813
1771416024128,1.9374030408255656,-1.2152849175332123,1.508844959502613
1771416024132,1.9263819939690248,-1.1886053624602064,1.515969946608084
1771416024137,1.9568072902917593,-1.2944439586980763,1.4674841086461654
1771416024141,1.9336380896773762,-1.1818290643651217,1.5304366450373024
1771416024145,1.9571067929978303,-1.215664262768086,1.5337624977247222
1771416024149,1.9607533576335956,-1.2149127015946293,1.539006451245562
1771416024154,1.9481024380364056,-1.2060065005085343,1.5299187657567137
1771416024157,1.9525131744195758,-1.2286124847456408,1.5175042202936873
1771416024161,1.9506153208503783,-1.2135640463710904,1.5271419172073204
1771416024166,1.9601301065739583,-1.2928716916547494,1.4732931899711692
1771416024170,1.9453176694369128,-1.1975016959276554,1.5330526811802165
1771416024174,1.9574779527379196,-1.2477627252970322,1.5082467029018691
1771416024178,1.9577802132767415,-1.280036262087637,1.4813542895737783
1771416024182,1.9382237850486015,-1.2019206436416965,1.5205585182149541
1771416024186,1.954851343409081,-1.2414710700292566,1.5100309126334803
1771416024190,1.9380861889562835,-1.1711592889858995,1.5442033530740482
1771416024195,1.9536393146487814,-1.21565215426339,1.5293450923765175
1771416024199,1.9408686957385712,-1.2124965026159111,1.515527474261726
1771416024203,1.9569396166048765,-1.2937389575287586,1.4682820481127057
1771416024208,1.9604140388297753,-1.2545701940266434,1.5064119064521568
1771416024212,1.9389004276593451,-1.1982963343847604,1.5242771281422671
1771416024216,1.9523063822013853,-1.2663008899655062,1.4859280823972703
1771416024221,1.9295851606632846,-1.2318046066579666,1.4852462096461199
1771416024225,1.9370443681378586,-1.2152994065225236,1.5083727114478696
1771416024229,1.951081811734074,-1.2086540067806064,1.531625191740036
1771416024233,1.961430802449678,-1.2430626944995062,1.517236280327496
1771416024237,1.9638539418287615,-1.251448714396437,1.5134723056838106
1771416024242,1.9545371551992827,-1.2449732642493474,1.5067372240569452
1771416024246,1.9612285440989903,-1.24117478241389,1.51851985883902
1771416024250,1.9667600142922599,-1.2552880521314174,1.5140663327592363
1771416024254,1.9539981515623195,-1.251571884296518,1.500558760844581
1771416024258,1.9477483066286891,-1.2419463927880234,1.5004308126054138
1771416024262,1.9467826528969152,-1.2209339226190823,1.5163387003629274
1771416024267,1.9417173799883876,-1.2062546308622248,1.5215834348705317
1771416024271,1.9295774438272673,-1.1885292180478795,1.520087961130364
1771416024276,1.9576564490819919,-1.2500629177292517,1.5065727577354315
1771416024280,1.9506881501457018,-1.2492023828867216,1.4982248381698244
1771416024284,1.9657851380086735,-1.2660705371916658,1.5037874197076482
1771416024289,1.9655738931914994,-1.272636583292922,1.497957561635344
1771416024293,1.9413633971461766,-1.2061426058464724,1.5212205146331759
1771416024297,1.9441890328223,-1.21436844063572,1.5182820178525727
1771416024301,1.952049699488978,-1.2371984366003073,1.509913261663982
1771416024306,1.944123561968083,-1.2514551644409813,1.4877756536499256
1771416024310,1.9419339354551697,-1.1631499493998345,1.555052926714575
1771416024314,1.9630915353721186,-1.2639968309054195,1.502012113037281
1771416024318,1.9440039668612086,-1.2123541107979672,1.519654215011884
1771416024323,1.958617118158766,-1.2347058968972613,1.5204217716514319
1771416024327,1.942486025699092,-1.2297344152782907,1.5036639345001308
1771416024332,1.9627635960168375,-1.2314869470652618,1.528358869198209
1771416024335,1.9525131744195758,-1.2286124847456408,1.5175042202936873
1771416024340,1.9382237850486015,-1.2019206436416965,1.5205585182149541
1771416024344,1.9661951871091063,-1.3011209453455732,1.4741125463797042
1771416024349,1.926399443270672,-1.1838208992431565,1.5197311912139855
1771416024353,1.962387203538054,-1.2319381264471583,1.5275116985528359
1771416024358,1.926399443270672,-1.1838208992431565,1.5197311912139855
1771416024363,1.948914447406527,-1.2325687532037906,1.5096495593135322
1771416024367,1.9326232819936355,-1.2296472325707826,1.4909729821612687
1771416024371,1.9633210570231243,-1.293013934288799,1.4774114317567058
1771416024376,1.9493547144156986,-1.2276735624202741,1.5141999295829542
1771416024380,1.9549978902609677,-1.240534238378519,1.5109902562013637
1771416024385,1.9714452390275479,-1.2780828444006287,1.5010331686319207
1771416024388,1.9553068232202795,-1.2369586007359183,1.5143177318506247
1771416024393,1.9413633971461766,-1.2061426058464724,1.5212205146331759
1771416024397,1.9369965922460244,-1.1466926747273773,1.5611059246890597
1771416024401,1.9377308381509732,-1.1716936100067832,1.5433518346088637
1771416024406,1.9612285440989903,-1.24117478241389,1.51851985883902
1771416024410,1.9683023256369303,-1.2816933319798829,1.4938126548754547
1771416024414,1.9441890328223,-1.21436844063572,1.5182820178525727
1771416024418,1.923114010337052,-1.1898055573654922,1.5108706868613373
1771416024422,1.942941691912266,-1.1881699328687023,1.5372945810083642
1771416024427,1.9477301438874772,-1.2459197412368,1.497109452179218
1771416024431,1.9657851380086735,-1.2660705371916658,1.5037874197076482
1771416024435,1.952867188516892,-1.2642609133274048,1.4884000131075068
1771416024440,1.9430797906992612,-1.1870414185533622,1.5383405811661819
1771416024444,1.952010536610777,-1.2012947730736308,1.5385824655264557
1771416024449,1.952049699488978,-1.2371984366003073,1.509913261663982
1771416024453,1.9501254136055275,-1.255427833126743,1.4922768123243155
1771416024457,1.9687370020939392,-1.2726060508915609,1.5021315597004203
1771416024461,1.949879542430537,-1.1856478826392827,1.5479888011165024
1771416024466,1.9571067929978303,-1.215664262768086,1.5337624977247222
1771416024470,1.9602383887498076,-1.2570811200916687,1.5040882946946692
1771416024474,1.943922646256837,-1.2131716648981485,1.518897549579444
1771416024479,1.9618164071806794,-1.2392982438272748,1.5208101388174466
1771416024483,1.9695371575904892,-1.2985951809247216,1.4807859977757463
1771416024487,1.9508550718044864,-1.2113057854083562,1.5292396167447182
1771416024491,1.9414461830479042,-1.1686277344924885,1.5503298035728494
1771416024496,1.9340419296315325,-1.2138047220763795,1.5057211834326916
1771416024500,1.9559922722601506,-1.2284456567240802,1.5221126888693788
1771416024504,1.9539981515623195,-1.251571884296518,1.500558760844581
1771416024509,1.9467736442736912,-1.220892549476973,1.5163604468167473
1771416024514,1.9343232244099682,-1.1738559257062702,1.5374227142123442
1771416024518,1.9214174581198544,-1.168271385798228,1.525446497748397
1771416024523,1.937106269455014,-1.1782503259786328,1.53756524040223
1771416024527,1.9389776731534518,-1.2339198019488609,1.4956859093225616
1771416024532,1.952049699488978,-1.2371984366003073,1.509913261663982
1771416024536,1.9451821285029953,-1.2388695987363976,1.4996451681561744
1771416024540,1.9632364631139672,-1.2940284064971255,1.4764104758767966
1771416024544,1.9239019027986546,-1.1761222325828988,1.5225422902555126
1771416024549,1.946785556393927,-1.2208419238245205,1.5164164993880986
1771416024553,1.9605867748776855,-1.2883398804913595,1.4778636114881487
1771416024557,1.9421028899627355,-1.198644259446241,1.5280757751165948
1771416024562,1.9825902031415588,-1.2991815465138394,1.4975951464901305
1771416024566,1.9615264965221852,-1.241758874157813,1.5184271780394736
1771416024571,1.9517824459843394,-1.2764143496809404,1.476557186288832
1771416024575,1.952716969877091,-1.1936131373911985,1.5454420864895286
1771416024579,1.9216639329751168,-1.1660168375228637,1.5274806073762686
1771416024584,1.952049699488978,-1.2371984366003073,1.509913261663982
1771416024588,1.9389996165822156,-1.1970764913616272,1.5253613955175722
1771416024593,1.959840458443179,-1.2960769746705356,1.4700881260249814
1771416024598,1.939676359355441,-1.1891823666640533,1.5323803959388345
1771416024602,1.9506153208503783,-1.2135640463710904,1.5271419172073204
1771416024607,1.9493547144156986,-1.2276735624202741,1.5141999295829542
1771416024611,1.9549735677272932,-1.2763485889935313,1.4808294736014012
1771416024616,1.9486490132917786,-1.2362900097334404,1.5062602659687707
1771416024620,1.9633210570231243,-1.293013934288799,1.4774114317567058
1771416024624,1.9557324148433777,-1.2273345162612586,1.522675035476333
1771416024629,1.953121673700572,-1.2209261305544048,1.5244748787724816
1771416024633,1.9639364691307584,-1.2861867531630187,1.4841732010684474
1771416024638,1.940255242267295,-1.1789595031954896,1.5409882851503978
1771416024642,1.939676359355441,-1.1891823666640533,1.5323803959388345
1771416024646,1.9585910864955958,-1.275530109947399,1.4863048081458843
1771416024650,1.9531147731956902,-1.1843594056777131,1.5530454325157348
1771416024654,1.9545930845936452,-1.2443227456179429,1.5073470174711348
1771416024659,1.9495151230908514,-1.2299649372392392,1.5125460218856193
1771416024664,1.9364095607517553,-1.1868762508186497,1.53003488594655
1771416024668,1.952716969877091,-1.1936131373911985,1.5454420864895286
1771416024673,1.9369370815968021,-1.2204082977828041,1.5041040006487634
1771416024677,1.969315897855972,-1.301597900195048,1.4778524999999543
1771416024682,1.9533253138845508,-1.258500960262777,1.4938725229683578
1771416024687,1.9313391783633729,-1.1722242489002965,1.534914112310993
1771416024691,1.9445264354919363,-1.170075636174451,1.5530956390248247
1771416024695,1.9602942692961003,-1.2563764149556194,1.5047497885623369
1771416024700,1.9456834251254198,-1.1971493328399616,1.5337918586589967
1771416024704,1.9463060123177085,-1.2638326153736834,1.4801466866164903
1771416024708,1.966703641461817,-1.2591061638218135,1.510819274951537
1771416024712,1.9594077960356175,-1.2661149806933993,1.49540354648132
1771416024717,1.9249352422757922,-1.2043260332722447,1.501657248688296
1771416024721,1.93993732488995,-1.2231179236403829,1.5057686971679332
1771416024725,1.948914447406527,-1.2325687532037906,1.5096495593135322
1771416024730,1.9495151230908514,-1.2299649372392392,1.5125460218856193
1771416024735,1.952521943243827,-1.2326066288016908,1.5142730392775212
1771416024739,1.9452677232551483,-1.2347409773130296,1.5031570889572163
1771416024743,1.966703641461817,-1.2591061638218135,1.510819274951537
1771416024748,1.9798205215334872,-1.294428290642098,1.4980469611699445
1771416024752,1.947312470590608,-1.2467190267890425,1.49590023944108
1771416024756,1.9481108055217944,-1.2424653671593695,1.5004717664788991
1771416024760,1.9681490747316017,-1.2429238895754575,1.5260245689665275
1771416024765,1.9582812481566663,-1.278131205265139,1.4836596877348638
1771416024770,1.9530642444441746,-1.2255184271856554,1.5207118489558409
1771416024774,1.9553068232202795,-1.2369586007359183,1.5143177318506247
1771416024779,1.9557324148433777,-1.2273345162612586,1.522675035476333
1771416024783,1.955686319725995,-1.267531628646502,1.4893194927698197
1771416024788,1.957431892789951,-1.252088021771861,1.5045980196207482
1771416024792,1.9616366768855817,-1.2003428318611225,1.5515139503408693
1771416024796,1.9487576981173147,-1.2721560703152919,1.476236938547281
1771416024800,1.9304147641988882,-1.178350971466068,1.5290487728918338
1771416024803,1.9578832709886882,-1.1695665797335912,1.5701658888116359
1771416024808,1.9577361239532798,-1.2803162240593313,1.4810540494668207
1771416024812,1.9642907610767932,-1.2472697595204674,1.517483555442168
1771416024816,1.9631127216123165,-1.2645399904293162,1.501582555293295
1771416024821,1.9714452390275479,-1.2780828444006287,1.5010331686319207
1771416024826,1.9493547144156986,-1.2276735624202741,1.5141999295829542
1771416024830,1.9418204888413497,-1.2016982286569533,1.52531576341648
1771416024835,1.953415030181239,-1.2218516267869364,1.5241092094256528
1771416024839,1.9696320698175638,-1.2627603422785527,1.5115842048732755
1771416024843,1.9557324148433777,-1.2273345162612586,1.522675035476333
1771416024848,1.9658841607024884,-1.299742836523702,1.474913249044244
1771416024852,1.9481024380364056,-1.2060065005085343,1.5299187657567137
1771416024856,1.9418204888413497,-1.2016982286569533,1.52531576341648
1771416024861,1.9383146500036337,-1.2406001318352806,1.4892867404596717
1771416024865,1.9456431714936,-1.1940919661422749,1.5361223021537542
1771416024869,1.9545930845936452,-1.2443227456179429,1.5073470174711348
1771416024874,1.955393959168697,-1.2353177326357503,1.5157689913008185
1771416024878,1.9453176694369128,-1.1975016959276554,1.5330526811802165
1771416024882,1.9288310555802288,-1.196871003896949,1.5125769537453126
1771416024887,1.947629282603206,-1.2110799110558779,1.5253016985142205
1771416024892,1.952049699488978,-1.2371984366003073,1.509913261663982
1771416024896,1.9361202998868243,-1.1570299397554504,1.552367074548847
1771416024900,1.9523063822013853,-1.2663008899655062,1.4859280823972703
1771416024904,1.936809396010916,-1.1825207283174037,1.5339085251656457
1771416024909,1.9583908295829429,-1.2795586375449104,1.4825735511193971
1771416024913,1.9512521705517785,-1.2820017691030117,1.4710052675295813
1771416024917,1.947340350132472,-1.1783177396710351,1.5503876107704813
1771416024921,1.9413633971461766,-1.2061426058464724,1.5212205146331759
1771416024926,1.9570897781863876,-1.2197742841511225,1.530474140782934
1771416024930,1.9421209898574725,-1.1935162968922013,1.5321073031278507
1771416024934,1.930601340876013,-1.216232090865598,1.4993335314535439
1771416024938,1.9545140819528248,-1.2090001407327347,1.5357226169657467
1771416024943,1.960245537865576,-1.2199765608825899,1.5343466882093468
1771416024947,1.9551792207410204,-1.2736236373161194,1.4834448475380273
1771416024951,1.9477301438874772,-1.2459197412368,1.497109452179218
1771416024956,1.9533583268981503,-1.2189804907009898,1.5263339466030084
1771416024960,1.9342553038541515,-1.206789035633631,1.5116229040214915
1771416024965,1.9527801324133764,-1.260532030484831,1.49144535457059
1771416024970,1.9584762572806558,-1.2364694797822584,1.5188062667434044
1771416024974,1.952158461203755,-1.2358230024867243,1.5111797259671367
1771416024978,1.9557324148433777,-1.2273345162612586,1.522675035476333
1771416024983,1.963869722521013,-1.251941864284456,1.5130848804633275
1771416024987,1.973574041763435,-1.258034587787503,1.5206391663549867
1771416024992,1.9677132219905307,-1.285965213168227,1.489358517791318
1771416024996,1.9683023256369303,-1.2816933319798829,1.4938126548754547
1771416025000,1.951081811734074,-1.2086540067806064,1.531625191740036
1771416025004,1.9690191405153843,-1.232758013223627,1.535364470263943
1771416025009,1.9525131744195758,-1.2286124847456408,1.5175042202936873
1771416025013,1.966703641461817,-1.2591061638218135,1.510819274951537
1771416025017,1.9398055008700679,-1.26521805066969,1.4703974515298117
1771416025021,1.951950276176992,-1.2342963793558985,1.512158169166293
1771416025025,1.9418204888413497,-1.2016982286569533,1.52531576341648
1771416025029,1.9479276008257247,-1.244212825534172,1.4987849688447423
1771416025034,1.9363712848395096,-1.1907899540431728,1.5269423820501125
1771416025039,1.9441290185669677,-1.2148781742024448,1.5177973061910128
1771416025044,1.9584762572806558,-1.2364694797822584,1.5188062667434044
1771416025048,1.957742447441433,-1.2494032221319258,1.50723159436111
1771416025052,1.9603760347509296,-1.2514708995598762,1.5089382973404086
1771416025057,1.9430797906992612,-1.1870414185533622,1.5383405811661819
1771416025060,1.9714452390275479,-1.2780828444006287,1.5010331686319207
1771416025065,1.9441890328223,-1.21436844063572,1.5182820178525727
1771416025069,1.9642907610767932,-1.2472697595204674,1.517483555442168
1771416025074,1.9405040750277232,-1.1797697889794367,1.5406814434563085
1771416025079,1.9584789713606015,-1.2362936753651916,1.5189528727099157
1771416025083,1.967434970101696,-1.2866414700920161,1.4884065603921923
1771416025088,1.944774568388039,-1.2041749005704747,1.5271250540427168
1771416025092,1.9630843291371483,-1.2631086958332869,1.502749648415923
1771416025097,1.9506153208503783,-1.2135640463710904,1.5271419172073204
1771416025101,1.9571067929978303,-1.215664262768086,1.5337624977247222
1771416025105,1.9659704286757187,-1.2988904424525343,1.4757788943242307
1771416025109,1.9652308741377325,-1.2397458295293664,1.5248484078191835
1771416025114,1.9497328199479227,-1.227829334417885,1.514560396526006
1771416025119,1.9458685506402114,-1.154196941244638,1.5665994501442155
1771416025123,1.9260419009675154,-1.1561411609064585,1.5404463704850055
1771416025127,1.9242927702105446,-1.1758154579586704,1.5232730137142239
1771416025131,1.9481108055217944,-1.2424653671593695,1.5004717664788991
1771416025135,1.9584762572806558,-1.2364694797822584,1.5188062667434044
1771416025140,1.9669689510453232,-1.2566646232184233,1.5131955852194512
1771416025145,1.936002915075818,-1.190906501390794,1.5263842871725337
1771416025150,1.9765624881296069,-1.299840693847435,1.4890310406768965
1771416025154,1.9653965335896457,-1.2337773305281803,1.5298944515622483
1771416025158,1.9359234838954151,-1.2317401445609608,1.493524673975862
1771416025163,1.948914447406527,-1.2325687532037906,1.5096495593135322
1771416025167,1.969447357824781,-1.2603019383713085,1.513394171847022
1771416025171,1.9263819939690248,-1.1886053624602064,1.515969946608084
1771416025175,1.953298814651068,-1.260653400028168,1.4920218712588253
1771416025179,1.952049699488978,-1.2371984366003073,1.509913261663982
1771416025185,1.950417270923006,-1.2553839997297938,1.4926950605991742
1771416025189,1.9571067929978303,-1.215664262768086,1.5337624977247222
1771416025194,1.9447867981169629,-1.2462014229596907,1.4930431017031192
1771416025198,1.9726338021445906,-1.2283496324965637,1.5435158883889017
1771416025202,1.9292056929826253,-1.1561090478035474,1.5444243184511655
1771416025207,1.9342553038541515,-1.206789035633631,1.5116229040214915
1771416025211,1.9696320698175638,-1.2627603422785527,1.5115842048732755
1771416025215,1.9459010553934135,-1.2665876252531652,1.4772564790640617
1771416025219,1.9413633971461766,-1.2061426058464724,1.5212205146331759
1771416025223,1.9690899791275953,-1.2687547834830575,1.5058474840731957
1771416025227,1.9735430845060324,-1.2577430713606128,1.5208401207378628
1771416025231,1.9559419889228793,-1.2292096808271065,1.5214311106956213
1771416025235,1.9630771428666534,-1.2280716435832029,1.531506417574655
1771416025240,1.953415030181239,-1.2218516267869364,1.5241092094256528
1771416025244,1.951950276176992,-1.2342963793558985,1.512158169166293
1771416025249,1.9336221823233666,-1.2187527253718782,1.5011783832614956
1771416025253,1.9396094842446927,-1.1859291396509193,1.5348149813898722
1771416025257,1.9453368360944259,-1.237481087366093,1.5009916602956537
1771416025261,1.93709306842809,-1.214629774228599,1.5089745085022264
1771416025265,1.9307748339041433,-1.1786643875923744,1.5292618221413445
1771416025269,1.940255242267295,-1.1789595031954896,1.5409882851503978
1771416025282,1.952049699488978,-1.2371984366003073,1.509913261663982
1771416025293,1.9389004276593451,-1.1982963343847604,1.5242771281422671
1771416025299,1.946767608785998,-1.1845010076173403,1.5449470818030817
1771416025303,1.940255242267295,-1.1789595031954896,1.5409882851503978
1771416025308,1.9226830750674473,-1.1579883156862014,1.5348528489353792
1771416025312,1.9506881501457018,-1.2492023828867216,1.4982248381698244
1771416025317,1.9607533576335956,-1.2149127015946293,1.539006451245562
1771416025321,1.9619920439567995,-1.2727437962019978,1.493163088808154
1771416025325,1.957742447441433,-1.2494032221319258,1.50723159436111
1771416025330,1.9357048977051363,-1.194440053742249,1.5232420717062227
1771416025334,1.9341583884596618,-1.2118173318567034,1.5074705389693612
1771416025338,1.9584789713606015,-1.2362936753651916,1.5189528727099157
1771416025342,1.9603760347509296,-1.2514708995598762,1.5089382973404086
1771416025346,1.9474499189890166,-1.2092510148562712,1.5265232294463802
1771416025350,1.926399443270672,-1.1838208992431565,1.5197311912139855
1771416025355,1.9389004276593451,-1.1982963343847604,1.5242771281422671
1771416025359,1.9418204888413497,-1.2016982286569533,1.52531576341648
1771416025364,1.946708006714724,-1.221809458294311,1.515537433067813
1771416025368,1.9683023256369303,-1.2816933319798829,1.4938126548754547
1771416025372,1.9474112673468849,-1.2887396087727614,1.4599865975308919
1771416025376,1.957431892789951,-1.252088021771861,1.5045980196207482
1771416025381,1.9531512152055703,-1.2205343667998405,1.5248263930426667
1771416025385,1.9630843291371483,-1.2631086958332869,1.502749648415923
1771416025388,1.9474499189890166,-1.2092510148562712,1.5265232294463802
1771416025392,1.952716969877091,-1.1936131373911985,1.5454420864895286
1771416025397,1.9453176694369128,-1.1975016959276554,1.5330526811802165
1771416025401,1.9639277228077403,-1.2860963271423629,1.4842399865667684
1771416025406,1.9619920439567995,-1.2727437962019978,1.493163088808154
1771416025410,1.9545930845936452,-1.2443227456179429,1.5073470174711348
1771416025414,1.9619920439567995,-1.2727437962019978,1.493163088808154
1771416025418,1.9602942692961003,-1.2563764149556194,1.5047497885623369
1771416025422,1.9396094842446927,-1.1859291396509193,1.5348149813898722
1771416025427,1.9589456676990094,-1.2673542497954233,1.4937474132269475
1771416025431,1.9513758582067706,-1.2802701618141445,1.4726764929069096
1771416025436,1.953400391904877,-1.2584612161031028,1.4940041695585815
1771416025441,1.9546092537910278,-1.2448271148856689,1.5069514886189737
1771416025445,1.9279217262787853,-1.1705907432203626,1.531861447567818
1771416025449,1.9421209898574725,-1.1935162968922013,1.5321073031278507
1771416025454,1.9578675237884455,-1.2074756719759054,1.5411838768595507
1771416025459,1.952049699488978,-1.2371984366003073,1.509913261663982
1771416025463,1.9700018609386678,-1.2585345705879787,1.5155850575724037
1771416025467,1.9452677232551483,-1.2347409773130296,1.5031570889572163
1771416025471,1.951456924930593,-1.2444248691133282,1.503193558724838
1771416025476,1.9441290185669677,-1.2148781742024448,1.5177973061910128
1771416025481,1.9431015882619787,-1.2233056372365543,1.5096910611815557
1771416025485,1.9525131744195758,-1.2286124847456408,1.5175042202936873
1771416025489,1.9502092949815235,-1.292823500904305,1.4601108484433185
1771416025493,1.962387203538054,-1.2319381264471583,1.5275116985528359
1771416025497,1.9481024380364056,-1.2060065005085343,1.5299187657567137
1771416025502,1.9449201226840678,-1.201867023107538,1.529127183195706
1771416025506,1.9539981515623195,-1.251571884296518,1.500558760844581
1771416025510,1.9427915238124294,-1.2268528266601162,1.5064099862632032
1771416025515,1.9618164071806794,-1.2392982438272748,1.5208101388174466
1771416025519,1.9413330344692126,-1.2425691670850447,1.4915749447248767
1771416025524,1.9382237850486015,-1.2019206436416965,1.5205585182149541
1771416025528,1.9396094842446927,-1.1859291396509193,1.5348149813898722
1771416025532,1.9413633971461766,-1.2061426058464724,1.5212205146331759
1771416025536,1.9601301065739583,-1.2928716916547494,1.4732931899711692
1771416025540,1.9441890328223,-1.21436844063572,1.5182820178525727
1771416025545,1.9389004276593451,-1.1982963343847604,1.5242771281422671
1771416025548,1.976114734348538,-1.2645700205605965,1.518516416246056
1771416025553,1.9398412787368515,-1.223547307655644,1.5052960415214172
1771416025557,1.9686568195759917,-1.2734553758791631,1.501306457358896
1771416025561,1.9311560080182266,-1.1738807029096443,1.533416976116168
1771416025565,1.9451363358144604,-1.235519038021104,1.5023475202472665
1771416025570,1.9574673815378076,-1.211378669337539,1.537608620312235
1771416025574,1.9477483066286891,-1.2419463927880234,1.5004308126054138
1771416025579,1.9642907610767932,-1.2472697595204674,1.517483555442168
1771416025583,1.9242141969453468,-1.173225546714768,1.525169529023531
1771416025587,1.9456431714936,-1.1940919661422749,1.5361223021537542
1771416025592,1.934534988650653,-1.2077722833896916,1.5111954651166848
1771416025596,1.9574779527379196,-1.2477627252970322,1.5082467029018691
1771416025601,1.953415030181239,-1.2218516267869364,1.5241092094256528
1771416025605,1.9729186131726903,-1.3355721737220452,1.4521208017870355
1771416025608,1.9539981515623195,-1.251571884296518,1.500558760844581
1771416025612,1.9674474845383851,-1.2514959754438455,1.5180933528160503
1771416025616,1.9565143795241386,-1.186125591701598,1.5559738423235974
1771416025621,1.9341583884596618,-1.2118173318567034,1.5074705389693612
1771416025625,1.961430802449678,-1.2430626944995062,1.517236280327496
1771416025630,1.9596545002540176,-1.2228833764709979,1.5312746350399444
1771416025634,1.957431892789951,-1.252088021771861,1.5045980196207482
1771416025639,1.9610368427326603,-1.2830546982341564,1.4830496080354623
1771416025643,1.952521943243827,-1.2326066288016908,1.5142730392775212
1771416025648,1.9667600142922599,-1.2552880521314174,1.5140663327592363
1771416025652,1.943922646256837,-1.2131716648981485,1.518897549579444
1771416025656,1.954851343409081,-1.2414710700292566,1.5100309126334803
1771416025660,1.9652308741377325,-1.2397458295293664,1.5248484078191835
1771416025665,1.9545676742560196,-1.2083538028570278,1.5362994110418533
1771416025669,1.9398412787368515,-1.223547307655644,1.5052960415214172
1771416025673,1.9549978902609677,-1.240534238378519,1.5109902562013637
1771416025678,1.946708006714724,-1.221809458294311,1.515537433067813
1771416025682,1.9497328199479227,-1.227829334417885,1.514560396526006
1771416025686,1.9588299813413637,-1.268758131752433,1.4924033298387815
1771416025690,1.946904928605732,-1.2555135639697228,1.4879934447830525
1771416025695,1.9630915353721186,-1.2639968309054195,1.502012113037281
1771416025699,1.9545930845936452,-1.2443227456179429,1.5073470174711348
1771416025704,1.951081811734074,-1.2086540067806064,1.531625191740036
1771416025709,1.96307265837208,-1.2605323144238625,1.504896191217602
1771416025712,1.9624954620131334,-1.2307997694624222,1.52856807696399
1771416025717,1.9794386837145155,-1.2989599353135066,1.4936132662224797
1771416025721,1.9707522889353217,-1.2898986236143573,1.4899752095728294
1771416025725,1.954851343409081,-1.2414710700292566,1.5100309126334803
1771416025730,1.9681490747316017,-1.2429238895754575,1.5260245689665275
1771416025734,1.9744385461541174,-1.2474443027689681,1.5304542737463371
1771416025738,1.972228308790628,-1.272828775498213,1.5065163159617159
1771416025742,1.9619920439567995,-1.2727437962019978,1.493163088808154
1771416025746,1.952716969877091,-1.1936131373911985,1.5454420864895286
1771416025751,1.9674474845383851,-1.2514959754438455,1.5180933528160503
1771416025756,1.941695371046141,-1.239896569932209,1.4942681853711381
1771416025760,1.9285661950253774,-1.1675486710692378,1.5349910974592391
1771416025765,1.9367006430437772,-1.2189853090498213,1.504953220896547
1771416025769,1.9382237850486015,-1.2019206436416965,1.5205585182149541
1771416025773,1.9523063822013853,-1.2663008899655062,1.4859280823972703
1771416025778,1.9674783356725847,-1.2098437115029674,1.5515312420565976
1771416025782,1.957742447441433,-1.2494032221319258,1.50723159436111
1771416025786,1.9588299813413637,-1.268758131752433,1.4924033298387815
1771416025791,1.9279217262787853,-1.1705907432203626,1.531861447567818
1771416025796,1.9610368427326603,-1.2830546982341564,1.4830496080354623
1771416025800,1.942363783264886,-1.2308844029578507,1.502564691816687
1771416025805,1.9493547144156986,-1.2276735624202741,1.5141999295829542
1771416025809,1.9415410230280254,-1.2407965765343043,1.4933202602795763
1771416025814,1.96307265837208,-1.2605323144238625,1.504896191217602
1771416025818,1.96710348996582,-1.2146880787281722,1.5472650101489953
1771416025823,1.9490584448307664,-1.2704015079981454,1.4781437108218416
1771416025827,1.9585910864955958,-1.275530109947399,1.4863048081458843
1771416025831,1.9638539418287615,-1.251448714396437,1.5134723056838106
1771416025835,1.9389004276593451,-1.1982963343847604,1.5242771281422671
1771416025840,1.946708006714724,-1.221809458294311,1.515537433067813
1771416025844,1.93709306842809,-1.214629774228599,1.5089745085022264
1771416025849,1.9481596951359144,-1.2051209645453769,1.5306892756419506
1771416025853,1.9382237850486015,-1.2019206436416965,1.5205585182149541
1771416025857,1.9338677162320659,-1.1796239098789918,1.5324267601182207
1771416025861,1.9824512502000184,-1.3055274501158287,1.4918817099266546
1771416025865,1.952521943243827,-1.2326066288016908,1.5142730392775212
1771416025869,1.9317158843766296,-1.199569188781981,1.5141202129546794
1771416025874,1.9392497768525843,-1.194759990305913,1.5274941121284273
1771416025878,1.974859967824461,-1.242608654342824,1.534925283089684
1771416025882,1.9584762572806558,-1.2364694797822584,1.5188062667434044
1771416025887,1.9650342694428382,-1.2784728907377432,1.492268993088521
1771416025891,1.9549978902609677,-1.240534238378519,1.5109902562013637
1771416025895,1.9386092156392232,-1.2376628993434307,1.4921113358426499
1771416025900,1.9466906294302602,-1.2218705540468329,1.5154658544041393
1771416025904,1.9453176694369128,-1.1975016959276554,1.5330526811802165
1771416025908,1.9484861395593618,-1.2731627788513196,1.4750100930510714
1771416025912,1.9585910864955958,-1.275530109947399,1.4863048081458843
1771416025916,1.9703631544541487,-1.293736953020576,1.486127739065367
1771416025921,1.9545371551992827,-1.2449732642493474,1.5067372240569452
1771416025925,1.9588299813413637,-1.268758131752433,1.4924033298387815
1771416025929,1.9661951871091063,-1.3011209453455732,1.4741125463797042
1771416025934,1.9318477740115962,-1.1658353796828682,1.540410234136758
1771416025938,1.9724183786752638,-1.2667665316714893,1.5118653428043591
1771416025942,1.9477483066286891,-1.2419463927880234,1.5004308126054138
1771416025947,1.9430797906992612,-1.1870414185533622,1.5383405811661819
1771416025951,1.9850786007444727,-1.3109116415819229,1.4906534537237761
1771416025956,1.9377271575784907,-1.1715293793014583,1.5434718820408608
1771416025960,1.9392497768525843,-1.194759990305913,1.5274941121284273
1771416025965,1.957431892789951,-1.252088021771861,1.5045980196207482
1771416025970,1.9698875137185783,-1.2947777532928229,1.4845899724443619
1771416025974,1.9545930845936452,-1.2443227456179429,1.5073470174711348
1771416025978,1.9521255105232966,-1.2369944193320004,1.5101784051486529
1771416025983,1.958518882423828,-1.2397400068824744,1.5161929059805426
1771416025987,1.9471795391600393,-1.252598657084536,1.4908067487080678
1771416025991,1.9481024380364056,-1.2060065005085343,1.5299187657567137
1771416025996,1.9545140819528248,-1.2090001407327347,1.5357226169657467
1771416026000,1.9596545002540176,-1.2228833764709979,1.5312746350399444
1771416026005,1.9549978902609677,-1.240534238378519,1.5109902562013637
1771416026009,1.9852983445746482,-1.3084457174485082,1.4931106192983483
1771416026014,1.948914447406527,-1.2325687532037906,1.5096495593135322
1771416026018,1.957431892789951,-1.252088021771861,1.5045980196207482
1771416026022,1.962300606531016,-1.2695295224369636,1.4963015946168634
1771416026026,1.9611419563241839,-1.2097863201317285,1.5435332301175697
1771416026031,1.9442887646453142,-1.2131007517753027,1.519422708257382
1771416026035,1.9383943558130856,-1.2045117150144025,1.518724532968731
1771416026039,1.9677132219905307,-1.285965213168227,1.489358517791318
1771416026043,1.9657851380086735,-1.2660705371916658,1.5037874197076482
1771416026048,1.9667600142922599,-1.2552880521314174,1.5140663327592363
1771416026052,1.9573111208119296,-1.2173727022437353,1.5326677811860723
1771416026056,1.9732144727878733,-1.2574390085041685,1.520665149042214
1771416026061,1.9464434391867136,-1.1841674134472626,1.5447943548843714
1771416026065,1.943358539068517,-1.2202752916685249,1.5124716935909304
1771416026069,1.9730338588344554,-1.2992243877411287,1.4848833618860002
1771416026073,1.942363783264886,-1.2308844029578507,1.502564691816687
1771416026078,1.9576564490819919,-1.2500629177292517,1.5065727577354315
1771416026082,1.9524878961450347,-1.2687144020571153,1.4841067180650185
1771416026086,1.9421209898574725,-1.1935162968922013,1.5321073031278507
1771416026091,1.952521943243827,-1.2326066288016908,1.5142730392775212
1771416026095,1.9338677162320659,-1.1796239098789918,1.5324267601182207
1771416026099,1.9638539418287615,-1.251448714396437,1.5134723056838106
1771416026103,1.9493303255955623,-1.268296713277813,1.480308131902003
1771416026107,1.951950276176992,-1.2342963793558985,1.512158169166293
1771416026112,1.9341583884596618,-1.2118173318567034,1.5074705389693612
1771416026116,1.954851343409081,-1.2414710700292566,1.5100309126334803
1771416026120,1.9425324326805933,-1.2290024548090783,1.504322178952781
1771416026124,1.958617118158766,-1.2347058968972613,1.5204217716514319
1771416026128,1.9584762572806558,-1.2364694797822584,1.5188062667434044
1771416026133,1.9735620846513038,-1.2535154258945587,1.5243511337672773
1771416026137,1.9632153426856325,-1.259247392535704,1.5061575236834612
1771416026142,1.9425324326805933,-1.2290024548090783,1.504322178952781
1771416026146,1.9467736442736912,-1.220892549476973,1.5163604468167473
1771416026151,1.9584789713606015,-1.2362936753651916,1.5189528727099157
1771416026154,1.9427915238124294,-1.2268528266601162,1.5064099862632032
1771416026160,1.9690154268757702,-1.2694926221860148,1.505127979106776
1771416026164,1.9506153208503783,-1.2135640463710904,1.5271419172073204
1771416026168,1.9358317709177721,-1.2289010514698802,1.4957429093901335
1771416026172,1.956552940366509,-1.2585532202085385,1.4980464613487625
1771416026176,1.9484976560888247,-1.2018417676623916,1.5336947158042182
1771416026180,1.969447357824781,-1.2603019383713085,1.513394171847022
1771416026184,1.9578675237884455,-1.2074756719759054,1.5411838768595507
1771416026189,1.9604140388297753,-1.2545701940266434,1.5064119064521568
1771416026193,1.9540005621501424,-1.2516700396024776,1.5004800261398368
1771416026198,1.9389776731534518,-1.2339198019488609,1.4956859093225616
1771416026202,1.9451363358144604,-1.235519038021104,1.5023475202472665
1771416026206,1.9313391783633729,-1.1722242489002965,1.534914112310993
1771416026210,1.943922646256837,-1.2131716648981485,1.518897549579444
1771416026215,1.9302645574702373,-1.2198715409087213,1.4959393990087813
1771416026219,1.9525131744195758,-1.2286124847456408,1.5175042202936873
1771416026223,1.9531512152055703,-1.2205343667998405,1.5248263930426667
1771416026227,1.9451821285029953,-1.2388695987363976,1.4996451681561744
1771416026231,1.963869722521013,-1.251941864284456,1.5130848804633275
1771416026236,1.9584789713606015,-1.2362936753651916,1.5189528727099157
1771416026240,1.9656378900550144,-1.2351385237879682,1.5291059943230907
1771416026243,1.9533253138845508,-1.258500960262777,1.4938725229683578
1771416026248,1.959788955919931,-1.2251669817527249,1.5296204164983715
1771416026252,1.9517563825052717,-1.2001226722058633,1.5391746321673583
1771416026256,1.964147241313711,-1.2481794178526961,1.516549546308714
1771416026260,1.9506153208503783,-1.2135640463710904,1.5271419172073204
1771416026264,1.9828281041615612,-1.2652304824205463,1.5266954892861913
1771416026269,1.9525131744195758,-1.2286124847456408,1.5175042202936873
1771416026273,1.9443552424362902,-1.244698577959684,1.4937345007780416
1771416026277,1.954851343409081,-1.2414710700292566,1.5100309126334803
1771416026282,1.951950276176992,-1.2342963793558985,1.512158169166293
1771416026286,1.9418277219442217,-1.2374131241285924,1.4964971306171633
1771416026290,1.961301519640311,-1.2444153304237193,1.5159598069704283
1771416026294,1.9687370020939392,-1.2726060508915609,1.5021315597004203
1771416026298,1.957431892789951,-1.252088021771861,1.5045980196207482
1771416026303,1.955686319725995,-1.267531628646502,1.4893194927698197
1771416026307,1.9583908295829429,-1.2795586375449104,1.4825735511193971
1771416026311,1.9619920439567995,-1.2727437962019978,1.493163088808154
1771416026316,1.9559419889228793,-1.2292096808271065,1.5214311106956213
1771416026320,1.964147241313711,-1.2481794178526961,1.516549546308714
1771416026325,1.9657469265239966,-1.2663379185422323,1.503512306301703
1771416026329,1.9549978902609677,-1.240534238378519,1.5109902562013637
1771416026334,1.9757348035960431,-1.304458267341626,1.4838856569509586
1771416026338,1.948914447406527,-1.2325687532037906,1.5096495593135322
1771416026342,1.9506153208503783,-1.2135640463710904,1.5271419172073204
1771416026347,1.9451363358144604,-1.235519038021104,1.5023475202472665
1771416026351,1.9477483066286891,-1.2419463927880234,1.5004308126054138
1771416026356,1.9502707092821974,-1.2173516729369744,1.523683282011598
1771416026360,1.954851343409081,-1.2414710700292566,1.5100309126334803
1771416026364,1.9525131744195758,-1.2286124847456408,1.5175042202936873
1771416026368,1.9508550718044864,-1.2113057854083562,1.5292396167447182
1771416026372,1.9569188646924685,-1.2931908866862187,1.4687371356308014
1771416026376,1.9624954620131334,-1.2307997694624222,1.52856807696399
1771416026380,1.9486490132917786,-1.2362900097334404,1.5062602659687707
1771416026384,1.9377271575784907,-1.1715293793014583,1.5434718820408608
1771416026389,1.9260419009675154,-1.1561411609064585,1.5404463704850055
1771416026393,1.951456924930593,-1.2444248691133282,1.503193558724838
1771416026397,1.9418204888413497,-1.2016982286569533,1.52531576341648
1771416026402,1.9642907610767932,-1.2472697595204674,1.517483555442168
1771416026406,1.9687370020939392,-1.2726060508915609,1.5021315597004203
1771416026410,1.9617893961577508,-1.275163752393372,1.4908303188019243
1771416026414,1.955328419343122,-1.2722689265465121,1.4848033560155558
1771416026418,1.957431892789951,-1.252088021771861,1.5045980196207482
1771416026423,1.9331175053417378,-1.223638435324019,1.4965467814460227
1771416026427,1.960245537865576,-1.2199765608825899,1.5343466882093468
1771416026431,1.9598424190756272,-1.224737159295645,1.5300330709656702
1771416026435,1.958617118158766,-1.2347058968972613,1.5204217716514319
1771416026439,1.9495151230908514,-1.2299649372392392,1.5125460218856193
1771416026444,1.9557324148433777,-1.2273345162612586,1.522675035476333
1771416026448,1.9456431714936,-1.1940919661422749,1.5361223021537542
1771416026453,1.9577802132767415,-1.280036262087637,1.4813542895737783
1771416026457,1.952010536610777,-1.2012947730736308,1.5385824655264557
1771416026461,1.9508550718044864,-1.2113057854083562,1.5292396167447182
1771416026465,1.9618164071806794,-1.2392982438272748,1.5208101388174466
1771416026469,1.9602383887498076,-1.2570811200916687,1.5040882946946692
1771416026474,1.953121673700572,-1.2209261305544048,1.5244748787724816
1771416026478,1.931808103613085,-1.202412088131236,1.511981388609352
1771416026482,1.962387203538054,-1.2319381264471583,1.5275116985528359
1771416026487,1.9619428589717747,-1.3144506197913157,1.4565161688084918
1771416026491,1.9502707092821974,-1.2173516729369744,1.523683282011598
1771416026495,1.9642907610767932,-1.2472697595204674,1.517483555442168
1771416026500,1.9549978902609677,-1.240534238378519,1.5109902562013637
1771416026504,1.9557324148433777,-1.2273345162612586,1.522675035476333
1771416026508,1.981523601443206,-1.3149582157510964,1.4823362216127443
1771416026512,1.934534988650653,-1.2077722833896916,1.5111954651166848
1771416026517,1.9557324148433777,-1.2273345162612586,1.522675035476333
1771416026521,1.9550437667369804,-1.2435261518401028,1.5085883598738479
1771416026525,1.9452677232551483,-1.2347409773130296,1.5031570889572163
1771416026529,1.9451363358144604,-1.235519038021104,1.5023475202472665
1771416026533,1.9513758582067706,-1.2802701618141445,1.4726764929069096
1771416026538,1.961301519640311,-1.2444153304237193,1.5159598069704283
1771416026543,1.9759066662229579,-1.307388896464142,1.481533471449969
1771416026547,1.9375712350954675,-1.1730097607051833,1.5421512222735305
1771416026552,1.9542327896219198,-1.2836128344400595,1.4735548470600703
1771416026556,1.9589456676990094,-1.2673542497954233,1.4937474132269475
1771416026560,1.9245021364316663,-1.2113227873841503,1.4954616604560413
1771416026565,1.947340350132472,-1.1783177396710351,1.5503876107704813
1771416026569,1.934755401401648,-1.2447933899158823,1.4811373601643363
1771416026574,1.9341583884596618,-1.2118173318567034,1.5074705389693612
1771416026579,1.9441890328223,-1.21436844063572,1.5182820178525727
1771416026584,1.9683023256369303,-1.2816933319798829,1.4938126548754547
1771416026588,1.9267731717811207,-1.1837385497681687,1.5202690226694198
1771416026593,1.9663454733591454,-1.259878276499146,1.5097089948084508
1771416026597,1.9712563600877677,-1.2799239903666904,1.499215200053109
1771416026602,1.9574779527379196,-1.2477627252970322,1.5082467029018691
1771416026606,1.9403140541101205,-1.2189634899062258,1.5096180440273248
1771416026611,1.953121673700572,-1.2209261305544048,1.5244748787724816
1771416026615,1.947629282603206,-1.2110799110558779,1.5253016985142205
1771416026619,1.9439675874638704,-1.248750771626242,1.4898427740781797
1771416026623,1.954851343409081,-1.2414710700292566,1.5100309126334803
1771416026628,1.951950276176992,-1.2342963793558985,1.512158169166293
1771416026632,1.9624954620131334,-1.2307997694624222,1.52856807696399
1771416026637,1.938972433919201,-1.1972721533467594,1.525173265671466
1771416026641,1.9340419296315325,-1.2138047220763795,1.5057211834326916
1771416026645,1.9624954620131334,-1.2307997694624222,1.52856807696399
1771416026650,1.9472020340140341,-1.217430649084447,1.519690223676593
1771416026653,1.9645061566418391,-1.207977954111945,1.5492171254744151
1771416026657,1.9467736442736912,-1.220892549476973,1.5163604468167473
1771416026662,1.9582812481566663,-1.278131205265139,1.4836596877348638
1771416026666,1.962387203538054,-1.2319381264471583,1.5275116985528359
1771416026671,1.9377271575784907,-1.1715293793014583,1.5434718820408608
1771416026675,1.961033032919461,-1.2434101898228078,1.5164371586208603
1771416026679,1.9428236608483305,-1.1897077875166886,1.5359554542610454
1771416026683,1.9441290185669677,-1.2148781742024448,1.5177973061910128
1771416026688,1.9598343162912129,-1.2615348426583148,1.499826786022875
1771416026693,1.9533122668384921,-1.2549989903110277,1.4967986992578628
1771416026697,1.9549978902609677,-1.240534238378519,1.5109902562013637
1771416026701,1.9553068232202795,-1.2369586007359183,1.5143177318506247
1771416026706,1.946708006714724,-1.221809458294311,1.515537433067813
1771416026710,1.9669689510453232,-1.2566646232184233,1.5131955852194512
1771416026715,1.93137362801653,-1.1726505399064444,1.5346318132551722
1771416026719,1.9598424190756272,-1.224737159295645,1.5300330709656702
1771416026731,1.9501254136055275,-1.255427833126743,1.4922768123243155
1771416026740,1.942363783264886,-1.2308844029578507,1.502564691816687
1771416026745,1.957431892789951,-1.252088021771861,1.5045980196207482
1771416026751,1.9508353176689188,-1.251427646690801,1.4965584792323738
1771416026756,1.9687370020939392,-1.2726060508915609,1.5021315597004203
1771416026761,1.9452677232551483,-1.2347409773130296,1.5031570889572163
1771416026765,1.9663326587331253,-1.223011028097786,1.5397104110681585
1771416026769,1.9576564490819919,-1.2500629177292517,1.5065727577354315
1771416026774,1.9545797831570573,-1.2837248255929214,1.473917467459665
1771416026779,1.958518882423828,-1.2397400068824744,1.5161929059805426
1771416026784,1.974831421149116,-1.2798833474064069,1.503947392361052
1771416026788,1.948914447406527,-1.2325687532037906,1.5096495593135322
1771416026792,1.9506153208503783,-1.2135640463710904,1.5271419172073204
1771416026796,1.9460698539094925,-1.2650377311927017,1.4788060775348928
1771416026801,1.9517563825052717,-1.2001226722058633,1.5391746321673583
1771416026806,1.9253148519282683,-1.2002656966603866,1.5053901608805362
1771416026810,1.9487576981173147,-1.2721560703152919,1.476236938547281
1771416026814,1.9441290185669677,-1.2148781742024448,1.5177973061910128
1771416026818,1.9502707092821974,-1.2173516729369744,1.523683282011598
1771416026822,1.9574779527379196,-1.2477627252970322,1.5082467029018691
1771416026827,1.954851343409081,-1.2414710700292566,1.5100309126334803
1771416026831,1.9588441496477058,-1.2362725374656425,1.51944088918171
1771416026835,1.9427915238124294,-1.2268528266601162,1.5064099862632032
1771416026841,1.9341583884596618,-1.2118173318567034,1.5074705389693612
1771416026845,1.9365417157063305,-1.1889345190927154,1.5286034560933688
1771416026849,1.949935406607256,-1.2614235116761652,1.4869629498179087
1771416026854,1.9818829649103558,-1.2753237066758465,1.5170397258451875
1771416026858,1.966703641461817,-1.2591061638218135,1.510819274951537
1771416026863,1.970006118426938,-1.221963881587025,1.54522761389264
1771416026867,1.9448293313563683,-1.2389148387901219,1.499150142690753
1771416026871,1.9533253138845508,-1.258500960262777,1.4938725229683578
1771416026875,1.9630915353721186,-1.2639968309054195,1.502012113037281
1771416026879,1.9632153426856325,-1.259247392535704,1.5061575236834612
1771416026883,1.9472487058720953,-1.2122007175408687,1.523924848184435
1771416026888,1.9450675145216716,-1.2040975259268871,1.5275590934900891
1771416026892,1.9800075725820645,-1.2972318782392254,1.4958674545434336
1771416026897,1.9428236608483305,-1.1897077875166886,1.5359554542610454
1771416026901,1.9533253138845508,-1.258500960262777,1.4938725229683578
1771416026905,1.956552940366509,-1.2585532202085385,1.4980464613487625
1771416026910,1.965415234428769,-1.273461443916058,1.4970480936108639
1771416026914,1.9780361505831876,-1.279362801420926,1.5085946557489704
1771416026918,1.9442651030455131,-1.2134434775302836,1.519118730632926
1771416026924,1.9165338812500763,-1.1110798357699059,1.5616029317739515
1771416026928,1.9465289149401357,-1.1872098901216395,1.5425652315203355
1771416026933,1.9439675874638704,-1.248750771626242,1.4898427740781797
1771416026937,1.9470201575859352,-1.2545416930071533,1.4889636108893678
1771416026942,1.963869722521013,-1.251941864284456,1.5130848804633275
1771416026946,1.957742447441433,-1.2494032221319258,1.50723159436111
1771416026950,1.9523063822013853,-1.2663008899655062,1.4859280823972703
1771416026954,1.9474499189890166,-1.2092510148562712,1.5265232294463802
1771416026959,1.9341466821906161,-1.1782182845872047,1.5338595314087118
1771416026963,1.9736256174704772,-1.2925661238888242,1.4914660215072764
1771416026967,1.95626840463774,-1.2615884150206376,1.4951189725468688
1771416026972,1.948914447406527,-1.2325687532037906,1.5096495593135322
1771416026977,1.9500124416910258,-1.220928685364679,1.5204873126742862
1771416026981,1.9321350380203446,-1.195584116652625,1.5178024987309253
1771416026985,1.9413633971461766,-1.2061426058464724,1.5212205146331759
1771416026989,1.9484976560888247,-1.2018417676623916,1.5336947158042182
1771416026994,1.9439413469005478,-1.1764310646309102,1.5475522318684105
1771416026998,1.9467736442736912,-1.220892549476973,1.5163604468167473
1771416027003,1.9632153426856325,-1.259247392535704,1.5061575236834612
1771416027007,1.9533122668384921,-1.2549989903110277,1.4967986992578628
1771416027011,1.9471795391600393,-1.252598657084536,1.4908067487080678
1771416027016,1.9551792207410204,-1.2736236373161194,1.4834448475380273
1771416027020,1.9657469265239966,-1.2663379185422323,1.503512306301703
1771416027024,1.9417539280234326,-1.2058692798761776,1.5219354772280387
1771416027029,1.969447357824781,-1.2603019383713085,1.513394171847022
1771416027033,1.9493547144156986,-1.2276735624202741,1.5141999295829542
1771416027038,1.951456924930593,-1.2444248691133282,1.503193558724838
1771416027042,1.942363783264886,-1.2308844029578507,1.502564691816687
1771416027047,1.9502707092821974,-1.2173516729369744,1.523683282011598
1771416027051,1.9642907610767932,-1.2472697595204674,1.517483555442168
1771416027055,1.9364095607517553,-1.1868762508186497,1.53003488594655
1771416027060,1.9313391783633729,-1.1722242489002965,1.534914112310993
1771416027065,1.9607533576335956,-1.2149127015946293,1.539006451245562
1771416027069,1.9370443681378586,-1.2152994065225236,1.5083727114478696
1771416027073,1.9288739630441287,-1.1956595061065338,1.513589478942901
1771416027077,1.93709306842809,-1.214629774228599,1.5089745085022264
1771416027081,1.9367492511306132,-1.1458649735633748,1.5614067772734939
1771416027085,1.9574779527379196,-1.2477627252970322,1.5082467029018691
1771416027089,1.9612285440989903,-1.24117478241389,1.51851985883902
1771416027093,1.9471795391600393,-1.252598657084536,1.4908067487080678
1771416027098,1.9667897360215003,-1.2543188058716703,1.5149079836597963
1771416027102,1.9667600142922599,-1.2552880521314174,1.5140663327592363
1771416027107,1.9549978902609677,-1.240534238378519,1.5109902562013637
1771416027111,1.9630771428666534,-1.2280716435832029,1.531506417574655
1771416027115,1.9418277219442217,-1.2374131241285924,1.4964971306171633
1771416027119,1.9341808388177943,-1.1721759338420188,1.5385249745686607
1771416027124,1.9690764458110446,-1.3036555565556422,1.4757182113498004
1771416027128,1.9523063822013853,-1.2663008899655062,1.4859280823972703
1771416027133,1.9506681888603787,-1.2489033792777942,1.4984481079638148
1771416027137,1.9618164071806794,-1.2392982438272748,1.5208101388174466
1771416027141,1.951081811734074,-1.2086540067806064,1.531625191740036
1771416027146,1.9641550534367545,-1.2114249643367871,1.5460771745688358
1771416027151,1.954851343409081,-1.2414710700292566,1.5100309126334803
1771416027154,1.9493591804211732,-1.2283544610817447,1.5136533725502959
1771416027159,1.953415030181239,-1.2218516267869364,1.5241092094256528
1771416027163,1.9214174581198544,-1.168271385798228,1.525446497748397
1771416027168,1.9709828912891094,-1.2507853048819133,1.5232562748421017
1771416027173,1.965415234428769,-1.273461443916058,1.4970480936108639
1771416027178,1.9447501692994527,-1.2046487082902675,1.526720246346671
1771416027181,1.9306764891198753,-1.21606562368349,1.4995653051919855
1771416027186,1.9558679702065724,-1.1933135398554329,1.5496523198697425
1771416027191,1.965710803109702,-1.2342823908854854,1.5298908265010935
1771416027195,1.9468721565034839,-1.2602383785793305,1.483950950309432
1771416027200,1.9686568195759917,-1.2734553758791631,1.501306457358896
1771416027204,1.9574779527379196,-1.2477627252970322,1.5082467029018691
1771416027208,1.9573623980194175,-1.2535917935442968,1.5032548594096469
1771416027213,1.9288783913352217,-1.1965385882621957,1.5129002793837616
1771416027217,1.966703641461817,-1.2591061638218135,1.510819274951537
1771416027221,1.9738704604912796,-1.286223351294709,1.4972621966056123
1771416027225,1.9583908295829429,-1.2795586375449104,1.4825735511193971
1771416027229,1.9701255151884323,-1.2922858366434111,1.4870749348998271
1771416027234,1.9721133791520835,-1.2698761163874828,1.508855801347264
1771416027238,1.9638539418287615,-1.251448714396437,1.5134723056838106
1771416027242,1.946135782351559,-1.2287951061106088,1.5091411698538122
1771416027246,1.9439413469005478,-1.1764310646309102,1.5475522318684105
1771416027251,1.9531512152055703,-1.2205343667998405,1.5248263930426667
1771416027255,1.9523063822013853,-1.2663008899655062,1.4859280823972703
1771416027260,1.9602383887498076,-1.2570811200916687,1.5040882946946692
1771416027264,1.9413330344692126,-1.2425691670850447,1.4915749447248767
1771416027268,1.9481024380364056,-1.2060065005085343,1.5299187657567137
1771416027272,1.9648803106847261,-1.279911930253616,1.49083201136512
1771416027277,1.973574041763435,-1.258034587787503,1.5206391663549867
1771416027281,1.95626840463774,-1.2615884150206376,1.4951189725468688
1771416027285,1.9765127959473043,-1.2601991047737153,1.5226624868535235
1771416027289,1.9612285440989903,-1.24117478241389,1.51851985883902
1771416027293,1.9396617653672021,-1.2215235826920126,1.5067076361904723
1771416027298,1.9188651905063776,-1.2013023180584175,1.4963008921886498
1771416027302,1.964040556246841,-1.2496296218403558,1.5152165240656301
1771416027307,1.943358539068517,-1.2202752916685249,1.5124716935909304
1771416027311,1.9342553038541515,-1.206789035633631,1.5116229040214915
1771416027315,1.9417539280234326,-1.2058692798761776,1.5219354772280387
1771416027320,1.938972433919201,-1.1972721533467594,1.525173265671466
1771416027324,1.9533122668384921,-1.2549989903110277,1.4967986992578628
1771416027328,1.9490584448307664,-1.2704015079981454,1.4781437108218416
1771416027332,1.952010536610777,-1.2012947730736308,1.5385824655264557
1771416027336,1.9472825198801396,-1.2157878335485146,1.5211078712655968
1771416027340,1.961430802449678,-1.2430626944995062,1.517236280327496
1771416027345,1.9495151230908514,-1.2299649372392392,1.5125460218856193
1771416027349,1.9413633971461766,-1.2061426058464724,1.5212205146331759
1771416027354,1.9464224000381734,-1.2603789855361227,1.4832413735428556
1771416027358,1.959788955919931,-1.2251669817527249,1.5296204164983715
1771416027363,1.9506681888603787,-1.2489033792777942,1.4984481079638148
1771416027367,1.9495151230908514,-1.2299649372392392,1.5125460218856193
1771416027371,1.964147241313711,-1.2481794178526961,1.516549546308714
1771416027376,1.950417270923006,-1.2553839997297938,1.4926950605991742
1771416027380,1.953415030181239,-1.2218516267869364,1.5241092094256528
1771416027385,1.9632153426856325,-1.259247392535704,1.5061575236834612
1771416027389,1.9619920439567995,-1.2727437962019978,1.493163088808154
1771416027394,1.9364095607517553,-1.1868762508186497,1.53003488594655
1771416027397,1.9506881501457018,-1.2492023828867216,1.4982248381698244
1771416027402,1.9474499189890166,-1.2092510148562712,1.5265232294463802
1771416027406,1.9400010627442625,-1.1485168924730427,1.5634938666822245
1771416027410,1.9674474845383851,-1.2514959754438455,1.5180933528160503
1771416027415,1.9321350380203446,-1.195584116652625,1.5178024987309253
1771416027419,1.9657678680234767,-1.2703354312337427,1.500163725433243
1771416027423,1.9525400131161503,-1.2678295787179348,1.4849311977824158
1771416027427,1.9549661912798626,-1.203746792938909,1.5404176276375778
1771416027431,1.957017511637604,-1.2528386144873145,1.5034337188269211
1771416027435,1.9427915238124294,-1.2268528266601162,1.5064099862632032
1771416027440,1.9425324326805933,-1.2290024548090783,1.504322178952781
1771416027444,1.9578348314763878,-1.2442971014135529,1.511569366835676
1771416027449,1.963365821737625,-1.221444046715398,1.5371661558566052
1771416027453,1.9551792207410204,-1.2736236373161194,1.4834448475380273
1771416027457,1.9728558847660196,-1.2661596312391192,1.5129441927170781
1771416027461,1.9594077960356175,-1.2661149806933993,1.49540354648132
1771416027466,1.916705729722356,-1.1887873798889361,1.5035110308099864
1771416027470,1.9467736442736912,-1.220892549476973,1.5163604468167473
1771416027474,1.9380861889562835,-1.1711592889858995,1.5442033530740482
1771416027479,1.9342751822150104,-1.1377846445376159,1.5642463307252228
1771416027483,1.9577802132767415,-1.280036262087637,1.4813542895737783
1771416027487,1.9618164071806794,-1.2392982438272748,1.5208101388174466
1771416027491,1.9481108055217944,-1.2424653671593695,1.5004717664788991
1771416027496,1.9557324148433777,-1.2273345162612586,1.522675035476333
1771416027500,1.9263979638146653,-1.2275082922929776,1.4846657897793922
1771416027505,1.9488144825624818,-1.2740012941524552,1.4747198343899572
1771416027509,1.948914447406527,-1.2325687532037906,1.5096495593135322
1771416027514,1.9442887646453142,-1.2131007517753027,1.519422708257382
1771416027518,1.9481024380364056,-1.2060065005085343,1.5299187657567137
1771416027522,1.952049699488978,-1.2371984366003073,1.509913261663982
1771416027526,1.9584762572806558,-1.2364694797822584,1.5188062667434044
1771416027530,1.9603760347509296,-1.2514708995598762,1.5089382973404086
1771416027535,1.9707522889353217,-1.2898986236143573,1.4899752095728294
1771416027539,1.9596545002540176,-1.2228833764709979,1.5312746350399444
1771416027544,1.9479276008257247,-1.244212825534172,1.4987849688447423
1771416027548,1.9415410230280254,-1.2407965765343043,1.4933202602795763
1771416027554,1.9358815466928532,-1.232111492422628,1.493163967240704
1771416027558,1.9610411712455182,-1.2836996120787987,1.4824971437641072
1771416027562,1.9398412787368515,-1.223547307655644,1.5052960415214172
1771416027567,1.952049699488978,-1.2371984366003073,1.509913261663982
1771416027570,1.9490584448307664,-1.2704015079981454,1.4781437108218416
1771416027575,1.9663326587331253,-1.223011028097786,1.5397104110681585
1771416027579,1.9594077960356175,-1.2661149806933993,1.49540354648132
1771416027583,1.9533253138845508,-1.258500960262777,1.4938725229683578
1771416027587,1.9557324148433777,-1.2273345162612586,1.522675035476333
1771416027592,1.952049699488978,-1.2371984366003073,1.509913261663982
1771416027596,1.9551792207410204,-1.2736236373161194,1.4834448475380273
1771416027600,1.952521943243827,-1.2326066288016908,1.5142730392775212
1771416027604,1.9546092537910278,-1.2448271148856689,1.5069514886189737
1771416027608,1.9374030408255656,-1.2152849175332123,1.508844959502613
1771416027612,1.9199072892140074,-1.2215998961412275,1.4811271697341928
1771416027617,1.9396617653672021,-1.2215235826920126,1.5067076361904723
1771416027621,1.961301519640311,-1.2444153304237193,1.5159598069704283
1771416027625,1.9583908295829429,-1.2795586375449104,1.4825735511193971
1771416027629,1.923282803502591,-1.1469650981985255,1.5438548525568176
1771416027633,1.9707522889353217,-1.2898986236143573,1.4899752095728294
1771416027637,1.9481024380364056,-1.2060065005085343,1.5299187657567137
1771416027641,1.9792061855254663,-1.2663653428488242,1.5210443593970713
1771416027645,1.9441890328223,-1.21436844063572,1.5182820178525727
1771416027649,1.9472487058720953,-1.2122007175408687,1.523924848184435
1771416027653,1.9630915353721186,-1.2639968309054195,1.502012113037281
1771416027657,1.942363783264886,-1.2308844029578507,1.502564691816687
1771416027663,1.950417270923006,-1.2553839997297938,1.4926950605991742
1771416027667,1.9669689510453232,-1.2566646232184233,1.5131955852194512
1771416027672,1.9721133791520835,-1.2698761163874828,1.508855801347264
1771416027676,1.9452677232551483,-1.2347409773130296,1.5031570889572163
1771416027680,1.9596545002540176,-1.2228833764709979,1.5312746350399444
1771416027684,1.9726338021445906,-1.2283496324965637,1.5435158883889017
1771416027689,1.9667897360215003,-1.2543188058716703,1.5149079836597963
1771416027694,1.9632153426856325,-1.259247392535704,1.5061575236834612
1771416027698,1.93685371849041,-1.1811724288797127,1.5350029381354708
1771416027703,1.9282909242619177,-1.1661681800076285,1.5356945218788067
1771416027707,1.93709306842809,-1.214629774228599,1.5089745085022264
1771416027712,1.9477100139072334,-1.2460755394707363,1.4969535891961478
1771416027716,1.943922646256837,-1.2131716648981485,1.518897549579444
1771416027721,1.9493547144156986,-1.2276735624202741,1.5141999295829542
1771416027725,1.966703641461817,-1.2591061638218135,1.510819274951537
1771416027730,1.9730338588344554,-1.2992243877411287,1.4848833618860002
1771416027734,1.9604140388297753,-1.2545701940266434,1.5064119064521568
1771416027739,1.9495151230908514,-1.2299649372392392,1.5125460218856193
1771416027743,1.9559959585326603,-1.2284658164846793,1.5221011554836725
1771416027747,1.9396094842446927,-1.1859291396509193,1.5348149813898722
1771416027751,1.9487576981173147,-1.2721560703152919,1.476236938547281
1771416027755,1.9486490132917786,-1.2362900097334404,1.5062602659687707
1771416027760,1.9539981515623195,-1.251571884296518,1.500558760844581
1771416027764,1.9545930845936452,-1.2443227456179429,1.5073470174711348
1771416027768,1.9584762572806558,-1.2364694797822584,1.5188062667434044
1771416027772,1.9533122668384921,-1.2549989903110277,1.4967986992578628
1771416027777,1.952158461203755,-1.2358230024867243,1.5111797259671367
1771416027782,1.950417270923006,-1.2553839997297938,1.4926950605991742
1771416027786,1.9331944266376095,-1.1868689434265882,1.525969463099498
1771416027791,1.944774568388039,-1.2041749005704747,1.5271250540427168
1771416027795,1.9493547144156986,-1.2276735624202741,1.5141999295829542
1771416027799,1.9439675874638704,-1.248750771626242,1.4898427740781797
1771416027803,1.9476815948500557,-1.286391606409689,1.4624158881372824
1771416027807,1.9772861866863205,-1.2880732069877694,1.5001760155064383
1771416027811,1.9502707092821974,-1.2173516729369744,1.523683282011598
1771416027815,1.9656378900550144,-1.2351385237879682,1.5291059943230907
1771416027820,1.972371494692663,-1.2717436214387026,1.5076198043293751
1771416027824,1.955686319725995,-1.267531628646502,1.4893194927698197
1771416027829,1.9288766263343473,-1.2354288148984303,1.4813104613610322
1771416027833,1.951950276176992,-1.2342963793558985,1.512158169166293
1771416027837,1.947629282603206,-1.2110799110558779,1.5253016985142205
1771416027841,1.9481596951359144,-1.2051209645453769,1.5306892756419506
1771416027845,1.9357048977051363,-1.194440053742249,1.5232420717062227
1771416027850,1.9573111208119296,-1.2173727022437353,1.5326677811860723
1771416027854,1.9534551416939436,-1.2212020646720658,1.5246811167753043
1771416027858,1.9453176694369128,-1.1975016959276554,1.5330526811802165
1771416027862,1.951081811734074,-1.2086540067806064,1.531625191740036
1771416027866,1.9598343162912129,-1.2615348426583148,1.499826786022875
1771416027870,1.9312924326298222,-1.204979974538046,1.5092758930346386
1771416027875,1.953415030181239,-1.2218516267869364,1.5241092094256528
1771416027879,1.9408686957385712,-1.2124965026159111,1.515527474261726
1771416027883,1.9459010553934135,-1.2665876252531652,1.4772564790640617
1771416027887,1.9214174581198544,-1.168271385798228,1.525446497748397
1771416027891,1.9533122668384921,-1.2549989903110277,1.4967986992578628
1771416027895,1.9613886403412726,-1.2440550800715187,1.5163681466609726
1771416027900,1.9493547144156986,-1.2276735624202741,1.5141999295829542
1771416027904,1.9508550718044864,-1.2113057854083562,1.5292396167447182
1771416027908,1.9556459835727231,-1.2322778170408792,1.518565966526673
1771416027913,1.9341466821906161,-1.1782182845872047,1.5338595314087118
1771416027917,1.9465695659634215,-1.2981587970180615,1.4504884738803139
1771416027921,1.9735620846513038,-1.2535154258945587,1.5243511337672773
1771416027925,1.9264991610494546,-1.1131681527737227,1.5723408285656741
1771416027929,1.9686277767156077,-1.3094548576942469,1.469973910964809
1771416027933,1.9440240767482033,-1.2518001604289608,1.4873553608088192
1771416027937,1.9596545002540176,-1.2228833764709979,1.5312746350399444
1771416027942,1.9291908997676996,-1.2318685420295628,1.4846809161919157
1771416027947,1.9418204888413497,-1.2016982286569533,1.52531576341648
1771416027952,1.9465289149401357,-1.1872098901216395,1.5425652315203355
1771416027956,1.9584789713606015,-1.2362936753651916,1.5189528727099157
1771416027961,1.966703641461817,-1.2591061638218135,1.510819274951537
1771416027966,1.9648803106847261,-1.279911930253616,1.49083201136512
1771416027970,1.955328419343122,-1.2722689265465121,1.4848033560155558
1771416027974,1.961301519640311,-1.2444153304237193,1.5159598069704283
1771416027978,1.956552940366509,-1.2585532202085385,1.4980464613487625
1771416027982,1.9364316338554646,-1.2268430636089156,1.4982067847499672
1771416027986,1.9502707092821974,-1.2173516729369744,1.523683282011598
1771416027991,1.9583591238612539,-1.2012049067044108,1.5466988168741402
1771416027995,1.9690191405153843,-1.232758013223627,1.535364470263943
1771416027999,1.9630915353721186,-1.2639968309054195,1.502012113037281
1771416028003,1.9221244751430175,-1.123464591991613,1.5596120698702416
1771416028007,1.9452677232551483,-1.2347409773130296,1.5031570889572163
1771416028011,1.9493547144156986,-1.2276735624202741,1.5141999295829542
1771416028016,1.9855266802565998,-1.2661165712102709,1.5294656014822763
1771416028020,1.9288739630441287,-1.1956595061065338,1.513589478942901
1771416028025,1.9414035887250403,-1.2059491011727301,1.52142520673714
1771416028029,1.9477483066286891,-1.2419463927880234,1.5004308126054138
1771416028034,1.957742447441433,-1.2494032221319258,1.50723159436111
1771416028038,1.9477483066286891,-1.2419463927880234,1.5004308126054138
1771416028043,1.9552769891616903,-1.2722756212015882,1.4847298906000774
1771416028047,1.9497328199479227,-1.227829334417885,1.514560396526006
1771416028052,1.9506681888603787,-1.2489033792777942,1.4984481079638148
1771416028056,1.9314130984162985,-1.1298725817696942,1.5664432660326806
1771416028060,1.9357048977051363,-1.194440053742249,1.5232420717062227
1771416028064,1.936809396010916,-1.1825207283174037,1.5339085251656457
1771416028069,1.946708006714724,-1.221809458294311,1.515537433067813
1771416028073,1.9257811464345416,-1.1585112782236369,1.538338273004794
1771416028077,1.9539981515623195,-1.251571884296518,1.500558760844581
1771416028082,1.9449201226840678,-1.201867023107538,1.529127183195706
1771416028086,1.9451363358144604,-1.235519038021104,1.5023475202472665
1771416028091,1.955686319725995,-1.267531628646502,1.4893194927698197
1771416028095,1.929705452685319,-1.1496392468365393,1.549868619030841
1771416028100,1.955178785932813,-1.1972333629887706,1.5457543011450128
1771416028104,1.9403140541101205,-1.2189634899062258,1.5096180440273248
1771416028109,1.9363712848395096,-1.1907899540431728,1.5269423820501125
1771416028114,1.929260678218915,-1.1915648109318782,1.5173068463137525
1771416028118,1.9531512152055703,-1.2205343667998405,1.5248263930426667
1771416028122,1.9594077960356175,-1.2661149806933993,1.49540354648132
1771416028127,1.9533122668384921,-1.2549989903110277,1.4967986992578628
1771416028131,1.9674953381244558,-1.286184202530537,1.4888814938410486
1771416028135,1.952716969877091,-1.1936131373911985,1.5454420864895286
1771416028139,1.941370761348662,-1.2465096885562124,1.4883326339750056
1771416028144,1.951456924930593,-1.2444248691133282,1.503193558724838
1771416028148,1.9624954620131334,-1.2307997694624222,1.52856807696399
1771416028152,1.929643868490041,-1.150836936608894,1.5489027743980148
1771416028157,1.943143629021407,-1.2620485892512348,1.4775115977126716
1771416028161,1.962098179170998,-1.236093738228012,1.523778702771385
1771416028166,1.9455526148819013,-1.1952803433626824,1.535083019919311
1771416028170,1.9490584448307664,-1.2704015079981454,1.4781437108218416
1771416028174,1.9612285440989903,-1.24117478241389,1.51851985883902
1771416028179,1.955686319725995,-1.267531628646502,1.4893194927698197
1771416028183,1.9602383887498076,-1.2570811200916687,1.5040882946946692
1771416028187,1.9694976789006435,-1.2642511496594608,1.5101622885570127
1771416028198,1.9413633971461766,-1.2061426058464724,1.5212205146331759
1771416028212,1.9508353176689188,-1.251427646690801,1.4965584792323738
1771416028220,1.9342676976299977,-1.1373678944303944,1.5645401237468546
1771416028225,1.9477483066286891,-1.2419463927880234,1.5004308126054138
1771416028229,1.9701255151884323,-1.2922858366434111,1.4870749348998271
1771416028233,1.9377271575784907,-1.1715293793014583,1.5434718820408608
1771416028238,1.943922646256837,-1.2131716648981485,1.518897549579444
1771416028242,1.9406683904700541,-1.2893260268695128,1.450459305946398
1771416028247,1.9569396166048765,-1.2937389575287586,1.4682820481127057
1771416028250,1.9341466821906161,-1.1782182845872047,1.5338595314087118
1771416028255,1.971743911928111,-1.2379454559876126,1.5346872978640282
1771416028259,1.9591653148984423,-1.3041306770540309,1.4620437436231886
1771416028264,1.958617118158766,-1.2347058968972613,1.5204217716514319
1771416028268,1.9578348314763878,-1.2442971014135529,1.511569366835676
1771416028272,1.9607533576335956,-1.2149127015946293,1.539006451245562
1771416028277,1.929944716811393,-1.1474760948765224,1.551768417527285
1771416028281,1.9279217262787853,-1.1705907432203626,1.531861447567818
1771416028285,1.9583908295829429,-1.2795586375449104,1.4825735511193971
1771416028289,1.9440240767482033,-1.2518001604289608,1.4873553608088192
1771416028294,1.9418204888413497,-1.2016982286569533,1.52531576341648
1771416028299,1.9559922722601506,-1.2284456567240802,1.5221126888693788
1771416028303,1.9735620846513038,-1.2535154258945587,1.5243511337672773
1771416028307,1.957431892789951,-1.252088021771861,1.5045980196207482
1771416028312,1.9545930845936452,-1.2443227456179429,1.5073470174711348
1771416028315,1.9511659778357175,-1.170459741653294,1.5611126372662916
1771416028320,1.950656548757407,-1.2128652164007654,1.5277496319931754
1771416028324,1.9578348314763878,-1.2442971014135529,1.511569366835676
1771416028329,1.9735430845060324,-1.2577430713606128,1.5208401207378628
1771416028333,1.9500124416910258,-1.220928685364679,1.5204873126742862
1771416028337,1.942363783264886,-1.2308844029578507,1.502564691816687
1771416028341,1.952049699488978,-1.2371984366003073,1.509913261663982
1771416028346,1.9506153208503783,-1.2135640463710904,1.5271419172073204
1771416028350,1.9449201226840678,-1.201867023107538,1.529127183195706
1771416028355,1.9559922722601506,-1.2284456567240802,1.5221126888693788
1771416028359,1.9800075725820645,-1.2972318782392254,1.4958674545434336
1771416028363,1.9574779527379196,-1.2477627252970322,1.5082467029018691
1771416028367,1.9342553038541515,-1.206789035633631,1.5116229040214915
1771416028371,1.9365417157063305,-1.1889345190927154,1.5286034560933688
1771416028375,1.963365821737625,-1.221444046715398,1.5371661558566052
1771416028379,1.9451363358144604,-1.235519038021104,1.5023475202472665
1771416028383,1.9650342694428382,-1.2784728907377432,1.492268993088521
1771416028388,1.949565231082095,-1.261434378453937,1.4864682637374778
1771416028392,1.9602383887498076,-1.2570811200916687,1.5040882946946692
1771416028397,1.9405040750277232,-1.1797697889794367,1.5406814434563085
1771416028401,1.9630843291371483,-1.2631086958332869,1.502749648415923
1771416028405,1.9444190083933652,-1.2480940930758677,1.4909816950689116
1771416028410,1.942486025699092,-1.2297344152782907,1.5036639345001308
1771416028415,1.949879542430537,-1.1856478826392827,1.5479888011165024
1771416028419,1.9533253138845508,-1.258500960262777,1.4938725229683578
1771416028423,1.942486025699092,-1.2297344152782907,1.5036639345001308
1771416028427,1.971743911928111,-1.2379454559876126,1.5346872978640282
1771416028432,1.9549978902609677,-1.240534238378519,1.5109902562013637
1771416028436,1.9539981515623195,-1.251571884296518,1.500558760844581
1771416028440,1.9357048977051363,-1.194440053742249,1.5232420717062227
1771416028444,1.9559959585326603,-1.2284658164846793,1.5221011554836725
1771416028449,1.9517748282709344,-1.2362953008844468,1.5102976227495926
1771416028453,1.9659704286757187,-1.2988904424525343,1.4757788943242307
1771416028457,1.9655738931914994,-1.272636583292922,1.497957561635344
1771416028461,1.9545676742560196,-1.2083538028570278,1.5362994110418533
1771416028466,1.965415234428769,-1.273461443916058,1.4970480936108639
1771416028470,1.9584789713606015,-1.2362936753651916,1.5189528727099157
1771416028474,1.95216871706496,-1.2360001970258703,1.5110480511350595
1771416028478,1.956552940366509,-1.2585532202085385,1.4980464613487625
1771416028483,1.951950276176992,-1.2342963793558985,1.512158169166293
1771416028487,1.949235121512377,-1.1926161908785768,1.541811979520086
1771416028491,1.9332111681967734,-1.1871372166822147,1.5257819797103183
1771416028496,1.9451821285029953,-1.2388695987363976,1.4996451681561744
1771416028500,1.9392497768525843,-1.194759990305913,1.5274941121284273
1771416028504,1.9450675145216716,-1.2040975259268871,1.5275590934900891
1771416028509,1.9421209898574725,-1.1935162968922013,1.5321073031278507
1771416028512,1.951456924930593,-1.2444248691133282,1.503193558724838
1771416028516,1.9403319845336782,-1.1818506682795575,1.5388688079532853
1771416028520,1.9439675874638704,-1.248750771626242,1.4898427740781797
1771416028524,1.945346140015812,-1.159925540428206,1.5617119917375142
1771416028529,1.953415030181239,-1.2218516267869364,1.5241092094256528
1771416028533,1.961301519640311,-1.2444153304237193,1.5159598069704283
1771416028537,1.9574779527379196,-1.2477627252970322,1.5082467029018691
1771416028541,1.9413633971461766,-1.2061426058464724,1.5212205146331759
1771416028545,1.9493547144156986,-1.2276735624202741,1.5141999295829542
1771416028550,1.930601340876013,-1.216232090865598,1.4993335314535439
1771416028553,1.9383943558130856,-1.2045117150144025,1.518724532968731
1771416028558,1.9471795391600393,-1.252598657084536,1.4908067487080678
1771416028562,1.954851343409081,-1.2414710700292566,1.5100309126334803
1771416028567,1.9342553038541515,-1.206789035633631,1.5116229040214915
1771416028571,1.9663326587331253,-1.223011028097786,1.5397104110681585
1771416028575,1.953415030181239,-1.2218516267869364,1.5241092094256528
1771416028580,1.9493547144156986,-1.2276735624202741,1.5141999295829542
1771416028584,1.9553068232202795,-1.2369586007359183,1.5143177318506247
1771416028588,1.9545797831570573,-1.2837248255929214,1.473917467459665
1771416028592,1.9757348035960431,-1.304458267341626,1.4838856569509586
1771416028596,1.956191178462543,-1.2627180226550274,1.494063961802456
1771416028600,1.95216871706496,-1.2360001970258703,1.5110480511350595
1771416028604,1.934334492776685,-1.1696124017429173,1.5406676343828347
1771416028609,1.956552940366509,-1.2585532202085385,1.4980464613487625
1771416028613,1.962387203538054,-1.2319381264471583,1.5275116985528359
1771416028617,1.9657851380086735,-1.2660705371916658,1.5037874197076482
1771416028622,1.953121673700572,-1.2209261305544048,1.5244748787724816
1771416028626,1.9588132090366437,-1.3111677293379322,1.4552623039985764
1771416028630,1.954851343409081,-1.2414710700292566,1.5100309126334803
1771416028635,1.965415234428769,-1.273461443916058,1.4970480936108639
1771416028640,1.9315887204188766,-1.2018028210833114,1.5121854926184246
1771416028644,1.9451821285029953,-1.2388695987363976,1.4996451681561744
1771416028649,1.9559922722601506,-1.2284456567240802,1.5221126888693788
1771416028653,1.9456431714936,-1.1940919661422749,1.5361223021537542
1771416028657,1.9559959585326603,-1.2284658164846793,1.5221011554836725
1771416028662,1.9455526148819013,-1.1952803433626824,1.535083019919311
1771416028667,1.949565231082095,-1.261434378453937,1.4864682637374778
1771416028672,1.968222376093891,-1.2424774298421233,1.5264826098221997
1771416028676,1.9418204888413497,-1.2016982286569533,1.52531576341648
1771416028681,1.9584789713606015,-1.2362936753651916,1.5189528727099157
1771416028685,1.9631127216123165,-1.2645399904293162,1.501582555293295
1771416028690,1.961301519640311,-1.2444153304237193,1.5159598069704283
1771416028694,1.934334492776685,-1.1696124017429173,1.5406676343828347
1771416028698,1.9545930845936452,-1.2443227456179429,1.5073470174711348
1771416028703,1.953400391904877,-1.2584612161031028,1.4940041695585815
1771416028707,1.9486490132917786,-1.2362900097334404,1.5062602659687707
1771416028711,1.968224145079191,-1.2418625210974636,1.5269851878673102
1771416028715,1.9559419889228793,-1.2292096808271065,1.5214311106956213
1771416028719,1.9472487058720953,-1.2122007175408687,1.523924848184435
1771416028724,1.965415234428769,-1.273461443916058,1.4970480936108639
1771416028729,1.9674474845383851,-1.2514959754438455,1.5180933528160503
1771416028733,1.9324327454743004,-1.1553613458740468,1.5490114512944873
1771416028737,1.951456924930593,-1.2444248691133282,1.503193558724838
1771416028742,1.9499429993844875,-1.2615591452988626,1.4868578357601558
1771416028746,1.9624954620131334,-1.2307997694624222,1.52856807696399
1771416028750,1.9711145354838735,-1.2493297297274628,1.5246205227580112
1771416028755,1.9545676742560196,-1.2083538028570278,1.5362994110418533
1771416028759,1.9594077960356175,-1.2661149806933993,1.49540354648132
1771416028763,1.969447357824781,-1.2603019383713085,1.513394171847022
1771416028767,1.9689343944167295,-1.3052047880854079,1.4741584415103075
1771416028771,1.9449201226840678,-1.201867023107538,1.529127183195706
1771416028775,1.9656378900550144,-1.2351385237879682,1.5291059943230907
1771416028780,1.9404910127142294,-1.2521541981085649,1.4824355751882754
1771416028784,1.943922646256837,-1.2131716648981485,1.518897549579444
1771416028788,1.9413633971461766,-1.2061426058464724,1.5212205146331759
1771416028792,1.965415234428769,-1.273461443916058,1.4970480936108639
1771416028797,1.953121673700572,-1.2209261305544048,1.5244748787724816
1771416028801,1.9618164071806794,-1.2392982438272748,1.5208101388174466
1771416028806,1.968222376093891,-1.2424774298421233,1.5264826098221997
1771416028810,1.9382237850486015,-1.2019206436416965,1.5205585182149541
1771416028814,1.9616391044712107,-1.2729644214300861,1.4925111584051154
1771416028818,1.952521943243827,-1.2326066288016908,1.5142730392775212
1771416028822,1.9573111208119296,-1.2173727022437353,1.5326677811860723
1771416028827,1.9452677232551483,-1.2347409773130296,1.5031570889572163
1771416028831,1.9396094842446927,-1.1859291396509193,1.5348149813898722
1771416028835,1.9484976560888247,-1.2018417676623916,1.5336947158042182
1771416028840,1.9584789713606015,-1.2362936753651916,1.5189528727099157
1771416028844,1.9523063822013853,-1.2663008899655062,1.4859280823972703
1771416028848,1.9443552424362902,-1.244698577959684,1.4937345007780416
1771416028853,1.9382237850486015,-1.2019206436416965,1.5205585182149541
1771416028857,1.9317158843766296,-1.199569188781981,1.5141202129546794
1771416028862,1.9738704604912796,-1.286223351294709,1.4972621966056123
1771416028867,1.9417173799883876,-1.2062546308622248,1.5215834348705317
1771416028871,1.9339122450048083,-1.2146012983027314,1.5049120431244003
1771416028875,1.9413633971461766,-1.2061426058464724,1.5212205146331759
1771416028880,1.946904928605732,-1.2555135639697228,1.4879934447830525
1771416028884,1.9342553038541515,-1.206789035633631,1.5116229040214915
1771416028888,1.9571906619741413,-1.290165302733563,1.4717570380131333
1771416028892,1.9574779527379196,-1.2477627252970322,1.5082467029018691
1771416028897,1.9557324148433777,-1.2273345162612586,1.522675035476333
1771416028901,1.9602561002144037,-1.2199556301999936,1.53437682424205
1771416028905,1.9624954620131334,-1.2307997694624222,1.52856807696399
1771416028909,1.9467736442736912,-1.220892549476973,1.5163604468167473
1771416028914,1.9517748282709344,-1.2362953008844468,1.5102976227495926
1771416028918,1.9342553038541515,-1.206789035633631,1.5116229040214915
1771416028922,1.9387190395823233,-1.2361800632342241,1.4934826298625759
1771416028926,1.9451821285029953,-1.2388695987363976,1.4996451681561744
1771416028931,1.9427915238124294,-1.2268528266601162,1.5064099862632032
1771416028935,1.9466906294302602,-1.2218705540468329,1.5154658544041393
1771416028940,1.9382237850486015,-1.2019206436416965,1.5205585182149541
1771416028944,1.9553068232202795,-1.2369586007359183,1.5143177318506247
1771416028948,1.9574779527379196,-1.2477627252970322,1.5082467029018691
1771416028952,1.9545930845936452,-1.2443227456179429,1.5073470174711348
1771416028956,1.953400391904877,-1.2584612161031028,1.4940041695585815
1771416028960,1.9612285440989903,-1.24117478241389,1.51851985883902
1771416028966,1.9527801324133764,-1.260532030484831,1.49144535457059
1771416028970,1.9242927702105446,-1.1758154579586704,1.5232730137142239
1771416028974,1.9577802132767415,-1.280036262087637,1.4813542895737783
1771416028979,1.9584789713606015,-1.2362936753651916,1.5189528727099157
1771416028983,1.9279217262787853,-1.1705907432203626,1.531861447567818
1771416028987,1.952049699488978,-1.2371984366003073,1.509913261663982
1771416028992,1.9737445259427133,-1.2557068520466894,1.5227828983186737
1771416028996,1.9573623980194175,-1.2535917935442968,1.5032548594096469
1771416029000,1.9444190083933652,-1.2480940930758677,1.4909816950689116
1771416029004,1.952049699488978,-1.2371984366003073,1.509913261663982
1771416029009,1.935659573058959,-1.1954544191111278,1.5223884900387505
1771416029013,1.9495151230908514,-1.2299649372392392,1.5125460218856193
1771416029017,1.9389776731534518,-1.2339198019488609,1.4956859093225616
1771416029021,1.9607533576335956,-1.2149127015946293,1.539006451245562
1771416029025,1.961301519640311,-1.2444153304237193,1.5159598069704283
1771416029029,1.9427915238124294,-1.2268528266601162,1.5064099862632032
1771416029034,1.9663454733591454,-1.259878276499146,1.5097089948084508
1771416029038,1.9425324326805933,-1.2290024548090783,1.504322178952781
1771416029042,1.9574779527379196,-1.2477627252970322,1.5082467029018691
1771416029047,1.9361202998868243,-1.1570299397554504,1.552367074548847
1771416029051,1.9295774438272673,-1.1885292180478795,1.520087961130364
1771416029055,1.9565143795241386,-1.186125591701598,1.5559738423235974
1771416029060,1.9550437667369804,-1.2435261518401028,1.5085883598738479
1771416029064,1.9453176694369128,-1.1975016959276554,1.5330526811802165
1771416029068,1.9396617653672021,-1.2215235826920126,1.5067076361904723
1771416029073,1.9414035887250403,-1.2059491011727301,1.52142520673714
1771416029076,1.9551792207410204,-1.2736236373161194,1.4834448475380273
1771416029080,1.9549978902609677,-1.240534238378519,1.5109902562013637
1771416029084,1.9589456676990094,-1.2673542497954233,1.4937474132269475
1771416029088,1.9172725948257903,-1.1798543117226257,1.511250477577939
1771416029093,1.9653965335896457,-1.2337773305281803,1.5298944515622483
1771416029097,1.955234605868848,-1.2734209873931261,1.4836917984722517
1771416029102,1.951456924930593,-1.2444248691133282,1.503193558724838
1771416029107,1.944737996869467,-1.2398855783370577,1.4982288306863032
1771416029111,1.9358317709177721,-1.2289010514698802,1.4957429093901335
1771416029116,1.9530642444441746,-1.2255184271856554,1.5207118489558409
1771416029120,1.9425324326805933,-1.2290024548090783,1.504322178952781
1771416029124,1.9370443681378586,-1.2152994065225236,1.5083727114478696
1771416029128,1.9559959585326603,-1.2284658164846793,1.5221011554836725
1771416029132,1.9616391044712107,-1.2729644214300861,1.4925111584051154
1771416029136,1.9477483066286891,-1.2419463927880234,1.5004308126054138
1771416029140,1.9472487058720953,-1.2122007175408687,1.523924848184435
1771416029145,1.922822086160348,-1.1925509537413166,1.5083325222764075
1771416029149,1.9447867981169629,-1.2462014229596907,1.4930431017031192
1771416029153,1.9502707092821974,-1.2173516729369744,1.523683282011598
1771416029158,1.9479276008257247,-1.244212825534172,1.4987849688447423
1771416029163,1.949235121512377,-1.1926161908785768,1.541811979520086
1771416029166,1.9359234838954151,-1.2317401445609608,1.493524673975862
1771416029171,1.9493547144156986,-1.2276735624202741,1.5141999295829542
1771416029175,1.9757304050125017,-1.3045937575822646,1.4837606818379612
1771416029179,1.9441290185669677,-1.2148781742024448,1.5177973061910128
1771416029184,1.944774568388039,-1.2041749005704747,1.5271250540427168
1771416029188,1.9414461830479042,-1.1686277344924885,1.5503298035728494
1771416029192,1.9467761985469714,-1.2608206931048045,1.483330289270639
1771416029197,1.9711397810402256,-1.2808536566337674,1.4982676485485549
1771416029201,1.9481108055217944,-1.2424653671593695,1.5004717664788991
1771416029205,1.9596545002540176,-1.2228833764709979,1.5312746350399444
1771416029209,1.9682967873415242,-1.2409995936711704,1.527780171218018
1771416029214,1.9594077960356175,-1.2661149806933993,1.49540354648132
1771416029218,1.9574779527379196,-1.2477627252970322,1.5082467029018691
1771416029223,1.9639364691307584,-1.2861867531630187,1.4841732010684474
1771416029227,1.9357048977051363,-1.194440053742249,1.5232420717062227
1771416029232,1.9559922722601506,-1.2284456567240802,1.5221126888693788
1771416029236,1.9301228176434135,-1.2220630581274259,1.4939665234361825
1771416029240,1.954851343409081,-1.2414710700292566,1.5100309126334803
1771416029245,1.9279217262787853,-1.1705907432203626,1.531861447567818
1771416029249,1.9477301438874772,-1.2459197412368,1.497109452179218
1771416029253,1.9598424190756272,-1.224737159295645,1.5300330709656702
1771416029258,1.9531512152055703,-1.2205343667998405,1.5248263930426667
1771416029262,1.9738704604912796,-1.286223351294709,1.4972621966056123
1771416029266,1.9604140388297753,-1.2545701940266434,1.5064119064521568
1771416029270,1.9422257901729418,-1.1962934747475251,1.5300728552227179
1771416029274,1.9557324148433777,-1.2273345162612586,1.522675035476333
1771416029278,1.9439675874638704,-1.248750771626242,1.4898427740781797
1771416029283,1.946708006714724,-1.221809458294311,1.515537433067813
1771416029287,1.9321350380203446,-1.195584116652625,1.5178024987309253
1771416029291,1.9533583268981503,-1.2189804907009898,1.5263339466030084
1771416029296,1.9456431714936,-1.1940919661422749,1.5361223021537542
1771416029299,1.9487576981173147,-1.2721560703152919,1.476236938547281
1771416029304,1.9553068232202795,-1.2369586007359183,1.5143177318506247
1771416029308,1.9357048977051363,-1.194440053742249,1.5232420717062227
1771416029313,1.9582812481566663,-1.278131205265139,1.4836596877348638
1771416029317,1.9364316338554646,-1.2268430636089156,1.4982067847499672
1771416029321,1.948914447406527,-1.2325687532037906,1.5096495593135322
1771416029325,1.9252855947337768,-1.1280636024468156,1.5601913761215658
1771416029330,1.9406360314616378,-1.2544618236270844,1.4806734074972052
1771416029334,1.9686568195759917,-1.2734553758791631,1.501306457358896
1771416029339,1.9386830991659996,-1.1598529322169588,1.5534585075307312
1771416029343,1.9783397086555015,-1.3157527393911201,1.4773702080480362
1771416029347,1.953121673700572,-1.2209261305544048,1.5244748787724816
1771416029351,1.9694976789006435,-1.2642511496594608,1.5101622885570127
1771416029355,1.9589456676990094,-1.2673542497954233,1.4937474132269475
1771416029359,1.9440240767482033,-1.2518001604289608,1.4873553608088192
1771416029364,1.9583591238612539,-1.2012049067044108,1.5466988168741402
1771416029369,1.9466906294302602,-1.2218705540468329,1.5154658544041393
1771416029373,1.9408686957385712,-1.2124965026159111,1.515527474261726
1771416029377,1.954851343409081,-1.2414710700292566,1.5100309126334803
1771416029381,1.9452677232551483,-1.2347409773130296,1.5031570889572163
1771416029385,1.9533122668384921,-1.2549989903110277,1.4967986992578628
1771416029390,1.9667897360215003,-1.2543188058716703,1.5149079836597963
1771416029394,1.9523063822013853,-1.2663008899655062,1.4859280823972703
1771416029398,1.9619920439567995,-1.2727437962019978,1.493163088808154
1771416029403,1.9638539418287615,-1.251448714396437,1.5134723056838106
1771416029407,1.9413633971461766,-1.2061426058464724,1.5212205146331759
1771416029412,1.9493547144156986,-1.2276735624202741,1.5141999295829542
1771416029416,1.9559419889228793,-1.2292096808271065,1.5214311106956213
1771416029420,1.952716969877091,-1.1936131373911985,1.5454420864895286
1771416029424,1.942363783264886,-1.2308844029578507,1.502564691816687
1771416029428,1.9390305087994968,-1.2291932382068136,1.4996410561203914
1771416029432,1.9636362059636816,-1.2893736087651257,1.4810073755358002
1771416029436,1.9674885095537944,-1.2865762207895135,1.4885337293206307
1771416029440,1.951456924930593,-1.2444248691133282,1.503193558724838
1771416029445,1.952049699488978,-1.2371984366003073,1.509913261663982
1771416029449,1.9493547144156986,-1.2276735624202741,1.5141999295829542
1771416029453,1.960245537865576,-1.2199765608825899,1.5343466882093468
1771416029457,1.9449201226840678,-1.201867023107538,1.529127183195706
1771416029461,1.955234605868848,-1.2734209873931261,1.4836917984722517
1771416029465,1.9493547144156986,-1.2276735624202741,1.5141999295829542
1771416029471,1.939632264347181,-1.1929811351102269,1.5293689326541478
1771416029475,1.9584762572806558,-1.2364694797822584,1.5188062667434044
1771416029479,1.9474499189890166,-1.2092510148562712,1.5265232294463802
1771416029484,1.9681490747316017,-1.2429238895754575,1.5260245689665275
1771416029489,1.9275597733242522,-1.2147382602091434,1.496628757882831
1771416029493,1.9559959585326603,-1.2284658164846793,1.5221011554836725
1771416029497,1.9630915353721186,-1.2639968309054195,1.502012113037281
1771416029501,1.952716969877091,-1.1936131373911985,1.5454420864895286
1771416029506,1.929705452685319,-1.1496392468365393,1.549868619030841
1771416029510,1.9467761985469714,-1.2608206931048045,1.483330289270639
1771416029514,1.9506681888603787,-1.2489033792777942,1.4984481079638148
1771416029518,1.939676359355441,-1.1891823666640533,1.5323803959388345
1771416029523,1.9465289149401357,-1.1872098901216395,1.5425652315203355
1771416029528,1.948914447406527,-1.2325687532037906,1.5096495593135322
1771416029532,1.9506681888603787,-1.2489033792777942,1.4984481079638148
1771416029536,1.9569188646924685,-1.2931908866862187,1.4687371356308014
1771416029540,1.9511659778357175,-1.170459741653294,1.5611126372662916
1771416029544,1.9456834251254198,-1.1971493328399616,1.5337918586589967
1771416029549,1.9559419889228793,-1.2292096808271065,1.5214311106956213
1771416029553,1.952049699488978,-1.2371984366003073,1.509913261663982
1771416029557,1.9269044942410827,-1.1452851134211077,1.5496073499123844
1771416029562,1.9486490132917786,-1.2362900097334404,1.5062602659687707
1771416029566,1.9545140819528248,-1.2090001407327347,1.5357226169657467
1771416029571,1.953121673700572,-1.2209261305544048,1.5244748787724816
1771416029575,1.9632153426856325,-1.259247392535704,1.5061575236834612
1771416029579,1.9604140388297753,-1.2545701940266434,1.5064119064521568
1771416029584,1.9584789713606015,-1.2362936753651916,1.5189528727099157
1771416029588,1.946904928605732,-1.2555135639697228,1.4879934447830525
1771416029593,1.9243256039693843,-1.135202539923992,1.553816019817743
1771416029597,1.972371494692663,-1.2717436214387026,1.5076198043293751
1771416029601,1.943922646256837,-1.2131716648981485,1.518897549579444
1771416029605,1.9364316338554646,-1.2268430636089156,1.4982067847499672
1771416029610,1.951950276176992,-1.2342963793558985,1.512158169166293
1771416029614,1.9721133791520835,-1.2698761163874828,1.508855801347264
1771416029619,1.9260419009675154,-1.1561411609064585,1.5404463704850055
1771416029623,1.96307265837208,-1.2605323144238625,1.504896191217602
1771416029627,1.9665473572708203,-1.2964664863705735,1.4786761505166661
1771416029631,1.920695246142157,-1.1403619812804227,1.545524111815558
1771416029635,1.9477100139072334,-1.2460755394707363,1.4969535891961478
1771416029639,1.9439413469005478,-1.1764310646309102,1.5475522318684105
1771416029644,1.9427915238124294,-1.2268528266601162,1.5064099862632032
1771416029648,1.9459010553934135,-1.2665876252531652,1.4772564790640617
1771416029652,1.9370443681378586,-1.2152994065225236,1.5083727114478696
1771416029675,1.9525131744195758,-1.2286124847456408,1.5175042202936873
1771416029682,1.958518882423828,-1.2397400068824744,1.5161929059805426
1771416029687,1.9571906619741413,-1.290165302733563,1.4717570380131333
1771416029693,1.9525131744195758,-1.2286124847456408,1.5175042202936873
1771416029697,1.9479276008257247,-1.244212825534172,1.4987849688447423
1771416029702,1.948914447406527,-1.2325687532037906,1.5096495593135322
1771416029707,1.952521943243827,-1.2326066288016908,1.5142730392775212
1771416029711,1.955686319725995,-1.267531628646502,1.4893194927698197
1771416029715,1.9506881501457018,-1.2492023828867216,1.4982248381698244
1771416029720,1.9535735749712178,-1.256439579067984,1.4959309131698868
1771416029724,1.9338677162320659,-1.1796239098789918,1.5324267601182207
1771416029729,1.962387203538054,-1.2319381264471583,1.5275116985528359
1771416029733,1.9427915238124294,-1.2268528266601162,1.5064099862632032
1771416029737,1.9280930780356103,-1.208723790248307,1.5021749952840384
1771416029742,1.9615264965221852,-1.241758874157813,1.5184271780394736
1771416029746,1.9414461830479042,-1.1686277344924885,1.5503298035728494
1771416029751,1.9477301438874772,-1.2459197412368,1.497109452179218
1771416029756,1.9340419296315325,-1.2138047220763795,1.5057211834326916
1771416029760,1.9331944266376095,-1.1868689434265882,1.525969463099498
1771416029765,1.9481108055217944,-1.2424653671593695,1.5004717664788991
1771416029769,1.954851343409081,-1.2414710700292566,1.5100309126334803
1771416029773,1.9401191681672103,-1.1429246472583516,1.5677326421871811
1771416029778,1.9428236608483305,-1.1897077875166886,1.5359554542610454
1771416029783,1.9655738931914994,-1.272636583292922,1.497957561635344
1771416029787,1.919447719484185,-1.1969703224768526,1.500513776991967
1771416029791,1.952049699488978,-1.2371984366003073,1.509913261663982
1771416029797,1.9193950675267033,-1.2312334632505701,1.4724610637357596
1771416029801,1.9681490747316017,-1.2429238895754575,1.5260245689665275
1771416029805,1.968499681019721,-1.3099708854260093,1.4693424629782332
1771416029809,1.9257811464345416,-1.1585112782236369,1.538338273004794
1771416029814,1.961301519640311,-1.2444153304237193,1.5159598069704283
1771416029819,1.9466906294302602,-1.2218705540468329,1.5154658544041393
1771416029823,1.9530642444441746,-1.2255184271856554,1.5207118489558409
1771416029828,1.9589456676990094,-1.2673542497954233,1.4937474132269475
1771416029832,1.9517824459843394,-1.2764143496809404,1.476557186288832
1771416029837,1.9539981515623195,-1.251571884296518,1.500558760844581
1771416029841,1.939632264347181,-1.1929811351102269,1.5293689326541478
1771416029845,1.9481108055217944,-1.2424653671593695,1.5004717664788991
1771416029849,1.9357048977051363,-1.194440053742249,1.5232420717062227
1771416029854,1.9584762572806558,-1.2364694797822584,1.5188062667434044
1771416029858,1.9439675874638704,-1.248750771626242,1.4898427740781797
1771416029862,1.9583908295829429,-1.2795586375449104,1.4825735511193971
1771416029867,1.9288310555802288,-1.196871003896949,1.5125769537453126
1771416029870,1.9370443681378586,-1.2152994065225236,1.5083727114478696
1771416029875,1.9523063822013853,-1.2663008899655062,1.4859280823972703
1771416029879,1.9364040017525428,-1.1905486690353464,1.5271720023171675
1771416029883,1.9413633971461766,-1.2061426058464724,1.5212205146331759
1771416029888,1.9638539418287615,-1.251448714396437,1.5134723056838106
1771416029892,1.971578543949527,-1.239806761765178,1.5329713462565049
1771416029896,1.9502707092821974,-1.2173516729369744,1.523683282011598
1771416029900,1.9689343944167295,-1.3052047880854079,1.4741584415103075
1771416029904,1.961301519640311,-1.2444153304237193,1.5159598069704283
1771416029909,1.9477483066286891,-1.2419463927880234,1.5004308126054138
1771416029914,1.9417173799883876,-1.2062546308622248,1.5215834348705317
1771416029918,1.9577836352726405,-1.2803312085819467,1.4811038987432472
1771416029923,1.9506681888603787,-1.2489033792777942,1.4984481079638148
1771416029927,1.9545676742560196,-1.2083538028570278,1.5362994110418533
1771416029931,1.9506153208503783,-1.2135640463710904,1.5271419172073204
1771416029936,1.9403140541101205,-1.2189634899062258,1.5096180440273248
1771416029940,1.9606040463595151,-1.2885375799446095,1.4777141576339428
1771416029944,1.9604140388297753,-1.2545701940266434,1.5064119064521568
1771416029949,1.9439413469005478,-1.1764310646309102,1.5475522318684105
1771416029953,1.9456834251254198,-1.1971493328399616,1.5337918586589967
1771416029957,1.9650342694428382,-1.2784728907377432,1.492268993088521
1771416029962,1.9422257901729418,-1.1962934747475251,1.5300728552227179
1771416029967,1.9393229189251993,-1.2297449294545135,1.4995668682487848
1771416029971,1.9193565653949727,-1.1145832811410483,1.5625727933525657
1771416029975,1.9382237850486015,-1.2019206436416965,1.5205585182149541
1771416029980,1.9497328199479227,-1.227829334417885,1.514560396526006
1771416029984,1.9398055008700679,-1.26521805066969,1.4703974515298117
1771416029988,1.9631390119516752,-1.2988303579655325,1.4720579069702815
1771416029992,1.9487576981173147,-1.2721560703152919,1.476236938547281
1771416029996,1.9464434391867136,-1.1841674134472626,1.5447943548843714
1771416030000,1.9551242840436678,-1.202567530313236,1.5415389392076961
1771416030005,1.952521943243827,-1.2326066288016908,1.5142730392775212
1771416030009,1.9588299813413637,-1.268758131752433,1.4924033298387815
1771416030014,1.9683324314920942,-1.2413539815765582,1.5275381675387378
1771416030018,1.9603760347509296,-1.2514708995598762,1.5089382973404086
1771416030022,1.9431015882619787,-1.2233056372365543,1.5096910611815557
1771416030026,1.9633210570231243,-1.293013934288799,1.4774114317567058
1771416030030,1.9430797906992612,-1.1870414185533622,1.5383405811661819
1771416030035,1.954851343409081,-1.2414710700292566,1.5100309126334803
1771416030039,1.9525131744195758,-1.2286124847456408,1.5175042202936873
1771416030043,1.9403319845336782,-1.1818506682795575,1.5388688079532853
1771416030047,1.9242141969453468,-1.173225546714768,1.525169529023531
1771416030051,1.9370443681378586,-1.2152994065225236,1.5083727114478696
1771416030056,1.9484976560888247,-1.2018417676623916,1.5336947158042182
1771416030060,1.9583908295829429,-1.2795586375449104,1.4825735511193971
1771416030064,1.952010536610777,-1.2012947730736308,1.5385824655264557
1771416030069,1.9663454733591454,-1.259878276499146,1.5097089948084508
1771416030073,1.9551792207410204,-1.2736236373161194,1.4834448475380273
1771416030078,1.9477483066286891,-1.2419463927880234,1.5004308126054138
1771416030082,1.9584762572806558,-1.2364694797822584,1.5188062667434044
1771416030086,1.944774568388039,-1.2041749005704747,1.5271250540427168
1771416030090,1.9382237850486015,-1.2019206436416965,1.5205585182149541
1771416030094,1.955686319725995,-1.267531628646502,1.4893194927698197
1771416030099,1.9459010553934135,-1.2665876252531652,1.4772564790640617
1771416030103,1.9584789713606015,-1.2362936753651916,1.5189528727099157
1771416030108,1.951081811734074,-1.2086540067806064,1.531625191740036
1771416030112,1.9574779527379196,-1.2477627252970322,1.5082467029018691
1771416030116,1.9557324148433777,-1.2273345162612586,1.522675035476333
1771416030121,1.9573263525095446,-1.2848245936814005,1.4766015758151358
1771416030125,1.9674953381244558,-1.286184202530537,1.4888814938410486
1771416030130,1.9557324148433777,-1.2273345162612586,1.522675035476333
1771416030134,1.9598424190756272,-1.224737159295645,1.5300330709656702
1771416030138,1.9396094842446927,-1.1859291396509193,1.5348149813898722
1771416030142,1.9559922722601506,-1.2284456567240802,1.5221126888693788
1771416030147,1.9339122450048083,-1.2146012983027314,1.5049120431244003
1771416030151,1.9487576981173147,-1.2721560703152919,1.476236938547281
1771416030155,1.9291900795511485,-1.1921950878439882,1.5167218715239892
1771416030159,1.951950276176992,-1.2342963793558985,1.512158169166293
1771416030163,1.9700018609386678,-1.2585345705879787,1.5155850575724037
1771416030167,1.9447501692994527,-1.2046487082902675,1.526720246346671
1771416030172,1.9464434391867136,-1.1841674134472626,1.5447943548843714
1771416030177,1.9493547144156986,-1.2276735624202741,1.5141999295829542
1771416030181,1.9728558847660196,-1.2661596312391192,1.5129441927170781
1771416030185,1.958518882423828,-1.2397400068824744,1.5161929059805426
1771416030190,1.9571067929978303,-1.215664262768086,1.5337624977247222
1771416030194,1.9389776731534518,-1.2339198019488609,1.4956859093225616
1771416030199,1.9466906294302602,-1.2218705540468329,1.5154658544041393
1771416030204,1.960959628737051,-1.2076715971456615,1.5449569505278133
1771416030208,1.941523795583125,-1.168320711221399,1.5506583648717178
1771416030212,1.9440240767482033,-1.2518001604289608,1.4873553608088192
1771416030216,1.9535735749712178,-1.256439579067984,1.4959309131698868
1771416030220,1.9439413469005478,-1.1764310646309102,1.5475522318684105
1771416030224,1.9352121088686804,-1.1639522841294252,1.5460468901627336
1771416030229,1.9531512152055703,-1.2205343667998405,1.5248263930426667
1771416030233,1.9459010553934135,-1.2665876252531652,1.4772564790640617
1771416030237,1.91631084857437,-1.1504267804544237,1.5325682664002578
1771416030241,1.9571067929978303,-1.215664262768086,1.5337624977247222
1771416030246,1.956552940366509,-1.2585532202085385,1.4980464613487625
1771416030250,1.9495151230908514,-1.2299649372392392,1.5125460218856193
1771416030254,1.9571067929978303,-1.215664262768086,1.5337624977247222
1771416030258,1.9604140388297753,-1.2545701940266434,1.5064119064521568
1771416030263,1.9408686957385712,-1.2124965026159111,1.515527474261726
1771416030267,1.9508550718044864,-1.2113057854083562,1.5292396167447182
1771416030271,1.956552940366509,-1.2585532202085385,1.4980464613487625
1771416030275,1.9559419889228793,-1.2292096808271065,1.5214311106956213
1771416030280,1.9418204888413497,-1.2016982286569533,1.52531576341648
1771416030284,1.9557324148433777,-1.2273345162612586,1.522675035476333
1771416030288,1.9607533576335956,-1.2149127015946293,1.539006451245562
1771416030292,1.9578348314763878,-1.2442971014135529,1.511569366835676
1771416030296,1.9545930845936452,-1.2443227456179429,1.5073470174711348
1771416030300,1.9551792207410204,-1.2736236373161194,1.4834448475380273
1771416030304,1.9558622373348937,-1.2665160976677874,1.4904140585022054
1771416030309,1.9249382470564662,-1.1683576675349108,1.529812934869229
1771416030313,1.9652308741377325,-1.2397458295293664,1.5248484078191835
1771416030317,1.9674474845383851,-1.2514959754438455,1.5180933528160503
1771416030321,1.9477483066286891,-1.2419463927880234,1.5004308126054138
1771416030325,1.9487576981173147,-1.2721560703152919,1.476236938547281
1771416030330,1.9527801324133764,-1.260532030484831,1.49144535457059
1771416030333,1.9398412787368515,-1.223547307655644,1.5052960415214172
1771416030337,1.9531512152055703,-1.2205343667998405,1.5248263930426667
1771416030342,1.9597670714712123,-1.2616385822386362,1.499651646959965
1771416030347,1.9600842176185858,-1.2580766048527223,1.5030546884527223
1771416030351,1.953415030181239,-1.2218516267869364,1.5241092094256528
1771416030355,1.937106269455014,-1.1782503259786328,1.53756524040223
1771416030359,1.9505683345409124,-1.1778322391285962,1.5548080409436487
1771416030363,1.9535735749712178,-1.256439579067984,1.4959309131698868
1771416030368,1.9630915353721186,-1.2639968309054195,1.502012113037281
1771416030372,1.9342553038541515,-1.206789035633631,1.5116229040214915
1771416030377,1.9642907610767932,-1.2472697595204674,1.517483555442168
1771416030381,1.9493547144156986,-1.2276735624202741,1.5141999295829542
1771416030385,1.9648803106847261,-1.279911930253616,1.49083201136512
1771416030390,1.929705452685319,-1.1496392468365393,1.549868619030841
1771416030394,1.9493547144156986,-1.2276735624202741,1.5141999295829542
1771416030398,1.9674953381244558,-1.286184202530537,1.4888814938410486
1771416030402,1.9425324326805933,-1.2290024548090783,1.504322178952781
1771416030407,1.9523063822013853,-1.2663008899655062,1.4859280823972703
1771416030411,1.974831421149116,-1.2798833474064069,1.503947392361052
1771416030415,1.9364095607517553,-1.1868762508186497,1.53003488594655
1771416030419,1.9604140388297753,-1.2545701940266434,1.5064119064521568
1771416030424,1.9549978902609677,-1.240534238378519,1.5109902562013637
1771416030428,1.9467736442736912,-1.220892549476973,1.5163604468167473
1771416030432,1.923114010337052,-1.1898055573654922,1.5108706868613373
1771416030436,1.9636362059636816,-1.2893736087651257,1.4810073755358002
1771416030440,1.9493547144156986,-1.2276735624202741,1.5141999295829542
1771416030444,1.9421209898574725,-1.1935162968922013,1.5321073031278507
1771416030449,1.9451821285029953,-1.2388695987363976,1.4996451681561744
1771416030453,1.9551792207410204,-1.2736236373161194,1.4834448475380273
1771416030458,1.940255242267295,-1.1789595031954896,1.5409882851503978
1771416030462,1.9267731717811207,-1.1837385497681687,1.5202690226694198
1771416030466,1.9545676742560196,-1.2083538028570278,1.5362994110418533
1771416030471,1.9367006430437772,-1.2189853090498213,1.504953220896547
1771416030475,1.9506681888603787,-1.2489033792777942,1.4984481079638148
1771416030479,1.9648803106847261,-1.279911930253616,1.49083201136512
1771416030483,1.9464224000381734,-1.2603789855361227,1.4832413735428556
1771416030488,1.9584762572806558,-1.2364694797822584,1.5188062667434044
1771416030492,1.9598424190756272,-1.224737159295645,1.5300330709656702
1771416030496,1.955236053037548,-1.2012029135470577,1.5427441730837648
1771416030501,1.9393229189251993,-1.2297449294545135,1.4995668682487848
1771416030505,1.9574779527379196,-1.2477627252970322,1.5082467029018691
1771416030510,1.9451363358144604,-1.235519038021104,1.5023475202472665
1771416030514,1.9440240767482033,-1.2518001604289608,1.4873553608088192
1771416030519,1.9544153706420573,-1.2507852083203728,1.5017575715304026
1771416030523,1.9627635960168375,-1.2314869470652618,1.528358869198209
1771416030527,1.955686319725995,-1.267531628646502,1.4893194927698197
1771416030532,1.9453176694369128,-1.1975016959276554,1.5330526811802165
1771416030536,1.9549907449930652,-1.1625236514928465,1.5717911988328093
1771416030540,1.962387203538054,-1.2319381264471583,1.5275116985528359
1771416030544,1.9396617653672021,-1.2215235826920126,1.5067076361904723
1771416030549,1.969447357824781,-1.2603019383713085,1.513394171847022
1771416030553,1.9367006430437772,-1.2189853090498213,1.504953220896547
1771416030558,1.9425324326805933,-1.2290024548090783,1.504322178952781
1771416030562,1.9646248141424199,-1.2434811333123632,1.5210211475980004
1771416030566,1.9481024380364056,-1.2060065005085343,1.5299187657567137
1771416030570,1.968224145079191,-1.2418625210974636,1.5269851878673102
1771416030574,1.962387203538054,-1.2319381264471583,1.5275116985528359
1771416030579,1.9533122668384921,-1.2549989903110277,1.4967986992578628
1771416030583,1.943922646256837,-1.2131716648981485,1.518897549579444
1771416030588,1.954513932386136,-1.2457824454276807,1.5060381172320125
1771416030592,1.957431892789951,-1.252088021771861,1.5045980196207482
1771416030596,1.9465124838091266,-1.2246356984441298,1.5130030587282477
1771416030600,1.9495151230908514,-1.2299649372392392,1.5125460218856193
1771416030605,1.9628469259954795,-1.2634808389504424,1.5021265674020248
1771416030610,1.9422257901729418,-1.1962934747475251,1.5300728552227179
1771416030614,1.9506153208503783,-1.2135640463710904,1.5271419172073204
1771416030619,1.976792560683086,-1.2930223689067883,1.4952598374458768
1771416030623,1.9332484674479433,-1.2221877161295385,1.4979008056049252
1771416030628,1.9496052043136367,-1.2289893017069904,1.5134549048374655
1771416030633,1.919055533688913,-1.1220217898009637,1.5568690518453634
1771416030637,1.9369370815968021,-1.2204082977828041,1.5041040006487634
1771416030641,1.955328419343122,-1.2722689265465121,1.4848033560155558
1771416030645,1.9331944266376095,-1.1868689434265882,1.525969463099498
1771416030650,1.954851343409081,-1.2414710700292566,1.5100309126334803
1771416030655,1.9496975961322998,-1.188059712891681,1.545909064262127
1771416030658,1.9279217262787853,-1.1705907432203626,1.531861447567818
1771416030662,1.9154867489170146,-1.1228863281731525,1.5518427044254484
1771416030667,1.9583591238612539,-1.2012049067044108,1.5466988168741402
1771416030671,1.9598343162912129,-1.2615348426583148,1.499826786022875
1771416030675,1.954851343409081,-1.2414710700292566,1.5100309126334803
1771416030679,1.9467826528969152,-1.2209339226190823,1.5163387003629274
1771416030683,1.9584762572806558,-1.2364694797822584,1.5188062667434044
1771416030687,1.9291900795511485,-1.1921950878439882,1.5167218715239892
1771416030692,1.9574779527379196,-1.2477627252970322,1.5082467029018691
1771416030696,1.9648803106847261,-1.279911930253616,1.49083201136512
1771416030700,1.9657851380086735,-1.2660705371916658,1.5037874197076482
1771416030704,1.9711145354838735,-1.2493297297274628,1.5246205227580112
1771416030708,1.9683023256369303,-1.2816933319798829,1.4938126548754547
1771416030713,1.948914447406527,-1.2325687532037906,1.5096495593135322
1771416030717,1.940255242267295,-1.1789595031954896,1.5409882851503978
1771416030722,1.9674474845383851,-1.2514959754438455,1.5180933528160503
1771416030726,1.946904928605732,-1.2555135639697228,1.4879934447830525
1771416030730,1.952049699488978,-1.2371984366003073,1.509913261663982
1771416030735,1.9734806653920245,-1.2589748757402623,1.5197395168024481
1771416030739,1.9582812481566663,-1.278131205265139,1.4836596877348638
1771416030743,1.9612285440989903,-1.24117478241389,1.51851985883902
1771416030747,1.9386830991659996,-1.1598529322169588,1.5534585075307312
1771416030752,1.9584789713606015,-1.2362936753651916,1.5189528727099157
1771416030756,1.9544153706420573,-1.2507852083203728,1.5017575715304026
1771416030761,1.9590687000056628,-1.1933104167693336,1.5536925115902687
1771416030765,1.939632264347181,-1.1929811351102269,1.5293689326541478
1771416030769,1.9452677232551483,-1.2347409773130296,1.5031570889572163
1771416030774,1.9271407909678333,-1.1065458476170031,1.5777921014296192
1771416030778,1.9772861866863205,-1.2880732069877694,1.5001760155064383
1771416030782,1.9584789713606015,-1.2362936753651916,1.5189528727099157
1771416030786,1.9543187974156135,-1.21206854543868,1.533053098587969
1771416030791,1.9588441496477058,-1.2362725374656425,1.51944088918171
1771416030795,1.96307265837208,-1.2605323144238625,1.504896191217602
1771416030800,1.9367006430437772,-1.2189853090498213,1.504953220896547
1771416030804,1.9357048977051363,-1.194440053742249,1.5232420717062227
1771416030808,1.951950276176992,-1.2342963793558985,1.512158169166293
1771416030812,1.943922646256837,-1.2131716648981485,1.518897549579444
1771416030816,1.9199657197640114,-1.1545074155454147,1.534073333488196
1771416030820,1.9425324326805933,-1.2290024548090783,1.504322178952781
1771416030825,1.9531512152055703,-1.2205343667998405,1.5248263930426667
1771416030830,1.9630771428666534,-1.2280716435832029,1.531506417574655
1771416030834,1.927431076410787,-1.2120366460935432,1.4986519685505237
1771416030839,1.962387203538054,-1.2319381264471583,1.5275116985528359
1771416030843,1.9794278214389192,-1.299151802412787,1.4934319852521014
1771416030848,1.9259764305186737,-1.1894442247911097,1.5147962394409775
1771416030852,1.9377271575784907,-1.1715293793014583,1.5434718820408608
1771416030856,1.9558679702065724,-1.1933135398554329,1.5496523198697425
1771416030861,1.9607533576335956,-1.2149127015946293,1.539006451245562
1771416030865,1.9342553038541515,-1.206789035633631,1.5116229040214915
1771416030870,1.9396617653672021,-1.2215235826920126,1.5067076361904723
1771416030874,1.9601764282899319,-1.1804935896644537,1.5648407314434931
1771416030878,1.943922646256837,-1.2131716648981485,1.518897549579444
1771416030882,1.9496052043136367,-1.2289893017069904,1.5134549048374655
1771416030886,1.9596545002540176,-1.2228833764709979,1.5312746350399444
1771416030890,1.952521943243827,-1.2326066288016908,1.5142730392775212
1771416030894,1.9318038699874525,-1.12964775674355,1.5670871506660897
1771416030899,1.966703641461817,-1.2591061638218135,1.510819274951537
1771416030903,1.9484976560888247,-1.2018417676623916,1.5336947158042182
1771416030907,1.940255242267295,-1.1789595031954896,1.5409882851503978
1771416030911,1.9374030408255656,-1.2152849175332123,1.508844959502613
1771416030916,1.9430797906992612,-1.1870414185533622,1.5383405811661819
1771416030920,1.954851343409081,-1.2414710700292566,1.5100309126334803
1771416030924,1.9596545002540176,-1.2228833764709979,1.5312746350399444
1771416030929,1.9364095607517553,-1.1868762508186497,1.53003488594655
1771416030933,1.9652308741377325,-1.2397458295293664,1.5248484078191835
1771416030937,1.968891076240535,-1.2301343080347158,1.5373033709374226
1771416030941,1.9383943558130856,-1.2045117150144025,1.518724532968731
1771416030945,1.9439413469005478,-1.1764310646309102,1.5475522318684105
1771416030949,1.958617118158766,-1.2347058968972613,1.5204217716514319
1771416030954,1.9368958101496723,-1.2167127033714955,1.5070419957087402
1771416030958,1.964147241313711,-1.2481794178526961,1.516549546308714
1771416030962,1.9453176694369128,-1.1975016959276554,1.5330526811802165
1771416030966,1.9584789713606015,-1.2362936753651916,1.5189528727099157
1771416030971,1.9418204888413497,-1.2016982286569533,1.52531576341648
1771416030975,1.952049699488978,-1.2371984366003073,1.509913261663982
1771416030981,1.929931475383002,-1.2265624309212393,1.4900268798671354
1771416030985,1.9427915238124294,-1.2268528266601162,1.5064099862632032
1771416030989,1.9427915238124294,-1.2268528266601162,1.5064099862632032
1771416030993,1.9304147641988882,-1.178350971466068,1.5290487728918338
1771416030998,1.955686319725995,-1.267531628646502,1.4893194927698197
1771416031002,1.956191178462543,-1.2627180226550274,1.494063961802456
1771416031008,1.9636047845290057,-1.2897610201452387,1.4806283330867054
1771416031012,1.9507180332279872,-1.2129225945769564,1.5277825842460604
1771416031017,1.9466590256357577,-1.186486932580767,1.5432854955918687
1771416031021,1.9767628428027761,-1.293630160274748,1.4946947330854026
1771416031026,1.9571906619741413,-1.290165302733563,1.4717570380131333
1771416031030,1.944774568388039,-1.2041749005704747,1.5271250540427168
1771416031035,1.93685371849041,-1.1811724288797127,1.5350029381354708
1771416031039,1.951081811734074,-1.2086540067806064,1.531625191740036
1771416031043,1.9624954620131334,-1.2307997694624222,1.52856807696399
1771416031047,1.9398055008700679,-1.26521805066969,1.4703974515298117
1771416031051,1.9352121088686804,-1.1639522841294252,1.5460468901627336
1771416031055,1.9565143795241386,-1.186125591701598,1.5559738423235974
1771416031060,1.9357048977051363,-1.194440053742249,1.5232420717062227
1771416031064,1.957431892789951,-1.252088021771861,1.5045980196207482
1771416031068,1.9646511869347187,-1.2790157190900169,1.491299123799329
1771416031072,1.976114734348538,-1.2645700205605965,1.518516416246056
1771416031077,1.9317158843766296,-1.199569188781981,1.5141202129546794
1771416031081,1.9682967873415242,-1.2409995936711704,1.527780171218018
1771416031085,1.9321350380203446,-1.195584116652625,1.5178024987309253
1771416031090,1.9535735749712178,-1.256439579067984,1.4959309131698868
1771416031094,1.935659573058959,-1.1954544191111278,1.5223884900387505
1771416031099,1.9477301438874772,-1.2459197412368,1.497109452179218
1771416031103,1.9630843291371483,-1.2631086958332869,1.502749648415923
1771416031107,1.9539981515623195,-1.251571884296518,1.500558760844581
1771416031111,1.946708006714724,-1.221809458294311,1.515537433067813
1771416031115,1.9364316338554646,-1.2268430636089156,1.4982067847499672
1771416031120,1.9574779527379196,-1.2477627252970322,1.5082467029018691
1771416031125,1.9343232244099682,-1.1738559257062702,1.5374227142123442
1771416031128,1.9506153208503783,-1.2135640463710904,1.5271419172073204
1771416031133,1.9428019933773453,-1.2701090058080298,1.4701369660124612
1771416031137,1.9214174581198544,-1.168271385798228,1.525446497748397
1771416031142,1.9737445259427133,-1.2557068520466894,1.5227828983186737
1771416031147,1.9559419889228793,-1.2292096808271065,1.5214311106956213
1771416031151,1.961430802449678,-1.2430626944995062,1.517236280327496
1771416031155,1.9570897781863876,-1.2197742841511225,1.530474140782934
1771416031159,1.9398412787368515,-1.223547307655644,1.5052960415214172
1771416031164,1.9313391783633729,-1.1722242489002965,1.534914112310993
1771416031167,1.9559419889228793,-1.2292096808271065,1.5214311106956213
1771416031172,1.9324988281377369,-1.117130872255642,1.5768862784002766
1771416031176,1.9452677232551483,-1.2347409773130296,1.5031570889572163
1771416031199,1.9687370020939392,-1.2726060508915609,1.5021315597004203
1771416031208,1.972371494692663,-1.2717436214387026,1.5076198043293751
1771416031213,1.9618164071806794,-1.2392982438272748,1.5208101388174466
1771416031217,1.9648803106847261,-1.279911930253616,1.49083201136512
1771416031221,1.9487576981173147,-1.2721560703152919,1.476236938547281
1771416031225,1.9242141969453468,-1.173225546714768,1.525169529023531
1771416031230,1.952049699488978,-1.2371984366003073,1.509913261663982
1771416031234,1.9559419889228793,-1.2292096808271065,1.5214311106956213
1771416031238,1.9657678680234767,-1.2703354312337427,1.500163725433243
1771416031242,1.9564469681309224,-1.187115583275528,1.5551338627440023
1771416031247,1.9744973455189154,-1.31493078788977,1.4729551216927255
1771416031251,1.9800075725820645,-1.2972318782392254,1.4958674545434336
1771416031255,1.9578675237884455,-1.2074756719759054,1.5411838768595507
1771416031259,1.9421209898574725,-1.1935162968922013,1.5321073031278507
1771416031263,1.9619703294433428,-1.2001333271970733,1.5520977967147889
1771416031267,1.943922646256837,-1.2131716648981485,1.518897549579444
1771416031271,1.93137362801653,-1.1726505399064444,1.5346318132551722
1771416031275,1.9512521705517785,-1.2820017691030117,1.4710052675295813
1771416031280,1.9444190083933652,-1.2480940930758677,1.4909816950689116
1771416031284,1.9500124416910258,-1.220928685364679,1.5204873126742862
1771416031288,1.9583908295829429,-1.2795586375449104,1.4825735511193971
1771416031292,1.9413633971461766,-1.2061426058464724,1.5212205146331759
1771416031296,1.9694976789006435,-1.2642511496594608,1.5101622885570127
1771416031300,1.9574779527379196,-1.2477627252970322,1.5082467029018691
1771416031304,1.9558679702065724,-1.1933135398554329,1.5496523198697425
1771416031308,1.9681490747316017,-1.2429238895754575,1.5260245689665275
1771416031312,1.972228308790628,-1.272828775498213,1.5065163159617159
1771416031316,1.9495151230908514,-1.2299649372392392,1.5125460218856193
1771416031321,1.9584789713606015,-1.2362936753651916,1.5189528727099157
1771416031325,1.956191178462543,-1.2627180226550274,1.494063961802456
1771416031329,1.9506881501457018,-1.2492023828867216,1.4982248381698244
1771416031333,1.9474499189890166,-1.2092510148562712,1.5265232294463802
1771416031338,1.965710803109702,-1.2342823908854854,1.5298908265010935
1771416031342,1.9689343944167295,-1.3052047880854079,1.4741584415103075
1771416031346,1.9377271575784907,-1.1715293793014583,1.5434718820408608
1771416031350,1.9596545002540176,-1.2228833764709979,1.5312746350399444
1771416031355,1.9342553038541515,-1.206789035633631,1.5116229040214915
1771416031360,1.9367006430437772,-1.2189853090498213,1.504953220896547
1771416031365,1.921417988285595,-1.1322680473416356,1.5523582559050675
1771416031369,1.9711145354838735,-1.2493297297274628,1.5246205227580112
1771416031373,1.958617118158766,-1.2347058968972613,1.5204217716514319
1771416031378,1.9450675145216716,-1.2040975259268871,1.5275590934900891
1771416031383,1.9701255151884323,-1.2922858366434111,1.4870749348998271
1771416031387,1.9667600142922599,-1.2552880521314174,1.5140663327592363
1771416031391,1.9798205215334872,-1.294428290642098,1.4980469611699445
1771416031395,1.943358539068517,-1.2202752916685249,1.5124716935909304
1771416031400,1.9392497768525843,-1.194759990305913,1.5274941121284273
1771416031404,1.943922646256837,-1.2131716648981485,1.518897549579444
1771416031408,1.9382237850486015,-1.2019206436416965,1.5205585182149541
1771416031413,1.9390305087994968,-1.2291932382068136,1.4996410561203914
1771416031417,1.9535735749712178,-1.256439579067984,1.4959309131698868
1771416031421,1.951897768483749,-1.2387084374587594,1.5084781422282254
1771416031426,1.961430802449678,-1.2430626944995062,1.517236280327496
1771416031430,1.9850786007444727,-1.3109116415819229,1.4906534537237761
1771416031435,1.9584762572806558,-1.2364694797822584,1.5188062667434044
1771416031439,1.951950276176992,-1.2342963793558985,1.512158169166293
1771416031444,1.9604140388297753,-1.2545701940266434,1.5064119064521568
1771416031449,1.9453368360944259,-1.237481087366093,1.5009916602956537
1771416031453,1.9477483066286891,-1.2419463927880234,1.5004308126054138
1771416031458,1.9559922722601506,-1.2284456567240802,1.5221126888693788
1771416031462,1.9320327512650046,-1.2001483183061457,1.5140655752072147
1771416031466,1.9427915238124294,-1.2268528266601162,1.5064099862632032
1771416031470,1.952521943243827,-1.2326066288016908,1.5142730392775212
1771416031474,1.943922646256837,-1.2131716648981485,1.518897549579444
1771416031479,1.9439675874638704,-1.248750771626242,1.4898427740781797
1771416031483,1.9317158843766296,-1.199569188781981,1.5141202129546794
1771416031487,1.9500124416910258,-1.220928685364679,1.5204873126742862
1771416031491,1.9486490132917786,-1.2362900097334404,1.5062602659687707
1771416031496,1.9470201575859352,-1.2545416930071533,1.4889636108893678
1771416031500,1.9466906294302602,-1.2218705540468329,1.5154658544041393
1771416031504,1.9730338588344554,-1.2992243877411287,1.4848833618860002
1771416031508,1.9256824036719802,-1.196742283466702,1.5086618662824347
1771416031513,1.958518882423828,-1.2397400068824744,1.5161929059805426
1771416031518,1.950417270923006,-1.2553839997297938,1.4926950605991742
1771416031522,1.9481108055217944,-1.2424653671593695,1.5004717664788991
1771416031526,1.9653965335896457,-1.2337773305281803,1.5298944515622483
1771416031530,1.940255242267295,-1.1789595031954896,1.5409882851503978
1771416031535,1.9523063822013853,-1.2663008899655062,1.4859280823972703
1771416031540,1.9535735749712178,-1.256439579067984,1.4959309131698868
1771416031544,1.940255242267295,-1.1789595031954896,1.5409882851503978
1771416031549,1.974859967824461,-1.242608654342824,1.534925283089684
1771416031553,1.9846746040720422,-1.2803385066625748,1.5164651635977549
1771416031557,1.964147241313711,-1.2481794178526961,1.516549546308714
1771416031561,1.9502707092821974,-1.2173516729369744,1.523683282011598
1771416031566,1.9413633971461766,-1.2061426058464724,1.5212205146331759
1771416031570,1.9630915353721186,-1.2639968309054195,1.502012113037281
1771416031574,1.9369370815968021,-1.2204082977828041,1.5041040006487634
1771416031578,1.913557159746584,-1.1855477971791855,1.502057729989428
1771416031582,1.9484861395593618,-1.2731627788513196,1.4750100930510714
1771416031586,1.952049699488978,-1.2371984366003073,1.509913261663982
1771416031590,1.9332484674479433,-1.2221877161295385,1.4979008056049252
1771416031595,1.93685371849041,-1.1811724288797127,1.5350029381354708
1771416031599,1.943922646256837,-1.2131716648981485,1.518897549579444
1771416031604,1.952521943243827,-1.2326066288016908,1.5142730392775212
1771416031608,1.9464224000381734,-1.2603789855361227,1.4832413735428556
1771416031613,1.9659704286757187,-1.2988904424525343,1.4757788943242307
1771416031617,1.957431892789951,-1.252088021771861,1.5045980196207482
1771416031622,1.9571067929978303,-1.215664262768086,1.5337624977247222
1771416031626,1.9464434391867136,-1.1841674134472626,1.5447943548843714
1771416031630,1.9392497768525843,-1.194759990305913,1.5274941121284273
1771416031634,1.958518882423828,-1.2397400068824744,1.5161929059805426
1771416031639,1.968224145079191,-1.2418625210974636,1.5269851878673102
1771416031643,1.9545797831570573,-1.2837248255929214,1.473917467459665
1771416031648,1.9616391044712107,-1.2729644214300861,1.4925111584051154
1771416031652,1.9342553038541515,-1.206789035633631,1.5116229040214915
1771416031657,1.9630771428666534,-1.2280716435832029,1.531506417574655
1771416031661,1.9574779527379196,-1.2477627252970322,1.5082467029018691
1771416031665,1.9477100139072334,-1.2460755394707363,1.4969535891961478
1771416031669,1.9603760347509296,-1.2514708995598762,1.5089382973404086
1771416031673,1.9531512152055703,-1.2205343667998405,1.5248263930426667
1771416031678,1.93685371849041,-1.1811724288797127,1.5350029381354708
1771416031682,1.957742447441433,-1.2494032221319258,1.50723159436111
1771416031686,1.964040556246841,-1.2496296218403558,1.5152165240656301
1771416031691,1.9466906294302602,-1.2218705540468329,1.5154658544041393
1771416031695,1.9577802132767415,-1.280036262087637,1.4813542895737783
1771416031700,1.9497328199479227,-1.227829334417885,1.514560396526006
1771416031704,1.9386830991659996,-1.1598529322169588,1.5534585075307312
1771416031708,1.9342812564499716,-1.1747705683104739,1.5366711069338055
1771416031712,1.955236053037548,-1.2012029135470577,1.5427441730837648
1771416031716,1.9392497768525843,-1.194759990305913,1.5274941121284273
1771416031720,1.9326229196692857,-1.233743548520872,1.487584688719994
1771416031725,1.9650342694428382,-1.2784728907377432,1.492268993088521
1771416031729,1.9652308741377325,-1.2397458295293664,1.5248484078191835
1771416031733,1.9646248141424199,-1.2434811333123632,1.5210211475980004
1771416031737,1.9584762572806558,-1.2364694797822584,1.5188062667434044
1771416031741,1.9415410230280254,-1.2407965765343043,1.4933202602795763
1771416031745,1.9688512013135901,-1.2353213965743592,1.5330871143152764
1771416031750,1.964147241313711,-1.2481794178526961,1.516549546308714
1771416031754,1.96307265837208,-1.2605323144238625,1.504896191217602
1771416031758,1.9565143795241386,-1.186125591701598,1.5559738423235974
1771416031763,1.971763761122611,-1.313154712439848,1.4708762799343138
1771416031767,1.9389004276593451,-1.1982963343847604,1.5242771281422671
1771416031772,1.9358815466928532,-1.232111492422628,1.493163967240704
1771416031777,1.9451821285029953,-1.2388695987363976,1.4996451681561744
1771416031781,1.947340350132472,-1.1783177396710351,1.5503876107704813
1771416031786,1.9552852376259746,-1.2006209225266953,1.5432594599966694
1771416031790,1.9459010553934135,-1.2665876252531652,1.4772564790640617
1771416031795,1.9493547144156986,-1.2276735624202741,1.5141999295829542
1771416031800,1.9569976012488466,-1.2571440848254776,1.4998094416565233
1771416031804,1.9342553038541515,-1.206789035633631,1.5116229040214915
1771416031808,1.9474499189890166,-1.2092510148562712,1.5265232294463802
1771416031813,1.9502008548874439,-1.2179505364639913,1.5231151844594002
1771416031817,1.9382237850486015,-1.2019206436416965,1.5205585182149541
1771416031821,1.9467736442736912,-1.220892549476973,1.5163604468167473
1771416031825,1.9682967873415242,-1.2409995936711704,1.527780171218018
1771416031829,1.9474499189890166,-1.2092510148562712,1.5265232294463802
1771416031834,1.961430802449678,-1.2430626944995062,1.517236280327496
1771416031838,1.9533122668384921,-1.2549989903110277,1.4967986992578628
1771416031842,1.9506881501457018,-1.2492023828867216,1.4982248381698244
1771416031847,1.929643868490041,-1.150836936608894,1.5489027743980148
1771416031851,1.9350938050861197,-1.1649521277016979,1.5451454865629852
1771416031855,1.949565231082095,-1.261434378453937,1.4864682637374778
1771416031859,1.9630915353721186,-1.2639968309054195,1.502012113037281
1771416031863,1.9534551416939436,-1.2212020646720658,1.5246811167753043
1771416031867,1.9531512152055703,-1.2205343667998405,1.5248263930426667
1771416031872,1.9578675237884455,-1.2074756719759054,1.5411838768595507
1771416031876,1.9486490132917786,-1.2362900097334404,1.5062602659687707
1771416031880,1.966703641461817,-1.2591061638218135,1.510819274951537
1771416031885,1.95356787187094,-1.256446803000701,1.4959173978651599
1771416031889,1.942941691912266,-1.1881699328687023,1.5372945810083642
1771416031894,1.9317158843766296,-1.199569188781981,1.5141202129546794
1771416031898,1.9571067929978303,-1.215664262768086,1.5337624977247222
1771416031902,1.9584762572806558,-1.2364694797822584,1.5188062667434044
1771416031906,1.9506153208503783,-1.2135640463710904,1.5271419172073204
1771416031910,1.958617118158766,-1.2347058968972613,1.5204217716514319
1771416031915,1.964147241313711,-1.2481794178526961,1.516549546308714
1771416031919,1.9657851380086735,-1.2660705371916658,1.5037874197076482
1771416031923,1.9413633971461766,-1.2061426058464724,1.5212205146331759
1771416031927,1.9630843291371483,-1.2631086958332869,1.502749648415923
1771416031931,1.919447719484185,-1.1969703224768526,1.500513776991967
1771416031936,1.9451363358144604,-1.235519038021104,1.5023475202472665
1771416031940,1.960245537865576,-1.2199765608825899,1.5343466882093468
1771416031944,1.9533583268981503,-1.2189804907009898,1.5263339466030084
1771416031949,1.9291900795511485,-1.1921950878439882,1.5167218715239892
1771416031953,1.929931475383002,-1.2265624309212393,1.4900268798671354
1771416031958,1.9539926914535517,-1.2864869089216053,1.4707273273544719
1771416031963,1.957466440529861,-1.2115025878822676,1.537509787076236
1771416031967,1.9467736442736912,-1.220892549476973,1.5163604468167473
1771416031971,1.9767628428027761,-1.293630160274748,1.4946947330854026
1771416031975,1.9724183786752638,-1.2667665316714893,1.5118653428043591
1771416031979,1.9557324148433777,-1.2273345162612586,1.522675035476333
1771416031983,1.9364095607517553,-1.1868762508186497,1.53003488594655
1771416031987,1.9396617653672021,-1.2215235826920126,1.5067076361904723
1771416031992,1.9367006430437772,-1.2189853090498213,1.504953220896547
1771416031996,1.9364095607517553,-1.1868762508186497,1.53003488594655
1771416032000,1.9588441496477058,-1.2362725374656425,1.51944088918171
1771416032004,1.954851343409081,-1.2414710700292566,1.5100309126334803
1771416032009,1.954851343409081,-1.2414710700292566,1.5100309126334803
1771416032013,1.9453368360944259,-1.237481087366093,1.5009916602956537
1771416032017,1.9596545002540176,-1.2228833764709979,1.5312746350399444
1771416032022,1.974498949503991,-1.3141592571312737,1.4736456658534112
1771416032026,1.943922646256837,-1.2131716648981485,1.518897549579444
1771416032030,1.9653965335896457,-1.2337773305281803,1.5298944515622483
1771416032035,1.958518882423828,-1.2397400068824744,1.5161929059805426
1771416032039,1.9396617653672021,-1.2215235826920126,1.5067076361904723
1771416032043,1.947340350132472,-1.1783177396710351,1.5503876107704813
1771416032048,1.950656548757407,-1.2128652164007654,1.5277496319931754
1771416032052,1.9557324148433777,-1.2273345162612586,1.522675035476333
1771416032056,1.958617118158766,-1.2347058968972613,1.5204217716514319
1771416032060,1.952521943243827,-1.2326066288016908,1.5142730392775212
1771416032064,1.9315661631283187,-1.2794408281835505,1.4470587443912721
1771416032068,1.958617118158766,-1.2347058968972613,1.5204217716514319
1771416032073,1.96710348996582,-1.2146880787281722,1.5472650101489953
1771416032077,1.953415030181239,-1.2218516267869364,1.5241092094256528
1771416032081,1.9398412787368515,-1.223547307655644,1.5052960415214172
1771416032086,1.9467736442736912,-1.220892549476973,1.5163604468167473
1771416032090,1.9602383887498076,-1.2570811200916687,1.5040882946946692
1771416032094,1.9506153208503783,-1.2135640463710904,1.5271419172073204
1771416032099,1.9602383887498076,-1.2570811200916687,1.5040882946946692
1771416032103,1.9575797640289576,-1.2109279926883123,1.5381066052323955
1771416032108,1.9417539280234326,-1.2058692798761776,1.5219354772280387
1771416032112,1.9364095607517553,-1.1868762508186497,1.53003488594655
1771416032116,1.9632153426856325,-1.259247392535704,1.5061575236834612
1771416032121,1.9717021289778403,-1.2384430280937808,1.534232104859514
1771416032126,1.9331944266376095,-1.1868689434265882,1.525969463099498
1771416032130,1.9539981515623195,-1.251571884296518,1.500558760844581
1771416032134,1.9583908295829429,-1.2795586375449104,1.4825735511193971
1771416032138,1.9404910127142294,-1.2521541981085649,1.4824355751882754
1771416032143,1.940255242267295,-1.1789595031954896,1.5409882851503978
1771416032147,1.9602942692961003,-1.2563764149556194,1.5047497885623369
1771416032151,1.9731968581905361,-1.2981551988963402,1.4860346297281926
1771416032155,1.946708006714724,-1.221809458294311,1.515537433067813
1771416032160,1.949879542430537,-1.1856478826392827,1.5479888011165024
1771416032164,1.9573623980194175,-1.2535917935442968,1.5032548594096469
1771416032168,1.9574779527379196,-1.2477627252970322,1.5082467029018691
1771416032173,1.9466906294302602,-1.2218705540468329,1.5154658544041393
1771416032177,1.9347251661003635,-1.1696177133085148,1.5411540718101613
1771416032182,1.9382237850486015,-1.2019206436416965,1.5205585182149541
1771416032186,1.9285661950253774,-1.1675486710692378,1.5349910974592391
1771416032190,1.9383943558130856,-1.2045117150144025,1.518724532968731
1771416032195,1.960687832141827,-1.2869621084204432,1.47919752115768
1771416032199,1.9533253138845508,-1.258500960262777,1.4938725229683578
1771416032203,1.9577802132767415,-1.280036262087637,1.4813542895737783
1771416032208,1.952521943243827,-1.2326066288016908,1.5142730392775212
1771416032212,1.9442887646453142,-1.2131007517753027,1.519422708257382
1771416032217,1.9519374280106507,-1.2020149854393396,1.5379270781308516
1771416032221,1.9399275101476212,-1.2226778808254553,1.5061133902756867
1771416032225,1.9392497768525843,-1.194759990305913,1.5274941121284273
1771416032229,1.9573111208119296,-1.2173727022437353,1.5326677811860723
1771416032233,1.9574779527379196,-1.2477627252970322,1.5082467029018691
1771416032238,1.9578348314763878,-1.2442971014135529,1.511569366835676
1771416032242,1.9352121088686804,-1.1639522841294252,1.5460468901627336
1771416032247,1.919958078220136,-1.1493349898136733,1.5379428153584778
1771416032251,1.9481108055217944,-1.2424653671593695,1.5004717664788991
1771416032256,1.9681490747316017,-1.2429238895754575,1.5260245689665275
1771416032260,1.9669689510453232,-1.2566646232184233,1.5131955852194512
1771416032265,1.9342553038541515,-1.206789035633631,1.5116229040214915
1771416032270,1.9367006430437772,-1.2189853090498213,1.504953220896547
1771416032274,1.964040556246841,-1.2496296218403558,1.5152165240656301
1771416032279,1.952521943243827,-1.2326066288016908,1.5142730392775212
1771416032283,1.9792061855254663,-1.2663653428488242,1.5210443593970713
1771416032287,1.9604140388297753,-1.2545701940266434,1.5064119064521568
1771416032292,1.957742447441433,-1.2494032221319258,1.50723159436111
1771416032296,1.952521943243827,-1.2326066288016908,1.5142730392775212
1771416032300,1.9536920222262533,-1.1779645651199384,1.558625035418173
1771416032304,1.9495151230908514,-1.2299649372392392,1.5125460218856193
1771416032308,1.9338677162320659,-1.1796239098789918,1.5324267601182207
1771416032312,1.958617118158766,-1.2347058968972613,1.5204217716514319
1771416032316,1.9271704780047714,-1.219649385972114,1.4921264780811927
1771416032321,1.9476877182514603,-1.253572380000715,1.490652117674316
1771416032325,1.9549978902609677,-1.240534238378519,1.5109902562013637
1771416032329,1.9396617653672021,-1.2215235826920126,1.5067076361904723
1771416032333,1.9769088218551492,-1.2915798246815868,1.4966596294429122
1771416032337,1.952521943243827,-1.2326066288016908,1.5142730392775212
1771416032342,1.952049699488978,-1.2371984366003073,1.509913261663982
1771416032346,1.960245537865576,-1.2199765608825899,1.5343466882093468
1771416032350,1.927033550950078,-1.1813260794260374,1.5224739736872923
1771416032354,1.930668551687027,-1.2510856366164191,1.4704644797904407
1771416032358,1.9425324326805933,-1.2290024548090783,1.504322178952781
1771416032362,1.9765127959473043,-1.2601991047737153,1.5226624868535235
1771416032367,1.9466906294302602,-1.2218705540468329,1.5154658544041393
1771416032372,1.946135782351559,-1.2287951061106088,1.5091411698538122
1771416032377,1.973685311362028,-1.2928116654792634,1.4913321916618574
1771416032382,1.9363712848395096,-1.1907899540431728,1.5269423820501125
1771416032386,1.9506881501457018,-1.2492023828867216,1.4982248381698244
1771416032390,1.9421209898574725,-1.1935162968922013,1.5321073031278507
1771416032394,1.9389004276593451,-1.1982963343847604,1.5242771281422671
1771416032399,1.9408686957385712,-1.2124965026159111,1.515527474261726
1771416032404,1.9466906294302602,-1.2218705540468329,1.5154658544041393
1771416032408,1.951950276176992,-1.2342963793558985,1.512158169166293
1771416032412,1.9602561002144037,-1.2199556301999936,1.53437682424205
1771416032417,1.9602383887498076,-1.2570811200916687,1.5040882946946692
1771416032421,1.9389776731534518,-1.2339198019488609,1.4956859093225616
1771416032425,1.95216871706496,-1.2360001970258703,1.5110480511350595
1771416032430,1.9242927702105446,-1.1758154579586704,1.5232730137142239
1771416032434,1.963365821737625,-1.221444046715398,1.5371661558566052
1771416032438,1.9321350380203446,-1.195584116652625,1.5178024987309253
1771416032442,1.9394615190602205,-1.1549710721266535,1.558060591397519
1771416032446,1.955686319725995,-1.267531628646502,1.4893194927698197
1771416032450,1.9533253138845508,-1.258500960262777,1.4938725229683578
1771416032454,1.9698918137431594,-1.2227788322300248,1.5444370124101827
1771416032458,1.9646511869347187,-1.2790157190900169,1.491299123799329
1771416032462,1.9582812481566663,-1.278131205265139,1.4836596877348638
1771416032467,1.961301519640311,-1.2444153304237193,1.5159598069704283
1771416032471,1.951950276176992,-1.2342963793558985,1.512158169166293
1771416032475,1.9551792207410204,-1.2736236373161194,1.4834448475380273
1771416032479,1.9653965335896457,-1.2337773305281803,1.5298944515622483
1771416032484,1.9602942692961003,-1.2563764149556194,1.5047497885623369
1771416032488,1.9506681888603787,-1.2489033792777942,1.4984481079638148
1771416032492,1.9653965335896457,-1.2337773305281803,1.5298944515622483
1771416032496,1.9531512152055703,-1.2205343667998405,1.5248263930426667
1771416032500,1.952049699488978,-1.2371984366003073,1.509913261663982
1771416032504,1.9369370815968021,-1.2204082977828041,1.5041040006487634
1771416032509,1.9389776731534518,-1.2339198019488609,1.4956859093225616
1771416032513,1.9451363358144604,-1.235519038021104,1.5023475202472665
1771416032517,1.9517563825052717,-1.2001226722058633,1.5391746321673583
1771416032521,1.954851343409081,-1.2414710700292566,1.5100309126334803
1771416032525,1.9698918137431594,-1.2227788322300248,1.5444370124101827
1771416032529,1.951081811734074,-1.2086540067806064,1.531625191740036
1771416032534,1.9484861395593618,-1.2731627788513196,1.4750100930510714
1771416032538,1.966703641461817,-1.2591061638218135,1.510819274951537
1771416032542,1.9630915353721186,-1.2639968309054195,1.502012113037281
1771416032546,1.9493547144156986,-1.2276735624202741,1.5141999295829542
1771416032551,1.9441290185669677,-1.2148781742024448,1.5177973061910128
1771416032556,1.9557324148433777,-1.2273345162612586,1.522675035476333
1771416032560,1.964147241313711,-1.2481794178526961,1.516549546308714
1771416032564,1.9657469265239966,-1.2663379185422323,1.503512306301703
1771416032568,1.953400391904877,-1.2584612161031028,1.4940041695585815
1771416032572,1.9573111208119296,-1.2173727022437353,1.5326677811860723
1771416032576,1.968219784348957,-1.2419838730648076,1.5268808658666184
1771416032580,1.944737996869467,-1.2398855783370577,1.4982288306863032
1771416032585,1.9464434391867136,-1.1841674134472626,1.5447943548843714
1771416032589,1.952049699488978,-1.2371984366003073,1.509913261663982
1771416032593,1.9677132219905307,-1.285965213168227,1.489358517791318
1771416032597,1.9603760347509296,-1.2514708995598762,1.5089382973404086
1771416032601,1.9557324148433777,-1.2273345162612586,1.522675035476333
1771416032607,1.9584762572806558,-1.2364694797822584,1.5188062667434044
1771416032614,1.9191632346693914,-1.1984520085689832,1.4989664120532027
1771416032624,1.9375353055129505,-1.2494933480602528,1.480813773998048
1771416032630,1.9517563825052717,-1.2001226722058633,1.5391746321673583
1771416032636,1.9598424190756272,-1.224737159295645,1.5300330709656702
1771416032640,1.9539981515623195,-1.251571884296518,1.500558760844581
1771416032644,1.9398412787368515,-1.223547307655644,1.5052960415214172
1771416032648,1.953415030181239,-1.2218516267869364,1.5241092094256528
1771416032653,1.972371494692663,-1.2717436214387026,1.5076198043293751
1771416032657,1.9589456676990094,-1.2673542497954233,1.4937474132269475
1771416032662,1.9338677162320659,-1.1796239098789918,1.5324267601182207
1771416032666,1.963365821737625,-1.221444046715398,1.5371661558566052
1771416032670,1.934755401401648,-1.2447933899158823,1.4811373601643363
1771416032674,1.9364095607517553,-1.1868762508186497,1.53003488594655
1771416032678,1.9661951871091063,-1.3011209453455732,1.4741125463797042
1771416032683,1.9392497768525843,-1.194759990305913,1.5274941121284273
1771416032688,1.9333881132152075,-1.2246515026369742,1.4960676099063375
1771416032693,1.9431015882619787,-1.2233056372365543,1.5096910611815557
1771416032697,1.9588299813413637,-1.268758131752433,1.4924033298387815
1771416032702,1.9413330344692126,-1.2425691670850447,1.4915749447248767
1771416032706,1.9653965335896457,-1.2337773305281803,1.5298944515622483
1771416032711,1.9559922722601506,-1.2284456567240802,1.5221126888693788
1771416032716,1.9544153706420573,-1.2507852083203728,1.5017575715304026
1771416032720,1.95837983997875,-1.2772389034177685,1.484557975032087
1771416032725,1.957742447441433,-1.2494032221319258,1.50723159436111
1771416032729,1.9721133791520835,-1.2698761163874828,1.508855801347264
1771416032734,1.9493710868438867,-1.1950489645724298,1.5400992196924455
1771416032738,1.9352121088686804,-1.1639522841294252,1.5460468901627336
1771416032743,1.9367006430437772,-1.2189853090498213,1.504953220896547
1771416032747,1.953400391904877,-1.2584612161031028,1.4940041695585815
1771416032751,1.9618164071806794,-1.2392982438272748,1.5208101388174466
1771416032756,1.9543187974156135,-1.21206854543868,1.533053098587969
1771416032760,1.9451821285029953,-1.2388695987363976,1.4996451681561744
1771416032765,1.9425324326805933,-1.2290024548090783,1.504322178952781
1771416032769,1.961301519640311,-1.2444153304237193,1.5159598069704283
1771416032774,1.9506681888603787,-1.2489033792777942,1.4984481079638148
1771416032778,1.943358539068517,-1.2202752916685249,1.5124716935909304
1771416032783,1.9783397086555015,-1.3157527393911201,1.4773702080480362
1771416032787,1.9557324148433777,-1.2273345162612586,1.522675035476333
1771416032791,1.9357048977051363,-1.194440053742249,1.5232420717062227
1771416032795,1.9449201226840678,-1.201867023107538,1.529127183195706
1771416032799,1.9545930845936452,-1.2443227456179429,1.5073470174711348
1771416032803,1.964040556246841,-1.2496296218403558,1.5152165240656301
1771416032807,1.9441290185669677,-1.2148781742024448,1.5177973061910128
1771416032812,1.9559922722601506,-1.2284456567240802,1.5221126888693788
1771416032816,1.9362046336247822,-1.1518638640158507,1.5563091023458517
1771416032820,1.9357048977051363,-1.194440053742249,1.5232420717062227
1771416032825,1.9657851380086735,-1.2660705371916658,1.5037874197076482
1771416032830,1.9584789713606015,-1.2362936753651916,1.5189528727099157
1771416032834,1.9780361505831876,-1.279362801420926,1.5085946557489704
1771416032838,1.931808103613085,-1.202412088131236,1.511981388609352
1771416032843,1.9417173799883876,-1.2062546308622248,1.5215834348705317
1771416032847,1.9341583884596618,-1.2118173318567034,1.5074705389693612
1771416032851,1.9342553038541515,-1.206789035633631,1.5116229040214915
1771416032855,1.9342553038541515,-1.206789035633631,1.5116229040214915
1771416032859,1.9584762572806558,-1.2364694797822584,1.5188062667434044
1771416032864,1.9408686957385712,-1.2124965026159111,1.515527474261726
1771416032868,1.9559922722601506,-1.2284456567240802,1.5221126888693788
1771416032873,1.9471795391600393,-1.252598657084536,1.4908067487080678
1771416032878,1.9818829649103558,-1.2753237066758465,1.5170397258451875
1771416032882,1.9584762572806558,-1.2364694797822584,1.5188062667434044
1771416032886,1.9565143795241386,-1.186125591701598,1.5559738423235974
1771416032890,1.9583908295829429,-1.2795586375449104,1.4825735511193971
1771416032893,1.929260678218915,-1.1915648109318782,1.5173068463137525
1771416032897,1.9649728537279487,-1.2021017136353125,1.5543711866741494
1771416032901,1.9667600142922599,-1.2552880521314174,1.5140663327592363
1771416032905,1.9399275101476212,-1.2226778808254553,1.5061133902756867
1771416032909,1.9657851380086735,-1.2660705371916658,1.5037874197076482
1771416032914,1.9493547144156986,-1.2276735624202741,1.5141999295829542
1771416032918,1.9653965335896457,-1.2337773305281803,1.5298944515622483
1771416032922,1.9655738931914994,-1.272636583292922,1.497957561635344
1771416032926,1.9288739630441287,-1.1956595061065338,1.513589478942901
1771416032931,1.9431015882619787,-1.2233056372365543,1.5096910611815557
1771416032935,1.9382237850486015,-1.2019206436416965,1.5205585182149541
1771416032939,1.9425324326805933,-1.2290024548090783,1.504322178952781
1771416032944,1.9278412518485544,-1.2075108344911656,1.5028271613580353
1771416032948,1.9334803743296303,-1.1800079538704702,1.5316421209669946
1771416032952,1.9646248141424199,-1.2434811333123632,1.5210211475980004
1771416032956,1.9590687000056628,-1.1933104167693336,1.5536925115902687
1771416032961,1.9408686957385712,-1.2124965026159111,1.515527474261726
1771416032965,1.9477483066286891,-1.2419463927880234,1.5004308126054138
1771416032970,1.9493547144156986,-1.2276735624202741,1.5141999295829542
1771416032974,1.9408686957385712,-1.2124965026159111,1.515527474261726
1771416032978,1.9533253138845508,-1.258500960262777,1.4938725229683578
1771416032982,1.947340350132472,-1.1783177396710351,1.5503876107704813
1771416032986,1.935659573058959,-1.1954544191111278,1.5223884900387505
1771416032991,1.934534988650653,-1.2077722833896916,1.5111954651166848
1771416032995,1.9716444419054446,-1.3104461962595013,1.4731301951985225
1771416033000,1.954851343409081,-1.2414710700292566,1.5100309126334803
1771416033004,1.9506681888603787,-1.2489033792777942,1.4984481079638148
1771416033008,1.943358539068517,-1.2202752916685249,1.5124716935909304
1771416033012,1.9793401814780132,-1.2688455143450972,1.519150622795429
1771416033016,1.9571067929978303,-1.215664262768086,1.5337624977247222
1771416033020,1.9505683345409124,-1.1778322391285962,1.5548080409436487
1771416033024,1.9677132219905307,-1.285965213168227,1.489358517791318
1771416033028,1.946767608785998,-1.1845010076173403,1.5449470818030817
1771416033032,1.9728558847660196,-1.2661596312391192,1.5129441927170781
1771416033037,1.9383146500036337,-1.2406001318352806,1.4892867404596717
1771416033041,1.949879542430537,-1.1856478826392827,1.5479888011165024
1771416033046,1.964147241313711,-1.2481794178526961,1.516549546308714
1771416033050,1.9684186251816247,-1.276257724191632,1.4986120596749226
1771416033054,1.9559959585326603,-1.2284658164846793,1.5221011554836725
1771416033059,1.9577802132767415,-1.280036262087637,1.4813542895737783
1771416033063,1.9342553038541515,-1.206789035633631,1.5116229040214915
1771416033067,1.9545000310008978,-1.285501348855327,1.4722624267682867
1771416033072,1.9701255151884323,-1.2922858366434111,1.4870749348998271
1771416033076,1.946904928605732,-1.2555135639697228,1.4879934447830525
1771416033080,1.9338677162320659,-1.1796239098789918,1.5324267601182207
1771416033085,1.9604140388297753,-1.2545701940266434,1.5064119064521568
1771416033089,1.9418277219442217,-1.2374131241285924,1.4964971306171633
1771416033093,1.9631127216123165,-1.2645399904293162,1.501582555293295
1771416033098,1.948914447406527,-1.2325687532037906,1.5096495593135322
1771416033103,1.9477301438874772,-1.2459197412368,1.497109452179218
1771416033107,1.9534551416939436,-1.2212020646720658,1.5246811167753043
1771416033111,1.9453176694369128,-1.1975016959276554,1.5330526811802165
1771416033115,1.9493710868438867,-1.1950489645724298,1.5400992196924455
1771416033120,1.9445264354919363,-1.170075636174451,1.5530956390248247
1771416033124,1.934534988650653,-1.2077722833896916,1.5111954651166848
1771416033128,1.9577802132767415,-1.280036262087637,1.4813542895737783
1771416033133,1.9677144284537056,-1.2834671305953527,1.49151339136671
1771416033137,1.968219784348957,-1.2419838730648076,1.5268808658666184
1771416033141,1.9398412787368515,-1.223547307655644,1.5052960415214172
1771416033145,1.9425324326805933,-1.2290024548090783,1.504322178952781
1771416033149,1.9584762572806558,-1.2364694797822584,1.5188062667434044
1771416033154,1.9716444419054446,-1.3104461962595013,1.4731301951985225
1771416033158,1.9533253138845508,-1.258500960262777,1.4938725229683578
1771416033163,1.9557324148433777,-1.2273345162612586,1.522675035476333
1771416033167,1.929260678218915,-1.1915648109318782,1.5173068463137525
1771416033171,1.930601340876013,-1.216232090865598,1.4993335314535439
1771416033175,1.9506153208503783,-1.2135640463710904,1.5271419172073204
1771416033179,1.9441290185669677,-1.2148781742024448,1.5177973061910128
1771416033183,2.0143549798056166,-1.3596103631096657,1.4862993121146526
1771416033188,1.9552852376259746,-1.2006209225266953,1.5432594599966694
1771416033192,1.9711145354838735,-1.2493297297274628,1.5246205227580112
1771416033197,1.956191178462543,-1.2627180226550274,1.494063961802456
1771416033201,1.9497328199479227,-1.227829334417885,1.514560396526006
1771416033205,1.952716969877091,-1.1936131373911985,1.5454420864895286
1771416033210,1.9630771428666534,-1.2280716435832029,1.531506417574655
1771416033214,1.9557324148433777,-1.2273345162612586,1.522675035476333
1771416033218,1.9185900611571538,-1.2003926673040446,1.4966780772944102
1771416033222,1.953400391904877,-1.2584612161031028,1.4940041695585815
1771416033226,1.9612285440989903,-1.24117478241389,1.51851985883902
1771416033230,1.9636362059636816,-1.2893736087651257,1.4810073755358002
1771416033234,1.9638539418287615,-1.251448714396437,1.5134723056838106
1771416033238,1.9630843291371483,-1.2631086958332869,1.502749648415923
1771416033242,1.9604140388297753,-1.2545701940266434,1.5064119064521568
1771416033247,1.9341583884596618,-1.2118173318567034,1.5074705389693612
1771416033251,1.9553068232202795,-1.2369586007359183,1.5143177318506247
1771416033255,1.9545140819528248,-1.2090001407327347,1.5357226169657467
1771416033259,1.9645061566418391,-1.207977954111945,1.5492171254744151
1771416033263,1.9533122668384921,-1.2549989903110277,1.4967986992578628
1771416033267,1.9650342694428382,-1.2784728907377432,1.492268993088521
1771416033272,1.9491082810635663,-1.1948776737069675,1.5398994889885493
1771416033276,1.9571067929978303,-1.215664262768086,1.5337624977247222
1771416033280,1.9585442374325208,-1.2355964668402366,1.5196041922527257
1771416033285,1.9667600142922599,-1.2552880521314174,1.5140663327592363
1771416033289,1.9342553038541515,-1.206789035633631,1.5116229040214915
1771416033293,1.9637923490131854,-1.2521499567164003,1.512812240807775
1771416033298,1.9417173799883876,-1.2062546308622248,1.5215834348705317
1771416033302,1.9403140541101205,-1.2189634899062258,1.5096180440273248
1771416033306,1.93709306842809,-1.214629774228599,1.5089745085022264
1771416033310,1.9612285440989903,-1.24117478241389,1.51851985883902
1771416033315,1.9123578795563838,-1.159431412620036,1.5207996116948794
1771416033319,1.9657678680234767,-1.2703354312337427,1.500163725433243
1771416033323,1.9481024380364056,-1.2060065005085343,1.5299187657567137
1771416033327,1.9677144284537056,-1.2834671305953527,1.49151339136671
1771416033332,1.9612285440989903,-1.24117478241389,1.51851985883902
1771416033336,1.953121673700572,-1.2209261305544048,1.5244748787724816
1771416033340,1.9582812481566663,-1.278131205265139,1.4836596877348638
1771416033345,1.953121673700572,-1.2209261305544048,1.5244748787724816
1771416033349,1.9395127734248125,-1.1546737236487008,1.5583447597349092
1771416033354,1.9417173799883876,-1.2062546308622248,1.5215834348705317
1771416033358,1.9574779527379196,-1.2477627252970322,1.5082467029018691
1771416033362,1.9766372040780538,-1.259484714700536,1.5234148778258718
1771416033366,1.9571067929978303,-1.215664262768086,1.5337624977247222
1771416033370,1.9559922722601506,-1.2284456567240802,1.5221126888693788
1771416033374,1.952521943243827,-1.2326066288016908,1.5142730392775212
1771416033378,1.9802006184363625,-1.2542198049061197,1.5323600002078517
1771416033382,1.9615264965221852,-1.241758874157813,1.5184271780394736
1771416033386,1.9583908295829429,-1.2795586375449104,1.4825735511193971
1771416033391,1.9357048977051363,-1.194440053742249,1.5232420717062227
1771416033395,1.9427915238124294,-1.2268528266601162,1.5064099862632032
1771416033400,1.9630915353721186,-1.2639968309054195,1.502012113037281
1771416033404,1.928545173448617,-1.1638295555922415,1.5377864778836892
1771416033408,1.9508353176689188,-1.251427646690801,1.4965584792323738
1771416033412,1.9741701525341318,-1.2834037996436205,1.5000741575725365
1771416033416,1.9321350380203446,-1.195584116652625,1.5178024987309253
1771416033420,1.963869722521013,-1.251941864284456,1.5130848804633275
1771416033425,1.9393229189251993,-1.2297449294545135,1.4995668682487848
1771416033430,1.9549735677272932,-1.2763485889935313,1.4808294736014012
1771416033434,1.960245537865576,-1.2199765608825899,1.5343466882093468
1771416033438,1.9470201575859352,-1.2545416930071533,1.4889636108893678
1771416033443,1.9413633971461766,-1.2061426058464724,1.5212205146331759
1771416033447,1.9396617653672021,-1.2215235826920126,1.5067076361904723
1771416033452,1.9731968581905361,-1.2981551988963402,1.4860346297281926
1771416033456,1.9451821285029953,-1.2388695987363976,1.4996451681561744
1771416033461,1.9332484674479433,-1.2221877161295385,1.4979008056049252
1771416033465,1.9657678680234767,-1.2703354312337427,1.500163725433243
1771416033470,1.9682967873415242,-1.2409995936711704,1.527780171218018
1771416033474,1.9493547144156986,-1.2276735624202741,1.5141999295829542
1771416033478,1.9565143795241386,-1.186125591701598,1.5559738423235974
1771416033483,1.9303947686260567,-1.2145484838739458,1.5004319188348223
1771416033488,1.9389776731534518,-1.2339198019488609,1.4956859093225616
1771416033492,1.9584762572806558,-1.2364694797822584,1.5188062667434044
1771416033497,1.9502008548874439,-1.2179505364639913,1.5231151844594002
1771416033501,1.9411643107853165,-1.1719229904242776,1.5474867967067283
1771416033506,1.93437998839562,-1.2092822650655868,1.5097888405016389
1771416033510,1.9601301065739583,-1.2928716916547494,1.4732931899711692
1771416033515,1.9549978902609677,-1.240534238378519,1.5109902562013637
1771416033519,1.919121279925175,-1.1587110834774295,1.5298415316915026
1771416033523,1.9556459835727231,-1.2322778170408792,1.518565966526673
1771416033527,1.9497359467606865,-1.2595332088399405,1.488303180780097
1771416033531,1.951081811734074,-1.2086540067806064,1.531625191740036
1771416033536,1.9472020340140341,-1.217430649084447,1.519690223676593
1771416033540,1.9523063822013853,-1.2663008899655062,1.4859280823972703
1771416033545,1.9559419889228793,-1.2292096808271065,1.5214311106956213
1771416033549,1.9352121088686804,-1.1639522841294252,1.5460468901627336
1771416033553,1.9574779527379196,-1.2477627252970322,1.5082467029018691
1771416033557,1.952716969877091,-1.1936131373911985,1.5454420864895286
1771416033561,1.9214174581198544,-1.168271385798228,1.525446497748397
1771416033565,1.9506681888603787,-1.2489033792777942,1.4984481079638148
1771416033570,1.952716969877091,-1.1936131373911985,1.5454420864895286
1771416033574,1.9338677162320659,-1.1796239098789918,1.5324267601182207
1771416033577,1.9398055008700679,-1.26521805066969,1.4703974515298117
1771416033582,1.9545676742560196,-1.2083538028570278,1.5362994110418533
1771416033586,1.9453176694369128,-1.1975016959276554,1.5330526811802165
1771416033590,1.9571067929978303,-1.215664262768086,1.5337624977247222
1771416033594,1.949109699225536,-1.193929857303724,1.540636269680085
1771416033599,1.9334915387413123,-1.2236143325498536,1.4970495968947801
1771416033604,1.956191178462543,-1.2627180226550274,1.494063961802456
1771416033608,1.9481024380364056,-1.2060065005085343,1.5299187657567137
1771416033612,1.957431892789951,-1.252088021771861,1.5045980196207482
1771416033616,1.9479276008257247,-1.244212825534172,1.4987849688447423
1771416033621,1.9302645574702373,-1.2198715409087213,1.4959393990087813
1771416033626,1.9574779527379196,-1.2477627252970322,1.5082467029018691
1771416033631,1.958518882423828,-1.2397400068824744,1.5161929059805426
1771416033634,1.9695371575904892,-1.2985951809247216,1.4807859977757463
1771416033639,1.976627323231028,-1.3302933139901896,1.4619764956032835
1771416033643,1.9493547144156986,-1.2276735624202741,1.5141999295829542
1771416033647,1.9549978902609677,-1.240534238378519,1.5109902562013637
1771416033651,1.9805756136179105,-1.2507406538540444,1.5356847261253594
1771416033655,1.9484976560888247,-1.2018417676623916,1.5336947158042182
1771416033660,1.9556252465569506,-1.1918994252123347,1.55043408926321
1771416033664,1.9256824036719802,-1.196742283466702,1.5086618662824347
1771416033668,1.9421943683154343,-1.2719952210587675,1.4677013054160053
1771416033672,1.9624954620131334,-1.2307997694624222,1.52856807696399
1771416033676,1.9484976560888247,-1.2018417676623916,1.5336947158042182
1771416033680,1.966703641461817,-1.2591061638218135,1.510819274951537
1771416033684,1.954851343409081,-1.2414710700292566,1.5100309126334803
1771416033689,1.974498949503991,-1.3141592571312737,1.4736456658534112
1771416033693,1.9493547144156986,-1.2276735624202741,1.5141999295829542
1771416033698,1.9497328199479227,-1.227829334417885,1.514560396526006
1771416033702,1.9681490747316017,-1.2429238895754575,1.5260245689665275
1771416033707,1.9533122668384921,-1.2549989903110277,1.4967986992578628
1771416033711,1.9506153208503783,-1.2135640463710904,1.5271419172073204
1771416033716,1.9447867981169629,-1.2462014229596907,1.4930431017031192
1771416033720,1.9618164071806794,-1.2392982438272748,1.5208101388174466
1771416033724,1.9377271575784907,-1.1715293793014583,1.5434718820408608
1771416033729,1.9569976012488466,-1.2571440848254776,1.4998094416565233
1771416033733,1.9443552424362902,-1.244698577959684,1.4937345007780416
1771416033737,1.9684186251816247,-1.276257724191632,1.4986120596749226
1771416033742,1.9487576981173147,-1.2721560703152919,1.476236938547281
1771416033746,1.9320327512650046,-1.2001483183061457,1.5140655752072147
1771416033750,1.9474499189890166,-1.2092510148562712,1.5265232294463802
1771416033754,1.9583908295829429,-1.2795586375449104,1.4825735511193971
1771416033758,1.9585910864955958,-1.275530109947399,1.4863048081458843
1771416033763,1.9573111208119296,-1.2173727022437353,1.5326677811860723
1771416033767,1.9533253138845508,-1.258500960262777,1.4938725229683578
1771416033771,1.957742447441433,-1.2494032221319258,1.50723159436111
1771416033775,1.9820892253173108,-1.3088052618824624,1.4885249354941141
1771416033779,1.9535735749712178,-1.256439579067984,1.4959309131698868
1771416033783,1.9570505876248967,-1.2524585823446122,1.503793370790774
1771416033787,1.939632264347181,-1.1929811351102269,1.5293689326541478
1771416033792,1.9249382470564662,-1.1683576675349108,1.529812934869229
1771416033796,1.9271704780047714,-1.219649385972114,1.4921264780811927
1771416033800,1.9493547144156986,-1.2276735624202741,1.5141999295829542
1771416033804,1.9545676742560196,-1.2083538028570278,1.5362994110418533
1771416033808,1.9531512152055703,-1.2205343667998405,1.5248263930426667
1771416033812,1.96307265837208,-1.2605323144238625,1.504896191217602
1771416033816,1.9506681888603787,-1.2489033792777942,1.4984481079638148
1771416033820,1.9616366768855817,-1.2003428318611225,1.5515139503408693
1771416033824,1.9245021364316663,-1.2113227873841503,1.4954616604560413
1771416033829,1.9349055603583485,-1.243282319148244,1.4826019703207662
1771416033833,1.9545930845936452,-1.2443227456179429,1.5073470174711348
1771416033837,1.964147241313711,-1.2481794178526961,1.516549546308714
1771416033842,1.9481596951359144,-1.2051209645453769,1.5306892756419506
1771416033846,1.9584762572806558,-1.2364694797822584,1.5188062667434044
1771416033850,1.954851343409081,-1.2414710700292566,1.5100309126334803
1771416033854,1.9574779527379196,-1.2477627252970322,1.5082467029018691
1771416033858,1.955686319725995,-1.267531628646502,1.4893194927698197
1771416033862,1.9493710868438867,-1.1950489645724298,1.5400992196924455
1771416033866,1.9582812481566663,-1.278131205265139,1.4836596877348638
1771416033870,1.9441290185669677,-1.2148781742024448,1.5177973061910128
1771416033876,1.9561163137648179,-1.301833910442422,1.460006678957001
1771416033880,1.9385222686718544,-1.2383300955147414,1.4914446555870335
1771416033884,1.966703641461817,-1.2591061638218135,1.510819274951537
1771416033888,1.9584279820698922,-1.2002556182138813,1.5475227338880564
1771416033893,1.9451363358144604,-1.235519038021104,1.5023475202472665
1771416033897,1.968891076240535,-1.2301343080347158,1.5373033709374226
1771416033901,1.9751089107087874,-1.2724199313926687,1.510629910784216
1771416033906,1.951897768483749,-1.2387084374587594,1.5084781422282254
1771416033910,1.952521943243827,-1.2326066288016908,1.5142730392775212
1771416033914,1.9452677232551483,-1.2347409773130296,1.5031570889572163
1771416033918,1.9666621837527194,-1.2191152215502716,1.543216842050218
1771416033922,1.9657469265239966,-1.2663379185422323,1.503512306301703
1771416033927,1.95626840463774,-1.2615884150206376,1.4951189725468688
1771416033931,1.9321350380203446,-1.195584116652625,1.5178024987309253
1771416033935,1.957431892789951,-1.252088021771861,1.5045980196207482
1771416033940,1.9458205770220638,-1.267797153325961,1.4761124943516557
1771416033944,1.9667897360215003,-1.2543188058716703,1.5149079836597963
1771416033949,1.9631127216123165,-1.2645399904293162,1.501582555293295
1771416033953,1.9559922722601506,-1.2284456567240802,1.5221126888693788
1771416033958,1.9624220587179242,-1.3029204769457612,1.4674803464776371
1771416033962,1.9730338588344554,-1.2992243877411287,1.4848833618860002
1771416033967,1.951081811734074,-1.2086540067806064,1.531625191740036
1771416033971,1.949879542430537,-1.1856478826392827,1.5479888011165024
1771416033975,1.9648803106847261,-1.279911930253616,1.49083201136512
1771416033979,1.9398412787368515,-1.223547307655644,1.5052960415214172
1771416033983,1.9274394493889855,-1.1397154596429053,1.5543717387137084
1771416033987,1.965415234428769,-1.273461443916058,1.4970480936108639
1771416033992,1.9506681888603787,-1.2489033792777942,1.4984481079638148
1771416033996,1.9657469265239966,-1.2663379185422323,1.503512306301703
1771416034000,1.9696320698175638,-1.2627603422785527,1.5115842048732755
1771416034005,1.9512521705517785,-1.2820017691030117,1.4710052675295813
1771416034009,1.9477483066286891,-1.2419463927880234,1.5004308126054138
1771416034014,1.954851343409081,-1.2414710700292566,1.5100309126334803
1771416034018,1.9674885095537944,-1.2865762207895135,1.4885337293206307
1771416034022,1.953415030181239,-1.2218516267869364,1.5241092094256528
1771416034027,1.9288739630441287,-1.1956595061065338,1.513589478942901
1771416034031,1.9351368250932564,-1.2370707224570363,1.4880895670192822
1771416034035,1.9451821285029953,-1.2388695987363976,1.4996451681561744
1771416034039,1.9559419889228793,-1.2292096808271065,1.5214311106956213
1771416034043,1.954851343409081,-1.2414710700292566,1.5100309126334803
1771416034047,1.9441890328223,-1.21436844063572,1.5182820178525727
1771416034051,1.974231051198407,-1.2458524690787371,1.5314828986333415
1771416034056,1.954851343409081,-1.2414710700292566,1.5100309126334803
1771416034061,1.9358317709177721,-1.2289010514698802,1.4957429093901335
1771416034065,1.9442887646453142,-1.2131007517753027,1.519422708257382
1771416034070,1.9583908295829429,-1.2795586375449104,1.4825735511193971
1771416034074,1.9403140541101205,-1.2189634899062258,1.5096180440273248
1771416034078,1.9295774438272673,-1.1885292180478795,1.520087961130364
1771416034082,1.9665473572708203,-1.2964664863705735,1.4786761505166661
1771416034087,1.9607533576335956,-1.2149127015946293,1.539006451245562
1771416034091,1.964147241313711,-1.2481794178526961,1.516549546308714
1771416034095,1.9627635960168375,-1.2314869470652618,1.528358869198209
1771416034100,1.959788955919931,-1.2251669817527249,1.5296204164983715
1771416034105,1.9630843291371483,-1.2631086958332869,1.502749648415923
1771416034109,1.944774568388039,-1.2041749005704747,1.5271250540427168
1771416034132,1.9607533576335956,-1.2149127015946293,1.539006451245562
1771416034139,1.960365819743828,-1.2903202849369173,1.475841356481178
1771416034145,1.9712563600877677,-1.2799239903666904,1.499215200053109
1771416034149,1.968219784348957,-1.2419838730648076,1.5268808658666184
1771416034153,1.9800075725820645,-1.2972318782392254,1.4958674545434336
1771416034157,1.954851343409081,-1.2414710700292566,1.5100309126334803
1771416034163,1.9417173799883876,-1.2062546308622248,1.5215834348705317
1771416034167,1.9206104810522733,-1.1409869708464662,1.5449573949745186
1771416034172,1.9506153208503783,-1.2135640463710904,1.5271419172073204
1771416034176,1.9544153706420573,-1.2507852083203728,1.5017575715304026
1771416034180,1.9552852376259746,-1.2006209225266953,1.5432594599966694
1771416034184,1.9481024380364056,-1.2060065005085343,1.5299187657567137
1771416034189,1.9612285440989903,-1.24117478241389,1.51851985883902
1771416034193,1.9414035887250403,-1.2059491011727301,1.52142520673714
1771416034197,1.9331175053417378,-1.223638435324019,1.4965467814460227
1771416034201,1.9477301438874772,-1.2459197412368,1.497109452179218
1771416034205,1.957431892789951,-1.252088021771861,1.5045980196207482
1771416034210,1.9674953381244558,-1.286184202530537,1.4888814938410486
1771416034215,1.9544153706420573,-1.2507852083203728,1.5017575715304026
1771416034219,1.9442887646453142,-1.2131007517753027,1.519422708257382
1771416034224,1.95216871706496,-1.2360001970258703,1.5110480511350595
1771416034228,1.9495151230908514,-1.2299649372392392,1.5125460218856193
1771416034232,1.9493547144156986,-1.2276735624202741,1.5141999295829542
1771416034236,1.9553068232202795,-1.2369586007359183,1.5143177318506247
1771416034241,1.9533253138845508,-1.258500960262777,1.4938725229683578
1771416034245,1.9525131744195758,-1.2286124847456408,1.5175042202936873
1771416034249,1.9533253138845508,-1.258500960262777,1.4938725229683578
1771416034253,1.952158461203755,-1.2358230024867243,1.5111797259671367
1771416034258,1.9452677232551483,-1.2347409773130296,1.5031570889572163
1771416034262,1.9449201226840678,-1.201867023107538,1.529127183195706
1771416034266,1.9357048977051363,-1.194440053742249,1.5232420717062227
1771416034270,1.9604140388297753,-1.2545701940266434,1.5064119064521568
1771416034274,1.9396617653672021,-1.2215235826920126,1.5067076361904723
1771416034279,1.9414461830479042,-1.1686277344924885,1.5503298035728494
1771416034283,1.9486490132917786,-1.2362900097334404,1.5062602659687707
1771416034287,1.952049699488978,-1.2371984366003073,1.509913261663982
1771416034291,1.9477301438874772,-1.2459197412368,1.497109452179218
1771416034295,1.9386368207889328,-1.1645368939739005,1.549892430297097
1771416034300,1.946708006714724,-1.221809458294311,1.515537433067813
1771416034304,1.9444190083933652,-1.2480940930758677,1.4909816950689116
1771416034308,1.9549978902609677,-1.240534238378519,1.5109902562013637
1771416034312,1.9545930845936452,-1.2443227456179429,1.5073470174711348
1771416034317,1.951897768483749,-1.2387084374587594,1.5084781422282254
1771416034321,1.9559419889228793,-1.2292096808271065,1.5214311106956213
1771416034325,1.9465124838091266,-1.2246356984441298,1.5130030587282477
1771416034329,1.9583908295829429,-1.2795586375449104,1.4825735511193971
1771416034333,1.9420602921072467,-1.120117786310527,1.5864848952859556
1771416034337,1.9543187974156135,-1.21206854543868,1.533053098587969
1771416034341,1.9501254136055275,-1.255427833126743,1.4922768123243155
1771416034346,1.9303947686260567,-1.2145484838739458,1.5004319188348223
1771416034350,1.9667897360215003,-1.2543188058716703,1.5149079836597963
1771416034354,1.957431892789951,-1.252088021771861,1.5045980196207482
1771416034358,1.9653965335896457,-1.2337773305281803,1.5298944515622483
1771416034362,1.9474499189890166,-1.2092510148562712,1.5265232294463802
1771416034367,1.9717021289778403,-1.2384430280937808,1.534232104859514
1771416034372,1.9666695993226027,-1.295849738578763,1.4793791832809728
1771416034376,1.9425324326805933,-1.2290024548090783,1.504322178952781
1771416034380,1.9531512152055703,-1.2205343667998405,1.5248263930426667
1771416034384,1.96710348996582,-1.2146880787281722,1.5472650101489953
1771416034388,1.9571067929978303,-1.215664262768086,1.5337624977247222
1771416034392,1.9449201226840678,-1.201867023107538,1.529127183195706
1771416034397,1.951081811734074,-1.2086540067806064,1.531625191740036
1771416034401,1.943922646256837,-1.2131716648981485,1.518897549579444
1771416034406,1.9441290185669677,-1.2148781742024448,1.5177973061910128
1771416034410,1.9545930845936452,-1.2443227456179429,1.5073470174711348
1771416034415,1.9661951871091063,-1.3011209453455732,1.4741125463797042
1771416034419,1.9557324148433777,-1.2273345162612586,1.522675035476333
1771416034424,1.929643868490041,-1.150836936608894,1.5489027743980148
1771416034428,1.9737445259427133,-1.2557068520466894,1.5227828983186737
1771416034432,1.9326232819936355,-1.2296472325707826,1.4909729821612687
1771416034436,1.9574779527379196,-1.2477627252970322,1.5082467029018691
1771416034440,1.9452677232551483,-1.2347409773130296,1.5031570889572163
1771416034444,1.951950276176992,-1.2342963793558985,1.512158169166293
1771416034448,1.9687370020939392,-1.2726060508915609,1.5021315597004203
1771416034452,1.9447501692994527,-1.2046487082902675,1.526720246346671
1771416034456,1.9698918137431594,-1.2227788322300248,1.5444370124101827
1771416034460,1.9442887646453142,-1.2131007517753027,1.519422708257382
1771416034465,1.949879542430537,-1.1856478826392827,1.5479888011165024
1771416034469,1.949935406607256,-1.2614235116761652,1.4869629498179087
1771416034473,1.9342553038541515,-1.206789035633631,1.5116229040214915
1771416034477,1.9383146500036337,-1.2406001318352806,1.4892867404596717
1771416034482,1.9398412787368515,-1.223547307655644,1.5052960415214172
1771416034486,1.9602383887498076,-1.2570811200916687,1.5040882946946692
1771416034491,1.9604140388297753,-1.2545701940266434,1.5064119064521568
1771416034496,1.9417173799883876,-1.2062546308622248,1.5215834348705317
1771416034500,1.9657851380086735,-1.2660705371916658,1.5037874197076482
1771416034504,1.981771147852591,-1.312789374100682,1.4845878019535643
1771416034509,1.9580738493268572,-1.241653388881281,1.514050878041199
1771416034513,1.963365821737625,-1.221444046715398,1.5371661558566052
1771416034517,1.9683324314920942,-1.2413539815765582,1.5275381675387378
1771416034521,1.9326232819936355,-1.2296472325707826,1.4909729821612687
1771416034525,1.9544153706420573,-1.2507852083203728,1.5017575715304026
1771416034530,1.9467736442736912,-1.220892549476973,1.5163604468167473
1771416034534,1.9531512152055703,-1.2205343667998405,1.5248263930426667
1771416034539,1.9574779527379196,-1.2477627252970322,1.5082467029018691
1771416034543,1.9466906294302602,-1.2218705540468329,1.5154658544041393
1771416034547,1.9477301438874772,-1.2459197412368,1.497109452179218
1771416034551,1.9628469259954795,-1.2634808389504424,1.5021265674020248
1771416034556,1.9577802132767415,-1.280036262087637,1.4813542895737783
1771416034560,1.939676359355441,-1.1891823666640533,1.5323803959388345
1771416034565,1.9452677232551483,-1.2347409773130296,1.5031570889572163
1771416034569,1.9304147641988882,-1.178350971466068,1.5290487728918338
1771416034574,1.9486490132917786,-1.2362900097334404,1.5062602659687707
1771416034578,1.943922646256837,-1.2131716648981485,1.518897549579444
1771416034582,1.934334492776685,-1.1696124017429173,1.5406676343828347
1771416034586,1.9787592223041715,-1.306557639854084,1.4860670219047105
1771416034590,1.9731786448747508,-1.3324230900940575,1.455363416323896
1771416034595,1.9414461830479042,-1.1686277344924885,1.5503298035728494
1771416034600,1.9545930845936452,-1.2443227456179429,1.5073470174711348
1771416034604,1.9578348314763878,-1.2442971014135529,1.511569366835676
1771416034609,1.9666621837527194,-1.2191152215502716,1.543216842050218
1771416034613,1.9369370815968021,-1.2204082977828041,1.5041040006487634
1771416034617,1.9477483066286891,-1.2419463927880234,1.5004308126054138
1771416034621,1.956552940366509,-1.2585532202085385,1.4980464613487625
1771416034625,1.9588299813413637,-1.268758131752433,1.4924033298387815
1771416034629,1.9769088218551492,-1.2915798246815868,1.4966596294429122
1771416034634,1.9557324148433777,-1.2273345162612586,1.522675035476333
1771416034638,1.9583908295829429,-1.2795586375449104,1.4825735511193971
1771416034642,1.9331175053417378,-1.223638435324019,1.4965467814460227
1771416034646,1.965415234428769,-1.273461443916058,1.4970480936108639
1771416034650,1.9682967873415242,-1.2409995936711704,1.527780171218018
1771416034654,1.9531512152055703,-1.2205343667998405,1.5248263930426667
1771416034658,1.9502008548874439,-1.2179505364639913,1.5231151844594002
1771416034663,1.9683023256369303,-1.2816933319798829,1.4938126548754547
1771416034667,1.9583908295829429,-1.2795586375449104,1.4825735511193971
1771416034671,1.9549735677272932,-1.2763485889935313,1.4808294736014012
1771416034676,1.9375353055129505,-1.2494933480602528,1.480813773998048
1771416034680,1.966703641461817,-1.2591061638218135,1.510819274951537
1771416034685,1.9765127959473043,-1.2601991047737153,1.5226624868535235
1771416034689,1.9551792207410204,-1.2736236373161194,1.4834448475380273
1771416034694,1.955393959168697,-1.2353177326357503,1.5157689913008185
1771416034698,1.968891076240535,-1.2301343080347158,1.5373033709374226
1771416034702,1.9559419889228793,-1.2292096808271065,1.5214311106956213
1771416034707,1.9674953381244558,-1.286184202530537,1.4888814938410486
1771416034711,1.9766962021262977,-1.2625308352642324,1.5209680356626594
1771416034716,1.9451821285029953,-1.2388695987363976,1.4996451681561744
1771416034720,1.9413330344692126,-1.2425691670850447,1.4915749447248767
1771416034724,1.9493547144156986,-1.2276735624202741,1.5141999295829542
1771416034728,1.9596545002540176,-1.2228833764709979,1.5312746350399444
1771416034733,1.971763761122611,-1.313154712439848,1.4708762799343138
1771416034737,1.9596545002540176,-1.2228833764709979,1.5312746350399444
1771416034742,1.9430797906992612,-1.1870414185533622,1.5383405811661819
1771416034746,1.9667897360215003,-1.2543188058716703,1.5149079836597963
1771416034750,1.9603760347509296,-1.2514708995598762,1.5089382973404086
1771416034755,1.9589456676990094,-1.2673542497954233,1.4937474132269475
1771416034759,1.9639277228077403,-1.2860963271423629,1.4842399865667684
1771416034764,1.9824512502000184,-1.3055274501158287,1.4918817099266546
1771416034768,1.954851343409081,-1.2414710700292566,1.5100309126334803
1771416034772,1.9687370020939392,-1.2726060508915609,1.5021315597004203
1771416034777,1.93137362801653,-1.1726505399064444,1.5346318132551722
1771416034781,1.9618164071806794,-1.2392982438272748,1.5208101388174466
1771416034785,1.952716969877091,-1.1936131373911985,1.5454420864895286
1771416034789,1.9578348314763878,-1.2442971014135529,1.511569366835676
1771416034793,1.9481596951359144,-1.2051209645453769,1.5306892756419506
1771416034798,1.9690191405153843,-1.232758013223627,1.535364470263943
1771416034802,1.9263279169332759,-1.1886376649094093,1.5158759003016047
1771416034806,1.9304147641988882,-1.178350971466068,1.5290487728918338
1771416034811,1.9422378828993345,-1.2321112371009304,1.5013959814715452
1771416034815,1.9694976789006435,-1.2642511496594608,1.5101622885570127
1771416034820,1.96307265837208,-1.2605323144238625,1.504896191217602
1771416034824,1.974498949503991,-1.3141592571312737,1.4736456658534112
1771416034829,1.95356787187094,-1.256446803000701,1.4959173978651599
1771416034834,1.9506681888603787,-1.2489033792777942,1.4984481079638148
1771416034838,1.9500124416910258,-1.220928685364679,1.5204873126742862
1771416034842,1.9421028899627355,-1.198644259446241,1.5280757751165948
1771416034846,1.9313391783633729,-1.1722242489002965,1.534914112310993
1771416034851,1.9631390119516752,-1.2988303579655325,1.4720579069702815
1771416034855,1.9577802132767415,-1.280036262087637,1.4813542895737783
1771416034859,1.941695371046141,-1.239896569932209,1.4942681853711381
1771416034864,1.9584762572806558,-1.2364694797822584,1.5188062667434044
1771416034869,1.9620704706947918,-1.3113093969867775,1.4595164258570903
1771416034873,1.9361202998868243,-1.1570299397554504,1.552367074548847
1771416034877,1.9313391783633729,-1.1722242489002965,1.534914112310993
1771416034881,1.9534551416939436,-1.2212020646720658,1.5246811167753043
1771416034886,1.9556252465569506,-1.1918994252123347,1.55043408926321
1771416034890,1.9245021364316663,-1.2113227873841503,1.4954616604560413
1771416034894,1.9413633971461766,-1.2061426058464724,1.5212205146331759
1771416034899,1.9730338588344554,-1.2992243877411287,1.4848833618860002
1771416034903,1.9721133791520835,-1.2698761163874828,1.508855801347264
1771416034907,1.946708006714724,-1.221809458294311,1.515537433067813
1771416034911,1.9707522889353217,-1.2898986236143573,1.4899752095728294
1771416034916,1.9694976789006435,-1.2642511496594608,1.5101622885570127
1771416034920,1.952049699488978,-1.2371984366003073,1.509913261663982
1771416034924,1.9508353176689188,-1.251427646690801,1.4965584792323738
1771416034928,1.9441290185669677,-1.2148781742024448,1.5177973061910128
1771416034933,1.9466906294302602,-1.2218705540468329,1.5154658544041393
1771416034938,1.9648803106847261,-1.279911930253616,1.49083201136512
1771416034942,1.9451363358144604,-1.235519038021104,1.5023475202472665
1771416034946,1.9430797906992612,-1.1870414185533622,1.5383405811661819
1771416034951,1.939632264347181,-1.1929811351102269,1.5293689326541478
1771416034955,1.978792466343557,-1.2749306418048074,1.513331253706603
1771416034959,1.9474499189890166,-1.2092510148562712,1.5265232294463802
1771416034964,1.952521943243827,-1.2326066288016908,1.5142730392775212
1771416034968,1.9317158843766296,-1.199569188781981,1.5141202129546794
1771416034972,1.9535735749712178,-1.256439579067984,1.4959309131698868
1771416034977,1.93685371849041,-1.1811724288797127,1.5350029381354708
1771416034981,1.9574779527379196,-1.2477627252970322,1.5082467029018691
1771416034985,1.9439675874638704,-1.248750771626242,1.4898427740781797
1771416034989,1.9456431714936,-1.1940919661422749,1.5361223021537542
1771416034994,1.968224145079191,-1.2418625210974636,1.5269851878673102
1771416034999,1.9624798958432472,-1.2667610130774598,1.4988808749650155
1771416035003,1.960687832141827,-1.2869621084204432,1.47919752115768
1771416035007,1.9451363358144604,-1.235519038021104,1.5023475202472665
1771416035011,1.9477301438874772,-1.2459197412368,1.497109452179218
1771416035016,1.953121673700572,-1.2209261305544048,1.5244748787724816
1771416035021,1.9506153208503783,-1.2135640463710904,1.5271419172073204
1771416035026,1.93137362801653,-1.1726505399064444,1.5346318132551722
1771416035030,1.9559419889228793,-1.2292096808271065,1.5214311106956213
1771416035034,1.9607533576335956,-1.2149127015946293,1.539006451245562
1771416035038,1.9850786007444727,-1.3109116415819229,1.4906534537237761
1771416035043,1.9661951871091063,-1.3011209453455732,1.4741125463797042
1771416035047,1.9657851380086735,-1.2660705371916658,1.5037874197076482
1771416035051,1.96307265837208,-1.2605323144238625,1.504896191217602
1771416035055,1.942363783264886,-1.2308844029578507,1.502564691816687
1771416035059,1.9468634179707376,-1.2206370610404964,1.51668135527774
1771416035063,1.9425324326805933,-1.2290024548090783,1.504322178952781
1771416035068,1.9549735677272932,-1.2763485889935313,1.4808294736014012
1771416035073,1.936809396010916,-1.1825207283174037,1.5339085251656457
1771416035078,1.9690764458110446,-1.3036555565556422,1.4757182113498004
1771416035082,1.9452677232551483,-1.2347409773130296,1.5031570889572163
1771416035086,1.953415030181239,-1.2218516267869364,1.5241092094256528
1771416035090,1.951081811734074,-1.2086540067806064,1.531625191740036
1771416035095,1.952521943243827,-1.2326066288016908,1.5142730392775212
1771416035099,1.929931475383002,-1.2265624309212393,1.4900268798671354
1771416035103,1.9474499189890166,-1.2092510148562712,1.5265232294463802
1771416035107,1.9571067929978303,-1.215664262768086,1.5337624977247222
1771416035112,1.9464434391867136,-1.1841674134472626,1.5447943548843714
1771416035116,1.9578675237884455,-1.2074756719759054,1.5411838768595507
1771416035120,1.942941691912266,-1.1881699328687023,1.5372945810083642
1771416035124,1.9481108055217944,-1.2424653671593695,1.5004717664788991
1771416035129,1.9530642444441746,-1.2255184271856554,1.5207118489558409
1771416035133,1.961430802449678,-1.2430626944995062,1.517236280327496
1771416035137,1.9632153426856325,-1.259247392535704,1.5061575236834612
1771416035141,1.9612285440989903,-1.24117478241389,1.51851985883902
1771416035145,1.946904928605732,-1.2555135639697228,1.4879934447830525
1771416035149,1.961301519640311,-1.2444153304237193,1.5159598069704283
1771416035153,1.943922646256837,-1.2131716648981485,1.518897549579444
1771416035157,1.9278412518485544,-1.2075108344911656,1.5028271613580353
1771416035161,1.9557324148433777,-1.2273345162612586,1.522675035476333
1771416035165,1.9418204888413497,-1.2016982286569533,1.52531576341648
1771416035169,1.9630915353721186,-1.2639968309054195,1.502012113037281
1771416035174,1.971284557758956,-1.2440113487069688,1.5291823213558253
1771416035178,1.963365821737625,-1.221444046715398,1.5371661558566052
1771416035182,1.9765127959473043,-1.2601991047737153,1.5226624868535235
1771416035186,1.9684506605900973,-1.3111894854232375,1.4681894075674078
1771416035190,1.977643813576787,-1.2873933683000816,1.5012306180715569
1771416035195,1.9502707092821974,-1.2173516729369744,1.523683282011598
1771416035199,1.9493710868438867,-1.1950489645724298,1.5400992196924455
1771416035203,1.9513758582067706,-1.2802701618141445,1.4726764929069096
1771416035207,1.951456924930593,-1.2444248691133282,1.503193558724838
1771416035211,1.952049699488978,-1.2371984366003073,1.509913261663982
1771416035216,1.983714138307507,-1.2911388125216088,1.506015388142294
1771416035220,1.9408686957385712,-1.2124965026159111,1.515527474261726
1771416035224,1.96710348996582,-1.2146880787281722,1.5472650101489953
1771416035228,1.976114734348538,-1.2645700205605965,1.518516416246056
1771416035233,1.960365819743828,-1.2903202849369173,1.475841356481178
1771416035237,1.9633210570231243,-1.293013934288799,1.4774114317567058
1771416035241,1.9570897781863876,-1.2197742841511225,1.530474140782934
1771416035245,1.951456924930593,-1.2444248691133282,1.503193558724838
1771416035249,1.9352023499979578,-1.2748668927809639,1.455926694970811
1771416035253,1.9552852376259746,-1.2006209225266953,1.5432594599966694
1771416035257,1.9449201226840678,-1.201867023107538,1.529127183195706
1771416035261,1.9357048977051363,-1.194440053742249,1.5232420717062227
1771416035265,1.9474499189890166,-1.2092510148562712,1.5265232294463802
1771416035269,1.9638539418287615,-1.251448714396437,1.5134723056838106
1771416035273,1.9484976560888247,-1.2018417676623916,1.5336947158042182
1771416035277,1.9769088218551492,-1.2915798246815868,1.4966596294429122
1771416035282,1.9571067929978303,-1.215664262768086,1.5337624977247222
1771416035286,1.9439413469005478,-1.1764310646309102,1.5475522318684105
1771416035290,1.9624954620131334,-1.2307997694624222,1.52856807696399
1771416035295,1.965415234428769,-1.273461443916058,1.4970480936108639
1771416035299,1.9666695993226027,-1.295849738578763,1.4793791832809728
1771416035304,1.9382237850486015,-1.2019206436416965,1.5205585182149541
1771416035308,1.951950276176992,-1.2342963793558985,1.512158169166293
1771416035312,1.9396617653672021,-1.2215235826920126,1.5067076361904723
1771416035316,1.946767608785998,-1.1845010076173403,1.5449470818030817
1771416035320,1.9549978902609677,-1.240534238378519,1.5109902562013637
1771416035324,1.9589456676990094,-1.2673542497954233,1.4937474132269475
1771416035329,1.9451363358144604,-1.235519038021104,1.5023475202472665
1771416035333,1.95626840463774,-1.2615884150206376,1.4951189725468688
1771416035337,1.9642907610767932,-1.2472697595204674,1.517483555442168
1771416035341,1.9585910864955958,-1.275530109947399,1.4863048081458843
1771416035346,1.9616391044712107,-1.2729644214300861,1.4925111584051154
1771416035350,1.9369370815968021,-1.2204082977828041,1.5041040006487634
1771416035355,1.931808103613085,-1.202412088131236,1.511981388609352
1771416035360,1.9279217262787853,-1.1705907432203626,1.531861447567818
1771416035364,1.9638539418287615,-1.251448714396437,1.5134723056838106
1771416035369,1.9559419889228793,-1.2292096808271065,1.5214311106956213
1771416035373,1.9574779527379196,-1.2477627252970322,1.5082467029018691
1771416035377,1.9695371575904892,-1.2985951809247216,1.4807859977757463
1771416035382,1.9481108055217944,-1.2424653671593695,1.5004717664788991
1771416035387,1.9449201226840678,-1.201867023107538,1.529127183195706
1771416035391,1.948914447406527,-1.2325687532037906,1.5096495593135322
1771416035396,1.9464224000381734,-1.2603789855361227,1.4832413735428556
1771416035401,1.937963132821887,-1.1682684009251927,1.5462373839668073
1771416035405,1.96307265837208,-1.2605323144238625,1.504896191217602
1771416035409,1.946708006714724,-1.221809458294311,1.515537433067813
1771416035413,1.9451821285029953,-1.2388695987363976,1.4996451681561744
1771416035418,1.960245537865576,-1.2199765608825899,1.5343466882093468
1771416035423,1.9531512152055703,-1.2205343667998405,1.5248263930426667
1771416035427,1.956552940366509,-1.2585532202085385,1.4980464613487625
1771416035432,1.9481108055217944,-1.2424653671593695,1.5004717664788991
1771416035436,1.9451821285029953,-1.2388695987363976,1.4996451681561744
1771416035440,1.970922144982092,-1.2473353612546811,1.5260041278268104
1771416035444,1.9500124416910258,-1.220928685364679,1.5204873126742862
1771416035449,1.947598456747936,-1.208316278043555,1.5274526247782325
1771416035453,1.9584762572806558,-1.2364694797822584,1.5188062667434044
1771416035457,1.9384598976114966,-1.2389001130389565,1.490890098082362
1771416035461,1.9665473572708203,-1.2964664863705735,1.4786761505166661
1771416035465,1.9506881501457018,-1.2492023828867216,1.4982248381698244
1771416035469,1.9681490747316017,-1.2429238895754575,1.5260245689665275
1771416035473,1.9604140388297753,-1.2545701940266434,1.5064119064521568
1771416035478,1.9466906294302602,-1.2218705540468329,1.5154658544041393
1771416035482,1.9405040750277232,-1.1797697889794367,1.5406814434563085
1771416035486,1.934534988650653,-1.2077722833896916,1.5111954651166848
1771416035491,1.955393959168697,-1.2353177326357503,1.5157689913008185
1771416035495,1.9467736442736912,-1.220892549476973,1.5163604468167473
1771416035499,1.95626840463774,-1.2615884150206376,1.4951189725468688
1771416035503,1.9674953381244558,-1.286184202530537,1.4888814938410486
1771416035507,1.958617118158766,-1.2347058968972613,1.5204217716514319
1771416035512,1.9392497768525843,-1.194759990305913,1.5274941121284273
1771416035516,1.9817887724302152,-1.2730780386639973,1.51880184553545
1771416035520,1.9418204888413497,-1.2016982286569533,1.52531576341648
1771416035524,1.9336221823233666,-1.2187527253718782,1.5011783832614956
1771416035528,1.9694976789006435,-1.2642511496594608,1.5101622885570127
1771416035532,1.970922144982092,-1.2473353612546811,1.5260041278268104
1771416035536,1.9465124838091266,-1.2246356984441298,1.5130030587282477
1771416035540,1.951187049152104,-1.170375027512179,1.5612024839061591
1771416035545,1.9700018609386678,-1.2585345705879787,1.5155850575724037
1771416035549,1.965710803109702,-1.2342823908854854,1.5298908265010935
1771416035554,1.9317158843766296,-1.199569188781981,1.5141202129546794
1771416035558,1.952049699488978,-1.2371984366003073,1.509913261663982
1771416035562,1.9545930845936452,-1.2443227456179429,1.5073470174711348
1771416035566,1.9667897360215003,-1.2543188058716703,1.5149079836597963
1771416035570,1.9506681888603787,-1.2489033792777942,1.4984481079638148
1771416035574,1.9556459835727231,-1.2322778170408792,1.518565966526673
1771416035579,1.9818829649103558,-1.2753237066758465,1.5170397258451875
1771416035583,1.9451363358144604,-1.235519038021104,1.5023475202472665
1771416035587,1.962387203538054,-1.2319381264471583,1.5275116985528359
1771416035591,1.9573111208119296,-1.2173727022437353,1.5326677811860723
1771416035595,1.9604140388297753,-1.2545701940266434,1.5064119064521568
1771416035614,1.9577802132767415,-1.280036262087637,1.4813542895737783
1771416035620,1.9633210570231243,-1.293013934288799,1.4774114317567058
1771416035627,1.9628469259954795,-1.2634808389504424,1.5021265674020248
1771416035631,1.93709306842809,-1.214629774228599,1.5089745085022264
1771416035635,1.9551792207410204,-1.2736236373161194,1.4834448475380273
1771416035640,1.9441890328223,-1.21436844063572,1.5182820178525727
1771416035644,1.9502707092821974,-1.2173516729369744,1.523683282011598
1771416035648,1.956552940366509,-1.2585532202085385,1.4980464613487625
1771416035652,1.9672456771080353,-1.216579736524933,1.545959022347351
1771416035657,1.9735620846513038,-1.2535154258945587,1.5243511337672773
1771416035661,1.9602383887498076,-1.2570811200916687,1.5040882946946692
1771416035665,1.9812038638602738,-1.3185402195859834,1.47872257016285
1771416035670,1.9341808388177943,-1.1721759338420188,1.5385249745686607
1771416035674,1.9352121088686804,-1.1639522841294252,1.5460468901627336
1771416035678,1.9596433469679646,-1.3029564345311406,1.4637303634992698
1771416035682,1.9477483066286891,-1.2419463927880234,1.5004308126054138
1771416035687,1.9657469265239966,-1.2663379185422323,1.503512306301703
1771416035691,1.9531512152055703,-1.2205343667998405,1.5248263930426667
1771416035695,1.952010536610777,-1.2012947730736308,1.5385824655264557
1771416035700,1.937106269455014,-1.1782503259786328,1.53756524040223
1771416035704,1.961301519640311,-1.2444153304237193,1.5159598069704283
1771416035708,1.949879542430537,-1.1856478826392827,1.5479888011165024
1771416035712,1.9818901853265243,-1.3110815407947982,1.4862549916083518
1771416035716,1.954851343409081,-1.2414710700292566,1.5100309126334803
1771416035722,1.9600693137341847,-1.2580926483698964,1.5030218237803528
1771416035726,1.9584762572806558,-1.2364694797822584,1.5188062667434044
1771416035731,1.948914447406527,-1.2325687532037906,1.5096495593135322
1771416035735,1.958617118158766,-1.2347058968972613,1.5204217716514319
1771416035739,1.9690899791275953,-1.2687547834830575,1.5058474840731957
1771416035743,1.943922646256837,-1.2131716648981485,1.518897549579444
1771416035747,1.9477301438874772,-1.2459197412368,1.497109452179218
1771416035751,1.9418204888413497,-1.2016982286569533,1.52531576341648
1771416035756,1.9657678680234767,-1.2703354312337427,1.500163725433243
1771416035759,1.9539981515623195,-1.251571884296518,1.500558760844581
1771416035764,1.9442887646453142,-1.2131007517753027,1.519422708257382
1771416035768,1.968891076240535,-1.2301343080347158,1.5373033709374226
1771416035772,1.9737445259427133,-1.2557068520466894,1.5227828983186737
1771416035776,1.971284557758956,-1.2440113487069688,1.5291823213558253
1771416035780,1.9557324148433777,-1.2273345162612586,1.522675035476333
1771416035784,1.964147241313711,-1.2481794178526961,1.516549546308714
1771416035789,1.9539981515623195,-1.251571884296518,1.500558760844581
1771416035793,1.9616366768855817,-1.2003428318611225,1.5515139503408693
1771416035798,1.9848295284111321,-1.3135074253735632,1.4880344419203713
1771416035802,1.9601964185749052,-1.2166730704535433,1.5369048893887454
1771416035806,1.96307265837208,-1.2605323144238625,1.504896191217602
1771416035810,1.953400391904877,-1.2584612161031028,1.4940041695585815
1771416035815,1.934334492776685,-1.1696124017429173,1.5406676343828347
1771416035819,1.977815565518352,-1.2779168964519567,1.5095306611557373
1771416035823,1.954851343409081,-1.2414710700292566,1.5100309126334803
1771416035827,1.9364040017525428,-1.1905486690353464,1.5271720023171675
1771416035832,1.962387203538054,-1.2319381264471583,1.5275116985528359
1771416035836,1.946708006714724,-1.221809458294311,1.515537433067813
1771416035841,1.9492228577945658,-1.229052514413102,1.512910990826508
1771416035845,1.9667897360215003,-1.2543188058716703,1.5149079836597963
1771416035850,1.9439413469005478,-1.1764310646309102,1.5475522318684105
1771416035854,1.96307265837208,-1.2605323144238625,1.504896191217602
1771416035858,1.943143629021407,-1.2620485892512348,1.4775115977126716
1771416035862,1.9659704286757187,-1.2988904424525343,1.4757788943242307
1771416035867,1.958518882423828,-1.2397400068824744,1.5161929059805426
1771416035871,1.9624954620131334,-1.2307997694624222,1.52856807696399
1771416035875,1.9184912683254778,-1.162218717273863,1.526386713732597
1771416035879,1.947598456747936,-1.208316278043555,1.5274526247782325
1771416035884,1.948914447406527,-1.2325687532037906,1.5096495593135322
1771416035890,1.9748945858233773,-1.2783789956138196,1.5053091937166565
1771416035894,1.9495151230908514,-1.2299649372392392,1.5125460218856193
1771416035898,1.958617118158766,-1.2347058968972613,1.5204217716514319
1771416035903,1.9544153706420573,-1.2507852083203728,1.5017575715304026
1771416035908,1.963365821737625,-1.221444046715398,1.5371661558566052
1771416035912,1.948914447406527,-1.2325687532037906,1.5096495593135322
1771416035917,1.951950276176992,-1.2342963793558985,1.512158169166293
1771416035920,1.9677132219905307,-1.285965213168227,1.489358517791318
1771416035925,1.9721133791520835,-1.2698761163874828,1.508855801347264
1771416035929,1.9467736442736912,-1.220892549476973,1.5163604468167473
1771416035933,1.9403319845336782,-1.1818506682795575,1.5388688079532853
1771416035937,1.9545930845936452,-1.2443227456179429,1.5073470174711348
1771416035942,1.964147241313711,-1.2481794178526961,1.516549546308714
1771416035946,1.931808103613085,-1.202412088131236,1.511981388609352
1771416035950,1.978792466343557,-1.2749306418048074,1.513331253706603
1771416035954,1.9594077960356175,-1.2661149806933993,1.49540354648132
1771416035958,1.9502008548874439,-1.2179505364639913,1.5231151844594002
1771416035962,1.9403319845336782,-1.1818506682795575,1.5388688079532853
1771416035966,1.9559959585326603,-1.2284658164846793,1.5221011554836725
1771416035970,1.9441290185669677,-1.2148781742024448,1.5177973061910128
1771416035975,1.9569976012488466,-1.2571440848254776,1.4998094416565233
1771416035979,1.974831421149116,-1.2798833474064069,1.503947392361052
1771416035983,1.9683023256369303,-1.2816933319798829,1.4938126548754547
1771416035987,1.9365298163820173,-1.2215790459771616,1.5026284850774316
1771416035991,1.9632364631139672,-1.2940284064971255,1.4764104758767966
1771416035996,1.9364095607517553,-1.1868762508186497,1.53003488594655
1771416036000,1.9657678680234767,-1.2703354312337427,1.500163725433243
1771416036004,1.948914447406527,-1.2325687532037906,1.5096495593135322
1771416036008,1.9551792207410204,-1.2736236373161194,1.4834448475380273
1771416036012,1.9413633971461766,-1.2061426058464724,1.5212205146331759
1771416036016,1.951950276176992,-1.2342963793558985,1.512158169166293
1771416036021,1.9530642444441746,-1.2255184271856554,1.5207118489558409
1771416036025,1.9451363358144604,-1.235519038021104,1.5023475202472665
1771416036029,1.9682967873415242,-1.2409995936711704,1.527780171218018
1771416036034,1.9363712848395096,-1.1907899540431728,1.5269423820501125
1771416036038,1.9800075725820645,-1.2972318782392254,1.4958674545434336
1771416036047,1.9686568195759917,-1.2734553758791631,1.501306457358896
1771416036075,1.9612285440989903,-1.24117478241389,1.51851985883902
1771416036080,1.969447357824781,-1.2603019383713085,1.513394171847022
1771416036084,1.9561335359122887,-1.227568140103232,1.5230019276823668
1771416036089,1.9682967873415242,-1.2409995936711704,1.527780171218018
1771416036094,1.959657168229089,-1.2269233275875622,1.528042985394428
1771416036098,1.9404910127142294,-1.2521541981085649,1.4824355751882754
1771416036102,1.9657469265239966,-1.2663379185422323,1.503512306301703
1771416036107,1.9477100139072334,-1.2460755394707363,1.4969535891961478
1771416036111,1.9472020340140341,-1.217430649084447,1.519690223676593
1771416036115,1.960687832141827,-1.2869621084204432,1.47919752115768
1771416036120,1.954851343409081,-1.2414710700292566,1.5100309126334803
1771416036125,1.9571067929978303,-1.215664262768086,1.5337624977247222
1771416036129,1.9484976560888247,-1.2018417676623916,1.5336947158042182
1771416036134,1.968224145079191,-1.2418625210974636,1.5269851878673102
1771416036138,1.9687370020939392,-1.2726060508915609,1.5021315597004203
1771416036143,1.944774568388039,-1.2041749005704747,1.5271250540427168
1771416036147,1.93715036233028,-1.1782758127255641,1.5376012602174356
1771416036151,1.954851343409081,-1.2414710700292566,1.5100309126334803
1771416036155,1.9674953381244558,-1.286184202530537,1.4888814938410486
1771416036159,1.9701255151884323,-1.2922858366434111,1.4870749348998271
1771416036164,1.9574779527379196,-1.2477627252970322,1.5082467029018691
1771416036168,1.9531512152055703,-1.2205343667998405,1.5248263930426667
1771416036172,1.9630915353721186,-1.2639968309054195,1.502012113037281
1771416036177,1.9492439644291044,-1.1925450627174916,1.5418781749059896
1771416036182,1.9569976012488466,-1.2571440848254776,1.4998094416565233
1771416036187,1.9477100139072334,-1.2460755394707363,1.4969535891961478
1771416036191,1.9559959585326603,-1.2284658164846793,1.5221011554836725
1771416036195,1.9422257901729418,-1.1962934747475251,1.5300728552227179
1771416036199,1.9628469259954795,-1.2634808389504424,1.5021265674020248
1771416036203,1.931808103613085,-1.202412088131236,1.511981388609352
1771416036208,1.9406360314616378,-1.2544618236270844,1.4806734074972052
1771416036212,1.951081811734074,-1.2086540067806064,1.531625191740036
1771416036216,1.949879542430537,-1.1856478826392827,1.5479888011165024
1771416036220,1.9667897360215003,-1.2543188058716703,1.5149079836597963
1771416036224,1.9556459835727231,-1.2322778170408792,1.518565966526673
1771416036228,1.952158461203755,-1.2358230024867243,1.5111797259671367
1771416036232,1.9496052043136367,-1.2289893017069904,1.5134549048374655
1771416036237,1.9330833893574149,-1.1541986100715131,1.5506891883025875
1771416036241,1.951950276176992,-1.2342963793558985,1.512158169166293
1771416036246,1.9528160422404752,-1.3038608229183155,1.453766641965115
1771416036250,1.956191178462543,-1.2627180226550274,1.494063961802456
1771416036254,1.983492230444718,-1.2899681572082249,1.5067261136727466
1771416036258,1.9657851380086735,-1.2660705371916658,1.5037874197076482
1771416036262,1.9531118716510434,-1.1842745829108012,1.5531064662333003
1771416036266,1.9531118716510434,-1.1842745829108012,1.5531064662333003
1771416036270,1.9483232085051247,-1.2037150663249494,1.5320030561007463
1771416036275,1.9895734022702378,-1.3001446358768232,1.5059967625535895
1771416036279,1.9442991773678269,-1.1763601185184742,1.5480556070995672
1771416036283,1.9569976012488466,-1.2571440848254776,1.4998094416565233
1771416036287,1.942363783264886,-1.2308844029578507,1.502564691816687
1771416036291,1.9413633971461766,-1.2061426058464724,1.5212205146331759
1771416036295,1.9751089107087874,-1.2724199313926687,1.510629910784216
1771416036300,1.9474499189890166,-1.2092510148562712,1.5265232294463802
1771416036304,1.9500124416910258,-1.220928685364679,1.5204873126742862
1771416036309,1.9417173799883876,-1.2062546308622248,1.5215834348705317
1771416036314,1.95626840463774,-1.2615884150206376,1.4951189725468688
1771416036318,1.9712563600877677,-1.2799239903666904,1.499215200053109
1771416036323,1.929931475383002,-1.2265624309212393,1.4900268798671354
1771416036328,1.934534988650653,-1.2077722833896916,1.5111954651166848
1771416036332,1.9303947686260567,-1.2145484838739458,1.5004319188348223
1771416036336,1.9544153706420573,-1.2507852083203728,1.5017575715304026
1771416036341,1.9385222686718544,-1.2383300955147414,1.4914446555870335
1771416036345,1.9677144284537056,-1.2834671305953527,1.49151339136671
1771416036349,1.9682967873415242,-1.2409995936711704,1.527780171218018
1771416036354,1.962098179170998,-1.236093738228012,1.523778702771385
1771416036358,1.9389004276593451,-1.1982963343847604,1.5242771281422671
1771416036362,1.9574779527379196,-1.2477627252970322,1.5082467029018691
1771416036366,1.9398412787368515,-1.223547307655644,1.5052960415214172
1771416036370,1.944774568388039,-1.2041749005704747,1.5271250540427168
1771416036374,1.9506681888603787,-1.2489033792777942,1.4984481079638148
1771416036378,1.9451821285029953,-1.2388695987363976,1.4996451681561744
1771416036382,1.9648803106847261,-1.279911930253616,1.49083201136512
1771416036387,1.9383146500036337,-1.2406001318352806,1.4892867404596717
1771416036391,1.9427915238124294,-1.2268528266601162,1.5064099862632032
1771416036395,1.9571067929978303,-1.215664262768086,1.5337624977247222
1771416036399,1.9517563825052717,-1.2001226722058633,1.5391746321673583
1771416036404,1.9466906294302602,-1.2218705540468329,1.5154658544041393
1771416036408,1.9389776731534518,-1.2339198019488609,1.4956859093225616
1771416036412,1.9398407276231238,-1.2626553434732448,1.472645080168291
1771416036416,1.9493710868438867,-1.1950489645724298,1.5400992196924455
1771416036421,1.935812263668135,-1.1564133811029516,1.5524423377935779
1771416036425,1.9603760347509296,-1.2514708995598762,1.5089382973404086
1771416036429,1.9556459835727231,-1.2322778170408792,1.518565966526673
1771416036434,1.946767608785998,-1.1845010076173403,1.5449470818030817
1771416036438,1.9553068232202795,-1.2369586007359183,1.5143177318506247
1771416036442,1.9387190395823233,-1.2361800632342241,1.4934826298625759
1771416036447,1.952521943243827,-1.2326066288016908,1.5142730392775212
1771416036451,1.9342553038541515,-1.206789035633631,1.5116229040214915
1771416036456,1.976792560683086,-1.2930223689067883,1.4952598374458768
1771416036460,1.9571067929978303,-1.215664262768086,1.5337624977247222
1771416036465,1.946708006714724,-1.221809458294311,1.515537433067813
1771416036470,1.9358317709177721,-1.2289010514698802,1.4957429093901335
1771416036474,1.9382237850486015,-1.2019206436416965,1.5205585182149541
1771416036478,1.9578675237884455,-1.2074756719759054,1.5411838768595507
1771416036482,1.9584762572806558,-1.2364694797822584,1.5188062667434044
1771416036486,1.9506881501457018,-1.2492023828867216,1.4982248381698244
1771416036490,1.9687370020939392,-1.2726060508915609,1.5021315597004203
1771416036494,1.998907896875677,-1.3065998768568237,1.5127556121164039
1771416036499,1.9487576981173147,-1.2721560703152919,1.476236938547281
1771416036503,1.9481108055217944,-1.2424653671593695,1.5004717664788991
1771416036507,1.938972433919201,-1.1972721533467594,1.525173265671466
1771416036512,1.9574779527379196,-1.2477627252970322,1.5082467029018691
1771416036516,1.9793537768642124,-1.3035660452963986,1.4894821044701845
1771416036520,1.9533122668384921,-1.2549989903110277,1.4967986992578628
1771416036524,1.9493547144156986,-1.2276735624202741,1.5141999295829542
1771416036528,1.9578348314763878,-1.2442971014135529,1.511569366835676
1771416036532,1.942363783264886,-1.2308844029578507,1.502564691816687
1771416036537,1.9487576981173147,-1.2721560703152919,1.476236938547281
1771416036541,1.9477301438874772,-1.2459197412368,1.497109452179218
1771416036545,1.9648803106847261,-1.279911930253616,1.49083201136512
1771416036549,1.948914447406527,-1.2325687532037906,1.5096495593135322
1771416036553,1.9449201226840678,-1.201867023107538,1.529127183195706
1771416036558,1.9646248141424199,-1.2434811333123632,1.5210211475980004
1771416036562,1.9642907610767932,-1.2472697595204674,1.517483555442168
1771416036567,1.953121673700572,-1.2209261305544048,1.5244748787724816
1771416036571,1.950656548757407,-1.2128652164007654,1.5277496319931754
1771416036575,1.9596545002540176,-1.2228833764709979,1.5312746350399444
1771416036579,1.9696079618164477,-1.2947304324848872,1.4842602974034704
1771416036583,1.9506153208503783,-1.2135640463710904,1.5271419172073204
1771416036588,1.953121673700572,-1.2209261305544048,1.5244748787724816
1771416036592,1.9487576981173147,-1.2721560703152919,1.476236938547281
1771416036596,1.9441290185669677,-1.2148781742024448,1.5177973061910128
1771416036601,1.9304147641988882,-1.178350971466068,1.5290487728918338
1771416036605,1.9396617653672021,-1.2215235826920126,1.5067076361904723
1771416036609,1.943922646256837,-1.2131716648981485,1.518897549579444
1771416036614,1.9341466821906161,-1.1782182845872047,1.5338595314087118
1771416036618,1.9674953381244558,-1.286184202530537,1.4888814938410486
1771416036622,1.9466906294302602,-1.2218705540468329,1.5154658544041393
1771416036627,1.9701255151884323,-1.2922858366434111,1.4870749348998271
1771416036630,1.9612285440989903,-1.24117478241389,1.51851985883902
1771416036634,1.966703641461817,-1.2591061638218135,1.510819274951537
1771416036639,1.9549735677272932,-1.2763485889935313,1.4808294736014012
1771416036644,1.9413633971461766,-1.2061426058464724,1.5212205146331759
1771416036648,1.951456924930593,-1.2444248691133282,1.503193558724838
1771416036653,1.9417173799883876,-1.2062546308622248,1.5215834348705317
1771416036657,1.9667897360215003,-1.2543188058716703,1.5149079836597963
1771416036661,1.950656548757407,-1.2128652164007654,1.5277496319931754
1771416036666,1.9667600142922599,-1.2552880521314174,1.5140663327592363
1771416036670,1.955393959168697,-1.2353177326357503,1.5157689913008185
1771416036675,1.965415234428769,-1.273461443916058,1.4970480936108639
1771416036679,1.9657678680234767,-1.2703354312337427,1.500163725433243
1771416036684,1.9425324326805933,-1.2290024548090783,1.504322178952781
1771416036688,1.9392527503662436,-1.2260091555057329,1.5025321229242188
1771416036692,1.9657851380086735,-1.2660705371916658,1.5037874197076482
1771416036697,1.9559419889228793,-1.2292096808271065,1.5214311106956213
1771416036702,1.9320012357417025,-1.2362017709035682,1.4847336315051085
1771416036705,1.9630843291371483,-1.2631086958332869,1.502749648415923
1771416036709,1.9362046336247822,-1.1518638640158507,1.5563091023458517
1771416036714,1.9379452570608013,-1.2451289735326367,1.4850204236420512
1771416036718,1.9503289965617014,-1.1756903789905278,1.5561283133400285
1771416036723,1.9769088218551492,-1.2915798246815868,1.4966596294429122
1771416036727,1.9571067929978303,-1.215664262768086,1.5337624977247222
1771416036731,1.958617118158766,-1.2347058968972613,1.5204217716514319
1771416036735,1.9530642444441746,-1.2255184271856554,1.5207118489558409
1771416036740,1.9384598976114966,-1.2389001130389565,1.490890098082362
1771416036744,1.929944716811393,-1.1474760948765224,1.551768417527285
1771416036748,1.9573111208119296,-1.2173727022437353,1.5326677811860723
1771416036753,1.9523063822013853,-1.2663008899655062,1.4859280823972703
1771416036756,1.954851343409081,-1.2414710700292566,1.5100309126334803
1771416036761,1.9730663227066056,-1.2988624355816993,1.4852431071153784
1771416036765,1.9577836352726405,-1.2803312085819467,1.4811038987432472
1771416036769,1.9506681888603787,-1.2489033792777942,1.4984481079638148
1771416036774,1.955686319725995,-1.267531628646502,1.4893194927698197
1771416036778,1.929705452685319,-1.1496392468365393,1.549868619030841
1771416036783,1.9549661912798626,-1.203746792938909,1.5404176276375778
1771416036787,1.9447501692994527,-1.2046487082902675,1.526720246346671
1771416036791,1.9396617653672021,-1.2215235826920126,1.5067076361904723
1771416036795,1.9443552424362902,-1.244698577959684,1.4937345007780416
1771416036800,1.9472020340140341,-1.217430649084447,1.519690223676593
1771416036805,1.9466906294302602,-1.2218705540468329,1.5154658544041393
1771416036810,1.953415030181239,-1.2218516267869364,1.5241092094256528
1771416036814,1.9559922722601506,-1.2284456567240802,1.5221126888693788
1771416036818,1.9657469265239966,-1.2663379185422323,1.503512306301703
1771416036823,1.9506881501457018,-1.2492023828867216,1.4982248381698244
1771416036827,1.9545140819528248,-1.2090001407327347,1.5357226169657467
1771416036831,1.954851343409081,-1.2414710700292566,1.5100309126334803
1771416036836,1.9369370815968021,-1.2204082977828041,1.5041040006487634
1771416036840,1.9663454733591454,-1.259878276499146,1.5097089948084508
1771416036844,1.9506681888603787,-1.2489033792777942,1.4984481079638148
1771416036849,1.9589456676990094,-1.2673542497954233,1.4937474132269475
1771416036853,1.9686568195759917,-1.2734553758791631,1.501306457358896
1771416036857,1.9545000310008978,-1.285501348855327,1.4722624267682867
1771416036862,1.9545930845936452,-1.2443227456179429,1.5073470174711348
1771416036866,1.976114734348538,-1.2645700205605965,1.518516416246056
1771416036870,1.9559419889228793,-1.2292096808271065,1.5214311106956213
1771416036874,1.929260678218915,-1.1915648109318782,1.5173068463137525
1771416036879,1.9493547144156986,-1.2276735624202741,1.5141999295829542
1771416036883,1.9742858331238728,-1.2857902318344787,1.4981815746406248
1771416036888,1.954851343409081,-1.2414710700292566,1.5100309126334803
1771416036892,1.9295774438272673,-1.1885292180478795,1.520087961130364
1771416036897,1.9650342694428382,-1.2784728907377432,1.492268993088521
1771416036901,1.9602383887498076,-1.2570811200916687,1.5040882946946692
1771416036905,1.9674953381244558,-1.286184202530537,1.4888814938410486
1771416036910,1.9288739630441287,-1.1956595061065338,1.513589478942901
1771416036915,1.9594077960356175,-1.2661149806933993,1.49540354648132
1771416036919,1.952521943243827,-1.2326066288016908,1.5142730392775212
1771416036923,1.9574779527379196,-1.2477627252970322,1.5082467029018691
1771416036927,1.9202516486807122,-1.1821675208818658,1.513223825755138
1771416036931,1.9441290185669677,-1.2148781742024448,1.5177973061910128
1771416036936,1.9559922722601506,-1.2284456567240802,1.5221126888693788
1771416036940,1.9667868486450508,-1.3298355372079722,1.4490645092548204
1771416036944,1.9453176694369128,-1.1975016959276554,1.5330526811802165
1771416036948,1.9642907610767932,-1.2472697595204674,1.517483555442168
1771416036952,1.9341583884596618,-1.2118173318567034,1.5074705389693612
1771416036957,1.9474499189890166,-1.2092510148562712,1.5265232294463802
1771416036962,1.9728094904580036,-1.2256629209955654,1.54587440943234
1771416036966,1.959788955919931,-1.2251669817527249,1.5296204164983715
1771416036970,1.9413633971461766,-1.2061426058464724,1.5212205146331759
1771416036974,1.9364316338554646,-1.2268430636089156,1.4982067847499672
1771416036979,1.9652308741377325,-1.2397458295293664,1.5248484078191835
1771416036983,1.952158461203755,-1.2358230024867243,1.5111797259671367
1771416036987,1.9824512502000184,-1.3055274501158287,1.4918817099266546
1771416036991,1.959840458443179,-1.2960769746705356,1.4700881260249814
1771416036996,1.95837983997875,-1.2772389034177685,1.484557975032087
1771416037001,1.969447357824781,-1.2603019383713085,1.513394171847022
1771416037005,1.9425324326805933,-1.2290024548090783,1.504322178952781
1771416037010,1.9549978902609677,-1.240534238378519,1.5109902562013637
1771416037015,1.957431892789951,-1.252088021771861,1.5045980196207482
1771416037019,1.9508353176689188,-1.251427646690801,1.4965584792323738
1771416037023,1.9477301438874772,-1.2459197412368,1.497109452179218
1771416037027,1.9517563825052717,-1.2001226722058633,1.5391746321673583
1771416037032,1.9477483066286891,-1.2419463927880234,1.5004308126054138
1771416037036,1.9515994953774753,-1.277546095644271,1.4753360850537396
1771416037040,1.9506681888603787,-1.2489033792777942,1.4984481079638148
1771416037044,1.9451821285029953,-1.2388695987363976,1.4996451681561744
1771416037048,1.951456924930593,-1.2444248691133282,1.503193558724838
1771416037052,1.9414035887250403,-1.2059491011727301,1.52142520673714
1771416037056,1.9545930845936452,-1.2443227456179429,1.5073470174711348
1771416037061,1.9365298163820173,-1.2215790459771616,1.5026284850774316
1771416037065,1.9506881501457018,-1.2492023828867216,1.4982248381698244
1771416037069,1.9667600142922599,-1.2552880521314174,1.5140663327592363
1771416037073,1.923051246228624,-1.1493866231367158,1.54176408252879
1771416037078,1.9367006430437772,-1.2189853090498213,1.504953220896547
1771416037082,1.9580738493268572,-1.241653388881281,1.514050878041199
1771416037087,1.9604140388297753,-1.2545701940266434,1.5064119064521568
1771416037091,1.9657851380086735,-1.2660705371916658,1.5037874197076482
1771416037095,1.9535735749712178,-1.256439579067984,1.4959309131698868
1771416037100,1.9411643107853165,-1.1719229904242776,1.5474867967067283
1771416037104,1.9477483066286891,-1.2419463927880234,1.5004308126054138
1771416037114,1.9589456676990094,-1.2673542497954233,1.4937474132269475
1771416037127,1.9341583884596618,-1.2118173318567034,1.5074705389693612
1771416037133,1.9425324326805933,-1.2290024548090783,1.504322178952781
1771416037138,1.9604140388297753,-1.2545701940266434,1.5064119064521568
1771416037142,1.9396094842446927,-1.1859291396509193,1.5348149813898722
1771416037146,1.9588299813413637,-1.268758131752433,1.4924033298387815
1771416037151,1.958617118158766,-1.2347058968972613,1.5204217716514319
1771416037155,1.9407995195351113,-1.2484742021574164,1.4859390773430523
1771416037159,1.95626840463774,-1.2615884150206376,1.4951189725468688
1771416037163,1.9549978902609677,-1.240534238378519,1.5109902562013637
1771416037167,1.9738704604912796,-1.286223351294709,1.4972621966056123
1771416037172,1.948914447406527,-1.2325687532037906,1.5096495593135322
1771416037176,1.9502707092821974,-1.2173516729369744,1.523683282011598
1771416037181,1.9528160422404752,-1.3038608229183155,1.453766641965115
1771416037186,1.946708006714724,-1.221809458294311,1.515537433067813
1771416037190,1.947340350132472,-1.1783177396710351,1.5503876107704813
1771416037194,1.9602383887498076,-1.2570811200916687,1.5040882946946692
1771416037198,1.953121673700572,-1.2209261305544048,1.5244748787724816
1771416037202,1.9653965335896457,-1.2337773305281803,1.5298944515622483
1771416037206,1.9443552424362902,-1.244698577959684,1.4937345007780416
1771416037211,1.9612285440989903,-1.24117478241389,1.51851985883902
1771416037216,1.9502008548874439,-1.2179505364639913,1.5231151844594002
1771416037220,1.9633210570231243,-1.293013934288799,1.4774114317567058
1771416037224,1.9642907610767932,-1.2472697595204674,1.517483555442168
1771416037229,1.961364101040406,-1.2029336976814908,1.5491609522036032
1771416037233,1.960959628737051,-1.2076715971456615,1.5449569505278133
1771416037237,1.923114010337052,-1.1898055573654922,1.5108706868613373
1771416037241,1.9667897360215003,-1.2543188058716703,1.5149079836597963
1771416037245,1.9523063822013853,-1.2663008899655062,1.4859280823972703
1771416037249,1.9657678680234767,-1.2703354312337427,1.500163725433243
1771416037253,1.9603760347509296,-1.2514708995598762,1.5089382973404086
1771416037257,1.9506881501457018,-1.2492023828867216,1.4982248381698244
1771416037262,1.9556459835727231,-1.2322778170408792,1.518565966526673
1771416037267,1.9363712848395096,-1.1907899540431728,1.5269423820501125
1771416037270,1.9630843291371483,-1.2631086958332869,1.502749648415923
1771416037275,1.9580738493268572,-1.241653388881281,1.514050878041199
1771416037279,1.963365821737625,-1.221444046715398,1.5371661558566052
1771416037283,1.942067738574159,-1.273534560994137,1.4661980845588425
1771416037289,1.9492228577945658,-1.229052514413102,1.512910990826508
1771416037293,1.943984565486554,-1.1800000289105639,1.5448870258439658
1771416037298,1.9559419889228793,-1.2292096808271065,1.5214311106956213
1771416037302,1.943143629021407,-1.2620485892512348,1.4775115977126716
1771416037306,1.9456431714936,-1.1940919661422749,1.5361223021537542
1771416037310,1.9545930845936452,-1.2443227456179429,1.5073470174711348
1771416037315,1.9459010553934135,-1.2665876252531652,1.4772564790640617
1771416037319,1.9624954620131334,-1.2307997694624222,1.52856807696399
1771416037323,1.9549978902609677,-1.240534238378519,1.5109902562013637
1771416037328,1.94466804702677,-1.279917243267413,1.4640852651104914
1771416037332,1.9320327512650046,-1.2001483183061457,1.5140655752072147
1771416037337,1.95626840463774,-1.2615884150206376,1.4951189725468688
1771416037341,1.9539981515623195,-1.251571884296518,1.500558760844581
1771416037345,1.977027616935368,-1.254139880550357,1.5283230542454944
1771416037350,1.9545140819528248,-1.2090001407327347,1.5357226169657467
1771416037354,1.9616391044712107,-1.2729644214300861,1.4925111584051154
1771416037359,1.941695371046141,-1.239896569932209,1.4942681853711381
1771416037363,1.9466906294302602,-1.2218705540468329,1.5154658544041393
1771416037368,1.953121673700572,-1.2209261305544048,1.5244748787724816
1771416037373,1.9471795391600393,-1.252598657084536,1.4908067487080678
1771416037377,1.9439675874638704,-1.248750771626242,1.4898427740781797
1771416037381,1.9487576981173147,-1.2721560703152919,1.476236938547281
1771416037386,1.952049699488978,-1.2371984366003073,1.509913261663982
1771416037390,1.951950276176992,-1.2342963793558985,1.512158169166293
1771416037394,1.927033550950078,-1.1813260794260374,1.5224739736872923
1771416037398,1.9459010553934135,-1.2665876252531652,1.4772564790640617
1771416037402,1.9694976789006435,-1.2642511496594608,1.5101622885570127
1771416037407,1.9415410230280254,-1.2407965765343043,1.4933202602795763
1771416037411,1.9403319845336782,-1.1818506682795575,1.5388688079532853
1771416037416,1.95216871706496,-1.2360001970258703,1.5110480511350595
1771416037420,1.9427915238124294,-1.2268528266601162,1.5064099862632032
1771416037424,1.9506881501457018,-1.2492023828867216,1.4982248381698244
1771416037428,1.9487576981173147,-1.2721560703152919,1.476236938547281
1771416037432,1.9506681888603787,-1.2489033792777942,1.4984481079638148
1771416037437,1.951950276176992,-1.2342963793558985,1.512158169166293
1771416037441,1.952158461203755,-1.2358230024867243,1.5111797259671367
1771416037445,1.9447867981169629,-1.2462014229596907,1.4930431017031192
1771416037449,1.955686319725995,-1.267531628646502,1.4893194927698197
1771416037454,1.9260419009675154,-1.1561411609064585,1.5404463704850055
1771416037458,1.9576564490819919,-1.2500629177292517,1.5065727577354315
1771416037462,1.9559419889228793,-1.2292096808271065,1.5214311106956213
1771416037466,1.9399275101476212,-1.2226778808254553,1.5061133902756867
1771416037470,1.953121673700572,-1.2209261305544048,1.5244748787724816
1771416037475,1.9497359467606865,-1.2595332088399405,1.488303180780097
1771416037479,1.9657678680234767,-1.2703354312337427,1.500163725433243
1771416037483,1.9669689510453232,-1.2566646232184233,1.5131955852194512
1771416037488,1.9545140819528248,-1.2090001407327347,1.5357226169657467
1771416037492,1.9602383887498076,-1.2570811200916687,1.5040882946946692
1771416037496,1.947629282603206,-1.2110799110558779,1.5253016985142205
1771416037500,1.9396094842446927,-1.1859291396509193,1.5348149813898722
1771416037504,1.9677144284537056,-1.2834671305953527,1.49151339136671
1771416037508,1.9375712350954675,-1.1730097607051833,1.5421512222735305
1771416037513,1.9369370815968021,-1.2204082977828041,1.5041040006487634
1771416037517,1.9578348314763878,-1.2442971014135529,1.511569366835676
1771416037521,1.9363712848395096,-1.1907899540431728,1.5269423820501125
1771416037526,1.9663326587331253,-1.223011028097786,1.5397104110681585
1771416037530,1.9492439644291044,-1.1925450627174916,1.5418781749059896
1771416037534,1.9632153426856325,-1.259247392535704,1.5061575236834612
1771416037538,1.9421209898574725,-1.1935162968922013,1.5321073031278507
1771416037542,1.9365788627528873,-1.189097664224933,1.5285236133590068
1771416037546,1.9464434391867136,-1.1841674134472626,1.5447943548843714
1771416037550,1.9570897781863876,-1.2197742841511225,1.530474140782934
1771416037555,1.9658634735873386,-1.3040412250701061,1.4710865644490585
1771416037559,1.957742447441433,-1.2494032221319258,1.50723159436111
1771416037563,1.952158461203755,-1.2358230024867243,1.5111797259671367
1771416037568,1.956191178462543,-1.2627180226550274,1.494063961802456
1771416037572,1.9545676742560196,-1.2083538028570278,1.5362994110418533
1771416037577,1.9662130774585866,-1.3000632381810153,1.475069300981977
1771416037581,1.9556459835727231,-1.2322778170408792,1.518565966526673
1771416037585,1.9677132219905307,-1.285965213168227,1.489358517791318
1771416037590,1.9337339770038524,-1.1437901787894154,1.55918925109302
1771416037595,1.9417173799883876,-1.2062546308622248,1.5215834348705317
1771416037599,1.9657851380086735,-1.2660705371916658,1.5037874197076482
1771416037603,1.9477483066286891,-1.2419463927880234,1.5004308126054138
1771416037607,1.9477301438874772,-1.2459197412368,1.497109452179218
1771416037612,1.9493547144156986,-1.2276735624202741,1.5141999295829542
1771416037616,1.953415030181239,-1.2218516267869364,1.5241092094256528
1771416037620,1.968219784348957,-1.2419838730648076,1.5268808658666184
1771416037624,1.9362046336247822,-1.1518638640158507,1.5563091023458517
1771416037628,1.9677132219905307,-1.285965213168227,1.489358517791318
1771416037632,1.9525131744195758,-1.2286124847456408,1.5175042202936873
1771416037636,1.952521943243827,-1.2326066288016908,1.5142730392775212
1771416037640,1.9430797906992612,-1.1870414185533622,1.5383405811661819
1771416037644,1.9421209898574725,-1.1935162968922013,1.5321073031278507
1771416037649,1.9657851380086735,-1.2660705371916658,1.5037874197076482
1771416037653,1.9484976560888247,-1.2018417676623916,1.5336947158042182
1771416037658,1.9519374280106507,-1.2020149854393396,1.5379270781308516
1771416037662,1.9341583884596618,-1.2118173318567034,1.5074705389693612
1771416037666,1.9632153426856325,-1.259247392535704,1.5061575236834612
1771416037671,1.9765127959473043,-1.2601991047737153,1.5226624868535235
1771416037675,1.9571067929978303,-1.215664262768086,1.5337624977247222
1771416037679,1.9421943683154343,-1.2719952210587675,1.4677013054160053
1771416037683,1.9559419889228793,-1.2292096808271065,1.5214311106956213
1771416037687,1.9441290185669677,-1.2148781742024448,1.5177973061910128
1771416037692,1.9384598976114966,-1.2389001130389565,1.490890098082362
1771416037696,1.9557324148433777,-1.2273345162612586,1.522675035476333
1771416037700,1.9451363358144604,-1.235519038021104,1.5023475202472665
1771416037704,1.9336380896773762,-1.1818290643651217,1.5304366450373024
1771416037708,1.952049699488978,-1.2371984366003073,1.509913261663982
1771416037713,1.9589456676990094,-1.2673542497954233,1.4937474132269475
1771416037718,1.957742447441433,-1.2494032221319258,1.50723159436111
1771416037722,1.962098179170998,-1.236093738228012,1.523778702771385
1771416037726,1.946708006714724,-1.221809458294311,1.515537433067813
1771416037731,1.9744385461541174,-1.2474443027689681,1.5304542737463371
1771416037736,1.9422257901729418,-1.1962934747475251,1.5300728552227179
1771416037740,1.9257811464345416,-1.1585112782236369,1.538338273004794
1771416037744,1.9199848573593175,-1.1846337519380674,1.5109549054350417
1771416037748,1.9389004276593451,-1.1982963343847604,1.5242771281422671
1771416037752,1.9449201226840678,-1.201867023107538,1.529127183195706
1771416037757,1.9418204888413497,-1.2016982286569533,1.52531576341648
1771416037761,1.991918441211108,-1.3096271643522033,1.5008716690069466
1771416037766,1.9549978902609677,-1.240534238378519,1.5109902562013637
1771416037770,1.9422257901729418,-1.1962934747475251,1.5300728552227179
1771416037774,1.9531512152055703,-1.2205343667998405,1.5248263930426667
1771416037779,1.9655738931914994,-1.272636583292922,1.497957561635344
1771416037784,1.9352071453572504,-1.2403766762422461,1.4854266715243791
1771416037788,1.946708006714724,-1.221809458294311,1.515537433067813
1771416037793,1.976792560683086,-1.2930223689067883,1.4952598374458768
1771416037797,1.9618164071806794,-1.2392982438272748,1.5208101388174466
1771416037801,1.9339122450048083,-1.2146012983027314,1.5049120431244003
1771416037805,1.9384598976114966,-1.2389001130389565,1.490890098082362
1771416037810,1.9667897360215003,-1.2543188058716703,1.5149079836597963
1771416037814,1.952521943243827,-1.2326066288016908,1.5142730392775212
1771416037818,1.9556459835727231,-1.2322778170408792,1.518565966526673
1771416037822,1.9728558847660196,-1.2661596312391192,1.5129441927170781
1771416037827,1.9604140388297753,-1.2545701940266434,1.5064119064521568
1771416037831,1.946904928605732,-1.2555135639697228,1.4879934447830525
1771416037836,1.951950276176992,-1.2342963793558985,1.512158169166293
1771416037840,1.9557324148433777,-1.2273345162612586,1.522675035476333
1771416037844,1.9481108055217944,-1.2424653671593695,1.5004717664788991
1771416037848,1.958518882423828,-1.2397400068824744,1.5161929059805426
1771416037853,1.9506881501457018,-1.2492023828867216,1.4982248381698244
1771416037857,1.9657678680234767,-1.2703354312337427,1.500163725433243
1771416037861,1.9154103961746096,-1.1238821804531025,1.5510273467072573
1771416037865,1.942309376271017,-1.1960447914043393,1.530373343372413
1771416037869,1.9584762572806558,-1.2364694797822584,1.5188062667434044
1771416037873,1.9523063822013853,-1.2663008899655062,1.4859280823972703
1771416037878,1.964147241313711,-1.2481794178526961,1.516549546308714
1771416037882,1.9533122668384921,-1.2549989903110277,1.4967986992578628
1771416037887,1.9602383887498076,-1.2570811200916687,1.5040882946946692
1771416037891,1.948914447406527,-1.2325687532037906,1.5096495593135322
1771416037896,1.9683023256369303,-1.2816933319798829,1.4938126548754547
1771416037900,1.9451821285029953,-1.2388695987363976,1.4996451681561744
1771416037904,1.960687832141827,-1.2869621084204432,1.47919752115768
1771416037908,1.940255242267295,-1.1789595031954896,1.5409882851503978
1771416037912,1.9663326587331253,-1.223011028097786,1.5397104110681585
1771416037916,1.9624954620131334,-1.2307997694624222,1.52856807696399
1771416037920,1.9506681888603787,-1.2489033792777942,1.4984481079638148
1771416037925,1.9557324148433777,-1.2273345162612586,1.522675035476333
1771416037929,1.9559419889228793,-1.2292096808271065,1.5214311106956213
1771416037934,1.9451363358144604,-1.235519038021104,1.5023475202472665
1771416037938,1.9584762572806558,-1.2364694797822584,1.5188062667434044
1771416037943,1.9638539418287615,-1.251448714396437,1.5134723056838106
1771416037948,1.953121673700572,-1.2209261305544048,1.5244748787724816
1771416037952,1.9612285440989903,-1.24117478241389,1.51851985883902
1771416037956,1.965710803109702,-1.2342823908854854,1.5298908265010935
1771416037961,1.953415030181239,-1.2218516267869364,1.5241092094256528
1771416037965,1.9181013668970825,-1.1719023101589379,1.5184722022930155
1771416037970,1.960250889322216,-1.2167019346516847,1.5369515123462372
1771416037974,1.9681490747316017,-1.2429238895754575,1.5260245689665275
1771416037978,1.942475408248625,-1.1940251631006567,1.5321601161540241
1771416037981,1.9472487058720953,-1.2122007175408687,1.523924848184435
1771416037986,1.965415234428769,-1.273461443916058,1.4970480936108639
1771416037990,1.971284557758956,-1.2440113487069688,1.5291823213558253
1771416037994,1.957431892789951,-1.252088021771861,1.5045980196207482
1771416037999,1.9531147731956902,-1.1843594056777131,1.5530454325157348
1771416038003,1.9531512152055703,-1.2205343667998405,1.5248263930426667
1771416038007,1.9379452570608013,-1.2451289735326367,1.4850204236420512
1771416038011,1.9415062654550554,-1.2449716091818446,1.4897960501801597
1771416038015,1.951950276176992,-1.2342963793558985,1.512158169166293
1771416038019,1.9620704706947918,-1.3113093969867775,1.4595164258570903
1771416038023,1.9712563600877677,-1.2799239903666904,1.499215200053109
1771416038027,1.9484861395593618,-1.2731627788513196,1.4750100930510714
1771416038032,1.9456431714936,-1.1940919661422749,1.5361223021537542
1771416038036,1.9549978902609677,-1.240534238378519,1.5109902562013637
1771416038040,1.9464224000381734,-1.2603789855361227,1.4832413735428556
1771416038044,1.9493547144156986,-1.2276735624202741,1.5141999295829542
1771416038048,1.9313391783633729,-1.1722242489002965,1.534914112310993
1771416038053,1.961301519640311,-1.2444153304237193,1.5159598069704283
1771416038056,1.949235121512377,-1.1926161908785768,1.541811979520086
1771416038061,1.9630212715926907,-1.2969824733303843,1.4735294284808782
1771416038065,1.9630915353721186,-1.2639968309054195,1.502012113037281
1771416038069,1.9557324148433777,-1.2273345162612586,1.522675035476333
1771416038074,1.9341583884596618,-1.2118173318567034,1.5074705389693612
1771416038078,1.9472020340140341,-1.217430649084447,1.519690223676593
1771416038083,1.957742447441433,-1.2494032221319258,1.50723159436111
1771416038087,1.9533253138845508,-1.258500960262777,1.4938725229683578
1771416038092,1.9466906294302602,-1.2218705540468329,1.5154658544041393
1771416038096,1.9403319845336782,-1.1818506682795575,1.5388688079532853
1771416038100,1.9425324326805933,-1.2290024548090783,1.504322178952781
1771416038105,1.9341583884596618,-1.2118173318567034,1.5074705389693612
1771416038110,1.9496052043136367,-1.2289893017069904,1.5134549048374655
1771416038114,1.9341808388177943,-1.1721759338420188,1.5385249745686607
1771416038118,1.9682967873415242,-1.2409995936711704,1.527780171218018
1771416038122,1.9466590256357577,-1.186486932580767,1.5432854955918687
1771416038126,1.9449201226840678,-1.201867023107538,1.529127183195706
1771416038130,1.9571067929978303,-1.215664262768086,1.5337624977247222
1771416038134,1.929755733908946,-1.149830390939248,1.5497894258985478
1771416038138,1.9534551416939436,-1.2212020646720658,1.5246811167753043
1771416038143,1.9470201575859352,-1.2545416930071533,1.4889636108893678
1771416038147,1.9584762572806558,-1.2364694797822584,1.5188062667434044
1771416038151,1.9427915238124294,-1.2268528266601162,1.5064099862632032
1771416038155,1.949935406607256,-1.2614235116761652,1.4869629498179087
1771416038160,1.9559922722601506,-1.2284456567240802,1.5221126888693788
1771416038164,1.9427915238124294,-1.2268528266601162,1.5064099862632032
1771416038168,1.9674953381244558,-1.286184202530537,1.4888814938410486
1771416038172,1.953121673700572,-1.2209261305544048,1.5244748787724816
1771416038177,1.9477100139072334,-1.2460755394707363,1.4969535891961478
1771416038182,1.9545140819528248,-1.2090001407327347,1.5357226169657467
1771416038186,1.9584762572806558,-1.2364694797822584,1.5188062667434044
1771416038190,1.951950276176992,-1.2342963793558985,1.512158169166293
1771416038194,1.9687370020939392,-1.2726060508915609,1.5021315597004203
1771416038199,1.9616366768855817,-1.2003428318611225,1.5515139503408693
1771416038203,1.98759720029431,-1.2832482071263587,1.5178328859017272
1771416038207,1.9799501771927484,-1.2572409223444843,1.529558095447174
1771416038212,1.9419339354551697,-1.1631499493998345,1.555052926714575
1771416038216,1.9466906294302602,-1.2218705540468329,1.5154658544041393
1771416038220,1.9403140541101205,-1.2189634899062258,1.5096180440273248
1771416038225,1.9395874465029188,-1.186779222735643,1.534129896428166
1771416038230,1.9363712848395096,-1.1907899540431728,1.5269423820501125
1771416038234,1.9466906294302602,-1.2218705540468329,1.5154658544041393
1771416038239,1.9648803106847261,-1.279911930253616,1.49083201136512
1771416038243,1.9441290185669677,-1.2148781742024448,1.5177973061910128
1771416038248,1.965710803109702,-1.2342823908854854,1.5298908265010935
1771416038252,1.9737033399773365,-1.2916713145343186,1.4923438241393565
1771416038256,1.969447357824781,-1.2603019383713085,1.513394171847022
1771416038261,1.9288739630441287,-1.1956595061065338,1.513589478942901
1771416038265,1.946708006714724,-1.221809458294311,1.515537433067813
1771416038269,1.9450675145216716,-1.2040975259268871,1.5275590934900891
1771416038274,1.95626840463774,-1.2615884150206376,1.4951189725468688
1771416038279,1.9367006430437772,-1.2189853090498213,1.504953220896547
1771416038283,1.9513758582067706,-1.2802701618141445,1.4726764929069096
1771416038287,1.9427915238124294,-1.2268528266601162,1.5064099862632032
1771416038291,1.9721133791520835,-1.2698761163874828,1.508855801347264
1771416038296,1.9805756136179105,-1.2507406538540444,1.5356847261253594
1771416038300,1.9618164071806794,-1.2392982438272748,1.5208101388174466
1771416038305,1.962753659690273,-1.267715890225692,1.4984319638531611
1771416038309,1.9677132219905307,-1.285965213168227,1.489358517791318
1771416038314,1.9495151230908514,-1.2299649372392392,1.5125460218856193
1771416038318,1.9497328199479227,-1.227829334417885,1.514560396526006
1771416038322,1.9359234838954151,-1.2317401445609608,1.493524673975862
1771416038326,1.9364316338554646,-1.2268430636089156,1.4982067847499672
1771416038330,1.9533253138845508,-1.258500960262777,1.4938725229683578
1771416038334,1.9684186251816247,-1.276257724191632,1.4986120596749226
1771416038338,1.9493547144156986,-1.2276735624202741,1.5141999295829542
1771416038342,1.957742447441433,-1.2494032221319258,1.50723159436111
1771416038346,1.9630843291371483,-1.2631086958332869,1.502749648415923
1771416038350,1.9447867981169629,-1.2462014229596907,1.4930431017031192
1771416038355,1.960687832141827,-1.2869621084204432,1.47919752115768
1771416038359,1.9451821285029953,-1.2388695987363976,1.4996451681561744
1771416038363,1.9714452390275479,-1.2780828444006287,1.5010331686319207
1771416038367,1.965415234428769,-1.273461443916058,1.4970480936108639
1771416038372,1.9427915238124294,-1.2268528266601162,1.5064099862632032
1771416038376,1.952521943243827,-1.2326066288016908,1.5142730392775212
1771416038380,1.9574779527379196,-1.2477627252970322,1.5082467029018691
1771416038385,1.9677144284537056,-1.2834671305953527,1.49151339136671
1771416038389,1.9444190083933652,-1.2480940930758677,1.4909816950689116
1771416038393,1.9413633971461766,-1.2061426058464724,1.5212205146331759
1771416038397,1.960365819743828,-1.2903202849369173,1.475841356481178
1771416038401,1.9545797831570573,-1.2837248255929214,1.473917467459665
1771416038405,1.9582812481566663,-1.278131205265139,1.4836596877348638
1771416038409,1.9594077960356175,-1.2661149806933993,1.49540354648132
1771416038413,1.9519374280106507,-1.2020149854393396,1.5379270781308516
1771416038418,1.949935406607256,-1.2614235116761652,1.4869629498179087
1771416038422,1.9160677198508882,-1.15706391869059,1.5272585226866333
1771416038427,1.964147241313711,-1.2481794178526961,1.516549546308714
1771416038431,1.964147241313711,-1.2481794178526961,1.516549546308714
1771416038435,1.969447357824781,-1.2603019383713085,1.513394171847022
1771416038439,1.9769190093935234,-1.2922249189441368,1.4961161480851974
1771416038444,1.9651695273250829,-1.2724602676889563,1.4975767553885309
1771416038449,1.9422257901729418,-1.1962934747475251,1.5300728552227179
1771416038453,1.9816461275653674,-1.2376338605501092,1.547638136682684
1771416038457,1.9674474845383851,-1.2514959754438455,1.5180933528160503
1771416038461,1.9456834251254198,-1.1971493328399616,1.5337918586589967
1771416038465,1.9523063822013853,-1.2663008899655062,1.4859280823972703
1771416038469,1.9463060123177085,-1.2638326153736834,1.4801466866164903
1771416038473,1.9431015882619787,-1.2233056372365543,1.5096910611815557
1771416038478,1.9619920439567995,-1.2727437962019978,1.493163088808154
1771416038482,1.943984565486554,-1.1800000289105639,1.5448870258439658
1771416038487,1.964147241313711,-1.2481794178526961,1.516549546308714
1771416038491,1.9472020340140341,-1.217430649084447,1.519690223676593
1771416038496,1.9358815466928532,-1.232111492422628,1.493163967240704
1771416038500,1.958518882423828,-1.2397400068824744,1.5161929059805426
1771416038505,1.9642907610767932,-1.2472697595204674,1.517483555442168
1771416038509,1.9418204888413497,-1.2016982286569533,1.52531576341648
1771416038513,1.9474499189890166,-1.2092510148562712,1.5265232294463802
1771416038517,1.943922646256837,-1.2131716648981485,1.518897549579444
1771416038521,1.9341583884596618,-1.2118173318567034,1.5074705389693612
1771416038526,1.9466590256357577,-1.186486932580767,1.5432854955918687
1771416038530,1.9724183786752638,-1.2667665316714893,1.5118653428043591
1771416038534,1.9653965335896457,-1.2337773305281803,1.5298944515622483
1771416038539,1.9396094842446927,-1.1859291396509193,1.5348149813898722
1771416038543,1.9667897360215003,-1.2543188058716703,1.5149079836597963
1771416038547,1.9728558847660196,-1.2661596312391192,1.5129441927170781
1771416038551,1.9427915238124294,-1.2268528266601162,1.5064099862632032
1771416038556,1.9493303255955623,-1.268296713277813,1.480308131902003
1771416038561,1.964147241313711,-1.2481794178526961,1.516549546308714
1771416038565,1.9653965335896457,-1.2337773305281803,1.5298944515622483
1771416038569,1.9467736442736912,-1.220892549476973,1.5163604468167473
1771416038574,1.929755733908946,-1.149830390939248,1.5497894258985478
1771416038578,1.9577802132767415,-1.280036262087637,1.4813542895737783
1771416038582,1.9544153706420573,-1.2507852083203728,1.5017575715304026
1771416038587,1.9571067929978303,-1.215664262768086,1.5337624977247222
1771416038591,1.9791844806323964,-1.2660493187066952,1.5212791758840458
1771416038595,1.9701255151884323,-1.2922858366434111,1.4870749348998271
1771416038599,1.9260419009675154,-1.1561411609064585,1.5404463704850055
1771416038603,1.9700018609386678,-1.2585345705879787,1.5155850575724037
1771416038607,1.9481108055217944,-1.2424653671593695,1.5004717664788991
1771416038611,1.9389004276593451,-1.1982963343847604,1.5242771281422671
1771416038616,1.9493547144156986,-1.2276735624202741,1.5141999295829542
1771416038620,1.9701255151884323,-1.2922858366434111,1.4870749348998271
1771416038624,1.964147241313711,-1.2481794178526961,1.516549546308714
1771416038629,1.9417173799883876,-1.2062546308622248,1.5215834348705317
1771416038633,1.9474112673468849,-1.2887396087727614,1.4599865975308919
1771416038637,1.9594077960356175,-1.2661149806933993,1.49540354648132
1771416038641,1.9268183671896584,-1.1423369424825676,1.5516750078476487
1771416038646,1.9324327454743004,-1.1553613458740468,1.5490114512944873
1771416038651,1.953121673700572,-1.2209261305544048,1.5244748787724816
1771416038654,1.9487576981173147,-1.2721560703152919,1.476236938547281
1771416038658,1.9531512152055703,-1.2205343667998405,1.5248263930426667
1771416038662,1.9728558847660196,-1.2661596312391192,1.5129441927170781
1771416038667,1.9533122668384921,-1.2549989903110277,1.4967986992578628
1771416038671,1.9451363358144604,-1.235519038021104,1.5023475202472665
1771416038675,1.9447867981169629,-1.2462014229596907,1.4930431017031192
1771416038680,1.9681490747316017,-1.2429238895754575,1.5260245689665275
1771416038684,1.9557324148433777,-1.2273345162612586,1.522675035476333
1771416038692,1.934534988650653,-1.2077722833896916,1.5111954651166848
1771416038703,1.990100685374418,-1.329901272550595,1.4804942901598899
1771416038709,1.9497359467606865,-1.2595332088399405,1.488303180780097
1771416038715,1.9477301438874772,-1.2459197412368,1.497109452179218
1771416038720,1.9497328199479227,-1.227829334417885,1.514560396526006
1771416038725,1.9818829649103558,-1.2753237066758465,1.5170397258451875
1771416038729,1.9425324326805933,-1.2290024548090783,1.504322178952781
1771416038734,1.93342823787,-1.1840595271024583,1.5284462003194605
1771416038739,1.9734047363265785,-1.294969499086516,1.489087052455897
1771416038743,1.952521943243827,-1.2326066288016908,1.5142730392775212
1771416038748,1.9689343944167295,-1.3052047880854079,1.4741584415103075
1771416038752,1.9374030408255656,-1.2152849175332123,1.508844959502613
1771416038756,1.9653965335896457,-1.2337773305281803,1.5298944515622483
1771416038761,1.956191178462543,-1.2627180226550274,1.494063961802456
1771416038765,1.969447357824781,-1.2603019383713085,1.513394171847022
1771416038770,1.9559419889228793,-1.2292096808271065,1.5214311106956213
1771416038774,1.9549978902609677,-1.240534238378519,1.5109902562013637
1771416038779,1.9878012282202902,-1.3557477459687606,1.4537199772358909
1771416038784,1.9441290185669677,-1.2148781742024448,1.5177973061910128
1771416038788,1.9214174581198544,-1.168271385798228,1.525446497748397
1771416038792,1.943922646256837,-1.2131716648981485,1.518897549579444
1771416038796,1.952010536610777,-1.2012947730736308,1.5385824655264557
1771416038801,1.9367006430437772,-1.2189853090498213,1.504953220896547
1771416038805,1.9662130774585866,-1.3000632381810153,1.475069300981977
1771416038810,1.9584762572806558,-1.2364694797822584,1.5188062667434044
1771416038814,1.9584762572806558,-1.2364694797822584,1.5188062667434044
1771416038818,1.9474499189890166,-1.2092510148562712,1.5265232294463802
1771416038822,1.952010536610777,-1.2012947730736308,1.5385824655264557
1771416038826,1.957742447441433,-1.2494032221319258,1.50723159436111
1771416038831,1.9358317709177721,-1.2289010514698802,1.4957429093901335
1771416038835,1.95626840463774,-1.2615884150206376,1.4951189725468688
1771416038839,1.9427915238124294,-1.2268528266601162,1.5064099862632032
1771416038843,1.9812560297389648,-1.2830101209662856,1.5097219892665943
1771416038848,1.9821008404489635,-1.3047218422561875,1.4921208583918757
1771416038852,1.938202404172544,-1.1280929421996628,1.5760821277140153
1771416038857,1.9556459835727231,-1.2322778170408792,1.518565966526673
1771416038862,1.9766962021262977,-1.2625308352642324,1.5209680356626594
1771416038866,1.9219844327405744,-1.2038580759843514,1.498248942126896
1771416038870,1.95626840463774,-1.2615884150206376,1.4951189725468688
1771416038874,1.9619920439567995,-1.2727437962019978,1.493163088808154
1771416038878,1.9667897360215003,-1.2543188058716703,1.5149079836597963
1771416038882,1.9313391783633729,-1.1722242489002965,1.534914112310993
1771416038886,1.9667897360215003,-1.2543188058716703,1.5149079836597963
1771416038891,1.9477483066286891,-1.2419463927880234,1.5004308126054138
1771416038895,1.9533122668384921,-1.2549989903110277,1.4967986992578628
1771416038900,1.963365821737625,-1.221444046715398,1.5371661558566052
1771416038904,1.9748945858233773,-1.2783789956138196,1.5053091937166565
1771416038909,1.968891076240535,-1.2301343080347158,1.5373033709374226
1771416038914,1.939632264347181,-1.1929811351102269,1.5293689326541478
1771416038918,1.9702278104219473,-1.3302488070649643,1.4533532730421397
1771416038922,1.9584789713606015,-1.2362936753651916,1.5189528727099157
1771416038927,1.9740345588045478,-1.2528960815376462,1.5254716805703992
1771416038932,1.9506681888603787,-1.2489033792777942,1.4984481079638148
1771416038936,1.927440173338033,-1.2120426201520789,1.4986588366710518
1771416038940,1.9577877708017208,-1.2837148966300462,1.478177600855486
1771416038944,1.957431892789951,-1.252088021771861,1.5045980196207482
1771416038949,1.9362046336247822,-1.1518638640158507,1.5563091023458517
1771416038953,1.9495151230908514,-1.2299649372392392,1.5125460218856193
1771416038957,1.9451363358144604,-1.235519038021104,1.5023475202472665
1771416038962,1.9418204888413497,-1.2016982286569533,1.52531576341648
1771416038967,1.9386368207889328,-1.1645368939739005,1.549892430297097
1771416038971,1.9630915353721186,-1.2639968309054195,1.502012113037281
1771416038976,1.9772672104027547,-1.2473411697719627,1.5341856561465441
1771416038980,1.9403140541101205,-1.2189634899062258,1.5096180440273248
1771416038984,1.947598456747936,-1.208316278043555,1.5274526247782325
1771416038989,1.9392497768525843,-1.194759990305913,1.5274941121284273
1771416038993,1.9596545002540176,-1.2228833764709979,1.5312746350399444
1771416038997,1.9677144284537056,-1.2834671305953527,1.49151339136671
1771416039001,1.9550437667369804,-1.2435261518401028,1.5085883598738479
1771416039005,1.9413633971461766,-1.2061426058464724,1.5212205146331759
1771416039010,1.9421209898574725,-1.1935162968922013,1.5321073031278507
1771416039014,1.952049699488978,-1.2371984366003073,1.509913261663982
1771416039018,1.9653965335896457,-1.2337773305281803,1.5298944515622483
1771416039023,1.9578675237884455,-1.2074756719759054,1.5411838768595507
1771416039027,1.9657678680234767,-1.2703354312337427,1.500163725433243
1771416039031,1.9367006430437772,-1.2189853090498213,1.504953220896547
1771416039035,1.9364095607517553,-1.1868762508186497,1.53003488594655
1771416039040,1.954851343409081,-1.2414710700292566,1.5100309126334803
1771416039044,1.9663326587331253,-1.223011028097786,1.5397104110681585
1771416039048,1.9602383887498076,-1.2570811200916687,1.5040882946946692
1771416039052,1.9441290185669677,-1.2148781742024448,1.5177973061910128
1771416039057,1.9577802132767415,-1.280036262087637,1.4813542895737783
1771416039061,1.963365821737625,-1.221444046715398,1.5371661558566052
1771416039065,1.9602383887498076,-1.2570811200916687,1.5040882946946692
1771416039069,1.9657678680234767,-1.2703354312337427,1.500163725433243
1771416039073,1.9367006430437772,-1.2189853090498213,1.504953220896547
1771416039077,1.9724183786752638,-1.2667665316714893,1.5118653428043591
1771416039081,1.9624954620131334,-1.2307997694624222,1.52856807696399
1771416039085,1.9413633971461766,-1.2061426058464724,1.5212205146331759
1771416039089,1.9594077960356175,-1.2661149806933993,1.49540354648132
1771416039094,1.9466906294302602,-1.2218705540468329,1.5154658544041393
1771416039098,1.9544153706420573,-1.2507852083203728,1.5017575715304026
1771416039102,1.9414035887250403,-1.2059491011727301,1.52142520673714
1771416039107,1.9557324148433777,-1.2273345162612586,1.522675035476333
1771416039112,1.9442038986818482,-1.2498488924005922,1.4892301856377714
1771416039117,1.9674953381244558,-1.286184202530537,1.4888814938410486
1771416039122,1.953121673700572,-1.2209261305544048,1.5244748787724816
1771416039126,1.9304147641988882,-1.178350971466068,1.5290487728918338
1771416039130,1.9602942692961003,-1.2563764149556194,1.5047497885623369
1771416039135,1.9612285440989903,-1.24117478241389,1.51851985883902
1771416039139,1.943922646256837,-1.2131716648981485,1.518897549579444
1771416039144,1.951456924930593,-1.2444248691133282,1.503193558724838
1771416039148,1.9639277228077403,-1.2860963271423629,1.4842399865667684
1771416039153,1.9630915353721186,-1.2639968309054195,1.502012113037281
1771416039157,1.9687370020939392,-1.2726060508915609,1.5021315597004203
1771416039161,1.9418204888413497,-1.2016982286569533,1.52531576341648
1771416039165,1.971284557758956,-1.2440113487069688,1.5291823213558253
1771416039170,1.9794386837145155,-1.2989599353135066,1.4936132662224797
1771416039174,1.9304147641988882,-1.178350971466068,1.5290487728918338
1771416039179,1.958518882423828,-1.2397400068824744,1.5161929059805426
1771416039183,1.9757304050125017,-1.3045937575822646,1.4837606818379612
1771416039188,1.9339122450048083,-1.2146012983027314,1.5049120431244003
1771416039192,1.947340350132472,-1.1783177396710351,1.5503876107704813
1771416039196,1.955686319725995,-1.267531628646502,1.4893194927698197
1771416039200,1.965415234428769,-1.273461443916058,1.4970480936108639
1771416039204,1.9584789713606015,-1.2362936753651916,1.5189528727099157
1771416039209,1.9602383887498076,-1.2570811200916687,1.5040882946946692
1771416039213,1.9689343944167295,-1.3052047880854079,1.4741584415103075
1771416039218,1.9257217110439138,-1.1591955661819398,1.537748271899543
1771416039222,1.9396094842446927,-1.1859291396509193,1.5348149813898722
1771416039227,1.955686319725995,-1.267531628646502,1.4893194927698197
1771416039231,1.9677144284537056,-1.2834671305953527,1.49151339136671
1771416039236,1.9617893961577508,-1.275163752393372,1.4908303188019243
1771416039240,1.957742447441433,-1.2494032221319258,1.50723159436111
1771416039244,1.9710922022215434,-1.2819249615593533,1.49728850345871
1771416039248,1.9711145354838735,-1.2493297297274628,1.5246205227580112
1771416039253,1.9441290185669677,-1.2148781742024448,1.5177973061910128
1771416039257,1.9492439644291044,-1.1925450627174916,1.5418781749059896
1771416039262,1.9440240767482033,-1.2518001604289608,1.4873553608088192
1771416039266,1.9414035887250403,-1.2059491011727301,1.52142520673714
1771416039270,1.9602561002144037,-1.2199556301999936,1.53437682424205
1771416039274,1.9472020340140341,-1.217430649084447,1.519690223676593
1771416039279,1.9615264965221852,-1.241758874157813,1.5184271780394736
1771416039283,1.9481024380364056,-1.2060065005085343,1.5299187657567137
1771416039287,1.9648803106847261,-1.279911930253616,1.49083201136512
1771416039291,1.9657469265239966,-1.2663379185422323,1.503512306301703
1771416039295,1.947629282603206,-1.2110799110558779,1.5253016985142205
1771416039299,1.951950276176992,-1.2342963793558985,1.512158169166293
1771416039304,1.9582812481566663,-1.278131205265139,1.4836596877348638
1771416039308,1.949935406607256,-1.2614235116761652,1.4869629498179087
1771416039312,1.9466906294302602,-1.2218705540468329,1.5154658544041393
1771416039317,1.9414035887250403,-1.2059491011727301,1.52142520673714
1771416039321,1.9403140541101205,-1.2189634899062258,1.5096180440273248
1771416039326,1.937541250428833,-1.249773023826957,1.4805855213488175
1771416039330,1.960245537865576,-1.2199765608825899,1.5343466882093468
1771416039334,1.955236053037548,-1.2012029135470577,1.5427441730837648
1771416039339,1.9502008548874439,-1.2179505364639913,1.5231151844594002
1771416039343,1.9452677232551483,-1.2347409773130296,1.5031570889572163
1771416039347,1.949565231082095,-1.261434378453937,1.4864682637374778
1771416039351,1.9484976560888247,-1.2018417676623916,1.5336947158042182
1771416039355,1.9420132211286534,-1.162448005799604,1.5556766967628626
1771416039360,1.9559419889228793,-1.2292096808271065,1.5214311106956213
1771416039364,1.9439675874638704,-1.248750771626242,1.4898427740781797
1771416039369,1.950417270923006,-1.2553839997297938,1.4926950605991742
1771416039374,1.9773514178676956,-1.2865206819804593,1.5015935417348865
1771416039379,1.9428236608483305,-1.1897077875166886,1.5359554542610454
1771416039383,1.9574779527379196,-1.2477627252970322,1.5082467029018691
1771416039387,1.958617118158766,-1.2347058968972613,1.5204217716514319
1771416039391,1.9857152945889422,-1.3037785669862976,1.4977405247343767
1771416039396,1.9618164071806794,-1.2392982438272748,1.5208101388174466
1771416039400,1.946135782351559,-1.2287951061106088,1.5091411698538122
1771416039405,1.9607533576335956,-1.2149127015946293,1.539006451245562
1771416039409,1.9718635504754565,-1.2775632193001292,1.5020246610442731
1771416039413,1.949235121512377,-1.1926161908785768,1.541811979520086
1771416039418,1.9574779527379196,-1.2477627252970322,1.5082467029018691
1771416039423,1.9574779527379196,-1.2477627252970322,1.5082467029018691
1771416039427,1.9636609444643611,-1.253493778382515,1.511528250603009
1771416039431,1.9585910864955958,-1.275530109947399,1.4863048081458843
1771416039436,1.968224145079191,-1.2418625210974636,1.5269851878673102
1771416039440,1.952521943243827,-1.2326066288016908,1.5142730392775212
1771416039445,1.952158461203755,-1.2358230024867243,1.5111797259671367
1771416039449,1.974650261504619,-1.2809598864203242,1.5027925421169386
1771416039453,1.9677132219905307,-1.285965213168227,1.489358517791318
1771416039457,1.9696320698175638,-1.2627603422785527,1.5115842048732755
1771416039461,1.9559959585326603,-1.2284658164846793,1.5221011554836725
1771416039465,1.9722943074117645,-1.3041388967316276,1.4795832430385474
1771416039469,1.9734047363265785,-1.294969499086516,1.489087052455897
1771416039473,1.995506319720408,-1.3090994553643616,1.5060890040129828
1771416039477,1.9417173799883876,-1.2062546308622248,1.5215834348705317
1771416039482,1.9718635504754565,-1.2775632193001292,1.5020246610442731
1771416039486,1.9694976789006435,-1.2642511496594608,1.5101622885570127
1771416039491,1.9657469265239966,-1.2663379185422323,1.503512306301703
1771416039495,1.9938901280899017,-1.3278508255633148,1.487417233981504
1771416039500,1.9777380974341041,-1.3182304256821942,1.4743529180111563
1771416039504,1.9882356728253254,-1.3463563365104214,1.4630125446603017
1771416039508,2.1537516221525594,-1.589520331915576,1.453296653939511
1771416039513,2.0049194279386815,-1.3115194525392997,1.5164493523151328
1771416039517,2.1823452555398526,-1.6399890141517486,1.4398148658209085
1771416039522,2.001613718968589,-1.3515513877502519,1.4764031719803479
1771416039526,1.9722608208342038,-1.30381582712343,1.4798233118653232
1771416039530,2.009426324915884,-1.3717038200376026,1.4684082488733181
1771416039534,1.9687370020939392,-1.2726060508915609,1.5021315597004203
1771416039539,2.0161791216997775,-1.4094329255019318,1.4416924357466656
1771416039543,2.0480600972512915,-1.4579209917084308,1.4384076417653222
1771416039547,1.995783390405186,-1.3414988012028883,1.4776780122166102
1771416039551,2.338846728567668,-1.8340432163744544,1.4513750377495578
1771416039556,2.2003540776388344,-1.6625656682503545,1.4413304498750787
1771416039560,2.3667942737541225,-1.8626744880319583,1.4601913867401721
1771416039564,2.3482766043908563,-1.8404118938405933,1.4585222218874594
1771416039568,2.2312766508762616,-1.6942772352499043,1.4519022497604748
1771416039573,2.40870638738662,-1.9181377553039267,1.4569193568330112
1771416039577,2.3072342017091176,-1.8150964306263924,1.4243435712859587
1771416039581,2.2901725230561567,-1.778579887456905,1.4427556166222977
1771416039585,2.3417140676798716,-1.8377243399868124,1.4513421460806009
1771416039590,2.091102289169413,-1.5042164272204144,1.4525982665037884
1771416039594,2.3272456122772707,-1.8158728603448353,1.4555678943034136
1771416039598,2.1093231649801543,-1.5538516266546611,1.4264604223968356
1771416039602,1.9172968727628386,-1.1014843774628182,1.569318152737522
1771416039606,2.1117449243197295,-1.5348280236289882,1.4504377143722076
1771416039610,2.12572456947559,-1.568252694662678,1.435022101208003
1771416039615,1.9070832601457008,-1.1429469523991063,1.526642992034991
1771416039619,1.8977320983723711,-0.9823559871554919,1.6236883419217376
1771416039624,1.9427915238124294,-1.2268528266601162,1.5064099862632032
1771416039629,1.9286810515798294,-1.165835099106196,1.5364371514693085
1771416039633,1.929705452685319,-1.1496392468365393,1.549868619030841
1771416039637,1.9358317709177721,-1.2289010514698802,1.4957429093901335
1771416039641,1.9137983888076047,-1.1427853304275357,1.5351436289683813
1771416039645,1.9192593286049844,-1.1236982843742607,1.5559108381046771
1771416039649,1.9312924326298222,-1.204979974538046,1.5092758930346386
1771416039653,1.9397469051658824,-1.1889191940719286,1.5326738746608735
1771416039658,1.9267731717811207,-1.1837385497681687,1.5202690226694198
1771416039662,1.9279217262787853,-1.1705907432203626,1.531861447567818
1771416039667,1.9534551416939436,-1.2212020646720658,1.5246811167753043
1771416039671,1.9304147641988882,-1.178350971466068,1.5290487728918338
1771416039676,1.9257811464345416,-1.1585112782236369,1.538338273004794
1771416039680,1.9362046336247822,-1.1518638640158507,1.5563091023458517
1771416039685,1.9420132211286534,-1.162448005799604,1.5556766967628626
1771416039690,1.9367006430437772,-1.2189853090498213,1.504953220896547
1771416039694,1.9698918137431594,-1.2227788322300248,1.5444370124101827
1771416039698,1.965710803109702,-1.2342823908854854,1.5298908265010935
1771416039703,1.958518882423828,-1.2397400068824744,1.5161929059805426
1771416039707,1.9747082704384697,-1.2402973797738688,1.5365985692639987
1771416039711,1.9604140388297753,-1.2545701940266434,1.5064119064521568
1771416039715,1.9694976789006435,-1.2642511496594608,1.5101622885570127
1771416039720,1.955236053037548,-1.2012029135470577,1.5427441730837648
1771416039724,1.9612285440989903,-1.24117478241389,1.51851985883902
1771416039728,1.9545797831570573,-1.2837248255929214,1.473917467459665
1771416039732,1.96307265837208,-1.2605323144238625,1.504896191217602
1771416039736,1.974498949503991,-1.3141592571312737,1.4736456658534112
1771416039741,1.9099748847781979,-1.114265725091817,1.55126269676322
1771416039745,1.969447357824781,-1.2603019383713085,1.513394171847022
1771416039750,1.9573263525095446,-1.2848245936814005,1.4766015758151358
1771416039754,1.980299615433896,-1.2897466218372462,1.5027109563542311
1771416039758,1.9466906294302602,-1.2218705540468329,1.5154658544041393
1771416039762,1.93709306842809,-1.214629774228599,1.5089745085022264
1771416039767,1.929755733908946,-1.149830390939248,1.5497894258985478
1771416039771,1.9734047363265785,-1.294969499086516,1.489087052455897
1771416039776,1.9298883256692692,-1.1476123811233898,1.5515974904100738
1771416039780,1.9130609680039878,-1.0766218623089032,1.5813562637492111
1771416039785,2.1912652785990887,-1.651421579705334,1.4402952083782965
1771416039789,1.9286810515798294,-1.165835099106196,1.5364371514693085
1771416039793,1.915856407217363,-1.1184875558671006,1.555471427074847
1771416039797,2.4091380838190224,-1.91034932798887,1.4678255182274436
1771416039801,2.137870885540008,-1.5738438628221283,1.4468957870892916
1771416039805,2.107898648838415,-1.53850485615888,1.4409162089970253
1771416039810,1.9193565653949727,-1.1145832811410483,1.5625727933525657
1771416039814,2.343039943926951,-1.8272946641638177,1.4665709628775727
1771416039818,2.1289636596181127,-1.5680834717690684,1.4400001699788831
1771416039822,2.1889584924098244,-1.6398136440996451,1.4500174116601963
1771416039826,2.3336116793691315,-1.8207235489026479,1.4596949094106497
1771416039831,2.1614737975591773,-1.6080487329087052,1.4443504595926844
1771416039835,2.3877024862435228,-1.8892148967543407,1.4601336365877562
1771416039839,2.160068787592773,-1.6226798186121667,1.4257655394212958
1771416039843,2.529291804183831,-2.0334160151700686,1.504172975412528
1771416039847,2.1235482478375016,-1.5476827023749007,1.4540066759348964
1771416039851,1.9594077960356175,-1.2661149806933993,1.49540354648132
1771416039856,1.9162180870143664,-1.1511685055500942,1.5318951755360288
1771416039860,1.9657469265239966,-1.2663379185422323,1.503512306301703
1771416039864,2.108230485504254,-1.5338533727278252,1.446350445424959
1771416039869,2.000481629654832,-1.325728178559372,1.4981226742694012
1771416039874,1.919121279925175,-1.1587110834774295,1.5298415316915026
1771416039878,2.0171626278291814,-1.3950161594203396,1.457008916261961
1771416039882,1.9680401835101833,-1.2437933204811253,1.5251755111584149
1771416039886,1.9684186251816247,-1.276257724191632,1.4986120596749226
1771416039890,2.171516280115726,-1.6461800196672904,1.4161830028833988
1771416039894,2.09952802344058,-1.5179656919303361,1.4504475444960994
1771416039898,2.2664552610153708,-1.7449224415900262,1.4463972908643579
1771416039903,2.3302737078779114,-1.8180795989944976,1.4576563810950363
1771416039907,2.323070239456328,-1.8215559378135115,1.4417313559966778
1771416039911,2.114940449544983,-1.568861515301199,1.4183252979935033
1771416039915,2.319446445710797,-1.8221728799506591,1.4351020207960021
1771416039919,2.338846728567668,-1.8340432163744544,1.4513750377495578
1771416039923,2.372989566037039,-1.8654066221784165,1.4667438816826763
1771416039926,2.364403565342871,-1.8482367269138706,1.474593239199469
1771416039930,2.4672345554120514,-1.9455049183043602,1.5173190054411256
1771416039934,2.5229293660187007,-2.0285541927487745,1.5000468236028135
1771416039939,2.233329005958395,-1.7073938265150317,1.4396405002754924
1771416039943,2.22402582956575,-1.6964863930267433,1.438132403101583
1771416039947,2.352629819908008,-1.8336420187244902,1.4739823664780944
1771416039950,2.3475967235290036,-1.860182825789559,1.4321069202268677
1771416039954,2.3228567496004047,-1.8240392903822884,1.4382434238701858
1771416039958,2.108726095711224,-1.5301366740953404,1.4510022416667563
1771416039962,2.1165518070723515,-1.553875095383132,1.4371025502619146
1771416039966,2.3874898745979842,-1.8912000397704927,1.457213200214706
1771416039971,2.090769183178759,-1.5079063295574868,1.4482866700382364
1771416039975,1.9090454292606989,-1.0829289304445018,1.572170277860351
1771416039979,1.9197057746025643,-1.1882893430267287,1.5077263340180596
1771416039984,1.9139302645613288,-1.1048363973217497,1.5628389529177007
1771416039988,1.9451363358144604,-1.235519038021104,1.5023475202472665
1771416039992,1.9364095607517553,-1.1868762508186497,1.53003488594655
1771416039997,1.9500124416910258,-1.220928685364679,1.5204873126742862
1771416040001,1.9207457839078852,-1.1766070513317237,1.5181766080256878
1771416040006,1.9389776731534518,-1.2339198019488609,1.4956859093225616
1771416040010,1.921442702831634,-1.1362672227885395,1.549464055304722
1771416040014,1.946708006714724,-1.221809458294311,1.515537433067813
1771416040018,1.9427915238124294,-1.2268528266601162,1.5064099862632032
1771416040022,1.9382237850486015,-1.2019206436416965,1.5205585182149541
1771416040027,1.957742447441433,-1.2494032221319258,1.50723159436111
1771416040031,1.9574779527379196,-1.2477627252970322,1.5082467029018691
1771416040035,1.9612285440989903,-1.24117478241389,1.51851985883902
1771416040040,1.9456431714936,-1.1940919661422749,1.5361223021537542
1771416040044,1.9441290185669677,-1.2148781742024448,1.5177973061910128
1771416040049,1.9471795391600393,-1.252598657084536,1.4908067487080678
1771416040053,1.9696079618164477,-1.2947304324848872,1.4842602974034704
1771416040057,1.9584762572806558,-1.2364694797822584,1.5188062667434044
1771416040062,1.9363712848395096,-1.1907899540431728,1.5269423820501125
1771416040066,1.9769088218551492,-1.2915798246815868,1.4966596294429122
1771416040070,1.9760343974170875,-1.3012844192256163,1.487067853211871
1771416040075,1.9667600142922599,-1.2552880521314174,1.5140663327592363
1771416040079,1.9714452390275479,-1.2780828444006287,1.5010331686319207
1771416040083,1.9900944226875947,-1.330767308764158,1.479707464716209
1771416040088,1.9638539418287615,-1.251448714396437,1.5134723056838106
1771416040092,1.9639277228077403,-1.2860963271423629,1.4842399865667684
1771416040096,1.9677144284537056,-1.2834671305953527,1.49151339136671
1771416040100,1.9809426020876642,-1.2867621730857337,1.5061131108524108
1771416040105,1.9820892253173108,-1.3088052618824624,1.4885249354941141
1771416040110,1.9865124331287054,-1.3311639273378837,1.4745284824408484
1771416040114,1.9780645971290118,-1.3143490414232992,1.4782510435392273
1771416040129,1.973685311362028,-1.2928116654792634,1.4913321916618574
1771416040138,2.3464238709928638,-1.8294629757832557,1.4692754005302782
1771416040145,2.3677908634201916,-1.851832854122244,1.4755164022434994
1771416040150,2.4002356925919557,-1.900961364989734,1.4654273331723935
1771416040153,2.450983152687967,-1.9449864859859138,1.4914241462751008
1771416040157,2.4337721911815406,-1.9396534335763838,1.470031168439616
1771416040161,2.2430401179420194,-1.7119925001960137,1.4492448550779646
1771416040166,2.23298795182515,-1.7103242625476258,1.4356274272725489
1771416040169,2.278190106298069,-1.7631602869219112,1.4427113235349092
1771416040174,2.373159111508352,-1.8636433384342197,1.4692575252980218
1771416040177,2.3709669356534464,-1.8523645031325695,1.479942552093264
1771416040182,2.347614019370452,-1.8513983628783248,1.443473479450228
1771416040186,1.9179130829512079,-1.13562034639008,1.5455604234776075
1771416040191,1.926266771039986,-1.111513729907862,1.573226271532206
1771416040195,1.9067659239836823,-1.0340980325338303,1.6019979862580997
1771416040199,1.9212900656167764,-1.0611015051381967,1.6016925772541903
1771416040204,1.9269891284098508,-1.1403133267349075,1.5533745903292369
1771416040208,1.9267731717811207,-1.1837385497681687,1.5202690226694198
1771416040212,1.9235041170835785,-1.1487300938980112,1.5428179606844559
1771416040216,2.091667689481592,-1.4982210069966448,1.4595915652727036
1771416040221,1.91349775015603,-1.1419648337865864,1.535379418335078
1771416040225,1.908403438636101,-1.1683371167408336,1.5089705319335465
1771416040229,1.9104189782359708,-1.1041150655664091,1.5590479769376744
1771416040233,1.9364095607517553,-1.1868762508186497,1.53003488594655
1771416040238,1.9190431198946816,-1.1591672363958987,1.5293978599701936
1771416040242,1.9317158843766296,-1.199569188781981,1.5141202129546794
1771416040246,1.9524919578330275,-1.195710777854242,1.54353509228843
1771416040250,1.942309376271017,-1.1960447914043393,1.530373343372413
1771416040254,1.9321411887039823,-1.1989598799630479,1.5151451347397158
1771416040259,1.9098424320895513,-1.1518741490308761,1.5233791583857668
1771416040263,1.9313391783633729,-1.1722242489002965,1.534914112310993
1771416040267,1.91349775015603,-1.1419648337865864,1.535379418335078
1771416040272,1.9199848573593175,-1.1846337519380674,1.5109549054350417
1771416040276,1.9142498094779674,-1.2094358053477758,1.483784811160032
1771416040281,1.9163498101443914,-1.1134106727588093,1.559715765332652
1771416040285,1.9414035887250403,-1.2059491011727301,1.52142520673714
1771416040290,1.9445264354919363,-1.170075636174451,1.5530956390248247
1771416040294,1.9449201226840678,-1.201867023107538,1.529127183195706
1771416040299,1.9242141969453468,-1.173225546714768,1.525169529023531
1771416040303,1.9235041170835785,-1.1487300938980112,1.5428179606844559
1771416040307,1.952716969877091,-1.1936131373911985,1.5454420864895286
1771416040311,1.9604140388297753,-1.2545701940266434,1.5064119064521568
1771416040316,1.9414035887250403,-1.2059491011727301,1.52142520673714
1771416040320,1.9418204888413497,-1.2016982286569533,1.52531576341648
1771416040324,1.9242141969453468,-1.173225546714768,1.525169529023531
1771416040328,1.9279217262787853,-1.1705907432203626,1.531861447567818
1771416040332,1.9111508914621413,-1.1326790155108468,1.5393297170385285
1771416040336,1.9278412518485544,-1.2075108344911656,1.5028271613580353
1771416040340,1.9320012357417025,-1.2362017709035682,1.4847336315051085
1771416040345,1.9411643107853165,-1.1719229904242776,1.5474867967067283
1771416040350,1.9364316338554646,-1.2268430636089156,1.4982067847499672
1771416040354,1.9364095607517553,-1.1868762508186497,1.53003488594655
1771416040359,1.9133091761427514,-1.074647818022303,1.582998443060497
1771416040363,1.91349775015603,-1.1419648337865864,1.535379418335078
1771416040367,2.1235482478375016,-1.5476827023749007,1.4540066759348964
1771416040372,2.098629843408637,-1.5306625670806535,1.4357295446508802
1771416040376,1.9067659239836823,-1.0340980325338303,1.6019979862580997
1771416040381,2.431880652228375,-1.921067085860693,1.4911555111072121
1771416040385,2.368302004025255,-1.8422673126787235,1.4882558687623426
1771416040389,2.220158803252566,-1.7024838038298455,1.4250101786853755
1771416040394,2.2243743576718567,-1.689337891285957,1.4470586622986648
1771416040398,2.06410305775892,-1.4714548890284505,1.44752959990599
1771416040402,2.318267168808178,-1.804704154410767,1.4551307779805926
1771416040405,2.104716294899345,-1.538061217186141,1.4367318379581886
1771416040410,1.8802761294652686,-0.9117414540517043,1.6444348098968762
1771416040414,1.8662552312615914,-0.9613166706988902,1.5996183441207648
1771416040419,1.8901887128671186,-0.95366443917298,1.6319735009206306
1771416040423,1.8744133377988037,-0.9024505890245205,1.6428658786667123
1771416040427,1.8896486614819592,-1.0017439741955452,1.6022737200626724
1771416040432,1.8916029315837042,-1.0144216328473086,1.5965933739019038
1771416040436,1.8676293738213467,-0.8230325658901406,1.6765013788973175
1771416040440,1.8968005836794848,-1.0704295525404164,1.5658968763283738
1771416040445,1.9083592160942644,-1.0930875762482128,1.5642872013488198
1771416040449,1.91378850280646,-1.1429332987445138,1.5350211425564066
1771416040453,1.907057003736568,-1.1433547426875261,1.5263048017596739
1771416040458,1.9087033546267347,-1.0943896905116852,1.5637965664577629
1771416040462,1.9007276360952439,-1.0650055200574484,1.574334395502867
1771416040466,1.9139302645613288,-1.1048363973217497,1.5628389529177007
1771416040470,1.9123578795563838,-1.159431412620036,1.5207996116948794
1771416040474,1.9383943558130856,-1.2045117150144025,1.518724532968731
1771416040479,1.9481108055217944,-1.2424653671593695,1.5004717664788991
1771416040483,1.919121279925175,-1.1587110834774295,1.5298415316915026
1771416040488,1.9285661950253774,-1.1675486710692378,1.5349910974592391
1771416040492,1.929944716811393,-1.1474760948765224,1.551768417527285
1771416040496,1.9137983888076047,-1.1427853304275357,1.5351436289683813
1771416040500,1.9174896807848953,-1.176941542630235,1.5137949931043246
1771416040504,1.9472020340140341,-1.217430649084447,1.519690223676593
1771416040508,1.966703641461817,-1.2591061638218135,1.510819274951537
1771416040513,1.9324327454743004,-1.1553613458740468,1.5490114512944873
1771416040517,1.9467736442736912,-1.220892549476973,1.5163604468167473
1771416040521,1.948914447406527,-1.2325687532037906,1.5096495593135322
1771416040525,1.9317158843766296,-1.199569188781981,1.5141202129546794
1771416040530,1.9104189782359708,-1.1041150655664091,1.5590479769376744
1771416040534,1.9522771290866026,-1.1949092134292878,1.5438840501852553
1771416040539,1.944774568388039,-1.2041749005704747,1.5271250540427168
1771416040544,1.9066682565968733,-1.1522978888568576,1.5190765010525933
1771416040548,1.869895207806269,-1.0027751373101916,1.5782744096542196
1771416040552,1.9715542564425075,-1.2767963604931978,1.5022706946246047
1771416040556,2.127881844134456,-1.5735493007470485,1.4324188426279265
1771416040560,1.8858454223645829,-1.0837966609414196,1.5433074077401694
1771416040564,2.392693035049389,-1.9054321369981129,1.4471725298901514
1771416040569,2.1976573364067824,-1.6538966030454103,1.4471778725151259
1771416040573,2.0527059428392582,-1.4457776864633551,1.4571645648629659
1771416040578,1.8939157684290706,-1.0669207788183144,1.5647993448458493
1771416040582,1.8796827317626779,-0.9193662687825748,1.6395038383339058
1771416040586,1.9110142726543105,-1.0602887264485081,1.5898941369961346
1771416040590,1.879840286686904,-0.8767010346682226,1.6628874884557792
1771416040594,1.8781984946324493,-1.0622798725401037,1.5489322314535843
1771416040598,1.9154867489170146,-1.1228863281731525,1.5518427044254484
1771416040602,1.9194608533961983,-1.113260483652906,1.5636435217968832
1771416040607,1.9001454944456708,-1.0343156437737755,1.5939711569244357
1771416040611,1.9424078863165197,-1.2310757089390634,1.5024649731973097
1771416040615,1.935659573058959,-1.1954544191111278,1.5223884900387505
1771416040619,1.9557324148433777,-1.2273345162612586,1.522675035476333
1771416040623,1.9347251661003635,-1.1696177133085148,1.5411540718101613
1771416040627,1.9239019027986546,-1.1761222325828988,1.5225422902555126
1771416040632,1.934334492776685,-1.1696124017429173,1.5406676343828347
1771416040636,1.9269044942410827,-1.1452851134211077,1.5496073499123844
1771416040640,1.926399443270672,-1.1838208992431565,1.5197311912139855
1771416040644,1.9495151230908514,-1.2299649372392392,1.5125460218856193
1771416040648,1.944774568388039,-1.2041749005704747,1.5271250540427168
1771416040653,1.9394615190602205,-1.1549710721266535,1.558060591397519
1771416040657,1.9181821785016722,-1.1326628935865923,1.5480625437667137
1771416040661,1.9214174581198544,-1.168271385798228,1.525446497748397
1771416040665,1.9269891284098508,-1.1403133267349075,1.5533745903292369
1771416040670,1.886279408942865,-1.0418611472534203,1.5724424817606624
1771416040674,1.9375222034061392,-1.1411028721840661,1.5658469030480138
1771416040679,1.8860969437601485,-1.0393976752250242,1.5738532822338263
1771416040684,1.880490056238589,-0.9489354721223413,1.6235037176921279
1771416040688,1.912054367089658,-1.0844028254601934,1.574808691505283
1771416040692,1.920695246142157,-1.1403619812804227,1.545524111815558
1771416040696,1.9206104810522733,-1.1409869708464662,1.5449573949745186
1771416040700,1.9109109543285157,-1.0611458164582648,1.5891979837596828
1771416040705,1.8952288858836583,-1.0551562440747384,1.574337267067608
1771416040710,1.9110142726543105,-1.0602887264485081,1.5898941369961346
1771416040714,1.9361450432264693,-1.1158330929668365,1.5822686677838533
1771416040719,1.9304260819958978,-1.1038841965328394,1.5836617500890398
1771416040723,1.9082962389600977,-1.1692839715124466,1.5081012995131773
1771416040728,1.9218879647749354,-1.1634453415450612,1.5297216368947126
1771416040732,1.9095268750693035,-1.1512440728392792,1.5234598686425476
1771416040736,1.9352911092394578,-1.1208983967309853,1.577636986669366
1771416040740,1.9273596582013455,-1.2134486387216632,1.4974169937751307
1771416040745,1.9286810515798294,-1.165835099106196,1.5364371514693085
1771416040749,1.9179130829512079,-1.13562034639008,1.5455604234776075
1771416040754,1.9430797906992612,-1.1870414185533622,1.5383405811661819
1771416040758,1.968499681019721,-1.3099708854260093,1.4693424629782332
1771416040763,1.9181821785016722,-1.1326628935865923,1.5480625437667137
1771416040767,1.923051246228624,-1.1493866231367158,1.54176408252879
1771416040771,1.9274064140259133,-1.1395572305383552,1.5544467836358966
1771416040775,1.9226830750674473,-1.1579883156862014,1.5348528489353792
1771416040780,1.9042521063103024,-1.0610740304320094,1.5812330588278234
1771416040785,1.9190095782597796,-1.1187816544888014,1.559142511456883
1771416040789,1.909449548997234,-1.0009371084929297,1.62607579313129
1771416040794,1.9120199000747278,-1.0850593425085644,1.5743145560899365
1771416040798,1.92226101156503,-1.0847566347716695,1.5869437418830747
1771416040803,1.9154867489170146,-1.1228863281731525,1.5518427044254484
1771416040807,1.9073413900750018,-1.065398965940575,1.5820481097823775
1771416040811,1.9042723678508753,-1.0611143545518613,1.5812303998862296
1771416040816,1.919121279925175,-1.1587110834774295,1.5298415316915026
1771416040820,1.8857465627983057,-1.0092642079589311,1.5929299600543194
1771416040824,1.9094376090170275,-1.0780662607893716,1.5759838578095542
1771416040828,1.9122329726079343,-1.1636344241361298,1.5174287029361067
1771416040832,1.9337339770038524,-1.1437901787894154,1.55918925109302
1771416040837,1.9130797813021705,-1.1140729440895307,1.5552220821718181
1771416040841,1.9264991610494546,-1.1131681527737227,1.5723408285656741
1771416040846,1.9055732891986157,-1.124676448430444,1.5382823040174107
1771416040850,1.9199657197640114,-1.1545074155454147,1.534073333488196
1771416040854,1.9441890328223,-1.21436844063572,1.5182820178525727
1771416040859,1.9029441642492313,-1.0761477611346717,1.5694274396909973
1771416040863,1.9364040017525428,-1.1905486690353464,1.5271720023171675
1771416040867,1.9370443681378586,-1.2152994065225236,1.5083727114478696
1771416040872,1.9324327454743004,-1.1553613458740468,1.5490114512944873
1771416040876,1.9472487058720953,-1.2122007175408687,1.523924848184435
1771416040880,1.9080094730697787,-1.1329682569509556,1.5352143427109872
1771416040884,1.9066513068840067,-1.074549936769301,1.5750116315226317
1771416040889,1.9382237850486015,-1.2019206436416965,1.5205585182149541
1771416040893,1.9419339354551697,-1.1631499493998345,1.555052926714575
1771416040897,1.9163498101443914,-1.1134106727588093,1.559715765332652
1771416040902,1.925937517964014,-1.1568043375798882,1.5398178618452711
1771416040906,1.9052658273595158,-1.090240600467691,1.562502257917021
1771416040911,1.929705452685319,-1.1496392468365393,1.549868619030841
1771416040915,1.8923111635172682,-0.9665890072873349,1.6268212042395322
1771416040920,1.9256707032148346,-1.1602706281079722,1.536873360680654
1771416040924,1.8860068202834919,-0.9627239697642225,1.6217842902794637
1771416040928,1.9087033546267347,-1.0943896905116852,1.5637965664577629
1771416040933,1.9324327454743004,-1.1553613458740468,1.5490114512944873
1771416040937,1.931848405429408,-1.1617447300716461,1.5434984430542533
1771416040942,1.901204234318583,-1.0207535682811708,1.6039450406520066
1771416040947,1.9557729610834929,-1.2269724502693253,1.5230188710535997
1771416040951,1.9110661057254437,-1.1334898288173358,1.538627462519846
1771416040955,1.9154103961746096,-1.1238821804531025,1.5510273467072573
1771416040959,1.9139302645613288,-1.1048363973217497,1.5628389529177007
1771416040963,1.9413633971461766,-1.2061426058464724,1.5212205146331759
1771416040968,1.9037487710166614,-1.0282582006108558,1.6021686727757392
1771416040972,1.9618164071806794,-1.2392982438272748,1.5208101388174466
1771416040976,1.9120199000747278,-1.0850593425085644,1.5743145560899365
1771416040980,1.9221244751430175,-1.123464591991613,1.5596120698702416
1771416040984,1.923114010337052,-1.1898055573654922,1.5108706868613373
1771416040989,1.901204234318583,-1.0207535682811708,1.6039450406520066
1771416040993,1.9130797813021705,-1.1140729440895307,1.5552220821718181
1771416040997,1.93709306842809,-1.214629774228599,1.5089745085022264
1771416041002,1.9000486134754426,-1.0730422066602476,1.5680450109278299
1771416041007,1.8876671189911578,-1.0243677716892778,1.5855465368271981
1771416041011,1.920695246142157,-1.1403619812804227,1.545524111815558
1771416041015,1.8929504724066555,-1.0407084759210956,1.5811980771334662
1771416041020,1.945346140015812,-1.159925540428206,1.5617119917375142
1771416041025,1.8778928873918672,-1.0630099498177614,1.5480605747532634
1771416041029,1.929705452685319,-1.1496392468365393,1.549868619030841
1771416041033,1.9042521063103024,-1.0610740304320094,1.5812330588278234
1771416041038,1.8834228782947005,-0.9948075473715657,1.599262230585236
1771416041042,1.9234521600246979,-1.1488390611523793,1.5426720401544185
1771416041047,1.9042723678508753,-1.0611143545518613,1.5812303998862296
1771416041051,1.9135413204919378,-1.1093140270519968,1.5591865746650435
1771416041055,1.8961596104223666,-1.0441046308903432,1.5828034584086685
1771416041059,1.906113126227205,-1.0798781720723278,1.5707101525925706
1771416041063,1.9321574912721673,-1.2386801020138243,1.482870249197204
1771416041067,1.8994467223116778,-1.1175205151091254,1.5359185359942795
1771416041071,1.9291900795511485,-1.1921950878439882,1.5167218715239892
1771416041076,1.9066682565968733,-1.1522978888568576,1.5190765010525933
1771416041081,1.9375712350954675,-1.1730097607051833,1.5421512222735305
1771416041084,1.9123578795563838,-1.159431412620036,1.5207996116948794
1771416041089,1.9215369459936473,-1.1669872028873889,1.5265795436581946
1771416041093,1.9186748989937163,-1.1593424696470809,1.5288029323955246
1771416041097,1.9109092887796637,-1.0983997999814594,1.5636790557352522
1771416041101,1.9254373608724002,-1.1283010232678006,1.5602069835557422
1771416041106,1.9205177363709431,-1.062643862095518,1.5997426036916353
1771416041110,1.9066117817848114,-1.0323510665247515,1.6029409726767425
1771416041114,1.9290043609802554,-1.1210612349320503,1.5698023863574262
1771416041119,1.9106600603386292,-1.1423906750951862,1.5315238854254865
1771416041123,1.9246364580679705,-1.1312308645855411,1.5570941611647868
1771416041128,1.9109143450330415,-1.060091663342693,1.589905437239706
1771416041133,1.8860068202834919,-0.9627239697642225,1.6217842902794637
1771416041137,1.9290043609802554,-1.1210612349320503,1.5698023863574262
1771416041141,1.9267731717811207,-1.1837385497681687,1.5202690226694198
1771416041145,1.9290043609802554,-1.1210612349320503,1.5698023863574262
1771416041150,1.9183181914802923,-1.094296776981458,1.5755821932391252
1771416041154,1.9298883256692692,-1.1476123811233898,1.5515974904100738
1771416041158,1.9056927657481295,-1.0850774030485963,1.566611613265416
1771416041162,1.9337339770038524,-1.1437901787894154,1.55918925109302
1771416041167,1.9036601129305808,-1.0676085165593872,1.5761135368153958
1771416041172,1.9386830991659996,-1.1598529322169588,1.5534585075307312
1771416041176,1.9137696397781736,-1.0637768893227808,1.5908780480852165
1771416041181,1.9242141969453468,-1.173225546714768,1.525169529023531
1771416041186,1.9162180870143664,-1.1511685055500942,1.5318951755360288
1771416041190,1.9425324326805933,-1.2290024548090783,1.504322178952781
1771416041194,1.9274394493889855,-1.1397154596429053,1.5543717387137084
1771416041199,1.9320327512650046,-1.2001483183061457,1.5140655752072147
1771416041203,1.9120199000747278,-1.0850593425085644,1.5743145560899365
1771416041208,1.9375712350954675,-1.1730097607051833,1.5421512222735305
1771416041213,1.8896415721005362,-1.038641973672374,1.578596883797932
1771416041218,1.8931176837179164,-0.9956921427641762,1.6101216479642688
1771416041223,1.9194608533961983,-1.113260483652906,1.5636435217968832
1771416041228,1.9137983888076047,-1.1427853304275357,1.5351436289683813
1771416041233,1.9104791781474122,-1.1074156117290606,1.5567791600074696
1771416041237,1.881556216685256,-1.013479205365326,1.5852803212173552
1771416041242,1.9320443012970125,-1.159817851120378,1.5451918115226893
1771416041246,1.9274064140259133,-1.1395572305383552,1.5544467836358966
1771416041250,1.8881699013418378,-1.0182025910846308,1.5901097634571615
1771416041255,1.913161250807924,-1.1129122951049413,1.5561530114346702
1771416041259,1.9086465064516815,-1.124870700092751,1.5419459765708567
1771416041264,1.8955358966337417,-1.1261256210921795,1.5247614308300286
1771416041268,1.8887447098185657,-1.0906855869805419,1.5419991988391333
1771416041272,1.9314130984162985,-1.1298725817696942,1.5664432660326806
1771416041276,1.91706492670306,-1.1042737935516596,1.567072851551591
1771416041281,1.905351828792478,-1.0081927725544622,1.6167600084279012
1771416041285,1.9120199000747278,-1.0850593425085644,1.5743145560899365
1771416041290,1.901491850776935,-1.0565807201580015,1.5809201245988023
1771416041293,1.8983510607889553,-0.8881608890919396,1.677768453954826
1771416041298,1.9207457839078852,-1.1766070513317237,1.5181766080256878
1771416041303,1.9096936444811798,-1.0749398814514566,1.5784277199279475
1771416041307,1.9188514211510173,-1.0829418946902312,1.5840541749504689
1771416041311,1.9121063102615654,-1.0850097097763545,1.5744537057129144
1771416041317,1.8933671825033047,-1.0354838916181448,1.5851222028537246
1771416041321,1.8981452365909983,-1.0957233481199942,1.5499502197095902
1771416041326,1.923001882219982,-1.115448148097408,1.5664327843631387
1771416041330,1.9149801465491745,-1.0534840376180747,1.599162388302519
1771416041334,1.905407913190687,-1.1258299652984516,1.537233295529919
1771416041339,1.9337339770038524,-1.1437901787894154,1.55918925109302
1771416041343,1.9181821785016722,-1.1326628935865923,1.5480625437667137
1771416041348,1.904050802813053,-1.0243109279737836,1.6050534516104185
1771416041352,1.9053434694545877,-1.085223545428455,1.5660854360605425
1771416041357,1.9274064140259133,-1.1395572305383552,1.5544467836358966
1771416041361,1.8896486614819592,-1.0017439741955452,1.6022737200626724
1771416041365,1.901491850776935,-1.0565807201580015,1.5809201245988023
1771416041369,1.9080320596827467,-1.0950429894395797,1.5625195013363558
1771416041373,1.9279217262787853,-1.1705907432203626,1.531861447567818
1771416041378,1.8857551521246407,-1.0471785839602235,1.5682759664866666
1771416041382,1.9206104810522733,-1.1409869708464662,1.5449573949745186
1771416041387,1.898762784638788,-1.0507927943813429,1.5814975863419753
1771416041391,1.8978533457581963,-1.0961717363083243,1.5492755876616573
1771416041396,1.8975219234299316,-0.9840013334490801,1.622445939212663
1771416041400,1.8744206838803217,-0.985436609605172,1.5944803506497773
1771416041405,1.8840123994352012,-1.068142041317336,1.5519585370737257
1771416041409,1.9122329726079343,-1.1636344241361298,1.5174287029361067
1771416041414,1.9089577861603257,-1.1215540021772281,1.5447447845978874
1771416041419,1.9172678568104018,-1.1794415573235968,1.51156662030373
1771416041423,1.9080320596827467,-1.0950429894395797,1.5625195013363558
1771416041427,1.8786709247430027,-1.0144526287379803,1.5812306307181536
1771416041432,1.8806637889782591,-1.0285403250029905,1.574484387670073
1771416041436,1.9096754694905211,-1.1545807273296977,1.5211192401822642
1771416041440,1.8908952326064057,-1.1025559001340117,1.5361820425240338
1771416041445,1.896642473668845,-1.0721398267404902,1.5645347119324478
1771416041449,1.9125209663509841,-1.0789222423167817,1.579133699775364
1771416041453,1.8969253062320464,-1.1117826242871771,1.5369661719623695
1771416041458,1.8809154829426482,-1.0677175302824033,1.5484903388465232
1771416041462,1.9148859194198873,-1.129739557416621,1.5461166245793505
1771416041467,1.90493127654695,-1.0941477719145094,1.5593600679706106
1771416041471,1.909339304135739,-1.0750873660782434,1.5778985181615746
1771416041476,1.8929504724066555,-1.0407084759210956,1.5811980771334662
1771416041481,1.9086465064516815,-1.124870700092751,1.5419459765708567
1771416041485,1.9008943860381549,-1.0964324943856072,1.5528152665809056
1771416041490,1.923051246228624,-1.1493866231367158,1.54176408252879
1771416041494,1.9122329726079343,-1.1636344241361298,1.5174287029361067
1771416041500,1.8906250199178842,-1.0263662324977265,1.5877768491598316
1771416041504,1.8971862559946648,-1.107520875837912,1.5403613860124767
1771416041508,1.9188514211510173,-1.0829418946902312,1.5840541749504689
1771416041513,1.8984887367404308,-1.0514760254708049,1.5807142851857816
1771416041518,1.9150710379262947,-1.1683747022042543,1.5173653599424286
1771416041522,1.9320443012970125,-1.159817851120378,1.5451918115226893
1771416041527,1.9354232421747373,-1.161348242678467,1.5482678662227052
1771416041531,1.9019647709561076,-1.1249537685371125,1.5336065364402525
1771416041535,1.9033409385002535,-1.1100974437544646,1.5460887405129204
1771416041539,1.9320443012970125,-1.159817851120378,1.5451918115226893
1771416041544,1.90493127654695,-1.0941477719145094,1.5593600679706106
1771416041548,1.9295774438272673,-1.1885292180478795,1.520087961130364
1771416041552,1.920695246142157,-1.1403619812804227,1.545524111815558
1771416041556,1.9200566269466153,-1.1106556025909942,1.56622526576315
1771416041560,1.9050063881097767,-1.0931833476422728,1.5601280419172945
1771416041566,1.8981115119405763,-1.0585660860294768,1.575520597538977
1771416041570,1.9086465064516815,-1.124870700092751,1.5419459765708567
1771416041574,1.9137397642800862,-1.1019488870517598,1.5646432614855657
1771416041579,1.9464434391867136,-1.1841674134472626,1.5447943548843714
1771416041583,1.912054367089658,-1.0844028254601934,1.574808691505283
1771416041597,1.9052106711659094,-1.1687276452102484,1.504627326897183
1771416041609,1.9268183671896584,-1.1423369424825676,1.5516750078476487
1771416041617,1.9119900993645915,-1.0894939848468312,1.5712125881149226
1771416041621,1.9257811464345416,-1.1585112782236369,1.538338273004794
1771416041626,1.9419339354551697,-1.1631499493998345,1.555052926714575
1771416041631,1.9338677162320659,-1.1796239098789918,1.5324267601182207
1771416041635,1.9285661950253774,-1.1675486710692378,1.5349910974592391
1771416041640,1.9447867981169629,-1.2462014229596907,1.4930431017031192
1771416041645,1.9618164071806794,-1.2392982438272748,1.5208101388174466
1771416041649,1.937106269455014,-1.1782503259786328,1.53756524040223
1771416041654,1.9042521063103024,-1.0610740304320094,1.5812330588278234
1771416041658,1.9576564490819919,-1.2500629177292517,1.5065727577354315
1771416041663,1.9569976012488466,-1.2571440848254776,1.4998094416565233
1771416041668,1.9552852376259746,-1.2006209225266953,1.5432594599966694
1771416041672,1.929944716811393,-1.1474760948765224,1.551768417527285
1771416041677,1.9219844327405744,-1.2038580759843514,1.498248942126896
1771416041681,1.935245233651324,-1.235508780552832,1.4895274980835436
1771416041685,1.9477301438874772,-1.2459197412368,1.497109452179218
1771416041690,1.9288739630441287,-1.1956595061065338,1.513589478942901
1771416041694,1.9418204888413497,-1.2016982286569533,1.52531576341648
1771416041699,1.9481024380364056,-1.2060065005085343,1.5299187657567137
1771416041703,1.9307748339041433,-1.1786643875923744,1.5292618221413445
1771416041707,1.9395127734248125,-1.1546737236487008,1.5583447597349092
1771416041712,1.9392497768525843,-1.194759990305913,1.5274941121284273
1771416041716,1.9257811464345416,-1.1585112782236369,1.538338273004794
1771416041721,1.912402304653019,-1.1227048331382208,1.5481655055226682
1771416041725,1.928545173448617,-1.1638295555922415,1.5377864778836892
1771416041729,1.9298883256692692,-1.1476123811233898,1.5515974904100738
1771416041733,1.9341036672524863,-1.1805789580645307,1.5319890076155191
1771416041737,1.912649149445203,-1.1196656628922697,1.5506693948786996
1771416041742,1.8918027793749828,-0.9727681481549479,1.6225411815994388
1771416041746,1.9253354372457359,-1.2000213636684474,1.5056112621302848
1771416041751,1.931790248846417,-1.1292069793917716,1.5673880065991994
1771416041755,1.934622321783576,-1.2068140139618475,1.5120725722162174
1771416041759,1.920619052616206,-1.1411986184851333,1.5448117226510145
1771416041764,1.9396094842446927,-1.1859291396509193,1.5348149813898722
1771416041769,1.9337339770038524,-1.1437901787894154,1.55918925109302
1771416041773,1.9313391783633729,-1.1722242489002965,1.534914112310993
1771416041778,1.9453176694369128,-1.1975016959276554,1.5330526811802165
1771416041783,1.90417579123808,-1.1023041938466558,1.5526786235938337
1771416041787,1.912054367089658,-1.0844028254601934,1.574808691505283
1771416041791,1.917905480158922,-1.1315573440052815,1.5485281424796056
1771416041796,1.9104791781474122,-1.1074156117290606,1.5567791600074696
1771416041801,1.9263279169332759,-1.1886376649094093,1.5158759003016047
1771416041805,1.95632362560829,-1.1838980195872297,1.5574298081552826
1771416041810,1.90493127654695,-1.0941477719145094,1.5593600679706106
1771416041814,1.9342676976299977,-1.1373678944303944,1.5645401237468546
1771416041818,1.9275888265355237,-1.0998693821085153,1.582999060797204
1771416041822,1.9080320596827467,-1.0950429894395797,1.5625195013363558
1771416041826,1.923871284157941,-1.1024773970896922,1.576649709641892
1771416041830,1.9313605861866567,-1.130137842703798,1.5661871441063715
1771416041835,1.9313605861866567,-1.130137842703798,1.5661871441063715
1771416041839,1.8874692330043297,-0.9488711369072558,1.6316199530167204
1771416041843,1.9286810515798294,-1.165835099106196,1.5364371514693085
1771416041847,1.90338632439501,-1.0746505370137163,1.5709887724583131
1771416041852,1.9382237850486015,-1.2019206436416965,1.5205585182149541
1771416041856,1.9110176153298766,-1.1341592221930763,1.538073855448913
1771416041861,1.886279408942865,-1.0418611472534203,1.5724424817606624
1771416041865,1.9046519695982478,-1.1345040358482248,1.5299018654601917
1771416041869,1.8956539405292567,-1.00354569336404,1.6082288094592097
1771416041874,1.9269891284098508,-1.1403133267349075,1.5533745903292369
1771416041879,1.9221244751430175,-1.123464591991613,1.5596120698702416
1771416041883,1.9035773296967469,-1.106207323997554,1.5491649384328217
1771416041887,1.9099748847781979,-1.114265725091817,1.55126269676322
1771416041891,1.917905480158922,-1.1315573440052815,1.5485281424796056
1771416041895,1.913161250807924,-1.1129122951049413,1.5561530114346702
1771416041900,1.9025746859662749,-1.0846188995524466,1.5631353998976893
1771416041904,1.9288310555802288,-1.196871003896949,1.5125769537453126
1771416041908,1.9059719821268148,-1.115126652314205,1.5457107575322537
1771416041912,1.9174896807848953,-1.176941542630235,1.5137949931043246
1771416041917,1.925937517964014,-1.1568043375798882,1.5398178618452711
1771416041921,1.910492842815173,-1.107813658511897,1.5565127048830947
1771416041926,1.9121707806191262,-1.1616274564231268,1.5188873383952788
1771416041931,1.928545173448617,-1.1638295555922415,1.5377864778836892
1771416041935,1.9237291412578204,-1.1042366430922466,1.5752445032365348
1771416041939,1.9053434694545877,-1.085223545428455,1.5660854360605425
1771416041943,1.9181821785016722,-1.1326628935865923,1.5480625437667137
1771416041948,1.907057003736568,-1.1433547426875261,1.5263048017596739
1771416041952,1.9239019027986546,-1.1761222325828988,1.5225422902555126
1771416041957,1.9214174581198544,-1.168271385798228,1.525446497748397
1771416041961,1.8886467603015762,-1.0503797459508184,1.569614275704045
1771416041966,1.9332484674479433,-1.2221877161295385,1.4979008056049252
1771416041970,1.907124255552037,-1.1426886230590196,1.5268875652275098
1771416041974,1.923871284157941,-1.1024773970896922,1.576649709641892
1771416041979,1.9459010553934135,-1.2665876252531652,1.4772564790640617
1771416041983,1.9027160898813824,-1.002028819880587,1.6174877937166066
1771416041987,1.9024846951615784,-1.0817329990452933,1.565024515495051
1771416041992,1.922822086160348,-1.1925509537413166,1.5083325222764075
1771416041996,1.9130797813021705,-1.1140729440895307,1.5552220821718181
1771416042001,1.8906483071115627,-0.9833175890462187,1.614818113676011
1771416042005,1.9137696397781736,-1.0637768893227808,1.5908780480852165
1771416042009,1.8936055177584503,-1.1077428856836176,1.5357889034963694
1771416042013,1.9185748654814176,-1.1608860584791536,1.5275055069248604
1771416042018,1.912402304653019,-1.1227048331382208,1.5481655055226682
1771416042023,1.9110661057254437,-1.1334898288173358,1.538627462519846
1771416042027,1.9221244751430175,-1.123464591991613,1.5596120698702416
1771416042032,1.925360855862425,-1.1273530977417814,1.5607976865370152
1771416042036,1.9008943860381549,-1.0964324943856072,1.5528152665809056
1771416042040,1.923998464403093,-1.1751951298779773,1.5233799584268346
1771416042045,1.9130797813021705,-1.1140729440895307,1.5552220821718181
1771416042049,1.9245570987631557,-1.1317667315162592,1.5566065950755377
1771416042053,1.942309376271017,-1.1960447914043393,1.530373343372413
1771416042058,1.9383943558130856,-1.2045117150144025,1.518724532968731
1771416042062,1.929944716811393,-1.1474760948765224,1.551768417527285
1771416042066,1.9080320596827467,-1.0950429894395797,1.5625195013363558
1771416042070,1.9230055028233357,-1.1503156503917757,1.541013974093868
1771416042075,1.920729101860246,-1.1030227040171692,1.5724316192303942
1771416042079,1.9375712350954675,-1.1730097607051833,1.5421512222735305
1771416042083,1.9111508914621413,-1.1326790155108468,1.5393297170385285
1771416042088,1.923051246228624,-1.1493866231367158,1.54176408252879
1771416042092,1.9033409385002535,-1.1100974437544646,1.5460887405129204
1771416042097,1.9267731717811207,-1.1837385497681687,1.5202690226694198
1771416042101,1.9267731717811207,-1.1837385497681687,1.5202690226694198
1771416042106,1.900666438380763,-1.1032318813885524,1.5477119647644033
1771416042111,1.9139302645613288,-1.1048363973217497,1.5628389529177007
1771416042116,1.895179167494658,-1.134069011956353,1.5184174501849241
1771416042120,1.9040500526419073,-1.1421448819504878,1.5234538626423697
1771416042125,1.9425324326805933,-1.2290024548090783,1.504322178952781
1771416042129,1.9317158843766296,-1.199569188781981,1.5141202129546794
1771416042133,1.91631084857437,-1.1504267804544237,1.5325682664002578
1771416042137,1.9099748847781979,-1.114265725091817,1.55126269676322
1771416042141,1.91631084857437,-1.1504267804544237,1.5325682664002578
1771416042146,1.9389004276593451,-1.1982963343847604,1.5242771281422671
1771416042150,1.9260419009675154,-1.1561411609064585,1.5404463704850055
1771416042154,1.9413633971461766,-1.2061426058464724,1.5212205146331759
1771416042159,1.9190431198946816,-1.1591672363958987,1.5293978599701936
1771416042163,1.9285661950253774,-1.1675486710692378,1.5349910974592391
1771416042168,1.920729101860246,-1.1030227040171692,1.5724316192303942
1771416042173,1.957742447441433,-1.2494032221319258,1.50723159436111
1771416042177,1.9110661057254437,-1.1334898288173358,1.538627462519846
1771416042181,1.9274394493889855,-1.1397154596429053,1.5543717387137084
1771416042185,1.942363783264886,-1.2308844029578507,1.502564691816687
1771416042190,1.9219250504221113,-1.0879133398643455,1.584373839845016
1771416042194,1.9235041170835785,-1.1487300938980112,1.5428179606844559
1771416042199,1.9086465064516815,-1.124870700092751,1.5419459765708567
1771416042203,1.952049699488978,-1.2371984366003073,1.509913261663982
1771416042207,1.9156196259216467,-1.1214513224302163,1.5530439409867671
1771416042211,1.9163043395064343,-1.1185684960915385,1.5559649228574228
1771416042216,1.929643868490041,-1.150836936608894,1.5489027743980148
1771416042220,1.9497359467606865,-1.2595332088399405,1.488303180780097
1771416042224,1.9130797813021705,-1.1140729440895307,1.5552220821718181
1771416042228,1.9467736442736912,-1.220892549476973,1.5163604468167473
1771416042233,1.9150710379262947,-1.1683747022042543,1.5173653599424286
1771416042237,1.9162180870143664,-1.1511685055500942,1.5318951755360288
1771416042241,1.9559419889228793,-1.2292096808271065,1.5214311106956213
1771416042246,1.9513758582067706,-1.2802701618141445,1.4726764929069096
1771416042251,1.9099748847781979,-1.114265725091817,1.55126269676322
1771416042256,1.959657168229089,-1.2269233275875622,1.528042985394428
1771416042260,1.9205069263450767,-1.1432301582710394,1.5431693553719203
1771416042264,1.9451821285029953,-1.2388695987363976,1.4996451681561744
1771416042268,1.9413633971461766,-1.2061426058464724,1.5212205146331759
1771416042273,1.9059719821268148,-1.115126652314205,1.5457107575322537
1771416042277,1.9288310555802288,-1.196871003896949,1.5125769537453126
1771416042282,1.9417173799883876,-1.2062546308622248,1.5215834348705317
1771416042286,1.9918406959529145,-1.3106152127494073,1.4999057044241202
1771416042291,1.9533122668384921,-1.2549989903110277,1.4967986992578628
1771416042295,1.9657678680234767,-1.2703354312337427,1.500163725433243
1771416042299,1.930959622926851,-1.1764357563867645,1.5312099713848877
1771416042303,1.9347251661003635,-1.1696177133085148,1.5411540718101613
1771416042308,1.8906250199178842,-1.0263662324977265,1.5877768491598316
1771416042313,1.9190431198946816,-1.1591672363958987,1.5293978599701936
1771416042317,1.952521943243827,-1.2326066288016908,1.5142730392775212
1771416042322,1.9471795391600393,-1.252598657084536,1.4908067487080678
1771416042326,1.9421209898574725,-1.1935162968922013,1.5321073031278507
1771416042330,1.9720081432251253,-1.2717784926627638,1.507114986504558
1771416042335,1.934622321783576,-1.2068140139618475,1.5120725722162174
1771416042339,1.9382237850486015,-1.2019206436416965,1.5205585182149541
1771416042343,1.96307265837208,-1.2605323144238625,1.504896191217602
1771416042348,1.9414035887250403,-1.2059491011727301,1.52142520673714
1771416042352,1.9234521600246979,-1.1488390611523793,1.5426720401544185
1771416042356,1.9256824036719802,-1.196742283466702,1.5086618662824347
1771416042361,1.9449201226840678,-1.201867023107538,1.529127183195706
1771416042366,1.9730338588344554,-1.2992243877411287,1.4848833618860002
1771416042370,1.9286810515798294,-1.165835099106196,1.5364371514693085
1771416042374,1.9179413471874047,-1.135961251794015,1.5453449600893685
1771416042379,1.9169702840802145,-1.0673430912955295,1.5923422356736887
1771416042384,1.9235041170835785,-1.1487300938980112,1.5428179606844559
1771416042388,1.9181013668970825,-1.1719023101589379,1.5184722022930155
1771416042393,1.9186694597111713,-1.126791803818485,1.5529432463795458
1771416042397,1.9845391930185,-1.2860437217871343,1.5114520681379262
1771416042401,1.8995589817203982,-1.1162070276364333,1.5370121003068502
1771416042406,1.9472020340140341,-1.217430649084447,1.519690223676593
1771416042410,1.9638539418287615,-1.251448714396437,1.5134723056838106
1771416042415,1.9377271575784907,-1.1715293793014583,1.5434718820408608
1771416042419,1.9367492511306132,-1.1458649735633748,1.5614067772734939
1771416042424,1.925937517964014,-1.1568043375798882,1.5398178618452711
1771416042428,1.9632153426856325,-1.259247392535704,1.5061575236834612
1771416042432,1.9249352422757922,-1.2043260332722447,1.501657248688296
1771416042437,1.9502008548874439,-1.2179505364639913,1.5231151844594002
1771416042441,1.9154103961746096,-1.1238821804531025,1.5510273467072573
1771416042445,1.917905480158922,-1.1315573440052815,1.5485281424796056
1771416042449,1.9683023256369303,-1.2816933319798829,1.4938126548754547
1771416042454,1.9456834251254198,-1.1971493328399616,1.5337918586589967
1771416042458,1.9193565653949727,-1.1145832811410483,1.5625727933525657
1771416042462,1.921442702831634,-1.1362672227885395,1.549464055304722
1771416042467,1.9498691596939064,-1.2260251089590377,1.5161966139414111
1771416042471,1.9667897360215003,-1.2543188058716703,1.5149079836597963
1771416042476,1.9603760347509296,-1.2514708995598762,1.5089382973404086
1771416042480,1.9414035887250403,-1.2059491011727301,1.52142520673714
1771416042484,1.946135782351559,-1.2287951061106088,1.5091411698538122
1771416042488,1.9264991610494546,-1.1131681527737227,1.5723408285656741
1771416042492,1.9295774438272673,-1.1885292180478795,1.520087961130364
1771416042497,1.93342823787,-1.1840595271024583,1.5284462003194605
1771416042502,1.9492228577945658,-1.229052514413102,1.512910990826508
1771416042506,1.9533253138845508,-1.258500960262777,1.4938725229683578
1771416042511,1.9718045460311073,-1.2732365007952773,1.5056168107428725
1771416042516,1.9274394493889855,-1.1397154596429053,1.5543717387137084
1771416042520,1.9338677162320659,-1.1796239098789918,1.5324267601182207
1771416042524,1.8939157684290706,-1.0669207788183144,1.5647993448458493
1771416042529,1.9143917542581785,-1.100522635243959,1.5664436530202412
1771416042533,1.9447501692994527,-1.2046487082902675,1.526720246346671
1771416042537,1.9304260819958978,-1.1038841965328394,1.5836617500890398
1771416042542,1.947340350132472,-1.1783177396710351,1.5503876107704813
1771416042546,1.929260678218915,-1.1915648109318782,1.5173068463137525
1771416042551,1.9709828912891094,-1.2507853048819133,1.5232562748421017
1771416042555,1.9356329364837361,-1.1222853223134517,1.577070233096942
1771416042560,1.9466906294302602,-1.2218705540468329,1.5154658544041393
1771416042565,1.9321350380203446,-1.195584116652625,1.5178024987309253
1771416042569,1.9506681888603787,-1.2489033792777942,1.4984481079638148
1771416042573,1.9458205770220638,-1.267797153325961,1.4761124943516557
1771416042578,1.9181013668970825,-1.1719023101589379,1.5184722022930155
1771416042582,1.9123578795563838,-1.159431412620036,1.5207996116948794
1771416042586,1.9331944266376095,-1.1868689434265882,1.525969463099498
1771416042590,1.939676359355441,-1.1891823666640533,1.5323803959388345
1771416042595,1.9086465064516815,-1.124870700092751,1.5419459765708567
1771416042600,1.9749865708483576,-1.2779460208645923,1.5057974375020398
1771416042604,1.9395874465029188,-1.186779222735643,1.534129896428166
1771416042609,1.9714452390275479,-1.2780828444006287,1.5010331686319207
1771416042614,1.9449201226840678,-1.201867023107538,1.529127183195706
1771416042618,1.9596545002540176,-1.2228833764709979,1.5312746350399444
1771416042622,1.9682967873415242,-1.2409995936711704,1.527780171218018
1771416042627,1.9080094730697787,-1.1329682569509556,1.5352143427109872
1771416042631,1.9290043609802554,-1.1210612349320503,1.5698023863574262
1771416042636,1.9383146500036337,-1.2406001318352806,1.4892867404596717
1771416042641,1.906704175771234,-1.1134932358585141,1.5477899171401772
1771416042645,1.9403319845336782,-1.1818506682795575,1.5388688079532853
1771416042650,1.9104791781474122,-1.1074156117290606,1.5567791600074696
1771416042654,1.9150710379262947,-1.1683747022042543,1.5173653599424286
1771416042658,1.9732144727878733,-1.2574390085041685,1.520665149042214
1771416042663,1.9207457839078852,-1.1766070513317237,1.5181766080256878
1771416042667,1.9269044942410827,-1.1452851134211077,1.5496073499123844
1771416042672,1.9380861889562835,-1.1711592889858995,1.5442033530740482
1771416042676,1.9336380896773762,-1.1818290643651217,1.5304366450373024
1771416042681,1.9389776731534518,-1.2339198019488609,1.4956859093225616
1771416042685,1.9403319845336782,-1.1818506682795575,1.5388688079532853
1771416042689,1.9267731717811207,-1.1837385497681687,1.5202690226694198
1771416042693,1.9511659778357175,-1.170459741653294,1.5611126372662916
1771416042698,1.9194608533961983,-1.113260483652906,1.5636435217968832
1771416042702,1.9242141969453468,-1.173225546714768,1.525169529023531
1771416042707,1.9453176694369128,-1.1975016959276554,1.5330526811802165
1771416042712,1.959788955919931,-1.2251669817527249,1.5296204164983715
1771416042716,1.958617118158766,-1.2347058968972613,1.5204217716514319
1771416042720,1.927033550950078,-1.1813260794260374,1.5224739736872923
1771416042724,1.93709306842809,-1.214629774228599,1.5089745085022264
1771416042728,1.9122329726079343,-1.1636344241361298,1.5174287029361067
1771416042732,1.9053434694545877,-1.085223545428455,1.5660854360605425
1771416042737,1.9506153208503783,-1.2135640463710904,1.5271419172073204
1771416042741,1.9506681888603787,-1.2489033792777942,1.4984481079638148
1771416042745,1.9360392192445124,-1.2307480148825194,1.4944922824543587
1771416042750,1.9169693848493978,-1.1053443483290875,1.5662009749922976
1771416042754,1.9242141969453468,-1.173225546714768,1.525169529023531
1771416042758,1.9392497768525843,-1.194759990305913,1.5274941121284273
1771416042762,1.9484976560888247,-1.2018417676623916,1.5336947158042182
1771416042767,1.9374030408255656,-1.2152849175332123,1.508844959502613
1771416042771,1.9414461830479042,-1.1686277344924885,1.5503298035728494
1771416042776,1.9453176694369128,-1.1975016959276554,1.5330526811802165
1771416042780,1.954851343409081,-1.2414710700292566,1.5100309126334803
1771416042785,1.9099748847781979,-1.114265725091817,1.55126269676322
1771416042789,1.940162868555977,-1.17955288292702,1.5404177851809921
1771416042794,1.9144024592884457,-1.1718723339661705,1.5138203357777729
1771416042799,1.9179130829512079,-1.13562034639008,1.5455604234776075
1771416042804,1.8958272960436313,-1.0815002722890856,1.5570864771947446
1771416042809,1.9363712848395096,-1.1907899540431728,1.5269423820501125
1771416042814,1.9206104810522733,-1.1409869708464662,1.5449573949745186
1771416042818,1.9311560080182266,-1.1738807029096443,1.533416976116168
1771416042823,1.9490584448307664,-1.2704015079981454,1.4781437108218416
1771416042827,1.9356329364837361,-1.1222853223134517,1.577070233096942
1771416042832,1.9184912683254778,-1.162218717273863,1.526386713732597
1771416042836,1.9336380896773762,-1.1818290643651217,1.5304366450373024
1771416042841,1.955686319725995,-1.267531628646502,1.4893194927698197
1771416042845,1.9134716361031565,-1.1461464833105366,1.5322277705896667
1771416042850,1.9567065940335326,-1.184235185777888,1.5576545573072096
1771416042854,1.9612285440989903,-1.24117478241389,1.51851985883902
1771416042858,1.9413330344692126,-1.2425691670850447,1.4915749447248767
1771416042863,1.8838997899996324,-1.0273834529549326,1.5791015354799254
1771416042867,1.923282803502591,-1.1469650981985255,1.5438548525568176
1771416042871,1.9342553038541515,-1.206789035633631,1.5116229040214915
1771416042876,1.917905480158922,-1.1315573440052815,1.5485281424796056
1771416042880,1.9415167333379895,-1.131242338958361,1.5779030376989056
1771416042885,1.9857152945889422,-1.3037785669862976,1.4977405247343767
1771416042890,1.9584789713606015,-1.2362936753651916,1.5189528727099157
1771416042894,1.9690899791275953,-1.2687547834830575,1.5058474840731957
1771416042898,1.9386830991659996,-1.1598529322169588,1.5534585075307312
1771416042903,1.9274394493889855,-1.1397154596429053,1.5543717387137084
1771416042908,1.9080094730697787,-1.1329682569509556,1.5352143427109872
1771416042912,1.8917497956970888,-0.9780130403960909,1.6193232482537796
1771416042916,1.9242927702105446,-1.1758154579586704,1.5232730137142239
1771416042921,1.9442887646453142,-1.2131007517753027,1.519422708257382
1771416042925,1.9549661912798626,-1.203746792938909,1.5404176276375778
1771416042930,1.95356787187094,-1.256446803000701,1.4959173978651599
1771416042934,1.9242141969453468,-1.173225546714768,1.525169529023531
1771416042939,1.925937517964014,-1.1568043375798882,1.5398178618452711
1771416042943,1.9162960729876026,-1.1502205240338046,1.532704598231214
1771416042948,1.9106600603386292,-1.1423906750951862,1.5315238854254865
1771416042953,1.9134716361031565,-1.1461464833105366,1.5322277705896667
1771416042958,1.92407589503231,-1.1749105884502329,1.5236972005591902
1771416042962,1.9324327454743004,-1.1553613458740468,1.5490114512944873
1771416042967,1.9331944266376095,-1.1868689434265882,1.525969463099498
1771416042971,1.9364040017525428,-1.1905486690353464,1.5271720023171675
1771416042975,1.9239019027986546,-1.1761222325828988,1.5225422902555126
1771416042980,1.9315887204188766,-1.2018028210833114,1.5121854926184246
1771416042984,1.9495151230908514,-1.2299649372392392,1.5125460218856193
1771416042988,1.9206104810522733,-1.1409869708464662,1.5449573949745186
1771416042993,1.9033293403492924,-1.075707277462111,1.5701963033485735
1771416042997,1.9584279820698922,-1.2002556182138813,1.5475227338880564
1771416043002,1.9431015882619787,-1.2233056372365543,1.5096910611815557
1771416043006,1.946135782351559,-1.2287951061106088,1.5091411698538122
1771416043011,1.9571067929978303,-1.215664262768086,1.5337624977247222
1771416043016,1.9214174581198544,-1.168271385798228,1.525446497748397
1771416043020,1.9583908295829429,-1.2795586375449104,1.4825735511193971
1771416043025,1.9422257901729418,-1.1962934747475251,1.5300728552227179
1771416043029,1.9545140819528248,-1.2090001407327347,1.5357226169657467
1771416043034,1.978792466343557,-1.2749306418048074,1.513331253706603
1771416043038,1.96307265837208,-1.2605323144238625,1.504896191217602
1771416043043,1.9467826528969152,-1.2209339226190823,1.5163387003629274
1771416043047,1.976114734348538,-1.2645700205605965,1.518516416246056
1771416043051,1.940255242267295,-1.1789595031954896,1.5409882851503978
1771416043055,1.912054367089658,-1.0844028254601934,1.574808691505283
1771416043060,1.9291900795511485,-1.1921950878439882,1.5167218715239892
1771416043064,1.923282803502591,-1.1469650981985255,1.5438548525568176
1771416043068,1.9674953381244558,-1.286184202530537,1.4888814938410486
1771416043072,1.9452677232551483,-1.2347409773130296,1.5031570889572163
1771416043077,1.9246364580679705,-1.1312308645855411,1.5570941611647868
1771416043082,1.9163498101443914,-1.1134106727588093,1.559715765332652
1771416043086,1.9123578795563838,-1.159431412620036,1.5207996116948794
1771416043111,1.9367492511306132,-1.1458649735633748,1.5614067772734939
1771416043118,1.9193565653949727,-1.1145832811410483,1.5625727933525657
1771416043123,1.9104189782359708,-1.1041150655664091,1.5590479769376744
1771416043127,1.9234731151012232,-1.111164911519207,1.5700513889442334
1771416043132,1.9281831632331248,-1.2078375587724643,1.5030032410458312
1771416043136,1.9214174581198544,-1.168271385798228,1.525446497748397
1771416043141,1.9236862900739644,-1.182721805152995,1.5171480067001286
1771416043146,1.9313605861866567,-1.130137842703798,1.5661871441063715
1771416043150,1.9577836352726405,-1.2803312085819467,1.4811038987432472
1771416043154,1.9240141834389806,-1.1429089356021682,1.5477692796392768
1771416043159,1.9670671789789813,-1.2192144736324673,1.5436545448711747
1771416043163,1.9245570987631557,-1.1317667315162592,1.5566065950755377
1771416043167,1.9531512152055703,-1.2205343667998405,1.5248263930426667
1771416043172,1.9414035887250403,-1.2059491011727301,1.52142520673714
1771416043176,1.931790248846417,-1.1292069793917716,1.5673880065991994
1771416043181,1.972371494692663,-1.2717436214387026,1.5076198043293751
1771416043185,1.9200566269466153,-1.1106556025909942,1.56622526576315
1771416043189,1.9502707092821974,-1.2173516729369744,1.523683282011598
1771416043194,1.9430797906992612,-1.1870414185533622,1.5383405811661819
1771416043198,1.928545173448617,-1.1638295555922415,1.5377864778836892
1771416043203,1.934534988650653,-1.2077722833896916,1.5111954651166848
1771416043207,1.9246364580679705,-1.1312308645855411,1.5570941611647868
1771416043211,1.9376550652006777,-1.1347437269017728,1.5706252977572077
1771416043215,1.9506681888603787,-1.2489033792777942,1.4984481079638148
1771416043220,1.9111508914621413,-1.1326790155108468,1.5393297170385285
1771416043224,1.9694976789006435,-1.2642511496594608,1.5101622885570127
1771416043228,1.9342553038541515,-1.206789035633631,1.5116229040214915
1771416043233,1.952049699488978,-1.2371984366003073,1.509913261663982
1771416043238,1.914269663259097,-1.1379726696978267,1.539300668061603
1771416043242,1.9286810515798294,-1.165835099106196,1.5364371514693085
1771416043247,1.939676359355441,-1.1891823666640533,1.5323803959388345
1771416043251,1.9399275101476212,-1.2226778808254553,1.5061133902756867
1771416043255,1.9408686957385712,-1.2124965026159111,1.515527474261726
1771416043260,1.9033293403492924,-1.075707277462111,1.5701963033485735
1771416043264,1.929260678218915,-1.1915648109318782,1.5173068463137525
1771416043268,1.9080094730697787,-1.1329682569509556,1.5352143427109872
1771416043273,1.9321350380203446,-1.195584116652625,1.5178024987309253
1771416043278,1.9235041170835785,-1.1487300938980112,1.5428179606844559
1771416043282,1.929755733908946,-1.149830390939248,1.5497894258985478
1771416043287,1.9598424190756272,-1.224737159295645,1.5300330709656702
1771416043291,1.91631084857437,-1.1504267804544237,1.5325682664002578
1771416043295,1.928545173448617,-1.1638295555922415,1.5377864778836892
1771416043299,1.939676359355441,-1.1891823666640533,1.5323803959388345
1771416043303,1.952049699488978,-1.2371984366003073,1.509913261663982
1771416043308,1.9367006430437772,-1.2189853090498213,1.504953220896547
1771416043313,1.9284595176195047,-1.1649530324978823,1.5368280785993078
1771416043317,1.9481108055217944,-1.2424653671593695,1.5004717664788991
1771416043321,1.920619052616206,-1.1411986184851333,1.5448117226510145
1771416043326,1.942363783264886,-1.2308844029578507,1.502564691816687
1771416043330,1.947340350132472,-1.1783177396710351,1.5503876107704813
1771416043334,1.9441290185669677,-1.2148781742024448,1.5177973061910128
1771416043339,1.9315887204188766,-1.2018028210833114,1.5121854926184246
1771416043344,1.939632264347181,-1.1929811351102269,1.5293689326541478
1771416043349,1.939632264347181,-1.1929811351102269,1.5293689326541478
1771416043354,1.9417173799883876,-1.2062546308622248,1.5215834348705317
1771416043358,1.927431076410787,-1.2120366460935432,1.4986519685505237
1771416043362,1.929402906550173,-1.22966800867679,1.4867791242283146
1771416043367,1.9160677198508882,-1.15706391869059,1.5272585226866333
1771416043372,1.9236862900739644,-1.182721805152995,1.5171480067001286
1771416043377,1.9418204888413497,-1.2016982286569533,1.52531576341648
1771416043382,1.9484976560888247,-1.2018417676623916,1.5336947158042182
1771416043386,1.924550893965678,-1.173155096536991,1.5256484729233577
1771416043390,1.929705452685319,-1.1496392468365393,1.549868619030841
1771416043394,1.9367492511306132,-1.1458649735633748,1.5614067772734939
1771416043398,1.9682967873415242,-1.2409995936711704,1.527780171218018
1771416043403,1.9163498101443914,-1.1134106727588093,1.559715765332652
1771416043407,1.9219844327405744,-1.2038580759843514,1.498248942126896
1771416043412,1.9216639329751168,-1.1660168375228637,1.5274806073762686
1771416043416,1.948914447406527,-1.2325687532037906,1.5096495593135322
1771416043420,1.9491082810635663,-1.1948776737069675,1.5398994889885493
1771416043425,1.9441890328223,-1.21436844063572,1.5182820178525727
1771416043429,1.9425324326805933,-1.2290024548090783,1.504322178952781
1771416043433,1.9222642109271724,-1.1946873303688343,1.5059289091015062
1771416043437,1.8896486614819592,-1.0017439741955452,1.6022737200626724
1771416043442,1.9549661912798626,-1.203746792938909,1.5404176276375778
1771416043446,1.9467826528969152,-1.2209339226190823,1.5163387003629274
1771416043450,1.9242141969453468,-1.173225546714768,1.525169529023531
1771416043455,1.9421209898574725,-1.1935162968922013,1.5321073031278507
1771416043460,1.951950276176992,-1.2342963793558985,1.512158169166293
1771416043464,1.9274394493889855,-1.1397154596429053,1.5543717387137084
1771416043468,1.9359234838954151,-1.2317401445609608,1.493524673975862
1771416043472,1.9602383887498076,-1.2570811200916687,1.5040882946946692
1771416043476,1.9720081432251253,-1.2717784926627638,1.507114986504558
1771416043481,1.9442991773678269,-1.1763601185184742,1.5480556070995672
1771416043485,1.923114010337052,-1.1898055573654922,1.5108706868613373
1771416043490,1.9495151230908514,-1.2299649372392392,1.5125460218856193
1771416043494,1.964147241313711,-1.2481794178526961,1.516549546308714
1771416043499,1.9302645574702373,-1.2198715409087213,1.4959393990087813
1771416043503,1.9417173799883876,-1.2062546308622248,1.5215834348705317
1771416043507,1.9458685506402114,-1.154196941244638,1.5665994501442155
1771416043512,1.9263979638146653,-1.2275082922929776,1.4846657897793922
1771416043517,1.9066513068840067,-1.074549936769301,1.5750116315226317
1771416043522,1.9413633971461766,-1.2061426058464724,1.5212205146331759
1771416043526,1.9467736442736912,-1.220892549476973,1.5163604468167473
1771416043530,1.9257811464345416,-1.1585112782236369,1.538338273004794
1771416043535,1.9179130829512079,-1.13562034639008,1.5455604234776075
1771416043540,1.9505683345409124,-1.1778322391285962,1.5548080409436487
1771416043544,1.9066682565968733,-1.1522978888568576,1.5190765010525933
1771416043549,1.917905480158922,-1.1315573440052815,1.5485281424796056
1771416043553,1.9162619675586514,-1.076278696956001,1.5854602154549469
1771416043558,1.925937517964014,-1.1568043375798882,1.5398178618452711
1771416043562,1.9239019027986546,-1.1761222325828988,1.5225422902555126
1771416043566,1.9543187974156135,-1.21206854543868,1.533053098587969
1771416043570,1.9295774438272673,-1.1885292180478795,1.520087961130364
1771416043575,1.9326236345947714,-1.1567963097568776,1.5481784169556085
1771416043579,1.919636514431368,-1.1112549467036064,1.565284891310517
1771416043583,1.960687832141827,-1.2869621084204432,1.47919752115768
1771416043587,1.9089577861603257,-1.1215540021772281,1.5447447845978874
1771416043592,1.9331944266376095,-1.1868689434265882,1.525969463099498
1771416043596,1.9628469259954795,-1.2634808389504424,1.5021265674020248
1771416043601,1.946904928605732,-1.2555135639697228,1.4879934447830525
1771416043606,1.8906250199178842,-1.0263662324977265,1.5877768491598316
1771416043611,1.9357048977051363,-1.194440053742249,1.5232420717062227
1771416043615,1.9193565653949727,-1.1145832811410483,1.5625727933525657
1771416043619,1.937106269455014,-1.1782503259786328,1.53756524040223
1771416043624,1.9279217262787853,-1.1705907432203626,1.531861447567818
1771416043628,1.9336380896773762,-1.1818290643651217,1.5304366450373024
1771416043633,1.9339122450048083,-1.2146012983027314,1.5049120431244003
1771416043637,1.936002915075818,-1.190906501390794,1.5263842871725337
1771416043641,1.95395924074967,-1.1785779331875528,1.5584963169396273
1771416043646,1.9037487710166614,-1.0282582006108558,1.6021686727757392
1771416043650,1.9401191681672103,-1.1429246472583516,1.5677326421871811
1771416043654,1.9602942692961003,-1.2563764149556194,1.5047497885623369
1771416043659,1.9534551416939436,-1.2212020646720658,1.5246811167753043
1771416043664,1.909735540313448,-1.03878896364504,1.602500334772371
1771416043669,1.8984887367404308,-1.0514760254708049,1.5807142851857816
1771416043673,1.9687370020939392,-1.2726060508915609,1.5021315597004203
1771416043678,1.9422257901729418,-1.1962934747475251,1.5300728552227179
1771416043682,1.9342553038541515,-1.206789035633631,1.5116229040214915
1771416043687,1.9674953381244558,-1.286184202530537,1.4888814938410486
1771416043690,1.9674953381244558,-1.286184202530537,1.4888814938410486
1771416043695,1.954851343409081,-1.2414710700292566,1.5100309126334803
1771416043699,1.9583908295829429,-1.2795586375449104,1.4825735511193971
1771416043703,1.9716704356561499,-1.31454660298424,1.4695072423853877
1771416043707,1.9392497768525843,-1.194759990305913,1.5274941121284273
1771416043712,1.9669689510453232,-1.2566646232184233,1.5131955852194512
1771416043716,1.9656378900550144,-1.2351385237879682,1.5291059943230907
1771416043721,1.9162180870143664,-1.1511685055500942,1.5318951755360288
1771416043725,1.942363783264886,-1.2308844029578507,1.502564691816687
1771416043730,1.9471795391600393,-1.252598657084536,1.4908067487080678
1771416043734,1.969447357824781,-1.2603019383713085,1.513394171847022
1771416043739,1.9506153208503783,-1.2135640463710904,1.5271419172073204
1771416043743,1.9533253138845508,-1.258500960262777,1.4938725229683578
1771416043748,1.9817025369062276,-1.278062970507206,1.5144966121450636
1771416043752,1.9215976801621384,-1.1295008034971146,1.5545949888327457
1771416043757,1.9584762572806558,-1.2364694797822584,1.5188062667434044
1771416043761,1.919121279925175,-1.1587110834774295,1.5298415316915026
1771416043765,1.943256335391262,-1.260977503410099,1.4785739484151312
1771416043770,1.9357048977051363,-1.194440053742249,1.5232420717062227
1771416043774,1.9425324326805933,-1.2290024548090783,1.504322178952781
1771416043779,1.9688512013135901,-1.2353213965743592,1.5330871143152764
1771416043784,1.947629282603206,-1.2110799110558779,1.5253016985142205
1771416043789,1.9414035887250403,-1.2059491011727301,1.52142520673714
1771416043793,1.9564231914086379,-1.2986097004775328,1.4632855325284988
1771416043798,1.9055732891986157,-1.124676448430444,1.5382823040174107
1771416043803,1.9549735677272932,-1.2763485889935313,1.4808294736014012
1771416043807,1.9570505876248967,-1.2524585823446122,1.503793370790774
1771416043812,1.9442887646453142,-1.2131007517753027,1.519422708257382
1771416043816,1.9290043609802554,-1.1210612349320503,1.5698023863574262
1771416043820,1.9602561002144037,-1.2199556301999936,1.53437682424205
1771416043824,1.9612285440989903,-1.24117478241389,1.51851985883902
1771416043829,1.9493710868438867,-1.1950489645724298,1.5400992196924455
1771416043834,1.9317158843766296,-1.199569188781981,1.5141202129546794
1771416043838,1.9484976560888247,-1.2018417676623916,1.5336947158042182
1771416043843,1.9357048977051363,-1.194440053742249,1.5232420717062227
1771416043847,1.9181013668970825,-1.1719023101589379,1.5184722022930155
1771416043851,1.9456834251254198,-1.1971493328399616,1.5337918586589967
1771416043856,1.9179130829512079,-1.13562034639008,1.5455604234776075
1771416043861,1.934534988650653,-1.2077722833896916,1.5111954651166848
1771416043865,1.9744385461541174,-1.2474443027689681,1.5304542737463371
1771416043870,1.960959628737051,-1.2076715971456615,1.5449569505278133
1771416043874,1.9318038699874525,-1.12964775674355,1.5670871506660897
1771416043878,1.942363783264886,-1.2308844029578507,1.502564691816687
1771416043883,1.9631127216123165,-1.2645399904293162,1.501582555293295
1771416043888,1.946767608785998,-1.1845010076173403,1.5449470818030817
1771416043910,1.9034594649203835,-1.0318276818237266,1.599527920862048
1771416043918,1.9154867489170146,-1.1228863281731525,1.5518427044254484
1771416043923,1.9720081432251253,-1.2717784926627638,1.507114986504558
1771416043928,1.9290043609802554,-1.1210612349320503,1.5698023863574262
1771416043933,1.9557324148433777,-1.2273345162612586,1.522675035476333
1771416043937,1.9724183786752638,-1.2667665316714893,1.5118653428043591
1771416043942,1.9655738931914994,-1.272636583292922,1.497957561635344
1771416043946,1.9424961512740746,-1.2685988094065224,1.4710364912152747
1771416043951,1.9413633971461766,-1.2061426058464724,1.5212205146331759
1771416043955,1.9730338588344554,-1.2992243877411287,1.4848833618860002
1771416043959,1.9331944266376095,-1.1868689434265882,1.525969463099498
1771416043964,1.9257811464345416,-1.1585112782236369,1.538338273004794
1771416043968,1.937106269455014,-1.1782503259786328,1.53756524040223
1771416043973,1.9367006430437772,-1.2189853090498213,1.504953220896547
1771416043978,1.9333881132152075,-1.2246515026369742,1.4960676099063375
1771416043982,1.9414461830479042,-1.1686277344924885,1.5503298035728494
1771416043986,1.9506153208503783,-1.2135640463710904,1.5271419172073204
1771416043990,1.9286810515798294,-1.165835099106196,1.5364371514693085
1771416043995,1.8884235945885652,-1.0154492728276938,1.5921703573777857
1771416043999,1.909339304135739,-1.0750873660782434,1.5778985181615746
1771416044003,1.9338677162320659,-1.1796239098789918,1.5324267601182207
1771416044008,1.93342823787,-1.1840595271024583,1.5284462003194605
1771416044012,1.9357048977051363,-1.194440053742249,1.5232420717062227
1771416044016,1.9364040017525428,-1.1905486690353464,1.5271720023171675
1771416044021,1.9088817488133931,-1.0847042538773355,1.5707470237352963
1771416044025,1.9389776731534518,-1.2339198019488609,1.4956859093225616
1771416044030,1.9280930780356103,-1.208723790248307,1.5021749952840384
1771416044035,1.9495151230908514,-1.2299649372392392,1.5125460218856193
1771416044039,1.9332484674479433,-1.2221877161295385,1.4979008056049252
1771416044044,1.927033550950078,-1.1813260794260374,1.5224739736872923
1771416044048,1.9677144284537056,-1.2834671305953527,1.49151339136671
1771416044052,1.91349775015603,-1.1419648337865864,1.535379418335078
1771416044056,1.9206104810522733,-1.1409869708464662,1.5449573949745186
1771416044061,1.9488820295110447,-1.1599091883062662,1.5661263805433414
1771416044065,1.9265329243040232,-1.2222285165891336,1.4891899011421403
1771416044070,1.914458247145025,-1.0976352192778214,1.5685494271659184
1771416044074,1.9212435461973407,-1.0971610956244138,1.5771538587129568
1771416044079,1.9451363358144604,-1.235519038021104,1.5023475202472665
1771416044084,1.9413633971461766,-1.2061426058464724,1.5212205146331759
1771416044088,1.9413633971461766,-1.2061426058464724,1.5212205146331759
1771416044092,1.9389004276593451,-1.1982963343847604,1.5242771281422671
1771416044097,1.95626840463774,-1.2615884150206376,1.4951189725468688
1771416044101,1.925937517964014,-1.1568043375798882,1.5398178618452711
1771416044105,1.9508550718044864,-1.2113057854083562,1.5292396167447182
1771416044109,1.9637569342374346,-1.292839388471298,1.4781432990014085
1771416044114,1.9612285440989903,-1.24117478241389,1.51851985883902
1771416044118,1.9151716856042091,-1.1676232270626647,1.5180706785139606
1771416044122,1.964147241313711,-1.2481794178526961,1.516549546308714
1771416044127,1.9214174581198544,-1.168271385798228,1.525446497748397
1771416044131,1.9441290185669677,-1.2148781742024448,1.5177973061910128
1771416044136,1.974650261504619,-1.2809598864203242,1.5027925421169386
1771416044140,1.9824221227686258,-1.3050008165184692,1.4923037029132487
1771416044145,1.9052658273595158,-1.090240600467691,1.562502257917021
1771416044149,1.9110142726543105,-1.0602887264485081,1.5898941369961346
1771416044154,1.9613886403412726,-1.2440550800715187,1.5163681466609726
1771416044159,1.9341583884596618,-1.2118173318567034,1.5074705389693612
1771416044164,1.9497328199479227,-1.227829334417885,1.514560396526006
1771416044168,1.9421209898574725,-1.1935162968922013,1.5321073031278507
1771416044173,1.9280818568413067,-1.1690687174628922,1.5332246999478876
1771416044177,1.9154103961746096,-1.1238821804531025,1.5510273467072573
1771416044182,1.9495151230908514,-1.2299649372392392,1.5125460218856193
1771416044186,1.967184357825305,-1.2863115286089568,1.4883604902846106
1771416044190,1.9616391044712107,-1.2729644214300861,1.4925111584051154
1771416044194,1.9456834251254198,-1.1971493328399616,1.5337918586589967
1771416044199,1.9464224000381734,-1.2603789855361227,1.4832413735428556
1771416044203,1.9218440204664333,-1.2391627510519143,1.4689996989135279
1771416044208,1.9046519695982478,-1.1345040358482248,1.5299018654601917
1771416044212,1.949235121512377,-1.1926161908785768,1.541811979520086
1771416044217,1.9395127734248125,-1.1546737236487008,1.5583447597349092
1771416044221,1.9352121088686804,-1.1639522841294252,1.5460468901627336
1771416044225,1.9304147641988882,-1.178350971466068,1.5290487728918338
1771416044230,1.953415030181239,-1.2218516267869364,1.5241092094256528
1771416044235,1.9615264965221852,-1.241758874157813,1.5184271780394736
1771416044239,1.9362046336247822,-1.1518638640158507,1.5563091023458517
1771416044244,1.943922646256837,-1.2131716648981485,1.518897549579444
1771416044248,1.9257811464345416,-1.1585112782236369,1.538338273004794
1771416044253,1.9275597733242522,-1.2147382602091434,1.496628757882831
1771416044258,1.9414035887250403,-1.2059491011727301,1.52142520673714
1771416044262,1.9398741370105597,-1.1504241301411355,1.561933413507591
1771416044266,1.929944716811393,-1.1474760948765224,1.551768417527285
1771416044270,1.9467736442736912,-1.220892549476973,1.5163604468167473
1771416044275,1.983492230444718,-1.2899681572082249,1.5067261136727466
1771416044279,1.966703641461817,-1.2591061638218135,1.510819274951537
1771416044284,1.9368958101496723,-1.2167127033714955,1.5070419957087402
1771416044288,1.9367492511306132,-1.1458649735633748,1.5614067772734939
1771416044293,1.9481108055217944,-1.2424653671593695,1.5004717664788991
1771416044298,1.9338677162320659,-1.1796239098789918,1.5324267601182207
1771416044302,1.917905480158922,-1.1315573440052815,1.5485281424796056
1771416044306,1.9194608533961983,-1.113260483652906,1.5636435217968832
1771416044311,1.9665473572708203,-1.2964664863705735,1.4786761505166661
1771416044315,1.925937517964014,-1.1568043375798882,1.5398178618452711
1771416044320,1.955393959168697,-1.2353177326357503,1.5157689913008185
1771416044323,1.8649975727291763,-0.9816388694370929,1.5857493737334363
1771416044327,1.9539981515623195,-1.251571884296518,1.500558760844581
1771416044332,1.929705452685319,-1.1496392468365393,1.549868619030841
1771416044336,1.950417270923006,-1.2553839997297938,1.4926950605991742
1771416044341,1.923114010337052,-1.1898055573654922,1.5108706868613373
1771416044346,1.9321350380203446,-1.195584116652625,1.5178024987309253
1771416044350,1.9342676976299977,-1.1373678944303944,1.5645401237468546
1771416044355,1.920729101860246,-1.1030227040171692,1.5724316192303942
1771416044359,1.9317158843766296,-1.199569188781981,1.5141202129546794
1771416044363,1.93709306842809,-1.214629774228599,1.5089745085022264
1771416044367,1.912402304653019,-1.1227048331382208,1.5481655055226682
1771416044372,1.9466590256357577,-1.186486932580767,1.5432854955918687
1771416044376,1.9531512152055703,-1.2205343667998405,1.5248263930426667
1771416044381,1.9549978902609677,-1.240534238378519,1.5109902562013637
1771416044386,1.9341583884596618,-1.2118173318567034,1.5074705389693612
1771416044390,1.9242141969453468,-1.173225546714768,1.525169529023531
1771416044395,1.926266771039986,-1.111513729907862,1.573226271532206
1771416044398,1.9122329726079343,-1.1636344241361298,1.5174287029361067
1771416044403,1.9573263525095446,-1.2848245936814005,1.4766015758151358
1771416044408,1.9314617960164802,-1.133491679144529,1.5638865952431855
1771416044413,1.923871284157941,-1.1024773970896922,1.576649709641892
1771416044417,1.9338677162320659,-1.1796239098789918,1.5324267601182207
1771416044421,1.9474265220609297,-1.1775873923521738,1.5510506091677139
1771416044426,1.9313391783633729,-1.1722242489002965,1.534914112310993
1771416044430,1.9339122450048083,-1.2146012983027314,1.5049120431244003
1771416044434,1.9364095607517553,-1.1868762508186497,1.53003488594655
1771416044439,1.9441890328223,-1.21436844063572,1.5182820178525727
1771416044444,1.9066682565968733,-1.1522978888568576,1.5190765010525933
1771416044449,1.9585910864955958,-1.275530109947399,1.4863048081458843
1771416044453,1.9681490747316017,-1.2429238895754575,1.5260245689665275
1771416044457,1.9342553038541515,-1.206789035633631,1.5116229040214915
1771416044461,1.964147241313711,-1.2481794178526961,1.516549546308714
1771416044466,1.9425324326805933,-1.2290024548090783,1.504322178952781
1771416044470,1.9470201575859352,-1.2545416930071533,1.4889636108893678
1771416044474,1.958518882423828,-1.2397400068824744,1.5161929059805426
1771416044478,1.926399443270672,-1.1838208992431565,1.5197311912139855
1771416044483,1.9205069263450767,-1.1432301582710394,1.5431693553719203
1771416044487,1.9295774438272673,-1.1885292180478795,1.520087961130364
1771416044492,1.9337837669109958,-1.1807265690430147,1.5314713272942435
1771416044496,1.9441290185669677,-1.2148781742024448,1.5177973061910128
1771416044500,1.972371494692663,-1.2717436214387026,1.5076198043293751
1771416044504,1.9721133791520835,-1.2698761163874828,1.508855801347264
1771416044508,1.9248862530819684,-1.205528039556905,1.5006296122448153
1771416044513,1.9549978902609677,-1.240534238378519,1.5109902562013637
1771416044517,1.9584789713606015,-1.2362936753651916,1.5189528727099157
1771416044522,1.9137983888076047,-1.1427853304275357,1.5351436289683813
1771416044527,1.9302645574702373,-1.2198715409087213,1.4959393990087813
1771416044531,1.9350938050861197,-1.1649521277016979,1.5451454865629852
1771416044535,1.9544153706420573,-1.2507852083203728,1.5017575715304026
1771416044540,1.9582812481566663,-1.278131205265139,1.4836596877348638
1771416044544,1.9326236345947714,-1.1567963097568776,1.5481784169556085
1771416044549,1.9120199000747278,-1.0850593425085644,1.5743145560899365
1771416044553,1.9080306770908722,-1.0950863943354934,1.5624873931207062
1771416044558,1.91349775015603,-1.1419648337865864,1.535379418335078
1771416044562,1.9458685506402114,-1.154196941244638,1.5665994501442155
1771416044567,1.9559922722601506,-1.2284456567240802,1.5221126888693788
1771416044571,1.9466906294302602,-1.2218705540468329,1.5154658544041393
1771416044575,1.9368267813629398,-1.2576470312224335,1.4729636539514899
1771416044580,1.9375712350954675,-1.1730097607051833,1.5421512222735305
1771416044585,1.9215976801621384,-1.1295008034971146,1.5545949888327457
1771416044590,1.90005120887986,-1.0732386212495972,1.567913727927682
1771416044594,1.953415030181239,-1.2218516267869364,1.5241092094256528
1771416044599,1.9163498101443914,-1.1134106727588093,1.559715765332652
1771416044603,1.929260678218915,-1.1915648109318782,1.5173068463137525
1771416044607,1.946135782351559,-1.2287951061106088,1.5091411698538122
1771416044611,1.928545173448617,-1.1638295555922415,1.5377864778836892
1771416044616,1.9104189782359708,-1.1041150655664091,1.5590479769376744
1771416044621,1.9239714386379985,-1.1436591247122398,1.547161886538446
1771416044625,1.9449201226840678,-1.201867023107538,1.529127183195706
1771416044629,1.9216639329751168,-1.1660168375228637,1.5274806073762686
1771416044634,1.9517563825052717,-1.2001226722058633,1.5391746321673583
1771416044638,1.968499681019721,-1.3099708854260093,1.4693424629782332
1771416044643,1.9657469265239966,-1.2663379185422323,1.503512306301703
1771416044647,1.9318038699874525,-1.12964775674355,1.5670871506660897
1771416044651,1.9583908295829429,-1.2795586375449104,1.4825735511193971
1771416044656,1.961681802449069,-1.314541467371967,1.4560824923813154
1771416044660,1.9151716856042091,-1.1676232270626647,1.5180706785139606
1771416044664,1.9264991610494546,-1.1131681527737227,1.5723408285656741
1771416044669,1.9721133791520835,-1.2698761163874828,1.508855801347264
1771416044673,1.920695246142157,-1.1403619812804227,1.545524111815558
1771416044678,1.9382237850486015,-1.2019206436416965,1.5205585182149541
1771416044682,1.9765127959473043,-1.2601991047737153,1.5226624868535235
1771416044687,1.9646248141424199,-1.2434811333123632,1.5210211475980004
1771416044691,1.9390305087994968,-1.2291932382068136,1.4996410561203914
1771416044696,1.9413633971461766,-1.2061426058464724,1.5212205146331759
1771416044700,1.9472020340140341,-1.217430649084447,1.519690223676593
1771416044704,1.929755733908946,-1.149830390939248,1.5497894258985478
1771416044708,1.9418204888413497,-1.2016982286569533,1.52531576341648
1771416044712,1.9467736442736912,-1.220892549476973,1.5163604468167473
1771416044717,1.951081811734074,-1.2086540067806064,1.531625191740036
1771416044721,1.930430016518009,-1.1420606191489822,1.556360366644809
1771416044726,1.9545676742560196,-1.2083538028570278,1.5362994110418533
1771416044730,1.958617118158766,-1.2347058968972613,1.5204217716514319
1771416044734,1.9728558847660196,-1.2661596312391192,1.5129441927170781
1771416044739,1.9477100139072334,-1.2460755394707363,1.4969535891961478
1771416044744,1.9317158843766296,-1.199569188781981,1.5141202129546794
1771416044748,1.974650261504619,-1.2809598864203242,1.5027925421169386
1771416044752,1.9304147641988882,-1.178350971466068,1.5290487728918338
1771416044757,1.9408686957385712,-1.2124965026159111,1.515527474261726
1771416044761,1.9341466821906161,-1.1782182845872047,1.5338595314087118
1771416044766,1.921417988285595,-1.1322680473416356,1.5523582559050675
1771416044770,1.929260678218915,-1.1915648109318782,1.5173068463137525
1771416044775,1.968891076240535,-1.2301343080347158,1.5373033709374226
1771416044779,1.9694976789006435,-1.2642511496594608,1.5101622885570127
1771416044783,1.9428236608483305,-1.1897077875166886,1.5359554542610454
1771416044788,1.9256707032148346,-1.1602706281079722,1.536873360680654
1771416044792,1.9377271575784907,-1.1715293793014583,1.5434718820408608
1771416044797,1.9406930110286111,-1.213904023261433,1.5141751501609724
1771416044801,1.9584762572806558,-1.2364694797822584,1.5188062667434044
1771416044806,1.9134716361031565,-1.1461464833105366,1.5322277705896667
1771416044810,1.9190095782597796,-1.1187816544888014,1.559142511456883
1771416044815,1.9467826528969152,-1.2209339226190823,1.5163387003629274
1771416044819,1.9419339354551697,-1.1631499493998345,1.555052926714575
1771416044823,1.9137397642800862,-1.1019488870517598,1.5646432614855657
1771416044828,1.9656378900550144,-1.2351385237879682,1.5291059943230907
1771416044832,1.9354232421747373,-1.161348242678467,1.5482678662227052
1771416044837,1.963365821737625,-1.221444046715398,1.5371661558566052
1771416044841,1.9738704604912796,-1.286223351294709,1.4972621966056123
1771416044846,1.9137397642800862,-1.1019488870517598,1.5646432614855657
1771416044850,1.9080535298663974,-1.05749611318189,1.5881971676844202
1771416044855,1.9395127734248125,-1.1546737236487008,1.5583447597349092
1771416044859,1.9133659704365102,-1.1474885128771712,1.531090934477566
1771416044863,1.965415234428769,-1.273461443916058,1.4970480936108639
1771416044867,1.9612285440989903,-1.24117478241389,1.51851985883902
1771416044872,1.9531147731956902,-1.1843594056777131,1.5530454325157348
1771416044876,1.933165261451572,-1.2237981871734593,1.4964778398473124
1771416044881,1.934534988650653,-1.2077722833896916,1.5111954651166848
1771416044885,1.943922646256837,-1.2131716648981485,1.518897549579444
1771416044889,1.9226830750674473,-1.1579883156862014,1.5348528489353792
1771416044894,1.949235121512377,-1.1926161908785768,1.541811979520086
1771416044899,1.9215976801621384,-1.1295008034971146,1.5545949888327457
1771416044903,1.917714838511923,-1.1748692703973407,1.5156887541064725
1771416044907,1.9493547144156986,-1.2276735624202741,1.5141999295829542
1771416044911,1.937106269455014,-1.1782503259786328,1.53756524040223
1771416044915,1.953415030181239,-1.2218516267869364,1.5241092094256528
1771416044920,1.9060590010979352,-1.042539414621754,1.5956730506675199
1771416044924,1.939676359355441,-1.1891823666640533,1.5323803959388345
1771416044929,1.961301519640311,-1.2444153304237193,1.5159598069704283
1771416044933,1.930499246955164,-1.1779683182176575,1.529450222717274
1771416044938,1.9474499189890166,-1.2092510148562712,1.5265232294463802
1771416044942,1.9311560080182266,-1.1738807029096443,1.533416976116168
1771416044946,1.909339304135739,-1.0750873660782434,1.5778985181615746
1771416044950,1.9389776731534518,-1.2339198019488609,1.4956859093225616
1771416044954,1.9474265220609297,-1.1775873923521738,1.5510506091677139
1771416044959,1.9347843463070395,-1.1320776395575967,1.569009459731986
1771416044963,1.9689377550893965,-1.2704960007056392,1.504179442622272
1771416044967,1.969447357824781,-1.2603019383713085,1.513394171847022
1771416044971,1.947629282603206,-1.2110799110558779,1.5253016985142205
1771416044975,1.960687832141827,-1.2869621084204432,1.47919752115768
1771416044980,1.9458685506402114,-1.154196941244638,1.5665994501442155
1771416044984,1.95216871706496,-1.2360001970258703,1.5110480511350595
1771416044989,1.9320327512650046,-1.2001483183061457,1.5140655752072147
1771416044993,1.9080320596827467,-1.0950429894395797,1.5625195013363558
1771416044997,1.9112157536853709,-1.1764807803826214,1.5062000632470571
1771416045001,1.9174896807848953,-1.176941542630235,1.5137949931043246
1771416045005,1.9497328199479227,-1.227829334417885,1.514560396526006
1771416045010,1.9257217110439138,-1.1591955661819398,1.537748271899543
1771416045014,1.9203365318024048,-1.1847390099326798,1.5113192494369356
1771416045019,1.9662130774585866,-1.3000632381810153,1.475069300981977
1771416045023,1.916164896458808,-1.1146646699231635,1.5585925009591444
1771416045028,1.9035079441879872,-1.035407114075393,1.597270985684284
1771416045032,1.9154867489170146,-1.1228863281731525,1.5518427044254484
1771416045036,1.9214112469869653,-1.2083613504927035,1.4938821997344554
1771416045040,1.9288739630441287,-1.1956595061065338,1.513589478942901
1771416045044,1.923051246228624,-1.1493866231367158,1.54176408252879
1771416045049,1.9746422728344084,-1.2409869146298822,1.5359568950273452
1771416045053,1.954851343409081,-1.2414710700292566,1.5100309126334803
1771416045057,1.9523063822013853,-1.2663008899655062,1.4859280823972703
1771416045061,1.965415234428769,-1.273461443916058,1.4970480936108639
1771416045066,1.9584279820698922,-1.2002556182138813,1.5475227338880564
1771416045070,1.9396617653672021,-1.2215235826920126,1.5067076361904723
1771416045075,1.9219844327405744,-1.2038580759843514,1.498248942126896
1771416045079,1.9331944266376095,-1.1868689434265882,1.525969463099498
1771416045083,1.9257811464345416,-1.1585112782236369,1.538338273004794
1771416045087,1.9326236345947714,-1.1567963097568776,1.5481784169556085
1771416045091,1.9386830991659996,-1.1598529322169588,1.5534585075307312
1771416045096,1.9452677232551483,-1.2347409773130296,1.5031570889572163
1771416045100,1.9478327983085424,-1.16786911667224,1.5588888146656543
1771416045104,1.9311560080182266,-1.1738807029096443,1.533416976116168
1771416045108,1.9481108055217944,-1.2424653671593695,1.5004717664788991
1771416045113,1.9441290185669677,-1.2148781742024448,1.5177973061910128
1771416045118,1.9342676976299977,-1.1373678944303944,1.5645401237468546
1771416045122,1.93709306842809,-1.214629774228599,1.5089745085022264
1771416045126,1.9341583884596618,-1.2118173318567034,1.5074705389693612
1771416045130,1.9235041170835785,-1.1487300938980112,1.5428179606844559
1771416045135,1.924637471501666,-1.0981683694861697,1.5805871152734399
1771416045139,1.9357048977051363,-1.194440053742249,1.5232420717062227
1771416045144,1.9179130829512079,-1.13562034639008,1.5455604234776075
1771416045148,1.9239019027986546,-1.1761222325828988,1.5225422902555126
1771416045152,1.9269044942410827,-1.1452851134211077,1.5496073499123844
1771416045157,1.9338677162320659,-1.1796239098789918,1.5324267601182207
1771416045161,1.9657469265239966,-1.2663379185422323,1.503512306301703
1771416045165,1.9137983888076047,-1.1427853304275357,1.5351436289683813
1771416045170,1.9083592160942644,-1.0930875762482128,1.5642872013488198
1771416045174,1.9486490132917786,-1.2362900097334404,1.5062602659687707
1771416045178,1.9163641602470092,-1.1937034493601595,1.4991743293109316
1771416045183,1.9464224000381734,-1.2603789855361227,1.4832413735428556
1771416045187,1.9422257901729418,-1.1962934747475251,1.5300728552227179
1771416045192,1.9392497768525843,-1.194759990305913,1.5274941121284273
1771416045196,1.9163043395064343,-1.1185684960915385,1.5559649228574228
1771416045201,1.971284557758956,-1.2440113487069688,1.5291823213558253
1771416045205,1.9260419009675154,-1.1561411609064585,1.5404463704850055
1771416045210,1.9382237850486015,-1.2019206436416965,1.5205585182149541
1771416045215,1.9218722416502487,-1.1220666090799367,1.5603074818809286
1771416045219,1.964147241313711,-1.2481794178526961,1.516549546308714
1771416045223,1.9291900795511485,-1.1921950878439882,1.5167218715239892
1771416045228,1.9354232421747373,-1.161348242678467,1.5482678662227052
1771416045233,1.951081811734074,-1.2086540067806064,1.531625191740036
1771416045237,1.907057003736568,-1.1433547426875261,1.5263048017596739
1771416045241,1.9311560080182266,-1.1738807029096443,1.533416976116168
1771416045246,1.919958078220136,-1.1493349898136733,1.5379428153584778
1771416045250,1.9130797813021705,-1.1140729440895307,1.5552220821718181
1771416045255,1.9584762572806558,-1.2364694797822584,1.5188062667434044
1771416045259,1.928545173448617,-1.1638295555922415,1.5377864778836892
1771416045263,1.9202687980775377,-1.1819911404549286,1.513383362124815
1771416045268,1.9502008548874439,-1.2179505364639913,1.5231151844594002
1771416045272,1.9463060123177085,-1.2638326153736834,1.4801466866164903
1771416045276,1.9254068242479525,-1.1998862325732222,1.5058102362986596
1771416045281,1.9696248186392682,-1.2263043218420715,1.5412980362120843
1771416045285,1.9391105906573782,-1.1594584893735678,1.5542862973786942
1771416045289,1.9295774438272673,-1.1885292180478795,1.520087961130364
1771416045294,1.956121035467394,-1.18608078727776,1.5555133787430433
1771416045298,1.9441890328223,-1.21436844063572,1.5182820178525727
1771416045302,1.945346140015812,-1.159925540428206,1.5617119917375142
1771416045306,1.9336380896773762,-1.1818290643651217,1.5304366450373024
1771416045311,1.886279408942865,-1.0418611472534203,1.5724424817606624
1771416045315,1.919121279925175,-1.1587110834774295,1.5298415316915026
1771416045320,1.9364428133096638,-1.149433373924707,1.55840100363376
1771416045325,1.9422257901729418,-1.1962934747475251,1.5300728552227179
1771416045329,1.9413633971461766,-1.2061426058464724,1.5212205146331759
1771416045333,1.934334492776685,-1.1696124017429173,1.5406676343828347
1771416045338,1.9573263525095446,-1.2848245936814005,1.4766015758151358
1771416045342,1.934755401401648,-1.2447933899158823,1.4811373601643363
1771416045347,1.9464434391867136,-1.1841674134472626,1.5447943548843714
1771416045351,1.9352121088686804,-1.1639522841294252,1.5460468901627336
1771416045356,1.9321411887039823,-1.1989598799630479,1.5151451347397158
1771416045360,1.9389776731534518,-1.2339198019488609,1.4956859093225616
1771416045364,1.9016439345115697,-1.0917010150617077,1.5570608682315152
1771416045368,1.9491082810635663,-1.1948776737069675,1.5398994889885493
1771416045373,1.949109699225536,-1.193929857303724,1.540636269680085
1771416045377,1.9639277228077403,-1.2860963271423629,1.4842399865667684
1771416045382,1.939632264347181,-1.1929811351102269,1.5293689326541478
1771416045387,1.962753659690273,-1.267715890225692,1.4984319638531611
1771416045391,1.9324327454743004,-1.1553613458740468,1.5490114512944873
1771416045395,1.9616366768855817,-1.2003428318611225,1.5515139503408693
1771416045399,1.95626840463774,-1.2615884150206376,1.4951189725468688
1771416045403,1.9239176883927422,-1.2510526894965401,1.4616177475023853
1771416045407,1.9594077960356175,-1.2661149806933993,1.49540354648132
1771416045411,1.9550437667369804,-1.2435261518401028,1.5085883598738479
1771416045427,1.9205358136559147,-1.1043596830574733,1.5712566633023974
1771416045432,1.9207457839078852,-1.1766070513317237,1.5181766080256878
1771416045438,1.9207457839078852,-1.1766070513317237,1.5181766080256878
1771416045446,1.937963132821887,-1.1682684009251927,1.5462373839668073
1771416045450,1.9642907610767932,-1.2472697595204674,1.517483555442168
1771416045454,1.957431892789951,-1.252088021771861,1.5045980196207482
1771416045459,1.946135782351559,-1.2287951061106088,1.5091411698538122
1771416045463,1.9413633971461766,-1.2061426058464724,1.5212205146331759
1771416045468,1.937106269455014,-1.1782503259786328,1.53756524040223
1771416045472,1.9628469259954795,-1.2634808389504424,1.5021265674020248
1771416045476,1.9596545002540176,-1.2228833764709979,1.5312746350399444
1771416045480,1.9383943558130856,-1.2045117150144025,1.518724532968731
1771416045484,1.9215369459936473,-1.1669872028873889,1.5265795436581946
1771416045489,1.9657851380086735,-1.2660705371916658,1.5037874197076482
1771416045493,1.9087033546267347,-1.0943896905116852,1.5637965664577629
1771416045497,1.9295851606632846,-1.2318046066579666,1.4852462096461199
1771416045502,1.9097736802992566,-1.1527410611003566,1.522637040143511
1771416045506,1.9714452390275479,-1.2780828444006287,1.5010331686319207
1771416045510,1.93137362801653,-1.1726505399064444,1.5346318132551722
1771416045515,1.9577802132767415,-1.280036262087637,1.4813542895737783
1771416045519,1.9487576981173147,-1.2721560703152919,1.476236938547281
1771416045523,1.9332484674479433,-1.2221877161295385,1.4979008056049252
1771416045527,1.951950276176992,-1.2342963793558985,1.512158169166293
1771416045532,1.9481596951359144,-1.2051209645453769,1.5306892756419506
1771416045536,1.91706492670306,-1.1042737935516596,1.567072851551591
1771416045541,1.9427915238124294,-1.2268528266601162,1.5064099862632032
1771416045545,1.9589456676990094,-1.2673542497954233,1.4937474132269475
1771416045549,1.9677132219905307,-1.285965213168227,1.489358517791318
1771416045554,1.929755733908946,-1.149830390939248,1.5497894258985478
1771416045558,1.9358317709177721,-1.2289010514698802,1.4957429093901335
1771416045563,1.9524919578330275,-1.195710777854242,1.54353509228843
1771416045567,1.9306744051203224,-1.175222710114105,1.531781720813631
1771416045572,1.900989832368014,-1.0994710435425707,1.5507823081199956
1771416045577,1.9081296980206925,-1.1308387421538455,1.5369328819803576
1771416045581,1.9207457839078852,-1.1766070513317237,1.5181766080256878
1771416045585,1.9190431198946816,-1.1591672363958987,1.5293978599701936
1771416045590,1.9477483066286891,-1.2419463927880234,1.5004308126054138
1771416045593,1.9583908295829429,-1.2795586375449104,1.4825735511193971
1771416045598,1.9288739630441287,-1.1956595061065338,1.513589478942901
1771416045602,1.9495151230908514,-1.2299649372392392,1.5125460218856193
1771416045607,1.9481108055217944,-1.2424653671593695,1.5004717664788991
1771416045611,1.9640521502769148,-1.249372038167961,1.5154439479081396
1771416045615,1.931808103613085,-1.202412088131236,1.511981388609352
1771416045619,1.9338677162320659,-1.1796239098789918,1.5324267601182207
1771416045624,1.9245570987631557,-1.1317667315162592,1.5566065950755377
1771416045628,1.926385852745715,-1.1522324917992426,1.5438013921813079
1771416045633,1.930601340876013,-1.216232090865598,1.4993335314535439
1771416045637,1.9304147641988882,-1.178350971466068,1.5290487728918338
1771416045641,1.955393959168697,-1.2353177326357503,1.5157689913008185
1771416045645,1.9215369459936473,-1.1669872028873889,1.5265795436581946
1771416045650,1.9377271575784907,-1.1715293793014583,1.5434718820408608
1771416045654,1.9382237850486015,-1.2019206436416965,1.5205585182149541
1771416045658,1.9324327454743004,-1.1553613458740468,1.5490114512944873
1771416045662,1.9230055028233357,-1.1503156503917757,1.541013974093868
1771416045667,1.9687339716619732,-1.274937396568015,1.5001493545671707
1771416045672,1.9183181914802923,-1.094296776981458,1.5755821932391252
1771416045676,1.9451363358144604,-1.235519038021104,1.5023475202472665
1771416045681,1.9575797640289576,-1.2109279926883123,1.5381066052323955
1771416045685,1.9639277228077403,-1.2860963271423629,1.4842399865667684
1771416045689,1.9243256039693843,-1.135202539923992,1.553816019817743
1771416045693,1.9757348035960431,-1.304458267341626,1.4838856569509586
1771416045697,1.9536920222262533,-1.1779645651199384,1.558625035418173
1771416045702,1.931808103613085,-1.202412088131236,1.511981388609352
1771416045707,1.952158461203755,-1.2358230024867243,1.5111797259671367
1771416045711,1.9389004276593451,-1.1982963343847604,1.5242771281422671
1771416045715,1.9445264354919363,-1.170075636174451,1.5530956390248247
1771416045719,1.9607533576335956,-1.2149127015946293,1.539006451245562
1771416045724,1.9248862530819684,-1.205528039556905,1.5006296122448153
1771416045727,1.931848405429408,-1.1617447300716461,1.5434984430542533
1771416045732,1.9732789962063486,-1.3359738320298649,1.4522409982508322
1771416045736,1.9110142726543105,-1.0602887264485081,1.5898941369961346
1771416045741,1.9286810515798294,-1.165835099106196,1.5364371514693085
1771416045745,1.9486490132917786,-1.2362900097334404,1.5062602659687707
1771416045749,1.9765127959473043,-1.2601991047737153,1.5226624868535235
1771416045753,1.8882909087338333,-1.0545822101123024,1.5663648738788476
1771416045758,1.940255242267295,-1.1789595031954896,1.5409882851503978
1771416045763,1.9466906294302602,-1.2218705540468329,1.5154658544041393
1771416045767,1.9549735677272932,-1.2763485889935313,1.4808294736014012
1771416045772,1.9569396166048765,-1.2937389575287586,1.4682820481127057
1771416045776,1.9584762572806558,-1.2364694797822584,1.5188062667434044
1771416045781,1.9098246866355364,-1.0350151339446547,1.6050464187019806
1771416045784,1.9463060123177085,-1.2638326153736834,1.4801466866164903
1771416045788,1.919121279925175,-1.1587110834774295,1.5298415316915026
1771416045793,1.8994467223116778,-1.1175205151091254,1.5359185359942795
1771416045797,1.9215369459936473,-1.1669872028873889,1.5265795436581946
1771416045801,1.9216639329751168,-1.1660168375228637,1.5274806073762686
1771416045806,1.9707522889353217,-1.2898986236143573,1.4899752095728294
1771416045811,1.9502707092821974,-1.2173516729369744,1.523683282011598
1771416045815,1.9197057746025643,-1.1882893430267287,1.5077263340180596
1771416045819,1.9425324326805933,-1.2290024548090783,1.504322178952781
1771416045823,1.9618164071806794,-1.2392982438272748,1.5208101388174466
1771416045827,1.9342751822150104,-1.1377846445376159,1.5642463307252228
1771416045832,1.920619052616206,-1.1411986184851333,1.5448117226510145
1771416045835,1.9059719821268148,-1.115126652314205,1.5457107575322537
1771416045840,1.9493547144156986,-1.2276735624202741,1.5141999295829542
1771416045844,1.9453176694369128,-1.1975016959276554,1.5330526811802165
1771416045849,1.9711883187525236,-1.3161026364254789,1.467466264818481
1771416045853,1.9523063822013853,-1.2663008899655062,1.4859280823972703
1771416045857,1.9314130984162985,-1.1298725817696942,1.5664432660326806
1771416045861,1.91631084857437,-1.1504267804544237,1.5325682664002578
1771416045866,1.9559922722601506,-1.2284456567240802,1.5221126888693788
1771416045870,1.9120199000747278,-1.0850593425085644,1.5743145560899365
1771416045874,1.9424078863165197,-1.2310757089390634,1.5024649731973097
1771416045879,1.960245537865576,-1.2199765608825899,1.5343466882093468
1771416045884,1.952521943243827,-1.2326066288016908,1.5142730392775212
1771416045888,1.9331944266376095,-1.1868689434265882,1.525969463099498
1771416045892,1.9269693049879562,-1.1816731644634977,1.5221232652950911
1771416045897,1.91349775015603,-1.1419648337865864,1.535379418335078
1771416045901,1.9188651905063776,-1.2013023180584175,1.4963008921886498
1771416045906,1.9367006430437772,-1.2189853090498213,1.504953220896547
1771416045911,1.9632153426856325,-1.259247392535704,1.5061575236834612
1771416045915,1.9059719821268148,-1.115126652314205,1.5457107575322537
1771416045919,1.9456431714936,-1.1940919661422749,1.5361223021537542
1771416045924,1.9047523822318908,-1.1334806678971048,1.5307851623012279
1771416045928,1.9667600142922599,-1.2552880521314174,1.5140663327592363
1771416045932,1.953121673700572,-1.2209261305544048,1.5244748787724816
1771416045936,1.9342751822150104,-1.1377846445376159,1.5642463307252228
1771416045941,1.9150905868525816,-1.1688863489235406,1.5169959324769333
1771416045945,1.9525131744195758,-1.2286124847456408,1.5175042202936873
1771416045949,1.9257811464345416,-1.1585112782236369,1.538338273004794
1771416045953,1.976792560683086,-1.2930223689067883,1.4952598374458768
1771416045957,1.9577825441042571,-1.208627497534702,1.5401727377805197
1771416045961,1.9403319845336782,-1.1818506682795575,1.5388688079532853
1771416045966,1.9314617960164802,-1.133491679144529,1.5638865952431855
1771416045970,1.937106269455014,-1.1782503259786328,1.53756524040223
1771416045974,1.9657851380086735,-1.2660705371916658,1.5037874197076482
1771416045979,1.947340350132472,-1.1783177396710351,1.5503876107704813
1771416045983,1.9422257901729418,-1.1962934747475251,1.5300728552227179
1771416045986,1.942941691912266,-1.1881699328687023,1.5372945810083642
1771416045991,1.943922646256837,-1.2131716648981485,1.518897549579444
1771416045995,1.9070832601457008,-1.1429469523991063,1.526642992034991
1771416045999,1.9000852207282382,-1.1512617494612096,1.5115952600671227
1771416046003,1.9384598976114966,-1.2389001130389565,1.490890098082362
1771416046008,1.9481024380364056,-1.2060065005085343,1.5299187657567137
1771416046012,1.9112297733899213,-1.0991682622533787,1.563530740966412
1771416046016,1.9242927702105446,-1.1758154579586704,1.5232730137142239
1771416046020,1.9464224000381734,-1.2603789855361227,1.4832413735428556
1771416046024,1.9289413553097488,-1.121394135036023,1.5694871602313352
1771416046028,1.9257217110439138,-1.1591955661819398,1.537748271899543
1771416046032,1.958617118158766,-1.2347058968972613,1.5204217716514319
1771416046036,1.9338677162320659,-1.1796239098789918,1.5324267601182207
1771416046041,1.9090721175746772,-1.1564694064509082,1.5189255617192525
1771416046045,1.941523795583125,-1.168320711221399,1.5506583648717178
1771416046050,1.9123217595212345,-1.1595110779275062,1.5206934510616474
1771416046054,1.9181821785016722,-1.1326628935865923,1.5480625437667137
1771416046059,1.9403319845336782,-1.1818506682795575,1.5388688079532853
1771416046063,1.9515994953774753,-1.277546095644271,1.4753360850537396
1771416046068,1.9005436800752182,-1.1045003470631587,1.546656155456414
1771416046072,1.9642907610767932,-1.2472697595204674,1.517483555442168
1771416046077,1.917905480158922,-1.1315573440052815,1.5485281424796056
1771416046081,1.8994467223116778,-1.1175205151091254,1.5359185359942795
1771416046086,1.921417988285595,-1.1322680473416356,1.5523582559050675
1771416046090,1.9646019622335145,-1.318437550770197,1.4564969257540021
1771416046094,1.952049699488978,-1.2371984366003073,1.509913261663982
1771416046098,1.949879542430537,-1.1856478826392827,1.5479888011165024
1771416046103,1.9493547144156986,-1.2276735624202741,1.5141999295829542
1771416046107,1.968499681019721,-1.3099708854260093,1.4693424629782332
1771416046111,1.9472487058720953,-1.2122007175408687,1.523924848184435
1771416046116,1.9090454292606989,-1.0829289304445018,1.572170277860351
1771416046120,1.9638539418287615,-1.251448714396437,1.5134723056838106
1771416046124,1.909339304135739,-1.0750873660782434,1.5778985181615746
1771416046129,1.9398412787368515,-1.223547307655644,1.5052960415214172
1771416046133,1.9493547144156986,-1.2276735624202741,1.5141999295829542
1771416046137,1.947340350132472,-1.1783177396710351,1.5503876107704813
1771416046142,1.9259764305186737,-1.1894442247911097,1.5147962394409775
1771416046146,1.9447867981169629,-1.2462014229596907,1.4930431017031192
1771416046151,1.9295774438272673,-1.1885292180478795,1.520087961130364
1771416046155,1.9584789713606015,-1.2362936753651916,1.5189528727099157
1771416046159,1.9194608533961983,-1.113260483652906,1.5636435217968832
1771416046163,1.9339122450048083,-1.2146012983027314,1.5049120431244003
1771416046167,1.9104189782359708,-1.1041150655664091,1.5590479769376744
1771416046172,1.9408686957385712,-1.2124965026159111,1.515527474261726
1771416046177,1.9333881132152075,-1.2246515026369742,1.4960676099063375
1771416046182,1.9441290185669677,-1.2148781742024448,1.5177973061910128
1771416046187,1.928545173448617,-1.1638295555922415,1.5377864778836892
1771416046191,1.9016439345115697,-1.0917010150617077,1.5570608682315152
1771416046195,1.9627635960168375,-1.2314869470652618,1.528358869198209
1771416046200,1.9398412787368515,-1.223547307655644,1.5052960415214172
1771416046204,1.9313391783633729,-1.1722242489002965,1.534914112310993
1771416046208,1.91378850280646,-1.1429332987445138,1.5350211425564066
1771416046212,1.9042723678508753,-1.0611143545518613,1.5812303998862296
1771416046216,1.9162180870143664,-1.1511685055500942,1.5318951755360288
1771416046220,1.9291900795511485,-1.1921950878439882,1.5167218715239892
1771416046225,1.935659573058959,-1.1954544191111278,1.5223884900387505
1771416046229,1.9396617653672021,-1.2215235826920126,1.5067076361904723
1771416046233,1.9368958101496723,-1.2167127033714955,1.5070419957087402
1771416046237,1.9605672607637419,-1.2171581710759893,1.5369938095391258
1771416046241,1.9235654864429386,-1.1480118783687148,1.5434289448363971
1771416046246,1.9094184825123146,-1.0400947159935279,1.6012750928937765
1771416046250,1.9502707092821974,-1.2173516729369744,1.523683282011598
1771416046254,1.9364040017525428,-1.1905486690353464,1.5271720023171675
1771416046259,1.9441290185669677,-1.2148781742024448,1.5177973061910128
1771416046263,1.9452677232551483,-1.2347409773130296,1.5031570889572163
1771416046268,1.929705452685319,-1.1496392468365393,1.549868619030841
1771416046273,1.9094319258085726,-1.115809630463184,1.5494835100325035
1771416046277,1.920695246142157,-1.1403619812804227,1.545524111815558
1771416046281,1.9307748339041433,-1.1786643875923744,1.5292618221413445
1771416046285,1.9197057746025643,-1.1882893430267287,1.5077263340180596
1771416046289,1.9353889418844459,-1.1200574486290105,1.5783541009986533
1771416046293,1.9289413553097488,-1.121394135036023,1.5694871602313352
1771416046297,1.9389004276593451,-1.1982963343847604,1.5242771281422671
1771416046302,1.9154103961746096,-1.1238821804531025,1.5510273467072573
1771416046306,1.968224145079191,-1.2418625210974636,1.5269851878673102
1771416046311,1.9150710379262947,-1.1683747022042543,1.5173653599424286
1771416046315,1.9123578795563838,-1.159431412620036,1.5207996116948794
1771416046319,1.926202056327565,-1.2302202327884972,1.482164815612068
1771416046324,1.9585442374325208,-1.2355964668402366,1.5196041922527257
1771416046328,1.9628067459494882,-1.1860105344260297,1.5639658993006538
1771416046332,1.9050063881097767,-1.0931833476422728,1.5601280419172945
1771416046336,1.9780645971290118,-1.3143490414232992,1.4782510435392273
1771416046341,1.9583908295829429,-1.2795586375449104,1.4825735511193971
1771416046345,1.91349775015603,-1.1419648337865864,1.535379418335078
1771416046349,1.9189784588233134,-1.12322517652125,1.5559060152389368
1771416046353,1.9062179098439183,-1.1161409651679846,1.545281872566813
1771416046358,1.9165338812500763,-1.1110798357699059,1.5616029317739515
1771416046362,1.934334492776685,-1.1696124017429173,1.5406676343828347
1771416046367,1.8886405070573709,-0.9336114157957152,1.641746840774741
1771416046370,1.9295774438272673,-1.1885292180478795,1.520087961130364
1771416046375,1.9198038239411384,-1.1510985891941166,1.5364305257232858
1771416046380,1.9185900611571538,-1.2003926673040446,1.4966780772944102
1771416046384,1.9304147641988882,-1.178350971466068,1.5290487728918338
1771416046388,1.9169702840802145,-1.0673430912955295,1.5923422356736887
1771416046392,1.923051246228624,-1.1493866231367158,1.54176408252879
1771416046396,1.937106269455014,-1.1782503259786328,1.53756524040223
1771416046401,1.9481024380364056,-1.2060065005085343,1.5299187657567137
1771416046405,1.9011877860041795,-1.1337968141505401,1.5261126373480955
1771416046409,1.9545140819528248,-1.2090001407327347,1.5357226169657467
1771416046414,1.9302205173337739,-1.1019060653513946,1.5847883987075593
1771416046418,1.940255242267295,-1.1789595031954896,1.5409882851503978
1771416046422,1.9524919578330275,-1.195710777854242,1.54353509228843
1771416046426,1.937106269455014,-1.1782503259786328,1.53756524040223
1771416046430,1.93685371849041,-1.1811724288797127,1.5350029381354708
1771416046435,1.9393229189251993,-1.2297449294545135,1.4995668682487848
1771416046439,1.9059719821268148,-1.115126652314205,1.5457107575322537
1771416046444,1.9585910864955958,-1.275530109947399,1.4863048081458843
1771416046449,1.9268183671896584,-1.1423369424825676,1.5516750078476487
1771416046454,1.9221244751430175,-1.123464591991613,1.5596120698702416
1771416046458,1.9060244789239242,-1.0000536845803583,1.6225972828198825
1771416046462,1.9418204888413497,-1.2016982286569533,1.52531576341648
1771416046467,1.9193565653949727,-1.1145832811410483,1.5625727933525657
1771416046471,1.9274064140259133,-1.1395572305383552,1.5544467836358966
1771416046475,1.9687339716619732,-1.274937396568015,1.5001493545671707
1771416046480,1.9395127734248125,-1.1546737236487008,1.5583447597349092
1771416046484,1.9414461830479042,-1.1686277344924885,1.5503298035728494
1771416046488,1.9353889418844459,-1.1200574486290105,1.5783541009986533
1771416046493,1.914458247145025,-1.0976352192778214,1.5685494271659184
1771416046498,1.936002915075818,-1.190906501390794,1.5263842871725337
1771416046502,1.9442887646453142,-1.2131007517753027,1.519422708257382
1771416046507,1.9236862900739644,-1.182721805152995,1.5171480067001286
1771416046511,1.9154867489170146,-1.1228863281731525,1.5518427044254484
1771416046516,1.9260419009675154,-1.1561411609064585,1.5404463704850055
1771416046519,1.9525400131161503,-1.2678295787179348,1.4849311977824158
1771416046524,1.9179413471874047,-1.135961251794015,1.5453449600893685
1771416046528,1.9186748989937163,-1.1593424696470809,1.5288029323955246
1771416046532,1.9556252465569506,-1.1918994252123347,1.55043408926321
1771416046537,1.9016058813370134,-1.1339844887428496,1.5264940573831716
1771416046541,1.9588299813413637,-1.268758131752433,1.4924033298387815
1771416046546,1.9577877708017208,-1.2837148966300462,1.478177600855486
1771416046549,1.9584762572806558,-1.2364694797822584,1.5188062667434044
1771416046554,1.941479799085533,-1.1681942058549486,1.5506985869807606
1771416046558,1.9320443012970125,-1.159817851120378,1.5451918115226893
1771416046562,1.9137983888076047,-1.1427853304275357,1.5351436289683813
1771416046567,1.9357048977051363,-1.194440053742249,1.5232420717062227
1771416046571,1.9144161110159685,-1.0941254223417467,1.5709483143321423
1771416046575,1.9413633971461766,-1.2061426058464724,1.5212205146331759
1771416046580,1.948914447406527,-1.2325687532037906,1.5096495593135322
1771416046585,1.9624220587179242,-1.3029204769457612,1.4674803464776371
1771416046589,1.9486490132917786,-1.2362900097334404,1.5062602659687707
1771416046594,1.9144161110159685,-1.0941254223417467,1.5709483143321423
1771416046598,1.9304147641988882,-1.178350971466068,1.5290487728918338
1771416046602,1.9421209898574725,-1.1935162968922013,1.5321073031278507
1771416046607,1.920695246142157,-1.1403619812804227,1.545524111815558
1771416046611,1.8971862559946648,-1.107520875837912,1.5403613860124767
1771416046616,1.9574779527379196,-1.2477627252970322,1.5082467029018691
1771416046620,1.9367006430437772,-1.2189853090498213,1.504953220896547
1771416046625,1.9220288448662,-1.0868824111727908,1.585207085771736
1771416046629,1.9369965922460244,-1.1466926747273773,1.5611059246890597
1771416046633,1.8939370993149656,-1.1079991748708529,1.5360128790628989
1771416046638,1.940255242267295,-1.1789595031954896,1.5409882851503978
1771416046642,1.90005120887986,-1.0732386212495972,1.567913727927682
1771416046647,1.9657678680234767,-1.2703354312337427,1.500163725433243
1771416046651,1.9051902428882788,-1.0489735113213314,1.5904101465165819
1771416046655,1.9497359467606865,-1.2595332088399405,1.488303180780097
1771416046659,1.949879542430537,-1.1856478826392827,1.5479888011165024
1771416046664,1.923051246228624,-1.1493866231367158,1.54176408252879
1771416046668,1.9377271575784907,-1.1715293793014583,1.5434718820408608
1771416046673,1.9419339354551697,-1.1631499493998345,1.555052926714575
1771416046677,1.917714838511923,-1.1748692703973407,1.5156887541064725
1771416046681,1.9053434694545877,-1.085223545428455,1.5660854360605425
1771416046685,1.9269891284098508,-1.1403133267349075,1.5533745903292369
1771416046690,1.9330484545492226,-1.1523008515138988,1.552056402079345
1771416046694,1.90417579123808,-1.1023041938466558,1.5526786235938337
1771416046699,1.9330833893574149,-1.1541986100715131,1.5506891883025875
1771416046703,1.9331944266376095,-1.1868689434265882,1.525969463099498
1771416046708,1.9542327896219198,-1.2836128344400595,1.4735548470600703
1771416046713,1.9313391783633729,-1.1722242489002965,1.534914112310993
1771416046717,1.93137362801653,-1.1726505399064444,1.5346318132551722
1771416046721,1.9239714386379985,-1.1436591247122398,1.547161886538446
1771416046725,1.9120199000747278,-1.0850593425085644,1.5743145560899365
1771416046729,1.9151716856042091,-1.1676232270626647,1.5180706785139606
1771416046733,1.956552940366509,-1.2585532202085385,1.4980464613487625
1771416046738,1.9220262236388235,-1.1620583102477398,1.530949146098421
1771416046742,1.9242141969453468,-1.173225546714768,1.525169529023531
1771416046746,1.926399443270672,-1.1838208992431565,1.5197311912139855
1771416046751,1.9302645574702373,-1.2198715409087213,1.4959393990087813
1771416046756,1.9420132211286534,-1.162448005799604,1.5556766967628626
1771416046760,1.952010536610777,-1.2012947730736308,1.5385824655264557
1771416046764,1.9383146500036337,-1.2406001318352806,1.4892867404596717
1771416046769,1.9427915238124294,-1.2268528266601162,1.5064099862632032
1771416046773,1.9364428133096638,-1.149433373924707,1.55840100363376
1771416046778,1.9805756136179105,-1.2507406538540444,1.5356847261253594
1771416046782,1.9352121088686804,-1.1639522841294252,1.5460468901627336
1771416046787,1.9248496472758503,-1.0908167005224108,1.5859272021374013
1771416046791,1.952158461203755,-1.2358230024867243,1.5111797259671367
1771416046795,1.949235121512377,-1.1926161908785768,1.541811979520086
1771416046800,1.9364040017525428,-1.1905486690353464,1.5271720023171675
1771416046805,1.9336380896773762,-1.1818290643651217,1.5304366450373024
1771416046809,1.9318038699874525,-1.12964775674355,1.5670871506660897
1771416046814,1.9130797813021705,-1.1140729440895307,1.5552220821718181
1771416046818,1.9481108055217944,-1.2424653671593695,1.5004717664788991
1771416046822,1.9257008800166218,-1.2000262649084075,1.5060746471628716
1771416046827,1.9559922722601506,-1.2284456567240802,1.5221126888693788
1771416046832,1.9367006430437772,-1.2189853090498213,1.504953220896547
1771416046836,1.9689343944167295,-1.3052047880854079,1.4741584415103075
1771416046840,1.9221244751430175,-1.123464591991613,1.5596120698702416
1771416046845,1.9293223760547902,-1.116867148301874,1.5731791391287073
1771416046850,1.938202404172544,-1.1280929421996628,1.5760821277140153
1771416046854,1.9312639235837112,-1.1732338039352734,1.5340478427479107
1771416046858,1.9259764305186737,-1.1894442247911097,1.5147962394409775
1771416046863,1.952049699488978,-1.2371984366003073,1.509913261663982
1771416046867,1.9130797813021705,-1.1140729440895307,1.5552220821718181
1771416046871,1.924149247365492,-1.2172277169679915,1.4902036811060695
1771416046876,1.9324327454743004,-1.1553613458740468,1.5490114512944873
1771416046880,1.937106269455014,-1.1782503259786328,1.53756524040223
1771416046885,1.940255242267295,-1.1789595031954896,1.5409882851503978
1771416046890,1.930430016518009,-1.1420606191489822,1.556360366644809
1771416046894,1.9236862900739644,-1.182721805152995,1.5171480067001286
1771416046898,1.9477483066286891,-1.2419463927880234,1.5004308126054138
1771416046903,1.9199848573593175,-1.1846337519380674,1.5109549054350417
1771416046907,1.9110661057254437,-1.1334898288173358,1.538627462519846
1771416046911,1.9298883256692692,-1.1476123811233898,1.5515974904100738
1771416046921,1.9449201226840678,-1.201867023107538,1.529127183195706
1771416046936,1.9653965335896457,-1.2337773305281803,1.5298944515622483
1771416046944,1.9453176694369128,-1.1975016959276554,1.5330526811802165
1771416046949,1.9162180870143664,-1.1511685055500942,1.5318951755360288
1771416046953,1.9364095607517553,-1.1868762508186497,1.53003488594655
1771416046957,1.9212517785914847,-1.170644510125743,1.5234171548375717
1771416046962,1.9199848573593175,-1.1846337519380674,1.5109549054350417
1771416046966,1.923051246228624,-1.1493866231367158,1.54176408252879
1771416046970,1.9408686957385712,-1.2124965026159111,1.515527474261726
1771416046975,1.9550437667369804,-1.2435261518401028,1.5085883598738479
1771416046979,1.934334492776685,-1.1696124017429173,1.5406676343828347
1771416046983,1.9392497768525843,-1.194759990305913,1.5274941121284273
1771416046987,1.9408686957385712,-1.2124965026159111,1.515527474261726
1771416046992,1.9586257031513155,-1.235350088768246,1.5199094720493294
1771416046996,1.908403438636101,-1.1683371167408336,1.5089705319335465
1771416047000,1.94146118592533,-1.205289185041702,1.522021523131686
1771416047004,1.985355284974065,-1.3468846479734227,1.4586080188412376
1771416047009,1.9600842176185858,-1.2580766048527223,1.5030546884527223
1771416047014,1.9364095607517553,-1.1868762508186497,1.53003488594655
1771416047019,1.9304147641988882,-1.178350971466068,1.5290487728918338
1771416047023,1.9364316338554646,-1.2268430636089156,1.4982067847499672
1771416047028,1.91584885675638,-1.1552784078698526,1.5283352519144573
1771416047033,1.934334492776685,-1.1696124017429173,1.5406676343828347
1771416047037,1.9574673815378076,-1.211378669337539,1.537608620312235
1771416047041,1.9130797813021705,-1.1140729440895307,1.5552220821718181
1771416047046,1.927033550950078,-1.1813260794260374,1.5224739736872923
1771416047050,1.9391105906573782,-1.1594584893735678,1.5542862973786942
1771416047054,1.919121279925175,-1.1587110834774295,1.5298415316915026
1771416047059,1.9139302645613288,-1.1048363973217497,1.5628389529177007
1771416047064,1.9285020309715553,-1.130830338091688,1.5621596685079449
1771416047068,1.9459010553934135,-1.2665876252531652,1.4772564790640617
1771416047072,1.8805528482006417,-1.0296945273736058,1.5735972150370605
1771416047076,1.926266771039986,-1.111513729907862,1.573226271532206
1771416047081,1.9000852207282382,-1.1512617494612096,1.5115952600671227
1771416047085,1.942067738574159,-1.273534560994137,1.4661980845588425
1771416047089,1.9181821785016722,-1.1326628935865923,1.5480625437667137
1771416047093,1.9321411887039823,-1.1989598799630479,1.5151451347397158
1771416047098,1.9422257901729418,-1.1962934747475251,1.5300728552227179
1771416047102,1.9304147641988882,-1.178350971466068,1.5290487728918338
1771416047106,1.956552940366509,-1.2585532202085385,1.4980464613487625
1771416047111,1.9352121088686804,-1.1639522841294252,1.5460468901627336
1771416047115,1.9580738493268572,-1.241653388881281,1.514050878041199
1771416047119,1.9257811464345416,-1.1585112782236369,1.538338273004794
1771416047123,1.9396617653672021,-1.2215235826920126,1.5067076361904723
1771416047128,1.9279217262787853,-1.1705907432203626,1.531861447567818
1771416047131,1.9245570987631557,-1.1317667315162592,1.5566065950755377
1771416047135,1.9577802132767415,-1.280036262087637,1.4813542895737783
1771416047140,1.920619052616206,-1.1411986184851333,1.5448117226510145
1771416047144,1.9345873358242565,-1.1362941510974813,1.565715096086529
1771416047149,1.9403140541101205,-1.2189634899062258,1.5096180440273248
1771416047153,1.9276359849664062,-1.1371876833492487,1.556465439184621
1771416047158,1.9246160698841375,-1.1313520850002616,1.5569808849892228
1771416047162,1.9321350380203446,-1.195584116652625,1.5178024987309253
1771416047166,1.929931475383002,-1.2265624309212393,1.4900268798671354
1771416047170,1.910492842815173,-1.107813658511897,1.5565127048830947
1771416047174,1.9442651030455131,-1.2134434775302836,1.519118730632926
1771416047178,1.925937517964014,-1.1568043375798882,1.5398178618452711
1771416047182,1.9033409385002535,-1.1100974437544646,1.5460887405129204
1771416047186,1.935659573058959,-1.1954544191111278,1.5223884900387505
1771416047191,1.9331944266376095,-1.1868689434265882,1.525969463099498
1771416047196,1.924550893965678,-1.173155096536991,1.5256484729233577
1771416047200,1.9190431198946816,-1.1591672363958987,1.5293978599701936
1771416047204,1.930711605710335,-1.2150227132097127,1.5004556344021267
1771416047208,1.9303947686260567,-1.2145484838739458,1.5004319188348223
1771416047213,1.9257811464345416,-1.1585112782236369,1.538338273004794
1771416047217,1.9369965922460244,-1.1466926747273773,1.5611059246890597
1771416047221,1.9052106711659094,-1.1687276452102484,1.504627326897183
1771416047226,1.9002525414818696,-1.0716319976256277,1.5692560603907864
1771416047230,1.952716969877091,-1.1936131373911985,1.5454420864895286
1771416047235,1.8964280266327016,-1.0368489747466514,1.5878864769764935
1771416047239,1.9517563825052717,-1.2001226722058633,1.5391746321673583
1771416047244,1.9331944266376095,-1.1868689434265882,1.525969463099498
1771416047248,1.9667897360215003,-1.2543188058716703,1.5149079836597963
1771416047253,1.900666438380763,-1.1032318813885524,1.5477119647644033
1771416047258,1.9389004276593451,-1.1982963343847604,1.5242771281422671
1771416047262,1.9214112469869653,-1.2083613504927035,1.4938821997344554
1771416047267,1.9368958101496723,-1.2167127033714955,1.5070419957087402
1771416047271,1.944774568388039,-1.2041749005704747,1.5271250540427168
1771416047275,1.9382237850486015,-1.2019206436416965,1.5205585182149541
1771416047280,1.942363783264886,-1.2308844029578507,1.502564691816687
1771416047284,1.9169693848493978,-1.1053443483290875,1.5662009749922976
1771416047289,1.9646511869347187,-1.2790157190900169,1.491299123799329
1771416047293,1.926266771039986,-1.111513729907862,1.573226271532206
1771416047298,1.9338677162320659,-1.1796239098789918,1.5324267601182207
1771416047302,1.9256707032148346,-1.1602706281079722,1.536873360680654
1771416047307,1.931848405429408,-1.1617447300716461,1.5434984430542533
1771416047311,1.9331944266376095,-1.1868689434265882,1.525969463099498
1771416047316,1.9160677198508882,-1.15706391869059,1.5272585226866333
1771416047320,1.9269891284098508,-1.1403133267349075,1.5533745903292369
1771416047325,1.919121279925175,-1.1587110834774295,1.5298415316915026
1771416047329,1.9602383887498076,-1.2570811200916687,1.5040882946946692
1771416047333,1.9442651030455131,-1.2134434775302836,1.519118730632926
1771416047337,1.8891262962260262,-1.0445352369778336,1.574085226982429
1771416047342,1.9081296980206925,-1.1308387421538455,1.5369328819803576
1771416047347,1.9285661950253774,-1.1675486710692378,1.5349910974592391
1771416047351,1.9364095607517553,-1.1868762508186497,1.53003488594655
1771416047356,1.9239714386379985,-1.1436591247122398,1.547161886538446
1771416047360,1.9506881501457018,-1.2492023828867216,1.4982248381698244
1771416047364,1.8880552745101562,-1.0235225758942113,1.5865542084153634
1771416047368,1.9256707032148346,-1.1602706281079722,1.536873360680654
1771416047373,1.9065659823996282,-1.0718568896990406,1.5767424181673295
1771416047377,1.957742447441433,-1.2494032221319258,1.50723159436111
1771416047382,1.9657469265239966,-1.2663379185422323,1.503512306301703
1771416047387,1.93137362801653,-1.1726505399064444,1.5346318132551722
1771416047391,1.911710352610655,-1.2022983884671574,1.4863092065139174
1771416047396,1.9337339770038524,-1.1437901787894154,1.55918925109302
1771416047400,1.9192593286049844,-1.1236982843742607,1.5559108381046771
1771416047404,1.9393229189251993,-1.2297449294545135,1.4995668682487848
1771416047408,1.9578348314763878,-1.2442971014135529,1.511569366835676
1771416047413,1.9331944266376095,-1.1868689434265882,1.525969463099498
1771416047418,1.9569976012488466,-1.2571440848254776,1.4998094416565233
1771416047423,1.952049699488978,-1.2371984366003073,1.509913261663982
1771416047428,1.8981115119405763,-1.0585660860294768,1.575520597538977
1771416047433,1.9418204888413497,-1.2016982286569533,1.52531576341648
1771416047437,1.9239019027986546,-1.1761222325828988,1.5225422902555126
1771416047441,1.9245570987631557,-1.1317667315162592,1.5566065950755377
1771416047445,1.9256824036719802,-1.196742283466702,1.5086618662824347
1771416047450,1.9230055028233357,-1.1503156503917757,1.541013974093868
1771416047454,1.9280930780356103,-1.208723790248307,1.5021749952840384
1771416047458,1.9194608533961983,-1.113260483652906,1.5636435217968832
1771416047463,1.951456924930593,-1.2444248691133282,1.503193558724838
1771416047467,1.915242177971615,-1.0882956834579032,1.5759965436663719
1771416047471,1.9354232421747373,-1.161348242678467,1.5482678662227052
1771416047476,1.9377905326807092,-1.2470007874008056,1.4832468387860323
1771416047480,1.923965031345752,-1.2153715095321331,1.4914803168861615
1771416047484,1.9269891284098508,-1.1403133267349075,1.5533745903292369
1771416047489,1.9000486134754426,-1.0730422066602476,1.5680450109278299
1771416047493,1.9269891284098508,-1.1403133267349075,1.5533745903292369
1771416047497,1.9311560080182266,-1.1738807029096443,1.533416976116168
1771416047502,1.9452677232551483,-1.2347409773130296,1.5031570889572163
1771416047506,1.9545930845936452,-1.2443227456179429,1.5073470174711348
1771416047510,1.9493547144156986,-1.2276735624202741,1.5141999295829542
1771416047515,1.935659573058959,-1.1954544191111278,1.5223884900387505
1771416047519,1.9450675145216716,-1.2040975259268871,1.5275590934900891
1771416047523,1.9506681888603787,-1.2489033792777942,1.4984481079638148
1771416047527,1.8994265675552702,-1.038337510548635,1.5904956773667944
1771416047532,1.9303947686260567,-1.2145484838739458,1.5004319188348223
1771416047536,1.962300606531016,-1.2695295224369636,1.4963015946168634
1771416047541,1.9112157536853709,-1.1764807803826214,1.5062000632470571
1771416047545,1.8934907929306428,-1.1454246798437533,1.5077498750515452
1771416047549,1.960687832141827,-1.2869621084204432,1.47919752115768
1771416047553,1.9367492511306132,-1.1458649735633748,1.5614067772734939
1771416047558,1.939632264347181,-1.1929811351102269,1.5293689326541478
1771416047563,1.9053434694545877,-1.085223545428455,1.5660854360605425
1771416047567,1.960365819743828,-1.2903202849369173,1.475841356481178
1771416047571,1.9217317011504125,-1.205337413734352,1.4967345957980132
1771416047576,1.9495151230908514,-1.2299649372392392,1.5125460218856193
1771416047580,1.9364040017525428,-1.1905486690353464,1.5271720023171675
1771416047584,1.9290227953916772,-1.162250074861915,1.5395790686496726
1771416047589,1.8976330273029232,-1.1432306542674266,1.5146071363406843
1771416047594,1.91349775015603,-1.1419648337865864,1.535379418335078
1771416047598,1.9420132211286534,-1.162448005799604,1.5556766967628626
1771416047603,1.9263279169332759,-1.1886376649094093,1.5158759003016047
1771416047607,1.9390305087994968,-1.2291932382068136,1.4996410561203914
1771416047611,1.9477483066286891,-1.2419463927880234,1.5004308126054138
1771416047616,1.9070832601457008,-1.1429469523991063,1.526642992034991
1771416047620,1.9413330344692126,-1.2425691670850447,1.4915749447248767
1771416047625,1.9343232244099682,-1.1738559257062702,1.5374227142123442
1771416047630,1.9314617960164802,-1.133491679144529,1.5638865952431855
1771416047634,1.929260678218915,-1.1915648109318782,1.5173068463137525
1771416047638,1.9545676742560196,-1.2083538028570278,1.5362994110418533
1771416047643,1.9165338812500763,-1.1110798357699059,1.5616029317739515
1771416047648,1.9365298163820173,-1.2215790459771616,1.5026284850774316
1771416047652,1.9269693049879562,-1.1816731644634977,1.5221232652950911
1771416047656,1.954851343409081,-1.2414710700292566,1.5100309126334803
1771416047661,1.9413330344692126,-1.2425691670850447,1.4915749447248767
1771416047665,1.9110176153298766,-1.1341592221930763,1.538073855448913
1771416047669,1.9375712350954675,-1.1730097607051833,1.5421512222735305
1771416047674,1.9266651238845833,-1.2246079087618569,1.4874051127352992
1771416047678,1.957742447441433,-1.2494032221319258,1.50723159436111
1771416047683,1.9364428133096638,-1.149433373924707,1.55840100363376
1771416047687,1.9342553038541515,-1.206789035633631,1.5116229040214915
1771416047691,1.8857465627983057,-1.0092642079589311,1.5929299600543194
1771416047696,1.9304147641988882,-1.178350971466068,1.5290487728918338
1771416047700,1.943358539068517,-1.2202752916685249,1.5124716935909304
1771416047705,1.9165338812500763,-1.1110798357699059,1.5616029317739515
1771416047709,1.9645061566418391,-1.207977954111945,1.5492171254744151
1771416047713,1.9317158843766296,-1.199569188781981,1.5141202129546794
1771416047717,1.9194608533961983,-1.113260483652906,1.5636435217968832
1771416047722,1.9377271575784907,-1.1715293793014583,1.5434718820408608
1771416047725,1.9313391783633729,-1.1722242489002965,1.534914112310993
1771416047730,1.9080094730697787,-1.1329682569509556,1.5352143427109872
1771416047735,1.9024846951615784,-1.0817329990452933,1.565024515495051
1771416047739,1.9162180870143664,-1.1511685055500942,1.5318951755360288
1771416047743,1.9122329726079343,-1.1636344241361298,1.5174287029361067
1771416047747,1.8710980430344233,-0.9047636031713935,1.6378066763276935
1771416047751,1.9383943558130856,-1.2045117150144025,1.518724532968731
1771416047756,1.9364316338554646,-1.2268430636089156,1.4982067847499672
1771416047760,1.9050063881097767,-1.0931833476422728,1.5601280419172945
1771416047764,1.9160677198508882,-1.15706391869059,1.5272585226866333
1771416047769,1.9278412518485544,-1.2075108344911656,1.5028271613580353
1771416047773,1.9390305087994968,-1.2291932382068136,1.4996410561203914
1771416047777,1.920695246142157,-1.1403619812804227,1.545524111815558
1771416047782,1.9358815466928532,-1.232111492422628,1.493163967240704
1771416047787,1.9468721565034839,-1.2602383785793305,1.483950950309432
1771416047791,1.9194608533961983,-1.113260483652906,1.5636435217968832
1771416047795,1.9475755145898288,-1.2868073308471812,1.4619087790651608
1771416047800,1.9363712848395096,-1.1907899540431728,1.5269423820501125
1771416047805,1.9341583884596618,-1.2118173318567034,1.5074705389693612
1771416047809,1.9291900795511485,-1.1921950878439882,1.5167218715239892
1771416047814,1.9481024380364056,-1.2060065005085343,1.5299187657567137
1771416047818,1.952010536610777,-1.2012947730736308,1.5385824655264557
1771416047823,1.952010536610777,-1.2012947730736308,1.5385824655264557
1771416047827,1.9052658273595158,-1.090240600467691,1.562502257917021
1771416047832,1.9448952095407348,-1.2388394021804747,1.4992979396036077
1771416047836,1.928545173448617,-1.1638295555922415,1.5377864778836892
1771416047840,1.9317158843766296,-1.199569188781981,1.5141202129546794
1771416047843,1.906704175771234,-1.1134932358585141,1.5477899171401772
1771416047848,1.957431892789951,-1.252088021771861,1.5045980196207482
1771416047852,1.966703641461817,-1.2591061638218135,1.510819274951537
1771416047856,1.8995589817203982,-1.1162070276364333,1.5370121003068502
1771416047861,1.9336380896773762,-1.1818290643651217,1.5304366450373024
1771416047865,1.9582812481566663,-1.278131205265139,1.4836596877348638
1771416047870,1.9615264965221852,-1.241758874157813,1.5184271780394736
1771416047874,1.951897768483749,-1.2387084374587594,1.5084781422282254
1771416047879,1.9413633971461766,-1.2061426058464724,1.5212205146331759
1771416047883,1.9263819939690248,-1.1886053624602064,1.515969946608084
1771416047888,1.939676359355441,-1.1891823666640533,1.5323803959388345
1771416047893,1.9481024380364056,-1.2060065005085343,1.5299187657567137
1771416047897,1.9524919578330275,-1.195710777854242,1.54353509228843
1771416047902,1.9206104810522733,-1.1409869708464662,1.5449573949745186
1771416047906,1.924442621078425,-1.0528907943864692,1.6108694475094585
1771416047911,1.9506681888603787,-1.2489033792777942,1.4984481079638148
1771416047915,1.9576564490819919,-1.2500629177292517,1.5065727577354315
1771416047919,1.9246364580679705,-1.1312308645855411,1.5570941611647868
1771416047923,1.9701255151884323,-1.2922858366434111,1.4870749348998271
1771416047928,1.9747666058249185,-1.3157392041651632,1.4725941376034646
1771416047932,1.9588441496477058,-1.2362725374656425,1.51944088918171
1771416047936,1.9246160698841375,-1.1313520850002616,1.5569808849892228
1771416047941,1.9121063102615654,-1.0850097097763545,1.5744537057129144
1771416047945,1.930601340876013,-1.216232090865598,1.4993335314535439
1771416047950,1.9151225382862112,-1.131126732048348,1.54539530628815
1771416047954,1.93709306842809,-1.214629774228599,1.5089745085022264
1771416047959,1.9332111681967734,-1.1871372166822147,1.5257819797103183
1771416047963,1.9396094842446927,-1.1859291396509193,1.5348149813898722
1771416047967,1.9274394493889855,-1.1397154596429053,1.5543717387137084
1771416047972,1.9332484674479433,-1.2221877161295385,1.4979008056049252
1771416047976,1.9557324148433777,-1.2273345162612586,1.522675035476333
1771416047980,1.9477483066286891,-1.2419463927880234,1.5004308126054138
1771416047984,1.9751089107087874,-1.2724199313926687,1.510629910784216
1771416047988,1.9099748847781979,-1.114265725091817,1.55126269676322
1771416047992,1.9324327454743004,-1.1553613458740468,1.5490114512944873
1771416047997,1.8836230181784221,-1.0309561676597536,1.57644062843353
1771416048001,1.9234521600246979,-1.1488390611523793,1.5426720401544185
1771416048006,1.9396094842446927,-1.1859291396509193,1.5348149813898722
1771416048011,1.9199848573593175,-1.1846337519380674,1.5109549054350417
1771416048015,1.9652308741377325,-1.2397458295293664,1.5248484078191835
1771416048019,1.9181013668970825,-1.1719023101589379,1.5184722022930155
1771416048024,1.9317158843766296,-1.199569188781981,1.5141202129546794
1771416048028,1.9667600142922599,-1.2552880521314174,1.5140663327592363
1771416048033,1.9513655186050356,-1.1684689262352288,1.5628524420505574
1771416048037,1.9189784588233134,-1.12322517652125,1.5559060152389368
1771416048042,1.9214174581198544,-1.168271385798228,1.525446497748397
1771416048046,1.940255242267295,-1.1789595031954896,1.5409882851503978
1771416048050,1.9517563825052717,-1.2001226722058633,1.5391746321673583
1771416048054,1.9042723678508753,-1.0611143545518613,1.5812303998862296
1771416048058,1.9347843463070395,-1.1320776395575967,1.569009459731986
1771416048062,1.9398412787368515,-1.223547307655644,1.5052960415214172
1771416048067,1.928545173448617,-1.1638295555922415,1.5377864778836892
1771416048071,1.9237291412578204,-1.1042366430922466,1.5752445032365348
1771416048076,1.9493547144156986,-1.2276735624202741,1.5141999295829542
1771416048080,1.9332111681967734,-1.1871372166822147,1.5257819797103183
1771416048085,1.955393959168697,-1.2353177326357503,1.5157689913008185
1771416048090,1.895179167494658,-1.134069011956353,1.5184174501849241
1771416048094,1.9123217595212345,-1.1595110779275062,1.5206934510616474
1771416048098,1.9442991773678269,-1.1763601185184742,1.5480556070995672
1771416048102,1.9521566204798806,-1.2358217461481065,1.5111783755172232
1771416048107,1.9486490132917786,-1.2362900097334404,1.5062602659687707
1771416048111,1.9728558847660196,-1.2661596312391192,1.5129441927170781
1771416048116,1.936002915075818,-1.190906501390794,1.5263842871725337
1771416048120,1.9406930110286111,-1.213904023261433,1.5141751501609724
1771416048125,1.9403319845336782,-1.1818506682795575,1.5388688079532853
1771416048129,1.8918260123008177,-1.092434640540952,1.544536246568586
1771416048133,1.9444190083933652,-1.2480940930758677,1.4909816950689116
1771416048138,1.9522520872241318,-1.1951232491716295,1.5436867011671849
1771416048142,1.9545930845936452,-1.2443227456179429,1.5073470174711348
1771416048147,1.952049699488978,-1.2371984366003073,1.509913261663982
1771416048151,1.9280818568413067,-1.1690687174628922,1.5332246999478876
1771416048155,1.9315887204188766,-1.2018028210833114,1.5121854926184246
1771416048159,1.9046519695982478,-1.1345040358482248,1.5299018654601917
1771416048163,1.931848405429408,-1.1617447300716461,1.5434984430542533
1771416048167,1.921442702831634,-1.1362672227885395,1.549464055304722
1771416048172,1.952158461203755,-1.2358230024867243,1.5111797259671367
1771416048176,1.9493547144156986,-1.2276735624202741,1.5141999295829542
1771416048181,1.9053434694545877,-1.085223545428455,1.5660854360605425
1771416048184,1.9080320596827467,-1.0950429894395797,1.5625195013363558
1771416048188,1.9367492511306132,-1.1458649735633748,1.5614067772734939
1771416048193,1.9474499189890166,-1.2092510148562712,1.5265232294463802
1771416048197,1.934534988650653,-1.2077722833896916,1.5111954651166848
1771416048201,1.927033550950078,-1.1813260794260374,1.5224739736872923
1771416048206,1.93685371849041,-1.1811724288797127,1.5350029381354708
1771416048211,1.9242927702105446,-1.1758154579586704,1.5232730137142239
1771416048215,1.930668551687027,-1.2510856366164191,1.4704644797904407
1771416048220,1.9345873358242565,-1.1362941510974813,1.565715096086529
1771416048224,1.9139302645613288,-1.1048363973217497,1.5628389529177007
1771416048229,1.956191178462543,-1.2627180226550274,1.494063961802456
1771416048232,1.9212900656167764,-1.0611015051381967,1.6016925772541903
1771416048237,1.9206104810522733,-1.1409869708464662,1.5449573949745186
1771416048241,1.9369965922460244,-1.1466926747273773,1.5611059246890597
1771416048245,1.928100481147668,-1.0894593223662818,1.590801637637789
1771416048249,1.9617893961577508,-1.275163752393372,1.4908303188019243
1771416048254,1.9320327512650046,-1.2001483183061457,1.5140655752072147
1771416048258,1.9589456676990094,-1.2673542497954233,1.4937474132269475
1771416048262,1.9035773296967469,-1.106207323997554,1.5491649384328217
1771416048266,1.9714452390275479,-1.2780828444006287,1.5010331686319207
1771416048271,1.9364040017525428,-1.1905486690353464,1.5271720023171675
1771416048275,1.928545173448617,-1.1638295555922415,1.5377864778836892
1771416048279,1.9073413900750018,-1.065398965940575,1.5820481097823775
1771416048283,1.946904928605732,-1.2555135639697228,1.4879934447830525
1771416048287,1.953121673700572,-1.2209261305544048,1.5244748787724816
1771416048292,1.9256707032148346,-1.1602706281079722,1.536873360680654
1771416048296,1.9696079618164477,-1.2947304324848872,1.4842602974034704
1771416048301,1.9687339716619732,-1.274937396568015,1.5001493545671707
1771416048305,1.9274394493889855,-1.1397154596429053,1.5543717387137084
1771416048309,1.934534988650653,-1.2077722833896916,1.5111954651166848
1771416048314,1.8958272960436313,-1.0815002722890856,1.5570864771947446
1771416048319,1.9067659239836823,-1.0340980325338303,1.6019979862580997
1771416048323,1.9324327454743004,-1.1553613458740468,1.5490114512944873
1771416048327,1.9190431198946816,-1.1591672363958987,1.5293978599701936
1771416048332,1.9467736442736912,-1.220892549476973,1.5163604468167473
1771416048336,1.9382237850486015,-1.2019206436416965,1.5205585182149541
1771416048340,1.9259764305186737,-1.1894442247911097,1.5147962394409775
1771416048344,1.9358317709177721,-1.2289010514698802,1.4957429093901335
1771416048349,1.9362046336247822,-1.1518638640158507,1.5563091023458517
1771416048353,1.9382237850486015,-1.2019206436416965,1.5205585182149541
1771416048357,1.9056927657481295,-1.0850774030485963,1.566611613265416
1771416048361,1.943358539068517,-1.2202752916685249,1.5124716935909304
1771416048365,1.9414035887250403,-1.2059491011727301,1.52142520673714
1771416048370,1.91631084857437,-1.1504267804544237,1.5325682664002578
1771416048374,1.9304147641988882,-1.178350971466068,1.5290487728918338
1771416048378,1.9111508914621413,-1.1326790155108468,1.5393297170385285
1771416048383,1.90005120887986,-1.0732386212495972,1.567913727927682
1771416048387,1.9279217262787853,-1.1705907432203626,1.531861447567818
1771416048391,1.9403140541101205,-1.2189634899062258,1.5096180440273248
1771416048395,1.9181821785016722,-1.1326628935865923,1.5480625437667137
1771416048400,1.9194608533961983,-1.113260483652906,1.5636435217968832
1771416048404,1.9086465064516815,-1.124870700092751,1.5419459765708567
1771416048408,1.9361202998868243,-1.1570299397554504,1.552367074548847
1771416048412,1.9730338588344554,-1.2992243877411287,1.4848833618860002
1771416048416,1.9245570987631557,-1.1317667315162592,1.5566065950755377
1771416048421,1.9596545002540176,-1.2228833764709979,1.5312746350399444
1771416048424,1.9053434694545877,-1.085223545428455,1.5660854360605425
1771416048428,1.9086465064516815,-1.124870700092751,1.5419459765708567
1771416048433,1.9616391044712107,-1.2729644214300861,1.4925111584051154
1771416048437,1.929944716811393,-1.1474760948765224,1.551768417527285
1771416048442,1.9246364580679705,-1.1312308645855411,1.5570941611647868
1771416048446,1.931848405429408,-1.1617447300716461,1.5434984430542533
1771416048450,1.9207166724619422,-1.0984842183745078,1.5755903521713448
1771416048456,1.9352121088686804,-1.1639522841294252,1.5460468901627336
1771416048473,1.957742447441433,-1.2494032221319258,1.50723159436111
1771416048478,1.9591732272149223,-1.1915228176386303,1.5551955212391246
1771416048485,1.9122329726079343,-1.1636344241361298,1.5174287029361067
1771416048490,1.947629282603206,-1.2110799110558779,1.5253016985142205
1771416048494,1.9484976560888247,-1.2018417676623916,1.5336947158042182
1771416048499,1.9431015882619787,-1.2233056372365543,1.5096910611815557
1771416048504,1.9257811464345416,-1.1585112782236369,1.538338273004794
1771416048508,1.9571067929978303,-1.215664262768086,1.5337624977247222
1771416048512,1.9313391783633729,-1.1722242489002965,1.534914112310993
1771416048516,1.9087895345817238,-1.1232898769421573,1.5432748749616794
1771416048521,1.935812263668135,-1.1564133811029516,1.5524423377935779
1771416048525,1.9164936318222034,-1.0730885854505545,1.5879007300806895
1771416048529,1.9450675145216716,-1.2040975259268871,1.5275590934900891
1771416048533,1.9364040017525428,-1.1905486690353464,1.5271720023171675
1771416048537,1.9033409385002535,-1.1100974437544646,1.5460887405129204
1771416048542,1.8958272960436313,-1.0815002722890856,1.5570864771947446
1771416048547,1.9396094842446927,-1.1859291396509193,1.5348149813898722
1771416048551,1.926399443270672,-1.1838208992431565,1.5197311912139855
1771416048556,1.947629282603206,-1.2110799110558779,1.5253016985142205
1771416048560,1.9441290185669677,-1.2148781742024448,1.5177973061910128
1771416048565,1.9000852207282382,-1.1512617494612096,1.5115952600671227
1771416048570,1.9123578795563838,-1.159431412620036,1.5207996116948794
1771416048574,1.9428236608483305,-1.1897077875166886,1.5359554542610454
1771416048578,1.9066513068840067,-1.074549936769301,1.5750116315226317
1771416048583,1.935659573058959,-1.1954544191111278,1.5223884900387505
1771416048587,1.904217363174889,-1.1059786751758796,1.5501144913434406
1771416048592,1.9083592160942644,-1.0930875762482128,1.5642872013488198
1771416048596,1.9029895660496663,-1.113013386014895,1.5435577381638677
1771416048601,1.9331944266376095,-1.1868689434265882,1.525969463099498
1771416048605,1.9214174581198544,-1.168271385798228,1.525446497748397
1771416048609,1.9110661057254437,-1.1334898288173358,1.538627462519846
1771416048613,1.974650261504619,-1.2809598864203242,1.5027925421169386
1771416048617,1.8788390174268728,-0.9308799315100746,1.6320228572288364
1771416048621,1.9364095607517553,-1.1868762508186497,1.53003488594655
1771416048626,1.9016572280263773,-1.0538106929682878,1.582966593548538
1771416048631,1.9544153706420573,-1.2507852083203728,1.5017575715304026
1771416048635,1.9019647709561076,-1.1249537685371125,1.5336065364402525
1771416048639,1.91378850280646,-1.1429332987445138,1.5350211425564066
1771416048644,1.8985542264648378,-1.0532308177134209,1.5796243209846503
1771416048648,1.9123217595212345,-1.1595110779275062,1.5206934510616474
1771416048652,1.9240141834389806,-1.1429089356021682,1.5477692796392768
1771416048656,1.9503289965617014,-1.1756903789905278,1.5561283133400285
1771416048661,1.9441290185669677,-1.2148781742024448,1.5177973061910128
1771416048665,1.9271407909678333,-1.1065458476170031,1.5777921014296192
1771416048669,1.9369965922460244,-1.1466926747273773,1.5611059246890597
1771416048674,1.934334492776685,-1.1696124017429173,1.5406676343828347
1771416048677,1.8988643248408261,-1.087099702589056,1.5568879088694831
1771416048682,1.9257217110439138,-1.1591955661819398,1.537748271899543
1771416048687,1.922249967711222,-1.1219319093078217,1.5608695426725128
1771416048691,1.9248862530819684,-1.205528039556905,1.5006296122448153
1771416048696,1.919121279925175,-1.1587110834774295,1.5298415316915026
1771416048700,1.9130609680039878,-1.0766218623089032,1.5813562637492111
1771416048705,1.9545930845936452,-1.2443227456179429,1.5073470174711348
1771416048709,1.9019630016768956,-1.0506615909734784,1.5854253312599953
1771416048713,1.9186748989937163,-1.1593424696470809,1.5288029323955246
1771416048717,1.923282803502591,-1.1469650981985255,1.5438548525568176
1771416048722,1.9636362059636816,-1.2893736087651257,1.4810073755358002
1771416048726,1.9667897360215003,-1.2543188058716703,1.5149079836597963
1771416048731,1.9477483066286891,-1.2419463927880234,1.5004308126054138
1771416048735,1.952867188516892,-1.2642609133274048,1.4884000131075068
1771416048739,1.9110176153298766,-1.1341592221930763,1.538073855448913
1771416048743,1.923282803502591,-1.1469650981985255,1.5438548525568176
1771416048747,1.9313391783633729,-1.1722242489002965,1.534914112310993
1771416048752,1.9686568195759917,-1.2734553758791631,1.501306457358896
1771416048756,1.9430797906992612,-1.1870414185533622,1.5383405811661819
1771416048761,1.9215369459936473,-1.1669872028873889,1.5265795436581946
1771416048765,1.948914447406527,-1.2325687532037906,1.5096495593135322
1771416048770,1.9055732891986157,-1.124676448430444,1.5382823040174107
1771416048775,1.9449201226840678,-1.201867023107538,1.529127183195706
1771416048779,1.944774568388039,-1.2041749005704747,1.5271250540427168
1771416048784,1.9240141834389806,-1.1429089356021682,1.5477692796392768
1771416048787,1.9428236608483305,-1.1897077875166886,1.5359554542610454
1771416048792,1.9531512152055703,-1.2205343667998405,1.5248263930426667
1771416048796,1.922822086160348,-1.1925509537413166,1.5083325222764075
1771416048800,1.9047523822318908,-1.1334806678971048,1.5307851623012279
1771416048805,1.9430538089705358,-1.1502218784186284,1.5660292893052892
1771416048808,1.927033550950078,-1.1813260794260374,1.5224739736872923
1771416048813,1.923114010337052,-1.1898055573654922,1.5108706868613373
1771416048817,1.958617118158766,-1.2347058968972613,1.5204217716514319
1771416048821,1.9418204888413497,-1.2016982286569533,1.52531576341648
1771416048825,1.9154867489170146,-1.1228863281731525,1.5518427044254484
1771416048829,1.923001882219982,-1.115448148097408,1.5664327843631387
1771416048834,1.9430797906992612,-1.1870414185533622,1.5383405811661819
1771416048838,1.91378850280646,-1.1429332987445138,1.5350211425564066
1771416048843,1.9239019027986546,-1.1761222325828988,1.5225422902555126
1771416048847,1.9205069263450767,-1.1432301582710394,1.5431693553719203
1771416048851,1.904217363174889,-1.1059786751758796,1.5501144913434406
1771416048856,1.9046519695982478,-1.1345040358482248,1.5299018654601917
1771416048860,1.9319058755239253,-1.1617788576713897,1.543544686023578
1771416048864,1.8750530886602221,-1.01628223894711,1.5757520414376394
1771416048869,1.9597580210506425,-1.2622861299231156,1.499094802631259
1771416048873,1.910492842815173,-1.107813658511897,1.5565127048830947
1771416048878,1.9304147641988882,-1.178350971466068,1.5290487728918338
1771416048882,1.9267731717811207,-1.1837385497681687,1.5202690226694198
1771416048886,1.942486025699092,-1.2297344152782907,1.5036639345001308
1771416048891,1.9193565653949727,-1.1145832811410483,1.5625727933525657
1771416048894,1.9245570987631557,-1.1317667315162592,1.5566065950755377
1771416048899,1.9245570987631557,-1.1317667315162592,1.5566065950755377
1771416048903,1.8853380852147952,-1.093652742299988,1.5357159160538472
1771416048908,1.9226830750674473,-1.1579883156862014,1.5348528489353792
1771416048911,1.9549907449930652,-1.1625236514928465,1.5717911988328093
1771416048916,1.9332111681967734,-1.1871372166822147,1.5257819797103183
1771416048919,1.9734047363265785,-1.294969499086516,1.489087052455897
1771416048923,1.9314181973595603,-1.1710479408835572,1.5359111215314623
1771416048928,1.927033550950078,-1.1813260794260374,1.5224739736872923
1771416048932,1.9190431198946816,-1.1591672363958987,1.5293978599701936
1771416048936,1.925937517964014,-1.1568043375798882,1.5398178618452711
1771416048940,1.9208913287715865,-1.1009216175533738,1.5741013591740318
1771416048945,1.9545140819528248,-1.2090001407327347,1.5357226169657467
1771416048949,1.9430797906992612,-1.1870414185533622,1.5383405811661819
1771416048953,1.9192593286049844,-1.1236982843742607,1.5559108381046771
1771416048958,1.9224957783883896,-1.1921491659725911,1.5082341940136603
1771416048962,1.934334492776685,-1.1696124017429173,1.5406676343828347
1771416048966,1.9352121088686804,-1.1639522841294252,1.5460468901627336
1771416048970,1.920695246142157,-1.1403619812804227,1.545524111815558
1771416048975,1.9364040017525428,-1.1905486690353464,1.5271720023171675
1771416048979,1.8946514995098687,-0.9773767303051504,1.6230955090976646
1771416048983,1.9070832601457008,-1.1429469523991063,1.526642992034991
1771416048987,1.923282803502591,-1.1469650981985255,1.5438548525568176
1771416048991,1.9336380896773762,-1.1818290643651217,1.5304366450373024
1771416048996,1.9420132211286534,-1.162448005799604,1.5556766967628626
1771416049001,1.912649149445203,-1.1196656628922697,1.5506693948786996
1771416049006,1.9067537590174408,-1.0682869320578885,1.579390049456272
1771416049010,1.934755401401648,-1.2447933899158823,1.4811373601643363
1771416049015,1.9357048977051363,-1.194440053742249,1.5232420717062227
1771416049019,1.9216639329751168,-1.1660168375228637,1.5274806073762686
1771416049024,1.976792560683086,-1.2930223689067883,1.4952598374458768
1771416049028,1.9288739630441287,-1.1956595061065338,1.513589478942901
1771416049033,1.9083592160942644,-1.0930875762482128,1.5642872013488198
1771416049037,1.9545676742560196,-1.2083538028570278,1.5362994110418533
1771416049042,1.8963207677746892,-1.153359743547581,1.505255379082714
1771416049047,1.9095268750693035,-1.1512440728392792,1.5234598686425476
1771416049051,1.924550893965678,-1.173155096536991,1.5256484729233577
1771416049056,1.929609171766311,-1.1514575432720004,1.5483982310138042
1771416049060,1.9154103961746096,-1.1238821804531025,1.5510273467072573
1771416049065,1.9306744051203224,-1.175222710114105,1.531781720813631
1771416049069,1.9418277219442217,-1.2374131241285924,1.4964971306171633
1771416049074,1.9659704286757187,-1.2988904424525343,1.4757788943242307
1771416049078,1.9235041170835785,-1.1487300938980112,1.5428179606844559
1771416049082,1.9302173539381189,-1.110983090867474,1.5784345425928905
1771416049086,1.9181821785016722,-1.1326628935865923,1.5480625437667137
1771416049090,1.9260419009675154,-1.1561411609064585,1.5404463704850055
1771416049094,1.923051246228624,-1.1493866231367158,1.54176408252879
1771416049099,1.9724183786752638,-1.2667665316714893,1.5118653428043591
1771416049103,1.943358539068517,-1.2202752916685249,1.5124716935909304
1771416049107,1.951456924930593,-1.2444248691133282,1.503193558724838
1771416049111,1.95626840463774,-1.2615884150206376,1.4951189725468688
1771416049116,1.9165338812500763,-1.1110798357699059,1.5616029317739515
1771416049121,1.9205069263450767,-1.1432301582710394,1.5431693553719203
1771416049126,1.9104791781474122,-1.1074156117290606,1.5567791600074696
1771416049130,1.9313605861866567,-1.130137842703798,1.5661871441063715
1771416049135,1.9368958101496723,-1.2167127033714955,1.5070419957087402
1771416049139,1.9280930780356103,-1.208723790248307,1.5021749952840384
1771416049143,1.9239019027986546,-1.1761222325828988,1.5225422902555126
1771416049147,1.956191178462543,-1.2627180226550274,1.494063961802456
1771416049151,1.8745276546559764,-0.9798903189494524,1.5980203036567389
1771416049156,1.9195124341649015,-1.1544978782140738,1.5335131672446987
1771416049160,1.9216639329751168,-1.1660168375228637,1.5274806073762686
1771416049165,1.9533253138845508,-1.258500960262777,1.4938725229683578
1771416049168,1.9421209898574725,-1.1935162968922013,1.5321073031278507
1771416049173,1.9428236608483305,-1.1897077875166886,1.5359554542610454
1771416049177,1.8910402347347708,-1.0592926123920454,1.566503217589218
1771416049182,1.9249382470564662,-1.1683576675349108,1.529812934869229
1771416049187,1.929944716811393,-1.1474760948765224,1.551768417527285
1771416049191,1.9561335359122887,-1.227568140103232,1.5230019276823668
1771416049195,1.951950276176992,-1.2342963793558985,1.512158169166293
1771416049200,1.9000486134754426,-1.0730422066602476,1.5680450109278299
1771416049204,1.926399443270672,-1.1838208992431565,1.5197311912139855
1771416049209,1.957431892789951,-1.252088021771861,1.5045980196207482
1771416049214,1.90219442808999,-1.126300707710981,1.5329025924912345
1771416049218,1.931848405429408,-1.1617447300716461,1.5434984430542533
1771416049223,1.8996267834524763,-1.0359811230867142,1.5922704007228143
1771416049228,1.919121279925175,-1.1587110834774295,1.5298415316915026
1771416049232,1.9657469265239966,-1.2663379185422323,1.503512306301703
1771416049236,1.972228308790628,-1.272828775498213,1.5065163159617159
1771416049240,1.9535735749712178,-1.256439579067984,1.4959309131698868
1771416049244,1.9186694597111713,-1.126791803818485,1.5529432463795458
1771416049250,1.9060979947289185,-1.1176628750641358,1.5440334397975242
1771416049254,1.925937517964014,-1.1568043375798882,1.5398178618452711
1771416049258,1.954851343409081,-1.2414710700292566,1.5100309126334803
1771416049262,1.9603760347509296,-1.2514708995598762,1.5089382973404086
1771416049266,1.9121322959852494,-1.1275939801271175,1.5442738530878863
1771416049271,1.9336380896773762,-1.1818290643651217,1.5304366450373024
1771416049275,1.9016439345115697,-1.0917010150617077,1.5570608682315152
1771416049279,1.9425324326805933,-1.2290024548090783,1.504322178952781
1771416049284,1.929755733908946,-1.149830390939248,1.5497894258985478
1771416049289,1.9398412787368515,-1.223547307655644,1.5052960415214172
1771416049294,1.9408686957385712,-1.2124965026159111,1.515527474261726
1771416049298,1.9137696397781736,-1.0637768893227808,1.5908780480852165
1771416049302,1.9382237850486015,-1.2019206436416965,1.5205585182149541
1771416049307,1.9534551416939436,-1.2212020646720658,1.5246811167753043
1771416049311,1.986517495552777,-1.2992418394313812,1.5027383015043696
1771416049315,1.919121279925175,-1.1587110834774295,1.5298415316915026
1771416049320,1.9206104810522733,-1.1409869708464662,1.5449573949745186
1771416049324,1.9682967873415242,-1.2409995936711704,1.527780171218018
1771416049328,1.9190431198946816,-1.1591672363958987,1.5293978599701936
1771416049332,1.964597889319009,-1.2790509161580663,1.4911987193502803
1771416049336,1.8954726893535279,-1.0484383618108288,1.5791116862237835
1771416049341,1.9364040017525428,-1.1905486690353464,1.5271720023171675
1771416049345,1.9151716856042091,-1.1676232270626647,1.5180706785139606
1771416049349,1.953400391904877,-1.2584612161031028,1.4940041695585815
1771416049354,1.9104791781474122,-1.1074156117290606,1.5567791600074696
1771416049359,1.9375712350954675,-1.1730097607051833,1.5421512222735305
1771416049363,1.9481108055217944,-1.2424653671593695,1.5004717664788991
1771416049367,1.9181013668970825,-1.1719023101589379,1.5184722022930155
1771416049372,1.912402304653019,-1.1227048331382208,1.5481655055226682
1771416049377,1.9234521600246979,-1.1488390611523793,1.5426720401544185
1771416049381,1.9179130829512079,-1.13562034639008,1.5455604234776075
1771416049385,1.9421209898574725,-1.1935162968922013,1.5321073031278507
1771416049390,1.9142331125494898,-1.1003144733236792,1.5663960128190262
1771416049393,1.9306764891198753,-1.21606562368349,1.4995653051919855
1771416049398,1.923051246228624,-1.1493866231367158,1.54176408252879
1771416049403,1.9531118716510434,-1.1842745829108012,1.5531064662333003
1771416049407,1.9396094842446927,-1.1859291396509193,1.5348149813898722
1771416049411,1.9331944266376095,-1.1868689434265882,1.525969463099498
1771416049416,1.9215369459936473,-1.1669872028873889,1.5265795436581946
1771416049420,1.934334492776685,-1.1696124017429173,1.5406676343828347
1771416049425,1.9493710868438867,-1.1950489645724298,1.5400992196924455
1771416049429,1.923114010337052,-1.1898055573654922,1.5108706868613373
1771416049434,1.9493547144156986,-1.2276735624202741,1.5141999295829542
1771416049439,1.946507269963494,-1.187614904876567,1.5422261149830647
1771416049444,1.9104791781474122,-1.1074156117290606,1.5567791600074696
1771416049449,1.9123032427199795,-1.1637162069695912,1.5174545402593305
1771416049453,1.937106269455014,-1.1782503259786328,1.53756524040223
1771416049458,1.929755733908946,-1.149830390939248,1.5497894258985478
1771416049462,1.942363783264886,-1.2308844029578507,1.502564691816687
1771416049466,1.9137397642800862,-1.1019488870517598,1.5646432614855657
1771416049471,1.953415030181239,-1.2218516267869364,1.5241092094256528
1771416049475,1.9253354372457359,-1.2000213636684474,1.5056112621302848
1771416049480,1.9367006430437772,-1.2189853090498213,1.504953220896547
1771416049484,1.9313391783633729,-1.1722242489002965,1.534914112310993
1771416049489,1.896554062011774,-1.1143629220054827,1.5346376080993072
1771416049493,1.9405040750277232,-1.1797697889794367,1.5406814434563085
1771416049497,1.931848405429408,-1.1617447300716461,1.5434984430542533
1771416049501,1.9332484674479433,-1.2221877161295385,1.4979008056049252
1771416049506,1.9659704286757187,-1.2988904424525343,1.4757788943242307
1771416049510,1.8850944927255209,-0.9750350185204562,1.613346819243433
1771416049514,1.899542170835089,-1.079062030361207,1.5632931885649703
1771416049518,1.942309376271017,-1.1960447914043393,1.530373343372413
1771416049522,1.9467761985469714,-1.2608206931048045,1.483330289270639
1771416049527,1.9525131744195758,-1.2286124847456408,1.5175042202936873
1771416049531,1.9630915353721186,-1.2639968309054195,1.502012113037281
1771416049535,1.9417173799883876,-1.2062546308622248,1.5215834348705317
1771416049540,1.9391105906573782,-1.1594584893735678,1.5542862973786942
1771416049544,1.9442651030455131,-1.2134434775302836,1.519118730632926
1771416049548,1.9144161110159685,-1.0941254223417467,1.5709483143321423
1771416049553,1.900666438380763,-1.1032318813885524,1.5477119647644033
1771416049557,1.9314181973595603,-1.1710479408835572,1.5359111215314623
1771416049562,1.9721133791520835,-1.2698761163874828,1.508855801347264
1771416049566,1.9194608533961983,-1.113260483652906,1.5636435217968832
1771416049570,1.9654415681802497,-1.3053774280775925,1.4693366966751935
1771416049575,1.9230055028233357,-1.1503156503917757,1.541013974093868
1771416049579,1.9104791781474122,-1.1074156117290606,1.5567791600074696
1771416049583,1.952521943243827,-1.2326066288016908,1.5142730392775212
1771416049588,1.896554062011774,-1.1143629220054827,1.5346376080993072
1771416049593,1.95626840463774,-1.2615884150206376,1.4951189725468688
1771416049597,1.9794386837145155,-1.2989599353135066,1.4936132662224797
1771416049602,1.9035773296967469,-1.106207323997554,1.5491649384328217
1771416049607,1.9574779527379196,-1.2477627252970322,1.5082467029018691
1771416049611,1.9275888265355237,-1.0998693821085153,1.582999060797204
1771416049615,1.9452677232551483,-1.2347409773130296,1.5031570889572163
1771416049620,1.9332484674479433,-1.2221877161295385,1.4979008056049252
1771416049624,1.952049699488978,-1.2371984366003073,1.509913261663982
1771416049628,1.9677132219905307,-1.285965213168227,1.489358517791318
1771416049632,1.9302173539381189,-1.110983090867474,1.5784345425928905
1771416049637,1.9342553038541515,-1.206789035633631,1.5116229040214915
1771416049641,1.9024846951615784,-1.0817329990452933,1.565024515495051
1771416049646,1.9256707032148346,-1.1602706281079722,1.536873360680654
1771416049651,1.9274605116743044,-1.1011739057552432,1.581935540199889
1771416049655,1.953972958247283,-1.179004385617015,1.5581909319006715
1771416049659,1.9392497768525843,-1.194759990305913,1.5274941121284273
1771416049664,1.9218879647749354,-1.1634453415450612,1.5297216368947126
1771416049668,1.928545173448617,-1.1638295555922415,1.5377864778836892
1771416049673,1.884284210038134,-0.984035133635022,1.6069230970929937
1771416049676,1.9224254300316783,-1.1974495360627138,1.5039395408777825
1771416049681,1.9162180870143664,-1.1511685055500942,1.5318951755360288
1771416049685,1.9279217262787853,-1.1705907432203626,1.531861447567818
1771416049689,1.9519374280106507,-1.2020149854393396,1.5379270781308516
1771416049693,1.957742447441433,-1.2494032221319258,1.50723159436111
1771416049697,1.9137983888076047,-1.1427853304275357,1.5351436289683813
1771416049701,1.8746866509588715,-0.9446496457830716,1.6192859803028332
1771416049706,1.9694976789006435,-1.2642511496594608,1.5101622885570127
1771416049710,1.9222642109271724,-1.1946873303688343,1.5059289091015062
1771416049714,1.9584279820698922,-1.2002556182138813,1.5475227338880564
1771416049719,1.9409253589655575,-1.137546533034285,1.5726344566545831
1771416049723,1.9419339354551697,-1.1631499493998345,1.555052926714575
1771416049726,1.9428236608483305,-1.1897077875166886,1.5359554542610454
1771416049731,1.933165261451572,-1.2237981871734593,1.4964778398473124
1771416049735,1.900666438380763,-1.1032318813885524,1.5477119647644033
1771416049740,1.912402304653019,-1.1227048331382208,1.5481655055226682
1771416049744,1.9282385699302478,-1.1632158171910854,1.5378663612951298
1771416049748,1.9464434391867136,-1.1841674134472626,1.5447943548843714
1771416049753,1.9502707092821974,-1.2173516729369744,1.523683282011598
1771416049757,1.952521943243827,-1.2326066288016908,1.5142730392775212
1771416049762,1.9298883256692692,-1.1476123811233898,1.5515974904100738
1771416049766,1.9215976801621384,-1.1295008034971146,1.5545949888327457
1771416049771,1.927431076410787,-1.2120366460935432,1.4986519685505237
1771416049775,1.9029441642492313,-1.0761477611346717,1.5694274396909973
1771416049780,1.9391105906573782,-1.1594584893735678,1.5542862973786942
1771416049784,1.956191178462543,-1.2627180226550274,1.494063961802456
1771416049788,1.926399443270672,-1.1838208992431565,1.5197311912139855
1771416049793,1.952049699488978,-1.2371984366003073,1.509913261663982
1771416049797,1.9267731717811207,-1.1837385497681687,1.5202690226694198
1771416049801,1.9375712350954675,-1.1730097607051833,1.5421512222735305
1771416049805,1.923114010337052,-1.1898055573654922,1.5108706868613373
1771416049809,1.891294216169396,-1.0565728118692492,1.5686451814653681
1771416049814,1.9824512502000184,-1.3055274501158287,1.4918817099266546
1771416049818,1.9165338812500763,-1.1110798357699059,1.5616029317739515
1771416049822,1.919121279925175,-1.1587110834774295,1.5298415316915026
1771416049826,1.9304147641988882,-1.178350971466068,1.5290487728918338
1771416049831,1.9280818568413067,-1.1690687174628922,1.5332246999478876
1771416049835,1.8939299039732718,-1.0290454174625059,1.589979877219716
1771416049839,1.9477301438874772,-1.2459197412368,1.497109452179218
1771416049843,1.9477301438874772,-1.2459197412368,1.497109452179218
1771416049847,1.906123873248577,-1.0800266528281892,1.570621103050922
1771416049851,1.921442702831634,-1.1362672227885395,1.549464055304722
1771416049856,1.9279217262787853,-1.1705907432203626,1.531861447567818
1771416049860,1.9214872734723263,-1.0933000332434732,1.58012922871072
1771416049865,1.9016572280263773,-1.0538106929682878,1.582966593548538
1771416049869,1.9190431198946816,-1.1591672363958987,1.5293978599701936
1771416049874,1.9365298163820173,-1.2215790459771616,1.5026284850774316
1771416049877,1.929705452685319,-1.1496392468365393,1.549868619030841
1771416049882,1.9517563825052717,-1.2001226722058633,1.5391746321673583
1771416049886,1.9531512152055703,-1.2205343667998405,1.5248263930426667
1771416049891,1.9098424320895513,-1.1518741490308761,1.5233791583857668
1771416049894,1.943922646256837,-1.2131716648981485,1.518897549579444
1771416049899,1.95216871706496,-1.2360001970258703,1.5110480511350595
1771416049903,1.9403140541101205,-1.2189634899062258,1.5096180440273248
1771416049907,1.9089577861603257,-1.1215540021772281,1.5447447845978874
1771416049912,1.9313391783633729,-1.1722242489002965,1.534914112310993
1771416049916,1.9442887646453142,-1.2131007517753027,1.519422708257382
1771416049920,1.938972433919201,-1.1972721533467594,1.525173265671466
1771416049925,1.9321350380203446,-1.195584116652625,1.5178024987309253
1771416049930,1.929755733908946,-1.149830390939248,1.5497894258985478
1771416049934,1.91631084857437,-1.1504267804544237,1.5325682664002578
1771416049938,1.9235041170835785,-1.1487300938980112,1.5428179606844559
1771416049942,1.951081811734074,-1.2086540067806064,1.531625191740036
1771416049947,1.9409253589655575,-1.137546533034285,1.5726344566545831
1771416049951,1.8896486614819592,-1.0017439741955452,1.6022737200626724
1771416049955,1.925937517964014,-1.1568043375798882,1.5398178618452711
1771416049965,1.9403319845336782,-1.1818506682795575,1.5388688079532853
1771416049976,1.9403319845336782,-1.1818506682795575,1.5388688079532853
1771416049982,1.9364040017525428,-1.1905486690353464,1.5271720023171675
1771416049990,1.940255242267295,-1.1789595031954896,1.5409882851503978
1771416049995,1.9357048977051363,-1.194440053742249,1.5232420717062227
1771416049999,1.9332484674479433,-1.2221877161295385,1.4979008056049252
1771416050004,1.910385438940802,-1.1411906529519684,1.5320758528650273
1771416050007,1.9313391783633729,-1.1722242489002965,1.534914112310993
1771416050012,1.9280818568413067,-1.1690687174628922,1.5332246999478876
1771416050016,1.9452677232551483,-1.2347409773130296,1.5031570889572163
1771416050020,1.9695654385627963,-1.2983489790519673,1.481039481369681
1771416050024,1.9007276360952439,-1.0650055200574484,1.574334395502867
1771416050029,1.929048413657105,-1.1203734816328597,1.570347427764588
1771416050033,1.9110176153298766,-1.1341592221930763,1.538073855448913
1771416050037,1.9549978902609677,-1.240534238378519,1.5109902562013637
1771416050041,1.943358539068517,-1.2202752916685249,1.5124716935909304
1771416050046,1.9630771428666534,-1.2280716435832029,1.531506417574655
1771416050051,1.8798957182287859,-1.0377351646989532,1.5675183059097457
1771416050055,1.952049699488978,-1.2371984366003073,1.509913261663982
1771416050059,1.9298883256692692,-1.1476123811233898,1.5515974904100738
1771416050064,1.9179413471874047,-1.135961251794015,1.5453449600893685
1771416050068,1.965415234428769,-1.273461443916058,1.4970480936108639
1771416050072,1.9202687980775377,-1.1819911404549286,1.513383362124815
1771416050077,1.9584789713606015,-1.2362936753651916,1.5189528727099157
1771416050081,1.9364095607517553,-1.1868762508186497,1.53003488594655
1771416050086,1.9427915238124294,-1.2268528266601162,1.5064099862632032
1771416050090,1.9104189782359708,-1.1041150655664091,1.5590479769376744
1771416050095,1.9282909242619177,-1.1661681800076285,1.5356945218788067
1771416050099,1.9175628052794425,-1.1761582753173794,1.5144962276590896
1771416050104,1.9507307134848246,-1.2910732306621906,1.462354344747027
1771416050108,1.8984887367404308,-1.0514760254708049,1.5807142851857816
1771416050112,1.972228308790628,-1.272828775498213,1.5065163159617159
1771416050116,1.9430797906992612,-1.1870414185533622,1.5383405811661819
1771416050121,1.9026327690141516,-1.003958339556743,1.61619278124886
1771416050125,1.9630915353721186,-1.2639968309054195,1.502012113037281
1771416050130,1.9559922722601506,-1.2284456567240802,1.5221126888693788
1771416050134,1.9269903739648757,-1.1406803263423926,1.5531066590703628
1771416050139,1.8995589817203982,-1.1162070276364333,1.5370121003068502
1771416050143,1.9050063881097767,-1.0931833476422728,1.5601280419172945
1771416050147,1.929752187091251,-1.2263458825676812,1.4899729124694723
1771416050151,1.9545930845936452,-1.2443227456179429,1.5073470174711348
1771416050155,1.9545140819528248,-1.2090001407327347,1.5357226169657467
1771416050160,1.9370942471380679,-1.214692005147223,1.5089259275812108
1771416050164,1.9365298163820173,-1.2215790459771616,1.5026284850774316
1771416050168,1.9341583884596618,-1.2118173318567034,1.5074705389693612
1771416050173,1.9584789713606015,-1.2362936753651916,1.5189528727099157
1771416050177,1.9421209898574725,-1.1935162968922013,1.5321073031278507
1771416050181,1.9245570987631557,-1.1317667315162592,1.5566065950755377
1771416050185,1.9215369459936473,-1.1669872028873889,1.5265795436581946
1771416050190,1.9311560080182266,-1.1738807029096443,1.533416976116168
1771416050193,1.9338677162320659,-1.1796239098789918,1.5324267601182207
1771416050198,1.9341466821906161,-1.1782182845872047,1.5338595314087118
1771416050203,1.9454527832030166,-1.1587136606466375,1.5627441199067853
1771416050207,1.91378850280646,-1.1429332987445138,1.5350211425564066
1771416050212,1.9150710379262947,-1.1683747022042543,1.5173653599424286
1771416050216,1.9694976789006435,-1.2642511496594608,1.5101622885570127
1771416050221,1.9467736442736912,-1.220892549476973,1.5163604468167473
1771416050226,1.946708006714724,-1.221809458294311,1.515537433067813
1771416050230,1.927033550950078,-1.1813260794260374,1.5224739736872923
1771416050234,1.8948266401003337,-1.0974584693877463,1.544653004400349
1771416050238,1.9234622354011413,-1.1819440620410984,1.517470001423469
1771416050242,1.9596545002540176,-1.2228833764709979,1.5312746350399444
1771416050246,1.946708006714724,-1.221809458294311,1.515537433067813
1771416050251,1.9483464573106766,-1.2036839897013654,1.5320570389680885
1771416050256,1.9332111681967734,-1.1871372166822147,1.5257819797103183
1771416050260,1.96307265837208,-1.2605323144238625,1.504896191217602
1771416050264,1.9046554942265057,-1.0217202830809067,1.6074203603377326
1771416050268,1.925937517964014,-1.1568043375798882,1.5398178618452711
1771416050273,1.9484861395593618,-1.2731627788513196,1.4750100930510714
1771416050277,1.9319058755239253,-1.1617788576713897,1.543544686023578
1771416050281,1.903274477396444,-1.071992298469739,1.5726685119027064
1771416050286,1.9657851380086735,-1.2660705371916658,1.5037874197076482
1771416050290,1.9279217262787853,-1.1705907432203626,1.531861447567818
1771416050294,1.9257217110439138,-1.1591955661819398,1.537748271899543
1771416050299,1.9059719821268148,-1.115126652314205,1.5457107575322537
1771416050302,1.9269891284098508,-1.1403133267349075,1.5533745903292369
1771416050307,1.9735430845060324,-1.2577430713606128,1.5208401207378628
1771416050311,1.9377271575784907,-1.1715293793014583,1.5434718820408608
1771416050316,1.9340539588116472,-1.1402511636471948,1.5621754060912056
1771416050320,1.9595699777556805,-1.299036104543246,1.467112707604466
1771416050324,1.926399443270672,-1.1838208992431565,1.5197311912139855
1771416050329,1.931848405429408,-1.1617447300716461,1.5434984430542533
1771416050332,1.9433855619401061,-1.145935726285566,1.5695791644831536
1771416050337,2.021493120106589,-1.3520496384251923,1.5027961305089192
1771416050342,1.9321350380203446,-1.195584116652625,1.5178024987309253
1771416050345,1.9110176153298766,-1.1341592221930763,1.538073855448913
1771416050350,1.9491082810635663,-1.1948776737069675,1.5398994889885493
1771416050354,1.9559419889228793,-1.2292096808271065,1.5214311106956213
1771416050358,1.93137362801653,-1.1726505399064444,1.5346318132551722
1771416050362,1.923051246228624,-1.1493866231367158,1.54176408252879
1771416050367,1.9350938050861197,-1.1649521277016979,1.5451454865629852
1771416050371,1.91349775015603,-1.1419648337865864,1.535379418335078
1771416050376,1.9570897781863876,-1.2197742841511225,1.530474140782934
1771416050380,1.9279217262787853,-1.1705907432203626,1.531861447567818
1771416050384,1.9321350380203446,-1.195584116652625,1.5178024987309253
1771416050389,1.9584279820698922,-1.2002556182138813,1.5475227338880564
1771416050392,1.9628469259954795,-1.2634808389504424,1.5021265674020248
1771416050397,1.9382237850486015,-1.2019206436416965,1.5205585182149541
1771416050402,1.9449201226840678,-1.201867023107538,1.529127183195706
1771416050406,1.9164416111583775,-1.073916355357369,1.5872782083413302
1771416050410,1.9405040750277232,-1.1797697889794367,1.5406814434563085
1771416050414,1.9086465064516815,-1.124870700092751,1.5419459765708567
1771416050418,1.9239019027986546,-1.1761222325828988,1.5225422902555126
1771416050422,1.952049699488978,-1.2371984366003073,1.509913261663982
1771416050427,1.9396094842446927,-1.1859291396509193,1.5348149813898722
1771416050431,1.9235041170835785,-1.1487300938980112,1.5428179606844559
1771416050434,1.9194608533961983,-1.113260483652906,1.5636435217968832
1771416050438,1.9163043395064343,-1.1185684960915385,1.5559649228574228
1771416050443,1.9578675237884455,-1.2074756719759054,1.5411838768595507
1771416050447,1.9215976801621384,-1.1295008034971146,1.5545949888327457
1771416050451,1.949935406607256,-1.2614235116761652,1.4869629498179087
1771416050456,1.928545173448617,-1.1638295555922415,1.5377864778836892
1771416050460,1.9121322959852494,-1.1275939801271175,1.5442738530878863
1771416050464,1.9430797906992612,-1.1870414185533622,1.5383405811661819
1771416050468,1.9169693848493978,-1.1053443483290875,1.5662009749922976
1771416050473,1.9070832601457008,-1.1429469523991063,1.526642992034991
1771416050477,1.928545173448617,-1.1638295555922415,1.5377864778836892
1771416050482,1.9313391783633729,-1.1722242489002965,1.534914112310993
1771416050486,1.9747082704384697,-1.2402973797738688,1.5365985692639987
1771416050491,1.9393229189251993,-1.2297449294545135,1.4995668682487848
1771416050495,1.9484976560888247,-1.2018417676623916,1.5336947158042182
1771416050499,1.9289413553097488,-1.121394135036023,1.5694871602313352
1771416050503,1.923001882219982,-1.115448148097408,1.5664327843631387
1771416050508,1.9203365318024048,-1.1847390099326798,1.5113192494369356
1771416050512,1.91631084857437,-1.1504267804544237,1.5325682664002578
1771416050516,1.9357048977051363,-1.194440053742249,1.5232420717062227
1771416050521,1.9139302645613288,-1.1048363973217497,1.5628389529177007
1771416050525,1.90005120887986,-1.0732386212495972,1.567913727927682
1771416050529,1.9181821785016722,-1.1326628935865923,1.5480625437667137
1771416050533,1.9603760347509296,-1.2514708995598762,1.5089382973404086
1771416050537,1.9267731717811207,-1.1837385497681687,1.5202690226694198
1771416050542,1.925937517964014,-1.1568043375798882,1.5398178618452711
1771416050545,1.927033550950078,-1.1813260794260374,1.5224739736872923
1771416050550,1.9453368360944259,-1.237481087366093,1.5009916602956537
1771416050554,1.8789397515566233,-0.9725925534173344,1.60763127458283
1771416050558,1.9214872734723263,-1.0933000332434732,1.58012922871072
1771416050563,1.9357048977051363,-1.194440053742249,1.5232420717062227
1771416050566,1.9601301065739583,-1.2928716916547494,1.4732931899711692
1771416050571,1.9321411887039823,-1.1989598799630479,1.5151451347397158
1771416050576,1.919055533688913,-1.1220217898009637,1.5568690518453634
1771416050581,1.9610368427326603,-1.2830546982341564,1.4830496080354623
1771416050585,1.9002525414818696,-1.0716319976256277,1.5692560603907864
1771416050590,1.9403319845336782,-1.1818506682795575,1.5388688079532853
1771416050594,1.9500124416910258,-1.220928685364679,1.5204873126742862
1771416050599,1.9466906294302602,-1.2218705540468329,1.5154658544041393
1771416050603,1.9288783913352217,-1.1965385882621957,1.5129002793837616
1771416050607,1.9458685506402114,-1.154196941244638,1.5665994501442155
1771416050611,1.9225394919330627,-1.1192408075659492,1.5631564581708899
1771416050616,1.9190431198946816,-1.1591672363958987,1.5293978599701936
1771416050620,1.9302645574702373,-1.2198715409087213,1.4959393990087813
1771416050624,1.9502707092821974,-1.2173516729369744,1.523683282011598
1771416050629,1.964147241313711,-1.2481794178526961,1.516549546308714
1771416050634,1.9396617653672021,-1.2215235826920126,1.5067076361904723
1771416050639,1.9252855947337768,-1.1280636024468156,1.5601913761215658
1771416050642,1.9123217595212345,-1.1595110779275062,1.5206934510616474
1771416050647,1.9476877182514603,-1.253572380000715,1.490652117674316
1771416050652,1.9220262236388235,-1.1620583102477398,1.530949146098421
1771416050656,1.8929504724066555,-1.0407084759210956,1.5811980771334662
1771416050660,1.9257811464345416,-1.1585112782236369,1.538338273004794
1771416050665,1.949388853962581,-1.3016568581011192,1.4511396651294
1771416050669,1.8906483071115627,-0.9833175890462187,1.614818113676011
1771416050674,1.9314617960164802,-1.133491679144529,1.5638865952431855
1771416050678,1.9421209898574725,-1.1935162968922013,1.5321073031278507
1771416050682,1.9367492511306132,-1.1458649735633748,1.5614067772734939
1771416050686,1.9123217595212345,-1.1595110779275062,1.5206934510616474
1771416050691,1.955686319725995,-1.267531628646502,1.4893194927698197
1771416050695,1.9456834251254198,-1.1971493328399616,1.5337918586589967
1771416050699,1.9342553038541515,-1.206789035633631,1.5116229040214915
1771416050703,1.913161250807924,-1.1129122951049413,1.5561530114346702
1771416050707,1.950768908457522,-1.2116047519927684,1.5288928213426518
1771416050712,1.9453176694369128,-1.1975016959276554,1.5330526811802165
1771416050715,1.943922646256837,-1.2131716648981485,1.518897549579444
1771416050720,1.9384598976114966,-1.2389001130389565,1.490890098082362
1771416050724,1.9364040017525428,-1.1905486690353464,1.5271720023171675
1771416050727,1.9396094842446927,-1.1859291396509193,1.5348149813898722
1771416050732,1.9382237850486015,-1.2019206436416965,1.5205585182149541
1771416050736,1.9080094730697787,-1.1329682569509556,1.5352143427109872
1771416050740,1.9467736442736912,-1.220892549476973,1.5163604468167473
1771416050744,1.9441890328223,-1.21436844063572,1.5182820178525727
1771416050749,1.9396094842446927,-1.1859291396509193,1.5348149813898722
1771416050752,1.9122329726079343,-1.1636344241361298,1.5174287029361067
1771416050757,1.9338677162320659,-1.1796239098789918,1.5324267601182207
1771416050761,1.934334492776685,-1.1696124017429173,1.5406676343828347
1771416050766,1.9040500526419073,-1.1421448819504878,1.5234538626423697
1771416050770,1.9036601129305808,-1.0676085165593872,1.5761135368153958
1771416050774,1.9203365318024048,-1.1847390099326798,1.5113192494369356
1771416050779,1.9425324326805933,-1.2290024548090783,1.504322178952781
1771416050783,1.9033409385002535,-1.1100974437544646,1.5460887405129204
1771416050788,1.9450675145216716,-1.2040975259268871,1.5275590934900891
1771416050792,1.9474499189890166,-1.2092510148562712,1.5265232294463802
1771416050797,1.9375712350954675,-1.1730097607051833,1.5421512222735305
1771416050801,1.9059719821268148,-1.115126652314205,1.5457107575322537
1771416050805,1.9095268750693035,-1.1512440728392792,1.5234598686425476
1771416050810,1.9657469265239966,-1.2663379185422323,1.503512306301703
1771416050814,1.9331944266376095,-1.1868689434265882,1.525969463099498
1771416050818,1.932883032971538,-1.1119790651160693,1.580993161874157
1771416050823,1.914132103035815,-1.0636162672589797,1.5914214224693553
1771416050827,1.9467736442736912,-1.220892549476973,1.5163604468167473
1771416050831,1.9481024380364056,-1.2060065005085343,1.5299187657567137
1771416050836,1.9080094730697787,-1.1329682569509556,1.5352143427109872
1771416050840,1.9313391783633729,-1.1722242489002965,1.534914112310993
1771416050844,1.9279217262787853,-1.1705907432203626,1.531861447567818
1771416050849,1.964147241313711,-1.2481794178526961,1.516549546308714
1771416050853,1.941695371046141,-1.239896569932209,1.4942681853711381
1771416050857,1.958617118158766,-1.2347058968972613,1.5204217716514319
1771416050862,1.926399443270672,-1.1838208992431565,1.5197311912139855
1771416050866,1.9193565653949727,-1.1145832811410483,1.5625727933525657
1771416050871,1.9735430845060324,-1.2577430713606128,1.5208401207378628
1771416050875,1.9332111681967734,-1.1871372166822147,1.5257819797103183
1771416050880,1.948914447406527,-1.2325687532037906,1.5096495593135322
1771416050884,1.9430797906992612,-1.1870414185533622,1.5383405811661819
1771416050889,1.934334492776685,-1.1696124017429173,1.5406676343828347
1771416050894,1.9280509317426326,-1.2097458310084894,1.5012979117254555
1771416050899,1.9477301438874772,-1.2459197412368,1.497109452179218
1771416050903,1.9274394493889855,-1.1397154596429053,1.5543717387137084
1771416050908,1.9271407909678333,-1.1065458476170031,1.5777921014296192
1771416050912,1.9588441496477058,-1.2362725374656425,1.51944088918171
1771416050916,1.907057003736568,-1.1433547426875261,1.5263048017596739
1771416050920,1.9089577861603257,-1.1215540021772281,1.5447447845978874
1771416050924,1.9467736442736912,-1.220892549476973,1.5163604468167473
1771416050929,1.977643813576787,-1.2873933683000816,1.5012306180715569
1771416050933,1.9104791781474122,-1.1074156117290606,1.5567791600074696
1771416050938,1.9163498101443914,-1.1134106727588093,1.559715765332652
1771416050942,1.8968820250593796,-1.1064681535297667,1.5407432109919557
1771416050947,1.9282909242619177,-1.1661681800076285,1.5356945218788067
1771416050951,1.942363783264886,-1.2308844029578507,1.502564691816687
1771416050956,1.8851549858030512,-0.9337294391567029,1.6376686645809069
1771416050960,1.944774568388039,-1.2041749005704747,1.5271250540427168
1771416050964,1.9154103961746096,-1.1238821804531025,1.5510273467072573
1771416050968,1.9210392853683083,-1.1733928515462182,1.5210329226774202
1771416050973,2.155668551640655,-1.6010820055364587,1.4434137716122393
1771416050977,1.9113967057221193,-1.0593887930608488,1.5909534096831521
1771416050982,1.9424842246109664,-1.2295761732608192,1.5037910084222963
1771416050986,1.9577389462677097,-1.2124074732640966,1.5371434222305904
1771416050991,1.9414461830479042,-1.1686277344924885,1.5503298035728494
1771416050995,1.9390305087994968,-1.2291932382068136,1.4996410561203914
1771416051000,1.9160677198508882,-1.15706391869059,1.5272585226866333
1771416051004,1.9714452390275479,-1.2780828444006287,1.5010331686319207
1771416051009,1.923051246228624,-1.1493866231367158,1.54176408252879
1771416051013,1.9341466821906161,-1.1782182845872047,1.5338595314087118
1771416051018,1.9370443681378586,-1.2152994065225236,1.5083727114478696
1771416051022,1.9392497768525843,-1.194759990305913,1.5274941121284273
1771416051027,1.9067537590174408,-1.0682869320578885,1.579390049456272
1771416051031,1.952521943243827,-1.2326066288016908,1.5142730392775212
1771416051035,1.9417539280234326,-1.2058692798761776,1.5219354772280387
1771416051040,1.9811503876118266,-1.3196196538637683,1.477687662353232
1771416051043,1.9237291412578204,-1.1042366430922466,1.5752445032365348
1771416051048,1.9338677162320659,-1.1796239098789918,1.5324267601182207
1771416051052,1.9242141969453468,-1.173225546714768,1.525169529023531
1771416051057,1.927033550950078,-1.1813260794260374,1.5224739736872923
1771416051060,1.9224957783883896,-1.1921491659725911,1.5082341940136603
1771416051065,1.9380861889562835,-1.1711592889858995,1.5442033530740482
1771416051069,1.920116905276615,-1.1838973717302401,1.5116996868225099
1771416051073,1.928545173448617,-1.1638295555922415,1.5377864778836892
1771416051078,1.9288310555802288,-1.196871003896949,1.5125769537453126
1771416051083,1.9162180870143664,-1.1511685055500942,1.5318951755360288
1771416051088,1.9151225382862112,-1.131126732048348,1.54539530628815
1771416051092,1.929944716811393,-1.1474760948765224,1.551768417527285
1771416051096,1.93685371849041,-1.1811724288797127,1.5350029381354708
1771416051100,1.9256824036719802,-1.196742283466702,1.5086618662824347
1771416051104,1.955236053037548,-1.2012029135470577,1.5427441730837648
1771416051109,1.9367006430437772,-1.2189853090498213,1.504953220896547
1771416051113,1.9275597733242522,-1.2147382602091434,1.496628757882831
1771416051118,1.9667600142922599,-1.2552880521314174,1.5140663327592363
1771416051122,1.9110176153298766,-1.1341592221930763,1.538073855448913
1771416051126,1.9827494948473845,-1.301353989751525,1.4959188990969217
1771416051131,1.9169693848493978,-1.1053443483290875,1.5662009749922976
1771416051135,1.9394615190602205,-1.1549710721266535,1.558060591397519
1771416051140,1.9186283217710463,-1.1281069490259032,1.5519372888945768
1771416051144,1.9368061939226866,-1.1453102588460788,1.5618843247178107
1771416051149,1.9514883745468046,-1.279831540877853,1.4732067414200731
1771416051153,1.9087059582854664,-1.010323679316975,1.6193839872636295
1771416051158,1.9320443012970125,-1.159817851120378,1.5451918115226893
1771416051162,1.918244400465102,-1.1319285748035208,1.5486766226230022
1771416051166,1.9319058755239253,-1.1617788576713897,1.543544686023578
1771416051170,1.8989083779929343,-1.1246980718155064,1.5300023775361393
1771416051175,1.95156963908004,-1.2031094764984995,1.53660393196767
1771416051179,1.9414035887250403,-1.2059491011727301,1.52142520673714
1771416051183,1.9552852376259746,-1.2006209225266953,1.5432594599966694
1771416051187,1.9430797906992612,-1.1870414185533622,1.5383405811661819
1771416051192,1.9163043395064343,-1.1185684960915385,1.5559649228574228
1771416051196,1.927033550950078,-1.1813260794260374,1.5224739736872923
1771416051200,1.9192593286049844,-1.1236982843742607,1.5559108381046771
1771416051204,1.946708006714724,-1.221809458294311,1.515537433067813
1771416051208,1.952049699488978,-1.2371984366003073,1.509913261663982
1771416051212,1.9125209663509841,-1.0789222423167817,1.579133699775364
1771416051216,1.9246364580679705,-1.1312308645855411,1.5570941611647868
1771416051220,1.977643813576787,-1.2873933683000816,1.5012306180715569
1771416051225,1.943032030057684,-1.1877794254376053,1.5377104754592772
1771416051228,1.9279217262787853,-1.1705907432203626,1.531861447567818
1771416051232,1.9596545002540176,-1.2228833764709979,1.5312746350399444
1771416051237,2.0972446153438256,-1.54229700330265,1.4211808224826061
1771416051242,1.9236862900739644,-1.182721805152995,1.5171480067001286
1771416051246,1.93437998839562,-1.2092822650655868,1.5097888405016389
1771416051250,1.9547182278214668,-1.242963227375166,1.508630427099562
1771416051255,1.9451363358144604,-1.235519038021104,1.5023475202472665
1771416051259,1.9443914630807773,-1.1719861362943278,1.5514853070639436
1771416051263,1.8932229563781988,-1.0716186633553901,1.5607455279147253
1771416051268,1.9428236608483305,-1.1897077875166886,1.5359554542610454
1771416051272,1.9143917542581785,-1.100522635243959,1.5664436530202412
1771416051276,1.926266771039986,-1.111513729907862,1.573226271532206
1771416051281,1.9545676742560196,-1.2083538028570278,1.5362994110418533
1771416051285,1.93715036233028,-1.1782758127255641,1.5376012602174356
1771416051289,1.927033550950078,-1.1813260794260374,1.5224739736872923
1771416051294,1.9556459835727231,-1.2322778170408792,1.518565966526673
1771416051298,1.961430802449678,-1.2430626944995062,1.517236280327496
1771416051303,1.927033550950078,-1.1813260794260374,1.5224739736872923
1771416051307,1.9364040017525428,-1.1905486690353464,1.5271720023171675
1771416051312,1.9122566853964234,-1.160290229769094,1.5200171754114158
1771416051317,1.948914447406527,-1.2325687532037906,1.5096495593135322
1771416051321,1.952158461203755,-1.2358230024867243,1.5111797259671367
1771416051325,1.9737445259427133,-1.2557068520466894,1.5227828983186737
1771416051330,1.93137362801653,-1.1726505399064444,1.5346318132551722
1771416051335,1.9477100139072334,-1.2460755394707363,1.4969535891961478
1771416051339,1.9242141969453468,-1.173225546714768,1.525169529023531
1771416051344,1.9052658273595158,-1.090240600467691,1.562502257917021
1771416051349,1.904306471924341,-1.138420525314085,1.5265588251215652
1771416051353,1.937106269455014,-1.1782503259786328,1.53756524040223
1771416051357,1.9326236345947714,-1.1567963097568776,1.5481784169556085
1771416051361,1.9392497768525843,-1.194759990305913,1.5274941121284273
1771416051365,1.9152258301712421,-1.167306646602555,1.5183824199959053
1771416051369,1.9338677162320659,-1.1796239098789918,1.5324267601182207
1771416051374,1.918919518969418,-1.0861893728050525,1.581911744278798
1771416051378,1.940255242267295,-1.1789595031954896,1.5409882851503978
1771416051383,1.9278412518485544,-1.2075108344911656,1.5028271613580353
1771416051387,1.9657469265239966,-1.2663379185422323,1.503512306301703
1771416051391,1.9703631544541487,-1.293736953020576,1.486127739065367
1771416051396,1.9080094730697787,-1.1329682569509556,1.5352143427109872
1771416051401,1.9060979947289185,-1.1176628750641358,1.5440334397975242
1771416051405,1.9657678680234767,-1.2703354312337427,1.500163725433243
1771416051410,1.9286810515798294,-1.165835099106196,1.5364371514693085
1771416051415,1.8981452365909983,-1.0957233481199942,1.5499502197095902
1771416051419,1.9413330344692126,-1.2425691670850447,1.4915749447248767
1771416051423,2.116838079031866,-1.552560664169329,1.4389436531405295
1771416051428,1.9181013668970825,-1.1719023101589379,1.5184722022930155
1771416051432,1.9466906294302602,-1.2218705540468329,1.5154658544041393
1771416051437,1.9484976560888247,-1.2018417676623916,1.5336947158042182
1771416051441,1.9332963133122516,-1.1496745991300203,1.5543110857167464
1771416051445,1.9584762572806558,-1.2364694797822584,1.5188062667434044
1771416051449,1.9055732891986157,-1.124676448430444,1.5382823040174107
1771416051453,1.9751089107087874,-1.2724199313926687,1.510629910784216
1771416051458,1.9055732891986157,-1.124676448430444,1.5382823040174107
1771416051471,1.9341583884596618,-1.2118173318567034,1.5074705389693612
1771416051482,1.9441890328223,-1.21436844063572,1.5182820178525727
1771416051487,1.929705452685319,-1.1496392468365393,1.549868619030841
1771416051492,1.9425324326805933,-1.2290024548090783,1.504322178952781
1771416051497,1.937106269455014,-1.1782503259786328,1.53756524040223
1771416051501,1.9427915238124294,-1.2268528266601162,1.5064099862632032
1771416051505,1.9506681888603787,-1.2489033792777942,1.4984481079638148
1771416051509,1.9392674724647505,-1.190737268442918,1.5306544637183535
1771416051514,1.9831137058458652,-1.2973347896064078,1.499887467108989
1771416051518,1.9046519695982478,-1.1345040358482248,1.5299018654601917
1771416051523,1.929931475383002,-1.2265624309212393,1.4900268798671354
1771416051527,1.949879542430537,-1.1856478826392827,1.5479888011165024
1771416051532,1.9539981515623195,-1.251571884296518,1.500558760844581
1771416051536,1.9551792207410204,-1.2736236373161194,1.4834448475380273
1771416051540,1.9381693576174504,-1.1289862224568372,1.5754017164869032
1771416051545,1.9324327454743004,-1.1553613458740468,1.5490114512944873
1771416051549,1.9443552424362902,-1.244698577959684,1.4937345007780416
1771416051553,1.9338677162320659,-1.1796239098789918,1.5324267601182207
1771416051557,1.920695246142157,-1.1403619812804227,1.545524111815558
1771416051562,1.942363783264886,-1.2308844029578507,1.502564691816687
1771416051566,1.967184357825305,-1.2863115286089568,1.4883604902846106
1771416051571,1.9186748989937163,-1.1593424696470809,1.5288029323955246
1771416051575,1.9137696397781736,-1.0637768893227808,1.5908780480852165
1771416051579,1.956552940366509,-1.2585532202085385,1.4980464613487625
1771416051583,1.9543187974156135,-1.21206854543868,1.533053098587969
1771416051587,1.9237291412578204,-1.1042366430922466,1.5752445032365348
1771416051591,1.927431076410787,-1.2120366460935432,1.4986519685505237
1771416051595,1.907057003736568,-1.1433547426875261,1.5263048017596739
1771416051600,1.9347251661003635,-1.1696177133085148,1.5411540718101613
1771416051604,1.9321350380203446,-1.195584116652625,1.5178024987309253
1771416051609,1.919055533688913,-1.1220217898009637,1.5568690518453634
1771416051614,1.9098424320895513,-1.1518741490308761,1.5233791583857668
1771416051618,1.9418204888413497,-1.2016982286569533,1.52531576341648
1771416051622,1.8975371395118386,-1.0987535017228367,1.5470578328810385
1771416051626,1.956552940366509,-1.2585532202085385,1.4980464613487625
1771416051631,1.9215369459936473,-1.1669872028873889,1.5265795436581946
1771416051635,1.946708006714724,-1.221809458294311,1.515537433067813
1771416051640,1.9545676742560196,-1.2083538028570278,1.5362994110418533
1771416051643,1.8947754016984255,-1.0564466531580694,1.5729253929899358
1771416051648,1.91349775015603,-1.1419648337865864,1.535379418335078
1771416051652,1.9523063822013853,-1.2663008899655062,1.4859280823972703
1771416051656,1.9338677162320659,-1.1796239098789918,1.5324267601182207
1771416051660,1.948914447406527,-1.2325687532037906,1.5096495593135322
1771416051664,1.9214174581198544,-1.168271385798228,1.525446497748397
1771416051669,1.9186748989937163,-1.1593424696470809,1.5288029323955246
1771416051673,1.9630915353721186,-1.2639968309054195,1.502012113037281
1771416051676,1.9474499189890166,-1.2092510148562712,1.5265232294463802
1771416051681,1.9313391783633729,-1.1722242489002965,1.534914112310993
1771416051685,1.9362046336247822,-1.1518638640158507,1.5563091023458517
1771416051689,1.9531512152055703,-1.2205343667998405,1.5248263930426667
1771416051694,1.9320443012970125,-1.159817851120378,1.5451918115226893
1771416051697,1.9035773296967469,-1.106207323997554,1.5491649384328217
1771416051701,1.9657678680234767,-1.2703354312337427,1.500163725433243
1771416051706,1.9193950675267033,-1.2312334632505701,1.4724610637357596
1771416051711,1.9549978902609677,-1.240534238378519,1.5109902562013637
1771416051715,1.9552852376259746,-1.2006209225266953,1.5432594599966694
1771416051720,1.9508550718044864,-1.2113057854083562,1.5292396167447182
1771416051725,1.9517563825052717,-1.2001226722058633,1.5391746321673583
1771416051729,1.9602383887498076,-1.2570811200916687,1.5040882946946692
1771416051733,1.9229666942448294,-1.1910941745049304,1.5096673721834575
1771416051737,1.9330484545492226,-1.1523008515138988,1.552056402079345
1771416051742,1.9246364580679705,-1.1312308645855411,1.5570941611647868
1771416051746,1.9052106711659094,-1.1687276452102484,1.504627326897183
1771416051750,1.9408686957385712,-1.2124965026159111,1.515527474261726
1771416051755,1.9192593286049844,-1.1236982843742607,1.5559108381046771
1771416051759,1.9291900795511485,-1.1921950878439882,1.5167218715239892
1771416051763,1.9411029101367971,-1.131289676022222,1.5773598754460185
1771416051768,1.9311560080182266,-1.1738807029096443,1.533416976116168
1771416051772,1.967184357825305,-1.2863115286089568,1.4883604902846106
1771416051776,1.8522624171971378,-0.8526105695188301,1.6443634874643014
1771416051781,1.9194608533961983,-1.113260483652906,1.5636435217968832
1771416051785,1.9206104810522733,-1.1409869708464662,1.5449573949745186
1771416051789,1.9228316312396398,-1.0728601099520696,1.5956981752729202
1771416051794,1.9095268750693035,-1.1512440728392792,1.5234598686425476
1771416051798,1.9674474845383851,-1.2514959754438455,1.5180933528160503
1771416051802,1.9530642444441746,-1.2255184271856554,1.5207118489558409
1771416051807,1.8918033965451662,-1.0919706634976551,1.544836613121374
1771416051811,1.8946514995098687,-0.9773767303051504,1.6230955090976646
1771416051815,1.9288310555802288,-1.196871003896949,1.5125769537453126
1771416051820,1.955604149191885,-1.273199938392488,1.4843683859520458
1771416051825,1.93342823787,-1.1840595271024583,1.5284462003194605
1771416051829,1.923282803502591,-1.1469650981985255,1.5438548525568176
1771416051834,1.9052658273595158,-1.090240600467691,1.562502257917021
1771416051839,1.9341583884596618,-1.2118173318567034,1.5074705389693612
1771416051843,1.9121063102615654,-1.0850097097763545,1.5744537057129144
1771416051848,1.9080320596827467,-1.0950429894395797,1.5625195013363558
1771416051852,1.9336380896773762,-1.1818290643651217,1.5304366450373024
1771416051857,1.9472487058720953,-1.2122007175408687,1.523924848184435
1771416051860,1.9443552424362902,-1.244698577959684,1.4937345007780416
1771416051865,1.9214174581198544,-1.168271385798228,1.525446497748397
1771416051869,1.9289413553097488,-1.121394135036023,1.5694871602313352
1771416051874,1.9215369459936473,-1.1669872028873889,1.5265795436581946
1771416051878,1.9354232421747373,-1.161348242678467,1.5482678662227052
1771416051882,1.9422257901729418,-1.1962934747475251,1.5300728552227179
1771416051887,1.9055732891986157,-1.124676448430444,1.5382823040174107
1771416051892,1.941695371046141,-1.239896569932209,1.4942681853711381
1771416051896,1.9340419296315325,-1.2138047220763795,1.5057211834326916
1771416051901,1.9465124838091266,-1.2246356984441298,1.5130030587282477
1771416051904,1.9216639329751168,-1.1660168375228637,1.5274806073762686
1771416051909,1.9413330344692126,-1.2425691670850447,1.4915749447248767
1771416051913,1.9559922722601506,-1.2284456567240802,1.5221126888693788
1771416051917,1.913161250807924,-1.1129122951049413,1.5561530114346702
1771416051922,1.9257217110439138,-1.1591955661819398,1.537748271899543
1771416051926,1.9307748339041433,-1.1786643875923744,1.5292618221413445
1771416051931,1.9403319845336782,-1.1818506682795575,1.5388688079532853
1771416051935,1.903892218525462,-1.179173335892474,1.4947761784568352
1771416051939,1.929402906550173,-1.22966800867679,1.4867791242283146
1771416051943,1.9674953381244558,-1.286184202530537,1.4888814938410486
1771416051947,1.9574673815378076,-1.211378669337539,1.537608620312235
1771416051951,1.953121673700572,-1.2209261305544048,1.5244748787724816
1771416051955,1.9545797831570573,-1.2837248255929214,1.473917467459665
1771416051959,1.922822086160348,-1.1925509537413166,1.5083325222764075
1771416051964,1.939632264347181,-1.1929811351102269,1.5293689326541478
1771416051968,1.9245570987631557,-1.1317667315162592,1.5566065950755377
1771416051972,1.9269693049879562,-1.1816731644634977,1.5221232652950911
1771416051977,1.934534988650653,-1.2077722833896916,1.5111954651166848
1771416051981,1.9313391783633729,-1.1722242489002965,1.534914112310993
1771416051985,1.9274394493889855,-1.1397154596429053,1.5543717387137084
1771416051989,1.927033550950078,-1.1813260794260374,1.5224739736872923
1771416051994,1.9530642444441746,-1.2255184271856554,1.5207118489558409
1771416051998,1.9484976560888247,-1.2018417676623916,1.5336947158042182
1771416052003,1.927033550950078,-1.1813260794260374,1.5224739736872923
1771416052007,1.9121322959852494,-1.1275939801271175,1.5442738530878863
1771416052011,1.9413330344692126,-1.2425691670850447,1.4915749447248767
1771416052015,1.9421943683154343,-1.2719952210587675,1.4677013054160053
1771416052019,1.8976078171008803,-1.0653515748204427,1.5703316368047773
1771416052024,1.9418277219442217,-1.2374131241285924,1.4964971306171633
1771416052029,1.931085462151594,-1.1342327686573535,1.5628842211235963
1771416052034,1.9657678680234767,-1.2703354312337427,1.500163725433243
1771416052038,1.953121673700572,-1.2209261305544048,1.5244748787724816
1771416052043,1.9389004276593451,-1.1982963343847604,1.5242771281422671
1771416052046,1.9453176694369128,-1.1975016959276554,1.5330526811802165
1771416052051,1.9428236608483305,-1.1897077875166886,1.5359554542610454
1771416052056,1.9179130829512079,-1.13562034639008,1.5455604234776075
1771416052060,1.9298883256692692,-1.1476123811233898,1.5515974904100738
1771416052064,1.9313391783633729,-1.1722242489002965,1.534914112310993
1771416052069,1.9336221823233666,-1.2187527253718782,1.5011783832614956
1771416052073,1.943922646256837,-1.2131716648981485,1.518897549579444
1771416052078,1.9269891284098508,-1.1403133267349075,1.5533745903292369
1771416052082,1.9342676976299977,-1.1373678944303944,1.5645401237468546
1771416052086,1.9317158843766296,-1.199569188781981,1.5141202129546794
1771416052091,1.9477301438874772,-1.2459197412368,1.497109452179218
1771416052095,1.9413633971461766,-1.2061426058464724,1.5212205146331759
1771416052099,1.9659704286757187,-1.2988904424525343,1.4757788943242307
1771416052104,1.9110142726543105,-1.0602887264485081,1.5898941369961346
1771416052108,1.920619052616206,-1.1411986184851333,1.5448117226510145
1771416052112,1.917905480158922,-1.1315573440052815,1.5485281424796056
1771416052117,1.9222642109271724,-1.1946873303688343,1.5059289091015062
1771416052121,1.9285661950253774,-1.1675486710692378,1.5349910974592391
1771416052125,1.940255242267295,-1.1789595031954896,1.5409882851503978
1771416052129,1.9053434694545877,-1.085223545428455,1.5660854360605425
1771416052134,1.926399443270672,-1.1838208992431565,1.5197311912139855
1771416052137,1.9304147641988882,-1.178350971466068,1.5290487728918338
1771416052142,1.965415234428769,-1.273461443916058,1.4970480936108639
1771416052146,1.9451821285029953,-1.2388695987363976,1.4996451681561744
1771416052150,1.9234521600246979,-1.1488390611523793,1.5426720401544185
1771416052155,1.9314130984162985,-1.1298725817696942,1.5664432660326806
1771416052159,1.8732465652015042,-0.9954353102887744,1.5868715250673335
1771416052163,1.9360392192445124,-1.2307480148825194,1.4944922824543587
1771416052167,1.9604140388297753,-1.2545701940266434,1.5064119064521568
1771416052171,1.9583908295829429,-1.2795586375449104,1.4825735511193971
1771416052175,1.9628469259954795,-1.2634808389504424,1.5021265674020248
1771416052179,1.9703631544541487,-1.293736953020576,1.486127739065367
1771416052183,1.9181821785016722,-1.1326628935865923,1.5480625437667137
1771416052188,1.946135782351559,-1.2287951061106088,1.5091411698538122
1771416052192,1.9312924326298222,-1.204979974538046,1.5092758930346386
1771416052197,1.93709306842809,-1.214629774228599,1.5089745085022264
1771416052201,1.947340350132472,-1.1783177396710351,1.5503876107704813
1771416052205,1.926202056327565,-1.2302202327884972,1.482164815612068
1771416052209,1.9095268750693035,-1.1512440728392792,1.5234598686425476
1771416052214,1.9053434694545877,-1.085223545428455,1.5660854360605425
1771416052219,1.9020960497918495,-1.0442845744733438,1.589792159419207
1771416052247,1.906704175771234,-1.1134932358585141,1.5477899171401772
1771416052257,1.9421209898574725,-1.1935162968922013,1.5321073031278507
1771416052264,1.961301519640311,-1.2444153304237193,1.5159598069704283
1771416052268,1.9154103961746096,-1.1238821804531025,1.5510273467072573
1771416052273,1.9596545002540176,-1.2228833764709979,1.5312746350399444
1771416052277,1.9304147641988882,-1.178350971466068,1.5290487728918338
1771416052282,1.9314617960164802,-1.133491679144529,1.5638865952431855
1771416052287,1.9243256039693843,-1.135202539923992,1.553816019817743
1771416052291,1.9425324326805933,-1.2290024548090783,1.504322178952781
1771416052296,1.950417270923006,-1.2553839997297938,1.4926950605991742
1771416052300,1.9174896807848953,-1.176941542630235,1.5137949931043246
1771416052305,1.9286810515798294,-1.165835099106196,1.5364371514693085
1771416052309,1.964147241313711,-1.2481794178526961,1.516549546308714
1771416052314,1.926399443270672,-1.1838208992431565,1.5197311912139855
1771416052318,1.9674885095537944,-1.2865762207895135,1.4885337293206307
1771416052323,1.9135413204919378,-1.1093140270519968,1.5591865746650435
1771416052326,1.9589456676990094,-1.2673542497954233,1.4937474132269475
1771416052331,1.9285661950253774,-1.1675486710692378,1.5349910974592391
1771416052335,1.953006644065365,-1.1864064066497102,1.5513461219289466
1771416052339,1.9320327512650046,-1.2001483183061457,1.5140655752072147
1771416052344,1.9236862900739644,-1.182721805152995,1.5171480067001286
1771416052348,1.9056927657481295,-1.0850774030485963,1.566611613265416
1771416052353,1.9766962021262977,-1.2625308352642324,1.5209680356626594
1771416052357,1.9484976560888247,-1.2018417676623916,1.5336947158042182
1771416052361,1.8933706083196344,-0.9973702011653042,1.609380297591636
1771416052366,1.9677144284537056,-1.2834671305953527,1.49151339136671
1771416052370,1.9630843291371483,-1.2631086958332869,1.502749648415923
1771416052375,1.9304147641988882,-1.178350971466068,1.5290487728918338
1771416052379,1.934534988650653,-1.2077722833896916,1.5111954651166848
1771416052383,1.9061798429554564,-1.1126778850882855,1.5477304409118366
1771416052387,1.9392497768525843,-1.194759990305913,1.5274941121284273
1771416052391,1.9320327512650046,-1.2001483183061457,1.5140655752072147
1771416052396,1.946708006714724,-1.221809458294311,1.515537433067813
1771416052400,1.9648803106847261,-1.279911930253616,1.49083201136512
1771416052405,1.9259764305186737,-1.1894442247911097,1.5147962394409775
1771416052410,1.9624798958432472,-1.2667610130774598,1.4988808749650155
1771416052414,1.8945868084761746,-1.059406545543427,1.570705875112104
1771416052419,1.9549735677272932,-1.2763485889935313,1.4808294736014012
1771416052424,1.9319058755239253,-1.1617788576713897,1.543544686023578
1771416052429,1.9406312050232677,-1.1372415432993284,1.572492017818921
1771416052433,1.9288310555802288,-1.196871003896949,1.5125769537453126
1771416052437,1.9083592160942644,-1.0930875762482128,1.5642872013488198
1771416052442,1.934534988650653,-1.2077722833896916,1.5111954651166848
1771416052446,1.9493547144156986,-1.2276735624202741,1.5141999295829542
1771416052450,1.9364040017525428,-1.1905486690353464,1.5271720023171675
1771416052454,1.9019647709561076,-1.1249537685371125,1.5336065364402525
1771416052458,1.9235041170835785,-1.1487300938980112,1.5428179606844559
1771416052463,1.9304147641988882,-1.178350971466068,1.5290487728918338
1771416052467,1.9467736442736912,-1.220892549476973,1.5163604468167473
1771416052471,1.9375712350954675,-1.1730097607051833,1.5421512222735305
1771416052476,1.9492439644291044,-1.1925450627174916,1.5418781749059896
1771416052480,1.9253479263669533,-1.235745302876414,1.4764478263671923
1771416052484,2.1252528172855416,-1.5671135910929053,1.4355676682037772
1771416052489,1.9026653126874793,-1.1166853162148191,1.5405029038123728
1771416052493,1.9663326587331253,-1.223011028097786,1.5397104110681585
1771416052497,1.965710803109702,-1.2342823908854854,1.5298908265010935
1771416052502,1.9637569342374346,-1.292839388471298,1.4781432990014085
1771416052507,1.9313391783633729,-1.1722242489002965,1.534914112310993
1771416052510,1.9583908295829429,-1.2795586375449104,1.4825735511193971
1771416052514,1.916164896458808,-1.1146646699231635,1.5585925009591444
1771416052518,1.9439486598688582,-1.1770295913573658,1.5471062449861168
1771416052523,1.9269693049879562,-1.1816731644634977,1.5221232652950911
1771416052527,1.9254068242479525,-1.1998862325732222,1.5058102362986596
1771416052532,1.9139302645613288,-1.1048363973217497,1.5628389529177007
1771416052536,1.9336380896773762,-1.1818290643651217,1.5304366450373024
1771416052541,1.9269044942410827,-1.1452851134211077,1.5496073499123844
1771416052545,1.8696230900400186,-0.9633185893535532,1.6023444680269807
1771416052549,1.917714838511923,-1.1748692703973407,1.5156887541064725
1771416052553,1.9357048977051363,-1.194440053742249,1.5232420717062227
1771416052558,1.9245570987631557,-1.1317667315162592,1.5566065950755377
1771416052561,1.9398055008700679,-1.26521805066969,1.4703974515298117
1771416052566,1.9449201226840678,-1.201867023107538,1.529127183195706
1771416052570,1.95216871706496,-1.2360001970258703,1.5110480511350595
1771416052574,1.942363783264886,-1.2308844029578507,1.502564691816687
1771416052579,1.9221244751430175,-1.123464591991613,1.5596120698702416
1771416052582,1.9172725948257903,-1.1798543117226257,1.511250477577939
1771416052587,1.9276359849664062,-1.1371876833492487,1.556465439184621
1771416052591,1.9307748339041433,-1.1786643875923744,1.5292618221413445
1771416052595,1.9235041170835785,-1.1487300938980112,1.5428179606844559
1771416052600,1.964147241313711,-1.2481794178526961,1.516549546308714
1771416052604,1.955686319725995,-1.267531628646502,1.4893194927698197
1771416052609,1.9151225382862112,-1.131126732048348,1.54539530628815
1771416052614,1.952010536610777,-1.2012947730736308,1.5385824655264557
1771416052618,1.9253015683017245,-1.2003196539216985,1.5053301489422093
1771416052622,1.9477301438874772,-1.2459197412368,1.497109452179218
1771416052626,1.9221244751430175,-1.123464591991613,1.5596120698702416
1771416052631,1.951081811734074,-1.2086540067806064,1.531625191740036
1771416052635,1.939676359355441,-1.1891823666640533,1.5323803959388345
1771416052640,1.9302205173337739,-1.1019060653513946,1.5847883987075593
1771416052644,1.9364095607517553,-1.1868762508186497,1.53003488594655
1771416052648,1.9502707092821974,-1.2173516729369744,1.523683282011598
1771416052652,1.942309376271017,-1.1960447914043393,1.530373343372413
1771416052657,1.9134716361031565,-1.1461464833105366,1.5322277705896667
1771416052662,1.9492439644291044,-1.1925450627174916,1.5418781749059896
1771416052666,1.8981115119405763,-1.0585660860294768,1.575520597538977
1771416052671,1.93709306842809,-1.214629774228599,1.5089745085022264
1771416052675,1.9257811464345416,-1.1585112782236369,1.538338273004794
1771416052679,1.8993715923999288,-1.0809459395185348,1.5617836988053864
1771416052683,1.8891262962260262,-1.0445352369778336,1.574085226982429
1771416052687,1.9289413553097488,-1.121394135036023,1.5694871602313352
1771416052692,2.137178838775423,-1.583333525043533,1.435474951847884
1771416052696,1.9336380896773762,-1.1818290643651217,1.5304366450373024
1771416052700,1.9339122450048083,-1.2146012983027314,1.5049120431244003
1771416052705,1.9246364580679705,-1.1312308645855411,1.5570941611647868
1771416052710,1.9215976801621384,-1.1295008034971146,1.5545949888327457
1771416052715,1.946708006714724,-1.221809458294311,1.515537433067813
1771416052719,1.9396094842446927,-1.1859291396509193,1.5348149813898722
1771416052723,1.9087033546267347,-1.0943896905116852,1.5637965664577629
1771416052727,1.9471795391600393,-1.252598657084536,1.4908067487080678
1771416052732,1.9162619675586514,-1.076278696956001,1.5854602154549469
1771416052736,1.9318038699874525,-1.12964775674355,1.5670871506660897
1771416052740,1.9583908295829429,-1.2795586375449104,1.4825735511193971
1771416052744,1.9545000310008978,-1.285501348855327,1.4722624267682867
1771416052748,1.9235041170835785,-1.1487300938980112,1.5428179606844559
1771416052753,1.91631084857437,-1.1504267804544237,1.5325682664002578
1771416052757,1.931790248846417,-1.1292069793917716,1.5673880065991994
1771416052761,1.9382237850486015,-1.2019206436416965,1.5205585182149541
1771416052766,1.9339122450048083,-1.2146012983027314,1.5049120431244003
1771416052769,1.9245570987631557,-1.1317667315162592,1.5566065950755377
1771416052774,1.9420132211286534,-1.162448005799604,1.5556766967628626
1771416052777,1.9332111681967734,-1.1871372166822147,1.5257819797103183
1771416052782,1.929755733908946,-1.149830390939248,1.5497894258985478
1771416052786,1.962753659690273,-1.267715890225692,1.4984319638531611
1771416052791,1.9242927702105446,-1.1758154579586704,1.5232730137142239
1771416052795,1.9336380896773762,-1.1818290643651217,1.5304366450373024
1771416052800,1.9514883745468046,-1.279831540877853,1.4732067414200731
1771416052804,1.9235041170835785,-1.1487300938980112,1.5428179606844559
1771416052808,1.9257811464345416,-1.1585112782236369,1.538338273004794
1771416052812,1.9515994953774753,-1.277546095644271,1.4753360850537396
1771416052817,1.9084388747882841,-1.0519303961677826,1.5923508973908558
1771416052821,1.9132697720504803,-1.1118613838801013,1.557037405998431
1771416052825,1.9425324326805933,-1.2290024548090783,1.504322178952781
1771416052829,1.9336380896773762,-1.1818290643651217,1.5304366450373024
1771416052834,1.9291900795511485,-1.1921950878439882,1.5167218715239892
1771416052837,1.9655738931914994,-1.272636583292922,1.497957561635344
1771416052842,1.9206104810522733,-1.1409869708464662,1.5449573949745186
1771416052845,1.9710922022215434,-1.2819249615593533,1.49728850345871
1771416052849,1.9312924326298222,-1.204979974538046,1.5092758930346386
1771416052854,1.9479276008257247,-1.244212825534172,1.4987849688447423
1771416052858,1.93715036233028,-1.1782758127255641,1.5376012602174356
1771416052863,1.9190095782597796,-1.1187816544888014,1.559142511456883
1771416052867,1.955686319725995,-1.267531628646502,1.4893194927698197
1771416052871,1.974831421149116,-1.2798833474064069,1.503947392361052
1771416052875,1.904217363174889,-1.1059786751758796,1.5501144913434406
1771416052880,1.923051246228624,-1.1493866231367158,1.54176408252879
1771416052884,1.901204234318583,-1.0207535682811708,1.6039450406520066
1771416052888,1.9508550718044864,-1.2113057854083562,1.5292396167447182
1771416052893,1.8787948014721192,-1.0087640895356782,1.5850125922849678
1771416052897,1.9502707092821974,-1.2173516729369744,1.523683282011598
1771416052902,1.9050063881097767,-1.0931833476422728,1.5601280419172945
1771416052906,1.9362046336247822,-1.1518638640158507,1.5563091023458517
1771416052910,1.9556252465569506,-1.1918994252123347,1.55043408926321
1771416052914,1.9123217595212345,-1.1595110779275062,1.5206934510616474
1771416052918,1.9215165654744377,-1.1306796397553855,1.5536374942808606
1771416052923,1.9317158843766296,-1.199569188781981,1.5141202129546794
1771416052927,1.9474499189890166,-1.2092510148562712,1.5265232294463802
1771416052931,1.8891262962260262,-1.0445352369778336,1.574085226982429
1771416052936,1.9246160698841375,-1.1313520850002616,1.5569808849892228
1771416052940,1.955686319725995,-1.267531628646502,1.4893194927698197
1771416052944,1.9324327454743004,-1.1553613458740468,1.5490114512944873
1771416052948,1.9497359467606865,-1.2595332088399405,1.488303180780097
1771416052953,1.9245570987631557,-1.1317667315162592,1.5566065950755377
1771416052957,1.9342751822150104,-1.1377846445376159,1.5642463307252228
1771416052961,1.9122566853964234,-1.160290229769094,1.5200171754114158
1771416052966,1.95216871706496,-1.2360001970258703,1.5110480511350595
1771416052970,1.923051246228624,-1.1493866231367158,1.54176408252879
1771416052974,1.9121322959852494,-1.1275939801271175,1.5442738530878863
1771416052981,1.9414461830479042,-1.1686277344924885,1.5503298035728494
1771416052995,1.9257217110439138,-1.1591955661819398,1.537748271899543
1771416053001,1.9495151230908514,-1.2299649372392392,1.5125460218856193
1771416053008,1.9439486598688582,-1.1770295913573658,1.5471062449861168
1771416053012,1.9740345588045478,-1.2528960815376462,1.5254716805703992
1771416053016,1.982856156312523,-1.260246267752865,1.5308487453832424
1771416053020,1.9445264354919363,-1.170075636174451,1.5530956390248247
1771416053025,1.9318038699874525,-1.12964775674355,1.5670871506660897
1771416053029,1.9202687980775377,-1.1819911404549286,1.513383362124815
1771416053034,1.9066513068840067,-1.074549936769301,1.5750116315226317
1771416053037,1.9181821785016722,-1.1326628935865923,1.5480625437667137
1771416053042,1.9099748847781979,-1.114265725091817,1.55126269676322
1771416053047,1.957017511637604,-1.2528386144873145,1.5034337188269211
1771416053052,1.9358815466928532,-1.232111492422628,1.493163967240704
1771416053057,1.923051246228624,-1.1493866231367158,1.54176408252879
1771416053061,1.928545173448617,-1.1638295555922415,1.5377864778836892
1771416053065,1.9338677162320659,-1.1796239098789918,1.5324267601182207
1771416053069,1.8921011042506044,-1.0082168717705675,1.6011075317365564
1771416053073,1.9144161110159685,-1.0941254223417467,1.5709483143321423
1771416053078,1.9099748847781979,-1.114265725091817,1.55126269676322
1771416053082,1.9278412518485544,-1.2075108344911656,1.5028271613580353
1771416053087,1.9257811464345416,-1.1585112782236369,1.538338273004794
1771416053091,1.9311560080182266,-1.1738807029096443,1.533416976116168
1771416053095,1.9630212715926907,-1.2969824733303843,1.4735294284808782
1771416053099,1.918244400465102,-1.1319285748035208,1.5486766226230022
1771416053103,1.9214112469869653,-1.2083613504927035,1.4938821997344554
1771416053107,1.93715036233028,-1.1782758127255641,1.5376012602174356
1771416053111,1.9369965922460244,-1.1466926747273773,1.5611059246890597
1771416053116,1.9246364580679705,-1.1312308645855411,1.5570941611647868
1771416053120,1.9246160698841375,-1.1313520850002616,1.5569808849892228
1771416053124,1.9224957783883896,-1.1921491659725911,1.5082341940136603
1771416053128,1.9392497768525843,-1.194759990305913,1.5274941121284273
1771416053133,1.955234605868848,-1.2734209873931261,1.4836917984722517
1771416053137,1.943358539068517,-1.2202752916685249,1.5124716935909304
1771416053141,1.951081811734074,-1.2086540067806064,1.531625191740036
1771416053146,1.9383943558130856,-1.2045117150144025,1.518724532968731
1771416053150,1.9506153208503783,-1.2135640463710904,1.5271419172073204
1771416053154,1.964147241313711,-1.2481794178526961,1.516549546308714
1771416053159,1.9396094842446927,-1.1859291396509193,1.5348149813898722
1771416053162,1.9403140541101205,-1.2189634899062258,1.5096180440273248
1771416053167,1.9302205173337739,-1.1019060653513946,1.5847883987075593
1771416053171,1.9181013668970825,-1.1719023101589379,1.5184722022930155
1771416053174,1.9070832601457008,-1.1429469523991063,1.526642992034991
1771416053179,1.9296801720149723,-1.1908901626854302,1.5183695817181015
1771416053183,1.9775904996469553,-1.2484533542830243,1.533697625502941
1771416053188,1.9449201226840678,-1.201867023107538,1.529127183195706
1771416053191,1.9110998186692667,-1.1774533008544934,1.5052927426997589
1771416053195,1.972228308790628,-1.272828775498213,1.5065163159617159
1771416053200,1.9631390119516752,-1.2988303579655325,1.4720579069702815
1771416053203,1.9493547144156986,-1.2276735624202741,1.5141999295829542
1771416053208,1.8788390174268728,-0.9308799315100746,1.6320228572288364
1771416053212,1.9502008548874439,-1.2179505364639913,1.5231151844594002
1771416053217,1.928376678421744,-1.1653225638163829,1.5364439254789908
1771416053220,1.9443552424362902,-1.244698577959684,1.4937345007780416
1771416053224,1.9403140541101205,-1.2189634899062258,1.5096180440273248
1771416053228,1.9289413553097488,-1.121394135036023,1.5694871602313352
1771416053233,1.9162960729876026,-1.1502205240338046,1.532704598231214
1771416053237,1.8952288858836583,-1.0551562440747384,1.574337267067608
1771416053242,1.91349775015603,-1.1419648337865864,1.535379418335078
1771416053246,1.9104189782359708,-1.1041150655664091,1.5590479769376744
1771416053251,1.9464224000381734,-1.2603789855361227,1.4832413735428556
1771416053255,1.9332484674479433,-1.2221877161295385,1.4979008056049252
1771416053260,1.9106600603386292,-1.1423906750951862,1.5315238854254865
1771416053265,1.9533253138845508,-1.258500960262777,1.4938725229683578
1771416053268,1.9377271575784907,-1.1715293793014583,1.5434718820408608
1771416053272,1.929944716811393,-1.1474760948765224,1.551768417527285
1771416053277,1.9280818568413067,-1.1690687174628922,1.5332246999478876
1771416053281,1.9235041170835785,-1.1487300938980112,1.5428179606844559
1771416053285,1.9164416111583775,-1.073916355357369,1.5872782083413302
1771416053290,1.9398412787368515,-1.223547307655644,1.5052960415214172
1771416053294,1.962753659690273,-1.267715890225692,1.4984319638531611
1771416053299,1.9357048977051363,-1.194440053742249,1.5232420717062227
1771416053302,1.9214174581198544,-1.168271385798228,1.525446497748397
1771416053307,1.9449201226840678,-1.201867023107538,1.529127183195706
1771416053312,1.9641550534367545,-1.2114249643367871,1.5460771745688358
1771416053317,1.9340539588116472,-1.1402511636471948,1.5621754060912056
1771416053321,1.9087033546267347,-1.0943896905116852,1.5637965664577629
1771416053325,1.9181821785016722,-1.1326628935865923,1.5480625437667137
1771416053329,1.923282803502591,-1.1469650981985255,1.5438548525568176
1771416053333,1.9295774438272673,-1.1885292180478795,1.520087961130364
1771416053338,1.9472020340140341,-1.217430649084447,1.519690223676593
1771416053342,1.9753060110562781,-1.3094438279441547,1.4789153791796283
1771416053346,1.930430016518009,-1.1420606191489822,1.556360366644809
1771416053350,1.9263279169332759,-1.1886376649094093,1.5158759003016047
1771416053354,1.9086465064516815,-1.124870700092751,1.5419459765708567
1771416053358,1.8850521878786282,-0.8951662679259773,1.6589451780554654
1771416053362,1.9487576981173147,-1.2721560703152919,1.476236938547281
1771416053366,1.9279217262787853,-1.1705907432203626,1.531861447567818
1771416053371,2.1572807383998915,-1.5877318292401672,1.4604683573048938
1771416053375,1.957017511637604,-1.2528386144873145,1.5034337188269211
1771416053379,1.8925107639802372,-1.0079321949743736,1.6017707957492553
1771416053384,1.8831590392830246,-1.002251888759196,1.5942958065277562
1771416053388,1.931848405429408,-1.1617447300716461,1.5434984430542533
1771416053393,1.8984887367404308,-1.0514760254708049,1.5807142851857816
1771416053397,1.882292026251879,-0.9704940408628314,1.6128126328687835
1771416053401,1.9477301438874772,-1.2459197412368,1.497109452179218
1771416053405,1.9264991610494546,-1.1131681527737227,1.5723408285656741
1771416053410,1.9377271575784907,-1.1715293793014583,1.5434718820408608
1771416053414,1.953415030181239,-1.2218516267869364,1.5241092094256528
1771416053419,1.912402304653019,-1.1227048331382208,1.5481655055226682
1771416053424,1.9326236345947714,-1.1567963097568776,1.5481784169556085
1771416053427,1.9218722416502487,-1.1220666090799367,1.5603074818809286
1771416053432,1.9332484674479433,-1.2221877161295385,1.4979008056049252
1771416053436,1.9616391044712107,-1.2729644214300861,1.4925111584051154
1771416053441,1.9165338812500763,-1.1110798357699059,1.5616029317739515
1771416053445,1.9181013668970825,-1.1719023101589379,1.5184722022930155
1771416053449,1.9594077960356175,-1.2661149806933993,1.49540354648132
1771416053454,1.9206104810522733,-1.1409869708464662,1.5449573949745186
1771416053458,1.9701255151884323,-1.2922858366434111,1.4870749348998271
1771416053463,1.9396094842446927,-1.1859291396509193,1.5348149813898722
1771416053467,1.9443552424362902,-1.244698577959684,1.4937345007780416
1771416053471,1.9352121088686804,-1.1639522841294252,1.5460468901627336
1771416053476,1.9477483066286891,-1.2419463927880234,1.5004308126054138
1771416053481,1.9295774438272673,-1.1885292180478795,1.520087961130364
1771416053486,1.9135413204919378,-1.1093140270519968,1.5591865746650435
1771416053490,1.9150710379262947,-1.1683747022042543,1.5173653599424286
1771416053494,1.9364040017525428,-1.1905486690353464,1.5271720023171675
1771416053499,1.9615264965221852,-1.241758874157813,1.5184271780394736
1771416053503,1.9453368360944259,-1.237481087366093,1.5009916602956537
1771416053508,1.921417988285595,-1.1322680473416356,1.5523582559050675
1771416053513,1.9042723678508753,-1.0611143545518613,1.5812303998862296
1771416053517,1.928545173448617,-1.1638295555922415,1.5377864778836892
1771416053521,2.083978575603152,-1.504218059228468,1.442322687148713
1771416053526,1.9199657197640114,-1.1545074155454147,1.534073333488196
1771416053530,1.942309376271017,-1.1960447914043393,1.530373343372413
1771416053535,1.942309376271017,-1.1960447914043393,1.530373343372413
1771416053539,1.9616391044712107,-1.2729644214300861,1.4925111584051154
1771416053543,1.9506681888603787,-1.2489033792777942,1.4984481079638148
1771416053547,1.9394615190602205,-1.1549710721266535,1.558060591397519
1771416053551,1.9298883256692692,-1.1476123811233898,1.5515974904100738
1771416053556,1.912649149445203,-1.1196656628922697,1.5506693948786996
1771416053560,1.919636514431368,-1.1112549467036064,1.565284891310517
1771416053565,1.932167896658923,-1.1992272766764842,1.5149675639281752
1771416053570,1.9578348314763878,-1.2442971014135529,1.511569366835676
1771416053574,1.9617216036836531,-1.2035982808936698,1.5490974238533115
1771416053579,1.9163641602470092,-1.1937034493601595,1.4991743293109316
1771416053582,1.9192593286049844,-1.1236982843742607,1.5559108381046771
1771416053587,1.8860743565514198,-1.0810469930346973,1.5455141142323776
1771416053591,1.914458247145025,-1.0976352192778214,1.5685494271659184
1771416053595,1.9341466821906161,-1.1782182845872047,1.5338595314087118
1771416053600,1.90005120887986,-1.0732386212495972,1.567913727927682
1771416053604,1.912402304653019,-1.1227048331382208,1.5481655055226682
1771416053609,1.9093269797810142,-1.1574512801783,1.518497958422501
1771416053613,1.9379452570608013,-1.2451289735326367,1.4850204236420512
1771416053617,1.9260419009675154,-1.1561411609064585,1.5404463704850055
1771416053621,1.9110176153298766,-1.1341592221930763,1.538073855448913
1771416053626,1.9242141969453468,-1.173225546714768,1.525169529023531
1771416053631,1.9441890328223,-1.21436844063572,1.5182820178525727
1771416053634,1.9336380896773762,-1.1818290643651217,1.5304366450373024
1771416053639,1.9403140541101205,-1.2189634899062258,1.5096180440273248
1771416053643,1.9738704604912796,-1.286223351294709,1.4972621966056123
1771416053647,1.9089577861603257,-1.1215540021772281,1.5447447845978874
1771416053651,1.943330492195042,-1.25984401667004,1.4796372716161634
1771416053656,1.951950276176992,-1.2342963793558985,1.512158169166293
1771416053660,1.8300342863266135,-0.7155281256390607,1.6843529887023119
1771416053664,1.9408686957385712,-1.2124965026159111,1.515527474261726
1771416053669,1.9588299813413637,-1.268758131752433,1.4924033298387815
1771416053672,1.9331944266376095,-1.1868689434265882,1.525969463099498
1771416053677,1.943358539068517,-1.2202752916685249,1.5124716935909304
1771416053682,1.9120199000747278,-1.0850593425085644,1.5743145560899365
1771416053685,2.145003936313301,-1.60437473965663,1.423735783616917
1771416053690,1.9193557286705945,-1.0767127022179093,1.5889040783078243
1771416053694,1.9396094842446927,-1.1859291396509193,1.5348149813898722
1771416053699,1.9298883256692692,-1.1476123811233898,1.5515974904100738
1771416053703,1.9304147641988882,-1.178350971466068,1.5290487728918338
1771416053707,1.941695371046141,-1.239896569932209,1.4942681853711381
1771416053711,1.944774568388039,-1.2041749005704747,1.5271250540427168
1771416053715,1.9317158843766296,-1.199569188781981,1.5141202129546794
1771416053719,1.9667600142922599,-1.2552880521314174,1.5140663327592363
1771416053724,1.9613886403412726,-1.2440550800715187,1.5163681466609726
1771416053728,1.9281831632331248,-1.2078375587724643,1.5030032410458312
1771416053732,1.9242927702105446,-1.1758154579586704,1.5232730137142239
1771416053736,1.9557324148433777,-1.2273345162612586,1.522675035476333
1771416053741,1.952933204863447,-1.1864717284395812,1.5512037068908155
1771416053746,1.961430802449678,-1.2430626944995062,1.517236280327496
1771416053750,1.9055732891986157,-1.124676448430444,1.5382823040174107
1771416053755,1.9687370020939392,-1.2726060508915609,1.5021315597004203
1771416053759,1.9072357985813981,-1.0312588936563516,1.6043857035155547
1771416053763,1.9165338812500763,-1.1110798357699059,1.5616029317739515
1771416053767,1.951950276176992,-1.2342963793558985,1.512158169166293
1771416053772,1.9474499189890166,-1.2092510148562712,1.5265232294463802
1771416053776,1.907124255552037,-1.1426886230590196,1.5268875652275098
1771416053781,1.9370443681378586,-1.2152994065225236,1.5083727114478696
1771416053785,1.962387203538054,-1.2319381264471583,1.5275116985528359
1771416053789,2.1204632656450837,-1.552073945308105,1.4447944245621753
1771416053794,1.9286810515798294,-1.165835099106196,1.5364371514693085
1771416053798,1.9502359110648106,-1.2925643646349865,1.4603757982391194
1771416053803,1.9481108055217944,-1.2424653671593695,1.5004717664788991
1771416053807,1.896610743303462,-1.0341475841808498,1.5898651155827725
1771416053811,1.9616366768855817,-1.2003428318611225,1.5515139503408693
1771416053815,1.9376550652006777,-1.1347437269017728,1.5706252977572077
1771416053820,1.8954726893535279,-1.0484383618108288,1.5791116862237835
1771416053824,1.9496052043136367,-1.2289893017069904,1.5134549048374655
1771416053829,1.928545173448617,-1.1638295555922415,1.5377864778836892
1771416053833,1.9230055028233357,-1.1503156503917757,1.541013974093868
1771416053837,1.9532734772224787,-1.2192633078391069,1.5259994308577027
1771416053842,1.9415969329109617,-1.2042916125907097,1.5229840320019514
1771416053845,1.91631084857437,-1.1504267804544237,1.5325682664002578
1771416053849,1.9181821785016722,-1.1326628935865923,1.5480625437667137
1771416053854,1.9235041170835785,-1.1487300938980112,1.5428179606844559
1771416053858,1.9235041170835785,-1.1487300938980112,1.5428179606844559
1771416053862,1.9239019027986546,-1.1761222325828988,1.5225422902555126
1771416053866,1.9199848573593175,-1.1846337519380674,1.5109549054350417
1771416053870,1.9117409357879203,-1.1306122865608612,1.541580118918538
1771416053875,1.9234731151012232,-1.111164911519207,1.5700513889442334
1771416053880,1.9377271575784907,-1.1715293793014583,1.5434718820408608
1771416053884,1.9533583268981503,-1.2189804907009898,1.5263339466030084
1771416053889,1.93685371849041,-1.1811724288797127,1.5350029381354708
1771416053893,1.966703641461817,-1.2591061638218135,1.510819274951537
1771416053898,1.904217363174889,-1.1059786751758796,1.5501144913434406
1771416053902,1.941523795583125,-1.168320711221399,1.5506583648717178
1771416053907,1.912402304653019,-1.1227048331382208,1.5481655055226682
1771416053912,1.9367006430437772,-1.2189853090498213,1.504953220896547
1771416053917,1.953121673700572,-1.2209261305544048,1.5244748787724816
1771416053921,1.9181821785016722,-1.1326628935865923,1.5480625437667137
1771416053925,1.9886188109998382,-1.3077748407095804,1.4981087215117073
1771416053930,1.9234521600246979,-1.1488390611523793,1.5426720401544185
1771416053934,1.931848405429408,-1.1617447300716461,1.5434984430542533
1771416053938,1.9665473572708203,-1.2964664863705735,1.4786761505166661
1771416053944,1.914458247145025,-1.0976352192778214,1.5685494271659184
1771416053947,1.9320443012970125,-1.159817851120378,1.5451918115226893
1771416053952,1.933928301370697,-1.1027841966203396,1.5886930762507216
1771416053957,1.8906483071115627,-0.9833175890462187,1.614818113676011
1771416053961,1.907057003736568,-1.1433547426875261,1.5263048017596739
1771416053965,1.9046519695982478,-1.1345040358482248,1.5299018654601917
1771416053970,1.934534988650653,-1.2077722833896916,1.5111954651166848
1771416053974,1.9263819939690248,-1.1886053624602064,1.515969946608084
1771416053978,1.9386830991659996,-1.1598529322169588,1.5534585075307312
1771416053983,1.9405040750277232,-1.1797697889794367,1.5406814434563085
1771416053987,1.9343232244099682,-1.1738559257062702,1.5374227142123442
1771416053992,1.9391105906573782,-1.1594584893735678,1.5542862973786942
1771416053996,1.9500124416910258,-1.220928685364679,1.5204873126742862
1771416054000,1.913161250807924,-1.1129122951049413,1.5561530114346702
1771416054004,1.9288739630441287,-1.1956595061065338,1.513589478942901
1771416054009,1.929260678218915,-1.1915648109318782,1.5173068463137525
1771416054012,1.9256707032148346,-1.1602706281079722,1.536873360680654
1771416054017,1.9317158843766296,-1.199569188781981,1.5141202129546794
1771416054021,1.9413633971461766,-1.2061426058464724,1.5212205146331759
1771416054025,1.9212435461973407,-1.0971610956244138,1.5771538587129568
1771416054028,1.9147307326534766,-1.1682367077752527,1.5170421131841259
1771416054033,1.896642473668845,-1.0721398267404902,1.5645347119324478
1771416054037,1.9367492511306132,-1.1458649735633748,1.5614067772734939
1771416054042,1.9655738931914994,-1.272636583292922,1.497957561635344
1771416054046,1.9413330344692126,-1.2425691670850447,1.4915749447248767
1771416054051,1.9000852207282382,-1.1512617494612096,1.5115952600671227
1771416054055,1.9418204888413497,-1.2016982286569533,1.52531576341648
1771416054059,1.930430016518009,-1.1420606191489822,1.556360366644809
1771416054064,1.9330833893574149,-1.1541986100715131,1.5506891883025875
1771416054069,1.9449201226840678,-1.201867023107538,1.529127183195706
1771416054073,1.9535735749712178,-1.256439579067984,1.4959309131698868
1771416054077,1.934534988650653,-1.2077722833896916,1.5111954651166848
1771416054082,1.9110661057254437,-1.1334898288173358,1.538627462519846
1771416054086,1.9067537590174408,-1.0682869320578885,1.579390049456272
1771416054091,1.9307748339041433,-1.1786643875923744,1.5292618221413445
1771416054095,1.9364040017525428,-1.1905486690353464,1.5271720023171675
1771416054099,1.920695246142157,-1.1403619812804227,1.545524111815558
1771416054103,1.9172725948257903,-1.1798543117226257,1.511250477577939
1771416054108,1.9324327454743004,-1.1553613458740468,1.5490114512944873
1771416054112,1.972371494692663,-1.2717436214387026,1.5076198043293751
1771416054117,2.164059163986587,-1.6184920286348679,1.4365359788323144
1771416054121,1.9245570987631557,-1.1317667315162592,1.5566065950755377
1771416054125,1.9686568195759917,-1.2734553758791631,1.501306457358896
1771416054129,1.9364040017525428,-1.1905486690353464,1.5271720023171675
1771416054133,1.939632264347181,-1.1929811351102269,1.5293689326541478
1771416054138,1.939632264347181,-1.1929811351102269,1.5293689326541478
1771416054142,1.929260678218915,-1.1915648109318782,1.5173068463137525
1771416054146,1.9367492511306132,-1.1458649735633748,1.5614067772734939
1771416054150,2.125120413660363,-1.5690862751741455,1.433214929316646
1771416054154,1.912070128127061,-1.0460303958555992,1.6005725806167035
1771416054159,1.9235041170835785,-1.1487300938980112,1.5428179606844559
1771416054163,1.9364040017525428,-1.1905486690353464,1.5271720023171675
1771416054168,1.9324327454743004,-1.1553613458740468,1.5490114512944873
1771416054172,1.9207457839078852,-1.1766070513317237,1.5181766080256878
1771416054177,1.9083592160942644,-1.0930875762482128,1.5642872013488198
1771416054181,1.9274394493889855,-1.1397154596429053,1.5543717387137084
1771416054186,1.9396617653672021,-1.2215235826920126,1.5067076361904723
1771416054190,1.935659573058959,-1.1954544191111278,1.5223884900387505
1771416054195,2.019760222751305,-1.4060808222318466,1.449954509203725
1771416054199,1.9667897360215003,-1.2543188058716703,1.5149079836597963
1771416054204,1.9339122450048083,-1.2146012983027314,1.5049120431244003
1771416054208,1.9368061939226866,-1.1453102588460788,1.5618843247178107
1771416054212,2.1330875845720305,-1.589961433313851,1.4220004514872364
1771416054217,1.952010536610777,-1.2012947730736308,1.5385824655264557
1771416054220,1.9441890328223,-1.21436844063572,1.5182820178525727
1771416054225,1.977815565518352,-1.2779168964519567,1.5095306611557373
1771416054229,1.891294216169396,-1.0565728118692492,1.5686451814653681
1771416054233,1.8887447098185657,-1.0906855869805419,1.5419991988391333
1771416054237,1.9260419009675154,-1.1561411609064585,1.5404463704850055
1771416054242,1.9183181914802923,-1.094296776981458,1.5755821932391252
1771416054245,1.9286810515798294,-1.165835099106196,1.5364371514693085
1771416054250,1.9285020309715553,-1.130830338091688,1.5621596685079449
1771416054254,1.8886467603015762,-1.0503797459508184,1.569614275704045
1771416054259,1.9523063822013853,-1.2663008899655062,1.4859280823972703
1771416054263,1.871494043007158,-0.9438035896510716,1.616083146738753
1771416054267,1.9073413900750018,-1.065398965940575,1.5820481097823775
1771416054271,1.9375222034061392,-1.1411028721840661,1.5658469030480138
1771416054275,1.9366217233664513,-1.2595789793467231,1.4710419756766668
1771416054280,1.9030339418027833,-1.1576246351856025,1.5104447648506847
1771416054284,1.9421028899627355,-1.198644259446241,1.5280757751165948
1771416054288,1.923001882219982,-1.115448148097408,1.5664327843631387
1771416054293,1.929705452685319,-1.1496392468365393,1.549868619030841
1771416054297,1.9263279169332759,-1.1886376649094093,1.5158759003016047
1771416054302,2.215831936003221,-1.6794915581692014,1.445413184750357
1771416054306,1.9533122668384921,-1.2549989903110277,1.4967986992578628
1771416054310,1.958518882423828,-1.2397400068824744,1.5161929059805426
1771416054314,1.8948812857320076,-1.0928072127383137,1.5480140447697832
1771416054318,1.9085069360678752,-1.0893183260047434,1.5670942248790953
1771416054323,1.9218722416502487,-1.1220666090799367,1.5603074818809286
1771416054327,1.929705452685319,-1.1496392468365393,1.549868619030841
1771416054331,1.9163498101443914,-1.1134106727588093,1.559715765332652
1771416054336,1.934622321783576,-1.2068140139618475,1.5120725722162174
1771416054340,1.9260419009675154,-1.1561411609064585,1.5404463704850055
1771416054345,1.928545173448617,-1.1638295555922415,1.5377864778836892
1771416054349,1.934534988650653,-1.2077722833896916,1.5111954651166848
1771416054354,1.9738704604912796,-1.286223351294709,1.4972621966056123
1771416054358,1.9162960729876026,-1.1502205240338046,1.532704598231214
1771416054361,1.9242141969453468,-1.173225546714768,1.525169529023531
1771416054366,1.9439486598688582,-1.1770295913573658,1.5471062449861168
1771416054370,2.122196547728391,-1.567055423206375,1.4311028921044742
1771416054374,1.9304147641988882,-1.178350971466068,1.5290487728918338
1771416054378,1.925937517964014,-1.1568043375798882,1.5398178618452711
1771416054383,1.926399443270672,-1.1838208992431565,1.5197311912139855
1771416054387,1.9206104810522733,-1.1409869708464662,1.5449573949745186
1771416054391,1.9104189782359708,-1.1041150655664091,1.5590479769376744
1771416054396,1.9450675145216716,-1.2040975259268871,1.5275590934900891
1771416054400,1.9573623980194175,-1.2535917935442968,1.5032548594096469
1771416054404,1.9301228176434135,-1.2220630581274259,1.4939665234361825
1771416054409,1.900666438380763,-1.1032318813885524,1.5477119647644033
1771416054414,1.9295774438272673,-1.1885292180478795,1.520087961130364
1771416054418,1.915443543306945,-1.1647059142358394,1.5206525247209903
1771416054421,2.131690008225529,-1.572268819821544,1.4394697111733634
1771416054426,1.9624954620131334,-1.2307997694624222,1.52856807696399
1771416054430,1.9246160698841375,-1.1313520850002616,1.5569808849892228
1771416054434,1.9498141510479157,-1.258509715230964,1.4892711372668113
1771416054438,1.952867188516892,-1.2642609133274048,1.4884000131075068
1771416054443,2.1904124849288187,-1.6616535238035783,1.427170074294999
1771416054448,1.9421209898574725,-1.1935162968922013,1.5321073031278507
1771416054452,1.9364316338554646,-1.2268430636089156,1.4982067847499672
1771416054456,1.9539981515623195,-1.251571884296518,1.500558760844581
1771416054461,1.8984887367404308,-1.0514760254708049,1.5807142851857816
1771416054465,1.9359234838954151,-1.2317401445609608,1.493524673975862
1771416054469,1.9739547183905681,-1.3247722132652362,1.4633782194691551
1771416054483,1.90005120887986,-1.0732386212495972,1.567913727927682
1771416054495,1.9235041170835785,-1.1487300938980112,1.5428179606844559
1771416054503,1.958518882423828,-1.2397400068824744,1.5161929059805426
1771416054507,1.931808103613085,-1.202412088131236,1.511981388609352
1771416054512,1.9302173539381189,-1.110983090867474,1.5784345425928905
1771416054516,1.9185748654814176,-1.1608860584791536,1.5275055069248604
1771416054520,1.91349775015603,-1.1419648337865864,1.535379418335078
1771416054524,1.9000486134754426,-1.0730422066602476,1.5680450109278299
1771416054529,1.948914447406527,-1.2325687532037906,1.5096495593135322
1771416054534,1.9253354372457359,-1.2000213636684474,1.5056112621302848
1771416054538,1.971284557758956,-1.2440113487069688,1.5291823213558253
1771416054543,1.9133250992663142,-1.1880373614586819,1.499793373522081
1771416054546,1.9679108239405119,-1.2045077995395501,1.5562242678452922
1771416054551,1.953006644065365,-1.1864064066497102,1.5513461219289466
1771416054556,1.9569976012488466,-1.2571440848254776,1.4998094416565233
1771416054561,1.9160677198508882,-1.15706391869059,1.5272585226866333
1771416054565,1.931848405429408,-1.1617447300716461,1.5434984430542533
1771416054570,1.9331944266376095,-1.1868689434265882,1.525969463099498
1771416054574,1.9288739630441287,-1.1956595061065338,1.513589478942901
1771416054579,1.9313391783633729,-1.1722242489002965,1.534914112310993
1771416054583,1.9716704356561499,-1.31454660298424,1.4695072423853877
1771416054588,1.929944716811393,-1.1474760948765224,1.551768417527285
1771416054592,1.9165338812500763,-1.1110798357699059,1.5616029317739515
1771416054596,2.110140791849349,-1.5551950434813573,1.4262056437125807
1771416054600,1.9477483066286891,-1.2419463927880234,1.5004308126054138
1771416054605,1.939632264347181,-1.1929811351102269,1.5293689326541478
1771416054609,1.9279217262787853,-1.1705907432203626,1.531861447567818
1771416054613,1.9365417157063305,-1.1889345190927154,1.5286034560933688
1771416054618,1.9052658273595158,-1.090240600467691,1.562502257917021
1771416054622,1.9154867489170146,-1.1228863281731525,1.5518427044254484
1771416054627,1.9497328199479227,-1.227829334417885,1.514560396526006
1771416054631,1.9892654163599033,-1.3395730615962531,1.4706192265067053
1771416054636,1.9428236608483305,-1.1897077875166886,1.5359554542610454
1771416054640,1.9319058755239253,-1.1617788576713897,1.543544686023578
1771416054645,1.922822086160348,-1.1925509537413166,1.5083325222764075
1771416054649,1.9442651030455131,-1.2134434775302836,1.519118730632926
1771416054653,1.9557324148433777,-1.2273345162612586,1.522675035476333
1771416054657,1.8929504724066555,-1.0407084759210956,1.5811980771334662
1771416054661,1.9221244751430175,-1.123464591991613,1.5596120698702416
1771416054665,1.9667897360215003,-1.2543188058716703,1.5149079836597963
1771416054670,1.9205069263450767,-1.1432301582710394,1.5431693553719203
1771416054674,1.9667600142922599,-1.2552880521314174,1.5140663327592363
1771416054678,1.9239019027986546,-1.1761222325828988,1.5225422902555126
1771416054682,1.9491082810635663,-1.1948776737069675,1.5398994889885493
1771416054687,1.9506153208503783,-1.2135640463710904,1.5271419172073204
1771416054691,1.921417988285595,-1.1322680473416356,1.5523582559050675
1771416054695,1.9311560080182266,-1.1738807029096443,1.533416976116168
1771416054699,1.9431015882619787,-1.2233056372365543,1.5096910611815557
1771416054704,1.9574779527379196,-1.2477627252970322,1.5082467029018691
1771416054708,1.9787592223041715,-1.306557639854084,1.4860670219047105
1771416054713,1.9361202998868243,-1.1570299397554504,1.552367074548847
1771416054717,1.9497359467606865,-1.2595332088399405,1.488303180780097
1771416054720,1.9364040017525428,-1.1905486690353464,1.5271720023171675
1771416054725,1.9207457839078852,-1.1766070513317237,1.5181766080256878
1771416054729,1.9017774825457152,-1.01369900240975,1.609090403187899
1771416054733,1.9065659823996282,-1.0718568896990406,1.5767424181673295
1771416054738,1.912402304653019,-1.1227048331382208,1.5481655055226682
1771416054743,1.9242141969453468,-1.173225546714768,1.525169529023531
1771416054747,1.923114010337052,-1.1898055573654922,1.5108706868613373
1771416054751,1.91378850280646,-1.1429332987445138,1.5350211425564066
1771416054756,1.9500374538131628,-1.1874529659564024,1.5468036478220066
1771416054760,1.9178536604057657,-1.1732926841457465,1.517085014118149
1771416054764,1.9557324148433777,-1.2273345162612586,1.522675035476333
1771416054769,1.968224145079191,-1.2418625210974636,1.5269851878673102
1771416054774,1.9642447769908047,-1.2111037386436523,1.546442782057915
1771416054778,1.9728558847660196,-1.2661596312391192,1.5129441927170781
1771416054782,1.934334492776685,-1.1696124017429173,1.5406676343828347
1771416054787,1.929755733908946,-1.149830390939248,1.5497894258985478
1771416054792,1.9657851380086735,-1.2660705371916658,1.5037874197076482
1771416054796,1.9362046336247822,-1.1518638640158507,1.5563091023458517
1771416054800,1.920695246142157,-1.1403619812804227,1.545524111815558
1771416054804,1.9578675237884455,-1.2074756719759054,1.5411838768595507
1771416054808,1.9320327512650046,-1.2001483183061457,1.5140655752072147
1771416054812,1.9549978902609677,-1.240534238378519,1.5109902562013637
1771416054816,1.951950276176992,-1.2342963793558985,1.512158169166293
1771416054820,1.9873693112645445,-1.3255185264108098,1.4807556906856125
1771416054825,1.9605672607637419,-1.2171581710759893,1.5369938095391258
1771416054829,1.9190431198946816,-1.1591672363958987,1.5293978599701936
1771416054834,1.912402304653019,-1.1227048331382208,1.5481655055226682
1771416054838,1.9303947686260567,-1.2145484838739458,1.5004319188348223
1771416054843,1.9496052043136367,-1.2289893017069904,1.5134549048374655
1771416054847,1.952158461203755,-1.2358230024867243,1.5111797259671367
1771416054850,1.9368209485764036,-1.1820384574733112,1.5342947799880293
1771416054854,1.9467826528969152,-1.2209339226190823,1.5163387003629274
1771416054859,1.913161250807924,-1.1129122951049413,1.5561530114346702
1771416054864,1.9612285440989903,-1.24117478241389,1.51851985883902
1771416054868,1.8819363889609506,-1.0553291775786868,1.5581928311497506
1771416054872,1.963660075810018,-1.2173405073572419,1.5407929719717113
1771416054877,1.930601340876013,-1.216232090865598,1.4993335314535439
1771416054880,1.9636609444643611,-1.253493778382515,1.511528250603009
1771416054885,1.927033550950078,-1.1813260794260374,1.5224739736872923
1771416054889,1.9352121088686804,-1.1639522841294252,1.5460468901627336
1771416054893,1.96307265837208,-1.2605323144238625,1.504896191217602
1771416054898,1.9181013668970825,-1.1719023101589379,1.5184722022930155
1771416054902,1.9382237850486015,-1.2019206436416965,1.5205585182149541
1771416054906,1.923282803502591,-1.1469650981985255,1.5438548525568176
1771416054911,1.9119900993645915,-1.0894939848468312,1.5712125881149226
1771416054916,2.114791817553614,-1.5399251360707658,1.4494740449173802
1771416054920,1.934622321783576,-1.2068140139618475,1.5120725722162174
1771416054925,1.946708006714724,-1.221809458294311,1.515537433067813
1771416054930,1.9302645574702373,-1.2198715409087213,1.4959393990087813
1771416054933,1.9657678680234767,-1.2703354312337427,1.500163725433243
1771416054937,1.9398412787368515,-1.223547307655644,1.5052960415214172
1771416054942,1.9618164071806794,-1.2392982438272748,1.5208101388174466
1771416054946,1.953121673700572,-1.2209261305544048,1.5244748787724816
1771416054950,1.970006118426938,-1.221963881587025,1.54522761389264
1771416054955,1.9477483066286891,-1.2419463927880234,1.5004308126054138
1771416054958,1.9312924326298222,-1.204979974538046,1.5092758930346386
1771416054963,1.9583591238612539,-1.2012049067044108,1.5466988168741402
1771416054967,1.9286810515798294,-1.165835099106196,1.5364371514693085
1771416054972,1.9052658273595158,-1.090240600467691,1.562502257917021
1771416054976,1.9364095607517553,-1.1868762508186497,1.53003488594655
1771416054981,1.9502707092821974,-1.2173516729369744,1.523683282011598
1771416054985,1.9313605861866567,-1.130137842703798,1.5661871441063715
1771416054989,1.9408686957385712,-1.2124965026159111,1.515527474261726
1771416054993,1.9612285440989903,-1.24117478241389,1.51851985883902
1771416054997,1.9439413469005478,-1.1764310646309102,1.5475522318684105
1771416055001,1.9405341880284233,-1.1800127067512334,1.5405333319382477
1771416055006,1.9055732891986157,-1.124676448430444,1.5382823040174107
1771416055010,1.9545140819528248,-1.2090001407327347,1.5357226169657467
1771416055015,1.9234731151012232,-1.111164911519207,1.5700513889442334
1771416055020,1.9134716361031565,-1.1461464833105366,1.5322277705896667
1771416055023,1.9154867489170146,-1.1228863281731525,1.5518427044254484
1771416055028,1.9422257901729418,-1.1962934747475251,1.5300728552227179
1771416055031,1.943922646256837,-1.2131716648981485,1.518897549579444
1771416055035,1.9341036672524863,-1.1805789580645307,1.5319890076155191
1771416055040,1.9111508914621413,-1.1326790155108468,1.5393297170385285
1771416055044,1.9617216036836531,-1.2035982808936698,1.5490974238533115
1771416055049,1.9066039771005387,-1.1484473662689025,1.5219091209417246
1771416055053,2.1195498003505477,-1.555692242876998,1.439553056201258
1771416055058,1.9559922722601506,-1.2284456567240802,1.5221126888693788
1771416055062,1.9130797813021705,-1.1140729440895307,1.5552220821718181
1771416055066,1.9364316338554646,-1.2268430636089156,1.4982067847499672
1771416055071,1.9659704286757187,-1.2988904424525343,1.4757788943242307
1771416055075,1.8837703086281419,-1.0334589456262315,1.574977200906122
1771416055080,1.908403438636101,-1.1683371167408336,1.5089705319335465
1771416055084,1.9390305087994968,-1.2291932382068136,1.4996410561203914
1771416055089,1.9506153208503783,-1.2135640463710904,1.5271419172073204
1771416055093,1.9289413553097488,-1.121394135036023,1.5694871602313352
1771416055097,1.927033550950078,-1.1813260794260374,1.5224739736872923
1771416055102,1.8978533457581963,-1.0961717363083243,1.5492755876616573
1771416055106,1.9193565653949727,-1.1145832811410483,1.5625727933525657
1771416055110,1.910385438940802,-1.1411906529519684,1.5320758528650273
1771416055114,1.9824221227686258,-1.3050008165184692,1.4923037029132487
1771416055119,1.9456431714936,-1.1940919661422749,1.5361223021537542
1771416055123,1.9449201226840678,-1.201867023107538,1.529127183195706
1771416055128,1.9193565653949727,-1.1145832811410483,1.5625727933525657
1771416055133,1.953121673700572,-1.2209261305544048,1.5244748787724816
1771416055137,1.9891579823102519,-1.3409793616347934,1.4691915566930454
1771416055142,1.9083776632880445,-1.1285579347390746,1.5389159475664067
1771416055146,1.9121929605338726,-1.1243799912686618,1.5466905164091425
1771416055150,1.920695246142157,-1.1403619812804227,1.545524111815558
1771416055154,1.9090454292606989,-1.0829289304445018,1.572170277860351
1771416055159,1.935659573058959,-1.1954544191111278,1.5223884900387505
1771416055162,1.9383943558130856,-1.2045117150144025,1.518724532968731
1771416055167,1.9213638122073513,-1.2089021739734938,1.4933835517448715
1771416055171,1.9367492511306132,-1.1458649735633748,1.5614067772734939
1771416055176,1.9137397642800862,-1.1019488870517598,1.5646432614855657
1771416055180,1.93709306842809,-1.214629774228599,1.5089745085022264
1771416055184,1.990340961074992,-1.3628138889237376,1.4505845185612183
1771416055189,1.947629282603206,-1.2110799110558779,1.5253016985142205
1771416055193,1.957742447441433,-1.2494032221319258,1.50723159436111
1771416055198,1.9588700213813686,-1.195077770820771,1.5520827562848252
1771416055202,2.149753357940907,-1.5928400822931401,1.4437104876735467
1771416055206,1.938972433919201,-1.1972721533467594,1.525173265671466
1771416055210,1.9545930845936452,-1.2443227456179429,1.5073470174711348
1771416055215,1.9151225382862112,-1.131126732048348,1.54539530628815
1771416055219,1.9212435461973407,-1.0971610956244138,1.5771538587129568
1771416055224,1.9441290185669677,-1.2148781742024448,1.5177973061910128
1771416055229,1.8933671825033047,-1.0354838916181448,1.5851222028537246
1771416055233,1.9696079618164477,-1.2947304324848872,1.4842602974034704
1771416055238,1.899282333278093,-1.0015627224691594,1.6137365009388747
1771416055242,1.953121673700572,-1.2209261305544048,1.5244748787724816
1771416055246,1.9229035455111565,-1.1922891534998792,1.508643304358561
1771416055251,1.9181013668970825,-1.1719023101589379,1.5184722022930155
1771416055256,1.912649149445203,-1.1196656628922697,1.5506693948786996
1771416055260,1.9256824036719802,-1.196742283466702,1.5086618662824347
1771416055264,1.968891076240535,-1.2301343080347158,1.5373033709374226
1771416055268,1.951950276176992,-1.2342963793558985,1.512158169166293
1771416055273,1.9837223730891957,-1.3304787902043076,1.4713873189310531
1771416055277,1.929944716811393,-1.1474760948765224,1.551768417527285
1771416055281,1.9304147641988882,-1.178350971466068,1.5290487728918338
1771416055286,1.9246364580679705,-1.1312308645855411,1.5570941611647868
1771416055290,1.9506153208503783,-1.2135640463710904,1.5271419172073204
1771416055295,1.9181476085316163,-1.2444255772756672,1.4596901146262795
1771416055299,1.903096595463961,-1.1523193385563328,1.5145747897200765
1771416055303,1.943922646256837,-1.2131716648981485,1.518897549579444
1771416055307,1.9414035887250403,-1.2059491011727301,1.52142520673714
1771416055313,1.9084388747882841,-1.0519303961677826,1.5923508973908558
1771416055317,2.1785754830865853,-1.6457970991882447,1.4274253198712386
1771416055321,2.102212056946945,-1.5298842217457969,1.4417870163191109
1771416055325,1.940255242267295,-1.1789595031954896,1.5409882851503978
1771416055329,1.93715036233028,-1.1782758127255641,1.5376012602174356
1771416055334,1.929944716811393,-1.1474760948765224,1.551768417527285
1771416055338,1.9472487058720953,-1.2122007175408687,1.523924848184435
1771416055342,1.92407589503231,-1.1749105884502329,1.5236972005591902
1771416055347,1.9286810515798294,-1.165835099106196,1.5364371514693085
1771416055351,1.9386830991659996,-1.1598529322169588,1.5534585075307312
1771416055356,1.9430797906992612,-1.1870414185533622,1.5383405811661819
1771416055360,1.9194608533961983,-1.113260483652906,1.5636435217968832
1771416055365,1.90005120887986,-1.0732386212495972,1.567913727927682
1771416055369,1.953298814651068,-1.260653400028168,1.4920218712588253
1771416055373,1.920695246142157,-1.1403619812804227,1.545524111815558
1771416055377,1.9403974640219455,-1.1399958132672892,1.5702075863133031
1771416055381,1.951187049152104,-1.170375027512179,1.5612024839061591
1771416055386,1.910385438940802,-1.1411906529519684,1.5320758528650273
1771416055390,1.9365298163820173,-1.2215790459771616,1.5026284850774316
1771416055394,1.95216871706496,-1.2360001970258703,1.5110480511350595
1771416055399,1.9584789713606015,-1.2362936753651916,1.5189528727099157
1771416055403,1.9215369459936473,-1.1669872028873889,1.5265795436581946
1771416055407,1.9588441496477058,-1.2362725374656425,1.51944088918171
1771416055411,1.9070832601457008,-1.1429469523991063,1.526642992034991
1771416055415,1.9484976560888247,-1.2018417676623916,1.5336947158042182
1771416055420,1.9396094842446927,-1.1859291396509193,1.5348149813898722
1771416055424,1.8886467603015762,-1.0503797459508184,1.569614275704045
1771416055428,1.9313391783633729,-1.1722242489002965,1.534914112310993
1771416055432,1.910492842815173,-1.107813658511897,1.5565127048830947
1771416055436,1.927033550950078,-1.1813260794260374,1.5224739736872923
1771416055441,1.9420132211286534,-1.162448005799604,1.5556766967628626
1771416055445,1.9122566853964234,-1.160290229769094,1.5200171754114158
1771416055450,1.9165338812500763,-1.1110798357699059,1.5616029317739515
1771416055454,1.8990076268953153,-1.0813110583505594,1.561088198051401
1771416055459,1.9375712350954675,-1.1730097607051833,1.5421512222735305
1771416055464,1.9724183786752638,-1.2667665316714893,1.5118653428043591
1771416055468,1.9377271575784907,-1.1715293793014583,1.5434718820408608
1771416055473,1.968224145079191,-1.2418625210974636,1.5269851878673102
1771416055477,2.0725096798926246,-1.4866994505259616,1.443960220038777
1771416055482,1.916164896458808,-1.1146646699231635,1.5585925009591444
1771416055486,2.1244997504534378,-1.5753371427233243,1.4254164571917334
1771416055490,1.9331175053417378,-1.223638435324019,1.4965467814460227
1771416055495,1.9154103961746096,-1.1238821804531025,1.5510273467072573
1771416055498,1.917905480158922,-1.1315573440052815,1.5485281424796056
1771416055502,1.9336380896773762,-1.1818290643651217,1.5304366450373024
1771416055507,1.914458247145025,-1.0976352192778214,1.5685494271659184
1771416055512,1.9303947686260567,-1.2145484838739458,1.5004319188348223
1771416055516,1.9304147641988882,-1.178350971466068,1.5290487728918338
1771416055521,1.9500124416910258,-1.220928685364679,1.5204873126742862
1771416055525,1.9215369459936473,-1.1669872028873889,1.5265795436581946
1771416055530,1.9060979947289185,-1.1176628750641358,1.5440334397975242
1771416055533,1.9648803106847261,-1.279911930253616,1.49083201136512
1771416055537,1.9192593286049844,-1.1236982843742607,1.5559108381046771
1771416055542,1.9020960497918495,-1.0442845744733438,1.589792159419207
1771416055546,2.164059163986587,-1.6184920286348679,1.4365359788323144
1771416055551,2.229834195563362,-1.707054161151965,1.4346172418444811
1771416055555,1.9418277219442217,-1.2374131241285924,1.4964971306171633
1771416055559,1.923001882219982,-1.115448148097408,1.5664327843631387
1771416055564,1.9163498101443914,-1.1134106727588093,1.559715765332652
1771416055568,1.9411643107853165,-1.1719229904242776,1.5474867967067283
1771416055573,1.9443552424362902,-1.244698577959684,1.4937345007780416
1771416055576,1.9250393792095675,-1.2451451253429773,1.4681247318747064
1771416055581,1.952521943243827,-1.2326066288016908,1.5142730392775212
1771416055585,1.928545173448617,-1.1638295555922415,1.5377864778836892
1771416055590,1.9484976560888247,-1.2018417676623916,1.5336947158042182
1771416055594,1.8988202007510377,-1.124489996448796,1.5300458825364676
1771416055599,1.929260678218915,-1.1915648109318782,1.5173068463137525
1771416055603,1.8997845507071172,-1.113539203843325,1.5392244087882108
1771416055608,1.8957787895526665,-1.083227684981154,1.555826147552529
1771416055612,1.918244400465102,-1.1319285748035208,1.5486766226230022
1771416055616,1.9347251661003635,-1.1696177133085148,1.5411540718101613
1771416055621,1.9163043395064343,-1.1185684960915385,1.5559649228574228
1771416055624,1.9235041170835785,-1.1487300938980112,1.5428179606844559
1771416055629,1.946904928605732,-1.2555135639697228,1.4879934447830525
1771416055633,1.91706492670306,-1.1042737935516596,1.567072851551591
